iso3,country,variant,year,basis,currency,tr_lcu_mn,te_lcu_mn,nlb_lcu_mn,ni_lcu_mn,pb_lcu_mn,b9_anchor_lcu_mn,gdp_lcu_mn,tr_pct_gdp,te_pct_gdp,nlb_pct_gdp,ni_pct_gdp,pb_pct_gdp,identity_check_lcu_mn,complete_both_sides,source_id,derivation
DEU,Germany,maximum_extension,1995,actual,EUR,870238.0,1049528.0,-179290.0,55400.0,-123890.0,-179290.0,1899930.0,45.803687504276475,55.240350960298535,-9.436663456022064,2.915896901464791,-6.520766554557273,0.0,True,EUROSTAT_GOV10A_MAIN,"TR and TE as published by EUROSTAT_GOV10A_MAIN; NLB = TR - TE (B.9, cross-checked against the anchor's own B.9 in b9_anchor_lcu_mn); NI = GF01_7 - R07 from the two trees; PB = NLB + NI. Outturn years only: the ledger is never built from partially covered forecast lines (§4.3)."
DEU,Germany,maximum_extension,1996,actual,EUR,885563.0,955732.0,-70169.0,56112.0,-14057.0,-70169.0,1928560.0,45.9183535902435,49.556767743808855,-3.6384141535653542,2.909528352760609,-0.7288858008047455,0.0,True,EUROSTAT_GOV10A_MAIN,"TR and TE as published by EUROSTAT_GOV10A_MAIN; NLB = TR - TE (B.9, cross-checked against the anchor's own B.9 in b9_anchor_lcu_mn); NI = GF01_7 - R07 from the two trees; PB = NLB + NI. Outturn years only: the ledger is never built from partially covered forecast lines (§4.3)."
DEU,Germany,maximum_extension,1997,actual,EUR,899509.0,959060.0,-59551.0,57367.0,-2184.0,-59551.0,1967180.0,45.72581055114428,48.753037342795274,-3.027226791650993,2.916204922782867,-0.11102186886812594,0.0,True,EUROSTAT_GOV10A_MAIN,"TR and TE as published by EUROSTAT_GOV10A_MAIN; NLB = TR - TE (B.9, cross-checked against the anchor's own B.9 in b9_anchor_lcu_mn); NI = GF01_7 - R07 from the two trees; PB = NLB + NI. Outturn years only: the ledger is never built from partially covered forecast lines (§4.3)."
DEU,Germany,maximum_extension,1998,actual,EUR,923010.0,976592.0,-53582.0,59737.0,6155.0,-53582.0,2022310.0,45.641370511939314,48.29091484490508,-2.649544332965767,2.953899253823598,0.3043549208578309,0.0,True,EUROSTAT_GOV10A_MAIN,"TR and TE as published by EUROSTAT_GOV10A_MAIN; NLB = TR - TE (B.9, cross-checked against the anchor's own B.9 in b9_anchor_lcu_mn); NI = GF01_7 - R07 from the two trees; PB = NLB + NI. Outturn years only: the ledger is never built from partially covered forecast lines (§4.3)."
DEU,Germany,maximum_extension,1999,actual,EUR,968416.0,1007187.0,-38771.0,56260.0,17489.0,-38771.0,2077240.0,46.62032312106449,48.48679016387129,-1.8664670428068013,2.7084015328031428,0.8419344899963414,0.0,True,EUROSTAT_GOV10A_MAIN,"TR and TE as published by EUROSTAT_GOV10A_MAIN; NLB = TR - TE (B.9, cross-checked against the anchor's own B.9 in b9_anchor_lcu_mn); NI = GF01_7 - R07 from the two trees; PB = NLB + NI. Outturn years only: the ledger is never built from partially covered forecast lines (§4.3)."
DEU,Germany,maximum_extension,2000,actual,EUR,986936.0,1023445.0,-36509.0,61933.0,25424.0,-36509.0,2129660.0,46.34242085591127,48.0567320605167,-1.71431120460543,2.9081167885953625,1.1938055839899326,0.0,True,EUROSTAT_GOV10A_MAIN,"TR and TE as published by EUROSTAT_GOV10A_MAIN; NLB = TR - TE (B.9, cross-checked against the anchor's own B.9 in b9_anchor_lcu_mn); NI = GF01_7 - R07 from the two trees; PB = NLB + NI. Outturn years only: the ledger is never built from partially covered forecast lines (§4.3)."
DEU,Germany,maximum_extension,2001,actual,EUR,977627.0,1046229.0,-68602.0,59975.0,-8627.0,-68602.0,2195530.0,44.528063838799746,47.65268522862361,-3.1246213898238695,2.731686654247494,-0.39293473557637565,0.0,True,EUROSTAT_GOV10A_MAIN,"TR and TE as published by EUROSTAT_GOV10A_MAIN; NLB = TR - TE (B.9, cross-checked against the anchor's own B.9 in b9_anchor_lcu_mn); NI = GF01_7 - R07 from the two trees; PB = NLB + NI. Outturn years only: the ledger is never built from partially covered forecast lines (§4.3)."
DEU,Germany,maximum_extension,2002,actual,EUR,981788.0,1072638.0,-90850.0,61344.0,-29506.0,-90850.0,2223360.0,44.15785118019574,48.24400906735751,-4.086157887161773,2.7590673575129534,-1.3270905296488198,0.0,True,EUROSTAT_GOV10A_MAIN,"TR and TE as published by EUROSTAT_GOV10A_MAIN; NLB = TR - TE (B.9, cross-checked against the anchor's own B.9 in b9_anchor_lcu_mn); NI = GF01_7 - R07 from the two trees; PB = NLB + NI. Outturn years only: the ledger is never built from partially covered forecast lines (§4.3)."
DEU,Germany,maximum_extension,2003,actual,EUR,1001289.0,1087101.0,-85812.0,60854.0,-24958.0,-85812.0,2240810.0,44.684243644039434,48.51375172370705,-3.82950807966762,2.715714406843954,-1.1137936728236664,0.0,True,EUROSTAT_GOV10A_MAIN,"TR and TE as published by EUROSTAT_GOV10A_MAIN; NLB = TR - TE (B.9, cross-checked against the anchor's own B.9 in b9_anchor_lcu_mn); NI = GF01_7 - R07 from the two trees; PB = NLB + NI. Outturn years only: the ledger is never built from partially covered forecast lines (§4.3)."
DEU,Germany,maximum_extension,2004,actual,EUR,998635.0,1077080.0,-78445.0,60137.0,-18308.0,-78445.0,2293040.0,43.55070125248578,46.97170568328507,-3.421004430799288,2.62258835432439,-0.798416076474898,0.0,True,EUROSTAT_GOV10A_MAIN,"TR and TE as published by EUROSTAT_GOV10A_MAIN; NLB = TR - TE (B.9, cross-checked against the anchor's own B.9 in b9_anchor_lcu_mn); NI = GF01_7 - R07 from the two trees; PB = NLB + NI. Outturn years only: the ledger is never built from partially covered forecast lines (§4.3)."
DEU,Germany,maximum_extension,2005,actual,EUR,1011597.0,1089993.0,-78396.0,58951.0,-19445.0,-78396.0,2325710.0,43.496265656509195,46.867107248969134,-3.370841592459937,2.5347528281686023,-0.8360887642913347,0.0,True,EUROSTAT_GOV10A_MAIN,"TR and TE as published by EUROSTAT_GOV10A_MAIN; NLB = TR - TE (B.9, cross-checked against the anchor's own B.9 in b9_anchor_lcu_mn); NI = GF01_7 - R07 from the two trees; PB = NLB + NI. Outturn years only: the ledger is never built from partially covered forecast lines (§4.3)."
DEU,Germany,maximum_extension,2006,actual,EUR,1056690.0,1099274.0,-42584.0,58925.0,16341.0,-42584.0,2426180.0,43.553652243444425,45.30883941010148,-1.7551871666570493,2.4287150994567592,0.6735279327997098,0.0,True,EUROSTAT_GOV10A_MAIN,"TR and TE as published by EUROSTAT_GOV10A_MAIN; NLB = TR - TE (B.9, cross-checked against the anchor's own B.9 in b9_anchor_lcu_mn); NI = GF01_7 - R07 from the two trees; PB = NLB + NI. Outturn years only: the ledger is never built from partially covered forecast lines (§4.3)."
DEU,Germany,maximum_extension,2007,actual,EUR,1110816.0,1106879.0,3937.0,61450.0,65387.0,3937.0,2542220.0,43.694723509373695,43.53985886351299,0.15486464586070442,2.4171786863450055,2.57204333220571,0.0,True,EUROSTAT_GOV10A_MAIN,"TR and TE as published by EUROSTAT_GOV10A_MAIN; NLB = TR - TE (B.9, cross-checked against the anchor's own B.9 in b9_anchor_lcu_mn); NI = GF01_7 - R07 from the two trees; PB = NLB + NI. Outturn years only: the ledger is never built from partially covered forecast lines (§4.3)."
DEU,Germany,maximum_extension,2008,actual,EUR,1143471.0,1150280.0,-6809.0,60972.0,54163.0,-6809.0,2589280.0,44.16173608107273,44.42470493727986,-0.26296885620713095,2.3547858864240254,2.091817030216894,0.0,True,EUROSTAT_GOV10A_MAIN,"TR and TE as published by EUROSTAT_GOV10A_MAIN; NLB = TR - TE (B.9, cross-checked against the anchor's own B.9 in b9_anchor_lcu_mn); NI = GF01_7 - R07 from the two trees; PB = NLB + NI. Outturn years only: the ledger is never built from partially covered forecast lines (§4.3)."
DEU,Germany,maximum_extension,2009,actual,EUR,1125612.0,1204819.0,-79207.0,59349.0,-19858.0,-79207.0,2493970.0,45.13334161998741,48.30928198815543,-3.175940368168021,2.3796998360044426,-0.7962405321635786,0.0,True,EUROSTAT_GOV10A_MAIN,"TR and TE as published by EUROSTAT_GOV10A_MAIN; NLB = TR - TE (B.9, cross-checked against the anchor's own B.9 in b9_anchor_lcu_mn); NI = GF01_7 - R07 from the two trees; PB = NLB + NI. Outturn years only: the ledger is never built from partially covered forecast lines (§4.3)."
DEU,Germany,maximum_extension,2010,actual,EUR,1143087.0,1258707.0,-115620.0,56345.0,-59275.0,-115620.0,2615260.0,43.708350221392905,48.12932557374793,-4.420975352355024,2.1544703012319997,-2.266505051123024,0.0,True,EUROSTAT_GOV10A_MAIN,"TR and TE as published by EUROSTAT_GOV10A_MAIN; NLB = TR - TE (B.9, cross-checked against the anchor's own B.9 in b9_anchor_lcu_mn); NI = GF01_7 - R07 from the two trees; PB = NLB + NI. Outturn years only: the ledger is never built from partially covered forecast lines (§4.3)."
DEU,Germany,maximum_extension,2011,actual,EUR,1220989.0,1244063.0,-23074.0,55985.0,32911.0,-23074.0,2747210.0,44.44469115939444,45.28459782834221,-0.8399066689477688,2.03788570950164,1.197979040553871,0.0,True,EUROSTAT_GOV10A_MAIN,"TR and TE as published by EUROSTAT_GOV10A_MAIN; NLB = TR - TE (B.9, cross-checked against the anchor's own B.9 in b9_anchor_lcu_mn); NI = GF01_7 - R07 from the two trees; PB = NLB + NI. Outturn years only: the ledger is never built from partially covered forecast lines (§4.3)."
DEU,Germany,maximum_extension,2012,actual,EUR,1260986.0,1262507.0,-1521.0,52413.0,50892.0,-1521.0,2800680.0,45.02427981775855,45.07858805718611,-0.054308239427567594,1.8714383649685076,1.81713012554094,0.0,True,EUROSTAT_GOV10A_MAIN,"TR and TE as published by EUROSTAT_GOV10A_MAIN; NLB = TR - TE (B.9, cross-checked against the anchor's own B.9 in b9_anchor_lcu_mn); NI = GF01_7 - R07 from the two trees; PB = NLB + NI. Outturn years only: the ledger is never built from partially covered forecast lines (§4.3)."
DEU,Germany,maximum_extension,2013,actual,EUR,1298112.0,1294600.0,3512.0,42034.0,45546.0,3512.0,2869480.0,45.23857981237018,45.11618829892524,0.12239151344494473,1.4648647141642388,1.5872562276091835,0.0,True,EUROSTAT_GOV10A_MAIN,"TR and TE as published by EUROSTAT_GOV10A_MAIN; NLB = TR - TE (B.9, cross-checked against the anchor's own B.9 in b9_anchor_lcu_mn); NI = GF01_7 - R07 from the two trees; PB = NLB + NI. Outturn years only: the ledger is never built from partially covered forecast lines (§4.3)."
DEU,Germany,maximum_extension,2014,actual,EUR,1350164.0,1328332.0,21832.0,38178.0,60010.0,21832.0,2988470.0,45.17910502698705,44.44856398089993,0.7305410460871282,1.2775098963683758,2.008050942455504,0.0,True,EUROSTAT_GOV10A_MAIN,"TR and TE as published by EUROSTAT_GOV10A_MAIN; NLB = TR - TE (B.9, cross-checked against the anchor's own B.9 in b9_anchor_lcu_mn); NI = GF01_7 - R07 from the two trees; PB = NLB + NI. Outturn years only: the ledger is never built from partially covered forecast lines (§4.3)."
DEU,Germany,maximum_extension,2015,actual,EUR,1401532.0,1373293.0,28239.0,34709.0,62948.0,28239.0,3094190.0,45.29560240321376,44.382956444174404,0.9126459590393609,1.1217475332801152,2.034393492319476,0.0,True,EUROSTAT_GOV10A_MAIN,"TR and TE as published by EUROSTAT_GOV10A_MAIN; NLB = TR - TE (B.9, cross-checked against the anchor's own B.9 in b9_anchor_lcu_mn); NI = GF01_7 - R07 from the two trees; PB = NLB + NI. Outturn years only: the ledger is never built from partially covered forecast lines (§4.3)."
DEU,Germany,maximum_extension,2016,actual,EUR,1465493.0,1429256.0,36237.0,30823.0,67060.0,36237.0,3204870.0,45.7270653723864,44.596379884363486,1.1306854880229151,0.9617550789891633,2.0924405670120785,0.0,True,EUROSTAT_GOV10A_MAIN,"TR and TE as published by EUROSTAT_GOV10A_MAIN; NLB = TR - TE (B.9, cross-checked against the anchor's own B.9 in b9_anchor_lcu_mn); NI = GF01_7 - R07 from the two trees; PB = NLB + NI. Outturn years only: the ledger is never built from partially covered forecast lines (§4.3)."
DEU,Germany,maximum_extension,2017,actual,EUR,1529123.0,1484552.0,44571.0,28577.0,73148.0,44571.0,3345860.0,45.701942101582254,44.36981822311753,1.3321238784647296,0.8541002911060236,2.186224169570753,0.0,True,EUROSTAT_GOV10A_MAIN,"TR and TE as published by EUROSTAT_GOV10A_MAIN; NLB = TR - TE (B.9, cross-checked against the anchor's own B.9 in b9_anchor_lcu_mn); NI = GF01_7 - R07 from the two trees; PB = NLB + NI. Outturn years only: the ledger is never built from partially covered forecast lines (§4.3)."
DEU,Germany,maximum_extension,2018,actual,EUR,1597995.0,1533328.0,64667.0,25550.0,90217.0,64667.0,3450580.0,46.310910049904656,44.43681931733216,1.8740907325724951,0.7404552278167729,2.614545960389268,0.0,True,EUROSTAT_GOV10A_MAIN,"TR and TE as published by EUROSTAT_GOV10A_MAIN; NLB = TR - TE (B.9, cross-checked against the anchor's own B.9 in b9_anchor_lcu_mn); NI = GF01_7 - R07 from the two trees; PB = NLB + NI. Outturn years only: the ledger is never built from partially covered forecast lines (§4.3)."
DEU,Germany,maximum_extension,2019,actual,EUR,1657564.0,1610615.0,46949.0,21747.0,68696.0,46949.0,3557630.0,46.59180409429873,45.272133414660885,1.3196706796378488,0.6112777326478582,1.930948412285707,0.0,True,EUROSTAT_GOV10A_MAIN,"TR and TE as published by EUROSTAT_GOV10A_MAIN; NLB = TR - TE (B.9, cross-checked against the anchor's own B.9 in b9_anchor_lcu_mn); NI = GF01_7 - R07 from the two trees; PB = NLB + NI. Outturn years only: the ledger is never built from partially covered forecast lines (§4.3)."
DEU,Germany,maximum_extension,2020,actual,EUR,1612653.0,1763784.0,-151131.0,18120.0,-133011.0,-151131.0,3477670.0,46.37165113423643,50.717405619279575,-4.345754485043146,0.521038511417127,-3.8247159736260197,0.0,True,EUROSTAT_GOV10A_MAIN,"TR and TE as published by EUROSTAT_GOV10A_MAIN; NLB = TR - TE (B.9, cross-checked against the anchor's own B.9 in b9_anchor_lcu_mn); NI = GF01_7 - R07 from the two trees; PB = NLB + NI. Outturn years only: the ledger is never built from partially covered forecast lines (§4.3)."
DEU,Germany,maximum_extension,2021,actual,EUR,1749189.0,1865819.0,-116630.0,17377.0,-99253.0,-116630.0,3713090.0,47.108715382605865,50.24976502050853,-3.1410496379026633,0.4679929654277165,-2.6730566724749467,0.0,True,EUROSTAT_GOV10A_MAIN,"TR and TE as published by EUROSTAT_GOV10A_MAIN; NLB = TR - TE (B.9, cross-checked against the anchor's own B.9 in b9_anchor_lcu_mn); NI = GF01_7 - R07 from the two trees; PB = NLB + NI. Outturn years only: the ledger is never built from partially covered forecast lines (§4.3)."
DEU,Germany,maximum_extension,2022,actual,EUR,1863070.0,1939208.0,-76138.0,22139.0,-53999.0,-76138.0,4010630.0,46.453300354308425,48.351705343050845,-1.898404988742417,0.5520080386373213,-1.3463969501050956,0.0,True,EUROSTAT_GOV10A_MAIN,"TR and TE as published by EUROSTAT_GOV10A_MAIN; NLB = TR - TE (B.9, cross-checked against the anchor's own B.9 in b9_anchor_lcu_mn); NI = GF01_7 - R07 from the two trees; PB = NLB + NI. Outturn years only: the ledger is never built from partially covered forecast lines (§4.3)."
DEU,Germany,maximum_extension,2023,actual,EUR,1926184.0,2031433.0,-105249.0,20661.0,-84588.0,-105249.0,4254930.0,45.26946389247297,47.743041601154424,-2.473577708681459,0.4855779060995128,-1.987999802581946,0.0,True,EUROSTAT_GOV10A_MAIN,"TR and TE as published by EUROSTAT_GOV10A_MAIN; NLB = TR - TE (B.9, cross-checked against the anchor's own B.9 in b9_anchor_lcu_mn); NI = GF01_7 - R07 from the two trees; PB = NLB + NI. Outturn years only: the ledger is never built from partially covered forecast lines (§4.3)."
DEU,Germany,maximum_extension,2024,actual,EUR,2024422.0,2139717.0,-115295.0,27732.0,-87563.0,-115295.0,4386940.0,46.1465622962703,48.774704007804985,-2.6281417115346914,0.6321490606208428,-1.9959926509138488,0.0,True,EUROSTAT_GOV10A_MAIN,"TR and TE as published by EUROSTAT_GOV10A_MAIN; NLB = TR - TE (B.9, cross-checked against the anchor's own B.9 in b9_anchor_lcu_mn); NI = GF01_7 - R07 from the two trees; PB = NLB + NI. Outturn years only: the ledger is never built from partially covered forecast lines (§4.3)."
DEU,Germany,maximum_extension,2025,actual,EUR,2140194.0,2259341.0,-119147.0,,,-119147.0,4469910.0,47.88002443002208,50.54555908284507,-2.6655346528229873,,,0.0,False,EUROSTAT_GOV10A_MAIN,"TR and TE as published by EUROSTAT_GOV10A_MAIN; NLB = TR - TE (B.9, cross-checked against the anchor's own B.9 in b9_anchor_lcu_mn); NI = GF01_7 - R07 from the two trees; PB = NLB + NI. Outturn years only: the ledger is never built from partially covered forecast lines (§4.3)."
DEU,Germany,strict,1995,actual,EUR,870238.0,1049528.0,-179290.0,55400.0,-123890.0,-179290.0,1899930.0,45.803687504276475,55.240350960298535,-9.436663456022064,2.915896901464791,-6.520766554557273,0.0,True,EUROSTAT_GOV10A_MAIN,"TR and TE as published by EUROSTAT_GOV10A_MAIN; NLB = TR - TE (B.9, cross-checked against the anchor's own B.9 in b9_anchor_lcu_mn); NI = GF01_7 - R07 from the two trees; PB = NLB + NI. Outturn years only: the ledger is never built from partially covered forecast lines (§4.3)."
DEU,Germany,strict,1996,actual,EUR,885563.0,955732.0,-70169.0,56112.0,-14057.0,-70169.0,1928560.0,45.9183535902435,49.556767743808855,-3.6384141535653542,2.909528352760609,-0.7288858008047455,0.0,True,EUROSTAT_GOV10A_MAIN,"TR and TE as published by EUROSTAT_GOV10A_MAIN; NLB = TR - TE (B.9, cross-checked against the anchor's own B.9 in b9_anchor_lcu_mn); NI = GF01_7 - R07 from the two trees; PB = NLB + NI. Outturn years only: the ledger is never built from partially covered forecast lines (§4.3)."
DEU,Germany,strict,1997,actual,EUR,899509.0,959060.0,-59551.0,57367.0,-2184.0,-59551.0,1967180.0,45.72581055114428,48.753037342795274,-3.027226791650993,2.916204922782867,-0.11102186886812594,0.0,True,EUROSTAT_GOV10A_MAIN,"TR and TE as published by EUROSTAT_GOV10A_MAIN; NLB = TR - TE (B.9, cross-checked against the anchor's own B.9 in b9_anchor_lcu_mn); NI = GF01_7 - R07 from the two trees; PB = NLB + NI. Outturn years only: the ledger is never built from partially covered forecast lines (§4.3)."
DEU,Germany,strict,1998,actual,EUR,923010.0,976592.0,-53582.0,59737.0,6155.0,-53582.0,2022310.0,45.641370511939314,48.29091484490508,-2.649544332965767,2.953899253823598,0.3043549208578309,0.0,True,EUROSTAT_GOV10A_MAIN,"TR and TE as published by EUROSTAT_GOV10A_MAIN; NLB = TR - TE (B.9, cross-checked against the anchor's own B.9 in b9_anchor_lcu_mn); NI = GF01_7 - R07 from the two trees; PB = NLB + NI. Outturn years only: the ledger is never built from partially covered forecast lines (§4.3)."
DEU,Germany,strict,1999,actual,EUR,968416.0,1007187.0,-38771.0,56260.0,17489.0,-38771.0,2077240.0,46.62032312106449,48.48679016387129,-1.8664670428068013,2.7084015328031428,0.8419344899963414,0.0,True,EUROSTAT_GOV10A_MAIN,"TR and TE as published by EUROSTAT_GOV10A_MAIN; NLB = TR - TE (B.9, cross-checked against the anchor's own B.9 in b9_anchor_lcu_mn); NI = GF01_7 - R07 from the two trees; PB = NLB + NI. Outturn years only: the ledger is never built from partially covered forecast lines (§4.3)."
DEU,Germany,strict,2000,actual,EUR,986936.0,1023445.0,-36509.0,61933.0,25424.0,-36509.0,2129660.0,46.34242085591127,48.0567320605167,-1.71431120460543,2.9081167885953625,1.1938055839899326,0.0,True,EUROSTAT_GOV10A_MAIN,"TR and TE as published by EUROSTAT_GOV10A_MAIN; NLB = TR - TE (B.9, cross-checked against the anchor's own B.9 in b9_anchor_lcu_mn); NI = GF01_7 - R07 from the two trees; PB = NLB + NI. Outturn years only: the ledger is never built from partially covered forecast lines (§4.3)."
DEU,Germany,strict,2001,actual,EUR,977627.0,1046229.0,-68602.0,59975.0,-8627.0,-68602.0,2195530.0,44.528063838799746,47.65268522862361,-3.1246213898238695,2.731686654247494,-0.39293473557637565,0.0,True,EUROSTAT_GOV10A_MAIN,"TR and TE as published by EUROSTAT_GOV10A_MAIN; NLB = TR - TE (B.9, cross-checked against the anchor's own B.9 in b9_anchor_lcu_mn); NI = GF01_7 - R07 from the two trees; PB = NLB + NI. Outturn years only: the ledger is never built from partially covered forecast lines (§4.3)."
DEU,Germany,strict,2002,actual,EUR,981788.0,1072638.0,-90850.0,61344.0,-29506.0,-90850.0,2223360.0,44.15785118019574,48.24400906735751,-4.086157887161773,2.7590673575129534,-1.3270905296488198,0.0,True,EUROSTAT_GOV10A_MAIN,"TR and TE as published by EUROSTAT_GOV10A_MAIN; NLB = TR - TE (B.9, cross-checked against the anchor's own B.9 in b9_anchor_lcu_mn); NI = GF01_7 - R07 from the two trees; PB = NLB + NI. Outturn years only: the ledger is never built from partially covered forecast lines (§4.3)."
DEU,Germany,strict,2003,actual,EUR,1001289.0,1087101.0,-85812.0,60854.0,-24958.0,-85812.0,2240810.0,44.684243644039434,48.51375172370705,-3.82950807966762,2.715714406843954,-1.1137936728236664,0.0,True,EUROSTAT_GOV10A_MAIN,"TR and TE as published by EUROSTAT_GOV10A_MAIN; NLB = TR - TE (B.9, cross-checked against the anchor's own B.9 in b9_anchor_lcu_mn); NI = GF01_7 - R07 from the two trees; PB = NLB + NI. Outturn years only: the ledger is never built from partially covered forecast lines (§4.3)."
DEU,Germany,strict,2004,actual,EUR,998635.0,1077080.0,-78445.0,60137.0,-18308.0,-78445.0,2293040.0,43.55070125248578,46.97170568328507,-3.421004430799288,2.62258835432439,-0.798416076474898,0.0,True,EUROSTAT_GOV10A_MAIN,"TR and TE as published by EUROSTAT_GOV10A_MAIN; NLB = TR - TE (B.9, cross-checked against the anchor's own B.9 in b9_anchor_lcu_mn); NI = GF01_7 - R07 from the two trees; PB = NLB + NI. Outturn years only: the ledger is never built from partially covered forecast lines (§4.3)."
DEU,Germany,strict,2005,actual,EUR,1011597.0,1089993.0,-78396.0,58951.0,-19445.0,-78396.0,2325710.0,43.496265656509195,46.867107248969134,-3.370841592459937,2.5347528281686023,-0.8360887642913347,0.0,True,EUROSTAT_GOV10A_MAIN,"TR and TE as published by EUROSTAT_GOV10A_MAIN; NLB = TR - TE (B.9, cross-checked against the anchor's own B.9 in b9_anchor_lcu_mn); NI = GF01_7 - R07 from the two trees; PB = NLB + NI. Outturn years only: the ledger is never built from partially covered forecast lines (§4.3)."
DEU,Germany,strict,2006,actual,EUR,1056690.0,1099274.0,-42584.0,58925.0,16341.0,-42584.0,2426180.0,43.553652243444425,45.30883941010148,-1.7551871666570493,2.4287150994567592,0.6735279327997098,0.0,True,EUROSTAT_GOV10A_MAIN,"TR and TE as published by EUROSTAT_GOV10A_MAIN; NLB = TR - TE (B.9, cross-checked against the anchor's own B.9 in b9_anchor_lcu_mn); NI = GF01_7 - R07 from the two trees; PB = NLB + NI. Outturn years only: the ledger is never built from partially covered forecast lines (§4.3)."
DEU,Germany,strict,2007,actual,EUR,1110816.0,1106879.0,3937.0,61450.0,65387.0,3937.0,2542220.0,43.694723509373695,43.53985886351299,0.15486464586070442,2.4171786863450055,2.57204333220571,0.0,True,EUROSTAT_GOV10A_MAIN,"TR and TE as published by EUROSTAT_GOV10A_MAIN; NLB = TR - TE (B.9, cross-checked against the anchor's own B.9 in b9_anchor_lcu_mn); NI = GF01_7 - R07 from the two trees; PB = NLB + NI. Outturn years only: the ledger is never built from partially covered forecast lines (§4.3)."
DEU,Germany,strict,2008,actual,EUR,1143471.0,1150280.0,-6809.0,60972.0,54163.0,-6809.0,2589280.0,44.16173608107273,44.42470493727986,-0.26296885620713095,2.3547858864240254,2.091817030216894,0.0,True,EUROSTAT_GOV10A_MAIN,"TR and TE as published by EUROSTAT_GOV10A_MAIN; NLB = TR - TE (B.9, cross-checked against the anchor's own B.9 in b9_anchor_lcu_mn); NI = GF01_7 - R07 from the two trees; PB = NLB + NI. Outturn years only: the ledger is never built from partially covered forecast lines (§4.3)."
DEU,Germany,strict,2009,actual,EUR,1125612.0,1204819.0,-79207.0,59349.0,-19858.0,-79207.0,2493970.0,45.13334161998741,48.30928198815543,-3.175940368168021,2.3796998360044426,-0.7962405321635786,0.0,True,EUROSTAT_GOV10A_MAIN,"TR and TE as published by EUROSTAT_GOV10A_MAIN; NLB = TR - TE (B.9, cross-checked against the anchor's own B.9 in b9_anchor_lcu_mn); NI = GF01_7 - R07 from the two trees; PB = NLB + NI. Outturn years only: the ledger is never built from partially covered forecast lines (§4.3)."
DEU,Germany,strict,2010,actual,EUR,1143087.0,1258707.0,-115620.0,56345.0,-59275.0,-115620.0,2615260.0,43.708350221392905,48.12932557374793,-4.420975352355024,2.1544703012319997,-2.266505051123024,0.0,True,EUROSTAT_GOV10A_MAIN,"TR and TE as published by EUROSTAT_GOV10A_MAIN; NLB = TR - TE (B.9, cross-checked against the anchor's own B.9 in b9_anchor_lcu_mn); NI = GF01_7 - R07 from the two trees; PB = NLB + NI. Outturn years only: the ledger is never built from partially covered forecast lines (§4.3)."
DEU,Germany,strict,2011,actual,EUR,1220989.0,1244063.0,-23074.0,55985.0,32911.0,-23074.0,2747210.0,44.44469115939444,45.28459782834221,-0.8399066689477688,2.03788570950164,1.197979040553871,0.0,True,EUROSTAT_GOV10A_MAIN,"TR and TE as published by EUROSTAT_GOV10A_MAIN; NLB = TR - TE (B.9, cross-checked against the anchor's own B.9 in b9_anchor_lcu_mn); NI = GF01_7 - R07 from the two trees; PB = NLB + NI. Outturn years only: the ledger is never built from partially covered forecast lines (§4.3)."
DEU,Germany,strict,2012,actual,EUR,1260986.0,1262507.0,-1521.0,52413.0,50892.0,-1521.0,2800680.0,45.02427981775855,45.07858805718611,-0.054308239427567594,1.8714383649685076,1.81713012554094,0.0,True,EUROSTAT_GOV10A_MAIN,"TR and TE as published by EUROSTAT_GOV10A_MAIN; NLB = TR - TE (B.9, cross-checked against the anchor's own B.9 in b9_anchor_lcu_mn); NI = GF01_7 - R07 from the two trees; PB = NLB + NI. Outturn years only: the ledger is never built from partially covered forecast lines (§4.3)."
DEU,Germany,strict,2013,actual,EUR,1298112.0,1294600.0,3512.0,42034.0,45546.0,3512.0,2869480.0,45.23857981237018,45.11618829892524,0.12239151344494473,1.4648647141642388,1.5872562276091835,0.0,True,EUROSTAT_GOV10A_MAIN,"TR and TE as published by EUROSTAT_GOV10A_MAIN; NLB = TR - TE (B.9, cross-checked against the anchor's own B.9 in b9_anchor_lcu_mn); NI = GF01_7 - R07 from the two trees; PB = NLB + NI. Outturn years only: the ledger is never built from partially covered forecast lines (§4.3)."
DEU,Germany,strict,2014,actual,EUR,1350164.0,1328332.0,21832.0,38178.0,60010.0,21832.0,2988470.0,45.17910502698705,44.44856398089993,0.7305410460871282,1.2775098963683758,2.008050942455504,0.0,True,EUROSTAT_GOV10A_MAIN,"TR and TE as published by EUROSTAT_GOV10A_MAIN; NLB = TR - TE (B.9, cross-checked against the anchor's own B.9 in b9_anchor_lcu_mn); NI = GF01_7 - R07 from the two trees; PB = NLB + NI. Outturn years only: the ledger is never built from partially covered forecast lines (§4.3)."
DEU,Germany,strict,2015,actual,EUR,1401532.0,1373293.0,28239.0,34709.0,62948.0,28239.0,3094190.0,45.29560240321376,44.382956444174404,0.9126459590393609,1.1217475332801152,2.034393492319476,0.0,True,EUROSTAT_GOV10A_MAIN,"TR and TE as published by EUROSTAT_GOV10A_MAIN; NLB = TR - TE (B.9, cross-checked against the anchor's own B.9 in b9_anchor_lcu_mn); NI = GF01_7 - R07 from the two trees; PB = NLB + NI. Outturn years only: the ledger is never built from partially covered forecast lines (§4.3)."
DEU,Germany,strict,2016,actual,EUR,1465493.0,1429256.0,36237.0,30823.0,67060.0,36237.0,3204870.0,45.7270653723864,44.596379884363486,1.1306854880229151,0.9617550789891633,2.0924405670120785,0.0,True,EUROSTAT_GOV10A_MAIN,"TR and TE as published by EUROSTAT_GOV10A_MAIN; NLB = TR - TE (B.9, cross-checked against the anchor's own B.9 in b9_anchor_lcu_mn); NI = GF01_7 - R07 from the two trees; PB = NLB + NI. Outturn years only: the ledger is never built from partially covered forecast lines (§4.3)."
DEU,Germany,strict,2017,actual,EUR,1529123.0,1484552.0,44571.0,28577.0,73148.0,44571.0,3345860.0,45.701942101582254,44.36981822311753,1.3321238784647296,0.8541002911060236,2.186224169570753,0.0,True,EUROSTAT_GOV10A_MAIN,"TR and TE as published by EUROSTAT_GOV10A_MAIN; NLB = TR - TE (B.9, cross-checked against the anchor's own B.9 in b9_anchor_lcu_mn); NI = GF01_7 - R07 from the two trees; PB = NLB + NI. Outturn years only: the ledger is never built from partially covered forecast lines (§4.3)."
DEU,Germany,strict,2018,actual,EUR,1597995.0,1533328.0,64667.0,25550.0,90217.0,64667.0,3450580.0,46.310910049904656,44.43681931733216,1.8740907325724951,0.7404552278167729,2.614545960389268,0.0,True,EUROSTAT_GOV10A_MAIN,"TR and TE as published by EUROSTAT_GOV10A_MAIN; NLB = TR - TE (B.9, cross-checked against the anchor's own B.9 in b9_anchor_lcu_mn); NI = GF01_7 - R07 from the two trees; PB = NLB + NI. Outturn years only: the ledger is never built from partially covered forecast lines (§4.3)."
DEU,Germany,strict,2019,actual,EUR,1657564.0,1610615.0,46949.0,21747.0,68696.0,46949.0,3557630.0,46.59180409429873,45.272133414660885,1.3196706796378488,0.6112777326478582,1.930948412285707,0.0,True,EUROSTAT_GOV10A_MAIN,"TR and TE as published by EUROSTAT_GOV10A_MAIN; NLB = TR - TE (B.9, cross-checked against the anchor's own B.9 in b9_anchor_lcu_mn); NI = GF01_7 - R07 from the two trees; PB = NLB + NI. Outturn years only: the ledger is never built from partially covered forecast lines (§4.3)."
DEU,Germany,strict,2020,actual,EUR,1612653.0,1763784.0,-151131.0,18120.0,-133011.0,-151131.0,3477670.0,46.37165113423643,50.717405619279575,-4.345754485043146,0.521038511417127,-3.8247159736260197,0.0,True,EUROSTAT_GOV10A_MAIN,"TR and TE as published by EUROSTAT_GOV10A_MAIN; NLB = TR - TE (B.9, cross-checked against the anchor's own B.9 in b9_anchor_lcu_mn); NI = GF01_7 - R07 from the two trees; PB = NLB + NI. Outturn years only: the ledger is never built from partially covered forecast lines (§4.3)."
DEU,Germany,strict,2021,actual,EUR,1749189.0,1865819.0,-116630.0,17377.0,-99253.0,-116630.0,3713090.0,47.108715382605865,50.24976502050853,-3.1410496379026633,0.4679929654277165,-2.6730566724749467,0.0,True,EUROSTAT_GOV10A_MAIN,"TR and TE as published by EUROSTAT_GOV10A_MAIN; NLB = TR - TE (B.9, cross-checked against the anchor's own B.9 in b9_anchor_lcu_mn); NI = GF01_7 - R07 from the two trees; PB = NLB + NI. Outturn years only: the ledger is never built from partially covered forecast lines (§4.3)."
DEU,Germany,strict,2022,actual,EUR,1863070.0,1939208.0,-76138.0,22139.0,-53999.0,-76138.0,4010630.0,46.453300354308425,48.351705343050845,-1.898404988742417,0.5520080386373213,-1.3463969501050956,0.0,True,EUROSTAT_GOV10A_MAIN,"TR and TE as published by EUROSTAT_GOV10A_MAIN; NLB = TR - TE (B.9, cross-checked against the anchor's own B.9 in b9_anchor_lcu_mn); NI = GF01_7 - R07 from the two trees; PB = NLB + NI. Outturn years only: the ledger is never built from partially covered forecast lines (§4.3)."
DEU,Germany,strict,2023,actual,EUR,1926184.0,2031433.0,-105249.0,20661.0,-84588.0,-105249.0,4254930.0,45.26946389247297,47.743041601154424,-2.473577708681459,0.4855779060995128,-1.987999802581946,0.0,True,EUROSTAT_GOV10A_MAIN,"TR and TE as published by EUROSTAT_GOV10A_MAIN; NLB = TR - TE (B.9, cross-checked against the anchor's own B.9 in b9_anchor_lcu_mn); NI = GF01_7 - R07 from the two trees; PB = NLB + NI. Outturn years only: the ledger is never built from partially covered forecast lines (§4.3)."
DEU,Germany,strict,2024,actual,EUR,2024422.0,2139717.0,-115295.0,27732.0,-87563.0,-115295.0,4386940.0,46.1465622962703,48.774704007804985,-2.6281417115346914,0.6321490606208428,-1.9959926509138488,0.0,True,EUROSTAT_GOV10A_MAIN,"TR and TE as published by EUROSTAT_GOV10A_MAIN; NLB = TR - TE (B.9, cross-checked against the anchor's own B.9 in b9_anchor_lcu_mn); NI = GF01_7 - R07 from the two trees; PB = NLB + NI. Outturn years only: the ledger is never built from partially covered forecast lines (§4.3)."
DEU,Germany,strict,2025,actual,EUR,2140194.0,2259341.0,-119147.0,,,-119147.0,4469910.0,47.88002443002208,50.54555908284507,-2.6655346528229873,,,0.0,False,EUROSTAT_GOV10A_MAIN,"TR and TE as published by EUROSTAT_GOV10A_MAIN; NLB = TR - TE (B.9, cross-checked against the anchor's own B.9 in b9_anchor_lcu_mn); NI = GF01_7 - R07 from the two trees; PB = NLB + NI. Outturn years only: the ledger is never built from partially covered forecast lines (§4.3)."
FRA,France,maximum_extension,1995,actual,EUR,618331.7,680370.4,-62038.70000000007,36951.6,-25087.10000000007,-62038.7,1213802.4,50.94171011690206,56.05281386822106,-5.1111037513190025,3.0442846380926585,-2.066819113226343,0.0,True,EUROSTAT_GOV10A_MAIN,"TR and TE as published by EUROSTAT_GOV10A_MAIN; NLB = TR - TE (B.9, cross-checked against the anchor's own B.9 in b9_anchor_lcu_mn); NI = GF01_7 - R07 from the two trees; PB = NLB + NI. Outturn years only: the ledger is never built from partially covered forecast lines (§4.3)."
FRA,France,maximum_extension,1996,actual,EUR,649939.5,698523.5,-48584.0,40888.1,-7695.9000000000015,-48584.0,1246973.7,52.12134786804245,56.017500609676055,-3.8961527416336046,3.2789865576154495,-0.6171661840181555,0.0,True,EUROSTAT_GOV10A_MAIN,"TR and TE as published by EUROSTAT_GOV10A_MAIN; NLB = TR - TE (B.9, cross-checked against the anchor's own B.9 in b9_anchor_lcu_mn); NI = GF01_7 - R07 from the two trees; PB = NLB + NI. Outturn years only: the ledger is never built from partially covered forecast lines (§4.3)."
FRA,France,maximum_extension,1997,actual,EUR,668781.4,716646.7,-47865.29999999993,40466.399999999994,-7398.899999999936,-47865.3,1289669.2,51.85681723654407,55.56825734847355,-3.711440111929472,3.137734854798424,-0.5737052571310485,0.0,True,EUROSTAT_GOV10A_MAIN,"TR and TE as published by EUROSTAT_GOV10A_MAIN; NLB = TR - TE (B.9, cross-checked against the anchor's own B.9 in b9_anchor_lcu_mn); NI = GF01_7 - R07 from the two trees; PB = NLB + NI. Outturn years only: the ledger is never built from partially covered forecast lines (§4.3)."
FRA,France,maximum_extension,1998,actual,EUR,694521.4,726716.1,-32194.699999999953,40620.600000000006,8425.900000000052,-32194.7,1346317.6,51.58674297951686,53.978058371962156,-2.3913153924452857,3.0171632607343173,0.6258478682890316,0.0,True,EUROSTAT_GOV10A_MAIN,"TR and TE as published by EUROSTAT_GOV10A_MAIN; NLB = TR - TE (B.9, cross-checked against the anchor's own B.9 in b9_anchor_lcu_mn); NI = GF01_7 - R07 from the two trees; PB = NLB + NI. Outturn years only: the ledger is never built from partially covered forecast lines (§4.3)."
FRA,France,maximum_extension,1999,actual,EUR,727044.7,748589.0,-21544.300000000047,39721.8,18177.499999999956,-21544.3,1395148.0,52.11237087391445,53.656601306814764,-1.544230432900312,2.8471387981776846,1.3029083652773725,0.0,True,EUROSTAT_GOV10A_MAIN,"TR and TE as published by EUROSTAT_GOV10A_MAIN; NLB = TR - TE (B.9, cross-checked against the anchor's own B.9 in b9_anchor_lcu_mn); NI = GF01_7 - R07 from the two trees; PB = NLB + NI. Outturn years only: the ledger is never built from partially covered forecast lines (§4.3)."
FRA,France,maximum_extension,2000,actual,EUR,756006.5,775348.7,-19342.199999999953,40662.9,21320.700000000048,-19342.2,1473517.3,51.30625205418355,52.61890715500931,-1.3126551008257556,2.7595807663744427,1.4469256655486873,0.0,True,EUROSTAT_GOV10A_MAIN,"TR and TE as published by EUROSTAT_GOV10A_MAIN; NLB = TR - TE (B.9, cross-checked against the anchor's own B.9 in b9_anchor_lcu_mn); NI = GF01_7 - R07 from the two trees; PB = NLB + NI. Outturn years only: the ledger is never built from partially covered forecast lines (§4.3)."
FRA,France,maximum_extension,2001,actual,EUR,786539.0,808225.6,-21686.599999999977,42443.6,20757.000000000022,-21686.6,1530070.9,51.40539565846263,52.822754814825906,-1.4173591563632757,2.7739629581871013,1.3566038018238253,0.0,True,EUROSTAT_GOV10A_MAIN,"TR and TE as published by EUROSTAT_GOV10A_MAIN; NLB = TR - TE (B.9, cross-checked against the anchor's own B.9 in b9_anchor_lcu_mn); NI = GF01_7 - R07 from the two trees; PB = NLB + NI. Outturn years only: the ledger is never built from partially covered forecast lines (§4.3)."
FRA,France,maximum_extension,2002,actual,EUR,800986.5,851107.4,-50120.90000000002,43699.7,-6421.200000000026,-50120.9,1578330.4,50.74897499281519,53.924539500728116,-3.1755645079129198,2.768729538504739,-0.4068349694081813,0.0,True,EUROSTAT_GOV10A_MAIN,"TR and TE as published by EUROSTAT_GOV10A_MAIN; NLB = TR - TE (B.9, cross-checked against the anchor's own B.9 in b9_anchor_lcu_mn); NI = GF01_7 - R07 from the two trees; PB = NLB + NI. Outturn years only: the ledger is never built from partially covered forecast lines (§4.3)."
FRA,France,maximum_extension,2003,actual,EUR,815468.6,881785.6,-66317.0,42494.0,-23823.0,-66317.0,1622312.8,50.26580570651973,54.3536117079271,-4.087806001407373,2.6193468978362247,-1.4684591035711485,0.0,True,EUROSTAT_GOV10A_MAIN,"TR and TE as published by EUROSTAT_GOV10A_MAIN; NLB = TR - TE (B.9, cross-checked against the anchor's own B.9 in b9_anchor_lcu_mn); NI = GF01_7 - R07 from the two trees; PB = NLB + NI. Outturn years only: the ledger is never built from partially covered forecast lines (§4.3)."
FRA,France,maximum_extension,2004,actual,EUR,855606.6,915906.4,-60299.80000000005,44509.7,-15790.10000000005,-60299.8,1696107.7,50.445298963031654,54.00048593612304,-3.555186973091393,2.6242260441362304,-0.930960928955163,0.0,True,EUROSTAT_GOV10A_MAIN,"TR and TE as published by EUROSTAT_GOV10A_MAIN; NLB = TR - TE (B.9, cross-checked against the anchor's own B.9 in b9_anchor_lcu_mn); NI = GF01_7 - R07 from the two trees; PB = NLB + NI. Outturn years only: the ledger is never built from partially covered forecast lines (§4.3)."
FRA,France,maximum_extension,2005,actual,EUR,894341.1,956142.5,-61801.40000000002,45167.6,-16633.800000000025,-61801.4,1762047.7,50.755782604523134,54.26314508965904,-3.507362485135903,2.563358528829838,-0.9440039563060652,0.0,True,EUROSTAT_GOV10A_MAIN,"TR and TE as published by EUROSTAT_GOV10A_MAIN; NLB = TR - TE (B.9, cross-checked against the anchor's own B.9 in b9_anchor_lcu_mn); NI = GF01_7 - R07 from the two trees; PB = NLB + NI. Outturn years only: the ledger is never built from partially covered forecast lines (§4.3)."
FRA,France,maximum_extension,2006,actual,EUR,943178.2,992240.8,-49062.60000000009,45518.799999999996,-3543.8000000000975,-49062.6,1846020.8,51.09250123292218,53.750250268035984,-2.657749035113802,2.4657793671663937,-0.1919696679474087,0.0,True,EUROSTAT_GOV10A_MAIN,"TR and TE as published by EUROSTAT_GOV10A_MAIN; NLB = TR - TE (B.9, cross-checked against the anchor's own B.9 in b9_anchor_lcu_mn); NI = GF01_7 - R07 from the two trees; PB = NLB + NI. Outturn years only: the ledger is never built from partially covered forecast lines (§4.3)."
FRA,France,maximum_extension,2007,actual,EUR,981351.9,1039287.6,-57935.69999999995,48911.6,-9024.099999999955,-57935.7,1937876.3,50.64058526336279,53.63023429307639,-2.989649029713607,2.5239794717547244,-0.4656695579588828,0.0,True,EUROSTAT_GOV10A_MAIN,"TR and TE as published by EUROSTAT_GOV10A_MAIN; NLB = TR - TE (B.9, cross-checked against the anchor's own B.9 in b9_anchor_lcu_mn); NI = GF01_7 - R07 from the two trees; PB = NLB + NI. Outturn years only: the ledger is never built from partially covered forecast lines (§4.3)."
FRA,France,maximum_extension,2008,actual,EUR,1010530.4,1080220.5,-69690.09999999998,53113.6,-16576.499999999978,-69690.1,1989999.7,50.780429765893935,54.28244536921287,-3.5020156033189345,2.6690255279937984,-0.8329900753251359,0.0,True,EUROSTAT_GOV10A_MAIN,"TR and TE as published by EUROSTAT_GOV10A_MAIN; NLB = TR - TE (B.9, cross-checked against the anchor's own B.9 in b9_anchor_lcu_mn); NI = GF01_7 - R07 from the two trees; PB = NLB + NI. Outturn years only: the ledger is never built from partially covered forecast lines (§4.3)."
FRA,France,maximum_extension,2009,actual,EUR,979773.4,1122607.3,-142833.90000000002,45463.5,-97370.40000000002,-142833.9,1935840.2,50.612307772098134,57.99070088533134,-7.378393113233211,2.3485151305360845,-5.029877982697126,0.0,True,EUROSTAT_GOV10A_MAIN,"TR and TE as published by EUROSTAT_GOV10A_MAIN; NLB = TR - TE (B.9, cross-checked against the anchor's own B.9 in b9_anchor_lcu_mn); NI = GF01_7 - R07 from the two trees; PB = NLB + NI. Outturn years only: the ledger is never built from partially covered forecast lines (§4.3)."
FRA,France,maximum_extension,2010,actual,EUR,1009201.3,1151961.8,-142760.5,49455.100000000006,-93305.4,-142760.5,1996075.1,50.55928506898363,57.711345630232046,-7.152060561248422,2.477617199873893,-4.6744433613745295,0.0,True,EUROSTAT_GOV10A_MAIN,"TR and TE as published by EUROSTAT_GOV10A_MAIN; NLB = TR - TE (B.9, cross-checked against the anchor's own B.9 in b9_anchor_lcu_mn); NI = GF01_7 - R07 from the two trees; PB = NLB + NI. Outturn years only: the ledger is never built from partially covered forecast lines (§4.3)."
FRA,France,maximum_extension,2011,actual,EUR,1066319.2,1175704.7,-109385.5,54251.8,-55133.7,-109385.5,2062141.4,51.70931537478468,57.01377703779188,-5.304461663007203,2.6308477197538442,-2.673613943253358,0.0,True,EUROSTAT_GOV10A_MAIN,"TR and TE as published by EUROSTAT_GOV10A_MAIN; NLB = TR - TE (B.9, cross-checked against the anchor's own B.9 in b9_anchor_lcu_mn); NI = GF01_7 - R07 from the two trees; PB = NLB + NI. Outturn years only: the ledger is never built from partially covered forecast lines (§4.3)."
FRA,France,maximum_extension,2012,actual,EUR,1100965.9,1208953.1,-107987.20000000019,54340.2,-53647.00000000019,-107987.2,2088286.7,52.72101287624922,57.892103608187526,-5.171090731938301,2.6021427038729885,-2.5689480280653125,0.0,True,EUROSTAT_GOV10A_MAIN,"TR and TE as published by EUROSTAT_GOV10A_MAIN; NLB = TR - TE (B.9, cross-checked against the anchor's own B.9 in b9_anchor_lcu_mn); NI = GF01_7 - R07 from the two trees; PB = NLB + NI. Outturn years only: the ledger is never built from partially covered forecast lines (§4.3)."
FRA,France,maximum_extension,2013,actual,EUR,1137646.2,1242358.0,-104711.80000000005,50041.5,-54670.30000000005,-104711.8,2120351.9,53.65365060393985,58.5920667225096,-4.938416118569754,2.360056366115455,-2.5783597524543,0.0,True,EUROSTAT_GOV10A_MAIN,"TR and TE as published by EUROSTAT_GOV10A_MAIN; NLB = TR - TE (B.9, cross-checked against the anchor's own B.9 in b9_anchor_lcu_mn); NI = GF01_7 - R07 from the two trees; PB = NLB + NI. Outturn years only: the ledger is never built from partially covered forecast lines (§4.3)."
FRA,France,maximum_extension,2014,actual,EUR,1159145.1,1257649.1,-98504.0,49398.6,-49105.4,-98504.0,2153733.1,53.820276059275876,58.39391612637611,-4.573640067100236,2.2936268194048743,-2.280013247695362,0.0,True,EUROSTAT_GOV10A_MAIN,"TR and TE as published by EUROSTAT_GOV10A_MAIN; NLB = TR - TE (B.9, cross-checked against the anchor's own B.9 in b9_anchor_lcu_mn); NI = GF01_7 - R07 from the two trees; PB = NLB + NI. Outturn years only: the ledger is never built from partially covered forecast lines (§4.3)."
FRA,France,maximum_extension,2015,actual,EUR,1182326.8,1268007.8,-85681.0,46695.2,-38985.8,-85681.0,2201401.6,53.70791045123252,57.60002173160953,-3.8921112803770104,2.1211577206085432,-1.7709535597684676,0.0,True,EUROSTAT_GOV10A_MAIN,"TR and TE as published by EUROSTAT_GOV10A_MAIN; NLB = TR - TE (B.9, cross-checked against the anchor's own B.9 in b9_anchor_lcu_mn); NI = GF01_7 - R07 from the two trees; PB = NLB + NI. Outturn years only: the ledger is never built from partially covered forecast lines (§4.3)."
FRA,France,maximum_extension,2016,actual,EUR,1196622.9,1280648.1,-84025.20000000019,45238.9,-38786.300000000185,-84025.2,2231819.2,53.616480223846075,57.38135508467711,-3.764874860831029,2.026996631268339,-1.7378782295626896,0.0,True,EUROSTAT_GOV10A_MAIN,"TR and TE as published by EUROSTAT_GOV10A_MAIN; NLB = TR - TE (B.9, cross-checked against the anchor's own B.9 in b9_anchor_lcu_mn); NI = GF01_7 - R07 from the two trees; PB = NLB + NI. Outturn years only: the ledger is never built from partially covered forecast lines (§4.3)."
FRA,France,maximum_extension,2017,actual,EUR,1244386.9,1321444.6,-77057.70000000019,43611.9,-33445.800000000185,-77057.7,2291680.5,54.300191497025864,57.66268901794994,-3.3624975209240637,1.9030532397513529,-1.4594442811727109,0.0,True,EUROSTAT_GOV10A_MAIN,"TR and TE as published by EUROSTAT_GOV10A_MAIN; NLB = TR - TE (B.9, cross-checked against the anchor's own B.9 in b9_anchor_lcu_mn); NI = GF01_7 - R07 from the two trees; PB = NLB + NI. Outturn years only: the ledger is never built from partially covered forecast lines (§4.3)."
FRA,France,maximum_extension,2018,actual,EUR,1273016.1,1327632.3,-54616.19999999995,43910.200000000004,-10705.999999999949,-54616.2,2355362.8,54.04755904270885,56.36636105486595,-2.3188020121571062,1.8642648172926908,-0.45453719486441535,0.0,True,EUROSTAT_GOV10A_MAIN,"TR and TE as published by EUROSTAT_GOV10A_MAIN; NLB = TR - TE (B.9, cross-checked against the anchor's own B.9 in b9_anchor_lcu_mn); NI = GF01_7 - R07 from the two trees; PB = NLB + NI. Outturn years only: the ledger is never built from partially covered forecast lines (§4.3)."
FRA,France,maximum_extension,2019,actual,EUR,1287929.2,1346154.7,-58225.5,38997.4,-19228.1,-58225.5,2432206.8,52.953112375148365,55.347049436750204,-2.3939370616018345,1.6033751735255408,-0.7905618880762935,0.0,True,EUROSTAT_GOV10A_MAIN,"TR and TE as published by EUROSTAT_GOV10A_MAIN; NLB = TR - TE (B.9, cross-checked against the anchor's own B.9 in b9_anchor_lcu_mn); NI = GF01_7 - R07 from the two trees; PB = NLB + NI. Outturn years only: the ledger is never built from partially covered forecast lines (§4.3)."
FRA,France,maximum_extension,2020,actual,EUR,1223272.6,1430357.0,-207084.3999999999,32520.8,-174563.59999999992,-207084.4,2318276.2,52.76647364106141,61.69916250703863,-8.932688865977225,1.4028009259638692,-7.5298879400133565,0.0,True,EUROSTAT_GOV10A_MAIN,"TR and TE as published by EUROSTAT_GOV10A_MAIN; NLB = TR - TE (B.9, cross-checked against the anchor's own B.9 in b9_anchor_lcu_mn); NI = GF01_7 - R07 from the two trees; PB = NLB + NI. Outturn years only: the ledger is never built from partially covered forecast lines (§4.3)."
FRA,France,maximum_extension,2021,actual,EUR,1326231.8,1491381.1,-165149.30000000005,37212.8,-127936.50000000004,-165149.3,2508102.3,52.87789895970352,59.4625306950199,-6.58463173531638,1.483703435860651,-5.10092829945573,0.0,True,EUROSTAT_GOV10A_MAIN,"TR and TE as published by EUROSTAT_GOV10A_MAIN; NLB = TR - TE (B.9, cross-checked against the anchor's own B.9 in b9_anchor_lcu_mn); NI = GF01_7 - R07 from the two trees; PB = NLB + NI. Outturn years only: the ledger is never built from partially covered forecast lines (§4.3)."
FRA,France,maximum_extension,2022,actual,EUR,1424435.6,1550331.4,-125895.79999999981,51873.6,-74022.19999999981,-125895.8,2653997.2,53.671330173219474,58.41495989521013,-4.743629721990656,1.9545461464691822,-2.789083575521474,0.0,True,EUROSTAT_GOV10A_MAIN,"TR and TE as published by EUROSTAT_GOV10A_MAIN; NLB = TR - TE (B.9, cross-checked against the anchor's own B.9 in b9_anchor_lcu_mn); NI = GF01_7 - R07 from the two trees; PB = NLB + NI. Outturn years only: the ledger is never built from partially covered forecast lines (§4.3)."
FRA,France,maximum_extension,2023,actual,EUR,1456350.5,1608270.8,-151920.30000000005,46532.9,-105387.40000000005,-151920.3,2833826.4,51.3916625238582,56.75262253185305,-5.360960007994845,1.642051891393206,-3.7189081166016402,0.0,True,EUROSTAT_GOV10A_MAIN,"TR and TE as published by EUROSTAT_GOV10A_MAIN; NLB = TR - TE (B.9, cross-checked against the anchor's own B.9 in b9_anchor_lcu_mn); NI = GF01_7 - R07 from the two trees; PB = NLB + NI. Outturn years only: the ledger is never built from partially covered forecast lines (§4.3)."
FRA,France,maximum_extension,2024,actual,EUR,1503590.1,1672708.2,-169118.09999999986,53489.399999999994,-115628.69999999987,-169118.1,2935236.2,51.22552317936117,56.987175342141114,-5.761652162779944,1.8223201253786658,-3.9393320374012784,0.0,True,EUROSTAT_GOV10A_MAIN,"TR and TE as published by EUROSTAT_GOV10A_MAIN; NLB = TR - TE (B.9, cross-checked against the anchor's own B.9 in b9_anchor_lcu_mn); NI = GF01_7 - R07 from the two trees; PB = NLB + NI. Outturn years only: the ledger is never built from partially covered forecast lines (§4.3)."
FRA,France,maximum_extension,2025,actual,EUR,1561626.1,1714137.2,-152511.09999999986,,,-152511.1,2979085.0999999996,52.41965394006368,57.539047810349565,-5.119393870285877,,,0.0,False,EUROSTAT_GOV10A_MAIN,"TR and TE as published by EUROSTAT_GOV10A_MAIN; NLB = TR - TE (B.9, cross-checked against the anchor's own B.9 in b9_anchor_lcu_mn); NI = GF01_7 - R07 from the two trees; PB = NLB + NI. Outturn years only: the ledger is never built from partially covered forecast lines (§4.3)."
FRA,France,strict,1995,actual,EUR,618331.7,680370.4,-62038.70000000007,36951.6,-25087.10000000007,-62038.7,1213802.4,50.94171011690206,56.05281386822106,-5.1111037513190025,3.0442846380926585,-2.066819113226343,0.0,True,EUROSTAT_GOV10A_MAIN,"TR and TE as published by EUROSTAT_GOV10A_MAIN; NLB = TR - TE (B.9, cross-checked against the anchor's own B.9 in b9_anchor_lcu_mn); NI = GF01_7 - R07 from the two trees; PB = NLB + NI. Outturn years only: the ledger is never built from partially covered forecast lines (§4.3)."
FRA,France,strict,1996,actual,EUR,649939.5,698523.5,-48584.0,40888.1,-7695.9000000000015,-48584.0,1246973.7,52.12134786804245,56.017500609676055,-3.8961527416336046,3.2789865576154495,-0.6171661840181555,0.0,True,EUROSTAT_GOV10A_MAIN,"TR and TE as published by EUROSTAT_GOV10A_MAIN; NLB = TR - TE (B.9, cross-checked against the anchor's own B.9 in b9_anchor_lcu_mn); NI = GF01_7 - R07 from the two trees; PB = NLB + NI. Outturn years only: the ledger is never built from partially covered forecast lines (§4.3)."
FRA,France,strict,1997,actual,EUR,668781.4,716646.7,-47865.29999999993,40466.399999999994,-7398.899999999936,-47865.3,1289669.2,51.85681723654407,55.56825734847355,-3.711440111929472,3.137734854798424,-0.5737052571310485,0.0,True,EUROSTAT_GOV10A_MAIN,"TR and TE as published by EUROSTAT_GOV10A_MAIN; NLB = TR - TE (B.9, cross-checked against the anchor's own B.9 in b9_anchor_lcu_mn); NI = GF01_7 - R07 from the two trees; PB = NLB + NI. Outturn years only: the ledger is never built from partially covered forecast lines (§4.3)."
FRA,France,strict,1998,actual,EUR,694521.4,726716.1,-32194.699999999953,40620.600000000006,8425.900000000052,-32194.7,1346317.6,51.58674297951686,53.978058371962156,-2.3913153924452857,3.0171632607343173,0.6258478682890316,0.0,True,EUROSTAT_GOV10A_MAIN,"TR and TE as published by EUROSTAT_GOV10A_MAIN; NLB = TR - TE (B.9, cross-checked against the anchor's own B.9 in b9_anchor_lcu_mn); NI = GF01_7 - R07 from the two trees; PB = NLB + NI. Outturn years only: the ledger is never built from partially covered forecast lines (§4.3)."
FRA,France,strict,1999,actual,EUR,727044.7,748589.0,-21544.300000000047,39721.8,18177.499999999956,-21544.3,1395148.0,52.11237087391445,53.656601306814764,-1.544230432900312,2.8471387981776846,1.3029083652773725,0.0,True,EUROSTAT_GOV10A_MAIN,"TR and TE as published by EUROSTAT_GOV10A_MAIN; NLB = TR - TE (B.9, cross-checked against the anchor's own B.9 in b9_anchor_lcu_mn); NI = GF01_7 - R07 from the two trees; PB = NLB + NI. Outturn years only: the ledger is never built from partially covered forecast lines (§4.3)."
FRA,France,strict,2000,actual,EUR,756006.5,775348.7,-19342.199999999953,40662.9,21320.700000000048,-19342.2,1473517.3,51.30625205418355,52.61890715500931,-1.3126551008257556,2.7595807663744427,1.4469256655486873,0.0,True,EUROSTAT_GOV10A_MAIN,"TR and TE as published by EUROSTAT_GOV10A_MAIN; NLB = TR - TE (B.9, cross-checked against the anchor's own B.9 in b9_anchor_lcu_mn); NI = GF01_7 - R07 from the two trees; PB = NLB + NI. Outturn years only: the ledger is never built from partially covered forecast lines (§4.3)."
FRA,France,strict,2001,actual,EUR,786539.0,808225.6,-21686.599999999977,42443.6,20757.000000000022,-21686.6,1530070.9,51.40539565846263,52.822754814825906,-1.4173591563632757,2.7739629581871013,1.3566038018238253,0.0,True,EUROSTAT_GOV10A_MAIN,"TR and TE as published by EUROSTAT_GOV10A_MAIN; NLB = TR - TE (B.9, cross-checked against the anchor's own B.9 in b9_anchor_lcu_mn); NI = GF01_7 - R07 from the two trees; PB = NLB + NI. Outturn years only: the ledger is never built from partially covered forecast lines (§4.3)."
FRA,France,strict,2002,actual,EUR,800986.5,851107.4,-50120.90000000002,43699.7,-6421.200000000026,-50120.9,1578330.4,50.74897499281519,53.924539500728116,-3.1755645079129198,2.768729538504739,-0.4068349694081813,0.0,True,EUROSTAT_GOV10A_MAIN,"TR and TE as published by EUROSTAT_GOV10A_MAIN; NLB = TR - TE (B.9, cross-checked against the anchor's own B.9 in b9_anchor_lcu_mn); NI = GF01_7 - R07 from the two trees; PB = NLB + NI. Outturn years only: the ledger is never built from partially covered forecast lines (§4.3)."
FRA,France,strict,2003,actual,EUR,815468.6,881785.6,-66317.0,42494.0,-23823.0,-66317.0,1622312.8,50.26580570651973,54.3536117079271,-4.087806001407373,2.6193468978362247,-1.4684591035711485,0.0,True,EUROSTAT_GOV10A_MAIN,"TR and TE as published by EUROSTAT_GOV10A_MAIN; NLB = TR - TE (B.9, cross-checked against the anchor's own B.9 in b9_anchor_lcu_mn); NI = GF01_7 - R07 from the two trees; PB = NLB + NI. Outturn years only: the ledger is never built from partially covered forecast lines (§4.3)."
FRA,France,strict,2004,actual,EUR,855606.6,915906.4,-60299.80000000005,44509.7,-15790.10000000005,-60299.8,1696107.7,50.445298963031654,54.00048593612304,-3.555186973091393,2.6242260441362304,-0.930960928955163,0.0,True,EUROSTAT_GOV10A_MAIN,"TR and TE as published by EUROSTAT_GOV10A_MAIN; NLB = TR - TE (B.9, cross-checked against the anchor's own B.9 in b9_anchor_lcu_mn); NI = GF01_7 - R07 from the two trees; PB = NLB + NI. Outturn years only: the ledger is never built from partially covered forecast lines (§4.3)."
FRA,France,strict,2005,actual,EUR,894341.1,956142.5,-61801.40000000002,45167.6,-16633.800000000025,-61801.4,1762047.7,50.755782604523134,54.26314508965904,-3.507362485135903,2.563358528829838,-0.9440039563060652,0.0,True,EUROSTAT_GOV10A_MAIN,"TR and TE as published by EUROSTAT_GOV10A_MAIN; NLB = TR - TE (B.9, cross-checked against the anchor's own B.9 in b9_anchor_lcu_mn); NI = GF01_7 - R07 from the two trees; PB = NLB + NI. Outturn years only: the ledger is never built from partially covered forecast lines (§4.3)."
FRA,France,strict,2006,actual,EUR,943178.2,992240.8,-49062.60000000009,45518.799999999996,-3543.8000000000975,-49062.6,1846020.8,51.09250123292218,53.750250268035984,-2.657749035113802,2.4657793671663937,-0.1919696679474087,0.0,True,EUROSTAT_GOV10A_MAIN,"TR and TE as published by EUROSTAT_GOV10A_MAIN; NLB = TR - TE (B.9, cross-checked against the anchor's own B.9 in b9_anchor_lcu_mn); NI = GF01_7 - R07 from the two trees; PB = NLB + NI. Outturn years only: the ledger is never built from partially covered forecast lines (§4.3)."
FRA,France,strict,2007,actual,EUR,981351.9,1039287.6,-57935.69999999995,48911.6,-9024.099999999955,-57935.7,1937876.3,50.64058526336279,53.63023429307639,-2.989649029713607,2.5239794717547244,-0.4656695579588828,0.0,True,EUROSTAT_GOV10A_MAIN,"TR and TE as published by EUROSTAT_GOV10A_MAIN; NLB = TR - TE (B.9, cross-checked against the anchor's own B.9 in b9_anchor_lcu_mn); NI = GF01_7 - R07 from the two trees; PB = NLB + NI. Outturn years only: the ledger is never built from partially covered forecast lines (§4.3)."
FRA,France,strict,2008,actual,EUR,1010530.4,1080220.5,-69690.09999999998,53113.6,-16576.499999999978,-69690.1,1989999.7,50.780429765893935,54.28244536921287,-3.5020156033189345,2.6690255279937984,-0.8329900753251359,0.0,True,EUROSTAT_GOV10A_MAIN,"TR and TE as published by EUROSTAT_GOV10A_MAIN; NLB = TR - TE (B.9, cross-checked against the anchor's own B.9 in b9_anchor_lcu_mn); NI = GF01_7 - R07 from the two trees; PB = NLB + NI. Outturn years only: the ledger is never built from partially covered forecast lines (§4.3)."
FRA,France,strict,2009,actual,EUR,979773.4,1122607.3,-142833.90000000002,45463.5,-97370.40000000002,-142833.9,1935840.2,50.612307772098134,57.99070088533134,-7.378393113233211,2.3485151305360845,-5.029877982697126,0.0,True,EUROSTAT_GOV10A_MAIN,"TR and TE as published by EUROSTAT_GOV10A_MAIN; NLB = TR - TE (B.9, cross-checked against the anchor's own B.9 in b9_anchor_lcu_mn); NI = GF01_7 - R07 from the two trees; PB = NLB + NI. Outturn years only: the ledger is never built from partially covered forecast lines (§4.3)."
FRA,France,strict,2010,actual,EUR,1009201.3,1151961.8,-142760.5,49455.100000000006,-93305.4,-142760.5,1996075.1,50.55928506898363,57.711345630232046,-7.152060561248422,2.477617199873893,-4.6744433613745295,0.0,True,EUROSTAT_GOV10A_MAIN,"TR and TE as published by EUROSTAT_GOV10A_MAIN; NLB = TR - TE (B.9, cross-checked against the anchor's own B.9 in b9_anchor_lcu_mn); NI = GF01_7 - R07 from the two trees; PB = NLB + NI. Outturn years only: the ledger is never built from partially covered forecast lines (§4.3)."
FRA,France,strict,2011,actual,EUR,1066319.2,1175704.7,-109385.5,54251.8,-55133.7,-109385.5,2062141.4,51.70931537478468,57.01377703779188,-5.304461663007203,2.6308477197538442,-2.673613943253358,0.0,True,EUROSTAT_GOV10A_MAIN,"TR and TE as published by EUROSTAT_GOV10A_MAIN; NLB = TR - TE (B.9, cross-checked against the anchor's own B.9 in b9_anchor_lcu_mn); NI = GF01_7 - R07 from the two trees; PB = NLB + NI. Outturn years only: the ledger is never built from partially covered forecast lines (§4.3)."
FRA,France,strict,2012,actual,EUR,1100965.9,1208953.1,-107987.20000000019,54340.2,-53647.00000000019,-107987.2,2088286.7,52.72101287624922,57.892103608187526,-5.171090731938301,2.6021427038729885,-2.5689480280653125,0.0,True,EUROSTAT_GOV10A_MAIN,"TR and TE as published by EUROSTAT_GOV10A_MAIN; NLB = TR - TE (B.9, cross-checked against the anchor's own B.9 in b9_anchor_lcu_mn); NI = GF01_7 - R07 from the two trees; PB = NLB + NI. Outturn years only: the ledger is never built from partially covered forecast lines (§4.3)."
FRA,France,strict,2013,actual,EUR,1137646.2,1242358.0,-104711.80000000005,50041.5,-54670.30000000005,-104711.8,2120351.9,53.65365060393985,58.5920667225096,-4.938416118569754,2.360056366115455,-2.5783597524543,0.0,True,EUROSTAT_GOV10A_MAIN,"TR and TE as published by EUROSTAT_GOV10A_MAIN; NLB = TR - TE (B.9, cross-checked against the anchor's own B.9 in b9_anchor_lcu_mn); NI = GF01_7 - R07 from the two trees; PB = NLB + NI. Outturn years only: the ledger is never built from partially covered forecast lines (§4.3)."
FRA,France,strict,2014,actual,EUR,1159145.1,1257649.1,-98504.0,49398.6,-49105.4,-98504.0,2153733.1,53.820276059275876,58.39391612637611,-4.573640067100236,2.2936268194048743,-2.280013247695362,0.0,True,EUROSTAT_GOV10A_MAIN,"TR and TE as published by EUROSTAT_GOV10A_MAIN; NLB = TR - TE (B.9, cross-checked against the anchor's own B.9 in b9_anchor_lcu_mn); NI = GF01_7 - R07 from the two trees; PB = NLB + NI. Outturn years only: the ledger is never built from partially covered forecast lines (§4.3)."
FRA,France,strict,2015,actual,EUR,1182326.8,1268007.8,-85681.0,46695.2,-38985.8,-85681.0,2201401.6,53.70791045123252,57.60002173160953,-3.8921112803770104,2.1211577206085432,-1.7709535597684676,0.0,True,EUROSTAT_GOV10A_MAIN,"TR and TE as published by EUROSTAT_GOV10A_MAIN; NLB = TR - TE (B.9, cross-checked against the anchor's own B.9 in b9_anchor_lcu_mn); NI = GF01_7 - R07 from the two trees; PB = NLB + NI. Outturn years only: the ledger is never built from partially covered forecast lines (§4.3)."
FRA,France,strict,2016,actual,EUR,1196622.9,1280648.1,-84025.20000000019,45238.9,-38786.300000000185,-84025.2,2231819.2,53.616480223846075,57.38135508467711,-3.764874860831029,2.026996631268339,-1.7378782295626896,0.0,True,EUROSTAT_GOV10A_MAIN,"TR and TE as published by EUROSTAT_GOV10A_MAIN; NLB = TR - TE (B.9, cross-checked against the anchor's own B.9 in b9_anchor_lcu_mn); NI = GF01_7 - R07 from the two trees; PB = NLB + NI. Outturn years only: the ledger is never built from partially covered forecast lines (§4.3)."
FRA,France,strict,2017,actual,EUR,1244386.9,1321444.6,-77057.70000000019,43611.9,-33445.800000000185,-77057.7,2291680.5,54.300191497025864,57.66268901794994,-3.3624975209240637,1.9030532397513529,-1.4594442811727109,0.0,True,EUROSTAT_GOV10A_MAIN,"TR and TE as published by EUROSTAT_GOV10A_MAIN; NLB = TR - TE (B.9, cross-checked against the anchor's own B.9 in b9_anchor_lcu_mn); NI = GF01_7 - R07 from the two trees; PB = NLB + NI. Outturn years only: the ledger is never built from partially covered forecast lines (§4.3)."
FRA,France,strict,2018,actual,EUR,1273016.1,1327632.3,-54616.19999999995,43910.200000000004,-10705.999999999949,-54616.2,2355362.8,54.04755904270885,56.36636105486595,-2.3188020121571062,1.8642648172926908,-0.45453719486441535,0.0,True,EUROSTAT_GOV10A_MAIN,"TR and TE as published by EUROSTAT_GOV10A_MAIN; NLB = TR - TE (B.9, cross-checked against the anchor's own B.9 in b9_anchor_lcu_mn); NI = GF01_7 - R07 from the two trees; PB = NLB + NI. Outturn years only: the ledger is never built from partially covered forecast lines (§4.3)."
FRA,France,strict,2019,actual,EUR,1287929.2,1346154.7,-58225.5,38997.4,-19228.1,-58225.5,2432206.8,52.953112375148365,55.347049436750204,-2.3939370616018345,1.6033751735255408,-0.7905618880762935,0.0,True,EUROSTAT_GOV10A_MAIN,"TR and TE as published by EUROSTAT_GOV10A_MAIN; NLB = TR - TE (B.9, cross-checked against the anchor's own B.9 in b9_anchor_lcu_mn); NI = GF01_7 - R07 from the two trees; PB = NLB + NI. Outturn years only: the ledger is never built from partially covered forecast lines (§4.3)."
FRA,France,strict,2020,actual,EUR,1223272.6,1430357.0,-207084.3999999999,32520.8,-174563.59999999992,-207084.4,2318276.2,52.76647364106141,61.69916250703863,-8.932688865977225,1.4028009259638692,-7.5298879400133565,0.0,True,EUROSTAT_GOV10A_MAIN,"TR and TE as published by EUROSTAT_GOV10A_MAIN; NLB = TR - TE (B.9, cross-checked against the anchor's own B.9 in b9_anchor_lcu_mn); NI = GF01_7 - R07 from the two trees; PB = NLB + NI. Outturn years only: the ledger is never built from partially covered forecast lines (§4.3)."
FRA,France,strict,2021,actual,EUR,1326231.8,1491381.1,-165149.30000000005,37212.8,-127936.50000000004,-165149.3,2508102.3,52.87789895970352,59.4625306950199,-6.58463173531638,1.483703435860651,-5.10092829945573,0.0,True,EUROSTAT_GOV10A_MAIN,"TR and TE as published by EUROSTAT_GOV10A_MAIN; NLB = TR - TE (B.9, cross-checked against the anchor's own B.9 in b9_anchor_lcu_mn); NI = GF01_7 - R07 from the two trees; PB = NLB + NI. Outturn years only: the ledger is never built from partially covered forecast lines (§4.3)."
FRA,France,strict,2022,actual,EUR,1424435.6,1550331.4,-125895.79999999981,51873.6,-74022.19999999981,-125895.8,2653997.2,53.671330173219474,58.41495989521013,-4.743629721990656,1.9545461464691822,-2.789083575521474,0.0,True,EUROSTAT_GOV10A_MAIN,"TR and TE as published by EUROSTAT_GOV10A_MAIN; NLB = TR - TE (B.9, cross-checked against the anchor's own B.9 in b9_anchor_lcu_mn); NI = GF01_7 - R07 from the two trees; PB = NLB + NI. Outturn years only: the ledger is never built from partially covered forecast lines (§4.3)."
FRA,France,strict,2023,actual,EUR,1456350.5,1608270.8,-151920.30000000005,46532.9,-105387.40000000005,-151920.3,2833826.4,51.3916625238582,56.75262253185305,-5.360960007994845,1.642051891393206,-3.7189081166016402,0.0,True,EUROSTAT_GOV10A_MAIN,"TR and TE as published by EUROSTAT_GOV10A_MAIN; NLB = TR - TE (B.9, cross-checked against the anchor's own B.9 in b9_anchor_lcu_mn); NI = GF01_7 - R07 from the two trees; PB = NLB + NI. Outturn years only: the ledger is never built from partially covered forecast lines (§4.3)."
FRA,France,strict,2024,actual,EUR,1503590.1,1672708.2,-169118.09999999986,53489.399999999994,-115628.69999999987,-169118.1,2935236.2,51.22552317936117,56.987175342141114,-5.761652162779944,1.8223201253786658,-3.9393320374012784,0.0,True,EUROSTAT_GOV10A_MAIN,"TR and TE as published by EUROSTAT_GOV10A_MAIN; NLB = TR - TE (B.9, cross-checked against the anchor's own B.9 in b9_anchor_lcu_mn); NI = GF01_7 - R07 from the two trees; PB = NLB + NI. Outturn years only: the ledger is never built from partially covered forecast lines (§4.3)."
FRA,France,strict,2025,actual,EUR,1561626.1,1714137.2,-152511.09999999986,,,-152511.1,2979085.0999999996,52.41965394006368,57.539047810349565,-5.119393870285877,,,0.0,False,EUROSTAT_GOV10A_MAIN,"TR and TE as published by EUROSTAT_GOV10A_MAIN; NLB = TR - TE (B.9, cross-checked against the anchor's own B.9 in b9_anchor_lcu_mn); NI = GF01_7 - R07 from the two trees; PB = NLB + NI. Outturn years only: the ledger is never built from partially covered forecast lines (§4.3)."
GBR,United Kingdom,maximum_extension,1990,actual,GBP,227587.0,237527.0,-9940.0,,,-9940.0,672977.0,33.81794622996031,35.29496550402168,-1.4770192740613721,,,0.0,False,ONS_GG_RECEIPTS,"TR and TE as published by ONS_GG_RECEIPTS; NLB = TR - TE (B.9, cross-checked against the anchor's own B.9 in b9_anchor_lcu_mn); NI = GF01_7 - R07 from the two trees; PB = NLB + NI. Outturn years only: the ledger is never built from partially covered forecast lines (§4.3)."
GBR,United Kingdom,maximum_extension,1991,actual,GBP,238031.0,257370.0,-19339.0,,,-19339.0,708072.0,33.616779084612865,36.34799850862624,-2.731219424013377,,,0.0,False,ONS_GG_RECEIPTS,"TR and TE as published by ONS_GG_RECEIPTS; NLB = TR - TE (B.9, cross-checked against the anchor's own B.9 in b9_anchor_lcu_mn); NI = GF01_7 - R07 from the two trees; PB = NLB + NI. Outturn years only: the ledger is never built from partially covered forecast lines (§4.3)."
GBR,United Kingdom,maximum_extension,1992,actual,GBP,241577.0,281615.0,-40038.0,,,-40038.0,733221.0,32.947365119111424,38.40792885091943,-5.4605637318080085,,,0.0,False,ONS_GG_RECEIPTS,"TR and TE as published by ONS_GG_RECEIPTS; NLB = TR - TE (B.9, cross-checked against the anchor's own B.9 in b9_anchor_lcu_mn); NI = GF01_7 - R07 from the two trees; PB = NLB + NI. Outturn years only: the ledger is never built from partially covered forecast lines (§4.3)."
GBR,United Kingdom,maximum_extension,1993,actual,GBP,244677.0,298094.0,-53417.0,,,-53417.0,772390.0,31.67790882844159,38.59371560998977,-6.915806781548182,,,0.0,False,ONS_GG_RECEIPTS,"TR and TE as published by ONS_GG_RECEIPTS; NLB = TR - TE (B.9, cross-checked against the anchor's own B.9 in b9_anchor_lcu_mn); NI = GF01_7 - R07 from the two trees; PB = NLB + NI. Outturn years only: the ledger is never built from partially covered forecast lines (§4.3)."
GBR,United Kingdom,maximum_extension,1994,actual,GBP,262194.0,311997.0,-49803.0,,,-49803.0,813527.0,32.22929294295088,38.351154909425254,-6.121861966474376,,,0.0,False,ONS_GG_RECEIPTS,"TR and TE as published by ONS_GG_RECEIPTS; NLB = TR - TE (B.9, cross-checked against the anchor's own B.9 in b9_anchor_lcu_mn); NI = GF01_7 - R07 from the two trees; PB = NLB + NI. Outturn years only: the ledger is never built from partially covered forecast lines (§4.3)."
GBR,United Kingdom,maximum_extension,1995,actual,GBP,282664.0,328874.0,-46210.0,22906.0,-23304.0,-46210.0,854921.0,33.06317191880887,38.46834970716593,-5.405177788357053,2.6793118896365864,-2.7258658987204667,0.0,True,ONS_GG_RECEIPTS,"TR and TE as published by ONS_GG_RECEIPTS; NLB = TR - TE (B.9, cross-checked against the anchor's own B.9 in b9_anchor_lcu_mn); NI = GF01_7 - R07 from the two trees; PB = NLB + NI. Outturn years only: the ledger is never built from partially covered forecast lines (§4.3)."
GBR,United Kingdom,maximum_extension,1996,actual,GBP,300002.0,337467.0,-37465.0,24263.0,-13202.0,-37465.0,913609.0,32.83702327801061,36.93779286324894,-4.100769585238324,2.655731281106031,-1.445038304132293,0.0,True,ONS_GG_RECEIPTS,"TR and TE as published by ONS_GG_RECEIPTS; NLB = TR - TE (B.9, cross-checked against the anchor's own B.9 in b9_anchor_lcu_mn); NI = GF01_7 - R07 from the two trees; PB = NLB + NI. Outturn years only: the ledger is never built from partially covered forecast lines (§4.3)."
GBR,United Kingdom,maximum_extension,1997,actual,GBP,322933.0,341776.0,-18843.0,24571.0,5728.0,-18843.0,958539.0,33.69012632767159,35.655930535951065,-1.9658042082794753,2.5633803110775877,0.5975761027981126,0.0,True,ONS_GG_RECEIPTS,"TR and TE as published by ONS_GG_RECEIPTS; NLB = TR - TE (B.9, cross-checked against the anchor's own B.9 in b9_anchor_lcu_mn); NI = GF01_7 - R07 from the two trees; PB = NLB + NI. Outturn years only: the ledger is never built from partially covered forecast lines (§4.3)."
GBR,United Kingdom,maximum_extension,1998,actual,GBP,351490.0,353573.0,-2083.0,25469.0,23386.0,-2083.0,1002804.0,35.050717787324345,35.25843534728621,-0.20771755996186692,2.5397784611948095,2.3320609012329427,0.0,True,ONS_GG_RECEIPTS,"TR and TE as published by ONS_GG_RECEIPTS; NLB = TR - TE (B.9, cross-checked against the anchor's own B.9 in b9_anchor_lcu_mn); NI = GF01_7 - R07 from the two trees; PB = NLB + NI. Outturn years only: the ledger is never built from partially covered forecast lines (§4.3)."
GBR,United Kingdom,maximum_extension,1999,actual,GBP,372689.0,364712.0,7977.0,22892.0,30869.0,7977.0,1046727.0,35.605176899038625,34.84308707045868,0.7620898285799449,2.1870076915948475,2.9490975201747927,0.0,True,ONS_GG_RECEIPTS,"TR and TE as published by ONS_GG_RECEIPTS; NLB = TR - TE (B.9, cross-checked against the anchor's own B.9 in b9_anchor_lcu_mn); NI = GF01_7 - R07 from the two trees; PB = NLB + NI. Outturn years only: the ledger is never built from partially covered forecast lines (§4.3)."
GBR,United Kingdom,maximum_extension,2000,actual,GBP,402079.0,386659.0,15420.0,23486.0,38906.0,15420.0,1104759.0,36.39517759076867,34.99939805876214,1.395779532006528,2.1258935206683085,3.5216730526748368,0.0,True,ONS_GG_RECEIPTS,"TR and TE as published by ONS_GG_RECEIPTS; NLB = TR - TE (B.9, cross-checked against the anchor's own B.9 in b9_anchor_lcu_mn); NI = GF01_7 - R07 from the two trees; PB = NLB + NI. Outturn years only: the ledger is never built from partially covered forecast lines (§4.3)."
GBR,United Kingdom,maximum_extension,2001,actual,GBP,417942.0,414039.0,3903.0,21385.0,25288.0,3903.0,1150542.0,36.32566216617907,35.98643074307587,0.3392314231031983,1.8586892090858047,2.1979206321890032,0.0,True,ONS_GG_RECEIPTS,"TR and TE as published by ONS_GG_RECEIPTS; NLB = TR - TE (B.9, cross-checked against the anchor's own B.9 in b9_anchor_lcu_mn); NI = GF01_7 - R07 from the two trees; PB = NLB + NI. Outturn years only: the ledger is never built from partially covered forecast lines (§4.3)."
GBR,United Kingdom,maximum_extension,2002,actual,GBP,423991.0,447236.0,-23245.0,19557.0,-3688.0,-23245.0,1194646.0,35.49093204179314,37.43669672857064,-1.9457646867775056,1.6370539892152152,-0.3087106975622904,0.0,True,ONS_GG_RECEIPTS,"TR and TE as published by ONS_GG_RECEIPTS; NLB = TR - TE (B.9, cross-checked against the anchor's own B.9 in b9_anchor_lcu_mn); NI = GF01_7 - R07 from the two trees; PB = NLB + NI. Outturn years only: the ledger is never built from partially covered forecast lines (§4.3)."
GBR,United Kingdom,maximum_extension,2003,actual,GBP,447902.0,488220.0,-40318.0,20662.0,-19656.0,-40318.0,1262502.0,35.47732993690307,38.67082982838839,-3.1934998914853203,1.6365914667857953,-1.5569084246995253,0.0,True,ONS_GG_RECEIPTS,"TR and TE as published by ONS_GG_RECEIPTS; NLB = TR - TE (B.9, cross-checked against the anchor's own B.9 in b9_anchor_lcu_mn); NI = GF01_7 - R07 from the two trees; PB = NLB + NI. Outturn years only: the ledger is never built from partially covered forecast lines (§4.3)."
GBR,United Kingdom,maximum_extension,2004,actual,GBP,488059.0,529773.0,-41714.0,22421.0,-19293.0,-41714.0,1327143.0,36.775162887495924,39.91830571385299,-3.143142826357069,1.6894185479635577,-1.4537242783935114,0.0,True,ONS_GG_RECEIPTS,"TR and TE as published by ONS_GG_RECEIPTS; NLB = TR - TE (B.9, cross-checked against the anchor's own B.9 in b9_anchor_lcu_mn); NI = GF01_7 - R07 from the two trees; PB = NLB + NI. Outturn years only: the ledger is never built from partially covered forecast lines (§4.3)."
GBR,United Kingdom,maximum_extension,2005,actual,GBP,532688.0,576622.0,-43934.0,25562.0,-18372.0,-43934.0,1403249.0,37.961046115122834,41.091923101317015,-3.130876986194182,1.8216296608798581,-1.3092473253143242,0.0,True,ONS_GG_RECEIPTS,"TR and TE as published by ONS_GG_RECEIPTS; NLB = TR - TE (B.9, cross-checked against the anchor's own B.9 in b9_anchor_lcu_mn); NI = GF01_7 - R07 from the two trees; PB = NLB + NI. Outturn years only: the ledger is never built from partially covered forecast lines (§4.3)."
GBR,United Kingdom,maximum_extension,2006,actual,GBP,561010.0,601477.0,-40467.0,26476.0,-13991.0,-40467.0,1478080.0,37.955320415674386,40.69312892400953,-2.7378085083351373,1.7912426932236414,-0.946565815111496,0.0,True,ONS_GG_RECEIPTS,"TR and TE as published by ONS_GG_RECEIPTS; NLB = TR - TE (B.9, cross-checked against the anchor's own B.9 in b9_anchor_lcu_mn); NI = GF01_7 - R07 from the two trees; PB = NLB + NI. Outturn years only: the ledger is never built from partially covered forecast lines (§4.3)."
GBR,United Kingdom,maximum_extension,2007,actual,GBP,594042.0,634877.0,-40835.0,29330.0,-11505.0,-40835.0,1551729.0,38.282586714561624,40.91416735783117,-2.63158064326954,1.8901496330867051,-0.7414310101828347,0.0,True,ONS_GG_RECEIPTS,"TR and TE as published by ONS_GG_RECEIPTS; NLB = TR - TE (B.9, cross-checked against the anchor's own B.9 in b9_anchor_lcu_mn); NI = GF01_7 - R07 from the two trees; PB = NLB + NI. Outturn years only: the ledger is never built from partially covered forecast lines (§4.3)."
GBR,United Kingdom,maximum_extension,2008,actual,GBP,625274.0,706148.0,-80874.0,28203.0,-52671.0,-80874.0,1602217.0,39.02555022197368,44.07318109844047,-5.047630876466796,1.7602484557335243,-3.2873824207332714,0.0,True,ONS_GG_RECEIPTS,"TR and TE as published by ONS_GG_RECEIPTS; NLB = TR - TE (B.9, cross-checked against the anchor's own B.9 in b9_anchor_lcu_mn); NI = GF01_7 - R07 from the two trees; PB = NLB + NI. Outturn years only: the ledger is never built from partially covered forecast lines (§4.3)."
GBR,United Kingdom,maximum_extension,2009,actual,GBP,576520.0,732024.0,-155504.0,24825.0,-130679.0,-155504.0,1559405.0,36.970511188562305,46.94251974310715,-9.972008554544843,1.5919533411782059,-8.380055213366637,0.0,True,ONS_GG_RECEIPTS,"TR and TE as published by ONS_GG_RECEIPTS; NLB = TR - TE (B.9, cross-checked against the anchor's own B.9 in b9_anchor_lcu_mn); NI = GF01_7 - R07 from the two trees; PB = NLB + NI. Outturn years only: the ledger is never built from partially covered forecast lines (§4.3)."
GBR,United Kingdom,maximum_extension,2010,actual,GBP,612140.0,761564.0,-149424.0,42323.0,-107101.0,-149424.0,1615839.0,37.88372480179028,47.13118076739081,-9.247455965600533,2.6192584781033257,-6.628197487497207,0.0,True,ONS_GG_RECEIPTS,"TR and TE as published by ONS_GG_RECEIPTS; NLB = TR - TE (B.9, cross-checked against the anchor's own B.9 in b9_anchor_lcu_mn); NI = GF01_7 - R07 from the two trees; PB = NLB + NI. Outturn years only: the ledger is never built from partially covered forecast lines (§4.3)."
GBR,United Kingdom,maximum_extension,2011,actual,GBP,637367.0,761359.0,-123992.0,48398.0,-75594.0,-123992.0,1669945.0,38.16694561796945,45.59186080978715,-7.4249151918176945,2.8981792813535776,-4.526735910464117,0.0,True,ONS_GG_RECEIPTS,"TR and TE as published by ONS_GG_RECEIPTS; NLB = TR - TE (B.9, cross-checked against the anchor's own B.9 in b9_anchor_lcu_mn); NI = GF01_7 - R07 from the two trees; PB = NLB + NI. Outturn years only: the ledger is never built from partially covered forecast lines (§4.3)."
GBR,United Kingdom,maximum_extension,2012,actual,GBP,643820.0,780852.0,-137032.0,44754.0,-92278.0,-137032.0,1721708.0,37.39426197705999,45.3533351764643,-7.959073199404313,2.5993954840193574,-5.359677715384955,0.0,True,ONS_GG_RECEIPTS,"TR and TE as published by ONS_GG_RECEIPTS; NLB = TR - TE (B.9, cross-checked against the anchor's own B.9 in b9_anchor_lcu_mn); NI = GF01_7 - R07 from the two trees; PB = NLB + NI. Outturn years only: the ledger is never built from partially covered forecast lines (§4.3)."
GBR,United Kingdom,maximum_extension,2013,actual,GBP,685641.0,780359.0,-94718.0,45690.0,-49028.0,-94718.0,1789072.0,38.32383492671061,43.61808803670283,-5.294253109992219,2.5538379673931515,-2.740415142599068,0.0,True,ONS_GG_RECEIPTS,"TR and TE as published by ONS_GG_RECEIPTS; NLB = TR - TE (B.9, cross-checked against the anchor's own B.9 in b9_anchor_lcu_mn); NI = GF01_7 - R07 from the two trees; PB = NLB + NI. Outturn years only: the ledger is never built from partially covered forecast lines (§4.3)."
GBR,United Kingdom,maximum_extension,2014,actual,GBP,700490.0,803006.0,-102516.0,44668.0,-57848.0,-102516.0,1875066.0,37.35815165972824,42.82547920979848,-5.467327550070237,2.382209479559653,-3.0851180705105845,0.0,True,ONS_GG_RECEIPTS,"TR and TE as published by ONS_GG_RECEIPTS; NLB = TR - TE (B.9, cross-checked against the anchor's own B.9 in b9_anchor_lcu_mn); NI = GF01_7 - R07 from the two trees; PB = NLB + NI. Outturn years only: the ledger is never built from partially covered forecast lines (§4.3)."
GBR,United Kingdom,maximum_extension,2015,actual,GBP,725144.0,812579.0,-87435.0,39434.0,-48001.0,-87435.0,1928016.0,37.610891195923685,42.14586393473913,-4.534972738815446,2.045314976639198,-2.4896577621762477,0.0,True,ONS_GG_RECEIPTS,"TR and TE as published by ONS_GG_RECEIPTS; NLB = TR - TE (B.9, cross-checked against the anchor's own B.9 in b9_anchor_lcu_mn); NI = GF01_7 - R07 from the two trees; PB = NLB + NI. Outturn years only: the ledger is never built from partially covered forecast lines (§4.3)."
GBR,United Kingdom,maximum_extension,2016,actual,GBP,763115.0,828878.0,-65763.0,44321.0,-21442.0,-65763.0,2004755.0,38.06524986843779,41.34560083401713,-3.280350965579335,2.210793837650985,-1.0695571279283504,0.0,True,ONS_GG_RECEIPTS,"TR and TE as published by ONS_GG_RECEIPTS; NLB = TR - TE (B.9, cross-checked against the anchor's own B.9 in b9_anchor_lcu_mn); NI = GF01_7 - R07 from the two trees; PB = NLB + NI. Outturn years only: the ledger is never built from partially covered forecast lines (§4.3)."
GBR,United Kingdom,maximum_extension,2017,actual,GBP,805501.0,857578.0,-52077.0,51080.0,-997.0,-52077.0,2097222.0,38.40799877170848,40.89114075667717,-2.4831419849686873,2.435602907083752,-0.0475390778849354,0.0,True,ONS_GG_RECEIPTS,"TR and TE as published by ONS_GG_RECEIPTS; NLB = TR - TE (B.9, cross-checked against the anchor's own B.9 in b9_anchor_lcu_mn); NI = GF01_7 - R07 from the two trees; PB = NLB + NI. Outturn years only: the ledger is never built from partially covered forecast lines (§4.3)."
GBR,United Kingdom,maximum_extension,2018,actual,GBP,832110.0,880582.0,-48472.0,47713.0,-759.0,-48472.0,2171559.0,38.31855362898268,40.55068271228182,-2.2321290832991414,2.1971772353410612,-0.03495184795807989,0.0,True,ONS_GG_RECEIPTS,"TR and TE as published by ONS_GG_RECEIPTS; NLB = TR - TE (B.9, cross-checked against the anchor's own B.9 in b9_anchor_lcu_mn); NI = GF01_7 - R07 from the two trees; PB = NLB + NI. Outturn years only: the ledger is never built from partially covered forecast lines (§4.3)."
GBR,United Kingdom,maximum_extension,2019,actual,GBP,859047.0,912674.0,-53627.0,43024.0,-10603.0,-53627.0,2252961.0,38.129687997262266,40.50997775815915,-2.380289760896882,1.9096646590864201,-0.47062510181046185,0.0,True,ONS_GG_RECEIPTS,"TR and TE as published by ONS_GG_RECEIPTS; NLB = TR - TE (B.9, cross-checked against the anchor's own B.9 in b9_anchor_lcu_mn); NI = GF01_7 - R07 from the two trees; PB = NLB + NI. Outturn years only: the ledger is never built from partially covered forecast lines (§4.3)."
GBR,United Kingdom,maximum_extension,2020,actual,GBP,825490.0,1099852.0,-274362.0,36298.0,-238064.0,-274362.0,2124720.0,38.8517075191084,51.76456191874694,-12.91285439963854,1.7083662788508605,-11.20448812078768,0.0,True,ONS_GG_RECEIPTS,"TR and TE as published by ONS_GG_RECEIPTS; NLB = TR - TE (B.9, cross-checked against the anchor's own B.9 in b9_anchor_lcu_mn); NI = GF01_7 - R07 from the two trees; PB = NLB + NI. Outturn years only: the ledger is never built from partially covered forecast lines (§4.3)."
GBR,United Kingdom,maximum_extension,2021,actual,GBP,926020.0,1101087.0,-175067.0,57676.0,-117391.0,-175067.0,2322652.0,39.86908068879884,47.4064560683219,-7.537375379523063,2.4831959329249496,-5.054179446598113,0.0,True,ONS_GG_RECEIPTS,"TR and TE as published by ONS_GG_RECEIPTS; NLB = TR - TE (B.9, cross-checked against the anchor's own B.9 in b9_anchor_lcu_mn); NI = GF01_7 - R07 from the two trees; PB = NLB + NI. Outturn years only: the ledger is never built from partially covered forecast lines (§4.3)."
GBR,United Kingdom,maximum_extension,2022,actual,GBP,1056873.0,1175592.0,-118719.0,100283.0,-18436.0,-118719.0,2580949.0,40.94900751622756,45.548827194958136,-4.599819678730576,3.885508779910025,-0.7143108988205501,0.0,True,ONS_GG_RECEIPTS,"TR and TE as published by ONS_GG_RECEIPTS; NLB = TR - TE (B.9, cross-checked against the anchor's own B.9 in b9_anchor_lcu_mn); NI = GF01_7 - R07 from the two trees; PB = NLB + NI. Outturn years only: the ledger is never built from partially covered forecast lines (§4.3)."
GBR,United Kingdom,maximum_extension,2023,actual,GBP,1114183.0,1280766.0,-166583.0,70508.0,-96075.0,-166583.0,2752164.0,40.483888314795195,46.53668894731564,-6.052800632520445,2.5619112814497975,-3.4908893510706482,0.0,True,ONS_GG_RECEIPTS,"TR and TE as published by ONS_GG_RECEIPTS; NLB = TR - TE (B.9, cross-checked against the anchor's own B.9 in b9_anchor_lcu_mn); NI = GF01_7 - R07 from the two trees; PB = NLB + NI. Outturn years only: the ledger is never built from partially covered forecast lines (§4.3)."
GBR,United Kingdom,maximum_extension,2024,actual,GBP,1162812.0,1337389.0,-174577.0,64640.0,-109937.0,-174577.0,2890254.0,40.23217336607786,46.272369141258864,-6.0401957751810045,2.2364816379460075,-3.8037141372349974,0.0,True,ONS_GG_RECEIPTS,"TR and TE as published by ONS_GG_RECEIPTS; NLB = TR - TE (B.9, cross-checked against the anchor's own B.9 in b9_anchor_lcu_mn); NI = GF01_7 - R07 from the two trees; PB = NLB + NI. Outturn years only: the ledger is never built from partially covered forecast lines (§4.3)."
GBR,United Kingdom,maximum_extension,2025,actual,GBP,1246259.0,1403741.0,-157482.0,,,-157482.0,3039861.0,40.997236386795315,46.17780220871941,-5.180565821924095,,,0.0,False,ONS_GG_RECEIPTS,"TR and TE as published by ONS_GG_RECEIPTS; NLB = TR - TE (B.9, cross-checked against the anchor's own B.9 in b9_anchor_lcu_mn); NI = GF01_7 - R07 from the two trees; PB = NLB + NI. Outturn years only: the ledger is never built from partially covered forecast lines (§4.3)."
GBR,United Kingdom,strict,1990,actual,GBP,227587.0,237527.0,-9940.0,,,-9940.0,672977.0,33.81794622996031,35.29496550402168,-1.4770192740613721,,,0.0,False,ONS_GG_RECEIPTS,"TR and TE as published by ONS_GG_RECEIPTS; NLB = TR - TE (B.9, cross-checked against the anchor's own B.9 in b9_anchor_lcu_mn); NI = GF01_7 - R07 from the two trees; PB = NLB + NI. Outturn years only: the ledger is never built from partially covered forecast lines (§4.3)."
GBR,United Kingdom,strict,1991,actual,GBP,238031.0,257370.0,-19339.0,,,-19339.0,708072.0,33.616779084612865,36.34799850862624,-2.731219424013377,,,0.0,False,ONS_GG_RECEIPTS,"TR and TE as published by ONS_GG_RECEIPTS; NLB = TR - TE (B.9, cross-checked against the anchor's own B.9 in b9_anchor_lcu_mn); NI = GF01_7 - R07 from the two trees; PB = NLB + NI. Outturn years only: the ledger is never built from partially covered forecast lines (§4.3)."
GBR,United Kingdom,strict,1992,actual,GBP,241577.0,281615.0,-40038.0,,,-40038.0,733221.0,32.947365119111424,38.40792885091943,-5.4605637318080085,,,0.0,False,ONS_GG_RECEIPTS,"TR and TE as published by ONS_GG_RECEIPTS; NLB = TR - TE (B.9, cross-checked against the anchor's own B.9 in b9_anchor_lcu_mn); NI = GF01_7 - R07 from the two trees; PB = NLB + NI. Outturn years only: the ledger is never built from partially covered forecast lines (§4.3)."
GBR,United Kingdom,strict,1993,actual,GBP,244677.0,298094.0,-53417.0,,,-53417.0,772390.0,31.67790882844159,38.59371560998977,-6.915806781548182,,,0.0,False,ONS_GG_RECEIPTS,"TR and TE as published by ONS_GG_RECEIPTS; NLB = TR - TE (B.9, cross-checked against the anchor's own B.9 in b9_anchor_lcu_mn); NI = GF01_7 - R07 from the two trees; PB = NLB + NI. Outturn years only: the ledger is never built from partially covered forecast lines (§4.3)."
GBR,United Kingdom,strict,1994,actual,GBP,262194.0,311997.0,-49803.0,,,-49803.0,813527.0,32.22929294295088,38.351154909425254,-6.121861966474376,,,0.0,False,ONS_GG_RECEIPTS,"TR and TE as published by ONS_GG_RECEIPTS; NLB = TR - TE (B.9, cross-checked against the anchor's own B.9 in b9_anchor_lcu_mn); NI = GF01_7 - R07 from the two trees; PB = NLB + NI. Outturn years only: the ledger is never built from partially covered forecast lines (§4.3)."
GBR,United Kingdom,strict,1995,actual,GBP,282664.0,328874.0,-46210.0,22906.0,-23304.0,-46210.0,854921.0,33.06317191880887,38.46834970716593,-5.405177788357053,2.6793118896365864,-2.7258658987204667,0.0,True,ONS_GG_RECEIPTS,"TR and TE as published by ONS_GG_RECEIPTS; NLB = TR - TE (B.9, cross-checked against the anchor's own B.9 in b9_anchor_lcu_mn); NI = GF01_7 - R07 from the two trees; PB = NLB + NI. Outturn years only: the ledger is never built from partially covered forecast lines (§4.3)."
GBR,United Kingdom,strict,1996,actual,GBP,300002.0,337467.0,-37465.0,24263.0,-13202.0,-37465.0,913609.0,32.83702327801061,36.93779286324894,-4.100769585238324,2.655731281106031,-1.445038304132293,0.0,True,ONS_GG_RECEIPTS,"TR and TE as published by ONS_GG_RECEIPTS; NLB = TR - TE (B.9, cross-checked against the anchor's own B.9 in b9_anchor_lcu_mn); NI = GF01_7 - R07 from the two trees; PB = NLB + NI. Outturn years only: the ledger is never built from partially covered forecast lines (§4.3)."
GBR,United Kingdom,strict,1997,actual,GBP,322933.0,341776.0,-18843.0,24571.0,5728.0,-18843.0,958539.0,33.69012632767159,35.655930535951065,-1.9658042082794753,2.5633803110775877,0.5975761027981126,0.0,True,ONS_GG_RECEIPTS,"TR and TE as published by ONS_GG_RECEIPTS; NLB = TR - TE (B.9, cross-checked against the anchor's own B.9 in b9_anchor_lcu_mn); NI = GF01_7 - R07 from the two trees; PB = NLB + NI. Outturn years only: the ledger is never built from partially covered forecast lines (§4.3)."
GBR,United Kingdom,strict,1998,actual,GBP,351490.0,353573.0,-2083.0,25469.0,23386.0,-2083.0,1002804.0,35.050717787324345,35.25843534728621,-0.20771755996186692,2.5397784611948095,2.3320609012329427,0.0,True,ONS_GG_RECEIPTS,"TR and TE as published by ONS_GG_RECEIPTS; NLB = TR - TE (B.9, cross-checked against the anchor's own B.9 in b9_anchor_lcu_mn); NI = GF01_7 - R07 from the two trees; PB = NLB + NI. Outturn years only: the ledger is never built from partially covered forecast lines (§4.3)."
GBR,United Kingdom,strict,1999,actual,GBP,372689.0,364712.0,7977.0,22892.0,30869.0,7977.0,1046727.0,35.605176899038625,34.84308707045868,0.7620898285799449,2.1870076915948475,2.9490975201747927,0.0,True,ONS_GG_RECEIPTS,"TR and TE as published by ONS_GG_RECEIPTS; NLB = TR - TE (B.9, cross-checked against the anchor's own B.9 in b9_anchor_lcu_mn); NI = GF01_7 - R07 from the two trees; PB = NLB + NI. Outturn years only: the ledger is never built from partially covered forecast lines (§4.3)."
GBR,United Kingdom,strict,2000,actual,GBP,402079.0,386659.0,15420.0,23486.0,38906.0,15420.0,1104759.0,36.39517759076867,34.99939805876214,1.395779532006528,2.1258935206683085,3.5216730526748368,0.0,True,ONS_GG_RECEIPTS,"TR and TE as published by ONS_GG_RECEIPTS; NLB = TR - TE (B.9, cross-checked against the anchor's own B.9 in b9_anchor_lcu_mn); NI = GF01_7 - R07 from the two trees; PB = NLB + NI. Outturn years only: the ledger is never built from partially covered forecast lines (§4.3)."
GBR,United Kingdom,strict,2001,actual,GBP,417942.0,414039.0,3903.0,21385.0,25288.0,3903.0,1150542.0,36.32566216617907,35.98643074307587,0.3392314231031983,1.8586892090858047,2.1979206321890032,0.0,True,ONS_GG_RECEIPTS,"TR and TE as published by ONS_GG_RECEIPTS; NLB = TR - TE (B.9, cross-checked against the anchor's own B.9 in b9_anchor_lcu_mn); NI = GF01_7 - R07 from the two trees; PB = NLB + NI. Outturn years only: the ledger is never built from partially covered forecast lines (§4.3)."
GBR,United Kingdom,strict,2002,actual,GBP,423991.0,447236.0,-23245.0,19557.0,-3688.0,-23245.0,1194646.0,35.49093204179314,37.43669672857064,-1.9457646867775056,1.6370539892152152,-0.3087106975622904,0.0,True,ONS_GG_RECEIPTS,"TR and TE as published by ONS_GG_RECEIPTS; NLB = TR - TE (B.9, cross-checked against the anchor's own B.9 in b9_anchor_lcu_mn); NI = GF01_7 - R07 from the two trees; PB = NLB + NI. Outturn years only: the ledger is never built from partially covered forecast lines (§4.3)."
GBR,United Kingdom,strict,2003,actual,GBP,447902.0,488220.0,-40318.0,20662.0,-19656.0,-40318.0,1262502.0,35.47732993690307,38.67082982838839,-3.1934998914853203,1.6365914667857953,-1.5569084246995253,0.0,True,ONS_GG_RECEIPTS,"TR and TE as published by ONS_GG_RECEIPTS; NLB = TR - TE (B.9, cross-checked against the anchor's own B.9 in b9_anchor_lcu_mn); NI = GF01_7 - R07 from the two trees; PB = NLB + NI. Outturn years only: the ledger is never built from partially covered forecast lines (§4.3)."
GBR,United Kingdom,strict,2004,actual,GBP,488059.0,529773.0,-41714.0,22421.0,-19293.0,-41714.0,1327143.0,36.775162887495924,39.91830571385299,-3.143142826357069,1.6894185479635577,-1.4537242783935114,0.0,True,ONS_GG_RECEIPTS,"TR and TE as published by ONS_GG_RECEIPTS; NLB = TR - TE (B.9, cross-checked against the anchor's own B.9 in b9_anchor_lcu_mn); NI = GF01_7 - R07 from the two trees; PB = NLB + NI. Outturn years only: the ledger is never built from partially covered forecast lines (§4.3)."
GBR,United Kingdom,strict,2005,actual,GBP,532688.0,576622.0,-43934.0,25562.0,-18372.0,-43934.0,1403249.0,37.961046115122834,41.091923101317015,-3.130876986194182,1.8216296608798581,-1.3092473253143242,0.0,True,ONS_GG_RECEIPTS,"TR and TE as published by ONS_GG_RECEIPTS; NLB = TR - TE (B.9, cross-checked against the anchor's own B.9 in b9_anchor_lcu_mn); NI = GF01_7 - R07 from the two trees; PB = NLB + NI. Outturn years only: the ledger is never built from partially covered forecast lines (§4.3)."
GBR,United Kingdom,strict,2006,actual,GBP,561010.0,601477.0,-40467.0,26476.0,-13991.0,-40467.0,1478080.0,37.955320415674386,40.69312892400953,-2.7378085083351373,1.7912426932236414,-0.946565815111496,0.0,True,ONS_GG_RECEIPTS,"TR and TE as published by ONS_GG_RECEIPTS; NLB = TR - TE (B.9, cross-checked against the anchor's own B.9 in b9_anchor_lcu_mn); NI = GF01_7 - R07 from the two trees; PB = NLB + NI. Outturn years only: the ledger is never built from partially covered forecast lines (§4.3)."
GBR,United Kingdom,strict,2007,actual,GBP,594042.0,634877.0,-40835.0,29330.0,-11505.0,-40835.0,1551729.0,38.282586714561624,40.91416735783117,-2.63158064326954,1.8901496330867051,-0.7414310101828347,0.0,True,ONS_GG_RECEIPTS,"TR and TE as published by ONS_GG_RECEIPTS; NLB = TR - TE (B.9, cross-checked against the anchor's own B.9 in b9_anchor_lcu_mn); NI = GF01_7 - R07 from the two trees; PB = NLB + NI. Outturn years only: the ledger is never built from partially covered forecast lines (§4.3)."
GBR,United Kingdom,strict,2008,actual,GBP,625274.0,706148.0,-80874.0,28203.0,-52671.0,-80874.0,1602217.0,39.02555022197368,44.07318109844047,-5.047630876466796,1.7602484557335243,-3.2873824207332714,0.0,True,ONS_GG_RECEIPTS,"TR and TE as published by ONS_GG_RECEIPTS; NLB = TR - TE (B.9, cross-checked against the anchor's own B.9 in b9_anchor_lcu_mn); NI = GF01_7 - R07 from the two trees; PB = NLB + NI. Outturn years only: the ledger is never built from partially covered forecast lines (§4.3)."
GBR,United Kingdom,strict,2009,actual,GBP,576520.0,732024.0,-155504.0,24825.0,-130679.0,-155504.0,1559405.0,36.970511188562305,46.94251974310715,-9.972008554544843,1.5919533411782059,-8.380055213366637,0.0,True,ONS_GG_RECEIPTS,"TR and TE as published by ONS_GG_RECEIPTS; NLB = TR - TE (B.9, cross-checked against the anchor's own B.9 in b9_anchor_lcu_mn); NI = GF01_7 - R07 from the two trees; PB = NLB + NI. Outturn years only: the ledger is never built from partially covered forecast lines (§4.3)."
GBR,United Kingdom,strict,2010,actual,GBP,612140.0,761564.0,-149424.0,42323.0,-107101.0,-149424.0,1615839.0,37.88372480179028,47.13118076739081,-9.247455965600533,2.6192584781033257,-6.628197487497207,0.0,True,ONS_GG_RECEIPTS,"TR and TE as published by ONS_GG_RECEIPTS; NLB = TR - TE (B.9, cross-checked against the anchor's own B.9 in b9_anchor_lcu_mn); NI = GF01_7 - R07 from the two trees; PB = NLB + NI. Outturn years only: the ledger is never built from partially covered forecast lines (§4.3)."
GBR,United Kingdom,strict,2011,actual,GBP,637367.0,761359.0,-123992.0,48398.0,-75594.0,-123992.0,1669945.0,38.16694561796945,45.59186080978715,-7.4249151918176945,2.8981792813535776,-4.526735910464117,0.0,True,ONS_GG_RECEIPTS,"TR and TE as published by ONS_GG_RECEIPTS; NLB = TR - TE (B.9, cross-checked against the anchor's own B.9 in b9_anchor_lcu_mn); NI = GF01_7 - R07 from the two trees; PB = NLB + NI. Outturn years only: the ledger is never built from partially covered forecast lines (§4.3)."
GBR,United Kingdom,strict,2012,actual,GBP,643820.0,780852.0,-137032.0,44754.0,-92278.0,-137032.0,1721708.0,37.39426197705999,45.3533351764643,-7.959073199404313,2.5993954840193574,-5.359677715384955,0.0,True,ONS_GG_RECEIPTS,"TR and TE as published by ONS_GG_RECEIPTS; NLB = TR - TE (B.9, cross-checked against the anchor's own B.9 in b9_anchor_lcu_mn); NI = GF01_7 - R07 from the two trees; PB = NLB + NI. Outturn years only: the ledger is never built from partially covered forecast lines (§4.3)."
GBR,United Kingdom,strict,2013,actual,GBP,685641.0,780359.0,-94718.0,45690.0,-49028.0,-94718.0,1789072.0,38.32383492671061,43.61808803670283,-5.294253109992219,2.5538379673931515,-2.740415142599068,0.0,True,ONS_GG_RECEIPTS,"TR and TE as published by ONS_GG_RECEIPTS; NLB = TR - TE (B.9, cross-checked against the anchor's own B.9 in b9_anchor_lcu_mn); NI = GF01_7 - R07 from the two trees; PB = NLB + NI. Outturn years only: the ledger is never built from partially covered forecast lines (§4.3)."
GBR,United Kingdom,strict,2014,actual,GBP,700490.0,803006.0,-102516.0,44668.0,-57848.0,-102516.0,1875066.0,37.35815165972824,42.82547920979848,-5.467327550070237,2.382209479559653,-3.0851180705105845,0.0,True,ONS_GG_RECEIPTS,"TR and TE as published by ONS_GG_RECEIPTS; NLB = TR - TE (B.9, cross-checked against the anchor's own B.9 in b9_anchor_lcu_mn); NI = GF01_7 - R07 from the two trees; PB = NLB + NI. Outturn years only: the ledger is never built from partially covered forecast lines (§4.3)."
GBR,United Kingdom,strict,2015,actual,GBP,725144.0,812579.0,-87435.0,39434.0,-48001.0,-87435.0,1928016.0,37.610891195923685,42.14586393473913,-4.534972738815446,2.045314976639198,-2.4896577621762477,0.0,True,ONS_GG_RECEIPTS,"TR and TE as published by ONS_GG_RECEIPTS; NLB = TR - TE (B.9, cross-checked against the anchor's own B.9 in b9_anchor_lcu_mn); NI = GF01_7 - R07 from the two trees; PB = NLB + NI. Outturn years only: the ledger is never built from partially covered forecast lines (§4.3)."
GBR,United Kingdom,strict,2016,actual,GBP,763115.0,828878.0,-65763.0,44321.0,-21442.0,-65763.0,2004755.0,38.06524986843779,41.34560083401713,-3.280350965579335,2.210793837650985,-1.0695571279283504,0.0,True,ONS_GG_RECEIPTS,"TR and TE as published by ONS_GG_RECEIPTS; NLB = TR - TE (B.9, cross-checked against the anchor's own B.9 in b9_anchor_lcu_mn); NI = GF01_7 - R07 from the two trees; PB = NLB + NI. Outturn years only: the ledger is never built from partially covered forecast lines (§4.3)."
GBR,United Kingdom,strict,2017,actual,GBP,805501.0,857578.0,-52077.0,51080.0,-997.0,-52077.0,2097222.0,38.40799877170848,40.89114075667717,-2.4831419849686873,2.435602907083752,-0.0475390778849354,0.0,True,ONS_GG_RECEIPTS,"TR and TE as published by ONS_GG_RECEIPTS; NLB = TR - TE (B.9, cross-checked against the anchor's own B.9 in b9_anchor_lcu_mn); NI = GF01_7 - R07 from the two trees; PB = NLB + NI. Outturn years only: the ledger is never built from partially covered forecast lines (§4.3)."
GBR,United Kingdom,strict,2018,actual,GBP,832110.0,880582.0,-48472.0,47713.0,-759.0,-48472.0,2171559.0,38.31855362898268,40.55068271228182,-2.2321290832991414,2.1971772353410612,-0.03495184795807989,0.0,True,ONS_GG_RECEIPTS,"TR and TE as published by ONS_GG_RECEIPTS; NLB = TR - TE (B.9, cross-checked against the anchor's own B.9 in b9_anchor_lcu_mn); NI = GF01_7 - R07 from the two trees; PB = NLB + NI. Outturn years only: the ledger is never built from partially covered forecast lines (§4.3)."
GBR,United Kingdom,strict,2019,actual,GBP,859047.0,912674.0,-53627.0,43024.0,-10603.0,-53627.0,2252961.0,38.129687997262266,40.50997775815915,-2.380289760896882,1.9096646590864201,-0.47062510181046185,0.0,True,ONS_GG_RECEIPTS,"TR and TE as published by ONS_GG_RECEIPTS; NLB = TR - TE (B.9, cross-checked against the anchor's own B.9 in b9_anchor_lcu_mn); NI = GF01_7 - R07 from the two trees; PB = NLB + NI. Outturn years only: the ledger is never built from partially covered forecast lines (§4.3)."
GBR,United Kingdom,strict,2020,actual,GBP,825490.0,1099852.0,-274362.0,36298.0,-238064.0,-274362.0,2124720.0,38.8517075191084,51.76456191874694,-12.91285439963854,1.7083662788508605,-11.20448812078768,0.0,True,ONS_GG_RECEIPTS,"TR and TE as published by ONS_GG_RECEIPTS; NLB = TR - TE (B.9, cross-checked against the anchor's own B.9 in b9_anchor_lcu_mn); NI = GF01_7 - R07 from the two trees; PB = NLB + NI. Outturn years only: the ledger is never built from partially covered forecast lines (§4.3)."
GBR,United Kingdom,strict,2021,actual,GBP,926020.0,1101087.0,-175067.0,57676.0,-117391.0,-175067.0,2322652.0,39.86908068879884,47.4064560683219,-7.537375379523063,2.4831959329249496,-5.054179446598113,0.0,True,ONS_GG_RECEIPTS,"TR and TE as published by ONS_GG_RECEIPTS; NLB = TR - TE (B.9, cross-checked against the anchor's own B.9 in b9_anchor_lcu_mn); NI = GF01_7 - R07 from the two trees; PB = NLB + NI. Outturn years only: the ledger is never built from partially covered forecast lines (§4.3)."
GBR,United Kingdom,strict,2022,actual,GBP,1056873.0,1175592.0,-118719.0,100283.0,-18436.0,-118719.0,2580949.0,40.94900751622756,45.548827194958136,-4.599819678730576,3.885508779910025,-0.7143108988205501,0.0,True,ONS_GG_RECEIPTS,"TR and TE as published by ONS_GG_RECEIPTS; NLB = TR - TE (B.9, cross-checked against the anchor's own B.9 in b9_anchor_lcu_mn); NI = GF01_7 - R07 from the two trees; PB = NLB + NI. Outturn years only: the ledger is never built from partially covered forecast lines (§4.3)."
GBR,United Kingdom,strict,2023,actual,GBP,1114183.0,1280766.0,-166583.0,70508.0,-96075.0,-166583.0,2752164.0,40.483888314795195,46.53668894731564,-6.052800632520445,2.5619112814497975,-3.4908893510706482,0.0,True,ONS_GG_RECEIPTS,"TR and TE as published by ONS_GG_RECEIPTS; NLB = TR - TE (B.9, cross-checked against the anchor's own B.9 in b9_anchor_lcu_mn); NI = GF01_7 - R07 from the two trees; PB = NLB + NI. Outturn years only: the ledger is never built from partially covered forecast lines (§4.3)."
GBR,United Kingdom,strict,2024,actual,GBP,1162812.0,1337389.0,-174577.0,64640.0,-109937.0,-174577.0,2890254.0,40.23217336607786,46.272369141258864,-6.0401957751810045,2.2364816379460075,-3.8037141372349974,0.0,True,ONS_GG_RECEIPTS,"TR and TE as published by ONS_GG_RECEIPTS; NLB = TR - TE (B.9, cross-checked against the anchor's own B.9 in b9_anchor_lcu_mn); NI = GF01_7 - R07 from the two trees; PB = NLB + NI. Outturn years only: the ledger is never built from partially covered forecast lines (§4.3)."
GBR,United Kingdom,strict,2025,actual,GBP,1246259.0,1403741.0,-157482.0,,,-157482.0,3039861.0,40.997236386795315,46.17780220871941,-5.180565821924095,,,0.0,False,ONS_GG_RECEIPTS,"TR and TE as published by ONS_GG_RECEIPTS; NLB = TR - TE (B.9, cross-checked against the anchor's own B.9 in b9_anchor_lcu_mn); NI = GF01_7 - R07 from the two trees; PB = NLB + NI. Outturn years only: the ledger is never built from partially covered forecast lines (§4.3)."
USA,United States,maximum_extension,1970,actual,USD,319920.549,367503.355,-47582.80599999998,37238.332,-10344.47399999998,-47582.806,1073303.0,29.807104703890698,34.24041067620234,-4.433305972311638,3.469507864973824,-0.9637981073378142,0.0,True,OECD_T12_BAL,"TR and TE as published by OECD_T12_BAL; NLB = TR - TE (B.9, cross-checked against the anchor's own B.9 in b9_anchor_lcu_mn); NI = GF01_7 - R07 from the two trees; PB = NLB + NI. Outturn years only: the ledger is never built from partially covered forecast lines (§4.3)."
USA,United States,maximum_extension,1971,actual,USD,340992.256,402471.767,-61479.511,40931.007,-20548.504,-61479.511,1164850.0,29.273490664033996,34.55138146542473,-5.277890801390737,3.5138435850109455,-1.7640472163797916,0.0,True,OECD_T12_BAL,"TR and TE as published by OECD_T12_BAL; NLB = TR - TE (B.9, cross-checked against the anchor's own B.9 in b9_anchor_lcu_mn); NI = GF01_7 - R07 from the two trees; PB = NLB + NI. Outturn years only: the ledger is never built from partially covered forecast lines (§4.3)."
USA,United States,maximum_extension,1972,actual,USD,388927.385,440097.771,-51170.386,45276.608,-5893.777999999998,-51170.386,1279110.0,30.40609369014393,34.406561671787415,-4.000467981643486,3.539696195010593,-0.46077178663289303,0.0,True,OECD_T12_BAL,"TR and TE as published by OECD_T12_BAL; NLB = TR - TE (B.9, cross-checked against the anchor's own B.9 in b9_anchor_lcu_mn); NI = GF01_7 - R07 from the two trees; PB = NLB + NI. Outturn years only: the ledger is never built from partially covered forecast lines (§4.3)."
USA,United States,maximum_extension,1973,actual,USD,436706.484,475784.734,-39078.25,52013.821,12935.571000000004,-39078.25,1425376.0,30.63798492467952,33.379594857777874,-2.7416099330983545,3.6491298436342414,0.9075199105358869,0.0,True,OECD_T12_BAL,"TR and TE as published by OECD_T12_BAL; NLB = TR - TE (B.9, cross-checked against the anchor's own B.9 in b9_anchor_lcu_mn); NI = GF01_7 - R07 from the two trees; PB = NLB + NI. Outturn years only: the ledger is never built from partially covered forecast lines (§4.3)."
USA,United States,maximum_extension,1974,actual,USD,482632.241,534060.3,-51428.05900000007,56985.152,5557.092999999935,-51428.059,1545243.0,31.23342030994478,34.561573810721036,-3.3281535007762577,3.6877793330887116,0.3596258323124541,0.0,True,OECD_T12_BAL,"TR and TE as published by OECD_T12_BAL; NLB = TR - TE (B.9, cross-checked against the anchor's own B.9 in b9_anchor_lcu_mn); NI = GF01_7 - R07 from the two trees; PB = NLB + NI. Outturn years only: the ledger is never built from partially covered forecast lines (§4.3)."
USA,United States,maximum_extension,1975,actual,USD,498946.122,621290.987,-122344.86499999999,63305.189,-59039.67599999999,-122344.866,1684904.0,29.61273295095744,36.87396949618494,-7.2612365452275025,3.7571985703636526,-3.5040379748638495,0.0,True,OECD_T12_BAL,"TR and TE as published by OECD_T12_BAL; NLB = TR - TE (B.9, cross-checked against the anchor's own B.9 in b9_anchor_lcu_mn); NI = GF01_7 - R07 from the two trees; PB = NLB + NI. Outturn years only: the ledger is never built from partially covered forecast lines (§4.3)."
USA,United States,maximum_extension,1976,actual,USD,566966.159,665239.828,-98273.669,72529.044,-25744.625,-98273.669,1873412.0,30.263826590200125,35.509531699380595,-5.245705109180467,3.8714945778077645,-1.374210531372704,0.0,True,OECD_T12_BAL,"TR and TE as published by OECD_T12_BAL; NLB = TR - TE (B.9, cross-checked against the anchor's own B.9 in b9_anchor_lcu_mn); NI = GF01_7 - R07 from the two trees; PB = NLB + NI. Outturn years only: the ledger is never built from partially covered forecast lines (§4.3)."
USA,United States,maximum_extension,1977,actual,USD,636650.871,719289.853,-82638.98199999996,79604.414,-3034.5679999999556,-82638.983,2081826.0,30.58136803940387,34.550911219285375,-3.9695431798815055,3.8237784521857257,-0.14576472769578033,0.0,True,OECD_T12_BAL,"TR and TE as published by OECD_T12_BAL; NLB = TR - TE (B.9, cross-checked against the anchor's own B.9 in b9_anchor_lcu_mn); NI = GF01_7 - R07 from the two trees; PB = NLB + NI. Outturn years only: the ledger is never built from partially covered forecast lines (§4.3)."
USA,United States,maximum_extension,1978,actual,USD,719989.884,793433.202,-73443.31800000009,90635.064,17191.745999999912,-73443.318,2351599.0,30.617034792071262,33.74015731423597,-3.123122522164709,3.8541887456152177,0.7310662234505081,0.0,True,OECD_T12_BAL,"TR and TE as published by OECD_T12_BAL; NLB = TR - TE (B.9, cross-checked against the anchor's own B.9 in b9_anchor_lcu_mn); NI = GF01_7 - R07 from the two trees; PB = NLB + NI. Outturn years only: the ledger is never built from partially covered forecast lines (§4.3)."
USA,United States,maximum_extension,1979,actual,USD,813067.033,881942.15,-68875.11699999997,99811.54699999999,30936.430000000022,-68875.117,2627333.0,30.94647815864986,33.56796226439511,-2.621484105745255,3.798968269343855,1.1774841635986006,0.0,True,OECD_T12_BAL,"TR and TE as published by OECD_T12_BAL; NLB = TR - TE (B.9, cross-checked against the anchor's own B.9 in b9_anchor_lcu_mn); NI = GF01_7 - R07 from the two trees; PB = NLB + NI. Outturn years only: the ledger is never built from partially covered forecast lines (§4.3)."
USA,United States,maximum_extension,1980,actual,USD,895906.64,1011584.392,-115677.75199999998,112422.60399999999,-3255.1479999999865,-115677.752,2857307.0,31.35493105921065,35.40341979353286,-4.048488734322213,3.9345650992350483,-0.11392363508716377,0.0,True,OECD_T12_BAL,"TR and TE as published by OECD_T12_BAL; NLB = TR - TE (B.9, cross-checked against the anchor's own B.9 in b9_anchor_lcu_mn); NI = GF01_7 - R07 from the two trees; PB = NLB + NI. Outturn years only: the ledger is never built from partially covered forecast lines (§4.3)."
USA,United States,maximum_extension,1981,actual,USD,1025681.29,1141638.875,-115957.58499999996,133450.869,17493.284000000043,-115957.585,3207041.0,31.982169545072857,35.597888365006874,-3.615718819934013,4.161183751626499,0.5454649316924868,0.0,True,OECD_T12_BAL,"TR and TE as published by OECD_T12_BAL; NLB = TR - TE (B.9, cross-checked against the anchor's own B.9 in b9_anchor_lcu_mn); NI = GF01_7 - R07 from the two trees; PB = NLB + NI. Outturn years only: the ledger is never built from partially covered forecast lines (§4.3)."
USA,United States,maximum_extension,1982,actual,USD,1057822.538,1265571.752,-207749.21400000015,150697.201,-57052.01300000015,-207749.215,3343789.0,31.635445238919083,37.84843337902003,-6.21298814010095,4.506779614383563,-1.706208525717387,0.0,True,OECD_T12_BAL,"TR and TE as published by OECD_T12_BAL; NLB = TR - TE (B.9, cross-checked against the anchor's own B.9 in b9_anchor_lcu_mn); NI = GF01_7 - R07 from the two trees; PB = NLB + NI. Outturn years only: the ledger is never built from partially covered forecast lines (§4.3)."
USA,United States,maximum_extension,1983,actual,USD,1125770.38,1378107.36,-252336.9800000002,166209.836,-86127.1440000002,-252336.98,3634038.0,30.97849774823488,37.9222055465573,-6.943707798322423,4.573695597019074,-2.370012201303349,0.0,True,OECD_T12_BAL,"TR and TE as published by OECD_T12_BAL; NLB = TR - TE (B.9, cross-checked against the anchor's own B.9 in b9_anchor_lcu_mn); NI = GF01_7 - R07 from the two trees; PB = NLB + NI. Outturn years only: the ledger is never built from partially covered forecast lines (§4.3)."
USA,United States,maximum_extension,1984,actual,USD,1247489.016,1482956.458,-235467.44200000004,190029.986,-45437.456000000035,-235467.442,4037613.0,30.89669604293428,36.72854377078735,-5.8318477278530665,4.706493316719557,-1.1253544111335096,0.0,True,OECD_T12_BAL,"TR and TE as published by OECD_T12_BAL; NLB = TR - TE (B.9, cross-checked against the anchor's own B.9 in b9_anchor_lcu_mn); NI = GF01_7 - R07 from the two trees; PB = NLB + NI. Outturn years only: the ledger is never built from partially covered forecast lines (§4.3)."
USA,United States,maximum_extension,1985,actual,USD,1359700.37,1619504.884,-259804.51399999997,204815.70500000002,-54988.80899999995,-259804.514,4338979.0,31.3368737207532,37.32456146941481,-5.9876877486616085,4.720366358076404,-1.2673213905852032,0.0,True,OECD_T12_BAL,"TR and TE as published by OECD_T12_BAL; NLB = TR - TE (B.9, cross-checked against the anchor's own B.9 in b9_anchor_lcu_mn); NI = GF01_7 - R07 from the two trees; PB = NLB + NI. Outturn years only: the ledger is never built from partially covered forecast lines (§4.3)."
USA,United States,maximum_extension,1986,actual,USD,1446506.766,1729603.143,-283096.37699999986,214065.91999999998,-69030.45699999988,-283096.377,4579631.0,31.58566194525279,37.767303588433215,-6.18164164318042,4.674304982213632,-1.507336660966787,0.0,True,OECD_T12_BAL,"TR and TE as published by OECD_T12_BAL; NLB = TR - TE (B.9, cross-checked against the anchor's own B.9 in b9_anchor_lcu_mn); NI = GF01_7 - R07 from the two trees; PB = NLB + NI. Outturn years only: the ledger is never built from partially covered forecast lines (§4.3)."
USA,United States,maximum_extension,1987,actual,USD,1572019.308,1823219.018,-251199.70999999996,226860.87999999998,-24338.829999999987,-251199.71,4855215.0,32.377954591094316,37.55176687335164,-5.173812282257325,4.672519754531982,-0.5012925277253425,0.0,True,OECD_T12_BAL,"TR and TE as published by OECD_T12_BAL; NLB = TR - TE (B.9, cross-checked against the anchor's own B.9 in b9_anchor_lcu_mn); NI = GF01_7 - R07 from the two trees; PB = NLB + NI. Outturn years only: the ledger is never built from partially covered forecast lines (§4.3)."
USA,United States,maximum_extension,1988,actual,USD,1684790.36,1921327.694,-236537.3339999998,239611.265,3073.931000000215,-236537.334,5236438.0,32.174358982193624,36.69150086375509,-4.51714188156147,4.575844591304241,0.058702709742771995,0.0,True,OECD_T12_BAL,"TR and TE as published by OECD_T12_BAL; NLB = TR - TE (B.9, cross-checked against the anchor's own B.9 in b9_anchor_lcu_mn); NI = GF01_7 - R07 from the two trees; PB = NLB + NI. Outturn years only: the ledger is never built from partially covered forecast lines (§4.3)."
USA,United States,maximum_extension,1989,actual,USD,1827905.537,2070591.536,-242685.99900000007,262678.056,19992.056999999913,-242685.999,5641580.0,32.4005958791686,36.70233402699244,-4.301738147823838,4.656107969753154,0.35436982192931615,0.0,True,OECD_T12_BAL,"TR and TE as published by OECD_T12_BAL; NLB = TR - TE (B.9, cross-checked against the anchor's own B.9 in b9_anchor_lcu_mn); NI = GF01_7 - R07 from the two trees; PB = NLB + NI. Outturn years only: the ledger is never built from partially covered forecast lines (§4.3)."
USA,United States,maximum_extension,1990,actual,USD,1933398.128,2245937.647,-312539.51899999985,281437.151,-31102.367999999842,-312539.519,5963144.0,32.42246251306358,37.6636493601362,-5.2411868470726155,4.719610175437655,-0.5215766716349604,0.0,True,OECD_T12_BAL,"TR and TE as published by OECD_T12_BAL; NLB = TR - TE (B.9, cross-checked against the anchor's own B.9 in b9_anchor_lcu_mn); NI = GF01_7 - R07 from the two trees; PB = NLB + NI. Outturn years only: the ledger is never built from partially covered forecast lines (§4.3)."
USA,United States,maximum_extension,1991,actual,USD,1998480.705,2375813.949,-377333.24399999995,308755.55600000004,-68577.68799999991,-377333.244,6158129.0,32.45272557622616,38.58012635006509,-6.127400773838936,5.013788376307155,-1.1136123975317813,0.0,True,OECD_T12_BAL,"TR and TE as published by OECD_T12_BAL; NLB = TR - TE (B.9, cross-checked against the anchor's own B.9 in b9_anchor_lcu_mn); NI = GF01_7 - R07 from the two trees; PB = NLB + NI. Outturn years only: the ledger is never built from partially covered forecast lines (§4.3)."
USA,United States,maximum_extension,1992,actual,USD,2100837.473,2566906.471,-466068.9979999997,324731.428,-141337.56999999966,-466068.998,6520327.0,32.21981770239437,39.36775672447103,-7.147939022076648,4.980293595704633,-2.1676454263720157,0.0,True,OECD_T12_BAL,"TR and TE as published by OECD_T12_BAL; NLB = TR - TE (B.9, cross-checked against the anchor's own B.9 in b9_anchor_lcu_mn); NI = GF01_7 - R07 from the two trees; PB = NLB + NI. Outturn years only: the ledger is never built from partially covered forecast lines (§4.3)."
USA,United States,maximum_extension,1993,actual,USD,2227532.288,2661705.411,-434173.1229999997,332239.37,-101933.75299999968,-434173.123,6858559.0,32.478138454447944,38.80852247534796,-6.330384020900012,4.844157059813877,-1.4862269610861358,0.0,True,OECD_T12_BAL,"TR and TE as published by OECD_T12_BAL; NLB = TR - TE (B.9, cross-checked against the anchor's own B.9 in b9_anchor_lcu_mn); NI = GF01_7 - R07 from the two trees; PB = NLB + NI. Outturn years only: the ledger is never built from partially covered forecast lines (§4.3)."
USA,United States,maximum_extension,1994,actual,USD,2393555.927,2757826.66,-364270.733,343966.185,-20304.54800000001,-364270.733,7287236.0,32.845868131620826,37.84461845341636,-4.998750321795534,4.720118643063022,-0.2786316787325127,0.0,True,OECD_T12_BAL,"TR and TE as published by OECD_T12_BAL; NLB = TR - TE (B.9, cross-checked against the anchor's own B.9 in b9_anchor_lcu_mn); NI = GF01_7 - R07 from the two trees; PB = NLB + NI. Outturn years only: the ledger is never built from partially covered forecast lines (§4.3)."
USA,United States,maximum_extension,1995,actual,USD,2533364.615,2888481.116,-355116.5009999997,376550.899,21434.398000000278,-355116.501,7639749.0,33.16031213852707,37.808586590999255,-4.648274452472191,4.928838617603798,0.28056416513160676,0.0,True,OECD_T12_BAL,"TR and TE as published by OECD_T12_BAL; NLB = TR - TE (B.9, cross-checked against the anchor's own B.9 in b9_anchor_lcu_mn); NI = GF01_7 - R07 from the two trees; PB = NLB + NI. Outturn years only: the ledger is never built from partially covered forecast lines (§4.3)."
USA,United States,maximum_extension,1996,actual,USD,2714078.906,2997027.645,-282948.73900000006,377488.86399999994,94540.12499999988,-282948.739,8073122.0,33.618702975131555,37.12352724262064,-3.5048242674890835,4.675872159494182,1.171047892005099,0.0,True,OECD_T12_BAL,"TR and TE as published by OECD_T12_BAL; NLB = TR - TE (B.9, cross-checked against the anchor's own B.9 in b9_anchor_lcu_mn); NI = GF01_7 - R07 from the two trees; PB = NLB + NI. Outturn years only: the ledger is never built from partially covered forecast lines (§4.3)."
USA,United States,maximum_extension,1997,actual,USD,2906869.438,3085212.788,-178343.3500000001,380723.069,202379.71899999992,-178343.35,8577552.0,33.889266284832786,35.96845333027419,-2.079187045441404,4.4385982037765555,2.359411158335151,0.0,True,OECD_T12_BAL,"TR and TE as published by OECD_T12_BAL; NLB = TR - TE (B.9, cross-checked against the anchor's own B.9 in b9_anchor_lcu_mn); NI = GF01_7 - R07 from the two trees; PB = NLB + NI. Outturn years only: the ledger is never built from partially covered forecast lines (§4.3)."
USA,United States,maximum_extension,1998,actual,USD,3099684.939,3182809.689,-83124.75,375007.891,291883.141,-83124.75,9062817.0,34.20222364635631,35.119430183793845,-0.9172065374375319,4.137873367629513,3.2206668301919814,0.0,True,OECD_T12_BAL,"TR and TE as published by OECD_T12_BAL; NLB = TR - TE (B.9, cross-checked against the anchor's own B.9 in b9_anchor_lcu_mn); NI = GF01_7 - R07 from the two trees; PB = NLB + NI. Outturn years only: the ledger is never built from partially covered forecast lines (§4.3)."
USA,United States,maximum_extension,1999,actual,USD,3290029.757,3337215.127,-47185.369999999646,358375.613,311190.24300000037,-47185.37,9631172.0,34.160222213869716,34.65014566243859,-0.4899234485688725,3.7209969150171966,3.231073466448324,0.0,True,OECD_T12_BAL,"TR and TE as published by OECD_T12_BAL; NLB = TR - TE (B.9, cross-checked against the anchor's own B.9 in b9_anchor_lcu_mn); NI = GF01_7 - R07 from the two trees; PB = NLB + NI. Outturn years only: the ledger is never built from partially covered forecast lines (§4.3)."
USA,United States,maximum_extension,2000,actual,USD,3549584.265,3516022.544,33561.7209999999,348091.316,381653.0369999999,33561.72,10250952.0,34.626874313722276,34.29947329769957,0.327401016022706,3.3956974532706816,3.7230984692933875,0.0,True,OECD_T12_BAL,"TR and TE as published by OECD_T12_BAL; NLB = TR - TE (B.9, cross-checked against the anchor's own B.9 in b9_anchor_lcu_mn); NI = GF01_7 - R07 from the two trees; PB = NLB + NI. Outturn years only: the ledger is never built from partially covered forecast lines (§4.3)."
USA,United States,maximum_extension,2001,actual,USD,3572558.054,3768842.739,-196284.68500000006,348310.265,152025.57999999996,-196284.685,10581929.0,33.760933890219825,35.61583846385663,-1.854904573636811,3.291557380511625,1.4366528068748143,0.0,True,OECD_T12_BAL,"TR and TE as published by OECD_T12_BAL; NLB = TR - TE (B.9, cross-checked against the anchor's own B.9 in b9_anchor_lcu_mn); NI = GF01_7 - R07 from the two trees; PB = NLB + NI. Outturn years only: the ledger is never built from partially covered forecast lines (§4.3)."
USA,United States,maximum_extension,2002,actual,USD,3435253.773,4015593.389,-580339.6159999999,353259.88899999997,-227079.72699999996,-580339.616,10929108.0,31.432151397899993,36.74218782539252,-5.310036427492527,3.2322847299157442,-2.0777516975767827,0.0,True,OECD_T12_BAL,"TR and TE as published by OECD_T12_BAL; NLB = TR - TE (B.9, cross-checked against the anchor's own B.9 in b9_anchor_lcu_mn); NI = GF01_7 - R07 from the two trees; PB = NLB + NI. Outturn years only: the ledger is never built from partially covered forecast lines (§4.3)."
USA,United States,maximum_extension,2003,actual,USD,3532824.016,4268405.593,-735581.5770000005,384438.407,-351143.1700000005,-735581.577,11456450.0,30.83698716443575,37.25766352578678,-6.420676361351034,3.3556503716247184,-3.065025989726316,0.0,True,OECD_T12_BAL,"TR and TE as published by OECD_T12_BAL; NLB = TR - TE (B.9, cross-checked against the anchor's own B.9 in b9_anchor_lcu_mn); NI = GF01_7 - R07 from the two trees; PB = NLB + NI. Outturn years only: the ledger is never built from partially covered forecast lines (§4.3)."
USA,United States,maximum_extension,2004,actual,USD,3796621.239,4503250.177,-706628.9380000001,388394.741,-318234.1970000001,-706628.938,12217196.0,31.076044282174074,36.859932319985695,-5.783888037811623,3.17908250796664,-2.6048055298449833,0.0,True,OECD_T12_BAL,"TR and TE as published by OECD_T12_BAL; NLB = TR - TE (B.9, cross-checked against the anchor's own B.9 in b9_anchor_lcu_mn); NI = GF01_7 - R07 from the two trees; PB = NLB + NI. Outturn years only: the ledger is never built from partially covered forecast lines (§4.3)."
USA,United States,maximum_extension,2005,actual,USD,4235671.686,4817585.229,-581913.5430000005,418489.586,-163423.95700000052,-581913.543,13039197.0,32.484145196978,36.94694718547469,-4.462801988496689,3.209473604854655,-1.2533283836420335,0.0,True,OECD_T12_BAL,"TR and TE as published by OECD_T12_BAL; NLB = TR - TE (B.9, cross-checked against the anchor's own B.9 in b9_anchor_lcu_mn); NI = GF01_7 - R07 from the two trees; PB = NLB + NI. Outturn years only: the ledger is never built from partially covered forecast lines (§4.3)."
USA,United States,maximum_extension,2006,actual,USD,4602790.633,5065366.17,-462575.53699999955,437910.171,-24665.365999999573,-462575.536,13815583.0,33.3159348613808,36.664150691288235,-3.3482158299074283,3.169682893584729,-0.1785329363226986,0.0,True,OECD_T12_BAL,"TR and TE as published by OECD_T12_BAL; NLB = TR - TE (B.9, cross-checked against the anchor's own B.9 in b9_anchor_lcu_mn); NI = GF01_7 - R07 from the two trees; PB = NLB + NI. Outturn years only: the ledger is never built from partially covered forecast lines (§4.3)."
USA,United States,maximum_extension,2007,actual,USD,4830215.236,5408532.177,-578316.9410000006,463101.641,-115215.30000000057,-578316.94,14474228.0,33.37114239184293,37.36663659712974,-3.9954942052868074,3.1994911300277984,-0.7960030752590092,0.0,True,OECD_T12_BAL,"TR and TE as published by OECD_T12_BAL; NLB = TR - TE (B.9, cross-checked against the anchor's own B.9 in b9_anchor_lcu_mn); NI = GF01_7 - R07 from the two trees; PB = NLB + NI. Outturn years only: the ledger is never built from partially covered forecast lines (§4.3)."
USA,United States,maximum_extension,2008,actual,USD,4773133.99,5860288.656,-1087154.6660000002,470151.502,-617003.1640000002,-1087154.666,14769862.0,32.31671352108774,39.67734198193592,-7.36062846084818,3.183181413611041,-4.1774470472371386,0.0,True,OECD_T12_BAL,"TR and TE as published by OECD_T12_BAL; NLB = TR - TE (B.9, cross-checked against the anchor's own B.9 in b9_anchor_lcu_mn); NI = GF01_7 - R07 from the two trees; PB = NLB + NI. Outturn years only: the ledger is never built from partially covered forecast lines (§4.3)."
USA,United States,maximum_extension,2009,actual,USD,4354776.492,6253856.833,-1899080.341,511783.598,-1387296.743,-1899080.341,14478067.0,30.07843859266572,43.19538535772765,-13.116946765061938,3.5348890014115835,-9.582057763650356,0.0,True,OECD_T12_BAL,"TR and TE as published by OECD_T12_BAL; NLB = TR - TE (B.9, cross-checked against the anchor's own B.9 in b9_anchor_lcu_mn); NI = GF01_7 - R07 from the two trees; PB = NLB + NI. Outturn years only: the ledger is never built from partially covered forecast lines (§4.3)."
USA,United States,maximum_extension,2010,actual,USD,4606574.082,6472653.579,-1866079.4969999995,540620.918,-1325458.5789999994,-1866079.497,15048971.0,30.61055856908755,43.01060570187822,-12.400047132790672,3.5924111887782892,-8.80763594401238,0.0,True,OECD_T12_BAL,"TR and TE as published by OECD_T12_BAL; NLB = TR - TE (B.9, cross-checked against the anchor's own B.9 in b9_anchor_lcu_mn); NI = GF01_7 - R07 from the two trees; PB = NLB + NI. Outturn years only: the ledger is never built from partially covered forecast lines (§4.3)."
USA,United States,maximum_extension,2011,actual,USD,4822437.856,6535058.593,-1712620.7370000007,588388.604,-1124232.1330000006,-1712620.737,15599732.0,30.913594259183423,41.892120922333795,-10.978526663150372,3.7717866178726664,-7.206740045277704,0.0,True,OECD_T12_BAL,"TR and TE as published by OECD_T12_BAL; NLB = TR - TE (B.9, cross-checked against the anchor's own B.9 in b9_anchor_lcu_mn); NI = GF01_7 - R07 from the two trees; PB = NLB + NI. Outturn years only: the ledger is never built from partially covered forecast lines (§4.3)."
USA,United States,maximum_extension,2012,actual,USD,5018346.565,6515363.741,-1497017.176,607859.679,-889157.497,-1497017.176,16253970.0,30.874589807905394,40.08475308493863,-9.210163277033242,3.739761295240486,-5.470401981792756,0.0,True,OECD_T12_BAL,"TR and TE as published by OECD_T12_BAL; NLB = TR - TE (B.9, cross-checked against the anchor's own B.9 in b9_anchor_lcu_mn); NI = GF01_7 - R07 from the two trees; PB = NLB + NI. Outturn years only: the ledger is never built from partially covered forecast lines (§4.3)."
USA,United States,maximum_extension,2013,actual,USD,5565372.32,6548911.724,-983539.4040000001,588068.581,-395470.8230000001,-983539.404,16880683.0,32.96888117619412,38.79530066407859,-5.826419487884466,3.4836776509576066,-2.3427418369268596,0.0,True,OECD_T12_BAL,"TR and TE as published by OECD_T12_BAL; NLB = TR - TE (B.9, cross-checked against the anchor's own B.9 in b9_anchor_lcu_mn); NI = GF01_7 - R07 from the two trees; PB = NLB + NI. Outturn years only: the ledger is never built from partially covered forecast lines (§4.3)."
USA,United States,maximum_extension,2014,actual,USD,5809932.5,6721068.225,-911135.7249999996,599176.5499999999,-311959.1749999997,-911135.725,17608138.0,32.99572334110512,38.1702382443845,-5.17451490327938,3.402838789655101,-1.7716761136242782,0.0,True,OECD_T12_BAL,"TR and TE as published by OECD_T12_BAL; NLB = TR - TE (B.9, cross-checked against the anchor's own B.9 in b9_anchor_lcu_mn); NI = GF01_7 - R07 from the two trees; PB = NLB + NI. Outturn years only: the ledger is never built from partially covered forecast lines (§4.3)."
USA,United States,maximum_extension,2015,actual,USD,6068701.015,6910981.379,-842280.3640000001,592049.618,-250230.74600000004,-842280.364,18295019.0,33.17132939298943,37.775207443075075,-4.603878050085655,3.236124641357301,-1.3677534087283543,0.0,True,OECD_T12_BAL,"TR and TE as published by OECD_T12_BAL; NLB = TR - TE (B.9, cross-checked against the anchor's own B.9 in b9_anchor_lcu_mn); NI = GF01_7 - R07 from the two trees; PB = NLB + NI. Outturn years only: the ledger is never built from partially covered forecast lines (§4.3)."
USA,United States,maximum_extension,2016,actual,USD,6142532.039,7156461.234,-1013929.1950000003,626999.517,-386929.6780000003,-1013929.196,18804913.0,32.664506552090934,38.056337904886874,-5.391831352795943,3.3342324795653138,-2.05759887323063,0.0,True,OECD_T12_BAL,"TR and TE as published by OECD_T12_BAL; NLB = TR - TE (B.9, cross-checked against the anchor's own B.9 in b9_anchor_lcu_mn); NI = GF01_7 - R07 from the two trees; PB = NLB + NI. Outturn years only: the ledger is never built from partially covered forecast lines (§4.3)."
USA,United States,maximum_extension,2017,actual,USD,6538636.446,7407363.809,-868727.3629999999,654310.435,-214416.92799999984,-868727.362,19612102.0,33.33980440240419,37.7693518471401,-4.429547444735908,3.336258576464675,-1.093288868271233,0.0,True,OECD_T12_BAL,"TR and TE as published by OECD_T12_BAL; NLB = TR - TE (B.9, cross-checked against the anchor's own B.9 in b9_anchor_lcu_mn); NI = GF01_7 - R07 from the two trees; PB = NLB + NI. Outturn years only: the ledger is never built from partially covered forecast lines (§4.3)."
USA,United States,maximum_extension,2018,actual,USD,6529088.811,7792497.79,-1263408.9790000003,703168.234,-560240.7450000002,-1263408.979,20656516.0,31.607889786448016,37.72416311637451,-6.116273329926501,3.4040989003179436,-2.7121744296085564,0.0,True,OECD_T12_BAL,"TR and TE as published by OECD_T12_BAL; NLB = TR - TE (B.9, cross-checked against the anchor's own B.9 in b9_anchor_lcu_mn); NI = GF01_7 - R07 from the two trees; PB = NLB + NI. Outturn years only: the ledger is never built from partially covered forecast lines (§4.3)."
USA,United States,maximum_extension,2019,actual,USD,6795389.475,8237124.663,-1441735.188,753260.623,-688474.5650000001,-1441735.188,21539982.0,31.547795513478146,38.24109353016172,-6.69329801668358,3.497034598264752,-3.1962634184188268,0.0,True,OECD_T12_BAL,"TR and TE as published by OECD_T12_BAL; NLB = TR - TE (B.9, cross-checked against the anchor's own B.9 in b9_anchor_lcu_mn); NI = GF01_7 - R07 from the two trees; PB = NLB + NI. Outturn years only: the ledger is never built from partially covered forecast lines (§4.3)."
USA,United States,maximum_extension,2020,actual,USD,6897513.366,10100928.491,-3203415.125,695185.99,-2508229.135,-3203415.125,21375281.0,32.26864416893514,47.2551845797957,-14.986540410860563,3.252289361716461,-11.7342510491441,0.0,True,OECD_T12_BAL,"TR and TE as published by OECD_T12_BAL; NLB = TR - TE (B.9, cross-checked against the anchor's own B.9 in b9_anchor_lcu_mn); NI = GF01_7 - R07 from the two trees; PB = NLB + NI. Outturn years only: the ledger is never built from partially covered forecast lines (§4.3)."
USA,United States,maximum_extension,2021,actual,USD,7920120.488,10755588.525,-2835468.0370000005,741270.9569999999,-2094197.0800000005,-2835468.037,23725645.0,33.382108212442695,45.3331765058442,-11.951068293401509,3.12434480495683,-8.82672348844468,0.0,True,OECD_T12_BAL,"TR and TE as published by OECD_T12_BAL; NLB = TR - TE (B.9, cross-checked against the anchor's own B.9 in b9_anchor_lcu_mn); NI = GF01_7 - R07 from the two trees; PB = NLB + NI. Outturn years only: the ledger is never built from partially covered forecast lines (§4.3)."
USA,United States,maximum_extension,2022,actual,USD,9040456.783,10009774.585,-969317.8020000011,850159.029,-119158.77300000109,-969317.802,26054614.0,34.698102927182106,38.418433621776174,-3.7203306945940593,3.2629883866251097,-0.4573423079689497,0.0,True,OECD_T12_BAL,"TR and TE as published by OECD_T12_BAL; NLB = TR - TE (B.9, cross-checked against the anchor's own B.9 in b9_anchor_lcu_mn); NI = GF01_7 - R07 from the two trees; PB = NLB + NI. Outturn years only: the ledger is never built from partially covered forecast lines (§4.3)."
USA,United States,maximum_extension,2023,actual,USD,8694077.898,10905857.712,-2211779.8139999993,1078589.905,-1133189.9089999993,-2211779.815,27811517.0,31.26071079833581,39.21345862579161,-7.952747827455795,3.878213133789142,-4.074534693666654,0.0,True,OECD_T12_BAL,"TR and TE as published by OECD_T12_BAL; NLB = TR - TE (B.9, cross-checked against the anchor's own B.9 in b9_anchor_lcu_mn); NI = GF01_7 - R07 from the two trees; PB = NLB + NI. Outturn years only: the ledger is never built from partially covered forecast lines (§4.3)."
USA,United States,maximum_extension,2024,actual,USD,9236733.593,11592173.245,-2355439.651999999,1230563.333,-1124876.3189999987,-2355439.653,29298013.0,31.526826044482952,39.566414435682034,-8.039588391199084,4.200159693423578,-3.839428697775507,0.0,True,OECD_T12_BAL,"TR and TE as published by OECD_T12_BAL; NLB = TR - TE (B.9, cross-checked against the anchor's own B.9 in b9_anchor_lcu_mn); NI = GF01_7 - R07 from the two trees; PB = NLB + NI. Outturn years only: the ledger is never built from partially covered forecast lines (§4.3)."
USA,United States,strict,1970,actual,USD,319920.549,367503.355,-47582.80599999998,37238.332,-10344.47399999998,-47582.806,1073303.0,29.807104703890698,34.24041067620234,-4.433305972311638,3.469507864973824,-0.9637981073378142,0.0,True,OECD_T12_BAL,"TR and TE as published by OECD_T12_BAL; NLB = TR - TE (B.9, cross-checked against the anchor's own B.9 in b9_anchor_lcu_mn); NI = GF01_7 - R07 from the two trees; PB = NLB + NI. Outturn years only: the ledger is never built from partially covered forecast lines (§4.3)."
USA,United States,strict,1971,actual,USD,340992.256,402471.767,-61479.511,40931.007,-20548.504,-61479.511,1164850.0,29.273490664033996,34.55138146542473,-5.277890801390737,3.5138435850109455,-1.7640472163797916,0.0,True,OECD_T12_BAL,"TR and TE as published by OECD_T12_BAL; NLB = TR - TE (B.9, cross-checked against the anchor's own B.9 in b9_anchor_lcu_mn); NI = GF01_7 - R07 from the two trees; PB = NLB + NI. Outturn years only: the ledger is never built from partially covered forecast lines (§4.3)."
USA,United States,strict,1972,actual,USD,388927.385,440097.771,-51170.386,45276.608,-5893.777999999998,-51170.386,1279110.0,30.40609369014393,34.406561671787415,-4.000467981643486,3.539696195010593,-0.46077178663289303,0.0,True,OECD_T12_BAL,"TR and TE as published by OECD_T12_BAL; NLB = TR - TE (B.9, cross-checked against the anchor's own B.9 in b9_anchor_lcu_mn); NI = GF01_7 - R07 from the two trees; PB = NLB + NI. Outturn years only: the ledger is never built from partially covered forecast lines (§4.3)."
USA,United States,strict,1973,actual,USD,436706.484,475784.734,-39078.25,52013.821,12935.571000000004,-39078.25,1425376.0,30.63798492467952,33.379594857777874,-2.7416099330983545,3.6491298436342414,0.9075199105358869,0.0,True,OECD_T12_BAL,"TR and TE as published by OECD_T12_BAL; NLB = TR - TE (B.9, cross-checked against the anchor's own B.9 in b9_anchor_lcu_mn); NI = GF01_7 - R07 from the two trees; PB = NLB + NI. Outturn years only: the ledger is never built from partially covered forecast lines (§4.3)."
USA,United States,strict,1974,actual,USD,482632.241,534060.3,-51428.05900000007,56985.152,5557.092999999935,-51428.059,1545243.0,31.23342030994478,34.561573810721036,-3.3281535007762577,3.6877793330887116,0.3596258323124541,0.0,True,OECD_T12_BAL,"TR and TE as published by OECD_T12_BAL; NLB = TR - TE (B.9, cross-checked against the anchor's own B.9 in b9_anchor_lcu_mn); NI = GF01_7 - R07 from the two trees; PB = NLB + NI. Outturn years only: the ledger is never built from partially covered forecast lines (§4.3)."
USA,United States,strict,1975,actual,USD,498946.122,621290.987,-122344.86499999999,63305.189,-59039.67599999999,-122344.866,1684904.0,29.61273295095744,36.87396949618494,-7.2612365452275025,3.7571985703636526,-3.5040379748638495,0.0,True,OECD_T12_BAL,"TR and TE as published by OECD_T12_BAL; NLB = TR - TE (B.9, cross-checked against the anchor's own B.9 in b9_anchor_lcu_mn); NI = GF01_7 - R07 from the two trees; PB = NLB + NI. Outturn years only: the ledger is never built from partially covered forecast lines (§4.3)."
USA,United States,strict,1976,actual,USD,566966.159,665239.828,-98273.669,72529.044,-25744.625,-98273.669,1873412.0,30.263826590200125,35.509531699380595,-5.245705109180467,3.8714945778077645,-1.374210531372704,0.0,True,OECD_T12_BAL,"TR and TE as published by OECD_T12_BAL; NLB = TR - TE (B.9, cross-checked against the anchor's own B.9 in b9_anchor_lcu_mn); NI = GF01_7 - R07 from the two trees; PB = NLB + NI. Outturn years only: the ledger is never built from partially covered forecast lines (§4.3)."
USA,United States,strict,1977,actual,USD,636650.871,719289.853,-82638.98199999996,79604.414,-3034.5679999999556,-82638.983,2081826.0,30.58136803940387,34.550911219285375,-3.9695431798815055,3.8237784521857257,-0.14576472769578033,0.0,True,OECD_T12_BAL,"TR and TE as published by OECD_T12_BAL; NLB = TR - TE (B.9, cross-checked against the anchor's own B.9 in b9_anchor_lcu_mn); NI = GF01_7 - R07 from the two trees; PB = NLB + NI. Outturn years only: the ledger is never built from partially covered forecast lines (§4.3)."
USA,United States,strict,1978,actual,USD,719989.884,793433.202,-73443.31800000009,90635.064,17191.745999999912,-73443.318,2351599.0,30.617034792071262,33.74015731423597,-3.123122522164709,3.8541887456152177,0.7310662234505081,0.0,True,OECD_T12_BAL,"TR and TE as published by OECD_T12_BAL; NLB = TR - TE (B.9, cross-checked against the anchor's own B.9 in b9_anchor_lcu_mn); NI = GF01_7 - R07 from the two trees; PB = NLB + NI. Outturn years only: the ledger is never built from partially covered forecast lines (§4.3)."
USA,United States,strict,1979,actual,USD,813067.033,881942.15,-68875.11699999997,99811.54699999999,30936.430000000022,-68875.117,2627333.0,30.94647815864986,33.56796226439511,-2.621484105745255,3.798968269343855,1.1774841635986006,0.0,True,OECD_T12_BAL,"TR and TE as published by OECD_T12_BAL; NLB = TR - TE (B.9, cross-checked against the anchor's own B.9 in b9_anchor_lcu_mn); NI = GF01_7 - R07 from the two trees; PB = NLB + NI. Outturn years only: the ledger is never built from partially covered forecast lines (§4.3)."
USA,United States,strict,1980,actual,USD,895906.64,1011584.392,-115677.75199999998,112422.60399999999,-3255.1479999999865,-115677.752,2857307.0,31.35493105921065,35.40341979353286,-4.048488734322213,3.9345650992350483,-0.11392363508716377,0.0,True,OECD_T12_BAL,"TR and TE as published by OECD_T12_BAL; NLB = TR - TE (B.9, cross-checked against the anchor's own B.9 in b9_anchor_lcu_mn); NI = GF01_7 - R07 from the two trees; PB = NLB + NI. Outturn years only: the ledger is never built from partially covered forecast lines (§4.3)."
USA,United States,strict,1981,actual,USD,1025681.29,1141638.875,-115957.58499999996,133450.869,17493.284000000043,-115957.585,3207041.0,31.982169545072857,35.597888365006874,-3.615718819934013,4.161183751626499,0.5454649316924868,0.0,True,OECD_T12_BAL,"TR and TE as published by OECD_T12_BAL; NLB = TR - TE (B.9, cross-checked against the anchor's own B.9 in b9_anchor_lcu_mn); NI = GF01_7 - R07 from the two trees; PB = NLB + NI. Outturn years only: the ledger is never built from partially covered forecast lines (§4.3)."
USA,United States,strict,1982,actual,USD,1057822.538,1265571.752,-207749.21400000015,150697.201,-57052.01300000015,-207749.215,3343789.0,31.635445238919083,37.84843337902003,-6.21298814010095,4.506779614383563,-1.706208525717387,0.0,True,OECD_T12_BAL,"TR and TE as published by OECD_T12_BAL; NLB = TR - TE (B.9, cross-checked against the anchor's own B.9 in b9_anchor_lcu_mn); NI = GF01_7 - R07 from the two trees; PB = NLB + NI. Outturn years only: the ledger is never built from partially covered forecast lines (§4.3)."
USA,United States,strict,1983,actual,USD,1125770.38,1378107.36,-252336.9800000002,166209.836,-86127.1440000002,-252336.98,3634038.0,30.97849774823488,37.9222055465573,-6.943707798322423,4.573695597019074,-2.370012201303349,0.0,True,OECD_T12_BAL,"TR and TE as published by OECD_T12_BAL; NLB = TR - TE (B.9, cross-checked against the anchor's own B.9 in b9_anchor_lcu_mn); NI = GF01_7 - R07 from the two trees; PB = NLB + NI. Outturn years only: the ledger is never built from partially covered forecast lines (§4.3)."
USA,United States,strict,1984,actual,USD,1247489.016,1482956.458,-235467.44200000004,190029.986,-45437.456000000035,-235467.442,4037613.0,30.89669604293428,36.72854377078735,-5.8318477278530665,4.706493316719557,-1.1253544111335096,0.0,True,OECD_T12_BAL,"TR and TE as published by OECD_T12_BAL; NLB = TR - TE (B.9, cross-checked against the anchor's own B.9 in b9_anchor_lcu_mn); NI = GF01_7 - R07 from the two trees; PB = NLB + NI. Outturn years only: the ledger is never built from partially covered forecast lines (§4.3)."
USA,United States,strict,1985,actual,USD,1359700.37,1619504.884,-259804.51399999997,204815.70500000002,-54988.80899999995,-259804.514,4338979.0,31.3368737207532,37.32456146941481,-5.9876877486616085,4.720366358076404,-1.2673213905852032,0.0,True,OECD_T12_BAL,"TR and TE as published by OECD_T12_BAL; NLB = TR - TE (B.9, cross-checked against the anchor's own B.9 in b9_anchor_lcu_mn); NI = GF01_7 - R07 from the two trees; PB = NLB + NI. Outturn years only: the ledger is never built from partially covered forecast lines (§4.3)."
USA,United States,strict,1986,actual,USD,1446506.766,1729603.143,-283096.37699999986,214065.91999999998,-69030.45699999988,-283096.377,4579631.0,31.58566194525279,37.767303588433215,-6.18164164318042,4.674304982213632,-1.507336660966787,0.0,True,OECD_T12_BAL,"TR and TE as published by OECD_T12_BAL; NLB = TR - TE (B.9, cross-checked against the anchor's own B.9 in b9_anchor_lcu_mn); NI = GF01_7 - R07 from the two trees; PB = NLB + NI. Outturn years only: the ledger is never built from partially covered forecast lines (§4.3)."
USA,United States,strict,1987,actual,USD,1572019.308,1823219.018,-251199.70999999996,226860.87999999998,-24338.829999999987,-251199.71,4855215.0,32.377954591094316,37.55176687335164,-5.173812282257325,4.672519754531982,-0.5012925277253425,0.0,True,OECD_T12_BAL,"TR and TE as published by OECD_T12_BAL; NLB = TR - TE (B.9, cross-checked against the anchor's own B.9 in b9_anchor_lcu_mn); NI = GF01_7 - R07 from the two trees; PB = NLB + NI. Outturn years only: the ledger is never built from partially covered forecast lines (§4.3)."
USA,United States,strict,1988,actual,USD,1684790.36,1921327.694,-236537.3339999998,239611.265,3073.931000000215,-236537.334,5236438.0,32.174358982193624,36.69150086375509,-4.51714188156147,4.575844591304241,0.058702709742771995,0.0,True,OECD_T12_BAL,"TR and TE as published by OECD_T12_BAL; NLB = TR - TE (B.9, cross-checked against the anchor's own B.9 in b9_anchor_lcu_mn); NI = GF01_7 - R07 from the two trees; PB = NLB + NI. Outturn years only: the ledger is never built from partially covered forecast lines (§4.3)."
USA,United States,strict,1989,actual,USD,1827905.537,2070591.536,-242685.99900000007,262678.056,19992.056999999913,-242685.999,5641580.0,32.4005958791686,36.70233402699244,-4.301738147823838,4.656107969753154,0.35436982192931615,0.0,True,OECD_T12_BAL,"TR and TE as published by OECD_T12_BAL; NLB = TR - TE (B.9, cross-checked against the anchor's own B.9 in b9_anchor_lcu_mn); NI = GF01_7 - R07 from the two trees; PB = NLB + NI. Outturn years only: the ledger is never built from partially covered forecast lines (§4.3)."
USA,United States,strict,1990,actual,USD,1933398.128,2245937.647,-312539.51899999985,281437.151,-31102.367999999842,-312539.519,5963144.0,32.42246251306358,37.6636493601362,-5.2411868470726155,4.719610175437655,-0.5215766716349604,0.0,True,OECD_T12_BAL,"TR and TE as published by OECD_T12_BAL; NLB = TR - TE (B.9, cross-checked against the anchor's own B.9 in b9_anchor_lcu_mn); NI = GF01_7 - R07 from the two trees; PB = NLB + NI. Outturn years only: the ledger is never built from partially covered forecast lines (§4.3)."
USA,United States,strict,1991,actual,USD,1998480.705,2375813.949,-377333.24399999995,308755.55600000004,-68577.68799999991,-377333.244,6158129.0,32.45272557622616,38.58012635006509,-6.127400773838936,5.013788376307155,-1.1136123975317813,0.0,True,OECD_T12_BAL,"TR and TE as published by OECD_T12_BAL; NLB = TR - TE (B.9, cross-checked against the anchor's own B.9 in b9_anchor_lcu_mn); NI = GF01_7 - R07 from the two trees; PB = NLB + NI. Outturn years only: the ledger is never built from partially covered forecast lines (§4.3)."
USA,United States,strict,1992,actual,USD,2100837.473,2566906.471,-466068.9979999997,324731.428,-141337.56999999966,-466068.998,6520327.0,32.21981770239437,39.36775672447103,-7.147939022076648,4.980293595704633,-2.1676454263720157,0.0,True,OECD_T12_BAL,"TR and TE as published by OECD_T12_BAL; NLB = TR - TE (B.9, cross-checked against the anchor's own B.9 in b9_anchor_lcu_mn); NI = GF01_7 - R07 from the two trees; PB = NLB + NI. Outturn years only: the ledger is never built from partially covered forecast lines (§4.3)."
USA,United States,strict,1993,actual,USD,2227532.288,2661705.411,-434173.1229999997,332239.37,-101933.75299999968,-434173.123,6858559.0,32.478138454447944,38.80852247534796,-6.330384020900012,4.844157059813877,-1.4862269610861358,0.0,True,OECD_T12_BAL,"TR and TE as published by OECD_T12_BAL; NLB = TR - TE (B.9, cross-checked against the anchor's own B.9 in b9_anchor_lcu_mn); NI = GF01_7 - R07 from the two trees; PB = NLB + NI. Outturn years only: the ledger is never built from partially covered forecast lines (§4.3)."
USA,United States,strict,1994,actual,USD,2393555.927,2757826.66,-364270.733,343966.185,-20304.54800000001,-364270.733,7287236.0,32.845868131620826,37.84461845341636,-4.998750321795534,4.720118643063022,-0.2786316787325127,0.0,True,OECD_T12_BAL,"TR and TE as published by OECD_T12_BAL; NLB = TR - TE (B.9, cross-checked against the anchor's own B.9 in b9_anchor_lcu_mn); NI = GF01_7 - R07 from the two trees; PB = NLB + NI. Outturn years only: the ledger is never built from partially covered forecast lines (§4.3)."
USA,United States,strict,1995,actual,USD,2533364.615,2888481.116,-355116.5009999997,376550.899,21434.398000000278,-355116.501,7639749.0,33.16031213852707,37.808586590999255,-4.648274452472191,4.928838617603798,0.28056416513160676,0.0,True,OECD_T12_BAL,"TR and TE as published by OECD_T12_BAL; NLB = TR - TE (B.9, cross-checked against the anchor's own B.9 in b9_anchor_lcu_mn); NI = GF01_7 - R07 from the two trees; PB = NLB + NI. Outturn years only: the ledger is never built from partially covered forecast lines (§4.3)."
USA,United States,strict,1996,actual,USD,2714078.906,2997027.645,-282948.73900000006,377488.86399999994,94540.12499999988,-282948.739,8073122.0,33.618702975131555,37.12352724262064,-3.5048242674890835,4.675872159494182,1.171047892005099,0.0,True,OECD_T12_BAL,"TR and TE as published by OECD_T12_BAL; NLB = TR - TE (B.9, cross-checked against the anchor's own B.9 in b9_anchor_lcu_mn); NI = GF01_7 - R07 from the two trees; PB = NLB + NI. Outturn years only: the ledger is never built from partially covered forecast lines (§4.3)."
USA,United States,strict,1997,actual,USD,2906869.438,3085212.788,-178343.3500000001,380723.069,202379.71899999992,-178343.35,8577552.0,33.889266284832786,35.96845333027419,-2.079187045441404,4.4385982037765555,2.359411158335151,0.0,True,OECD_T12_BAL,"TR and TE as published by OECD_T12_BAL; NLB = TR - TE (B.9, cross-checked against the anchor's own B.9 in b9_anchor_lcu_mn); NI = GF01_7 - R07 from the two trees; PB = NLB + NI. Outturn years only: the ledger is never built from partially covered forecast lines (§4.3)."
USA,United States,strict,1998,actual,USD,3099684.939,3182809.689,-83124.75,375007.891,291883.141,-83124.75,9062817.0,34.20222364635631,35.119430183793845,-0.9172065374375319,4.137873367629513,3.2206668301919814,0.0,True,OECD_T12_BAL,"TR and TE as published by OECD_T12_BAL; NLB = TR - TE (B.9, cross-checked against the anchor's own B.9 in b9_anchor_lcu_mn); NI = GF01_7 - R07 from the two trees; PB = NLB + NI. Outturn years only: the ledger is never built from partially covered forecast lines (§4.3)."
USA,United States,strict,1999,actual,USD,3290029.757,3337215.127,-47185.369999999646,358375.613,311190.24300000037,-47185.37,9631172.0,34.160222213869716,34.65014566243859,-0.4899234485688725,3.7209969150171966,3.231073466448324,0.0,True,OECD_T12_BAL,"TR and TE as published by OECD_T12_BAL; NLB = TR - TE (B.9, cross-checked against the anchor's own B.9 in b9_anchor_lcu_mn); NI = GF01_7 - R07 from the two trees; PB = NLB + NI. Outturn years only: the ledger is never built from partially covered forecast lines (§4.3)."
USA,United States,strict,2000,actual,USD,3549584.265,3516022.544,33561.7209999999,348091.316,381653.0369999999,33561.72,10250952.0,34.626874313722276,34.29947329769957,0.327401016022706,3.3956974532706816,3.7230984692933875,0.0,True,OECD_T12_BAL,"TR and TE as published by OECD_T12_BAL; NLB = TR - TE (B.9, cross-checked against the anchor's own B.9 in b9_anchor_lcu_mn); NI = GF01_7 - R07 from the two trees; PB = NLB + NI. Outturn years only: the ledger is never built from partially covered forecast lines (§4.3)."
USA,United States,strict,2001,actual,USD,3572558.054,3768842.739,-196284.68500000006,348310.265,152025.57999999996,-196284.685,10581929.0,33.760933890219825,35.61583846385663,-1.854904573636811,3.291557380511625,1.4366528068748143,0.0,True,OECD_T12_BAL,"TR and TE as published by OECD_T12_BAL; NLB = TR - TE (B.9, cross-checked against the anchor's own B.9 in b9_anchor_lcu_mn); NI = GF01_7 - R07 from the two trees; PB = NLB + NI. Outturn years only: the ledger is never built from partially covered forecast lines (§4.3)."
USA,United States,strict,2002,actual,USD,3435253.773,4015593.389,-580339.6159999999,353259.88899999997,-227079.72699999996,-580339.616,10929108.0,31.432151397899993,36.74218782539252,-5.310036427492527,3.2322847299157442,-2.0777516975767827,0.0,True,OECD_T12_BAL,"TR and TE as published by OECD_T12_BAL; NLB = TR - TE (B.9, cross-checked against the anchor's own B.9 in b9_anchor_lcu_mn); NI = GF01_7 - R07 from the two trees; PB = NLB + NI. Outturn years only: the ledger is never built from partially covered forecast lines (§4.3)."
USA,United States,strict,2003,actual,USD,3532824.016,4268405.593,-735581.5770000005,384438.407,-351143.1700000005,-735581.577,11456450.0,30.83698716443575,37.25766352578678,-6.420676361351034,3.3556503716247184,-3.065025989726316,0.0,True,OECD_T12_BAL,"TR and TE as published by OECD_T12_BAL; NLB = TR - TE (B.9, cross-checked against the anchor's own B.9 in b9_anchor_lcu_mn); NI = GF01_7 - R07 from the two trees; PB = NLB + NI. Outturn years only: the ledger is never built from partially covered forecast lines (§4.3)."
USA,United States,strict,2004,actual,USD,3796621.239,4503250.177,-706628.9380000001,388394.741,-318234.1970000001,-706628.938,12217196.0,31.076044282174074,36.859932319985695,-5.783888037811623,3.17908250796664,-2.6048055298449833,0.0,True,OECD_T12_BAL,"TR and TE as published by OECD_T12_BAL; NLB = TR - TE (B.9, cross-checked against the anchor's own B.9 in b9_anchor_lcu_mn); NI = GF01_7 - R07 from the two trees; PB = NLB + NI. Outturn years only: the ledger is never built from partially covered forecast lines (§4.3)."
USA,United States,strict,2005,actual,USD,4235671.686,4817585.229,-581913.5430000005,418489.586,-163423.95700000052,-581913.543,13039197.0,32.484145196978,36.94694718547469,-4.462801988496689,3.209473604854655,-1.2533283836420335,0.0,True,OECD_T12_BAL,"TR and TE as published by OECD_T12_BAL; NLB = TR - TE (B.9, cross-checked against the anchor's own B.9 in b9_anchor_lcu_mn); NI = GF01_7 - R07 from the two trees; PB = NLB + NI. Outturn years only: the ledger is never built from partially covered forecast lines (§4.3)."
USA,United States,strict,2006,actual,USD,4602790.633,5065366.17,-462575.53699999955,437910.171,-24665.365999999573,-462575.536,13815583.0,33.3159348613808,36.664150691288235,-3.3482158299074283,3.169682893584729,-0.1785329363226986,0.0,True,OECD_T12_BAL,"TR and TE as published by OECD_T12_BAL; NLB = TR - TE (B.9, cross-checked against the anchor's own B.9 in b9_anchor_lcu_mn); NI = GF01_7 - R07 from the two trees; PB = NLB + NI. Outturn years only: the ledger is never built from partially covered forecast lines (§4.3)."
USA,United States,strict,2007,actual,USD,4830215.236,5408532.177,-578316.9410000006,463101.641,-115215.30000000057,-578316.94,14474228.0,33.37114239184293,37.36663659712974,-3.9954942052868074,3.1994911300277984,-0.7960030752590092,0.0,True,OECD_T12_BAL,"TR and TE as published by OECD_T12_BAL; NLB = TR - TE (B.9, cross-checked against the anchor's own B.9 in b9_anchor_lcu_mn); NI = GF01_7 - R07 from the two trees; PB = NLB + NI. Outturn years only: the ledger is never built from partially covered forecast lines (§4.3)."
USA,United States,strict,2008,actual,USD,4773133.99,5860288.656,-1087154.6660000002,470151.502,-617003.1640000002,-1087154.666,14769862.0,32.31671352108774,39.67734198193592,-7.36062846084818,3.183181413611041,-4.1774470472371386,0.0,True,OECD_T12_BAL,"TR and TE as published by OECD_T12_BAL; NLB = TR - TE (B.9, cross-checked against the anchor's own B.9 in b9_anchor_lcu_mn); NI = GF01_7 - R07 from the two trees; PB = NLB + NI. Outturn years only: the ledger is never built from partially covered forecast lines (§4.3)."
USA,United States,strict,2009,actual,USD,4354776.492,6253856.833,-1899080.341,511783.598,-1387296.743,-1899080.341,14478067.0,30.07843859266572,43.19538535772765,-13.116946765061938,3.5348890014115835,-9.582057763650356,0.0,True,OECD_T12_BAL,"TR and TE as published by OECD_T12_BAL; NLB = TR - TE (B.9, cross-checked against the anchor's own B.9 in b9_anchor_lcu_mn); NI = GF01_7 - R07 from the two trees; PB = NLB + NI. Outturn years only: the ledger is never built from partially covered forecast lines (§4.3)."
USA,United States,strict,2010,actual,USD,4606574.082,6472653.579,-1866079.4969999995,540620.918,-1325458.5789999994,-1866079.497,15048971.0,30.61055856908755,43.01060570187822,-12.400047132790672,3.5924111887782892,-8.80763594401238,0.0,True,OECD_T12_BAL,"TR and TE as published by OECD_T12_BAL; NLB = TR - TE (B.9, cross-checked against the anchor's own B.9 in b9_anchor_lcu_mn); NI = GF01_7 - R07 from the two trees; PB = NLB + NI. Outturn years only: the ledger is never built from partially covered forecast lines (§4.3)."
USA,United States,strict,2011,actual,USD,4822437.856,6535058.593,-1712620.7370000007,588388.604,-1124232.1330000006,-1712620.737,15599732.0,30.913594259183423,41.892120922333795,-10.978526663150372,3.7717866178726664,-7.206740045277704,0.0,True,OECD_T12_BAL,"TR and TE as published by OECD_T12_BAL; NLB = TR - TE (B.9, cross-checked against the anchor's own B.9 in b9_anchor_lcu_mn); NI = GF01_7 - R07 from the two trees; PB = NLB + NI. Outturn years only: the ledger is never built from partially covered forecast lines (§4.3)."
USA,United States,strict,2012,actual,USD,5018346.565,6515363.741,-1497017.176,607859.679,-889157.497,-1497017.176,16253970.0,30.874589807905394,40.08475308493863,-9.210163277033242,3.739761295240486,-5.470401981792756,0.0,True,OECD_T12_BAL,"TR and TE as published by OECD_T12_BAL; NLB = TR - TE (B.9, cross-checked against the anchor's own B.9 in b9_anchor_lcu_mn); NI = GF01_7 - R07 from the two trees; PB = NLB + NI. Outturn years only: the ledger is never built from partially covered forecast lines (§4.3)."
USA,United States,strict,2013,actual,USD,5565372.32,6548911.724,-983539.4040000001,588068.581,-395470.8230000001,-983539.404,16880683.0,32.96888117619412,38.79530066407859,-5.826419487884466,3.4836776509576066,-2.3427418369268596,0.0,True,OECD_T12_BAL,"TR and TE as published by OECD_T12_BAL; NLB = TR - TE (B.9, cross-checked against the anchor's own B.9 in b9_anchor_lcu_mn); NI = GF01_7 - R07 from the two trees; PB = NLB + NI. Outturn years only: the ledger is never built from partially covered forecast lines (§4.3)."
USA,United States,strict,2014,actual,USD,5809932.5,6721068.225,-911135.7249999996,599176.5499999999,-311959.1749999997,-911135.725,17608138.0,32.99572334110512,38.1702382443845,-5.17451490327938,3.402838789655101,-1.7716761136242782,0.0,True,OECD_T12_BAL,"TR and TE as published by OECD_T12_BAL; NLB = TR - TE (B.9, cross-checked against the anchor's own B.9 in b9_anchor_lcu_mn); NI = GF01_7 - R07 from the two trees; PB = NLB + NI. Outturn years only: the ledger is never built from partially covered forecast lines (§4.3)."
USA,United States,strict,2015,actual,USD,6068701.015,6910981.379,-842280.3640000001,592049.618,-250230.74600000004,-842280.364,18295019.0,33.17132939298943,37.775207443075075,-4.603878050085655,3.236124641357301,-1.3677534087283543,0.0,True,OECD_T12_BAL,"TR and TE as published by OECD_T12_BAL; NLB = TR - TE (B.9, cross-checked against the anchor's own B.9 in b9_anchor_lcu_mn); NI = GF01_7 - R07 from the two trees; PB = NLB + NI. Outturn years only: the ledger is never built from partially covered forecast lines (§4.3)."
USA,United States,strict,2016,actual,USD,6142532.039,7156461.234,-1013929.1950000003,626999.517,-386929.6780000003,-1013929.196,18804913.0,32.664506552090934,38.056337904886874,-5.391831352795943,3.3342324795653138,-2.05759887323063,0.0,True,OECD_T12_BAL,"TR and TE as published by OECD_T12_BAL; NLB = TR - TE (B.9, cross-checked against the anchor's own B.9 in b9_anchor_lcu_mn); NI = GF01_7 - R07 from the two trees; PB = NLB + NI. Outturn years only: the ledger is never built from partially covered forecast lines (§4.3)."
USA,United States,strict,2017,actual,USD,6538636.446,7407363.809,-868727.3629999999,654310.435,-214416.92799999984,-868727.362,19612102.0,33.33980440240419,37.7693518471401,-4.429547444735908,3.336258576464675,-1.093288868271233,0.0,True,OECD_T12_BAL,"TR and TE as published by OECD_T12_BAL; NLB = TR - TE (B.9, cross-checked against the anchor's own B.9 in b9_anchor_lcu_mn); NI = GF01_7 - R07 from the two trees; PB = NLB + NI. Outturn years only: the ledger is never built from partially covered forecast lines (§4.3)."
USA,United States,strict,2018,actual,USD,6529088.811,7792497.79,-1263408.9790000003,703168.234,-560240.7450000002,-1263408.979,20656516.0,31.607889786448016,37.72416311637451,-6.116273329926501,3.4040989003179436,-2.7121744296085564,0.0,True,OECD_T12_BAL,"TR and TE as published by OECD_T12_BAL; NLB = TR - TE (B.9, cross-checked against the anchor's own B.9 in b9_anchor_lcu_mn); NI = GF01_7 - R07 from the two trees; PB = NLB + NI. Outturn years only: the ledger is never built from partially covered forecast lines (§4.3)."
USA,United States,strict,2019,actual,USD,6795389.475,8237124.663,-1441735.188,753260.623,-688474.5650000001,-1441735.188,21539982.0,31.547795513478146,38.24109353016172,-6.69329801668358,3.497034598264752,-3.1962634184188268,0.0,True,OECD_T12_BAL,"TR and TE as published by OECD_T12_BAL; NLB = TR - TE (B.9, cross-checked against the anchor's own B.9 in b9_anchor_lcu_mn); NI = GF01_7 - R07 from the two trees; PB = NLB + NI. Outturn years only: the ledger is never built from partially covered forecast lines (§4.3)."
USA,United States,strict,2020,actual,USD,6897513.366,10100928.491,-3203415.125,695185.99,-2508229.135,-3203415.125,21375281.0,32.26864416893514,47.2551845797957,-14.986540410860563,3.252289361716461,-11.7342510491441,0.0,True,OECD_T12_BAL,"TR and TE as published by OECD_T12_BAL; NLB = TR - TE (B.9, cross-checked against the anchor's own B.9 in b9_anchor_lcu_mn); NI = GF01_7 - R07 from the two trees; PB = NLB + NI. Outturn years only: the ledger is never built from partially covered forecast lines (§4.3)."
USA,United States,strict,2021,actual,USD,7920120.488,10755588.525,-2835468.0370000005,741270.9569999999,-2094197.0800000005,-2835468.037,23725645.0,33.382108212442695,45.3331765058442,-11.951068293401509,3.12434480495683,-8.82672348844468,0.0,True,OECD_T12_BAL,"TR and TE as published by OECD_T12_BAL; NLB = TR - TE (B.9, cross-checked against the anchor's own B.9 in b9_anchor_lcu_mn); NI = GF01_7 - R07 from the two trees; PB = NLB + NI. Outturn years only: the ledger is never built from partially covered forecast lines (§4.3)."
USA,United States,strict,2022,actual,USD,9040456.783,10009774.585,-969317.8020000011,850159.029,-119158.77300000109,-969317.802,26054614.0,34.698102927182106,38.418433621776174,-3.7203306945940593,3.2629883866251097,-0.4573423079689497,0.0,True,OECD_T12_BAL,"TR and TE as published by OECD_T12_BAL; NLB = TR - TE (B.9, cross-checked against the anchor's own B.9 in b9_anchor_lcu_mn); NI = GF01_7 - R07 from the two trees; PB = NLB + NI. Outturn years only: the ledger is never built from partially covered forecast lines (§4.3)."
USA,United States,strict,2023,actual,USD,8694077.898,10905857.712,-2211779.8139999993,1078589.905,-1133189.9089999993,-2211779.815,27811517.0,31.26071079833581,39.21345862579161,-7.952747827455795,3.878213133789142,-4.074534693666654,0.0,True,OECD_T12_BAL,"TR and TE as published by OECD_T12_BAL; NLB = TR - TE (B.9, cross-checked against the anchor's own B.9 in b9_anchor_lcu_mn); NI = GF01_7 - R07 from the two trees; PB = NLB + NI. Outturn years only: the ledger is never built from partially covered forecast lines (§4.3)."
USA,United States,strict,2024,actual,USD,9236733.593,11592173.245,-2355439.651999999,1230563.333,-1124876.3189999987,-2355439.653,29298013.0,31.526826044482952,39.566414435682034,-8.039588391199084,4.200159693423578,-3.839428697775507,0.0,True,OECD_T12_BAL,"TR and TE as published by OECD_T12_BAL; NLB = TR - TE (B.9, cross-checked against the anchor's own B.9 in b9_anchor_lcu_mn); NI = GF01_7 - R07 from the two trees; PB = NLB + NI. Outturn years only: the ledger is never built from partially covered forecast lines (§4.3)."
