iso3,year,step,item,value_lcu_mn,item_type,item_source_id,basis,run_id,source_id,snapshot_sha256,quality_grade,notes
GBR,1982,register,sum_fixed_bullet,-4661.0,computed,ggfiscal.debt.register,nominal,20260910T102726Z,ggfiscal.debt.chains,,A,computed from the per-security register (debt_interest_by_security / debt_flows)
GBR,1982,register,sum_inflation_linked,2650.0,computed,ggfiscal.debt.register,nominal,20260910T102726Z,ggfiscal.debt.chains,,A,computed from the per-security register (debt_interest_by_security / debt_flows)
GBR,1982,register,official_total,-2011.0,computed,,nominal,20260910T102726Z,ggfiscal.debt.chains,,B,
GBR,1982,A_cg_cash_requirement,carried_from_previous_step,-2011.0,computed,,,20260910T102726Z,ggfiscal.debt.chains,,B,
GBR,1982,A_cg_cash_requirement,issuance_cash_less_nominal,-108.5,computed,ggfiscal.debt.register,cash,20260910T102726Z,ggfiscal.debt.chains,,B,
GBR,1982,A_cg_cash_requirement,official_total,,official,,,20260910T102726Z,ggfiscal.debt.chains,,A,
GBR,1982,A_cg_cash_requirement,residual,,residual,,,20260910T102726Z,ggfiscal.debt.chains,,B,
GBR,1982,B_s1311_b9,carried_from_previous_step,-2119.5,computed,,,20260910T102726Z,ggfiscal.debt.chains,,B,
GBR,1982,B_s1311_b9,official_total,,official,,,20260910T102726Z,ggfiscal.debt.chains,,A,
GBR,1982,B_s1311_b9,residual,,residual,,,20260910T102726Z,ggfiscal.debt.chains,,B,
GBR,1982,C_s13_nlb,carried_from_previous_step,-2119.5,computed,,,20260910T102726Z,ggfiscal.debt.chains,,B,
GBR,1982,C_s13_nlb,official_total,,official,,,20260910T102726Z,ggfiscal.debt.chains,,A,
GBR,1982,C_s13_nlb,residual,,residual,,,20260910T102726Z,ggfiscal.debt.chains,,B,
GBR,1983,register,sum_fixed_bullet,-6338.0,computed,ggfiscal.debt.register,nominal,20260910T102726Z,ggfiscal.debt.chains,,A,computed from the per-security register (debt_interest_by_security / debt_flows)
GBR,1983,register,sum_inflation_linked,1829.9228269999999,computed,ggfiscal.debt.register,nominal,20260910T102726Z,ggfiscal.debt.chains,,A,computed from the per-security register (debt_interest_by_security / debt_flows)
GBR,1983,register,official_total,-4508.077173,computed,,nominal,20260910T102726Z,ggfiscal.debt.chains,,B,
GBR,1983,A_cg_cash_requirement,carried_from_previous_step,-4508.077173,computed,,,20260910T102726Z,ggfiscal.debt.chains,,B,
GBR,1983,A_cg_cash_requirement,issuance_cash_less_nominal,-109.5,computed,ggfiscal.debt.register,cash,20260910T102726Z,ggfiscal.debt.chains,,B,
GBR,1983,A_cg_cash_requirement,official_total,,official,,,20260910T102726Z,ggfiscal.debt.chains,,A,
GBR,1983,A_cg_cash_requirement,residual,,residual,,,20260910T102726Z,ggfiscal.debt.chains,,B,
GBR,1983,B_s1311_b9,carried_from_previous_step,-4617.577173,computed,,,20260910T102726Z,ggfiscal.debt.chains,,B,
GBR,1983,B_s1311_b9,official_total,,official,,,20260910T102726Z,ggfiscal.debt.chains,,A,
GBR,1983,B_s1311_b9,residual,,residual,,,20260910T102726Z,ggfiscal.debt.chains,,B,
GBR,1983,C_s13_nlb,carried_from_previous_step,-4617.577173,computed,,,20260910T102726Z,ggfiscal.debt.chains,,B,
GBR,1983,C_s13_nlb,official_total,,official,,,20260910T102726Z,ggfiscal.debt.chains,,A,
GBR,1983,C_s13_nlb,residual,,residual,,,20260910T102726Z,ggfiscal.debt.chains,,B,
GBR,1984,register,sum_fixed_bullet,-5000.0,computed,ggfiscal.debt.register,nominal,20260910T102726Z,ggfiscal.debt.chains,,A,computed from the per-security register (debt_interest_by_security / debt_flows)
GBR,1984,register,sum_inflation_linked,1021.737615,computed,ggfiscal.debt.register,nominal,20260910T102726Z,ggfiscal.debt.chains,,A,computed from the per-security register (debt_interest_by_security / debt_flows)
GBR,1984,register,official_total,-3978.262385,computed,,nominal,20260910T102726Z,ggfiscal.debt.chains,,B,
GBR,1984,A_cg_cash_requirement,carried_from_previous_step,-3978.262385,computed,,,20260910T102726Z,ggfiscal.debt.chains,,B,
GBR,1984,A_cg_cash_requirement,issuance_cash_less_nominal,-49.5,computed,ggfiscal.debt.register,cash,20260910T102726Z,ggfiscal.debt.chains,,B,
GBR,1984,A_cg_cash_requirement,official_total,,official,,,20260910T102726Z,ggfiscal.debt.chains,,A,
GBR,1984,A_cg_cash_requirement,residual,,residual,,,20260910T102726Z,ggfiscal.debt.chains,,B,
GBR,1984,B_s1311_b9,carried_from_previous_step,-4027.762385,computed,,,20260910T102726Z,ggfiscal.debt.chains,,B,
GBR,1984,B_s1311_b9,official_total,,official,,,20260910T102726Z,ggfiscal.debt.chains,,A,
GBR,1984,B_s1311_b9,residual,,residual,,,20260910T102726Z,ggfiscal.debt.chains,,B,
GBR,1984,C_s13_nlb,carried_from_previous_step,-4027.762385,computed,,,20260910T102726Z,ggfiscal.debt.chains,,B,
GBR,1984,C_s13_nlb,official_total,,official,,,20260910T102726Z,ggfiscal.debt.chains,,A,
GBR,1984,C_s13_nlb,residual,,residual,,,20260910T102726Z,ggfiscal.debt.chains,,B,
GBR,1985,register,sum_fixed_bullet,-5560.513373379999,computed,ggfiscal.debt.register,nominal,20260910T102726Z,ggfiscal.debt.chains,,A,computed from the per-security register (debt_interest_by_security / debt_flows)
GBR,1985,register,sum_inflation_linked,1800.0,computed,ggfiscal.debt.register,nominal,20260910T102726Z,ggfiscal.debt.chains,,A,computed from the per-security register (debt_interest_by_security / debt_flows)
GBR,1985,register,official_total,-3760.5133733799994,computed,,nominal,20260910T102726Z,ggfiscal.debt.chains,,B,
GBR,1985,A_cg_cash_requirement,carried_from_previous_step,-3760.5133733799994,computed,,,20260910T102726Z,ggfiscal.debt.chains,,B,
GBR,1985,A_cg_cash_requirement,issuance_cash_less_nominal,-99.25,computed,ggfiscal.debt.register,cash,20260910T102726Z,ggfiscal.debt.chains,,B,
GBR,1985,A_cg_cash_requirement,official_total,,official,,,20260910T102726Z,ggfiscal.debt.chains,,A,
GBR,1985,A_cg_cash_requirement,residual,,residual,,,20260910T102726Z,ggfiscal.debt.chains,,B,
GBR,1985,B_s1311_b9,carried_from_previous_step,-3859.7633733799994,computed,,,20260910T102726Z,ggfiscal.debt.chains,,B,
GBR,1985,B_s1311_b9,official_total,,official,,,20260910T102726Z,ggfiscal.debt.chains,,A,
GBR,1985,B_s1311_b9,residual,,residual,,,20260910T102726Z,ggfiscal.debt.chains,,B,
GBR,1985,C_s13_nlb,carried_from_previous_step,-3859.7633733799994,computed,,,20260910T102726Z,ggfiscal.debt.chains,,B,
GBR,1985,C_s13_nlb,official_total,,official,,,20260910T102726Z,ggfiscal.debt.chains,,A,
GBR,1985,C_s13_nlb,residual,,residual,,,20260910T102726Z,ggfiscal.debt.chains,,B,
GBR,1986,register,sum_fixed_bullet,-3969.72639495,computed,ggfiscal.debt.register,nominal,20260910T102726Z,ggfiscal.debt.chains,,A,computed from the per-security register (debt_interest_by_security / debt_flows)
GBR,1986,register,sum_inflation_linked,1850.0,computed,ggfiscal.debt.register,nominal,20260910T102726Z,ggfiscal.debt.chains,,A,computed from the per-security register (debt_interest_by_security / debt_flows)
GBR,1986,register,official_total,-2119.72639495,computed,,nominal,20260910T102726Z,ggfiscal.debt.chains,,B,
GBR,1986,A_cg_cash_requirement,carried_from_previous_step,-2119.72639495,computed,,,20260910T102726Z,ggfiscal.debt.chains,,B,
GBR,1986,A_cg_cash_requirement,issuance_cash_less_nominal,-344.03125,computed,ggfiscal.debt.register,cash,20260910T102726Z,ggfiscal.debt.chains,,B,
GBR,1986,A_cg_cash_requirement,official_total,,official,,,20260910T102726Z,ggfiscal.debt.chains,,A,
GBR,1986,A_cg_cash_requirement,residual,,residual,,,20260910T102726Z,ggfiscal.debt.chains,,B,
GBR,1986,B_s1311_b9,carried_from_previous_step,-2463.75764495,computed,,,20260910T102726Z,ggfiscal.debt.chains,,B,
GBR,1986,B_s1311_b9,official_total,,official,,,20260910T102726Z,ggfiscal.debt.chains,,A,
GBR,1986,B_s1311_b9,residual,,residual,,,20260910T102726Z,ggfiscal.debt.chains,,B,
GBR,1986,C_s13_nlb,carried_from_previous_step,-2463.75764495,computed,,,20260910T102726Z,ggfiscal.debt.chains,,B,
GBR,1986,C_s13_nlb,official_total,,official,,,20260910T102726Z,ggfiscal.debt.chains,,A,
GBR,1986,C_s13_nlb,residual,,residual,,,20260910T102726Z,ggfiscal.debt.chains,,B,
GBR,1987,register,sum_fixed_bullet,-9177.82572893,computed,ggfiscal.debt.register,nominal,20260910T102726Z,ggfiscal.debt.chains,,A,computed from the per-security register (debt_interest_by_security / debt_flows)
GBR,1987,register,sum_inflation_linked,1100.0,computed,ggfiscal.debt.register,nominal,20260910T102726Z,ggfiscal.debt.chains,,A,computed from the per-security register (debt_interest_by_security / debt_flows)
GBR,1987,register,official_total,-8077.82572893,computed,,nominal,20260910T102726Z,ggfiscal.debt.chains,,B,
GBR,1987,A_cg_cash_requirement,carried_from_previous_step,-8077.82572893,computed,,,20260910T102726Z,ggfiscal.debt.chains,,B,
GBR,1987,A_cg_cash_requirement,issuance_cash_less_nominal,-24.1875,computed,ggfiscal.debt.register,cash,20260910T102726Z,ggfiscal.debt.chains,,B,
GBR,1987,A_cg_cash_requirement,official_total,,official,ONS_PSF_APPENDIX_S,cash,20260910T102726Z,ggfiscal.debt.chains,,A,
GBR,1987,A_cg_cash_requirement,residual,,residual,,,20260910T102726Z,ggfiscal.debt.chains,,B,
GBR,1987,B_s1311_b9,carried_from_previous_step,-8102.01322893,computed,,,20260910T102726Z,ggfiscal.debt.chains,,B,
GBR,1987,B_s1311_b9,official_total,,official,ONS_PSF_APPENDIX_A,accrued,20260910T102726Z,ggfiscal.debt.chains,,A,
GBR,1987,B_s1311_b9,residual,,residual,,,20260910T102726Z,ggfiscal.debt.chains,,B,
GBR,1987,C_s13_nlb,carried_from_previous_step,-8102.01322893,computed,,,20260910T102726Z,ggfiscal.debt.chains,,B,
GBR,1987,C_s13_nlb,official_total,,official,package_NLB,accrued,20260910T102726Z,ggfiscal.debt.chains,,A,
GBR,1987,C_s13_nlb,residual,,residual,,,20260910T102726Z,ggfiscal.debt.chains,,B,
GBR,1988,register,sum_fixed_bullet,-5989.7320998899995,computed,ggfiscal.debt.register,nominal,20260910T102726Z,ggfiscal.debt.chains,,A,computed from the per-security register (debt_interest_by_security / debt_flows)
GBR,1988,register,sum_inflation_linked,800.0000000000001,computed,ggfiscal.debt.register,nominal,20260910T102726Z,ggfiscal.debt.chains,,A,computed from the per-security register (debt_interest_by_security / debt_flows)
GBR,1988,register,official_total,-5189.7320998899995,computed,,nominal,20260910T102726Z,ggfiscal.debt.chains,,B,
GBR,1988,A_cg_cash_requirement,carried_from_previous_step,-5189.7320998899995,computed,,,20260910T102726Z,ggfiscal.debt.chains,,B,
GBR,1988,A_cg_cash_requirement,issuance_cash_less_nominal,-68.90625,computed,ggfiscal.debt.register,cash,20260910T102726Z,ggfiscal.debt.chains,,B,
GBR,1988,A_cg_cash_requirement,official_total,,official,ONS_PSF_APPENDIX_S,cash,20260910T102726Z,ggfiscal.debt.chains,,A,
GBR,1988,A_cg_cash_requirement,residual,,residual,,,20260910T102726Z,ggfiscal.debt.chains,,B,
GBR,1988,B_s1311_b9,carried_from_previous_step,-5258.6383498899995,computed,,,20260910T102726Z,ggfiscal.debt.chains,,B,
GBR,1988,B_s1311_b9,official_total,,official,ONS_PSF_APPENDIX_A,accrued,20260910T102726Z,ggfiscal.debt.chains,,A,
GBR,1988,B_s1311_b9,residual,,residual,,,20260910T102726Z,ggfiscal.debt.chains,,B,
GBR,1988,C_s13_nlb,carried_from_previous_step,-5258.6383498899995,computed,,,20260910T102726Z,ggfiscal.debt.chains,,B,
GBR,1988,C_s13_nlb,official_total,,official,package_NLB,accrued,20260910T102726Z,ggfiscal.debt.chains,,A,
GBR,1988,C_s13_nlb,residual,,residual,,,20260910T102726Z,ggfiscal.debt.chains,,B,
GBR,1989,register,sum_fixed_bullet,-10278.93345446,computed,ggfiscal.debt.register,nominal,20260910T102726Z,ggfiscal.debt.chains,,A,computed from the per-security register (debt_interest_by_security / debt_flows)
GBR,1989,register,official_total,-10278.93345446,computed,,nominal,20260910T102726Z,ggfiscal.debt.chains,,B,
GBR,1989,A_cg_cash_requirement,carried_from_previous_step,-10278.93345446,computed,,,20260910T102726Z,ggfiscal.debt.chains,,B,
GBR,1989,A_cg_cash_requirement,official_total,,official,ONS_PSF_APPENDIX_S,cash,20260910T102726Z,ggfiscal.debt.chains,,A,
GBR,1989,A_cg_cash_requirement,residual,,residual,,,20260910T102726Z,ggfiscal.debt.chains,,B,
GBR,1989,B_s1311_b9,carried_from_previous_step,-10278.93345446,computed,,,20260910T102726Z,ggfiscal.debt.chains,,B,
GBR,1989,B_s1311_b9,official_total,,official,ONS_PSF_APPENDIX_A,accrued,20260910T102726Z,ggfiscal.debt.chains,,A,
GBR,1989,B_s1311_b9,residual,,residual,,,20260910T102726Z,ggfiscal.debt.chains,,B,
GBR,1989,C_s13_nlb,carried_from_previous_step,-10278.93345446,computed,,,20260910T102726Z,ggfiscal.debt.chains,,B,
GBR,1989,C_s13_nlb,official_total,,official,package_NLB,accrued,20260910T102726Z,ggfiscal.debt.chains,,A,
GBR,1989,C_s13_nlb,residual,,residual,,,20260910T102726Z,ggfiscal.debt.chains,,B,
GBR,1990,register,sum_fixed_bullet,-6324.906290610001,computed,ggfiscal.debt.register,nominal,20260910T102726Z,ggfiscal.debt.chains,,A,computed from the per-security register (debt_interest_by_security / debt_flows)
GBR,1990,register,sum_inflation_linked,-499.99999999999994,computed,ggfiscal.debt.register,nominal,20260910T102726Z,ggfiscal.debt.chains,,A,computed from the per-security register (debt_interest_by_security / debt_flows)
GBR,1990,register,official_total,-6824.906290610001,computed,,nominal,20260910T102726Z,ggfiscal.debt.chains,,B,
GBR,1990,A_cg_cash_requirement,carried_from_previous_step,-6824.906290610001,computed,,,20260910T102726Z,ggfiscal.debt.chains,,B,
GBR,1990,A_cg_cash_requirement,official_total,,official,ONS_PSF_APPENDIX_S,cash,20260910T102726Z,ggfiscal.debt.chains,,A,
GBR,1990,A_cg_cash_requirement,residual,,residual,,,20260910T102726Z,ggfiscal.debt.chains,,B,
GBR,1990,B_s1311_b9,carried_from_previous_step,-6824.906290610001,computed,,,20260910T102726Z,ggfiscal.debt.chains,,B,
GBR,1990,B_s1311_b9,official_total,,official,ONS_PSF_APPENDIX_A,accrued,20260910T102726Z,ggfiscal.debt.chains,,A,
GBR,1990,B_s1311_b9,residual,,residual,,,20260910T102726Z,ggfiscal.debt.chains,,B,
GBR,1990,C_s13_nlb,carried_from_previous_step,-6824.906290610001,computed,,,20260910T102726Z,ggfiscal.debt.chains,,B,
GBR,1990,C_s13_nlb,official_total,9940.0,official,package_NLB,"accrued, net borrowing = -B.9",20260910T102726Z,ggfiscal.debt.chains,,A,
GBR,1990,C_s13_nlb,residual,16764.90629061,residual,,"accrued, net borrowing = -B.9",20260910T102726Z,ggfiscal.debt.chains,,B,
GBR,1991,register,sum_fixed_bullet,-2215.5238649,computed,ggfiscal.debt.register,nominal,20260910T102726Z,ggfiscal.debt.chains,,A,computed from the per-security register (debt_interest_by_security / debt_flows)
GBR,1991,register,sum_inflation_linked,500.0,computed,ggfiscal.debt.register,nominal,20260910T102726Z,ggfiscal.debt.chains,,A,computed from the per-security register (debt_interest_by_security / debt_flows)
GBR,1991,register,official_total,-1715.5238648999998,computed,,nominal,20260910T102726Z,ggfiscal.debt.chains,,B,
GBR,1991,A_cg_cash_requirement,carried_from_previous_step,-1715.5238648999998,computed,,,20260910T102726Z,ggfiscal.debt.chains,,B,
GBR,1991,A_cg_cash_requirement,issuance_cash_less_nominal,-112.9375,computed,ggfiscal.debt.register,cash,20260910T102726Z,ggfiscal.debt.chains,,B,
GBR,1991,A_cg_cash_requirement,official_total,,official,ONS_PSF_APPENDIX_S,cash,20260910T102726Z,ggfiscal.debt.chains,,A,
GBR,1991,A_cg_cash_requirement,residual,,residual,,,20260910T102726Z,ggfiscal.debt.chains,,B,
GBR,1991,B_s1311_b9,carried_from_previous_step,-1828.4613648999998,computed,,,20260910T102726Z,ggfiscal.debt.chains,,B,
GBR,1991,B_s1311_b9,official_total,,official,ONS_PSF_APPENDIX_A,accrued,20260910T102726Z,ggfiscal.debt.chains,,A,
GBR,1991,B_s1311_b9,residual,,residual,,,20260910T102726Z,ggfiscal.debt.chains,,B,
GBR,1991,C_s13_nlb,carried_from_previous_step,-1828.4613648999998,computed,,,20260910T102726Z,ggfiscal.debt.chains,,B,
GBR,1991,C_s13_nlb,official_total,19339.0,official,package_NLB,"accrued, net borrowing = -B.9",20260910T102726Z,ggfiscal.debt.chains,,A,
GBR,1991,C_s13_nlb,residual,21167.4613649,residual,,"accrued, net borrowing = -B.9",20260910T102726Z,ggfiscal.debt.chains,,B,
GBR,1992,register,sum_fixed_bullet,1279.8511918699999,computed,ggfiscal.debt.register,nominal,20260910T102726Z,ggfiscal.debt.chains,,A,computed from the per-security register (debt_interest_by_security / debt_flows)
GBR,1992,register,sum_inflation_linked,2750.0,computed,ggfiscal.debt.register,nominal,20260910T102726Z,ggfiscal.debt.chains,,A,computed from the per-security register (debt_interest_by_security / debt_flows)
GBR,1992,register,official_total,4029.8511918699996,computed,,nominal,20260910T102726Z,ggfiscal.debt.chains,,B,
GBR,1992,A_cg_cash_requirement,carried_from_previous_step,4029.8511918699996,computed,,,20260910T102726Z,ggfiscal.debt.chains,,B,
GBR,1992,A_cg_cash_requirement,issuance_cash_less_nominal,345.109375,computed,ggfiscal.debt.register,cash,20260910T102726Z,ggfiscal.debt.chains,,B,
GBR,1992,A_cg_cash_requirement,official_total,,official,ONS_PSF_APPENDIX_S,cash,20260910T102726Z,ggfiscal.debt.chains,,A,
GBR,1992,A_cg_cash_requirement,residual,,residual,,,20260910T102726Z,ggfiscal.debt.chains,,B,
GBR,1992,B_s1311_b9,carried_from_previous_step,4374.96056687,computed,,,20260910T102726Z,ggfiscal.debt.chains,,B,
GBR,1992,B_s1311_b9,official_total,,official,ONS_PSF_APPENDIX_A,accrued,20260910T102726Z,ggfiscal.debt.chains,,A,
GBR,1992,B_s1311_b9,residual,,residual,,,20260910T102726Z,ggfiscal.debt.chains,,B,
GBR,1992,C_s13_nlb,carried_from_previous_step,4374.96056687,computed,,,20260910T102726Z,ggfiscal.debt.chains,,B,
GBR,1992,C_s13_nlb,official_total,40038.0,official,package_NLB,"accrued, net borrowing = -B.9",20260910T102726Z,ggfiscal.debt.chains,,A,
GBR,1992,C_s13_nlb,residual,35663.03943313,residual,,"accrued, net borrowing = -B.9",20260910T102726Z,ggfiscal.debt.chains,,B,
GBR,1993,register,sum_fixed_bullet,22035.0296905,computed,ggfiscal.debt.register,nominal,20260910T102726Z,ggfiscal.debt.chains,,A,computed from the per-security register (debt_interest_by_security / debt_flows)
GBR,1993,register,sum_inflation_linked,5700.0,computed,ggfiscal.debt.register,nominal,20260910T102726Z,ggfiscal.debt.chains,,A,computed from the per-security register (debt_interest_by_security / debt_flows)
GBR,1993,register,official_total,27735.0296905,computed,,nominal,20260910T102726Z,ggfiscal.debt.chains,,B,
GBR,1993,A_cg_cash_requirement,carried_from_previous_step,27735.0296905,computed,,,20260910T102726Z,ggfiscal.debt.chains,,B,
GBR,1993,A_cg_cash_requirement,issuance_cash_less_nominal,2484.500325,computed,ggfiscal.debt.register,cash,20260910T102726Z,ggfiscal.debt.chains,,B,
GBR,1993,A_cg_cash_requirement,official_total,,official,ONS_PSF_APPENDIX_S,cash,20260910T102726Z,ggfiscal.debt.chains,,A,
GBR,1993,A_cg_cash_requirement,residual,,residual,,,20260910T102726Z,ggfiscal.debt.chains,,B,
GBR,1993,B_s1311_b9,carried_from_previous_step,30219.5300155,computed,,,20260910T102726Z,ggfiscal.debt.chains,,B,
GBR,1993,B_s1311_b9,official_total,,official,ONS_PSF_APPENDIX_A,accrued,20260910T102726Z,ggfiscal.debt.chains,,A,
GBR,1993,B_s1311_b9,residual,,residual,,,20260910T102726Z,ggfiscal.debt.chains,,B,
GBR,1993,C_s13_nlb,carried_from_previous_step,30219.5300155,computed,,,20260910T102726Z,ggfiscal.debt.chains,,B,
GBR,1993,C_s13_nlb,official_total,53417.0,official,package_NLB,"accrued, net borrowing = -B.9",20260910T102726Z,ggfiscal.debt.chains,,A,
GBR,1993,C_s13_nlb,residual,23197.4699845,residual,,"accrued, net borrowing = -B.9",20260910T102726Z,ggfiscal.debt.chains,,B,
GBR,1994,register,sum_fixed_bullet,3310.0697241999997,computed,ggfiscal.debt.register,nominal,20260910T102726Z,ggfiscal.debt.chains,,A,computed from the per-security register (debt_interest_by_security / debt_flows)
GBR,1994,register,sum_inflation_linked,1700.0,computed,ggfiscal.debt.register,nominal,20260910T102726Z,ggfiscal.debt.chains,,A,computed from the per-security register (debt_interest_by_security / debt_flows)
GBR,1994,register,official_total,5010.0697242,computed,,nominal,20260910T102726Z,ggfiscal.debt.chains,,B,
GBR,1994,A_cg_cash_requirement,carried_from_previous_step,5010.0697242,computed,,,20260910T102726Z,ggfiscal.debt.chains,,B,
GBR,1994,A_cg_cash_requirement,issuance_cash_less_nominal,339.71875,computed,ggfiscal.debt.register,cash,20260910T102726Z,ggfiscal.debt.chains,,B,
GBR,1994,A_cg_cash_requirement,official_total,,official,ONS_PSF_APPENDIX_S,cash,20260910T102726Z,ggfiscal.debt.chains,,A,
GBR,1994,A_cg_cash_requirement,residual,,residual,,,20260910T102726Z,ggfiscal.debt.chains,,B,
GBR,1994,B_s1311_b9,carried_from_previous_step,5349.7884742,computed,,,20260910T102726Z,ggfiscal.debt.chains,,B,
GBR,1994,B_s1311_b9,official_total,,official,ONS_PSF_APPENDIX_A,accrued,20260910T102726Z,ggfiscal.debt.chains,,A,
GBR,1994,B_s1311_b9,residual,,residual,,,20260910T102726Z,ggfiscal.debt.chains,,B,
GBR,1994,C_s13_nlb,carried_from_previous_step,5349.7884742,computed,,,20260910T102726Z,ggfiscal.debt.chains,,B,
GBR,1994,C_s13_nlb,official_total,49803.0,official,package_NLB,"accrued, net borrowing = -B.9",20260910T102726Z,ggfiscal.debt.chains,,A,
GBR,1994,C_s13_nlb,residual,44453.2115258,residual,,"accrued, net borrowing = -B.9",20260910T102726Z,ggfiscal.debt.chains,,B,
GBR,1995,register,sum_fixed_bullet,14746.060952000002,computed,ggfiscal.debt.register,nominal,20260910T102726Z,ggfiscal.debt.chains,,A,computed from the per-security register (debt_interest_by_security / debt_flows)
GBR,1995,register,sum_inflation_linked,2500.0,computed,ggfiscal.debt.register,nominal,20260910T102726Z,ggfiscal.debt.chains,,A,computed from the per-security register (debt_interest_by_security / debt_flows)
GBR,1995,register,official_total,17246.060952,computed,,nominal,20260910T102726Z,ggfiscal.debt.chains,,B,
GBR,1995,A_cg_cash_requirement,carried_from_previous_step,17246.060952,computed,,,20260910T102726Z,ggfiscal.debt.chains,,B,
GBR,1995,A_cg_cash_requirement,issuance_cash_less_nominal,815.84375,computed,ggfiscal.debt.register,cash,20260910T102726Z,ggfiscal.debt.chains,,B,
GBR,1995,A_cg_cash_requirement,official_total,,official,ONS_PSF_APPENDIX_S,cash,20260910T102726Z,ggfiscal.debt.chains,,A,
GBR,1995,A_cg_cash_requirement,residual,,residual,,,20260910T102726Z,ggfiscal.debt.chains,,B,
GBR,1995,B_s1311_b9,carried_from_previous_step,18061.904702,computed,,,20260910T102726Z,ggfiscal.debt.chains,,B,
GBR,1995,B_s1311_b9,official_total,,official,ONS_PSF_APPENDIX_A,accrued,20260910T102726Z,ggfiscal.debt.chains,,A,
GBR,1995,B_s1311_b9,residual,,residual,,,20260910T102726Z,ggfiscal.debt.chains,,B,
GBR,1995,C_s13_nlb,carried_from_previous_step,18061.904702,computed,,,20260910T102726Z,ggfiscal.debt.chains,,B,
GBR,1995,C_s13_nlb,official_total,46210.0,official,package_NLB,"accrued, net borrowing = -B.9",20260910T102726Z,ggfiscal.debt.chains,,A,
GBR,1995,C_s13_nlb,residual,28148.095298,residual,,"accrued, net borrowing = -B.9",20260910T102726Z,ggfiscal.debt.chains,,B,
GBR,1996,register,sum_fixed_bullet,13231.250930193999,computed,ggfiscal.debt.register,nominal,20260910T102726Z,ggfiscal.debt.chains,,A,computed from the per-security register (debt_interest_by_security / debt_flows)
GBR,1996,register,sum_inflation_linked,2750.0,computed,ggfiscal.debt.register,nominal,20260910T102726Z,ggfiscal.debt.chains,,A,computed from the per-security register (debt_interest_by_security / debt_flows)
GBR,1996,register,official_total,15981.250930193999,computed,,nominal,20260910T102726Z,ggfiscal.debt.chains,,B,
GBR,1996,A_cg_cash_requirement,carried_from_previous_step,15981.250930193999,computed,,,20260910T102726Z,ggfiscal.debt.chains,,B,
GBR,1996,A_cg_cash_requirement,issuance_cash_less_nominal,1734.875,computed,ggfiscal.debt.register,cash,20260910T102726Z,ggfiscal.debt.chains,,B,
GBR,1996,A_cg_cash_requirement,official_total,,official,ONS_PSF_APPENDIX_S,cash,20260910T102726Z,ggfiscal.debt.chains,,A,
GBR,1996,A_cg_cash_requirement,residual,,residual,,,20260910T102726Z,ggfiscal.debt.chains,,B,
GBR,1996,B_s1311_b9,carried_from_previous_step,17716.125930194,computed,,,20260910T102726Z,ggfiscal.debt.chains,,B,
GBR,1996,B_s1311_b9,official_total,,official,ONS_PSF_APPENDIX_A,accrued,20260910T102726Z,ggfiscal.debt.chains,,A,
GBR,1996,B_s1311_b9,residual,,residual,,,20260910T102726Z,ggfiscal.debt.chains,,B,
GBR,1996,C_s13_nlb,carried_from_previous_step,17716.125930194,computed,,,20260910T102726Z,ggfiscal.debt.chains,,B,
GBR,1996,C_s13_nlb,official_total,37465.0,official,package_NLB,"accrued, net borrowing = -B.9",20260910T102726Z,ggfiscal.debt.chains,,A,
GBR,1996,C_s13_nlb,residual,19748.874069806,residual,,"accrued, net borrowing = -B.9",20260910T102726Z,ggfiscal.debt.chains,,B,
GBR,1997,register,sum_fixed_bullet,5143.0298668000005,computed,ggfiscal.debt.register,nominal,20260910T102726Z,ggfiscal.debt.chains,,A,computed from the per-security register (debt_interest_by_security / debt_flows)
GBR,1997,register,sum_inflation_linked,3050.0,computed,ggfiscal.debt.register,nominal,20260910T102726Z,ggfiscal.debt.chains,,A,computed from the per-security register (debt_interest_by_security / debt_flows)
GBR,1997,register,official_total,8193.0298668,computed,,nominal,20260910T102726Z,ggfiscal.debt.chains,,B,
GBR,1997,A_cg_cash_requirement,carried_from_previous_step,8193.0298668,computed,,,20260910T102726Z,ggfiscal.debt.chains,,B,
GBR,1997,A_cg_cash_requirement,issuance_cash_less_nominal,2637.328125,computed,ggfiscal.debt.register,cash,20260910T102726Z,ggfiscal.debt.chains,,B,
GBR,1997,A_cg_cash_requirement,out_of_register_coin,188.0,official,ONS_PSF_APPENDIX_S,cash,20260910T102726Z,ggfiscal.debt.chains,,A,
GBR,1997,A_cg_cash_requirement,out_of_register_deposits_from_other_sectors,275.0,official,ONS_PSF_APPENDIX_S,cash,20260910T102726Z,ggfiscal.debt.chains,,A,
GBR,1997,A_cg_cash_requirement,out_of_register_exchange_cover_scheme,12.0,official,ONS_PSF_APPENDIX_S,cash,20260910T102726Z,ggfiscal.debt.chains,,A,
GBR,1997,A_cg_cash_requirement,out_of_register_government_foreign_currency_debt,-2337.0,official,ONS_PSF_APPENDIX_S,cash,20260910T102726Z,ggfiscal.debt.chains,,A,
GBR,1997,A_cg_cash_requirement,out_of_register_loans_from_mfis,-1900.0,official,ONS_PSF_APPENDIX_S,cash,20260910T102726Z,ggfiscal.debt.chains,,A,
GBR,1997,A_cg_cash_requirement,out_of_register_national_savings,1550.0,official,ONS_PSF_APPENDIX_S,cash,20260910T102726Z,ggfiscal.debt.chains,,A,
GBR,1997,A_cg_cash_requirement,out_of_register_nilo_lending_asset,141.0,official,ONS_PSF_APPENDIX_S,cash,20260910T102726Z,ggfiscal.debt.chains,,A,
GBR,1997,A_cg_cash_requirement,out_of_register_northern_ireland_cg_debt,-19.0,official,ONS_PSF_APPENDIX_S,cash,20260910T102726Z,ggfiscal.debt.chains,,A,
GBR,1997,A_cg_cash_requirement,out_of_register_official_reserves_asset,2362.0,official,ONS_PSF_APPENDIX_S,cash,20260910T102726Z,ggfiscal.debt.chains,,A,
GBR,1997,A_cg_cash_requirement,out_of_register_other_overseas_financing,-90.0,official,ONS_PSF_APPENDIX_S,cash,20260910T102726Z,ggfiscal.debt.chains,,A,
GBR,1997,A_cg_cash_requirement,out_of_register_sterling_deposits_asset,318.0,official,ONS_PSF_APPENDIX_S,cash,20260910T102726Z,ggfiscal.debt.chains,,A,
GBR,1997,A_cg_cash_requirement,out_of_register_tax_instruments,-169.0,official,ONS_PSF_APPENDIX_S,cash,20260910T102726Z,ggfiscal.debt.chains,,A,
GBR,1997,A_cg_cash_requirement,official_total,16077.0,official,ONS_PSF_APPENDIX_S,cash,20260910T102726Z,ggfiscal.debt.chains,,A,
GBR,1997,A_cg_cash_requirement,residual,4915.6420082,residual,,cash,20260910T102726Z,ggfiscal.debt.chains,,B,
GBR,1997,B_s1311_b9,carried_from_previous_step,16077.0,computed,,,20260910T102726Z,ggfiscal.debt.chains,,B,
GBR,1997,B_s1311_b9,official_total,,official,ONS_PSF_APPENDIX_A,accrued,20260910T102726Z,ggfiscal.debt.chains,,A,
GBR,1997,B_s1311_b9,residual,,residual,,,20260910T102726Z,ggfiscal.debt.chains,,B,
GBR,1997,C_s13_nlb,carried_from_previous_step,16077.0,computed,,,20260910T102726Z,ggfiscal.debt.chains,,B,
GBR,1997,C_s13_nlb,official_total,18843.0,official,package_NLB,"accrued, net borrowing = -B.9",20260910T102726Z,ggfiscal.debt.chains,,A,
GBR,1997,C_s13_nlb,residual,2766.0,residual,,"accrued, net borrowing = -B.9",20260910T102726Z,ggfiscal.debt.chains,,B,
GBR,1998,register,sum_fixed_bullet,-1190.5196307100018,computed,ggfiscal.debt.register,nominal,20260910T102726Z,ggfiscal.debt.chains,,A,computed from the per-security register (debt_interest_by_security / debt_flows)
GBR,1998,register,sum_inflation_linked,650.0,computed,ggfiscal.debt.register,nominal,20260910T102726Z,ggfiscal.debt.chains,,A,computed from the per-security register (debt_interest_by_security / debt_flows)
GBR,1998,register,official_total,-540.5196307100018,computed,,nominal,20260910T102726Z,ggfiscal.debt.chains,,B,
GBR,1998,A_cg_cash_requirement,carried_from_previous_step,-540.5196307100018,computed,,,20260910T102726Z,ggfiscal.debt.chains,,B,
GBR,1998,A_cg_cash_requirement,issuance_cash_less_nominal,1278.86875,computed,ggfiscal.debt.register,cash,20260910T102726Z,ggfiscal.debt.chains,,B,
GBR,1998,A_cg_cash_requirement,out_of_register_coin,168.0,official,ONS_PSF_APPENDIX_S,cash,20260910T102726Z,ggfiscal.debt.chains,,A,
GBR,1998,A_cg_cash_requirement,out_of_register_deposits_from_other_sectors,-2358.0,official,ONS_PSF_APPENDIX_S,cash,20260910T102726Z,ggfiscal.debt.chains,,A,
GBR,1998,A_cg_cash_requirement,out_of_register_exchange_cover_scheme,-3.0,official,ONS_PSF_APPENDIX_S,cash,20260910T102726Z,ggfiscal.debt.chains,,A,
GBR,1998,A_cg_cash_requirement,out_of_register_government_foreign_currency_debt,28.0,official,ONS_PSF_APPENDIX_S,cash,20260910T102726Z,ggfiscal.debt.chains,,A,
GBR,1998,A_cg_cash_requirement,out_of_register_loans_from_mfis,1066.0,official,ONS_PSF_APPENDIX_S,cash,20260910T102726Z,ggfiscal.debt.chains,,A,
GBR,1998,A_cg_cash_requirement,out_of_register_national_savings,1323.0,official,ONS_PSF_APPENDIX_S,cash,20260910T102726Z,ggfiscal.debt.chains,,A,
GBR,1998,A_cg_cash_requirement,out_of_register_nilo_lending_asset,118.0,official,ONS_PSF_APPENDIX_S,cash,20260910T102726Z,ggfiscal.debt.chains,,A,
GBR,1998,A_cg_cash_requirement,out_of_register_northern_ireland_cg_debt,-18.0,official,ONS_PSF_APPENDIX_S,cash,20260910T102726Z,ggfiscal.debt.chains,,A,
GBR,1998,A_cg_cash_requirement,out_of_register_official_reserves_asset,164.0,official,ONS_PSF_APPENDIX_S,cash,20260910T102726Z,ggfiscal.debt.chains,,A,
GBR,1998,A_cg_cash_requirement,out_of_register_other_overseas_financing,-91.0,official,ONS_PSF_APPENDIX_S,cash,20260910T102726Z,ggfiscal.debt.chains,,A,
GBR,1998,A_cg_cash_requirement,out_of_register_sterling_deposits_asset,338.0,official,ONS_PSF_APPENDIX_S,cash,20260910T102726Z,ggfiscal.debt.chains,,A,
GBR,1998,A_cg_cash_requirement,out_of_register_tax_instruments,-130.0,official,ONS_PSF_APPENDIX_S,cash,20260910T102726Z,ggfiscal.debt.chains,,A,
GBR,1998,A_cg_cash_requirement,official_total,-4853.0,official,ONS_PSF_APPENDIX_S,cash,20260910T102726Z,ggfiscal.debt.chains,,A,
GBR,1998,A_cg_cash_requirement,residual,-6196.349119289998,residual,,cash,20260910T102726Z,ggfiscal.debt.chains,,B,
GBR,1998,B_s1311_b9,carried_from_previous_step,-4853.0,computed,,,20260910T102726Z,ggfiscal.debt.chains,,B,
GBR,1998,B_s1311_b9,nram_and_bb_net_cash_requirement,0.0,official,ONS_PSF_APPENDIX_A,"cash; Appendix A PSA7C M98W 'NRAM and B&B', calendar-year block; sign +1 (PSA7C notes 83-86: RUUX = M98R + M98W + MUI2 - ABEC - ABEI)",20260910T102726Z,ggfiscal.debt.chains,,A,
GBR,1998,B_s1311_b9,network_rail_net_cash_requirement,0.0,official,ONS_PSF_APPENDIX_A,"cash; Appendix A PSA7C MUI2 'Network Rail', calendar-year block; sign +1 (PSA7C notes 83-86: RUUX = M98R + M98W + MUI2 - ABEC - ABEI)",20260910T102726Z,ggfiscal.debt.chains,,A,
GBR,1998,B_s1311_b9,less_payments_to_local_government,-897.0,official,ONS_PSF_APPENDIX_A,"cash; Appendix A PSA7C ABEC 'Central Government with NRAM and B&B, Network Rail of which, payments to local government', calendar-year block; sign -1 (PSA7C notes 83-86: RUUX = M98R + M98W + MUI2 - ABEC - ABEI)",20260910T102726Z,ggfiscal.debt.chains,,A,
GBR,1998,B_s1311_b9,less_payments_to_public_corporations,96.0,official,ONS_PSF_APPENDIX_A,"cash; Appendix A PSA7C ABEI 'Central Government with NRAM and B&B, Network Rail of which, payments to non-financial public corporations', calendar-year block; sign -1 (PSA7C notes 83-86: RUUX = M98R + M98W + MUI2 - ABEC - ABEI)",20260910T102726Z,ggfiscal.debt.chains,,A,
GBR,1998,B_s1311_b9,less_net_lending_to_private_sector_and_rest_of_world,348.0,official,ONS_PSF_APPENDIX_A,"cash to accrued; Appendix A REC2 ANRH 'Net lending to private sector and rest of world', calendar-year block; sign -1 (REC2 note 74: RUUX = -NMFJ + ANRH + ANRS + ANRU + ANRT + ANRV)",20260910T102726Z,ggfiscal.debt.chains,,A,
GBR,1998,B_s1311_b9,less_net_acquisition_of_company_securities,-209.0,official,ONS_PSF_APPENDIX_A,"cash to accrued; Appendix A REC2 ANRS 'Net acquisition of company securities', calendar-year block; sign -1 (REC2 note 74: RUUX = -NMFJ + ANRH + ANRS + ANRU + ANRT + ANRV)",20260910T102726Z,ggfiscal.debt.chains,,A,
GBR,1998,B_s1311_b9,less_adjustment_for_interest_on_gilts,2294.0,official,ONS_PSF_APPENDIX_A,"cash to accrued; Appendix A REC2 ANRU 'Adjustment for interest on gilts', calendar-year block; sign -1 (REC2 note 74: RUUX = -NMFJ + ANRH + ANRS + ANRU + ANRT + ANRV)",20260910T102726Z,ggfiscal.debt.chains,,A,
GBR,1998,B_s1311_b9,less_accounts_receivable_payable,2255.0,official,ONS_PSF_APPENDIX_A,"cash to accrued; Appendix A REC2 ANRT 'Accounts receivable/payable', calendar-year block; sign -1 (REC2 note 74: RUUX = -NMFJ + ANRH + ANRS + ANRU + ANRT + ANRV)",20260910T102726Z,ggfiscal.debt.chains,,A,
GBR,1998,B_s1311_b9,less_other_financial_transactions,-538.0,official,ONS_PSF_APPENDIX_A,"cash to accrued; Appendix A REC2 ANRV 'Other financial transactions', calendar-year block; sign -1 (REC2 note 74: RUUX = -NMFJ + ANRH + ANRS + ANRU + ANRT + ANRV)",20260910T102726Z,ggfiscal.debt.chains,,A,
GBR,1998,B_s1311_b9,official_total,-1504.0,official,ONS_PSF_APPENDIX_A,"accrued, net borrowing = -B.9",20260910T102726Z,ggfiscal.debt.chains,,A,
GBR,1998,B_s1311_b9,residual,0.0,residual,,"accrued, net borrowing = -B.9",20260910T102726Z,ggfiscal.debt.chains,,B,
GBR,1998,C_s13_nlb,carried_from_previous_step,-1504.0,computed,,,20260910T102726Z,ggfiscal.debt.chains,,B,
GBR,1998,C_s13_nlb,local_government_net_borrowing,3587.0,official,ONS_PSF_APPENDIX_A,"accrued, net borrowing = -B.9; Appendix A PSA2 -NMOE 'Local government net borrowing', calendar-year block; sign +1 (S.13 = S.1311 + S.1313; UK has no state government or social security funds subsector)",20260910T102726Z,ggfiscal.debt.chains,,A,
GBR,1998,C_s13_nlb,official_total,2083.0,official,package_NLB,"accrued, net borrowing = -B.9",20260910T102726Z,ggfiscal.debt.chains,,A,
GBR,1998,C_s13_nlb,residual,0.0,residual,,"accrued, net borrowing = -B.9",20260910T102726Z,ggfiscal.debt.chains,,B,
GBR,1999,register,sum_fixed_bullet,1945.0086975499985,computed,ggfiscal.debt.register,nominal,20260910T102726Z,ggfiscal.debt.chains,,A,computed from the per-security register (debt_interest_by_security / debt_flows)
GBR,1999,register,sum_floating,-5700.0,computed,ggfiscal.debt.register,nominal,20260910T102726Z,ggfiscal.debt.chains,,A,computed from the per-security register (debt_interest_by_security / debt_flows)
GBR,1999,register,sum_inflation_linked,1693.339558,computed,ggfiscal.debt.register,nominal,20260910T102726Z,ggfiscal.debt.chains,,A,computed from the per-security register (debt_interest_by_security / debt_flows)
GBR,1999,register,official_total,-2061.6517444500014,computed,,nominal,20260910T102726Z,ggfiscal.debt.chains,,B,
GBR,1999,A_cg_cash_requirement,carried_from_previous_step,-2061.6517444500014,computed,,,20260910T102726Z,ggfiscal.debt.chains,,B,
GBR,1999,A_cg_cash_requirement,issuance_cash_less_nominal,2797.5570000000002,computed,ggfiscal.debt.register,cash,20260910T102726Z,ggfiscal.debt.chains,,B,
GBR,1999,A_cg_cash_requirement,out_of_register_coin,191.0,official,ONS_PSF_APPENDIX_S,cash,20260910T102726Z,ggfiscal.debt.chains,,A,
GBR,1999,A_cg_cash_requirement,out_of_register_deposits_from_other_sectors,238.0,official,ONS_PSF_APPENDIX_S,cash,20260910T102726Z,ggfiscal.debt.chains,,A,
GBR,1999,A_cg_cash_requirement,out_of_register_exchange_cover_scheme,-2.0,official,ONS_PSF_APPENDIX_S,cash,20260910T102726Z,ggfiscal.debt.chains,,A,
GBR,1999,A_cg_cash_requirement,out_of_register_government_foreign_currency_debt,-2358.0,official,ONS_PSF_APPENDIX_S,cash,20260910T102726Z,ggfiscal.debt.chains,,A,
GBR,1999,A_cg_cash_requirement,out_of_register_loans_from_mfis,6078.0,official,ONS_PSF_APPENDIX_S,cash,20260910T102726Z,ggfiscal.debt.chains,,A,
GBR,1999,A_cg_cash_requirement,out_of_register_national_savings,-1023.0,official,ONS_PSF_APPENDIX_S,cash,20260910T102726Z,ggfiscal.debt.chains,,A,
GBR,1999,A_cg_cash_requirement,out_of_register_nilo_lending_asset,-91.0,official,ONS_PSF_APPENDIX_S,cash,20260910T102726Z,ggfiscal.debt.chains,,A,
GBR,1999,A_cg_cash_requirement,out_of_register_northern_ireland_cg_debt,-13.0,official,ONS_PSF_APPENDIX_S,cash,20260910T102726Z,ggfiscal.debt.chains,,A,
GBR,1999,A_cg_cash_requirement,out_of_register_official_reserves_asset,639.0,official,ONS_PSF_APPENDIX_S,cash,20260910T102726Z,ggfiscal.debt.chains,,A,
GBR,1999,A_cg_cash_requirement,out_of_register_other_overseas_financing,-105.0,official,ONS_PSF_APPENDIX_S,cash,20260910T102726Z,ggfiscal.debt.chains,,A,
GBR,1999,A_cg_cash_requirement,out_of_register_sterling_deposits_asset,71.0,official,ONS_PSF_APPENDIX_S,cash,20260910T102726Z,ggfiscal.debt.chains,,A,
GBR,1999,A_cg_cash_requirement,out_of_register_tax_instruments,-122.0,official,ONS_PSF_APPENDIX_S,cash,20260910T102726Z,ggfiscal.debt.chains,,A,
GBR,1999,A_cg_cash_requirement,official_total,-391.0,official,ONS_PSF_APPENDIX_S,cash,20260910T102726Z,ggfiscal.debt.chains,,A,
GBR,1999,A_cg_cash_requirement,residual,-4629.905255549998,residual,,cash,20260910T102726Z,ggfiscal.debt.chains,,B,
GBR,1999,B_s1311_b9,carried_from_previous_step,-391.0,computed,,,20260910T102726Z,ggfiscal.debt.chains,,B,
GBR,1999,B_s1311_b9,nram_and_bb_net_cash_requirement,0.0,official,ONS_PSF_APPENDIX_A,"cash; Appendix A PSA7C M98W 'NRAM and B&B', calendar-year block; sign +1 (PSA7C notes 83-86: RUUX = M98R + M98W + MUI2 - ABEC - ABEI)",20260910T102726Z,ggfiscal.debt.chains,,A,
GBR,1999,B_s1311_b9,network_rail_net_cash_requirement,0.0,official,ONS_PSF_APPENDIX_A,"cash; Appendix A PSA7C MUI2 'Network Rail', calendar-year block; sign +1 (PSA7C notes 83-86: RUUX = M98R + M98W + MUI2 - ABEC - ABEI)",20260910T102726Z,ggfiscal.debt.chains,,A,
GBR,1999,B_s1311_b9,less_payments_to_local_government,-2041.0,official,ONS_PSF_APPENDIX_A,"cash; Appendix A PSA7C ABEC 'Central Government with NRAM and B&B, Network Rail of which, payments to local government', calendar-year block; sign -1 (PSA7C notes 83-86: RUUX = M98R + M98W + MUI2 - ABEC - ABEI)",20260910T102726Z,ggfiscal.debt.chains,,A,
GBR,1999,B_s1311_b9,less_payments_to_public_corporations,-53.0,official,ONS_PSF_APPENDIX_A,"cash; Appendix A PSA7C ABEI 'Central Government with NRAM and B&B, Network Rail of which, payments to non-financial public corporations', calendar-year block; sign -1 (PSA7C notes 83-86: RUUX = M98R + M98W + MUI2 - ABEC - ABEI)",20260910T102726Z,ggfiscal.debt.chains,,A,
GBR,1999,B_s1311_b9,less_net_lending_to_private_sector_and_rest_of_world,-1751.0,official,ONS_PSF_APPENDIX_A,"cash to accrued; Appendix A REC2 ANRH 'Net lending to private sector and rest of world', calendar-year block; sign -1 (REC2 note 74: RUUX = -NMFJ + ANRH + ANRS + ANRU + ANRT + ANRV)",20260910T102726Z,ggfiscal.debt.chains,,A,
GBR,1999,B_s1311_b9,less_net_acquisition_of_company_securities,308.0,official,ONS_PSF_APPENDIX_A,"cash to accrued; Appendix A REC2 ANRS 'Net acquisition of company securities', calendar-year block; sign -1 (REC2 note 74: RUUX = -NMFJ + ANRH + ANRS + ANRU + ANRT + ANRV)",20260910T102726Z,ggfiscal.debt.chains,,A,
GBR,1999,B_s1311_b9,less_adjustment_for_interest_on_gilts,1384.0,official,ONS_PSF_APPENDIX_A,"cash to accrued; Appendix A REC2 ANRU 'Adjustment for interest on gilts', calendar-year block; sign -1 (REC2 note 74: RUUX = -NMFJ + ANRH + ANRS + ANRU + ANRT + ANRV)",20260910T102726Z,ggfiscal.debt.chains,,A,
GBR,1999,B_s1311_b9,less_accounts_receivable_payable,-9148.0,official,ONS_PSF_APPENDIX_A,"cash to accrued; Appendix A REC2 ANRT 'Accounts receivable/payable', calendar-year block; sign -1 (REC2 note 74: RUUX = -NMFJ + ANRH + ANRS + ANRU + ANRT + ANRV)",20260910T102726Z,ggfiscal.debt.chains,,A,
GBR,1999,B_s1311_b9,less_other_financial_transactions,996.0,official,ONS_PSF_APPENDIX_A,"cash to accrued; Appendix A REC2 ANRV 'Other financial transactions', calendar-year block; sign -1 (REC2 note 74: RUUX = -NMFJ + ANRH + ANRS + ANRU + ANRT + ANRV)",20260910T102726Z,ggfiscal.debt.chains,,A,
GBR,1999,B_s1311_b9,official_total,-10696.0,official,ONS_PSF_APPENDIX_A,"accrued, net borrowing = -B.9",20260910T102726Z,ggfiscal.debt.chains,,A,
GBR,1999,B_s1311_b9,residual,0.0,residual,,"accrued, net borrowing = -B.9",20260910T102726Z,ggfiscal.debt.chains,,B,
GBR,1999,C_s13_nlb,carried_from_previous_step,-10696.0,computed,,,20260910T102726Z,ggfiscal.debt.chains,,B,
GBR,1999,C_s13_nlb,local_government_net_borrowing,2719.0,official,ONS_PSF_APPENDIX_A,"accrued, net borrowing = -B.9; Appendix A PSA2 -NMOE 'Local government net borrowing', calendar-year block; sign +1 (S.13 = S.1311 + S.1313; UK has no state government or social security funds subsector)",20260910T102726Z,ggfiscal.debt.chains,,A,
GBR,1999,C_s13_nlb,official_total,-7977.0,official,package_NLB,"accrued, net borrowing = -B.9",20260910T102726Z,ggfiscal.debt.chains,,A,
GBR,1999,C_s13_nlb,residual,0.0,residual,,"accrued, net borrowing = -B.9",20260910T102726Z,ggfiscal.debt.chains,,B,
GBR,2000,register,sum_bill,2150.0,computed,ggfiscal.debt.register,nominal,20260910T102726Z,ggfiscal.debt.chains,,A,computed from the per-security register (debt_interest_by_security / debt_flows)
GBR,2000,register,sum_fixed_bullet,-14362.61947777,computed,ggfiscal.debt.register,nominal,20260910T102726Z,ggfiscal.debt.chains,,A,computed from the per-security register (debt_interest_by_security / debt_flows)
GBR,2000,register,sum_inflation_linked,1630.0,computed,ggfiscal.debt.register,nominal,20260910T102726Z,ggfiscal.debt.chains,,A,computed from the per-security register (debt_interest_by_security / debt_flows)
GBR,2000,register,official_total,-10582.61947777,computed,,nominal,20260910T102726Z,ggfiscal.debt.chains,,B,
GBR,2000,A_cg_cash_requirement,carried_from_previous_step,-10582.61947777,computed,,,20260910T102726Z,ggfiscal.debt.chains,,B,
GBR,2000,A_cg_cash_requirement,issuance_cash_less_nominal,1331.049637105194,computed,ggfiscal.debt.register,cash,20260910T102726Z,ggfiscal.debt.chains,,B,
GBR,2000,A_cg_cash_requirement,out_of_register_coin,226.0,official,ONS_PSF_APPENDIX_S,cash,20260910T102726Z,ggfiscal.debt.chains,,A,
GBR,2000,A_cg_cash_requirement,out_of_register_deposits_from_other_sectors,3130.0,official,ONS_PSF_APPENDIX_S,cash,20260910T102726Z,ggfiscal.debt.chains,,A,
GBR,2000,A_cg_cash_requirement,out_of_register_exchange_cover_scheme,1.0,official,ONS_PSF_APPENDIX_S,cash,20260910T102726Z,ggfiscal.debt.chains,,A,
GBR,2000,A_cg_cash_requirement,out_of_register_government_foreign_currency_debt,-9.0,official,ONS_PSF_APPENDIX_S,cash,20260910T102726Z,ggfiscal.debt.chains,,A,
GBR,2000,A_cg_cash_requirement,out_of_register_loans_from_mfis,3199.0,official,ONS_PSF_APPENDIX_S,cash,20260910T102726Z,ggfiscal.debt.chains,,A,
GBR,2000,A_cg_cash_requirement,out_of_register_national_savings,-537.0,official,ONS_PSF_APPENDIX_S,cash,20260910T102726Z,ggfiscal.debt.chains,,A,
GBR,2000,A_cg_cash_requirement,out_of_register_nilo_lending_asset,-88.0,official,ONS_PSF_APPENDIX_S,cash,20260910T102726Z,ggfiscal.debt.chains,,A,
GBR,2000,A_cg_cash_requirement,out_of_register_northern_ireland_cg_debt,-15.0,official,ONS_PSF_APPENDIX_S,cash,20260910T102726Z,ggfiscal.debt.chains,,A,
GBR,2000,A_cg_cash_requirement,out_of_register_official_reserves_asset,-7344.0,official,ONS_PSF_APPENDIX_S,cash,20260910T102726Z,ggfiscal.debt.chains,,A,
GBR,2000,A_cg_cash_requirement,out_of_register_other_overseas_financing,-114.0,official,ONS_PSF_APPENDIX_S,cash,20260910T102726Z,ggfiscal.debt.chains,,A,
GBR,2000,A_cg_cash_requirement,out_of_register_sterling_deposits_asset,-19518.0,official,ONS_PSF_APPENDIX_S,cash,20260910T102726Z,ggfiscal.debt.chains,,A,
GBR,2000,A_cg_cash_requirement,out_of_register_tax_instruments,-15.0,official,ONS_PSF_APPENDIX_S,cash,20260910T102726Z,ggfiscal.debt.chains,,A,
GBR,2000,A_cg_cash_requirement,official_total,-37576.0,official,ONS_PSF_APPENDIX_S,cash,20260910T102726Z,ggfiscal.debt.chains,,A,
GBR,2000,A_cg_cash_requirement,residual,-7240.430159335192,residual,,cash,20260910T102726Z,ggfiscal.debt.chains,,B,
GBR,2000,B_s1311_b9,carried_from_previous_step,-37576.0,computed,,,20260910T102726Z,ggfiscal.debt.chains,,B,
GBR,2000,B_s1311_b9,nram_and_bb_net_cash_requirement,0.0,official,ONS_PSF_APPENDIX_A,"cash; Appendix A PSA7C M98W 'NRAM and B&B', calendar-year block; sign +1 (PSA7C notes 83-86: RUUX = M98R + M98W + MUI2 - ABEC - ABEI)",20260910T102726Z,ggfiscal.debt.chains,,A,
GBR,2000,B_s1311_b9,network_rail_net_cash_requirement,0.0,official,ONS_PSF_APPENDIX_A,"cash; Appendix A PSA7C MUI2 'Network Rail', calendar-year block; sign +1 (PSA7C notes 83-86: RUUX = M98R + M98W + MUI2 - ABEC - ABEI)",20260910T102726Z,ggfiscal.debt.chains,,A,
GBR,2000,B_s1311_b9,less_payments_to_local_government,-1400.0,official,ONS_PSF_APPENDIX_A,"cash; Appendix A PSA7C ABEC 'Central Government with NRAM and B&B, Network Rail of which, payments to local government', calendar-year block; sign -1 (PSA7C notes 83-86: RUUX = M98R + M98W + MUI2 - ABEC - ABEI)",20260910T102726Z,ggfiscal.debt.chains,,A,
GBR,2000,B_s1311_b9,less_payments_to_public_corporations,-86.0,official,ONS_PSF_APPENDIX_A,"cash; Appendix A PSA7C ABEI 'Central Government with NRAM and B&B, Network Rail of which, payments to non-financial public corporations', calendar-year block; sign -1 (PSA7C notes 83-86: RUUX = M98R + M98W + MUI2 - ABEC - ABEI)",20260910T102726Z,ggfiscal.debt.chains,,A,
GBR,2000,B_s1311_b9,less_net_lending_to_private_sector_and_rest_of_world,-2690.0,official,ONS_PSF_APPENDIX_A,"cash to accrued; Appendix A REC2 ANRH 'Net lending to private sector and rest of world', calendar-year block; sign -1 (REC2 note 74: RUUX = -NMFJ + ANRH + ANRS + ANRU + ANRT + ANRV)",20260910T102726Z,ggfiscal.debt.chains,,A,
GBR,2000,B_s1311_b9,less_net_acquisition_of_company_securities,39.0,official,ONS_PSF_APPENDIX_A,"cash to accrued; Appendix A REC2 ANRS 'Net acquisition of company securities', calendar-year block; sign -1 (REC2 note 74: RUUX = -NMFJ + ANRH + ANRS + ANRU + ANRT + ANRV)",20260910T102726Z,ggfiscal.debt.chains,,A,
GBR,2000,B_s1311_b9,less_adjustment_for_interest_on_gilts,2090.0,official,ONS_PSF_APPENDIX_A,"cash to accrued; Appendix A REC2 ANRU 'Adjustment for interest on gilts', calendar-year block; sign -1 (REC2 note 74: RUUX = -NMFJ + ANRH + ANRS + ANRU + ANRT + ANRV)",20260910T102726Z,ggfiscal.debt.chains,,A,
GBR,2000,B_s1311_b9,less_accounts_receivable_payable,13709.0,official,ONS_PSF_APPENDIX_A,"cash to accrued; Appendix A REC2 ANRT 'Accounts receivable/payable', calendar-year block; sign -1 (REC2 note 74: RUUX = -NMFJ + ANRH + ANRS + ANRU + ANRT + ANRV)",20260910T102726Z,ggfiscal.debt.chains,,A,
GBR,2000,B_s1311_b9,less_other_financial_transactions,12286.0,official,ONS_PSF_APPENDIX_A,"cash to accrued; Appendix A REC2 ANRV 'Other financial transactions', calendar-year block; sign -1 (REC2 note 74: RUUX = -NMFJ + ANRH + ANRS + ANRU + ANRT + ANRV)",20260910T102726Z,ggfiscal.debt.chains,,A,
GBR,2000,B_s1311_b9,official_total,-13628.0,official,ONS_PSF_APPENDIX_A,"accrued, net borrowing = -B.9",20260910T102726Z,ggfiscal.debt.chains,,A,
GBR,2000,B_s1311_b9,residual,0.0,residual,,"accrued, net borrowing = -B.9",20260910T102726Z,ggfiscal.debt.chains,,B,
GBR,2000,C_s13_nlb,carried_from_previous_step,-13628.0,computed,,,20260910T102726Z,ggfiscal.debt.chains,,B,
GBR,2000,C_s13_nlb,local_government_net_borrowing,-1792.0,official,ONS_PSF_APPENDIX_A,"accrued, net borrowing = -B.9; Appendix A PSA2 -NMOE 'Local government net borrowing', calendar-year block; sign +1 (S.13 = S.1311 + S.1313; UK has no state government or social security funds subsector)",20260910T102726Z,ggfiscal.debt.chains,,A,
GBR,2000,C_s13_nlb,official_total,-15420.0,official,package_NLB,"accrued, net borrowing = -B.9",20260910T102726Z,ggfiscal.debt.chains,,A,
GBR,2000,C_s13_nlb,residual,0.0,residual,,"accrued, net borrowing = -B.9",20260910T102726Z,ggfiscal.debt.chains,,B,
GBR,2001,register,sum_bill,9050.0,computed,ggfiscal.debt.register,nominal,20260910T102726Z,ggfiscal.debt.chains,,A,computed from the per-security register (debt_interest_by_security / debt_flows)
GBR,2001,register,sum_fixed_bullet,-2839.46158502,computed,ggfiscal.debt.register,nominal,20260910T102726Z,ggfiscal.debt.chains,,A,computed from the per-security register (debt_interest_by_security / debt_flows)
GBR,2001,register,sum_floating,-3000.0,computed,ggfiscal.debt.register,nominal,20260910T102726Z,ggfiscal.debt.chains,,A,computed from the per-security register (debt_interest_by_security / debt_flows)
GBR,2001,register,sum_inflation_linked,-273.5999999999999,computed,ggfiscal.debt.register,nominal,20260910T102726Z,ggfiscal.debt.chains,,A,computed from the per-security register (debt_interest_by_security / debt_flows)
GBR,2001,register,official_total,2936.9384149800003,computed,,nominal,20260910T102726Z,ggfiscal.debt.chains,,B,
GBR,2001,A_cg_cash_requirement,carried_from_previous_step,2936.9384149800003,computed,,,20260910T102726Z,ggfiscal.debt.chains,,B,
GBR,2001,A_cg_cash_requirement,issuance_cash_less_nominal,1810.0918645496158,computed,ggfiscal.debt.register,cash,20260910T102726Z,ggfiscal.debt.chains,,B,
GBR,2001,A_cg_cash_requirement,out_of_register_coin,228.0,official,ONS_PSF_APPENDIX_S,cash,20260910T102726Z,ggfiscal.debt.chains,,A,
GBR,2001,A_cg_cash_requirement,out_of_register_deposits_from_other_sectors,-2247.0,official,ONS_PSF_APPENDIX_S,cash,20260910T102726Z,ggfiscal.debt.chains,,A,
GBR,2001,A_cg_cash_requirement,out_of_register_exchange_cover_scheme,0.0,official,ONS_PSF_APPENDIX_S,cash,20260910T102726Z,ggfiscal.debt.chains,,A,
GBR,2001,A_cg_cash_requirement,out_of_register_government_foreign_currency_debt,-5644.0,official,ONS_PSF_APPENDIX_S,cash,20260910T102726Z,ggfiscal.debt.chains,,A,
GBR,2001,A_cg_cash_requirement,out_of_register_loans_from_mfis,-4581.0,official,ONS_PSF_APPENDIX_S,cash,20260910T102726Z,ggfiscal.debt.chains,,A,
GBR,2001,A_cg_cash_requirement,out_of_register_national_savings,-847.0,official,ONS_PSF_APPENDIX_S,cash,20260910T102726Z,ggfiscal.debt.chains,,A,
GBR,2001,A_cg_cash_requirement,out_of_register_nilo_lending_asset,226.0,official,ONS_PSF_APPENDIX_S,cash,20260910T102726Z,ggfiscal.debt.chains,,A,
GBR,2001,A_cg_cash_requirement,out_of_register_northern_ireland_cg_debt,-13.0,official,ONS_PSF_APPENDIX_S,cash,20260910T102726Z,ggfiscal.debt.chains,,A,
GBR,2001,A_cg_cash_requirement,out_of_register_official_reserves_asset,2308.0,official,ONS_PSF_APPENDIX_S,cash,20260910T102726Z,ggfiscal.debt.chains,,A,
GBR,2001,A_cg_cash_requirement,out_of_register_other_overseas_financing,-45.0,official,ONS_PSF_APPENDIX_S,cash,20260910T102726Z,ggfiscal.debt.chains,,A,
GBR,2001,A_cg_cash_requirement,out_of_register_sterling_deposits_asset,11506.0,official,ONS_PSF_APPENDIX_S,cash,20260910T102726Z,ggfiscal.debt.chains,,A,
GBR,2001,A_cg_cash_requirement,out_of_register_tax_instruments,10.0,official,ONS_PSF_APPENDIX_S,cash,20260910T102726Z,ggfiscal.debt.chains,,A,
GBR,2001,A_cg_cash_requirement,official_total,-2707.0,official,ONS_PSF_APPENDIX_S,cash,20260910T102726Z,ggfiscal.debt.chains,,A,
GBR,2001,A_cg_cash_requirement,residual,-8355.030279529616,residual,,cash,20260910T102726Z,ggfiscal.debt.chains,,B,
GBR,2001,B_s1311_b9,carried_from_previous_step,-2707.0,computed,,,20260910T102726Z,ggfiscal.debt.chains,,B,
GBR,2001,B_s1311_b9,nram_and_bb_net_cash_requirement,0.0,official,ONS_PSF_APPENDIX_A,"cash; Appendix A PSA7C M98W 'NRAM and B&B', calendar-year block; sign +1 (PSA7C notes 83-86: RUUX = M98R + M98W + MUI2 - ABEC - ABEI)",20260910T102726Z,ggfiscal.debt.chains,,A,
GBR,2001,B_s1311_b9,network_rail_net_cash_requirement,0.0,official,ONS_PSF_APPENDIX_A,"cash; Appendix A PSA7C MUI2 'Network Rail', calendar-year block; sign +1 (PSA7C notes 83-86: RUUX = M98R + M98W + MUI2 - ABEC - ABEI)",20260910T102726Z,ggfiscal.debt.chains,,A,
GBR,2001,B_s1311_b9,less_payments_to_local_government,65.0,official,ONS_PSF_APPENDIX_A,"cash; Appendix A PSA7C ABEC 'Central Government with NRAM and B&B, Network Rail of which, payments to local government', calendar-year block; sign -1 (PSA7C notes 83-86: RUUX = M98R + M98W + MUI2 - ABEC - ABEI)",20260910T102726Z,ggfiscal.debt.chains,,A,
GBR,2001,B_s1311_b9,less_payments_to_public_corporations,-25.0,official,ONS_PSF_APPENDIX_A,"cash; Appendix A PSA7C ABEI 'Central Government with NRAM and B&B, Network Rail of which, payments to non-financial public corporations', calendar-year block; sign -1 (PSA7C notes 83-86: RUUX = M98R + M98W + MUI2 - ABEC - ABEI)",20260910T102726Z,ggfiscal.debt.chains,,A,
GBR,2001,B_s1311_b9,less_net_lending_to_private_sector_and_rest_of_world,-4435.0,official,ONS_PSF_APPENDIX_A,"cash to accrued; Appendix A REC2 ANRH 'Net lending to private sector and rest of world', calendar-year block; sign -1 (REC2 note 74: RUUX = -NMFJ + ANRH + ANRS + ANRU + ANRT + ANRV)",20260910T102726Z,ggfiscal.debt.chains,,A,
GBR,2001,B_s1311_b9,less_net_acquisition_of_company_securities,426.0,official,ONS_PSF_APPENDIX_A,"cash to accrued; Appendix A REC2 ANRS 'Net acquisition of company securities', calendar-year block; sign -1 (REC2 note 74: RUUX = -NMFJ + ANRH + ANRS + ANRU + ANRT + ANRV)",20260910T102726Z,ggfiscal.debt.chains,,A,
GBR,2001,B_s1311_b9,less_adjustment_for_interest_on_gilts,670.0,official,ONS_PSF_APPENDIX_A,"cash to accrued; Appendix A REC2 ANRU 'Adjustment for interest on gilts', calendar-year block; sign -1 (REC2 note 74: RUUX = -NMFJ + ANRH + ANRS + ANRU + ANRT + ANRV)",20260910T102726Z,ggfiscal.debt.chains,,A,
GBR,2001,B_s1311_b9,less_accounts_receivable_payable,-5115.0,official,ONS_PSF_APPENDIX_A,"cash to accrued; Appendix A REC2 ANRT 'Accounts receivable/payable', calendar-year block; sign -1 (REC2 note 74: RUUX = -NMFJ + ANRH + ANRS + ANRU + ANRT + ANRV)",20260910T102726Z,ggfiscal.debt.chains,,A,
GBR,2001,B_s1311_b9,less_other_financial_transactions,4251.0,official,ONS_PSF_APPENDIX_A,"cash to accrued; Appendix A REC2 ANRV 'Other financial transactions', calendar-year block; sign -1 (REC2 note 74: RUUX = -NMFJ + ANRH + ANRS + ANRU + ANRT + ANRV)",20260910T102726Z,ggfiscal.debt.chains,,A,
GBR,2001,B_s1311_b9,official_total,-6870.0,official,ONS_PSF_APPENDIX_A,"accrued, net borrowing = -B.9",20260910T102726Z,ggfiscal.debt.chains,,A,
GBR,2001,B_s1311_b9,residual,0.0,residual,,"accrued, net borrowing = -B.9",20260910T102726Z,ggfiscal.debt.chains,,B,
GBR,2001,C_s13_nlb,carried_from_previous_step,-6870.0,computed,,,20260910T102726Z,ggfiscal.debt.chains,,B,
GBR,2001,C_s13_nlb,local_government_net_borrowing,2967.0,official,ONS_PSF_APPENDIX_A,"accrued, net borrowing = -B.9; Appendix A PSA2 -NMOE 'Local government net borrowing', calendar-year block; sign +1 (S.13 = S.1311 + S.1313; UK has no state government or social security funds subsector)",20260910T102726Z,ggfiscal.debt.chains,,A,
GBR,2001,C_s13_nlb,official_total,-3903.0,official,package_NLB,"accrued, net borrowing = -B.9",20260910T102726Z,ggfiscal.debt.chains,,A,
GBR,2001,C_s13_nlb,residual,0.0,residual,,"accrued, net borrowing = -B.9",20260910T102726Z,ggfiscal.debt.chains,,B,
GBR,2002,register,sum_bill,10200.0,computed,ggfiscal.debt.register,nominal,20260910T102726Z,ggfiscal.debt.chains,,A,computed from the per-security register (debt_interest_by_security / debt_flows)
GBR,2002,register,sum_fixed_bullet,6932.453957650001,computed,ggfiscal.debt.register,nominal,20260910T102726Z,ggfiscal.debt.chains,,A,computed from the per-security register (debt_interest_by_security / debt_flows)
GBR,2002,register,sum_inflation_linked,3840.0,computed,ggfiscal.debt.register,nominal,20260910T102726Z,ggfiscal.debt.chains,,A,computed from the per-security register (debt_interest_by_security / debt_flows)
GBR,2002,register,official_total,20972.453957650003,computed,,nominal,20260910T102726Z,ggfiscal.debt.chains,,B,
GBR,2002,A_cg_cash_requirement,carried_from_previous_step,20972.453957650003,computed,,,20260910T102726Z,ggfiscal.debt.chains,,B,
GBR,2002,A_cg_cash_requirement,issuance_cash_less_nominal,740.0098220249295,computed,ggfiscal.debt.register,cash,20260910T102726Z,ggfiscal.debt.chains,,B,
GBR,2002,A_cg_cash_requirement,out_of_register_coin,180.0,official,ONS_PSF_APPENDIX_S,cash,20260910T102726Z,ggfiscal.debt.chains,,A,
GBR,2002,A_cg_cash_requirement,out_of_register_deposits_from_other_sectors,2559.0,official,ONS_PSF_APPENDIX_S,cash,20260910T102726Z,ggfiscal.debt.chains,,A,
GBR,2002,A_cg_cash_requirement,out_of_register_exchange_cover_scheme,0.0,official,ONS_PSF_APPENDIX_S,cash,20260910T102726Z,ggfiscal.debt.chains,,A,
GBR,2002,A_cg_cash_requirement,out_of_register_government_foreign_currency_debt,-3091.0,official,ONS_PSF_APPENDIX_S,cash,20260910T102726Z,ggfiscal.debt.chains,,A,
GBR,2002,A_cg_cash_requirement,out_of_register_loans_from_mfis,657.0,official,ONS_PSF_APPENDIX_S,cash,20260910T102726Z,ggfiscal.debt.chains,,A,
GBR,2002,A_cg_cash_requirement,out_of_register_national_savings,-524.0,official,ONS_PSF_APPENDIX_S,cash,20260910T102726Z,ggfiscal.debt.chains,,A,
GBR,2002,A_cg_cash_requirement,out_of_register_nilo_lending_asset,-159.0,official,ONS_PSF_APPENDIX_S,cash,20260910T102726Z,ggfiscal.debt.chains,,A,
GBR,2002,A_cg_cash_requirement,out_of_register_northern_ireland_cg_debt,-8.0,official,ONS_PSF_APPENDIX_S,cash,20260910T102726Z,ggfiscal.debt.chains,,A,
GBR,2002,A_cg_cash_requirement,out_of_register_official_reserves_asset,2318.0,official,ONS_PSF_APPENDIX_S,cash,20260910T102726Z,ggfiscal.debt.chains,,A,
GBR,2002,A_cg_cash_requirement,out_of_register_other_overseas_financing,-48.0,official,ONS_PSF_APPENDIX_S,cash,20260910T102726Z,ggfiscal.debt.chains,,A,
GBR,2002,A_cg_cash_requirement,out_of_register_sterling_deposits_asset,2382.0,official,ONS_PSF_APPENDIX_S,cash,20260910T102726Z,ggfiscal.debt.chains,,A,
GBR,2002,A_cg_cash_requirement,out_of_register_tax_instruments,-89.0,official,ONS_PSF_APPENDIX_S,cash,20260910T102726Z,ggfiscal.debt.chains,,A,
GBR,2002,A_cg_cash_requirement,official_total,17361.0,official,ONS_PSF_APPENDIX_S,cash,20260910T102726Z,ggfiscal.debt.chains,,A,
GBR,2002,A_cg_cash_requirement,residual,-8528.463779674934,residual,,cash,20260910T102726Z,ggfiscal.debt.chains,,B,
GBR,2002,B_s1311_b9,carried_from_previous_step,17361.0,computed,,,20260910T102726Z,ggfiscal.debt.chains,,B,
GBR,2002,B_s1311_b9,nram_and_bb_net_cash_requirement,0.0,official,ONS_PSF_APPENDIX_A,"cash; Appendix A PSA7C M98W 'NRAM and B&B', calendar-year block; sign +1 (PSA7C notes 83-86: RUUX = M98R + M98W + MUI2 - ABEC - ABEI)",20260910T102726Z,ggfiscal.debt.chains,,A,
GBR,2002,B_s1311_b9,network_rail_net_cash_requirement,0.0,official,ONS_PSF_APPENDIX_A,"cash; Appendix A PSA7C MUI2 'Network Rail', calendar-year block; sign +1 (PSA7C notes 83-86: RUUX = M98R + M98W + MUI2 - ABEC - ABEI)",20260910T102726Z,ggfiscal.debt.chains,,A,
GBR,2002,B_s1311_b9,less_payments_to_local_government,1685.0,official,ONS_PSF_APPENDIX_A,"cash; Appendix A PSA7C ABEC 'Central Government with NRAM and B&B, Network Rail of which, payments to local government', calendar-year block; sign -1 (PSA7C notes 83-86: RUUX = M98R + M98W + MUI2 - ABEC - ABEI)",20260910T102726Z,ggfiscal.debt.chains,,A,
GBR,2002,B_s1311_b9,less_payments_to_public_corporations,-342.0,official,ONS_PSF_APPENDIX_A,"cash; Appendix A PSA7C ABEI 'Central Government with NRAM and B&B, Network Rail of which, payments to non-financial public corporations', calendar-year block; sign -1 (PSA7C notes 83-86: RUUX = M98R + M98W + MUI2 - ABEC - ABEI)",20260910T102726Z,ggfiscal.debt.chains,,A,
GBR,2002,B_s1311_b9,less_net_lending_to_private_sector_and_rest_of_world,-1005.0,official,ONS_PSF_APPENDIX_A,"cash to accrued; Appendix A REC2 ANRH 'Net lending to private sector and rest of world', calendar-year block; sign -1 (REC2 note 74: RUUX = -NMFJ + ANRH + ANRS + ANRU + ANRT + ANRV)",20260910T102726Z,ggfiscal.debt.chains,,A,
GBR,2002,B_s1311_b9,less_net_acquisition_of_company_securities,-105.0,official,ONS_PSF_APPENDIX_A,"cash to accrued; Appendix A REC2 ANRS 'Net acquisition of company securities', calendar-year block; sign -1 (REC2 note 74: RUUX = -NMFJ + ANRH + ANRS + ANRU + ANRT + ANRV)",20260910T102726Z,ggfiscal.debt.chains,,A,
GBR,2002,B_s1311_b9,less_adjustment_for_interest_on_gilts,1759.0,official,ONS_PSF_APPENDIX_A,"cash to accrued; Appendix A REC2 ANRU 'Adjustment for interest on gilts', calendar-year block; sign -1 (REC2 note 74: RUUX = -NMFJ + ANRH + ANRS + ANRU + ANRT + ANRV)",20260910T102726Z,ggfiscal.debt.chains,,A,
GBR,2002,B_s1311_b9,less_accounts_receivable_payable,-2053.0,official,ONS_PSF_APPENDIX_A,"cash to accrued; Appendix A REC2 ANRT 'Accounts receivable/payable', calendar-year block; sign -1 (REC2 note 74: RUUX = -NMFJ + ANRH + ANRS + ANRU + ANRT + ANRV)",20260910T102726Z,ggfiscal.debt.chains,,A,
GBR,2002,B_s1311_b9,less_other_financial_transactions,5066.0,official,ONS_PSF_APPENDIX_A,"cash to accrued; Appendix A REC2 ANRV 'Other financial transactions', calendar-year block; sign -1 (REC2 note 74: RUUX = -NMFJ + ANRH + ANRS + ANRU + ANRT + ANRV)",20260910T102726Z,ggfiscal.debt.chains,,A,
GBR,2002,B_s1311_b9,official_total,22366.0,official,ONS_PSF_APPENDIX_A,"accrued, net borrowing = -B.9",20260910T102726Z,ggfiscal.debt.chains,,A,
GBR,2002,B_s1311_b9,residual,0.0,residual,,"accrued, net borrowing = -B.9",20260910T102726Z,ggfiscal.debt.chains,,B,
GBR,2002,C_s13_nlb,carried_from_previous_step,22366.0,computed,,,20260910T102726Z,ggfiscal.debt.chains,,B,
GBR,2002,C_s13_nlb,local_government_net_borrowing,879.0,official,ONS_PSF_APPENDIX_A,"accrued, net borrowing = -B.9; Appendix A PSA2 -NMOE 'Local government net borrowing', calendar-year block; sign +1 (S.13 = S.1311 + S.1313; UK has no state government or social security funds subsector)",20260910T102726Z,ggfiscal.debt.chains,,A,
GBR,2002,C_s13_nlb,official_total,23245.0,official,package_NLB,"accrued, net borrowing = -B.9",20260910T102726Z,ggfiscal.debt.chains,,A,
GBR,2002,C_s13_nlb,residual,0.0,residual,,"accrued, net borrowing = -B.9",20260910T102726Z,ggfiscal.debt.chains,,B,
GBR,2003,register,sum_bill,2598.8330000000005,computed,ggfiscal.debt.register,nominal,20260910T102726Z,ggfiscal.debt.chains,,A,computed from the per-security register (debt_interest_by_security / debt_flows)
GBR,2003,register,sum_fixed_bullet,25472.58516269,computed,ggfiscal.debt.register,nominal,20260910T102726Z,ggfiscal.debt.chains,,A,computed from the per-security register (debt_interest_by_security / debt_flows)
GBR,2003,register,sum_inflation_linked,616.0000011200004,computed,ggfiscal.debt.register,nominal,20260910T102726Z,ggfiscal.debt.chains,,A,computed from the per-security register (debt_interest_by_security / debt_flows)
GBR,2003,register,official_total,28687.41816381,computed,,nominal,20260910T102726Z,ggfiscal.debt.chains,,B,
GBR,2003,A_cg_cash_requirement,carried_from_previous_step,28687.41816381,computed,,,20260910T102726Z,ggfiscal.debt.chains,,B,
GBR,2003,A_cg_cash_requirement,issuance_cash_less_nominal,1561.634669397032,computed,ggfiscal.debt.register,cash,20260910T102726Z,ggfiscal.debt.chains,,B,
GBR,2003,A_cg_cash_requirement,out_of_register_coin,216.0,official,ONS_PSF_APPENDIX_S,cash,20260910T102726Z,ggfiscal.debt.chains,,A,
GBR,2003,A_cg_cash_requirement,out_of_register_deposits_from_other_sectors,-1037.0,official,ONS_PSF_APPENDIX_S,cash,20260910T102726Z,ggfiscal.debt.chains,,A,
GBR,2003,A_cg_cash_requirement,out_of_register_exchange_cover_scheme,0.0,official,ONS_PSF_APPENDIX_S,cash,20260910T102726Z,ggfiscal.debt.chains,,A,
GBR,2003,A_cg_cash_requirement,out_of_register_government_foreign_currency_debt,488.0,official,ONS_PSF_APPENDIX_S,cash,20260910T102726Z,ggfiscal.debt.chains,,A,
GBR,2003,A_cg_cash_requirement,out_of_register_loans_from_mfis,-187.0,official,ONS_PSF_APPENDIX_S,cash,20260910T102726Z,ggfiscal.debt.chains,,A,
GBR,2003,A_cg_cash_requirement,out_of_register_national_savings,4340.0,official,ONS_PSF_APPENDIX_S,cash,20260910T102726Z,ggfiscal.debt.chains,,A,
GBR,2003,A_cg_cash_requirement,out_of_register_nilo_lending_asset,299.0,official,ONS_PSF_APPENDIX_S,cash,20260910T102726Z,ggfiscal.debt.chains,,A,
GBR,2003,A_cg_cash_requirement,out_of_register_northern_ireland_cg_debt,-9.0,official,ONS_PSF_APPENDIX_S,cash,20260910T102726Z,ggfiscal.debt.chains,,A,
GBR,2003,A_cg_cash_requirement,out_of_register_official_reserves_asset,1908.0,official,ONS_PSF_APPENDIX_S,cash,20260910T102726Z,ggfiscal.debt.chains,,A,
GBR,2003,A_cg_cash_requirement,out_of_register_other_overseas_financing,-45.0,official,ONS_PSF_APPENDIX_S,cash,20260910T102726Z,ggfiscal.debt.chains,,A,
GBR,2003,A_cg_cash_requirement,out_of_register_sterling_deposits_asset,1288.0,official,ONS_PSF_APPENDIX_S,cash,20260910T102726Z,ggfiscal.debt.chains,,A,
GBR,2003,A_cg_cash_requirement,out_of_register_tax_instruments,-37.0,official,ONS_PSF_APPENDIX_S,cash,20260910T102726Z,ggfiscal.debt.chains,,A,
GBR,2003,A_cg_cash_requirement,official_total,37615.0,official,ONS_PSF_APPENDIX_S,cash,20260910T102726Z,ggfiscal.debt.chains,,A,
GBR,2003,A_cg_cash_requirement,residual,141.94716679296107,residual,,cash,20260910T102726Z,ggfiscal.debt.chains,,B,
GBR,2003,B_s1311_b9,carried_from_previous_step,37615.0,computed,,,20260910T102726Z,ggfiscal.debt.chains,,B,
GBR,2003,B_s1311_b9,nram_and_bb_net_cash_requirement,0.0,official,ONS_PSF_APPENDIX_A,"cash; Appendix A PSA7C M98W 'NRAM and B&B', calendar-year block; sign +1 (PSA7C notes 83-86: RUUX = M98R + M98W + MUI2 - ABEC - ABEI)",20260910T102726Z,ggfiscal.debt.chains,,A,
GBR,2003,B_s1311_b9,network_rail_net_cash_requirement,0.0,official,ONS_PSF_APPENDIX_A,"cash; Appendix A PSA7C MUI2 'Network Rail', calendar-year block; sign +1 (PSA7C notes 83-86: RUUX = M98R + M98W + MUI2 - ABEC - ABEI)",20260910T102726Z,ggfiscal.debt.chains,,A,
GBR,2003,B_s1311_b9,less_payments_to_local_government,3943.0,official,ONS_PSF_APPENDIX_A,"cash; Appendix A PSA7C ABEC 'Central Government with NRAM and B&B, Network Rail of which, payments to local government', calendar-year block; sign -1 (PSA7C notes 83-86: RUUX = M98R + M98W + MUI2 - ABEC - ABEI)",20260910T102726Z,ggfiscal.debt.chains,,A,
GBR,2003,B_s1311_b9,less_payments_to_public_corporations,367.0,official,ONS_PSF_APPENDIX_A,"cash; Appendix A PSA7C ABEI 'Central Government with NRAM and B&B, Network Rail of which, payments to non-financial public corporations', calendar-year block; sign -1 (PSA7C notes 83-86: RUUX = M98R + M98W + MUI2 - ABEC - ABEI)",20260910T102726Z,ggfiscal.debt.chains,,A,
GBR,2003,B_s1311_b9,less_net_lending_to_private_sector_and_rest_of_world,-3858.0,official,ONS_PSF_APPENDIX_A,"cash to accrued; Appendix A REC2 ANRH 'Net lending to private sector and rest of world', calendar-year block; sign -1 (REC2 note 74: RUUX = -NMFJ + ANRH + ANRS + ANRU + ANRT + ANRV)",20260910T102726Z,ggfiscal.debt.chains,,A,
GBR,2003,B_s1311_b9,less_net_acquisition_of_company_securities,-389.0,official,ONS_PSF_APPENDIX_A,"cash to accrued; Appendix A REC2 ANRS 'Net acquisition of company securities', calendar-year block; sign -1 (REC2 note 74: RUUX = -NMFJ + ANRH + ANRS + ANRU + ANRT + ANRV)",20260910T102726Z,ggfiscal.debt.chains,,A,
GBR,2003,B_s1311_b9,less_adjustment_for_interest_on_gilts,1707.0,official,ONS_PSF_APPENDIX_A,"cash to accrued; Appendix A REC2 ANRU 'Adjustment for interest on gilts', calendar-year block; sign -1 (REC2 note 74: RUUX = -NMFJ + ANRH + ANRS + ANRU + ANRT + ANRV)",20260910T102726Z,ggfiscal.debt.chains,,A,
GBR,2003,B_s1311_b9,less_accounts_receivable_payable,-2998.0,official,ONS_PSF_APPENDIX_A,"cash to accrued; Appendix A REC2 ANRT 'Accounts receivable/payable', calendar-year block; sign -1 (REC2 note 74: RUUX = -NMFJ + ANRH + ANRS + ANRU + ANRT + ANRV)",20260910T102726Z,ggfiscal.debt.chains,,A,
GBR,2003,B_s1311_b9,less_other_financial_transactions,5305.0,official,ONS_PSF_APPENDIX_A,"cash to accrued; Appendix A REC2 ANRV 'Other financial transactions', calendar-year block; sign -1 (REC2 note 74: RUUX = -NMFJ + ANRH + ANRS + ANRU + ANRT + ANRV)",20260910T102726Z,ggfiscal.debt.chains,,A,
GBR,2003,B_s1311_b9,official_total,41692.0,official,ONS_PSF_APPENDIX_A,"accrued, net borrowing = -B.9",20260910T102726Z,ggfiscal.debt.chains,,A,
GBR,2003,B_s1311_b9,residual,0.0,residual,,"accrued, net borrowing = -B.9",20260910T102726Z,ggfiscal.debt.chains,,B,
GBR,2003,C_s13_nlb,carried_from_previous_step,41692.0,computed,,,20260910T102726Z,ggfiscal.debt.chains,,B,
GBR,2003,C_s13_nlb,local_government_net_borrowing,-1374.0,official,ONS_PSF_APPENDIX_A,"accrued, net borrowing = -B.9; Appendix A PSA2 -NMOE 'Local government net borrowing', calendar-year block; sign +1 (S.13 = S.1311 + S.1313; UK has no state government or social security funds subsector)",20260910T102726Z,ggfiscal.debt.chains,,A,
GBR,2003,C_s13_nlb,official_total,40318.0,official,package_NLB,"accrued, net borrowing = -B.9",20260910T102726Z,ggfiscal.debt.chains,,A,
GBR,2003,C_s13_nlb,residual,0.0,residual,,"accrued, net borrowing = -B.9",20260910T102726Z,ggfiscal.debt.chains,,B,
GBR,2004,register,sum_bill,1000.6466499999974,computed,ggfiscal.debt.register,nominal,20260910T102726Z,ggfiscal.debt.chains,,A,computed from the per-security register (debt_interest_by_security / debt_flows)
GBR,2004,register,sum_fixed_bullet,25226.066617089997,computed,ggfiscal.debt.register,nominal,20260910T102726Z,ggfiscal.debt.chains,,A,computed from the per-security register (debt_interest_by_security / debt_flows)
GBR,2004,register,sum_inflation_linked,3037.00000036,computed,ggfiscal.debt.register,nominal,20260910T102726Z,ggfiscal.debt.chains,,A,computed from the per-security register (debt_interest_by_security / debt_flows)
GBR,2004,register,official_total,29263.713267449995,computed,,nominal,20260910T102726Z,ggfiscal.debt.chains,,B,
GBR,2004,A_cg_cash_requirement,carried_from_previous_step,29263.713267449995,computed,,,20260910T102726Z,ggfiscal.debt.chains,,B,
GBR,2004,A_cg_cash_requirement,issuance_cash_less_nominal,2027.5825494478088,computed,ggfiscal.debt.register,cash,20260910T102726Z,ggfiscal.debt.chains,,B,
GBR,2004,A_cg_cash_requirement,out_of_register_coin,171.0,official,ONS_PSF_APPENDIX_S,cash,20260910T102726Z,ggfiscal.debt.chains,,A,
GBR,2004,A_cg_cash_requirement,out_of_register_deposits_from_other_sectors,875.0,official,ONS_PSF_APPENDIX_S,cash,20260910T102726Z,ggfiscal.debt.chains,,A,
GBR,2004,A_cg_cash_requirement,out_of_register_exchange_cover_scheme,0.0,official,ONS_PSF_APPENDIX_S,cash,20260910T102726Z,ggfiscal.debt.chains,,A,
GBR,2004,A_cg_cash_requirement,out_of_register_government_foreign_currency_debt,-69.0,official,ONS_PSF_APPENDIX_S,cash,20260910T102726Z,ggfiscal.debt.chains,,A,
GBR,2004,A_cg_cash_requirement,out_of_register_loans_from_mfis,5523.0,official,ONS_PSF_APPENDIX_S,cash,20260910T102726Z,ggfiscal.debt.chains,,A,
GBR,2004,A_cg_cash_requirement,out_of_register_national_savings,1525.0,official,ONS_PSF_APPENDIX_S,cash,20260910T102726Z,ggfiscal.debt.chains,,A,
GBR,2004,A_cg_cash_requirement,out_of_register_nilo_lending_asset,0.0,official,ONS_PSF_APPENDIX_S,cash,20260910T102726Z,ggfiscal.debt.chains,,A,
GBR,2004,A_cg_cash_requirement,out_of_register_northern_ireland_cg_debt,-4.0,official,ONS_PSF_APPENDIX_S,cash,20260910T102726Z,ggfiscal.debt.chains,,A,
GBR,2004,A_cg_cash_requirement,out_of_register_official_reserves_asset,246.0,official,ONS_PSF_APPENDIX_S,cash,20260910T102726Z,ggfiscal.debt.chains,,A,
GBR,2004,A_cg_cash_requirement,out_of_register_other_overseas_financing,-46.0,official,ONS_PSF_APPENDIX_S,cash,20260910T102726Z,ggfiscal.debt.chains,,A,
GBR,2004,A_cg_cash_requirement,out_of_register_sterling_deposits_asset,1877.0,official,ONS_PSF_APPENDIX_S,cash,20260910T102726Z,ggfiscal.debt.chains,,A,
GBR,2004,A_cg_cash_requirement,out_of_register_tax_instruments,23.0,official,ONS_PSF_APPENDIX_S,cash,20260910T102726Z,ggfiscal.debt.chains,,A,
GBR,2004,A_cg_cash_requirement,official_total,43193.0,official,ONS_PSF_APPENDIX_S,cash,20260910T102726Z,ggfiscal.debt.chains,,A,
GBR,2004,A_cg_cash_requirement,residual,1780.7041831021925,residual,,cash,20260910T102726Z,ggfiscal.debt.chains,,B,
GBR,2004,B_s1311_b9,carried_from_previous_step,43193.0,computed,,,20260910T102726Z,ggfiscal.debt.chains,,B,
GBR,2004,B_s1311_b9,nram_and_bb_net_cash_requirement,0.0,official,ONS_PSF_APPENDIX_A,"cash; Appendix A PSA7C M98W 'NRAM and B&B', calendar-year block; sign +1 (PSA7C notes 83-86: RUUX = M98R + M98W + MUI2 - ABEC - ABEI)",20260910T102726Z,ggfiscal.debt.chains,,A,
GBR,2004,B_s1311_b9,network_rail_net_cash_requirement,1935.0,official,ONS_PSF_APPENDIX_A,"cash; Appendix A PSA7C MUI2 'Network Rail', calendar-year block; sign +1 (PSA7C notes 83-86: RUUX = M98R + M98W + MUI2 - ABEC - ABEI)",20260910T102726Z,ggfiscal.debt.chains,,A,
GBR,2004,B_s1311_b9,less_payments_to_local_government,-760.0,official,ONS_PSF_APPENDIX_A,"cash; Appendix A PSA7C ABEC 'Central Government with NRAM and B&B, Network Rail of which, payments to local government', calendar-year block; sign -1 (PSA7C notes 83-86: RUUX = M98R + M98W + MUI2 - ABEC - ABEI)",20260910T102726Z,ggfiscal.debt.chains,,A,
GBR,2004,B_s1311_b9,less_payments_to_public_corporations,-281.0,official,ONS_PSF_APPENDIX_A,"cash; Appendix A PSA7C ABEI 'Central Government with NRAM and B&B, Network Rail of which, payments to non-financial public corporations', calendar-year block; sign -1 (PSA7C notes 83-86: RUUX = M98R + M98W + MUI2 - ABEC - ABEI)",20260910T102726Z,ggfiscal.debt.chains,,A,
GBR,2004,B_s1311_b9,less_net_lending_to_private_sector_and_rest_of_world,-1795.0,official,ONS_PSF_APPENDIX_A,"cash to accrued; Appendix A REC2 ANRH 'Net lending to private sector and rest of world', calendar-year block; sign -1 (REC2 note 74: RUUX = -NMFJ + ANRH + ANRS + ANRU + ANRT + ANRV)",20260910T102726Z,ggfiscal.debt.chains,,A,
GBR,2004,B_s1311_b9,less_net_acquisition_of_company_securities,-90.0,official,ONS_PSF_APPENDIX_A,"cash to accrued; Appendix A REC2 ANRS 'Net acquisition of company securities', calendar-year block; sign -1 (REC2 note 74: RUUX = -NMFJ + ANRH + ANRS + ANRU + ANRT + ANRV)",20260910T102726Z,ggfiscal.debt.chains,,A,
GBR,2004,B_s1311_b9,less_adjustment_for_interest_on_gilts,2159.0,official,ONS_PSF_APPENDIX_A,"cash to accrued; Appendix A REC2 ANRU 'Adjustment for interest on gilts', calendar-year block; sign -1 (REC2 note 74: RUUX = -NMFJ + ANRH + ANRS + ANRU + ANRT + ANRV)",20260910T102726Z,ggfiscal.debt.chains,,A,
GBR,2004,B_s1311_b9,less_accounts_receivable_payable,-9582.0,official,ONS_PSF_APPENDIX_A,"cash to accrued; Appendix A REC2 ANRT 'Accounts receivable/payable', calendar-year block; sign -1 (REC2 note 74: RUUX = -NMFJ + ANRH + ANRS + ANRU + ANRT + ANRV)",20260910T102726Z,ggfiscal.debt.chains,,A,
GBR,2004,B_s1311_b9,less_other_financial_transactions,3759.0,official,ONS_PSF_APPENDIX_A,"cash to accrued; Appendix A REC2 ANRV 'Other financial transactions', calendar-year block; sign -1 (REC2 note 74: RUUX = -NMFJ + ANRH + ANRS + ANRU + ANRT + ANRV)",20260910T102726Z,ggfiscal.debt.chains,,A,
GBR,2004,B_s1311_b9,official_total,38538.0,official,ONS_PSF_APPENDIX_A,"accrued, net borrowing = -B.9",20260910T102726Z,ggfiscal.debt.chains,,A,
GBR,2004,B_s1311_b9,residual,0.0,residual,,"accrued, net borrowing = -B.9",20260910T102726Z,ggfiscal.debt.chains,,B,
GBR,2004,C_s13_nlb,carried_from_previous_step,38538.0,computed,,,20260910T102726Z,ggfiscal.debt.chains,,B,
GBR,2004,C_s13_nlb,local_government_net_borrowing,3176.0,official,ONS_PSF_APPENDIX_A,"accrued, net borrowing = -B.9; Appendix A PSA2 -NMOE 'Local government net borrowing', calendar-year block; sign +1 (S.13 = S.1311 + S.1313; UK has no state government or social security funds subsector)",20260910T102726Z,ggfiscal.debt.chains,,A,
GBR,2004,C_s13_nlb,official_total,41714.0,official,package_NLB,"accrued, net borrowing = -B.9",20260910T102726Z,ggfiscal.debt.chains,,A,
GBR,2004,C_s13_nlb,residual,0.0,residual,,"accrued, net borrowing = -B.9",20260910T102726Z,ggfiscal.debt.chains,,B,
GBR,2005,register,sum_bill,-3899.7440500000007,computed,ggfiscal.debt.register,nominal,20260910T102726Z,ggfiscal.debt.chains,,A,computed from the per-security register (debt_interest_by_security / debt_flows)
GBR,2005,register,sum_fixed_bullet,38051.034114890004,computed,ggfiscal.debt.register,nominal,20260910T102726Z,ggfiscal.debt.chains,,A,computed from the per-security register (debt_interest_by_security / debt_flows)
GBR,2005,register,sum_inflation_linked,9299.0,computed,ggfiscal.debt.register,nominal,20260910T102726Z,ggfiscal.debt.chains,,A,computed from the per-security register (debt_interest_by_security / debt_flows)
GBR,2005,register,official_total,43450.29006489,computed,,nominal,20260910T102726Z,ggfiscal.debt.chains,,B,
GBR,2005,A_cg_cash_requirement,carried_from_previous_step,43450.29006489,computed,,,20260910T102726Z,ggfiscal.debt.chains,,B,
GBR,2005,A_cg_cash_requirement,issuance_cash_less_nominal,3825.164894146706,computed,ggfiscal.debt.register,cash,20260910T102726Z,ggfiscal.debt.chains,,B,
GBR,2005,A_cg_cash_requirement,out_of_register_coin,180.0,official,ONS_PSF_APPENDIX_S,cash,20260910T102726Z,ggfiscal.debt.chains,,A,
GBR,2005,A_cg_cash_requirement,out_of_register_deposits_from_other_sectors,1462.0,official,ONS_PSF_APPENDIX_S,cash,20260910T102726Z,ggfiscal.debt.chains,,A,
GBR,2005,A_cg_cash_requirement,out_of_register_exchange_cover_scheme,0.0,official,ONS_PSF_APPENDIX_S,cash,20260910T102726Z,ggfiscal.debt.chains,,A,
GBR,2005,A_cg_cash_requirement,out_of_register_government_foreign_currency_debt,35.0,official,ONS_PSF_APPENDIX_S,cash,20260910T102726Z,ggfiscal.debt.chains,,A,
GBR,2005,A_cg_cash_requirement,out_of_register_loans_from_mfis,2050.0,official,ONS_PSF_APPENDIX_S,cash,20260910T102726Z,ggfiscal.debt.chains,,A,
GBR,2005,A_cg_cash_requirement,out_of_register_national_savings,4145.0,official,ONS_PSF_APPENDIX_S,cash,20260910T102726Z,ggfiscal.debt.chains,,A,
GBR,2005,A_cg_cash_requirement,out_of_register_nilo_lending_asset,0.0,official,ONS_PSF_APPENDIX_S,cash,20260910T102726Z,ggfiscal.debt.chains,,A,
GBR,2005,A_cg_cash_requirement,out_of_register_northern_ireland_cg_debt,-2.0,official,ONS_PSF_APPENDIX_S,cash,20260910T102726Z,ggfiscal.debt.chains,,A,
GBR,2005,A_cg_cash_requirement,out_of_register_official_reserves_asset,-129.0,official,ONS_PSF_APPENDIX_S,cash,20260910T102726Z,ggfiscal.debt.chains,,A,
GBR,2005,A_cg_cash_requirement,out_of_register_other_overseas_financing,-65.0,official,ONS_PSF_APPENDIX_S,cash,20260910T102726Z,ggfiscal.debt.chains,,A,
GBR,2005,A_cg_cash_requirement,out_of_register_sterling_deposits_asset,-535.0,official,ONS_PSF_APPENDIX_S,cash,20260910T102726Z,ggfiscal.debt.chains,,A,
GBR,2005,A_cg_cash_requirement,out_of_register_tax_instruments,-105.0,official,ONS_PSF_APPENDIX_S,cash,20260910T102726Z,ggfiscal.debt.chains,,A,
GBR,2005,A_cg_cash_requirement,official_total,40422.0,official,ONS_PSF_APPENDIX_S,cash,20260910T102726Z,ggfiscal.debt.chains,,A,
GBR,2005,A_cg_cash_requirement,residual,-13889.45495903671,residual,,cash,20260910T102726Z,ggfiscal.debt.chains,,B,
GBR,2005,B_s1311_b9,carried_from_previous_step,40422.0,computed,,,20260910T102726Z,ggfiscal.debt.chains,,B,
GBR,2005,B_s1311_b9,nram_and_bb_net_cash_requirement,0.0,official,ONS_PSF_APPENDIX_A,"cash; Appendix A PSA7C M98W 'NRAM and B&B', calendar-year block; sign +1 (PSA7C notes 83-86: RUUX = M98R + M98W + MUI2 - ABEC - ABEI)",20260910T102726Z,ggfiscal.debt.chains,,A,
GBR,2005,B_s1311_b9,network_rail_net_cash_requirement,2315.0,official,ONS_PSF_APPENDIX_A,"cash; Appendix A PSA7C MUI2 'Network Rail', calendar-year block; sign +1 (PSA7C notes 83-86: RUUX = M98R + M98W + MUI2 - ABEC - ABEI)",20260910T102726Z,ggfiscal.debt.chains,,A,
GBR,2005,B_s1311_b9,less_payments_to_local_government,-2568.0,official,ONS_PSF_APPENDIX_A,"cash; Appendix A PSA7C ABEC 'Central Government with NRAM and B&B, Network Rail of which, payments to local government', calendar-year block; sign -1 (PSA7C notes 83-86: RUUX = M98R + M98W + MUI2 - ABEC - ABEI)",20260910T102726Z,ggfiscal.debt.chains,,A,
GBR,2005,B_s1311_b9,less_payments_to_public_corporations,144.0,official,ONS_PSF_APPENDIX_A,"cash; Appendix A PSA7C ABEI 'Central Government with NRAM and B&B, Network Rail of which, payments to non-financial public corporations', calendar-year block; sign -1 (PSA7C notes 83-86: RUUX = M98R + M98W + MUI2 - ABEC - ABEI)",20260910T102726Z,ggfiscal.debt.chains,,A,
GBR,2005,B_s1311_b9,less_net_lending_to_private_sector_and_rest_of_world,-2201.0,official,ONS_PSF_APPENDIX_A,"cash to accrued; Appendix A REC2 ANRH 'Net lending to private sector and rest of world', calendar-year block; sign -1 (REC2 note 74: RUUX = -NMFJ + ANRH + ANRS + ANRU + ANRT + ANRV)",20260910T102726Z,ggfiscal.debt.chains,,A,
GBR,2005,B_s1311_b9,less_net_acquisition_of_company_securities,-26.0,official,ONS_PSF_APPENDIX_A,"cash to accrued; Appendix A REC2 ANRS 'Net acquisition of company securities', calendar-year block; sign -1 (REC2 note 74: RUUX = -NMFJ + ANRH + ANRS + ANRU + ANRT + ANRV)",20260910T102726Z,ggfiscal.debt.chains,,A,
GBR,2005,B_s1311_b9,less_adjustment_for_interest_on_gilts,3128.0,official,ONS_PSF_APPENDIX_A,"cash to accrued; Appendix A REC2 ANRU 'Adjustment for interest on gilts', calendar-year block; sign -1 (REC2 note 74: RUUX = -NMFJ + ANRH + ANRS + ANRU + ANRT + ANRV)",20260910T102726Z,ggfiscal.debt.chains,,A,
GBR,2005,B_s1311_b9,less_accounts_receivable_payable,-7851.0,official,ONS_PSF_APPENDIX_A,"cash to accrued; Appendix A REC2 ANRT 'Accounts receivable/payable', calendar-year block; sign -1 (REC2 note 74: RUUX = -NMFJ + ANRH + ANRS + ANRU + ANRT + ANRV)",20260910T102726Z,ggfiscal.debt.chains,,A,
GBR,2005,B_s1311_b9,less_other_financial_transactions,5646.0,official,ONS_PSF_APPENDIX_A,"cash to accrued; Appendix A REC2 ANRV 'Other financial transactions', calendar-year block; sign -1 (REC2 note 74: RUUX = -NMFJ + ANRH + ANRS + ANRU + ANRT + ANRV)",20260910T102726Z,ggfiscal.debt.chains,,A,
GBR,2005,B_s1311_b9,official_total,39009.0,official,ONS_PSF_APPENDIX_A,"accrued, net borrowing = -B.9",20260910T102726Z,ggfiscal.debt.chains,,A,
GBR,2005,B_s1311_b9,residual,0.0,residual,,"accrued, net borrowing = -B.9",20260910T102726Z,ggfiscal.debt.chains,,B,
GBR,2005,C_s13_nlb,carried_from_previous_step,39009.0,computed,,,20260910T102726Z,ggfiscal.debt.chains,,B,
GBR,2005,C_s13_nlb,local_government_net_borrowing,4925.0,official,ONS_PSF_APPENDIX_A,"accrued, net borrowing = -B.9; Appendix A PSA2 -NMOE 'Local government net borrowing', calendar-year block; sign +1 (S.13 = S.1311 + S.1313; UK has no state government or social security funds subsector)",20260910T102726Z,ggfiscal.debt.chains,,A,
GBR,2005,C_s13_nlb,official_total,43934.0,official,package_NLB,"accrued, net borrowing = -B.9",20260910T102726Z,ggfiscal.debt.chains,,A,
GBR,2005,C_s13_nlb,residual,0.0,residual,,"accrued, net borrowing = -B.9",20260910T102726Z,ggfiscal.debt.chains,,B,
GBR,2006,register,sum_bill,-1750.6164999999987,computed,ggfiscal.debt.register,nominal,20260910T102726Z,ggfiscal.debt.chains,,A,computed from the per-security register (debt_interest_by_security / debt_flows)
GBR,2006,register,sum_fixed_bullet,28041.49178692,computed,ggfiscal.debt.register,nominal,20260910T102726Z,ggfiscal.debt.chains,,A,computed from the per-security register (debt_interest_by_security / debt_flows)
GBR,2006,register,sum_inflation_linked,12091.00000259,computed,ggfiscal.debt.register,nominal,20260910T102726Z,ggfiscal.debt.chains,,A,computed from the per-security register (debt_interest_by_security / debt_flows)
GBR,2006,register,official_total,38381.875289510004,computed,,nominal,20260910T102726Z,ggfiscal.debt.chains,,B,
GBR,2006,A_cg_cash_requirement,carried_from_previous_step,38381.875289510004,computed,,,20260910T102726Z,ggfiscal.debt.chains,,B,
GBR,2006,A_cg_cash_requirement,issuance_cash_less_nominal,891.0380033118074,computed,ggfiscal.debt.register,cash,20260910T102726Z,ggfiscal.debt.chains,,B,
GBR,2006,A_cg_cash_requirement,out_of_register_coin,154.0,official,ONS_PSF_APPENDIX_S,cash,20260910T102726Z,ggfiscal.debt.chains,,A,
GBR,2006,A_cg_cash_requirement,out_of_register_deposits_from_other_sectors,-922.0,official,ONS_PSF_APPENDIX_S,cash,20260910T102726Z,ggfiscal.debt.chains,,A,
GBR,2006,A_cg_cash_requirement,out_of_register_exchange_cover_scheme,0.0,official,ONS_PSF_APPENDIX_S,cash,20260910T102726Z,ggfiscal.debt.chains,,A,
GBR,2006,A_cg_cash_requirement,out_of_register_government_foreign_currency_debt,41.0,official,ONS_PSF_APPENDIX_S,cash,20260910T102726Z,ggfiscal.debt.chains,,A,
GBR,2006,A_cg_cash_requirement,out_of_register_loans_from_mfis,-2740.0,official,ONS_PSF_APPENDIX_S,cash,20260910T102726Z,ggfiscal.debt.chains,,A,
GBR,2006,A_cg_cash_requirement,out_of_register_national_savings,6121.0,official,ONS_PSF_APPENDIX_S,cash,20260910T102726Z,ggfiscal.debt.chains,,A,
GBR,2006,A_cg_cash_requirement,out_of_register_nilo_lending_asset,0.0,official,ONS_PSF_APPENDIX_S,cash,20260910T102726Z,ggfiscal.debt.chains,,A,
GBR,2006,A_cg_cash_requirement,out_of_register_northern_ireland_cg_debt,3.0,official,ONS_PSF_APPENDIX_S,cash,20260910T102726Z,ggfiscal.debt.chains,,A,
GBR,2006,A_cg_cash_requirement,out_of_register_official_reserves_asset,-945.0,official,ONS_PSF_APPENDIX_S,cash,20260910T102726Z,ggfiscal.debt.chains,,A,
GBR,2006,A_cg_cash_requirement,out_of_register_other_overseas_financing,7.0,official,ONS_PSF_APPENDIX_S,cash,20260910T102726Z,ggfiscal.debt.chains,,A,
GBR,2006,A_cg_cash_requirement,out_of_register_sterling_deposits_asset,-2395.0,official,ONS_PSF_APPENDIX_S,cash,20260910T102726Z,ggfiscal.debt.chains,,A,
GBR,2006,A_cg_cash_requirement,out_of_register_tax_instruments,41.0,official,ONS_PSF_APPENDIX_S,cash,20260910T102726Z,ggfiscal.debt.chains,,A,
GBR,2006,A_cg_cash_requirement,official_total,39612.0,official,ONS_PSF_APPENDIX_S,cash,20260910T102726Z,ggfiscal.debt.chains,,A,
GBR,2006,A_cg_cash_requirement,residual,974.0867071781904,residual,,cash,20260910T102726Z,ggfiscal.debt.chains,,B,
GBR,2006,B_s1311_b9,carried_from_previous_step,39612.0,computed,,,20260910T102726Z,ggfiscal.debt.chains,,B,
GBR,2006,B_s1311_b9,nram_and_bb_net_cash_requirement,0.0,official,ONS_PSF_APPENDIX_A,"cash; Appendix A PSA7C M98W 'NRAM and B&B', calendar-year block; sign +1 (PSA7C notes 83-86: RUUX = M98R + M98W + MUI2 - ABEC - ABEI)",20260910T102726Z,ggfiscal.debt.chains,,A,
GBR,2006,B_s1311_b9,network_rail_net_cash_requirement,835.0,official,ONS_PSF_APPENDIX_A,"cash; Appendix A PSA7C MUI2 'Network Rail', calendar-year block; sign +1 (PSA7C notes 83-86: RUUX = M98R + M98W + MUI2 - ABEC - ABEI)",20260910T102726Z,ggfiscal.debt.chains,,A,
GBR,2006,B_s1311_b9,less_payments_to_local_government,-2466.0,official,ONS_PSF_APPENDIX_A,"cash; Appendix A PSA7C ABEC 'Central Government with NRAM and B&B, Network Rail of which, payments to local government', calendar-year block; sign -1 (PSA7C notes 83-86: RUUX = M98R + M98W + MUI2 - ABEC - ABEI)",20260910T102726Z,ggfiscal.debt.chains,,A,
GBR,2006,B_s1311_b9,less_payments_to_public_corporations,355.0,official,ONS_PSF_APPENDIX_A,"cash; Appendix A PSA7C ABEI 'Central Government with NRAM and B&B, Network Rail of which, payments to non-financial public corporations', calendar-year block; sign -1 (PSA7C notes 83-86: RUUX = M98R + M98W + MUI2 - ABEC - ABEI)",20260910T102726Z,ggfiscal.debt.chains,,A,
GBR,2006,B_s1311_b9,less_net_lending_to_private_sector_and_rest_of_world,-2411.0,official,ONS_PSF_APPENDIX_A,"cash to accrued; Appendix A REC2 ANRH 'Net lending to private sector and rest of world', calendar-year block; sign -1 (REC2 note 74: RUUX = -NMFJ + ANRH + ANRS + ANRU + ANRT + ANRV)",20260910T102726Z,ggfiscal.debt.chains,,A,
GBR,2006,B_s1311_b9,less_net_acquisition_of_company_securities,1.0,official,ONS_PSF_APPENDIX_A,"cash to accrued; Appendix A REC2 ANRS 'Net acquisition of company securities', calendar-year block; sign -1 (REC2 note 74: RUUX = -NMFJ + ANRH + ANRS + ANRU + ANRT + ANRV)",20260910T102726Z,ggfiscal.debt.chains,,A,
GBR,2006,B_s1311_b9,less_adjustment_for_interest_on_gilts,761.0,official,ONS_PSF_APPENDIX_A,"cash to accrued; Appendix A REC2 ANRU 'Adjustment for interest on gilts', calendar-year block; sign -1 (REC2 note 74: RUUX = -NMFJ + ANRH + ANRS + ANRU + ANRT + ANRV)",20260910T102726Z,ggfiscal.debt.chains,,A,
GBR,2006,B_s1311_b9,less_accounts_receivable_payable,6506.0,official,ONS_PSF_APPENDIX_A,"cash to accrued; Appendix A REC2 ANRT 'Accounts receivable/payable', calendar-year block; sign -1 (REC2 note 74: RUUX = -NMFJ + ANRH + ANRS + ANRU + ANRT + ANRV)",20260910T102726Z,ggfiscal.debt.chains,,A,
GBR,2006,B_s1311_b9,less_other_financial_transactions,-3915.0,official,ONS_PSF_APPENDIX_A,"cash to accrued; Appendix A REC2 ANRV 'Other financial transactions', calendar-year block; sign -1 (REC2 note 74: RUUX = -NMFJ + ANRH + ANRS + ANRU + ANRT + ANRV)",20260910T102726Z,ggfiscal.debt.chains,,A,
GBR,2006,B_s1311_b9,official_total,39278.0,official,ONS_PSF_APPENDIX_A,"accrued, net borrowing = -B.9",20260910T102726Z,ggfiscal.debt.chains,,A,
GBR,2006,B_s1311_b9,residual,0.0,residual,,"accrued, net borrowing = -B.9",20260910T102726Z,ggfiscal.debt.chains,,B,
GBR,2006,C_s13_nlb,carried_from_previous_step,39278.0,computed,,,20260910T102726Z,ggfiscal.debt.chains,,B,
GBR,2006,C_s13_nlb,local_government_net_borrowing,1189.0,official,ONS_PSF_APPENDIX_A,"accrued, net borrowing = -B.9; Appendix A PSA2 -NMOE 'Local government net borrowing', calendar-year block; sign +1 (S.13 = S.1311 + S.1313; UK has no state government or social security funds subsector)",20260910T102726Z,ggfiscal.debt.chains,,A,
GBR,2006,C_s13_nlb,official_total,40467.0,official,package_NLB,"accrued, net borrowing = -B.9",20260910T102726Z,ggfiscal.debt.chains,,A,
GBR,2006,C_s13_nlb,residual,0.0,residual,,"accrued, net borrowing = -B.9",20260910T102726Z,ggfiscal.debt.chains,,B,
GBR,2007,register,sum_bill,-3199.4335700000006,computed,ggfiscal.debt.register,nominal,20260910T102726Z,ggfiscal.debt.chains,,A,computed from the per-security register (debt_interest_by_security / debt_flows)
GBR,2007,register,sum_fixed_bullet,15905.321945459998,computed,ggfiscal.debt.register,nominal,20260910T102726Z,ggfiscal.debt.chains,,A,computed from the per-security register (debt_interest_by_security / debt_flows)
GBR,2007,register,sum_inflation_linked,14450.0,computed,ggfiscal.debt.register,nominal,20260910T102726Z,ggfiscal.debt.chains,,A,computed from the per-security register (debt_interest_by_security / debt_flows)
GBR,2007,register,official_total,27155.888375459996,computed,,nominal,20260910T102726Z,ggfiscal.debt.chains,,B,
GBR,2007,A_cg_cash_requirement,carried_from_previous_step,27155.888375459996,computed,,,20260910T102726Z,ggfiscal.debt.chains,,B,
GBR,2007,A_cg_cash_requirement,issuance_cash_less_nominal,-1264.7982833011506,computed,ggfiscal.debt.register,cash,20260910T102726Z,ggfiscal.debt.chains,,B,
GBR,2007,A_cg_cash_requirement,out_of_register_coin,122.0,official,ONS_PSF_APPENDIX_S,cash,20260910T102726Z,ggfiscal.debt.chains,,A,
GBR,2007,A_cg_cash_requirement,out_of_register_deposits_from_other_sectors,2106.0,official,ONS_PSF_APPENDIX_S,cash,20260910T102726Z,ggfiscal.debt.chains,,A,
GBR,2007,A_cg_cash_requirement,out_of_register_exchange_cover_scheme,0.0,official,ONS_PSF_APPENDIX_S,cash,20260910T102726Z,ggfiscal.debt.chains,,A,
GBR,2007,A_cg_cash_requirement,out_of_register_government_foreign_currency_debt,-59.0,official,ONS_PSF_APPENDIX_S,cash,20260910T102726Z,ggfiscal.debt.chains,,A,
GBR,2007,A_cg_cash_requirement,out_of_register_loans_from_mfis,-698.0,official,ONS_PSF_APPENDIX_S,cash,20260910T102726Z,ggfiscal.debt.chains,,A,
GBR,2007,A_cg_cash_requirement,out_of_register_national_savings,5708.0,official,ONS_PSF_APPENDIX_S,cash,20260910T102726Z,ggfiscal.debt.chains,,A,
GBR,2007,A_cg_cash_requirement,out_of_register_nilo_lending_asset,-50.0,official,ONS_PSF_APPENDIX_S,cash,20260910T102726Z,ggfiscal.debt.chains,,A,
GBR,2007,A_cg_cash_requirement,out_of_register_northern_ireland_cg_debt,4.0,official,ONS_PSF_APPENDIX_S,cash,20260910T102726Z,ggfiscal.debt.chains,,A,
GBR,2007,A_cg_cash_requirement,out_of_register_official_reserves_asset,-1876.0,official,ONS_PSF_APPENDIX_S,cash,20260910T102726Z,ggfiscal.debt.chains,,A,
GBR,2007,A_cg_cash_requirement,out_of_register_other_overseas_financing,-3.0,official,ONS_PSF_APPENDIX_S,cash,20260910T102726Z,ggfiscal.debt.chains,,A,
GBR,2007,A_cg_cash_requirement,out_of_register_sterling_deposits_asset,-4301.0,official,ONS_PSF_APPENDIX_S,cash,20260910T102726Z,ggfiscal.debt.chains,,A,
GBR,2007,A_cg_cash_requirement,out_of_register_tax_instruments,116.0,official,ONS_PSF_APPENDIX_S,cash,20260910T102726Z,ggfiscal.debt.chains,,A,
GBR,2007,A_cg_cash_requirement,official_total,33777.0,official,ONS_PSF_APPENDIX_S,cash,20260910T102726Z,ggfiscal.debt.chains,,A,
GBR,2007,A_cg_cash_requirement,residual,6816.909907841153,residual,,cash,20260910T102726Z,ggfiscal.debt.chains,,B,
GBR,2007,B_s1311_b9,carried_from_previous_step,33777.0,computed,,,20260910T102726Z,ggfiscal.debt.chains,,B,
GBR,2007,B_s1311_b9,nram_and_bb_net_cash_requirement,0.0,official,ONS_PSF_APPENDIX_A,"cash; Appendix A PSA7C M98W 'NRAM and B&B', calendar-year block; sign +1 (PSA7C notes 83-86: RUUX = M98R + M98W + MUI2 - ABEC - ABEI)",20260910T102726Z,ggfiscal.debt.chains,,A,
GBR,2007,B_s1311_b9,network_rail_net_cash_requirement,604.0,official,ONS_PSF_APPENDIX_A,"cash; Appendix A PSA7C MUI2 'Network Rail', calendar-year block; sign +1 (PSA7C notes 83-86: RUUX = M98R + M98W + MUI2 - ABEC - ABEI)",20260910T102726Z,ggfiscal.debt.chains,,A,
GBR,2007,B_s1311_b9,less_payments_to_local_government,-1317.0,official,ONS_PSF_APPENDIX_A,"cash; Appendix A PSA7C ABEC 'Central Government with NRAM and B&B, Network Rail of which, payments to local government', calendar-year block; sign -1 (PSA7C notes 83-86: RUUX = M98R + M98W + MUI2 - ABEC - ABEI)",20260910T102726Z,ggfiscal.debt.chains,,A,
GBR,2007,B_s1311_b9,less_payments_to_public_corporations,107.0,official,ONS_PSF_APPENDIX_A,"cash; Appendix A PSA7C ABEI 'Central Government with NRAM and B&B, Network Rail of which, payments to non-financial public corporations', calendar-year block; sign -1 (PSA7C notes 83-86: RUUX = M98R + M98W + MUI2 - ABEC - ABEI)",20260910T102726Z,ggfiscal.debt.chains,,A,
GBR,2007,B_s1311_b9,less_net_lending_to_private_sector_and_rest_of_world,-3119.0,official,ONS_PSF_APPENDIX_A,"cash to accrued; Appendix A REC2 ANRH 'Net lending to private sector and rest of world', calendar-year block; sign -1 (REC2 note 74: RUUX = -NMFJ + ANRH + ANRS + ANRU + ANRT + ANRV)",20260910T102726Z,ggfiscal.debt.chains,,A,
GBR,2007,B_s1311_b9,less_net_acquisition_of_company_securities,4382.0,official,ONS_PSF_APPENDIX_A,"cash to accrued; Appendix A REC2 ANRS 'Net acquisition of company securities', calendar-year block; sign -1 (REC2 note 74: RUUX = -NMFJ + ANRH + ANRS + ANRU + ANRT + ANRV)",20260910T102726Z,ggfiscal.debt.chains,,A,
GBR,2007,B_s1311_b9,less_adjustment_for_interest_on_gilts,5020.0,official,ONS_PSF_APPENDIX_A,"cash to accrued; Appendix A REC2 ANRU 'Adjustment for interest on gilts', calendar-year block; sign -1 (REC2 note 74: RUUX = -NMFJ + ANRH + ANRS + ANRU + ANRT + ANRV)",20260910T102726Z,ggfiscal.debt.chains,,A,
GBR,2007,B_s1311_b9,less_accounts_receivable_payable,2170.0,official,ONS_PSF_APPENDIX_A,"cash to accrued; Appendix A REC2 ANRT 'Accounts receivable/payable', calendar-year block; sign -1 (REC2 note 74: RUUX = -NMFJ + ANRH + ANRS + ANRU + ANRT + ANRV)",20260910T102726Z,ggfiscal.debt.chains,,A,
GBR,2007,B_s1311_b9,less_other_financial_transactions,-2667.0,official,ONS_PSF_APPENDIX_A,"cash to accrued; Appendix A REC2 ANRV 'Other financial transactions', calendar-year block; sign -1 (REC2 note 74: RUUX = -NMFJ + ANRH + ANRS + ANRU + ANRT + ANRV)",20260910T102726Z,ggfiscal.debt.chains,,A,
GBR,2007,B_s1311_b9,official_total,38958.0,official,ONS_PSF_APPENDIX_A,"accrued, net borrowing = -B.9",20260910T102726Z,ggfiscal.debt.chains,,A,
GBR,2007,B_s1311_b9,residual,1.0,residual,,"accrued, net borrowing = -B.9",20260910T102726Z,ggfiscal.debt.chains,,B,
GBR,2007,C_s13_nlb,carried_from_previous_step,38958.0,computed,,,20260910T102726Z,ggfiscal.debt.chains,,B,
GBR,2007,C_s13_nlb,local_government_net_borrowing,1877.0,official,ONS_PSF_APPENDIX_A,"accrued, net borrowing = -B.9; Appendix A PSA2 -NMOE 'Local government net borrowing', calendar-year block; sign +1 (S.13 = S.1311 + S.1313; UK has no state government or social security funds subsector)",20260910T102726Z,ggfiscal.debt.chains,,A,
GBR,2007,C_s13_nlb,official_total,40835.0,official,package_NLB,"accrued, net borrowing = -B.9",20260910T102726Z,ggfiscal.debt.chains,,A,
GBR,2007,C_s13_nlb,residual,0.0,residual,,"accrued, net borrowing = -B.9",20260910T102726Z,ggfiscal.debt.chains,,B,
GBR,2008,register,sum_bill,3517.7118000000023,computed,ggfiscal.debt.register,nominal,20260910T102726Z,ggfiscal.debt.chains,,A,computed from the per-security register (debt_interest_by_security / debt_flows)
GBR,2008,register,sum_fixed_bullet,134494.35264818,computed,ggfiscal.debt.register,nominal,20260910T102726Z,ggfiscal.debt.chains,,A,computed from the per-security register (debt_interest_by_security / debt_flows)
GBR,2008,register,sum_inflation_linked,19174.0,computed,ggfiscal.debt.register,nominal,20260910T102726Z,ggfiscal.debt.chains,,A,computed from the per-security register (debt_interest_by_security / debt_flows)
GBR,2008,register,official_total,157186.06444818,computed,,nominal,20260910T102726Z,ggfiscal.debt.chains,,B,
GBR,2008,A_cg_cash_requirement,carried_from_previous_step,157186.06444818,computed,,,20260910T102726Z,ggfiscal.debt.chains,,B,
GBR,2008,A_cg_cash_requirement,issuance_cash_less_nominal,651.4040582231312,computed,ggfiscal.debt.register,cash,20260910T102726Z,ggfiscal.debt.chains,,B,
GBR,2008,A_cg_cash_requirement,out_of_register_coin,163.0,official,ONS_PSF_APPENDIX_S,cash,20260910T102726Z,ggfiscal.debt.chains,,A,
GBR,2008,A_cg_cash_requirement,out_of_register_deposits_from_other_sectors,9166.0,official,ONS_PSF_APPENDIX_S,cash,20260910T102726Z,ggfiscal.debt.chains,,A,
GBR,2008,A_cg_cash_requirement,out_of_register_exchange_cover_scheme,0.0,official,ONS_PSF_APPENDIX_S,cash,20260910T102726Z,ggfiscal.debt.chains,,A,
GBR,2008,A_cg_cash_requirement,out_of_register_government_foreign_currency_debt,-1527.0,official,ONS_PSF_APPENDIX_S,cash,20260910T102726Z,ggfiscal.debt.chains,,A,
GBR,2008,A_cg_cash_requirement,out_of_register_loans_from_mfis,7465.0,official,ONS_PSF_APPENDIX_S,cash,20260910T102726Z,ggfiscal.debt.chains,,A,
GBR,2008,A_cg_cash_requirement,out_of_register_national_savings,10844.0,official,ONS_PSF_APPENDIX_S,cash,20260910T102726Z,ggfiscal.debt.chains,,A,
GBR,2008,A_cg_cash_requirement,out_of_register_nilo_lending_asset,50.0,official,ONS_PSF_APPENDIX_S,cash,20260910T102726Z,ggfiscal.debt.chains,,A,
GBR,2008,A_cg_cash_requirement,out_of_register_northern_ireland_cg_debt,3.0,official,ONS_PSF_APPENDIX_S,cash,20260910T102726Z,ggfiscal.debt.chains,,A,
GBR,2008,A_cg_cash_requirement,out_of_register_official_reserves_asset,3023.0,official,ONS_PSF_APPENDIX_S,cash,20260910T102726Z,ggfiscal.debt.chains,,A,
GBR,2008,A_cg_cash_requirement,out_of_register_other_overseas_financing,32.0,official,ONS_PSF_APPENDIX_S,cash,20260910T102726Z,ggfiscal.debt.chains,,A,
GBR,2008,A_cg_cash_requirement,out_of_register_sterling_deposits_asset,-9130.0,official,ONS_PSF_APPENDIX_S,cash,20260910T102726Z,ggfiscal.debt.chains,,A,
GBR,2008,A_cg_cash_requirement,out_of_register_tax_instruments,816.0,official,ONS_PSF_APPENDIX_S,cash,20260910T102726Z,ggfiscal.debt.chains,,A,
GBR,2008,A_cg_cash_requirement,official_total,125576.0,official,ONS_PSF_APPENDIX_S,cash,20260910T102726Z,ggfiscal.debt.chains,,A,
GBR,2008,A_cg_cash_requirement,residual,-53166.46850640312,residual,,cash,20260910T102726Z,ggfiscal.debt.chains,,B,
GBR,2008,B_s1311_b9,carried_from_previous_step,125576.0,computed,,,20260910T102726Z,ggfiscal.debt.chains,,B,
GBR,2008,B_s1311_b9,nram_and_bb_net_cash_requirement,0.0,official,ONS_PSF_APPENDIX_A,"cash; Appendix A PSA7C M98W 'NRAM and B&B', calendar-year block; sign +1 (PSA7C notes 83-86: RUUX = M98R + M98W + MUI2 - ABEC - ABEI)",20260910T102726Z,ggfiscal.debt.chains,,A,
GBR,2008,B_s1311_b9,network_rail_net_cash_requirement,1216.0,official,ONS_PSF_APPENDIX_A,"cash; Appendix A PSA7C MUI2 'Network Rail', calendar-year block; sign +1 (PSA7C notes 83-86: RUUX = M98R + M98W + MUI2 - ABEC - ABEI)",20260910T102726Z,ggfiscal.debt.chains,,A,
GBR,2008,B_s1311_b9,less_payments_to_local_government,-3310.0,official,ONS_PSF_APPENDIX_A,"cash; Appendix A PSA7C ABEC 'Central Government with NRAM and B&B, Network Rail of which, payments to local government', calendar-year block; sign -1 (PSA7C notes 83-86: RUUX = M98R + M98W + MUI2 - ABEC - ABEI)",20260910T102726Z,ggfiscal.debt.chains,,A,
GBR,2008,B_s1311_b9,less_payments_to_public_corporations,-89.0,official,ONS_PSF_APPENDIX_A,"cash; Appendix A PSA7C ABEI 'Central Government with NRAM and B&B, Network Rail of which, payments to non-financial public corporations', calendar-year block; sign -1 (PSA7C notes 83-86: RUUX = M98R + M98W + MUI2 - ABEC - ABEI)",20260910T102726Z,ggfiscal.debt.chains,,A,
GBR,2008,B_s1311_b9,less_net_lending_to_private_sector_and_rest_of_world,-3144.0,official,ONS_PSF_APPENDIX_A,"cash to accrued; Appendix A REC2 ANRH 'Net lending to private sector and rest of world', calendar-year block; sign -1 (REC2 note 74: RUUX = -NMFJ + ANRH + ANRS + ANRU + ANRT + ANRV)",20260910T102726Z,ggfiscal.debt.chains,,A,
GBR,2008,B_s1311_b9,less_net_acquisition_of_company_securities,-16293.0,official,ONS_PSF_APPENDIX_A,"cash to accrued; Appendix A REC2 ANRS 'Net acquisition of company securities', calendar-year block; sign -1 (REC2 note 74: RUUX = -NMFJ + ANRH + ANRS + ANRU + ANRT + ANRV)",20260910T102726Z,ggfiscal.debt.chains,,A,
GBR,2008,B_s1311_b9,less_adjustment_for_interest_on_gilts,6146.0,official,ONS_PSF_APPENDIX_A,"cash to accrued; Appendix A REC2 ANRU 'Adjustment for interest on gilts', calendar-year block; sign -1 (REC2 note 74: RUUX = -NMFJ + ANRH + ANRS + ANRU + ANRT + ANRV)",20260910T102726Z,ggfiscal.debt.chains,,A,
GBR,2008,B_s1311_b9,less_accounts_receivable_payable,-12069.0,official,ONS_PSF_APPENDIX_A,"cash to accrued; Appendix A REC2 ANRT 'Accounts receivable/payable', calendar-year block; sign -1 (REC2 note 74: RUUX = -NMFJ + ANRH + ANRS + ANRU + ANRT + ANRV)",20260910T102726Z,ggfiscal.debt.chains,,A,
GBR,2008,B_s1311_b9,less_other_financial_transactions,-21505.0,official,ONS_PSF_APPENDIX_A,"cash to accrued; Appendix A REC2 ANRV 'Other financial transactions', calendar-year block; sign -1 (REC2 note 74: RUUX = -NMFJ + ANRH + ANRS + ANRU + ANRT + ANRV)",20260910T102726Z,ggfiscal.debt.chains,,A,
GBR,2008,B_s1311_b9,official_total,76528.0,official,ONS_PSF_APPENDIX_A,"accrued, net borrowing = -B.9",20260910T102726Z,ggfiscal.debt.chains,,A,
GBR,2008,B_s1311_b9,residual,0.0,residual,,"accrued, net borrowing = -B.9",20260910T102726Z,ggfiscal.debt.chains,,B,
GBR,2008,C_s13_nlb,carried_from_previous_step,76528.0,computed,,,20260910T102726Z,ggfiscal.debt.chains,,B,
GBR,2008,C_s13_nlb,local_government_net_borrowing,4346.0,official,ONS_PSF_APPENDIX_A,"accrued, net borrowing = -B.9; Appendix A PSA2 -NMOE 'Local government net borrowing', calendar-year block; sign +1 (S.13 = S.1311 + S.1313; UK has no state government or social security funds subsector)",20260910T102726Z,ggfiscal.debt.chains,,A,
GBR,2008,C_s13_nlb,official_total,80874.0,official,package_NLB,"accrued, net borrowing = -B.9",20260910T102726Z,ggfiscal.debt.chains,,A,
GBR,2008,C_s13_nlb,residual,0.0,residual,,"accrued, net borrowing = -B.9",20260910T102726Z,ggfiscal.debt.chains,,B,
GBR,2009,register,sum_bill,26331.663370000006,computed,ggfiscal.debt.register,nominal,20260910T102726Z,ggfiscal.debt.chains,,A,computed from the per-security register (debt_interest_by_security / debt_flows)
GBR,2009,register,sum_fixed_bullet,208991.23091711997,computed,ggfiscal.debt.register,nominal,20260910T102726Z,ggfiscal.debt.chains,,A,computed from the per-security register (debt_interest_by_security / debt_flows)
GBR,2009,register,sum_inflation_linked,24800.9520001,computed,ggfiscal.debt.register,nominal,20260910T102726Z,ggfiscal.debt.chains,,A,computed from the per-security register (debt_interest_by_security / debt_flows)
GBR,2009,register,official_total,260123.84628721996,computed,,nominal,20260910T102726Z,ggfiscal.debt.chains,,B,
GBR,2009,A_cg_cash_requirement,carried_from_previous_step,260123.84628721996,computed,,,20260910T102726Z,ggfiscal.debt.chains,,B,
GBR,2009,A_cg_cash_requirement,issuance_cash_less_nominal,4866.2762138529,computed,ggfiscal.debt.register,cash,20260910T102726Z,ggfiscal.debt.chains,,B,
GBR,2009,A_cg_cash_requirement,out_of_register_coin,115.0,official,ONS_PSF_APPENDIX_S,cash,20260910T102726Z,ggfiscal.debt.chains,,A,
GBR,2009,A_cg_cash_requirement,out_of_register_deposits_from_other_sectors,5264.0,official,ONS_PSF_APPENDIX_S,cash,20260910T102726Z,ggfiscal.debt.chains,,A,
GBR,2009,A_cg_cash_requirement,out_of_register_exchange_cover_scheme,0.0,official,ONS_PSF_APPENDIX_S,cash,20260910T102726Z,ggfiscal.debt.chains,,A,
GBR,2009,A_cg_cash_requirement,out_of_register_government_foreign_currency_debt,10.0,official,ONS_PSF_APPENDIX_S,cash,20260910T102726Z,ggfiscal.debt.chains,,A,
GBR,2009,A_cg_cash_requirement,out_of_register_loans_from_mfis,-25661.0,official,ONS_PSF_APPENDIX_S,cash,20260910T102726Z,ggfiscal.debt.chains,,A,
GBR,2009,A_cg_cash_requirement,out_of_register_national_savings,3855.0,official,ONS_PSF_APPENDIX_S,cash,20260910T102726Z,ggfiscal.debt.chains,,A,
GBR,2009,A_cg_cash_requirement,out_of_register_nilo_lending_asset,-165.0,official,ONS_PSF_APPENDIX_S,cash,20260910T102726Z,ggfiscal.debt.chains,,A,
GBR,2009,A_cg_cash_requirement,out_of_register_northern_ireland_cg_debt,-8.0,official,ONS_PSF_APPENDIX_S,cash,20260910T102726Z,ggfiscal.debt.chains,,A,
GBR,2009,A_cg_cash_requirement,out_of_register_official_reserves_asset,-3358.0,official,ONS_PSF_APPENDIX_S,cash,20260910T102726Z,ggfiscal.debt.chains,,A,
GBR,2009,A_cg_cash_requirement,out_of_register_other_overseas_financing,5.0,official,ONS_PSF_APPENDIX_S,cash,20260910T102726Z,ggfiscal.debt.chains,,A,
GBR,2009,A_cg_cash_requirement,out_of_register_sterling_deposits_asset,-8896.0,official,ONS_PSF_APPENDIX_S,cash,20260910T102726Z,ggfiscal.debt.chains,,A,
GBR,2009,A_cg_cash_requirement,out_of_register_tax_instruments,-93.0,official,ONS_PSF_APPENDIX_S,cash,20260910T102726Z,ggfiscal.debt.chains,,A,
GBR,2009,A_cg_cash_requirement,official_total,195503.0,official,ONS_PSF_APPENDIX_S,cash,20260910T102726Z,ggfiscal.debt.chains,,A,
GBR,2009,A_cg_cash_requirement,residual,-40555.12250107288,residual,,cash,20260910T102726Z,ggfiscal.debt.chains,,B,
GBR,2009,B_s1311_b9,carried_from_previous_step,195503.0,computed,,,20260910T102726Z,ggfiscal.debt.chains,,B,
GBR,2009,B_s1311_b9,nram_and_bb_net_cash_requirement,0.0,official,ONS_PSF_APPENDIX_A,"cash; Appendix A PSA7C M98W 'NRAM and B&B', calendar-year block; sign +1 (PSA7C notes 83-86: RUUX = M98R + M98W + MUI2 - ABEC - ABEI)",20260910T102726Z,ggfiscal.debt.chains,,A,
GBR,2009,B_s1311_b9,network_rail_net_cash_requirement,1354.0,official,ONS_PSF_APPENDIX_A,"cash; Appendix A PSA7C MUI2 'Network Rail', calendar-year block; sign +1 (PSA7C notes 83-86: RUUX = M98R + M98W + MUI2 - ABEC - ABEI)",20260910T102726Z,ggfiscal.debt.chains,,A,
GBR,2009,B_s1311_b9,less_payments_to_local_government,1488.0,official,ONS_PSF_APPENDIX_A,"cash; Appendix A PSA7C ABEC 'Central Government with NRAM and B&B, Network Rail of which, payments to local government', calendar-year block; sign -1 (PSA7C notes 83-86: RUUX = M98R + M98W + MUI2 - ABEC - ABEI)",20260910T102726Z,ggfiscal.debt.chains,,A,
GBR,2009,B_s1311_b9,less_payments_to_public_corporations,109.0,official,ONS_PSF_APPENDIX_A,"cash; Appendix A PSA7C ABEI 'Central Government with NRAM and B&B, Network Rail of which, payments to non-financial public corporations', calendar-year block; sign -1 (PSA7C notes 83-86: RUUX = M98R + M98W + MUI2 - ABEC - ABEI)",20260910T102726Z,ggfiscal.debt.chains,,A,
GBR,2009,B_s1311_b9,less_net_lending_to_private_sector_and_rest_of_world,-3453.0,official,ONS_PSF_APPENDIX_A,"cash to accrued; Appendix A REC2 ANRH 'Net lending to private sector and rest of world', calendar-year block; sign -1 (REC2 note 74: RUUX = -NMFJ + ANRH + ANRS + ANRU + ANRT + ANRV)",20260910T102726Z,ggfiscal.debt.chains,,A,
GBR,2009,B_s1311_b9,less_net_acquisition_of_company_securities,-32630.0,official,ONS_PSF_APPENDIX_A,"cash to accrued; Appendix A REC2 ANRS 'Net acquisition of company securities', calendar-year block; sign -1 (REC2 note 74: RUUX = -NMFJ + ANRH + ANRS + ANRU + ANRT + ANRV)",20260910T102726Z,ggfiscal.debt.chains,,A,
GBR,2009,B_s1311_b9,less_adjustment_for_interest_on_gilts,-2735.0,official,ONS_PSF_APPENDIX_A,"cash to accrued; Appendix A REC2 ANRU 'Adjustment for interest on gilts', calendar-year block; sign -1 (REC2 note 74: RUUX = -NMFJ + ANRH + ANRS + ANRU + ANRT + ANRV)",20260910T102726Z,ggfiscal.debt.chains,,A,
GBR,2009,B_s1311_b9,less_accounts_receivable_payable,-2750.0,official,ONS_PSF_APPENDIX_A,"cash to accrued; Appendix A REC2 ANRT 'Accounts receivable/payable', calendar-year block; sign -1 (REC2 note 74: RUUX = -NMFJ + ANRH + ANRS + ANRU + ANRT + ANRV)",20260910T102726Z,ggfiscal.debt.chains,,A,
GBR,2009,B_s1311_b9,less_other_financial_transactions,-8691.0,official,ONS_PSF_APPENDIX_A,"cash to accrued; Appendix A REC2 ANRV 'Other financial transactions', calendar-year block; sign -1 (REC2 note 74: RUUX = -NMFJ + ANRH + ANRS + ANRU + ANRT + ANRV)",20260910T102726Z,ggfiscal.debt.chains,,A,
GBR,2009,B_s1311_b9,official_total,148193.0,official,ONS_PSF_APPENDIX_A,"accrued, net borrowing = -B.9",20260910T102726Z,ggfiscal.debt.chains,,A,
GBR,2009,B_s1311_b9,residual,-2.0,residual,,"accrued, net borrowing = -B.9",20260910T102726Z,ggfiscal.debt.chains,,B,
GBR,2009,C_s13_nlb,carried_from_previous_step,148193.0,computed,,,20260910T102726Z,ggfiscal.debt.chains,,B,
GBR,2009,C_s13_nlb,local_government_net_borrowing,7311.0,official,ONS_PSF_APPENDIX_A,"accrued, net borrowing = -B.9; Appendix A PSA2 -NMOE 'Local government net borrowing', calendar-year block; sign +1 (S.13 = S.1311 + S.1313; UK has no state government or social security funds subsector)",20260910T102726Z,ggfiscal.debt.chains,,A,
GBR,2009,C_s13_nlb,official_total,155504.0,official,package_NLB,"accrued, net borrowing = -B.9",20260910T102726Z,ggfiscal.debt.chains,,A,
GBR,2009,C_s13_nlb,residual,0.0,residual,,"accrued, net borrowing = -B.9",20260910T102726Z,ggfiscal.debt.chains,,B,
GBR,2010,register,sum_bill,7000.43567000002,computed,ggfiscal.debt.register,nominal,20260910T102726Z,ggfiscal.debt.chains,,A,computed from the per-security register (debt_interest_by_security / debt_flows)
GBR,2010,register,sum_fixed_bullet,118116.28500112,computed,ggfiscal.debt.register,nominal,20260910T102726Z,ggfiscal.debt.chains,,A,computed from the per-security register (debt_interest_by_security / debt_flows)
GBR,2010,register,sum_inflation_linked,30675.508,computed,ggfiscal.debt.register,nominal,20260910T102726Z,ggfiscal.debt.chains,,A,computed from the per-security register (debt_interest_by_security / debt_flows)
GBR,2010,register,official_total,155792.22867112,computed,,nominal,20260910T102726Z,ggfiscal.debt.chains,,B,
GBR,2010,A_cg_cash_requirement,carried_from_previous_step,155792.22867112,computed,,,20260910T102726Z,ggfiscal.debt.chains,,B,
GBR,2010,A_cg_cash_requirement,issuance_cash_less_nominal,4359.724389324323,computed,ggfiscal.debt.register,cash,20260910T102726Z,ggfiscal.debt.chains,,B,
GBR,2010,A_cg_cash_requirement,out_of_register_coin,152.0,official,ONS_PSF_APPENDIX_S,cash,20260910T102726Z,ggfiscal.debt.chains,,A,
GBR,2010,A_cg_cash_requirement,out_of_register_deposits_from_other_sectors,-9168.0,official,ONS_PSF_APPENDIX_S,cash,20260910T102726Z,ggfiscal.debt.chains,,A,
GBR,2010,A_cg_cash_requirement,out_of_register_exchange_cover_scheme,0.0,official,ONS_PSF_APPENDIX_S,cash,20260910T102726Z,ggfiscal.debt.chains,,A,
GBR,2010,A_cg_cash_requirement,out_of_register_government_foreign_currency_debt,-7.0,official,ONS_PSF_APPENDIX_S,cash,20260910T102726Z,ggfiscal.debt.chains,,A,
GBR,2010,A_cg_cash_requirement,out_of_register_loans_from_mfis,-2245.0,official,ONS_PSF_APPENDIX_S,cash,20260910T102726Z,ggfiscal.debt.chains,,A,
GBR,2010,A_cg_cash_requirement,out_of_register_national_savings,1311.0,official,ONS_PSF_APPENDIX_S,cash,20260910T102726Z,ggfiscal.debt.chains,,A,
GBR,2010,A_cg_cash_requirement,out_of_register_nilo_lending_asset,36.0,official,ONS_PSF_APPENDIX_S,cash,20260910T102726Z,ggfiscal.debt.chains,,A,
GBR,2010,A_cg_cash_requirement,out_of_register_northern_ireland_cg_debt,1.0,official,ONS_PSF_APPENDIX_S,cash,20260910T102726Z,ggfiscal.debt.chains,,A,
GBR,2010,A_cg_cash_requirement,out_of_register_official_reserves_asset,-6423.0,official,ONS_PSF_APPENDIX_S,cash,20260910T102726Z,ggfiscal.debt.chains,,A,
GBR,2010,A_cg_cash_requirement,out_of_register_other_overseas_financing,-495.0,official,ONS_PSF_APPENDIX_S,cash,20260910T102726Z,ggfiscal.debt.chains,,A,
GBR,2010,A_cg_cash_requirement,out_of_register_sterling_deposits_asset,12446.0,official,ONS_PSF_APPENDIX_S,cash,20260910T102726Z,ggfiscal.debt.chains,,A,
GBR,2010,A_cg_cash_requirement,out_of_register_tax_instruments,-308.0,official,ONS_PSF_APPENDIX_S,cash,20260910T102726Z,ggfiscal.debt.chains,,A,
GBR,2010,A_cg_cash_requirement,official_total,155649.0,official,ONS_PSF_APPENDIX_S,cash,20260910T102726Z,ggfiscal.debt.chains,,A,
GBR,2010,A_cg_cash_requirement,residual,197.046939555672,residual,,cash,20260910T102726Z,ggfiscal.debt.chains,,B,
GBR,2010,B_s1311_b9,carried_from_previous_step,155649.0,computed,,,20260910T102726Z,ggfiscal.debt.chains,,B,
GBR,2010,B_s1311_b9,nram_and_bb_net_cash_requirement,-5987.0,official,ONS_PSF_APPENDIX_A,"cash; Appendix A PSA7C M98W 'NRAM and B&B', calendar-year block; sign +1 (PSA7C notes 83-86: RUUX = M98R + M98W + MUI2 - ABEC - ABEI)",20260910T102726Z,ggfiscal.debt.chains,,A,
GBR,2010,B_s1311_b9,network_rail_net_cash_requirement,1081.0,official,ONS_PSF_APPENDIX_A,"cash; Appendix A PSA7C MUI2 'Network Rail', calendar-year block; sign +1 (PSA7C notes 83-86: RUUX = M98R + M98W + MUI2 - ABEC - ABEI)",20260910T102726Z,ggfiscal.debt.chains,,A,
GBR,2010,B_s1311_b9,less_payments_to_local_government,-2744.0,official,ONS_PSF_APPENDIX_A,"cash; Appendix A PSA7C ABEC 'Central Government with NRAM and B&B, Network Rail of which, payments to local government', calendar-year block; sign -1 (PSA7C notes 83-86: RUUX = M98R + M98W + MUI2 - ABEC - ABEI)",20260910T102726Z,ggfiscal.debt.chains,,A,
GBR,2010,B_s1311_b9,less_payments_to_public_corporations,-481.0,official,ONS_PSF_APPENDIX_A,"cash; Appendix A PSA7C ABEI 'Central Government with NRAM and B&B, Network Rail of which, payments to non-financial public corporations', calendar-year block; sign -1 (PSA7C notes 83-86: RUUX = M98R + M98W + MUI2 - ABEC - ABEI)",20260910T102726Z,ggfiscal.debt.chains,,A,
GBR,2010,B_s1311_b9,less_net_lending_to_private_sector_and_rest_of_world,12145.0,official,ONS_PSF_APPENDIX_A,"cash to accrued; Appendix A REC2 ANRH 'Net lending to private sector and rest of world', calendar-year block; sign -1 (REC2 note 74: RUUX = -NMFJ + ANRH + ANRS + ANRU + ANRT + ANRV)",20260910T102726Z,ggfiscal.debt.chains,,A,
GBR,2010,B_s1311_b9,less_net_acquisition_of_company_securities,622.0,official,ONS_PSF_APPENDIX_A,"cash to accrued; Appendix A REC2 ANRS 'Net acquisition of company securities', calendar-year block; sign -1 (REC2 note 74: RUUX = -NMFJ + ANRH + ANRS + ANRU + ANRT + ANRV)",20260910T102726Z,ggfiscal.debt.chains,,A,
GBR,2010,B_s1311_b9,less_adjustment_for_interest_on_gilts,8679.0,official,ONS_PSF_APPENDIX_A,"cash to accrued; Appendix A REC2 ANRU 'Adjustment for interest on gilts', calendar-year block; sign -1 (REC2 note 74: RUUX = -NMFJ + ANRH + ANRS + ANRU + ANRT + ANRV)",20260910T102726Z,ggfiscal.debt.chains,,A,
GBR,2010,B_s1311_b9,less_accounts_receivable_payable,-14027.0,official,ONS_PSF_APPENDIX_A,"cash to accrued; Appendix A REC2 ANRT 'Accounts receivable/payable', calendar-year block; sign -1 (REC2 note 74: RUUX = -NMFJ + ANRH + ANRS + ANRU + ANRT + ANRV)",20260910T102726Z,ggfiscal.debt.chains,,A,
GBR,2010,B_s1311_b9,less_other_financial_transactions,-9348.0,official,ONS_PSF_APPENDIX_A,"cash to accrued; Appendix A REC2 ANRV 'Other financial transactions', calendar-year block; sign -1 (REC2 note 74: RUUX = -NMFJ + ANRH + ANRS + ANRU + ANRT + ANRV)",20260910T102726Z,ggfiscal.debt.chains,,A,
GBR,2010,B_s1311_b9,official_total,145589.0,official,ONS_PSF_APPENDIX_A,"accrued, net borrowing = -B.9",20260910T102726Z,ggfiscal.debt.chains,,A,
GBR,2010,B_s1311_b9,residual,0.0,residual,,"accrued, net borrowing = -B.9",20260910T102726Z,ggfiscal.debt.chains,,B,
GBR,2010,C_s13_nlb,carried_from_previous_step,145589.0,computed,,,20260910T102726Z,ggfiscal.debt.chains,,B,
GBR,2010,C_s13_nlb,local_government_net_borrowing,3835.0,official,ONS_PSF_APPENDIX_A,"accrued, net borrowing = -B.9; Appendix A PSA2 -NMOE 'Local government net borrowing', calendar-year block; sign +1 (S.13 = S.1311 + S.1313; UK has no state government or social security funds subsector)",20260910T102726Z,ggfiscal.debt.chains,,A,
GBR,2010,C_s13_nlb,official_total,149424.0,official,package_NLB,"accrued, net borrowing = -B.9",20260910T102726Z,ggfiscal.debt.chains,,A,
GBR,2010,C_s13_nlb,residual,0.0,residual,,"accrued, net borrowing = -B.9",20260910T102726Z,ggfiscal.debt.chains,,B,
GBR,2011,register,sum_bill,-1500.1311249999726,computed,ggfiscal.debt.register,nominal,20260910T102726Z,ggfiscal.debt.chains,,A,computed from the per-security register (debt_interest_by_security / debt_flows)
GBR,2011,register,sum_fixed_bullet,92489.97291822,computed,ggfiscal.debt.register,nominal,20260910T102726Z,ggfiscal.debt.chains,,A,computed from the per-security register (debt_interest_by_security / debt_flows)
GBR,2011,register,sum_inflation_linked,28357.24500261,computed,ggfiscal.debt.register,nominal,20260910T102726Z,ggfiscal.debt.chains,,A,computed from the per-security register (debt_interest_by_security / debt_flows)
GBR,2011,register,official_total,119347.08679583002,computed,,nominal,20260910T102726Z,ggfiscal.debt.chains,,B,
GBR,2011,A_cg_cash_requirement,carried_from_previous_step,119347.08679583002,computed,,,20260910T102726Z,ggfiscal.debt.chains,,B,
GBR,2011,A_cg_cash_requirement,issuance_cash_less_nominal,6052.3238900844435,computed,ggfiscal.debt.register,cash,20260910T102726Z,ggfiscal.debt.chains,,B,
GBR,2011,A_cg_cash_requirement,out_of_register_coin,96.0,official,ONS_PSF_APPENDIX_S,cash,20260910T102726Z,ggfiscal.debt.chains,,A,
GBR,2011,A_cg_cash_requirement,out_of_register_deposits_from_other_sectors,6385.0,official,ONS_PSF_APPENDIX_S,cash,20260910T102726Z,ggfiscal.debt.chains,,A,
GBR,2011,A_cg_cash_requirement,out_of_register_exchange_cover_scheme,0.0,official,ONS_PSF_APPENDIX_S,cash,20260910T102726Z,ggfiscal.debt.chains,,A,
GBR,2011,A_cg_cash_requirement,out_of_register_government_foreign_currency_debt,11.0,official,ONS_PSF_APPENDIX_S,cash,20260910T102726Z,ggfiscal.debt.chains,,A,
GBR,2011,A_cg_cash_requirement,out_of_register_loans_from_mfis,784.0,official,ONS_PSF_APPENDIX_S,cash,20260910T102726Z,ggfiscal.debt.chains,,A,
GBR,2011,A_cg_cash_requirement,out_of_register_national_savings,4167.0,official,ONS_PSF_APPENDIX_S,cash,20260910T102726Z,ggfiscal.debt.chains,,A,
GBR,2011,A_cg_cash_requirement,out_of_register_nilo_lending_asset,-149.0,official,ONS_PSF_APPENDIX_S,cash,20260910T102726Z,ggfiscal.debt.chains,,A,
GBR,2011,A_cg_cash_requirement,out_of_register_northern_ireland_cg_debt,1.0,official,ONS_PSF_APPENDIX_S,cash,20260910T102726Z,ggfiscal.debt.chains,,A,
GBR,2011,A_cg_cash_requirement,out_of_register_official_reserves_asset,-6839.0,official,ONS_PSF_APPENDIX_S,cash,20260910T102726Z,ggfiscal.debt.chains,,A,
GBR,2011,A_cg_cash_requirement,out_of_register_other_overseas_financing,-1834.0,official,ONS_PSF_APPENDIX_S,cash,20260910T102726Z,ggfiscal.debt.chains,,A,
GBR,2011,A_cg_cash_requirement,out_of_register_sterling_deposits_asset,-13625.0,official,ONS_PSF_APPENDIX_S,cash,20260910T102726Z,ggfiscal.debt.chains,,A,
GBR,2011,A_cg_cash_requirement,out_of_register_tax_instruments,-135.0,official,ONS_PSF_APPENDIX_S,cash,20260910T102726Z,ggfiscal.debt.chains,,A,
GBR,2011,A_cg_cash_requirement,official_total,120083.0,official,ONS_PSF_APPENDIX_S,cash,20260910T102726Z,ggfiscal.debt.chains,,A,
GBR,2011,A_cg_cash_requirement,residual,5821.589314085548,residual,,cash,20260910T102726Z,ggfiscal.debt.chains,,B,
GBR,2011,B_s1311_b9,carried_from_previous_step,120083.0,computed,,,20260910T102726Z,ggfiscal.debt.chains,,B,
GBR,2011,B_s1311_b9,nram_and_bb_net_cash_requirement,-10654.0,official,ONS_PSF_APPENDIX_A,"cash; Appendix A PSA7C M98W 'NRAM and B&B', calendar-year block; sign +1 (PSA7C notes 83-86: RUUX = M98R + M98W + MUI2 - ABEC - ABEI)",20260910T102726Z,ggfiscal.debt.chains,,A,
GBR,2011,B_s1311_b9,network_rail_net_cash_requirement,1269.0,official,ONS_PSF_APPENDIX_A,"cash; Appendix A PSA7C MUI2 'Network Rail', calendar-year block; sign +1 (PSA7C notes 83-86: RUUX = M98R + M98W + MUI2 - ABEC - ABEI)",20260910T102726Z,ggfiscal.debt.chains,,A,
GBR,2011,B_s1311_b9,less_payments_to_local_government,-1027.0,official,ONS_PSF_APPENDIX_A,"cash; Appendix A PSA7C ABEC 'Central Government with NRAM and B&B, Network Rail of which, payments to local government', calendar-year block; sign -1 (PSA7C notes 83-86: RUUX = M98R + M98W + MUI2 - ABEC - ABEI)",20260910T102726Z,ggfiscal.debt.chains,,A,
GBR,2011,B_s1311_b9,less_payments_to_public_corporations,-69.0,official,ONS_PSF_APPENDIX_A,"cash; Appendix A PSA7C ABEI 'Central Government with NRAM and B&B, Network Rail of which, payments to non-financial public corporations', calendar-year block; sign -1 (PSA7C notes 83-86: RUUX = M98R + M98W + MUI2 - ABEC - ABEI)",20260910T102726Z,ggfiscal.debt.chains,,A,
GBR,2011,B_s1311_b9,less_net_lending_to_private_sector_and_rest_of_world,4202.0,official,ONS_PSF_APPENDIX_A,"cash to accrued; Appendix A REC2 ANRH 'Net lending to private sector and rest of world', calendar-year block; sign -1 (REC2 note 74: RUUX = -NMFJ + ANRH + ANRS + ANRU + ANRT + ANRV)",20260910T102726Z,ggfiscal.debt.chains,,A,
GBR,2011,B_s1311_b9,less_net_acquisition_of_company_securities,1034.0,official,ONS_PSF_APPENDIX_A,"cash to accrued; Appendix A REC2 ANRS 'Net acquisition of company securities', calendar-year block; sign -1 (REC2 note 74: RUUX = -NMFJ + ANRH + ANRS + ANRU + ANRT + ANRV)",20260910T102726Z,ggfiscal.debt.chains,,A,
GBR,2011,B_s1311_b9,less_adjustment_for_interest_on_gilts,4717.0,official,ONS_PSF_APPENDIX_A,"cash to accrued; Appendix A REC2 ANRU 'Adjustment for interest on gilts', calendar-year block; sign -1 (REC2 note 74: RUUX = -NMFJ + ANRH + ANRS + ANRU + ANRT + ANRV)",20260910T102726Z,ggfiscal.debt.chains,,A,
GBR,2011,B_s1311_b9,less_accounts_receivable_payable,-4750.0,official,ONS_PSF_APPENDIX_A,"cash to accrued; Appendix A REC2 ANRT 'Accounts receivable/payable', calendar-year block; sign -1 (REC2 note 74: RUUX = -NMFJ + ANRH + ANRS + ANRU + ANRT + ANRV)",20260910T102726Z,ggfiscal.debt.chains,,A,
GBR,2011,B_s1311_b9,less_other_financial_transactions,4160.0,official,ONS_PSF_APPENDIX_A,"cash to accrued; Appendix A REC2 ANRV 'Other financial transactions', calendar-year block; sign -1 (REC2 note 74: RUUX = -NMFJ + ANRH + ANRS + ANRU + ANRT + ANRV)",20260910T102726Z,ggfiscal.debt.chains,,A,
GBR,2011,B_s1311_b9,official_total,118964.0,official,ONS_PSF_APPENDIX_A,"accrued, net borrowing = -B.9",20260910T102726Z,ggfiscal.debt.chains,,A,
GBR,2011,B_s1311_b9,residual,-1.0,residual,,"accrued, net borrowing = -B.9",20260910T102726Z,ggfiscal.debt.chains,,B,
GBR,2011,C_s13_nlb,carried_from_previous_step,118964.0,computed,,,20260910T102726Z,ggfiscal.debt.chains,,B,
GBR,2011,C_s13_nlb,local_government_net_borrowing,5028.0,official,ONS_PSF_APPENDIX_A,"accrued, net borrowing = -B.9; Appendix A PSA2 -NMOE 'Local government net borrowing', calendar-year block; sign +1 (S.13 = S.1311 + S.1313; UK has no state government or social security funds subsector)",20260910T102726Z,ggfiscal.debt.chains,,A,
GBR,2011,C_s13_nlb,official_total,123992.0,official,package_NLB,"accrued, net borrowing = -B.9",20260910T102726Z,ggfiscal.debt.chains,,A,
GBR,2011,C_s13_nlb,residual,0.0,residual,,"accrued, net borrowing = -B.9",20260910T102726Z,ggfiscal.debt.chains,,B,
GBR,2012,register,sum_bill,-6499.599435000004,computed,ggfiscal.debt.register,nominal,20260910T102726Z,ggfiscal.debt.chains,,A,computed from the per-security register (debt_interest_by_security / debt_flows)
GBR,2012,register,sum_fixed_bullet,85363.95162361999,computed,ggfiscal.debt.register,nominal,20260910T102726Z,ggfiscal.debt.chains,,A,computed from the per-security register (debt_interest_by_security / debt_flows)
GBR,2012,register,sum_inflation_linked,28460.795599999998,computed,ggfiscal.debt.register,nominal,20260910T102726Z,ggfiscal.debt.chains,,A,computed from the per-security register (debt_interest_by_security / debt_flows)
GBR,2012,register,official_total,107325.14778861999,computed,,nominal,20260910T102726Z,ggfiscal.debt.chains,,B,
GBR,2012,A_cg_cash_requirement,carried_from_previous_step,107325.14778861999,computed,,,20260910T102726Z,ggfiscal.debt.chains,,B,
GBR,2012,A_cg_cash_requirement,issuance_cash_less_nominal,14740.486688419822,computed,ggfiscal.debt.register,cash,20260910T102726Z,ggfiscal.debt.chains,,B,
GBR,2012,A_cg_cash_requirement,out_of_register_coin,226.0,official,ONS_PSF_APPENDIX_S,cash,20260910T102726Z,ggfiscal.debt.chains,,A,
GBR,2012,A_cg_cash_requirement,out_of_register_deposits_from_other_sectors,4272.0,official,ONS_PSF_APPENDIX_S,cash,20260910T102726Z,ggfiscal.debt.chains,,A,
GBR,2012,A_cg_cash_requirement,out_of_register_exchange_cover_scheme,0.0,official,ONS_PSF_APPENDIX_S,cash,20260910T102726Z,ggfiscal.debt.chains,,A,
GBR,2012,A_cg_cash_requirement,out_of_register_government_foreign_currency_debt,-4.0,official,ONS_PSF_APPENDIX_S,cash,20260910T102726Z,ggfiscal.debt.chains,,A,
GBR,2012,A_cg_cash_requirement,out_of_register_loans_from_mfis,-1412.0,official,ONS_PSF_APPENDIX_S,cash,20260910T102726Z,ggfiscal.debt.chains,,A,
GBR,2012,A_cg_cash_requirement,out_of_register_national_savings,-1833.0,official,ONS_PSF_APPENDIX_S,cash,20260910T102726Z,ggfiscal.debt.chains,,A,
GBR,2012,A_cg_cash_requirement,out_of_register_nilo_lending_asset,-16.0,official,ONS_PSF_APPENDIX_S,cash,20260910T102726Z,ggfiscal.debt.chains,,A,
GBR,2012,A_cg_cash_requirement,out_of_register_northern_ireland_cg_debt,5.0,official,ONS_PSF_APPENDIX_S,cash,20260910T102726Z,ggfiscal.debt.chains,,A,
GBR,2012,A_cg_cash_requirement,out_of_register_official_reserves_asset,-4605.0,official,ONS_PSF_APPENDIX_S,cash,20260910T102726Z,ggfiscal.debt.chains,,A,
GBR,2012,A_cg_cash_requirement,out_of_register_other_overseas_financing,36.0,official,ONS_PSF_APPENDIX_S,cash,20260910T102726Z,ggfiscal.debt.chains,,A,
GBR,2012,A_cg_cash_requirement,out_of_register_sterling_deposits_asset,2696.0,official,ONS_PSF_APPENDIX_S,cash,20260910T102726Z,ggfiscal.debt.chains,,A,
GBR,2012,A_cg_cash_requirement,out_of_register_tax_instruments,9.0,official,ONS_PSF_APPENDIX_S,cash,20260910T102726Z,ggfiscal.debt.chains,,A,
GBR,2012,A_cg_cash_requirement,official_total,115091.0,official,ONS_PSF_APPENDIX_S,cash,20260910T102726Z,ggfiscal.debt.chains,,A,
GBR,2012,A_cg_cash_requirement,residual,-6348.634477039814,residual,,cash,20260910T102726Z,ggfiscal.debt.chains,,B,
GBR,2012,B_s1311_b9,carried_from_previous_step,115091.0,computed,,,20260910T102726Z,ggfiscal.debt.chains,,B,
GBR,2012,B_s1311_b9,nram_and_bb_net_cash_requirement,-5232.0,official,ONS_PSF_APPENDIX_A,"cash; Appendix A PSA7C M98W 'NRAM and B&B', calendar-year block; sign +1 (PSA7C notes 83-86: RUUX = M98R + M98W + MUI2 - ABEC - ABEI)",20260910T102726Z,ggfiscal.debt.chains,,A,
GBR,2012,B_s1311_b9,network_rail_net_cash_requirement,1690.0,official,ONS_PSF_APPENDIX_A,"cash; Appendix A PSA7C MUI2 'Network Rail', calendar-year block; sign +1 (PSA7C notes 83-86: RUUX = M98R + M98W + MUI2 - ABEC - ABEI)",20260910T102726Z,ggfiscal.debt.chains,,A,
GBR,2012,B_s1311_b9,less_payments_to_local_government,-8469.0,official,ONS_PSF_APPENDIX_A,"cash; Appendix A PSA7C ABEC 'Central Government with NRAM and B&B, Network Rail of which, payments to local government', calendar-year block; sign -1 (PSA7C notes 83-86: RUUX = M98R + M98W + MUI2 - ABEC - ABEI)",20260910T102726Z,ggfiscal.debt.chains,,A,
GBR,2012,B_s1311_b9,less_payments_to_public_corporations,507.0,official,ONS_PSF_APPENDIX_A,"cash; Appendix A PSA7C ABEI 'Central Government with NRAM and B&B, Network Rail of which, payments to non-financial public corporations', calendar-year block; sign -1 (PSA7C notes 83-86: RUUX = M98R + M98W + MUI2 - ABEC - ABEI)",20260910T102726Z,ggfiscal.debt.chains,,A,
GBR,2012,B_s1311_b9,less_net_lending_to_private_sector_and_rest_of_world,-290.0,official,ONS_PSF_APPENDIX_A,"cash to accrued; Appendix A REC2 ANRH 'Net lending to private sector and rest of world', calendar-year block; sign -1 (REC2 note 74: RUUX = -NMFJ + ANRH + ANRS + ANRU + ANRT + ANRV)",20260910T102726Z,ggfiscal.debt.chains,,A,
GBR,2012,B_s1311_b9,less_net_acquisition_of_company_securities,15066.0,official,ONS_PSF_APPENDIX_A,"cash to accrued; Appendix A REC2 ANRS 'Net acquisition of company securities', calendar-year block; sign -1 (REC2 note 74: RUUX = -NMFJ + ANRH + ANRS + ANRU + ANRT + ANRV)",20260910T102726Z,ggfiscal.debt.chains,,A,
GBR,2012,B_s1311_b9,less_adjustment_for_interest_on_gilts,5937.0,official,ONS_PSF_APPENDIX_A,"cash to accrued; Appendix A REC2 ANRU 'Adjustment for interest on gilts', calendar-year block; sign -1 (REC2 note 74: RUUX = -NMFJ + ANRH + ANRS + ANRU + ANRT + ANRV)",20260910T102726Z,ggfiscal.debt.chains,,A,
GBR,2012,B_s1311_b9,less_accounts_receivable_payable,5713.0,official,ONS_PSF_APPENDIX_A,"cash to accrued; Appendix A REC2 ANRT 'Accounts receivable/payable', calendar-year block; sign -1 (REC2 note 74: RUUX = -NMFJ + ANRH + ANRS + ANRU + ANRT + ANRV)",20260910T102726Z,ggfiscal.debt.chains,,A,
GBR,2012,B_s1311_b9,less_other_financial_transactions,-1312.0,official,ONS_PSF_APPENDIX_A,"cash to accrued; Appendix A REC2 ANRV 'Other financial transactions', calendar-year block; sign -1 (REC2 note 74: RUUX = -NMFJ + ANRH + ANRS + ANRU + ANRT + ANRV)",20260910T102726Z,ggfiscal.debt.chains,,A,
GBR,2012,B_s1311_b9,official_total,128700.0,official,ONS_PSF_APPENDIX_A,"accrued, net borrowing = -B.9",20260910T102726Z,ggfiscal.debt.chains,,A,
GBR,2012,B_s1311_b9,residual,-1.0,residual,,"accrued, net borrowing = -B.9",20260910T102726Z,ggfiscal.debt.chains,,B,
GBR,2012,C_s13_nlb,carried_from_previous_step,128700.0,computed,,,20260910T102726Z,ggfiscal.debt.chains,,B,
GBR,2012,C_s13_nlb,local_government_net_borrowing,8332.0,official,ONS_PSF_APPENDIX_A,"accrued, net borrowing = -B.9; Appendix A PSA2 -NMOE 'Local government net borrowing', calendar-year block; sign +1 (S.13 = S.1311 + S.1313; UK has no state government or social security funds subsector)",20260910T102726Z,ggfiscal.debt.chains,,A,
GBR,2012,C_s13_nlb,official_total,137032.0,official,package_NLB,"accrued, net borrowing = -B.9",20260910T102726Z,ggfiscal.debt.chains,,A,
GBR,2012,C_s13_nlb,residual,0.0,residual,,"accrued, net borrowing = -B.9",20260910T102726Z,ggfiscal.debt.chains,,B,
GBR,2013,register,sum_bill,-12500.056769999988,computed,ggfiscal.debt.register,nominal,20260910T102726Z,ggfiscal.debt.chains,,A,computed from the per-security register (debt_interest_by_security / debt_flows)
GBR,2013,register,sum_fixed_bullet,73480.97621319,computed,ggfiscal.debt.register,nominal,20260910T102726Z,ggfiscal.debt.chains,,A,computed from the per-security register (debt_interest_by_security / debt_flows)
GBR,2013,register,sum_inflation_linked,24940.572,computed,ggfiscal.debt.register,nominal,20260910T102726Z,ggfiscal.debt.chains,,A,computed from the per-security register (debt_interest_by_security / debt_flows)
GBR,2013,register,official_total,85921.49144319003,computed,,nominal,20260910T102726Z,ggfiscal.debt.chains,,B,
GBR,2013,A_cg_cash_requirement,carried_from_previous_step,85921.49144319003,computed,,,20260910T102726Z,ggfiscal.debt.chains,,B,
GBR,2013,A_cg_cash_requirement,issuance_cash_less_nominal,2738.1258161765677,computed,ggfiscal.debt.register,cash,20260910T102726Z,ggfiscal.debt.chains,,B,
GBR,2013,A_cg_cash_requirement,out_of_register_coin,195.0,official,ONS_PSF_APPENDIX_S,cash,20260910T102726Z,ggfiscal.debt.chains,,A,
GBR,2013,A_cg_cash_requirement,out_of_register_deposits_from_other_sectors,-9675.0,official,ONS_PSF_APPENDIX_S,cash,20260910T102726Z,ggfiscal.debt.chains,,A,
GBR,2013,A_cg_cash_requirement,out_of_register_exchange_cover_scheme,0.0,official,ONS_PSF_APPENDIX_S,cash,20260910T102726Z,ggfiscal.debt.chains,,A,
GBR,2013,A_cg_cash_requirement,out_of_register_government_foreign_currency_debt,39.0,official,ONS_PSF_APPENDIX_S,cash,20260910T102726Z,ggfiscal.debt.chains,,A,
GBR,2013,A_cg_cash_requirement,out_of_register_loans_from_mfis,-52.0,official,ONS_PSF_APPENDIX_S,cash,20260910T102726Z,ggfiscal.debt.chains,,A,
GBR,2013,A_cg_cash_requirement,out_of_register_national_savings,2975.0,official,ONS_PSF_APPENDIX_S,cash,20260910T102726Z,ggfiscal.debt.chains,,A,
GBR,2013,A_cg_cash_requirement,out_of_register_nilo_lending_asset,-297.0,official,ONS_PSF_APPENDIX_S,cash,20260910T102726Z,ggfiscal.debt.chains,,A,
GBR,2013,A_cg_cash_requirement,out_of_register_northern_ireland_cg_debt,-2.0,official,ONS_PSF_APPENDIX_S,cash,20260910T102726Z,ggfiscal.debt.chains,,A,
GBR,2013,A_cg_cash_requirement,out_of_register_official_reserves_asset,-1533.0,official,ONS_PSF_APPENDIX_S,cash,20260910T102726Z,ggfiscal.debt.chains,,A,
GBR,2013,A_cg_cash_requirement,out_of_register_other_overseas_financing,479.0,official,ONS_PSF_APPENDIX_S,cash,20260910T102726Z,ggfiscal.debt.chains,,A,
GBR,2013,A_cg_cash_requirement,out_of_register_sterling_deposits_asset,-9396.0,official,ONS_PSF_APPENDIX_S,cash,20260910T102726Z,ggfiscal.debt.chains,,A,
GBR,2013,A_cg_cash_requirement,out_of_register_tax_instruments,166.0,official,ONS_PSF_APPENDIX_S,cash,20260910T102726Z,ggfiscal.debt.chains,,A,
GBR,2013,A_cg_cash_requirement,official_total,73782.0,official,ONS_PSF_APPENDIX_S,cash,20260910T102726Z,ggfiscal.debt.chains,,A,
GBR,2013,A_cg_cash_requirement,residual,2223.382740633402,residual,,cash,20260910T102726Z,ggfiscal.debt.chains,,B,
GBR,2013,B_s1311_b9,carried_from_previous_step,73782.0,computed,,,20260910T102726Z,ggfiscal.debt.chains,,B,
GBR,2013,B_s1311_b9,nram_and_bb_net_cash_requirement,-3738.0,official,ONS_PSF_APPENDIX_A,"cash; Appendix A PSA7C M98W 'NRAM and B&B', calendar-year block; sign +1 (PSA7C notes 83-86: RUUX = M98R + M98W + MUI2 - ABEC - ABEI)",20260910T102726Z,ggfiscal.debt.chains,,A,
GBR,2013,B_s1311_b9,network_rail_net_cash_requirement,2899.0,official,ONS_PSF_APPENDIX_A,"cash; Appendix A PSA7C MUI2 'Network Rail', calendar-year block; sign +1 (PSA7C notes 83-86: RUUX = M98R + M98W + MUI2 - ABEC - ABEI)",20260910T102726Z,ggfiscal.debt.chains,,A,
GBR,2013,B_s1311_b9,less_payments_to_local_government,-389.0,official,ONS_PSF_APPENDIX_A,"cash; Appendix A PSA7C ABEC 'Central Government with NRAM and B&B, Network Rail of which, payments to local government', calendar-year block; sign -1 (PSA7C notes 83-86: RUUX = M98R + M98W + MUI2 - ABEC - ABEI)",20260910T102726Z,ggfiscal.debt.chains,,A,
GBR,2013,B_s1311_b9,less_payments_to_public_corporations,721.0,official,ONS_PSF_APPENDIX_A,"cash; Appendix A PSA7C ABEI 'Central Government with NRAM and B&B, Network Rail of which, payments to non-financial public corporations', calendar-year block; sign -1 (PSA7C notes 83-86: RUUX = M98R + M98W + MUI2 - ABEC - ABEI)",20260910T102726Z,ggfiscal.debt.chains,,A,
GBR,2013,B_s1311_b9,less_net_lending_to_private_sector_and_rest_of_world,-1308.0,official,ONS_PSF_APPENDIX_A,"cash to accrued; Appendix A REC2 ANRH 'Net lending to private sector and rest of world', calendar-year block; sign -1 (REC2 note 74: RUUX = -NMFJ + ANRH + ANRS + ANRU + ANRT + ANRV)",20260910T102726Z,ggfiscal.debt.chains,,A,
GBR,2013,B_s1311_b9,less_net_acquisition_of_company_securities,27152.0,official,ONS_PSF_APPENDIX_A,"cash to accrued; Appendix A REC2 ANRS 'Net acquisition of company securities', calendar-year block; sign -1 (REC2 note 74: RUUX = -NMFJ + ANRH + ANRS + ANRU + ANRT + ANRV)",20260910T102726Z,ggfiscal.debt.chains,,A,
GBR,2013,B_s1311_b9,less_adjustment_for_interest_on_gilts,-2286.0,official,ONS_PSF_APPENDIX_A,"cash to accrued; Appendix A REC2 ANRU 'Adjustment for interest on gilts', calendar-year block; sign -1 (REC2 note 74: RUUX = -NMFJ + ANRH + ANRS + ANRU + ANRT + ANRV)",20260910T102726Z,ggfiscal.debt.chains,,A,
GBR,2013,B_s1311_b9,less_accounts_receivable_payable,-1694.0,official,ONS_PSF_APPENDIX_A,"cash to accrued; Appendix A REC2 ANRT 'Accounts receivable/payable', calendar-year block; sign -1 (REC2 note 74: RUUX = -NMFJ + ANRH + ANRS + ANRU + ANRT + ANRV)",20260910T102726Z,ggfiscal.debt.chains,,A,
GBR,2013,B_s1311_b9,less_other_financial_transactions,-2565.0,official,ONS_PSF_APPENDIX_A,"cash to accrued; Appendix A REC2 ANRV 'Other financial transactions', calendar-year block; sign -1 (REC2 note 74: RUUX = -NMFJ + ANRH + ANRS + ANRU + ANRT + ANRV)",20260910T102726Z,ggfiscal.debt.chains,,A,
GBR,2013,B_s1311_b9,official_total,92574.0,official,ONS_PSF_APPENDIX_A,"accrued, net borrowing = -B.9",20260910T102726Z,ggfiscal.debt.chains,,A,
GBR,2013,B_s1311_b9,residual,0.0,residual,,"accrued, net borrowing = -B.9",20260910T102726Z,ggfiscal.debt.chains,,B,
GBR,2013,C_s13_nlb,carried_from_previous_step,92574.0,computed,,,20260910T102726Z,ggfiscal.debt.chains,,B,
GBR,2013,C_s13_nlb,local_government_net_borrowing,2144.0,official,ONS_PSF_APPENDIX_A,"accrued, net borrowing = -B.9; Appendix A PSA2 -NMOE 'Local government net borrowing', calendar-year block; sign +1 (S.13 = S.1311 + S.1313; UK has no state government or social security funds subsector)",20260910T102726Z,ggfiscal.debt.chains,,A,
GBR,2013,C_s13_nlb,official_total,94718.0,official,package_NLB,"accrued, net borrowing = -B.9",20260910T102726Z,ggfiscal.debt.chains,,A,
GBR,2013,C_s13_nlb,residual,0.0,residual,,"accrued, net borrowing = -B.9",20260910T102726Z,ggfiscal.debt.chains,,B,
GBR,2014,register,sum_bill,26999.8182,computed,ggfiscal.debt.register,nominal,20260910T102726Z,ggfiscal.debt.chains,,A,computed from the per-security register (debt_interest_by_security / debt_flows)
GBR,2014,register,sum_fixed_bullet,32072.590000010005,computed,ggfiscal.debt.register,nominal,20260910T102726Z,ggfiscal.debt.chains,,A,computed from the per-security register (debt_interest_by_security / debt_flows)
GBR,2014,register,sum_inflation_linked,29331.465999999997,computed,ggfiscal.debt.register,nominal,20260910T102726Z,ggfiscal.debt.chains,,A,computed from the per-security register (debt_interest_by_security / debt_flows)
GBR,2014,register,official_total,88403.87420001,computed,,nominal,20260910T102726Z,ggfiscal.debt.chains,,B,
GBR,2014,A_cg_cash_requirement,carried_from_previous_step,88403.87420001,computed,,,20260910T102726Z,ggfiscal.debt.chains,,B,
GBR,2014,A_cg_cash_requirement,issuance_cash_less_nominal,5016.709012680528,computed,ggfiscal.debt.register,cash,20260910T102726Z,ggfiscal.debt.chains,,B,
GBR,2014,A_cg_cash_requirement,out_of_register_coin,271.0,official,ONS_PSF_APPENDIX_S,cash,20260910T102726Z,ggfiscal.debt.chains,,A,
GBR,2014,A_cg_cash_requirement,out_of_register_deposits_from_other_sectors,10924.0,official,ONS_PSF_APPENDIX_S,cash,20260910T102726Z,ggfiscal.debt.chains,,A,
GBR,2014,A_cg_cash_requirement,out_of_register_exchange_cover_scheme,0.0,official,ONS_PSF_APPENDIX_S,cash,20260910T102726Z,ggfiscal.debt.chains,,A,
GBR,2014,A_cg_cash_requirement,out_of_register_government_foreign_currency_debt,54.0,official,ONS_PSF_APPENDIX_S,cash,20260910T102726Z,ggfiscal.debt.chains,,A,
GBR,2014,A_cg_cash_requirement,out_of_register_loans_from_mfis,-167.0,official,ONS_PSF_APPENDIX_S,cash,20260910T102726Z,ggfiscal.debt.chains,,A,
GBR,2014,A_cg_cash_requirement,out_of_register_national_savings,6225.0,official,ONS_PSF_APPENDIX_S,cash,20260910T102726Z,ggfiscal.debt.chains,,A,
GBR,2014,A_cg_cash_requirement,out_of_register_nilo_lending_asset,357.0,official,ONS_PSF_APPENDIX_S,cash,20260910T102726Z,ggfiscal.debt.chains,,A,
GBR,2014,A_cg_cash_requirement,out_of_register_northern_ireland_cg_debt,5.0,official,ONS_PSF_APPENDIX_S,cash,20260910T102726Z,ggfiscal.debt.chains,,A,
GBR,2014,A_cg_cash_requirement,out_of_register_official_reserves_asset,-7261.0,official,ONS_PSF_APPENDIX_S,cash,20260910T102726Z,ggfiscal.debt.chains,,A,
GBR,2014,A_cg_cash_requirement,out_of_register_other_overseas_financing,870.0,official,ONS_PSF_APPENDIX_S,cash,20260910T102726Z,ggfiscal.debt.chains,,A,
GBR,2014,A_cg_cash_requirement,out_of_register_sterling_deposits_asset,-2176.0,official,ONS_PSF_APPENDIX_S,cash,20260910T102726Z,ggfiscal.debt.chains,,A,
GBR,2014,A_cg_cash_requirement,out_of_register_tax_instruments,519.0,official,ONS_PSF_APPENDIX_S,cash,20260910T102726Z,ggfiscal.debt.chains,,A,
GBR,2014,A_cg_cash_requirement,official_total,95491.0,official,ONS_PSF_APPENDIX_S,cash,20260910T102726Z,ggfiscal.debt.chains,,A,
GBR,2014,A_cg_cash_requirement,residual,-7550.58321269053,residual,,cash,20260910T102726Z,ggfiscal.debt.chains,,B,
GBR,2014,B_s1311_b9,carried_from_previous_step,95491.0,computed,,,20260910T102726Z,ggfiscal.debt.chains,,B,
GBR,2014,B_s1311_b9,nram_and_bb_net_cash_requirement,-4633.0,official,ONS_PSF_APPENDIX_A,"cash; Appendix A PSA7C M98W 'NRAM and B&B', calendar-year block; sign +1 (PSA7C notes 83-86: RUUX = M98R + M98W + MUI2 - ABEC - ABEI)",20260910T102726Z,ggfiscal.debt.chains,,A,
GBR,2014,B_s1311_b9,network_rail_net_cash_requirement,-1094.0,official,ONS_PSF_APPENDIX_A,"cash; Appendix A PSA7C MUI2 'Network Rail', calendar-year block; sign +1 (PSA7C notes 83-86: RUUX = M98R + M98W + MUI2 - ABEC - ABEI)",20260910T102726Z,ggfiscal.debt.chains,,A,
GBR,2014,B_s1311_b9,less_payments_to_local_government,-511.0,official,ONS_PSF_APPENDIX_A,"cash; Appendix A PSA7C ABEC 'Central Government with NRAM and B&B, Network Rail of which, payments to local government', calendar-year block; sign -1 (PSA7C notes 83-86: RUUX = M98R + M98W + MUI2 - ABEC - ABEI)",20260910T102726Z,ggfiscal.debt.chains,,A,
GBR,2014,B_s1311_b9,less_payments_to_public_corporations,-211.0,official,ONS_PSF_APPENDIX_A,"cash; Appendix A PSA7C ABEI 'Central Government with NRAM and B&B, Network Rail of which, payments to non-financial public corporations', calendar-year block; sign -1 (PSA7C notes 83-86: RUUX = M98R + M98W + MUI2 - ABEC - ABEI)",20260910T102726Z,ggfiscal.debt.chains,,A,
GBR,2014,B_s1311_b9,less_net_lending_to_private_sector_and_rest_of_world,740.0,official,ONS_PSF_APPENDIX_A,"cash to accrued; Appendix A REC2 ANRH 'Net lending to private sector and rest of world', calendar-year block; sign -1 (REC2 note 74: RUUX = -NMFJ + ANRH + ANRS + ANRU + ANRT + ANRV)",20260910T102726Z,ggfiscal.debt.chains,,A,
GBR,2014,B_s1311_b9,less_net_acquisition_of_company_securities,8066.0,official,ONS_PSF_APPENDIX_A,"cash to accrued; Appendix A REC2 ANRS 'Net acquisition of company securities', calendar-year block; sign -1 (REC2 note 74: RUUX = -NMFJ + ANRH + ANRS + ANRU + ANRT + ANRV)",20260910T102726Z,ggfiscal.debt.chains,,A,
GBR,2014,B_s1311_b9,less_adjustment_for_interest_on_gilts,4477.0,official,ONS_PSF_APPENDIX_A,"cash to accrued; Appendix A REC2 ANRU 'Adjustment for interest on gilts', calendar-year block; sign -1 (REC2 note 74: RUUX = -NMFJ + ANRH + ANRS + ANRU + ANRT + ANRV)",20260910T102726Z,ggfiscal.debt.chains,,A,
GBR,2014,B_s1311_b9,less_accounts_receivable_payable,-5161.0,official,ONS_PSF_APPENDIX_A,"cash to accrued; Appendix A REC2 ANRT 'Accounts receivable/payable', calendar-year block; sign -1 (REC2 note 74: RUUX = -NMFJ + ANRH + ANRS + ANRU + ANRT + ANRV)",20260910T102726Z,ggfiscal.debt.chains,,A,
GBR,2014,B_s1311_b9,less_other_financial_transactions,7232.0,official,ONS_PSF_APPENDIX_A,"cash to accrued; Appendix A REC2 ANRV 'Other financial transactions', calendar-year block; sign -1 (REC2 note 74: RUUX = -NMFJ + ANRH + ANRS + ANRU + ANRT + ANRV)",20260910T102726Z,ggfiscal.debt.chains,,A,
GBR,2014,B_s1311_b9,official_total,104396.0,official,ONS_PSF_APPENDIX_A,"accrued, net borrowing = -B.9",20260910T102726Z,ggfiscal.debt.chains,,A,
GBR,2014,B_s1311_b9,residual,0.0,residual,,"accrued, net borrowing = -B.9",20260910T102726Z,ggfiscal.debt.chains,,B,
GBR,2014,C_s13_nlb,carried_from_previous_step,104396.0,computed,,,20260910T102726Z,ggfiscal.debt.chains,,B,
GBR,2014,C_s13_nlb,local_government_net_borrowing,-1880.0,official,ONS_PSF_APPENDIX_A,"accrued, net borrowing = -B.9; Appendix A PSA2 -NMOE 'Local government net borrowing', calendar-year block; sign +1 (S.13 = S.1311 + S.1313; UK has no state government or social security funds subsector)",20260910T102726Z,ggfiscal.debt.chains,,A,
GBR,2014,C_s13_nlb,official_total,102516.0,official,package_NLB,"accrued, net borrowing = -B.9",20260910T102726Z,ggfiscal.debt.chains,,A,
GBR,2014,C_s13_nlb,residual,0.0,residual,,"accrued, net borrowing = -B.9",20260910T102726Z,ggfiscal.debt.chains,,B,
GBR,2015,register,sum_bill,22999.83894000001,computed,ggfiscal.debt.register,nominal,20260910T102726Z,ggfiscal.debt.chains,,A,computed from the per-security register (debt_interest_by_security / debt_flows)
GBR,2015,register,sum_fixed_bullet,10315.105759320008,computed,ggfiscal.debt.register,nominal,20260910T102726Z,ggfiscal.debt.chains,,A,computed from the per-security register (debt_interest_by_security / debt_flows)
GBR,2015,register,sum_inflation_linked,23255.088,computed,ggfiscal.debt.register,nominal,20260910T102726Z,ggfiscal.debt.chains,,A,computed from the per-security register (debt_interest_by_security / debt_flows)
GBR,2015,register,official_total,56570.032699320014,computed,,nominal,20260910T102726Z,ggfiscal.debt.chains,,B,
GBR,2015,A_cg_cash_requirement,carried_from_previous_step,56570.032699320014,computed,,,20260910T102726Z,ggfiscal.debt.chains,,B,
GBR,2015,A_cg_cash_requirement,issuance_cash_less_nominal,15453.491940551761,computed,ggfiscal.debt.register,cash,20260910T102726Z,ggfiscal.debt.chains,,B,
GBR,2015,A_cg_cash_requirement,out_of_register_coin,252.0,official,ONS_PSF_APPENDIX_S,cash,20260910T102726Z,ggfiscal.debt.chains,,A,
GBR,2015,A_cg_cash_requirement,out_of_register_deposits_from_other_sectors,-9025.0,official,ONS_PSF_APPENDIX_S,cash,20260910T102726Z,ggfiscal.debt.chains,,A,
GBR,2015,A_cg_cash_requirement,out_of_register_exchange_cover_scheme,0.0,official,ONS_PSF_APPENDIX_S,cash,20260910T102726Z,ggfiscal.debt.chains,,A,
GBR,2015,A_cg_cash_requirement,out_of_register_government_foreign_currency_debt,-669.0,official,ONS_PSF_APPENDIX_S,cash,20260910T102726Z,ggfiscal.debt.chains,,A,
GBR,2015,A_cg_cash_requirement,out_of_register_loans_from_mfis,-612.0,official,ONS_PSF_APPENDIX_S,cash,20260910T102726Z,ggfiscal.debt.chains,,A,
GBR,2015,A_cg_cash_requirement,out_of_register_national_savings,22219.0,official,ONS_PSF_APPENDIX_S,cash,20260910T102726Z,ggfiscal.debt.chains,,A,
GBR,2015,A_cg_cash_requirement,out_of_register_nilo_lending_asset,287.0,official,ONS_PSF_APPENDIX_S,cash,20260910T102726Z,ggfiscal.debt.chains,,A,
GBR,2015,A_cg_cash_requirement,out_of_register_northern_ireland_cg_debt,5.0,official,ONS_PSF_APPENDIX_S,cash,20260910T102726Z,ggfiscal.debt.chains,,A,
GBR,2015,A_cg_cash_requirement,out_of_register_official_reserves_asset,-14831.0,official,ONS_PSF_APPENDIX_S,cash,20260910T102726Z,ggfiscal.debt.chains,,A,
GBR,2015,A_cg_cash_requirement,out_of_register_other_overseas_financing,454.0,official,ONS_PSF_APPENDIX_S,cash,20260910T102726Z,ggfiscal.debt.chains,,A,
GBR,2015,A_cg_cash_requirement,out_of_register_sterling_deposits_asset,11175.0,official,ONS_PSF_APPENDIX_S,cash,20260910T102726Z,ggfiscal.debt.chains,,A,
GBR,2015,A_cg_cash_requirement,out_of_register_tax_instruments,-164.0,official,ONS_PSF_APPENDIX_S,cash,20260910T102726Z,ggfiscal.debt.chains,,A,
GBR,2015,A_cg_cash_requirement,official_total,88147.0,official,ONS_PSF_APPENDIX_S,cash,20260910T102726Z,ggfiscal.debt.chains,,A,
GBR,2015,A_cg_cash_requirement,residual,7032.475360128228,residual,,cash,20260910T102726Z,ggfiscal.debt.chains,,B,
GBR,2015,B_s1311_b9,carried_from_previous_step,88147.0,computed,,,20260910T102726Z,ggfiscal.debt.chains,,B,
GBR,2015,B_s1311_b9,nram_and_bb_net_cash_requirement,-15739.0,official,ONS_PSF_APPENDIX_A,"cash; Appendix A PSA7C M98W 'NRAM and B&B', calendar-year block; sign +1 (PSA7C notes 83-86: RUUX = M98R + M98W + MUI2 - ABEC - ABEI)",20260910T102726Z,ggfiscal.debt.chains,,A,
GBR,2015,B_s1311_b9,network_rail_net_cash_requirement,-3279.0,official,ONS_PSF_APPENDIX_A,"cash; Appendix A PSA7C MUI2 'Network Rail', calendar-year block; sign +1 (PSA7C notes 83-86: RUUX = M98R + M98W + MUI2 - ABEC - ABEI)",20260910T102726Z,ggfiscal.debt.chains,,A,
GBR,2015,B_s1311_b9,less_payments_to_local_government,-359.0,official,ONS_PSF_APPENDIX_A,"cash; Appendix A PSA7C ABEC 'Central Government with NRAM and B&B, Network Rail of which, payments to local government', calendar-year block; sign -1 (PSA7C notes 83-86: RUUX = M98R + M98W + MUI2 - ABEC - ABEI)",20260910T102726Z,ggfiscal.debt.chains,,A,
GBR,2015,B_s1311_b9,less_payments_to_public_corporations,18.0,official,ONS_PSF_APPENDIX_A,"cash; Appendix A PSA7C ABEI 'Central Government with NRAM and B&B, Network Rail of which, payments to non-financial public corporations', calendar-year block; sign -1 (PSA7C notes 83-86: RUUX = M98R + M98W + MUI2 - ABEC - ABEI)",20260910T102726Z,ggfiscal.debt.chains,,A,
GBR,2015,B_s1311_b9,less_net_lending_to_private_sector_and_rest_of_world,9940.0,official,ONS_PSF_APPENDIX_A,"cash to accrued; Appendix A REC2 ANRH 'Net lending to private sector and rest of world', calendar-year block; sign -1 (REC2 note 74: RUUX = -NMFJ + ANRH + ANRS + ANRU + ANRT + ANRV)",20260910T102726Z,ggfiscal.debt.chains,,A,
GBR,2015,B_s1311_b9,less_net_acquisition_of_company_securities,13920.0,official,ONS_PSF_APPENDIX_A,"cash to accrued; Appendix A REC2 ANRS 'Net acquisition of company securities', calendar-year block; sign -1 (REC2 note 74: RUUX = -NMFJ + ANRH + ANRS + ANRU + ANRT + ANRV)",20260910T102726Z,ggfiscal.debt.chains,,A,
GBR,2015,B_s1311_b9,less_adjustment_for_interest_on_gilts,-795.0,official,ONS_PSF_APPENDIX_A,"cash to accrued; Appendix A REC2 ANRU 'Adjustment for interest on gilts', calendar-year block; sign -1 (REC2 note 74: RUUX = -NMFJ + ANRH + ANRS + ANRU + ANRT + ANRV)",20260910T102726Z,ggfiscal.debt.chains,,A,
GBR,2015,B_s1311_b9,less_accounts_receivable_payable,-3983.0,official,ONS_PSF_APPENDIX_A,"cash to accrued; Appendix A REC2 ANRT 'Accounts receivable/payable', calendar-year block; sign -1 (REC2 note 74: RUUX = -NMFJ + ANRH + ANRS + ANRU + ANRT + ANRV)",20260910T102726Z,ggfiscal.debt.chains,,A,
GBR,2015,B_s1311_b9,less_other_financial_transactions,-2191.0,official,ONS_PSF_APPENDIX_A,"cash to accrued; Appendix A REC2 ANRV 'Other financial transactions', calendar-year block; sign -1 (REC2 note 74: RUUX = -NMFJ + ANRH + ANRS + ANRU + ANRT + ANRV)",20260910T102726Z,ggfiscal.debt.chains,,A,
GBR,2015,B_s1311_b9,official_total,85679.0,official,ONS_PSF_APPENDIX_A,"accrued, net borrowing = -B.9",20260910T102726Z,ggfiscal.debt.chains,,A,
GBR,2015,B_s1311_b9,residual,0.0,residual,,"accrued, net borrowing = -B.9",20260910T102726Z,ggfiscal.debt.chains,,B,
GBR,2015,C_s13_nlb,carried_from_previous_step,85679.0,computed,,,20260910T102726Z,ggfiscal.debt.chains,,B,
GBR,2015,C_s13_nlb,local_government_net_borrowing,1756.0,official,ONS_PSF_APPENDIX_A,"accrued, net borrowing = -B.9; Appendix A PSA2 -NMOE 'Local government net borrowing', calendar-year block; sign +1 (S.13 = S.1311 + S.1313; UK has no state government or social security funds subsector)",20260910T102726Z,ggfiscal.debt.chains,,A,
GBR,2015,C_s13_nlb,official_total,87435.0,official,package_NLB,"accrued, net borrowing = -B.9",20260910T102726Z,ggfiscal.debt.chains,,A,
GBR,2015,C_s13_nlb,residual,0.0,residual,,"accrued, net borrowing = -B.9",20260910T102726Z,ggfiscal.debt.chains,,B,
GBR,2016,register,sum_bill,7499.642929999987,computed,ggfiscal.debt.register,nominal,20260910T102726Z,ggfiscal.debt.chains,,A,computed from the per-security register (debt_interest_by_security / debt_flows)
GBR,2016,register,sum_fixed_bullet,34795.338,computed,ggfiscal.debt.register,nominal,20260910T102726Z,ggfiscal.debt.chains,,A,computed from the per-security register (debt_interest_by_security / debt_flows)
GBR,2016,register,sum_inflation_linked,16561.98500094,computed,ggfiscal.debt.register,nominal,20260910T102726Z,ggfiscal.debt.chains,,A,computed from the per-security register (debt_interest_by_security / debt_flows)
GBR,2016,register,official_total,58856.96593093999,computed,,nominal,20260910T102726Z,ggfiscal.debt.chains,,B,
GBR,2016,A_cg_cash_requirement,carried_from_previous_step,58856.96593093999,computed,,,20260910T102726Z,ggfiscal.debt.chains,,B,
GBR,2016,A_cg_cash_requirement,issuance_cash_less_nominal,19716.07771646811,computed,ggfiscal.debt.register,cash,20260910T102726Z,ggfiscal.debt.chains,,B,
GBR,2016,A_cg_cash_requirement,out_of_register_coin,202.0,official,ONS_PSF_APPENDIX_S,cash,20260910T102726Z,ggfiscal.debt.chains,,A,
GBR,2016,A_cg_cash_requirement,out_of_register_deposits_from_other_sectors,9131.0,official,ONS_PSF_APPENDIX_S,cash,20260910T102726Z,ggfiscal.debt.chains,,A,
GBR,2016,A_cg_cash_requirement,out_of_register_exchange_cover_scheme,0.0,official,ONS_PSF_APPENDIX_S,cash,20260910T102726Z,ggfiscal.debt.chains,,A,
GBR,2016,A_cg_cash_requirement,out_of_register_government_foreign_currency_debt,-534.0,official,ONS_PSF_APPENDIX_S,cash,20260910T102726Z,ggfiscal.debt.chains,,A,
GBR,2016,A_cg_cash_requirement,out_of_register_loans_from_mfis,236.0,official,ONS_PSF_APPENDIX_S,cash,20260910T102726Z,ggfiscal.debt.chains,,A,
GBR,2016,A_cg_cash_requirement,out_of_register_national_savings,8578.0,official,ONS_PSF_APPENDIX_S,cash,20260910T102726Z,ggfiscal.debt.chains,,A,
GBR,2016,A_cg_cash_requirement,out_of_register_nilo_lending_asset,1.0,official,ONS_PSF_APPENDIX_S,cash,20260910T102726Z,ggfiscal.debt.chains,,A,
GBR,2016,A_cg_cash_requirement,out_of_register_northern_ireland_cg_debt,2.0,official,ONS_PSF_APPENDIX_S,cash,20260910T102726Z,ggfiscal.debt.chains,,A,
GBR,2016,A_cg_cash_requirement,out_of_register_official_reserves_asset,-10228.0,official,ONS_PSF_APPENDIX_S,cash,20260910T102726Z,ggfiscal.debt.chains,,A,
GBR,2016,A_cg_cash_requirement,out_of_register_other_overseas_financing,39.0,official,ONS_PSF_APPENDIX_S,cash,20260910T102726Z,ggfiscal.debt.chains,,A,
GBR,2016,A_cg_cash_requirement,out_of_register_sterling_deposits_asset,-1067.0,official,ONS_PSF_APPENDIX_S,cash,20260910T102726Z,ggfiscal.debt.chains,,A,
GBR,2016,A_cg_cash_requirement,out_of_register_tax_instruments,368.0,official,ONS_PSF_APPENDIX_S,cash,20260910T102726Z,ggfiscal.debt.chains,,A,
GBR,2016,A_cg_cash_requirement,official_total,82284.0,official,ONS_PSF_APPENDIX_S,cash,20260910T102726Z,ggfiscal.debt.chains,,A,
GBR,2016,A_cg_cash_requirement,residual,-3017.0436474080925,residual,,cash,20260910T102726Z,ggfiscal.debt.chains,,B,
GBR,2016,B_s1311_b9,carried_from_previous_step,82284.0,computed,,,20260910T102726Z,ggfiscal.debt.chains,,B,
GBR,2016,B_s1311_b9,nram_and_bb_net_cash_requirement,-2693.0,official,ONS_PSF_APPENDIX_A,"cash; Appendix A PSA7C M98W 'NRAM and B&B', calendar-year block; sign +1 (PSA7C notes 83-86: RUUX = M98R + M98W + MUI2 - ABEC - ABEI)",20260910T102726Z,ggfiscal.debt.chains,,A,
GBR,2016,B_s1311_b9,network_rail_net_cash_requirement,-2406.0,official,ONS_PSF_APPENDIX_A,"cash; Appendix A PSA7C MUI2 'Network Rail', calendar-year block; sign +1 (PSA7C notes 83-86: RUUX = M98R + M98W + MUI2 - ABEC - ABEI)",20260910T102726Z,ggfiscal.debt.chains,,A,
GBR,2016,B_s1311_b9,less_payments_to_local_government,-2192.0,official,ONS_PSF_APPENDIX_A,"cash; Appendix A PSA7C ABEC 'Central Government with NRAM and B&B, Network Rail of which, payments to local government', calendar-year block; sign -1 (PSA7C notes 83-86: RUUX = M98R + M98W + MUI2 - ABEC - ABEI)",20260910T102726Z,ggfiscal.debt.chains,,A,
GBR,2016,B_s1311_b9,less_payments_to_public_corporations,-22.0,official,ONS_PSF_APPENDIX_A,"cash; Appendix A PSA7C ABEI 'Central Government with NRAM and B&B, Network Rail of which, payments to non-financial public corporations', calendar-year block; sign -1 (PSA7C notes 83-86: RUUX = M98R + M98W + MUI2 - ABEC - ABEI)",20260910T102726Z,ggfiscal.debt.chains,,A,
GBR,2016,B_s1311_b9,less_net_lending_to_private_sector_and_rest_of_world,-1728.0,official,ONS_PSF_APPENDIX_A,"cash to accrued; Appendix A REC2 ANRH 'Net lending to private sector and rest of world', calendar-year block; sign -1 (REC2 note 74: RUUX = -NMFJ + ANRH + ANRS + ANRU + ANRT + ANRV)",20260910T102726Z,ggfiscal.debt.chains,,A,
GBR,2016,B_s1311_b9,less_net_acquisition_of_company_securities,3970.0,official,ONS_PSF_APPENDIX_A,"cash to accrued; Appendix A REC2 ANRS 'Net acquisition of company securities', calendar-year block; sign -1 (REC2 note 74: RUUX = -NMFJ + ANRH + ANRS + ANRU + ANRT + ANRV)",20260910T102726Z,ggfiscal.debt.chains,,A,
GBR,2016,B_s1311_b9,less_adjustment_for_interest_on_gilts,-5755.0,official,ONS_PSF_APPENDIX_A,"cash to accrued; Appendix A REC2 ANRU 'Adjustment for interest on gilts', calendar-year block; sign -1 (REC2 note 74: RUUX = -NMFJ + ANRH + ANRS + ANRU + ANRT + ANRV)",20260910T102726Z,ggfiscal.debt.chains,,A,
GBR,2016,B_s1311_b9,less_accounts_receivable_payable,-12465.0,official,ONS_PSF_APPENDIX_A,"cash to accrued; Appendix A REC2 ANRT 'Accounts receivable/payable', calendar-year block; sign -1 (REC2 note 74: RUUX = -NMFJ + ANRH + ANRS + ANRU + ANRT + ANRV)",20260910T102726Z,ggfiscal.debt.chains,,A,
GBR,2016,B_s1311_b9,less_other_financial_transactions,-1040.0,official,ONS_PSF_APPENDIX_A,"cash to accrued; Appendix A REC2 ANRV 'Other financial transactions', calendar-year block; sign -1 (REC2 note 74: RUUX = -NMFJ + ANRH + ANRS + ANRU + ANRT + ANRV)",20260910T102726Z,ggfiscal.debt.chains,,A,
GBR,2016,B_s1311_b9,official_total,57953.0,official,ONS_PSF_APPENDIX_A,"accrued, net borrowing = -B.9",20260910T102726Z,ggfiscal.debt.chains,,A,
GBR,2016,B_s1311_b9,residual,0.0,residual,,"accrued, net borrowing = -B.9",20260910T102726Z,ggfiscal.debt.chains,,B,
GBR,2016,C_s13_nlb,carried_from_previous_step,57953.0,computed,,,20260910T102726Z,ggfiscal.debt.chains,,B,
GBR,2016,C_s13_nlb,local_government_net_borrowing,7810.0,official,ONS_PSF_APPENDIX_A,"accrued, net borrowing = -B.9; Appendix A PSA2 -NMOE 'Local government net borrowing', calendar-year block; sign +1 (S.13 = S.1311 + S.1313; UK has no state government or social security funds subsector)",20260910T102726Z,ggfiscal.debt.chains,,A,
GBR,2016,C_s13_nlb,official_total,65763.0,official,package_NLB,"accrued, net borrowing = -B.9",20260910T102726Z,ggfiscal.debt.chains,,A,
GBR,2016,C_s13_nlb,residual,0.0,residual,,"accrued, net borrowing = -B.9",20260910T102726Z,ggfiscal.debt.chains,,B,
GBR,2017,register,sum_bill,-19499.253225000037,computed,ggfiscal.debt.register,nominal,20260910T102726Z,ggfiscal.debt.chains,,A,computed from the per-security register (debt_interest_by_security / debt_flows)
GBR,2017,register,sum_fixed_bullet,28568.194000979995,computed,ggfiscal.debt.register,nominal,20260910T102726Z,ggfiscal.debt.chains,,A,computed from the per-security register (debt_interest_by_security / debt_flows)
GBR,2017,register,sum_inflation_linked,5716.097,computed,ggfiscal.debt.register,nominal,20260910T102726Z,ggfiscal.debt.chains,,A,computed from the per-security register (debt_interest_by_security / debt_flows)
GBR,2017,register,official_total,14785.037775979958,computed,,nominal,20260910T102726Z,ggfiscal.debt.chains,,B,
GBR,2017,A_cg_cash_requirement,carried_from_previous_step,14785.037775979958,computed,,,20260910T102726Z,ggfiscal.debt.chains,,B,
GBR,2017,A_cg_cash_requirement,issuance_cash_less_nominal,11139.992495844948,computed,ggfiscal.debt.register,cash,20260910T102726Z,ggfiscal.debt.chains,,B,
GBR,2017,A_cg_cash_requirement,out_of_register_coin,-101.0,official,ONS_PSF_APPENDIX_S,cash,20260910T102726Z,ggfiscal.debt.chains,,A,
GBR,2017,A_cg_cash_requirement,out_of_register_deposits_from_other_sectors,5789.0,official,ONS_PSF_APPENDIX_S,cash,20260910T102726Z,ggfiscal.debt.chains,,A,
GBR,2017,A_cg_cash_requirement,out_of_register_exchange_cover_scheme,0.0,official,ONS_PSF_APPENDIX_S,cash,20260910T102726Z,ggfiscal.debt.chains,,A,
GBR,2017,A_cg_cash_requirement,out_of_register_government_foreign_currency_debt,-342.0,official,ONS_PSF_APPENDIX_S,cash,20260910T102726Z,ggfiscal.debt.chains,,A,
GBR,2017,A_cg_cash_requirement,out_of_register_loans_from_mfis,-502.0,official,ONS_PSF_APPENDIX_S,cash,20260910T102726Z,ggfiscal.debt.chains,,A,
GBR,2017,A_cg_cash_requirement,out_of_register_national_savings,10361.0,official,ONS_PSF_APPENDIX_S,cash,20260910T102726Z,ggfiscal.debt.chains,,A,
GBR,2017,A_cg_cash_requirement,out_of_register_nilo_lending_asset,0.0,official,ONS_PSF_APPENDIX_S,cash,20260910T102726Z,ggfiscal.debt.chains,,A,
GBR,2017,A_cg_cash_requirement,out_of_register_northern_ireland_cg_debt,8.0,official,ONS_PSF_APPENDIX_S,cash,20260910T102726Z,ggfiscal.debt.chains,,A,
GBR,2017,A_cg_cash_requirement,out_of_register_official_reserves_asset,-2119.0,official,ONS_PSF_APPENDIX_S,cash,20260910T102726Z,ggfiscal.debt.chains,,A,
GBR,2017,A_cg_cash_requirement,out_of_register_other_overseas_financing,65.0,official,ONS_PSF_APPENDIX_S,cash,20260910T102726Z,ggfiscal.debt.chains,,A,
GBR,2017,A_cg_cash_requirement,out_of_register_sterling_deposits_asset,-13384.0,official,ONS_PSF_APPENDIX_S,cash,20260910T102726Z,ggfiscal.debt.chains,,A,
GBR,2017,A_cg_cash_requirement,out_of_register_tax_instruments,173.0,official,ONS_PSF_APPENDIX_S,cash,20260910T102726Z,ggfiscal.debt.chains,,A,
GBR,2017,A_cg_cash_requirement,official_total,36946.0,official,ONS_PSF_APPENDIX_S,cash,20260910T102726Z,ggfiscal.debt.chains,,A,
GBR,2017,A_cg_cash_requirement,residual,11072.969728175092,residual,,cash,20260910T102726Z,ggfiscal.debt.chains,,B,
GBR,2017,B_s1311_b9,carried_from_previous_step,36946.0,computed,,,20260910T102726Z,ggfiscal.debt.chains,,B,
GBR,2017,B_s1311_b9,nram_and_bb_net_cash_requirement,116.0,official,ONS_PSF_APPENDIX_A,"cash; Appendix A PSA7C M98W 'NRAM and B&B', calendar-year block; sign +1 (PSA7C notes 83-86: RUUX = M98R + M98W + MUI2 - ABEC - ABEI)",20260910T102726Z,ggfiscal.debt.chains,,A,
GBR,2017,B_s1311_b9,network_rail_net_cash_requirement,-1908.0,official,ONS_PSF_APPENDIX_A,"cash; Appendix A PSA7C MUI2 'Network Rail', calendar-year block; sign +1 (PSA7C notes 83-86: RUUX = M98R + M98W + MUI2 - ABEC - ABEI)",20260910T102726Z,ggfiscal.debt.chains,,A,
GBR,2017,B_s1311_b9,less_payments_to_local_government,-2385.0,official,ONS_PSF_APPENDIX_A,"cash; Appendix A PSA7C ABEC 'Central Government with NRAM and B&B, Network Rail of which, payments to local government', calendar-year block; sign -1 (PSA7C notes 83-86: RUUX = M98R + M98W + MUI2 - ABEC - ABEI)",20260910T102726Z,ggfiscal.debt.chains,,A,
GBR,2017,B_s1311_b9,less_payments_to_public_corporations,176.0,official,ONS_PSF_APPENDIX_A,"cash; Appendix A PSA7C ABEI 'Central Government with NRAM and B&B, Network Rail of which, payments to non-financial public corporations', calendar-year block; sign -1 (PSA7C notes 83-86: RUUX = M98R + M98W + MUI2 - ABEC - ABEI)",20260910T102726Z,ggfiscal.debt.chains,,A,
GBR,2017,B_s1311_b9,less_net_lending_to_private_sector_and_rest_of_world,6911.0,official,ONS_PSF_APPENDIX_A,"cash to accrued; Appendix A REC2 ANRH 'Net lending to private sector and rest of world', calendar-year block; sign -1 (REC2 note 74: RUUX = -NMFJ + ANRH + ANRS + ANRU + ANRT + ANRV)",20260910T102726Z,ggfiscal.debt.chains,,A,
GBR,2017,B_s1311_b9,less_net_acquisition_of_company_securities,5725.0,official,ONS_PSF_APPENDIX_A,"cash to accrued; Appendix A REC2 ANRS 'Net acquisition of company securities', calendar-year block; sign -1 (REC2 note 74: RUUX = -NMFJ + ANRH + ANRS + ANRU + ANRT + ANRV)",20260910T102726Z,ggfiscal.debt.chains,,A,
GBR,2017,B_s1311_b9,less_adjustment_for_interest_on_gilts,6803.0,official,ONS_PSF_APPENDIX_A,"cash to accrued; Appendix A REC2 ANRU 'Adjustment for interest on gilts', calendar-year block; sign -1 (REC2 note 74: RUUX = -NMFJ + ANRH + ANRS + ANRU + ANRT + ANRV)",20260910T102726Z,ggfiscal.debt.chains,,A,
GBR,2017,B_s1311_b9,less_accounts_receivable_payable,-5357.0,official,ONS_PSF_APPENDIX_A,"cash to accrued; Appendix A REC2 ANRT 'Accounts receivable/payable', calendar-year block; sign -1 (REC2 note 74: RUUX = -NMFJ + ANRH + ANRS + ANRU + ANRT + ANRV)",20260910T102726Z,ggfiscal.debt.chains,,A,
GBR,2017,B_s1311_b9,less_other_financial_transactions,-5093.0,official,ONS_PSF_APPENDIX_A,"cash to accrued; Appendix A REC2 ANRV 'Other financial transactions', calendar-year block; sign -1 (REC2 note 74: RUUX = -NMFJ + ANRH + ANRS + ANRU + ANRT + ANRV)",20260910T102726Z,ggfiscal.debt.chains,,A,
GBR,2017,B_s1311_b9,official_total,41934.0,official,ONS_PSF_APPENDIX_A,"accrued, net borrowing = -B.9",20260910T102726Z,ggfiscal.debt.chains,,A,
GBR,2017,B_s1311_b9,residual,0.0,residual,,"accrued, net borrowing = -B.9",20260910T102726Z,ggfiscal.debt.chains,,B,
GBR,2017,C_s13_nlb,carried_from_previous_step,41934.0,computed,,,20260910T102726Z,ggfiscal.debt.chains,,B,
GBR,2017,C_s13_nlb,local_government_net_borrowing,10143.0,official,ONS_PSF_APPENDIX_A,"accrued, net borrowing = -B.9; Appendix A PSA2 -NMOE 'Local government net borrowing', calendar-year block; sign +1 (S.13 = S.1311 + S.1313; UK has no state government or social security funds subsector)",20260910T102726Z,ggfiscal.debt.chains,,A,
GBR,2017,C_s13_nlb,official_total,52077.0,official,package_NLB,"accrued, net borrowing = -B.9",20260910T102726Z,ggfiscal.debt.chains,,A,
GBR,2017,C_s13_nlb,residual,0.0,residual,,"accrued, net borrowing = -B.9",20260910T102726Z,ggfiscal.debt.chains,,B,
GBR,2018,register,sum_bill,-3499.8118850000246,computed,ggfiscal.debt.register,nominal,20260910T102726Z,ggfiscal.debt.chains,,A,computed from the per-security register (debt_interest_by_security / debt_flows)
GBR,2018,register,sum_fixed_bullet,21012.365999999995,computed,ggfiscal.debt.register,nominal,20260910T102726Z,ggfiscal.debt.chains,,A,computed from the per-security register (debt_interest_by_security / debt_flows)
GBR,2018,register,sum_inflation_linked,16031.298999999999,computed,ggfiscal.debt.register,nominal,20260910T102726Z,ggfiscal.debt.chains,,A,computed from the per-security register (debt_interest_by_security / debt_flows)
GBR,2018,register,official_total,33543.85311499997,computed,,nominal,20260910T102726Z,ggfiscal.debt.chains,,B,
GBR,2018,A_cg_cash_requirement,carried_from_previous_step,33543.85311499997,computed,,,20260910T102726Z,ggfiscal.debt.chains,,B,
GBR,2018,A_cg_cash_requirement,issuance_cash_less_nominal,5660.127782878097,computed,ggfiscal.debt.register,cash,20260910T102726Z,ggfiscal.debt.chains,,B,
GBR,2018,A_cg_cash_requirement,out_of_register_coin,87.0,official,ONS_PSF_APPENDIX_S,cash,20260910T102726Z,ggfiscal.debt.chains,,A,
GBR,2018,A_cg_cash_requirement,out_of_register_deposits_from_other_sectors,-9468.0,official,ONS_PSF_APPENDIX_S,cash,20260910T102726Z,ggfiscal.debt.chains,,A,
GBR,2018,A_cg_cash_requirement,out_of_register_exchange_cover_scheme,0.0,official,ONS_PSF_APPENDIX_S,cash,20260910T102726Z,ggfiscal.debt.chains,,A,
GBR,2018,A_cg_cash_requirement,out_of_register_government_foreign_currency_debt,50.0,official,ONS_PSF_APPENDIX_S,cash,20260910T102726Z,ggfiscal.debt.chains,,A,
GBR,2018,A_cg_cash_requirement,out_of_register_loans_from_mfis,11.0,official,ONS_PSF_APPENDIX_S,cash,20260910T102726Z,ggfiscal.debt.chains,,A,
GBR,2018,A_cg_cash_requirement,out_of_register_national_savings,11887.0,official,ONS_PSF_APPENDIX_S,cash,20260910T102726Z,ggfiscal.debt.chains,,A,
GBR,2018,A_cg_cash_requirement,out_of_register_nilo_lending_asset,1.0,official,ONS_PSF_APPENDIX_S,cash,20260910T102726Z,ggfiscal.debt.chains,,A,
GBR,2018,A_cg_cash_requirement,out_of_register_northern_ireland_cg_debt,7.0,official,ONS_PSF_APPENDIX_S,cash,20260910T102726Z,ggfiscal.debt.chains,,A,
GBR,2018,A_cg_cash_requirement,out_of_register_official_reserves_asset,-5690.0,official,ONS_PSF_APPENDIX_S,cash,20260910T102726Z,ggfiscal.debt.chains,,A,
GBR,2018,A_cg_cash_requirement,out_of_register_other_overseas_financing,-62.0,official,ONS_PSF_APPENDIX_S,cash,20260910T102726Z,ggfiscal.debt.chains,,A,
GBR,2018,A_cg_cash_requirement,out_of_register_sterling_deposits_asset,7441.0,official,ONS_PSF_APPENDIX_S,cash,20260910T102726Z,ggfiscal.debt.chains,,A,
GBR,2018,A_cg_cash_requirement,out_of_register_tax_instruments,-851.0,official,ONS_PSF_APPENDIX_S,cash,20260910T102726Z,ggfiscal.debt.chains,,A,
GBR,2018,A_cg_cash_requirement,official_total,32879.0,official,ONS_PSF_APPENDIX_S,cash,20260910T102726Z,ggfiscal.debt.chains,,A,
GBR,2018,A_cg_cash_requirement,residual,-9737.980897878064,residual,,cash,20260910T102726Z,ggfiscal.debt.chains,,B,
GBR,2018,B_s1311_b9,carried_from_previous_step,32879.0,computed,,,20260910T102726Z,ggfiscal.debt.chains,,B,
GBR,2018,B_s1311_b9,nram_and_bb_net_cash_requirement,-1101.0,official,ONS_PSF_APPENDIX_A,"cash; Appendix A PSA7C M98W 'NRAM and B&B', calendar-year block; sign +1 (PSA7C notes 83-86: RUUX = M98R + M98W + MUI2 - ABEC - ABEI)",20260910T102726Z,ggfiscal.debt.chains,,A,
GBR,2018,B_s1311_b9,network_rail_net_cash_requirement,-1401.0,official,ONS_PSF_APPENDIX_A,"cash; Appendix A PSA7C MUI2 'Network Rail', calendar-year block; sign +1 (PSA7C notes 83-86: RUUX = M98R + M98W + MUI2 - ABEC - ABEI)",20260910T102726Z,ggfiscal.debt.chains,,A,
GBR,2018,B_s1311_b9,less_payments_to_local_government,-5785.0,official,ONS_PSF_APPENDIX_A,"cash; Appendix A PSA7C ABEC 'Central Government with NRAM and B&B, Network Rail of which, payments to local government', calendar-year block; sign -1 (PSA7C notes 83-86: RUUX = M98R + M98W + MUI2 - ABEC - ABEI)",20260910T102726Z,ggfiscal.debt.chains,,A,
GBR,2018,B_s1311_b9,less_payments_to_public_corporations,256.0,official,ONS_PSF_APPENDIX_A,"cash; Appendix A PSA7C ABEI 'Central Government with NRAM and B&B, Network Rail of which, payments to non-financial public corporations', calendar-year block; sign -1 (PSA7C notes 83-86: RUUX = M98R + M98W + MUI2 - ABEC - ABEI)",20260910T102726Z,ggfiscal.debt.chains,,A,
GBR,2018,B_s1311_b9,less_net_lending_to_private_sector_and_rest_of_world,-1218.0,official,ONS_PSF_APPENDIX_A,"cash to accrued; Appendix A REC2 ANRH 'Net lending to private sector and rest of world', calendar-year block; sign -1 (REC2 note 74: RUUX = -NMFJ + ANRH + ANRS + ANRU + ANRT + ANRV)",20260910T102726Z,ggfiscal.debt.chains,,A,
GBR,2018,B_s1311_b9,less_net_acquisition_of_company_securities,6084.0,official,ONS_PSF_APPENDIX_A,"cash to accrued; Appendix A REC2 ANRS 'Net acquisition of company securities', calendar-year block; sign -1 (REC2 note 74: RUUX = -NMFJ + ANRH + ANRS + ANRU + ANRT + ANRV)",20260910T102726Z,ggfiscal.debt.chains,,A,
GBR,2018,B_s1311_b9,less_adjustment_for_interest_on_gilts,8414.0,official,ONS_PSF_APPENDIX_A,"cash to accrued; Appendix A REC2 ANRU 'Adjustment for interest on gilts', calendar-year block; sign -1 (REC2 note 74: RUUX = -NMFJ + ANRH + ANRS + ANRU + ANRT + ANRV)",20260910T102726Z,ggfiscal.debt.chains,,A,
GBR,2018,B_s1311_b9,less_accounts_receivable_payable,2491.0,official,ONS_PSF_APPENDIX_A,"cash to accrued; Appendix A REC2 ANRT 'Accounts receivable/payable', calendar-year block; sign -1 (REC2 note 74: RUUX = -NMFJ + ANRH + ANRS + ANRU + ANRT + ANRV)",20260910T102726Z,ggfiscal.debt.chains,,A,
GBR,2018,B_s1311_b9,less_other_financial_transactions,526.0,official,ONS_PSF_APPENDIX_A,"cash to accrued; Appendix A REC2 ANRV 'Other financial transactions', calendar-year block; sign -1 (REC2 note 74: RUUX = -NMFJ + ANRH + ANRS + ANRU + ANRT + ANRV)",20260910T102726Z,ggfiscal.debt.chains,,A,
GBR,2018,B_s1311_b9,official_total,41145.0,official,ONS_PSF_APPENDIX_A,"accrued, net borrowing = -B.9",20260910T102726Z,ggfiscal.debt.chains,,A,
GBR,2018,B_s1311_b9,residual,0.0,residual,,"accrued, net borrowing = -B.9",20260910T102726Z,ggfiscal.debt.chains,,B,
GBR,2018,C_s13_nlb,carried_from_previous_step,41145.0,computed,,,20260910T102726Z,ggfiscal.debt.chains,,B,
GBR,2018,C_s13_nlb,local_government_net_borrowing,7327.0,official,ONS_PSF_APPENDIX_A,"accrued, net borrowing = -B.9; Appendix A PSA2 -NMOE 'Local government net borrowing', calendar-year block; sign +1 (S.13 = S.1311 + S.1313; UK has no state government or social security funds subsector)",20260910T102726Z,ggfiscal.debt.chains,,A,
GBR,2018,C_s13_nlb,official_total,48472.0,official,package_NLB,"accrued, net borrowing = -B.9",20260910T102726Z,ggfiscal.debt.chains,,A,
GBR,2018,C_s13_nlb,residual,0.0,residual,,"accrued, net borrowing = -B.9",20260910T102726Z,ggfiscal.debt.chains,,B,
GBR,2019,register,sum_bill,34499.96199999998,computed,ggfiscal.debt.register,nominal,20260910T102726Z,ggfiscal.debt.chains,,A,computed from the per-security register (debt_interest_by_security / debt_flows)
GBR,2019,register,sum_fixed_bullet,-9573.499000000007,computed,ggfiscal.debt.register,nominal,20260910T102726Z,ggfiscal.debt.chains,,A,computed from the per-security register (debt_interest_by_security / debt_flows)
GBR,2019,register,sum_inflation_linked,7444.156000000001,computed,ggfiscal.debt.register,nominal,20260910T102726Z,ggfiscal.debt.chains,,A,computed from the per-security register (debt_interest_by_security / debt_flows)
GBR,2019,register,official_total,32370.61899999997,computed,,nominal,20260910T102726Z,ggfiscal.debt.chains,,B,
GBR,2019,A_cg_cash_requirement,carried_from_previous_step,32370.61899999997,computed,,,20260910T102726Z,ggfiscal.debt.chains,,B,
GBR,2019,A_cg_cash_requirement,issuance_cash_less_nominal,10873.929498392059,computed,ggfiscal.debt.register,cash,20260910T102726Z,ggfiscal.debt.chains,,B,
GBR,2019,A_cg_cash_requirement,out_of_register_coin,128.0,official,ONS_PSF_APPENDIX_S,cash,20260910T102726Z,ggfiscal.debt.chains,,A,
GBR,2019,A_cg_cash_requirement,out_of_register_deposits_from_other_sectors,622.0,official,ONS_PSF_APPENDIX_S,cash,20260910T102726Z,ggfiscal.debt.chains,,A,
GBR,2019,A_cg_cash_requirement,out_of_register_exchange_cover_scheme,0.0,official,ONS_PSF_APPENDIX_S,cash,20260910T102726Z,ggfiscal.debt.chains,,A,
GBR,2019,A_cg_cash_requirement,out_of_register_government_foreign_currency_debt,135.0,official,ONS_PSF_APPENDIX_S,cash,20260910T102726Z,ggfiscal.debt.chains,,A,
GBR,2019,A_cg_cash_requirement,out_of_register_loans_from_mfis,89.0,official,ONS_PSF_APPENDIX_S,cash,20260910T102726Z,ggfiscal.debt.chains,,A,
GBR,2019,A_cg_cash_requirement,out_of_register_national_savings,9929.0,official,ONS_PSF_APPENDIX_S,cash,20260910T102726Z,ggfiscal.debt.chains,,A,
GBR,2019,A_cg_cash_requirement,out_of_register_nilo_lending_asset,0.0,official,ONS_PSF_APPENDIX_S,cash,20260910T102726Z,ggfiscal.debt.chains,,A,
GBR,2019,A_cg_cash_requirement,out_of_register_northern_ireland_cg_debt,8.0,official,ONS_PSF_APPENDIX_S,cash,20260910T102726Z,ggfiscal.debt.chains,,A,
GBR,2019,A_cg_cash_requirement,out_of_register_official_reserves_asset,-5611.0,official,ONS_PSF_APPENDIX_S,cash,20260910T102726Z,ggfiscal.debt.chains,,A,
GBR,2019,A_cg_cash_requirement,out_of_register_other_overseas_financing,5.0,official,ONS_PSF_APPENDIX_S,cash,20260910T102726Z,ggfiscal.debt.chains,,A,
GBR,2019,A_cg_cash_requirement,out_of_register_sterling_deposits_asset,-3926.0,official,ONS_PSF_APPENDIX_S,cash,20260910T102726Z,ggfiscal.debt.chains,,A,
GBR,2019,A_cg_cash_requirement,out_of_register_tax_instruments,-355.0,official,ONS_PSF_APPENDIX_S,cash,20260910T102726Z,ggfiscal.debt.chains,,A,
GBR,2019,A_cg_cash_requirement,official_total,52768.0,official,ONS_PSF_APPENDIX_S,cash,20260910T102726Z,ggfiscal.debt.chains,,A,
GBR,2019,A_cg_cash_requirement,residual,8499.451501607968,residual,,cash,20260910T102726Z,ggfiscal.debt.chains,,B,
GBR,2019,B_s1311_b9,carried_from_previous_step,52768.0,computed,,,20260910T102726Z,ggfiscal.debt.chains,,B,
GBR,2019,B_s1311_b9,nram_and_bb_net_cash_requirement,-65.0,official,ONS_PSF_APPENDIX_A,"cash; Appendix A PSA7C M98W 'NRAM and B&B', calendar-year block; sign +1 (PSA7C notes 83-86: RUUX = M98R + M98W + MUI2 - ABEC - ABEI)",20260910T102726Z,ggfiscal.debt.chains,,A,
GBR,2019,B_s1311_b9,network_rail_net_cash_requirement,-174.0,official,ONS_PSF_APPENDIX_A,"cash; Appendix A PSA7C MUI2 'Network Rail', calendar-year block; sign +1 (PSA7C notes 83-86: RUUX = M98R + M98W + MUI2 - ABEC - ABEI)",20260910T102726Z,ggfiscal.debt.chains,,A,
GBR,2019,B_s1311_b9,less_payments_to_local_government,-8252.0,official,ONS_PSF_APPENDIX_A,"cash; Appendix A PSA7C ABEC 'Central Government with NRAM and B&B, Network Rail of which, payments to local government', calendar-year block; sign -1 (PSA7C notes 83-86: RUUX = M98R + M98W + MUI2 - ABEC - ABEI)",20260910T102726Z,ggfiscal.debt.chains,,A,
GBR,2019,B_s1311_b9,less_payments_to_public_corporations,92.0,official,ONS_PSF_APPENDIX_A,"cash; Appendix A PSA7C ABEI 'Central Government with NRAM and B&B, Network Rail of which, payments to non-financial public corporations', calendar-year block; sign -1 (PSA7C notes 83-86: RUUX = M98R + M98W + MUI2 - ABEC - ABEI)",20260910T102726Z,ggfiscal.debt.chains,,A,
GBR,2019,B_s1311_b9,less_net_lending_to_private_sector_and_rest_of_world,-5919.0,official,ONS_PSF_APPENDIX_A,"cash to accrued; Appendix A REC2 ANRH 'Net lending to private sector and rest of world', calendar-year block; sign -1 (REC2 note 74: RUUX = -NMFJ + ANRH + ANRS + ANRU + ANRT + ANRV)",20260910T102726Z,ggfiscal.debt.chains,,A,
GBR,2019,B_s1311_b9,less_net_acquisition_of_company_securities,1694.0,official,ONS_PSF_APPENDIX_A,"cash to accrued; Appendix A REC2 ANRS 'Net acquisition of company securities', calendar-year block; sign -1 (REC2 note 74: RUUX = -NMFJ + ANRH + ANRS + ANRU + ANRT + ANRV)",20260910T102726Z,ggfiscal.debt.chains,,A,
GBR,2019,B_s1311_b9,less_adjustment_for_interest_on_gilts,2743.0,official,ONS_PSF_APPENDIX_A,"cash to accrued; Appendix A REC2 ANRU 'Adjustment for interest on gilts', calendar-year block; sign -1 (REC2 note 74: RUUX = -NMFJ + ANRH + ANRS + ANRU + ANRT + ANRV)",20260910T102726Z,ggfiscal.debt.chains,,A,
GBR,2019,B_s1311_b9,less_accounts_receivable_payable,14452.0,official,ONS_PSF_APPENDIX_A,"cash to accrued; Appendix A REC2 ANRT 'Accounts receivable/payable', calendar-year block; sign -1 (REC2 note 74: RUUX = -NMFJ + ANRH + ANRS + ANRU + ANRT + ANRV)",20260910T102726Z,ggfiscal.debt.chains,,A,
GBR,2019,B_s1311_b9,less_other_financial_transactions,-14085.0,official,ONS_PSF_APPENDIX_A,"cash to accrued; Appendix A REC2 ANRV 'Other financial transactions', calendar-year block; sign -1 (REC2 note 74: RUUX = -NMFJ + ANRH + ANRS + ANRU + ANRT + ANRV)",20260910T102726Z,ggfiscal.debt.chains,,A,
GBR,2019,B_s1311_b9,official_total,43254.0,official,ONS_PSF_APPENDIX_A,"accrued, net borrowing = -B.9",20260910T102726Z,ggfiscal.debt.chains,,A,
GBR,2019,B_s1311_b9,residual,0.0,residual,,"accrued, net borrowing = -B.9",20260910T102726Z,ggfiscal.debt.chains,,B,
GBR,2019,C_s13_nlb,carried_from_previous_step,43254.0,computed,,,20260910T102726Z,ggfiscal.debt.chains,,B,
GBR,2019,C_s13_nlb,local_government_net_borrowing,10373.0,official,ONS_PSF_APPENDIX_A,"accrued, net borrowing = -B.9; Appendix A PSA2 -NMOE 'Local government net borrowing', calendar-year block; sign +1 (S.13 = S.1311 + S.1313; UK has no state government or social security funds subsector)",20260910T102726Z,ggfiscal.debt.chains,,A,
GBR,2019,C_s13_nlb,official_total,53627.0,official,package_NLB,"accrued, net borrowing = -B.9",20260910T102726Z,ggfiscal.debt.chains,,A,
GBR,2019,C_s13_nlb,residual,0.0,residual,,"accrued, net borrowing = -B.9",20260910T102726Z,ggfiscal.debt.chains,,B,
GBR,2020,register,sum_bill,-51500.005000000005,computed,ggfiscal.debt.register,nominal,20260910T102726Z,ggfiscal.debt.chains,,A,computed from the per-security register (debt_interest_by_security / debt_flows)
GBR,2020,register,sum_fixed_bullet,318889.6610000001,computed,ggfiscal.debt.register,nominal,20260910T102726Z,ggfiscal.debt.chains,,A,computed from the per-security register (debt_interest_by_security / debt_flows)
GBR,2020,register,sum_inflation_linked,11921.70000101,computed,ggfiscal.debt.register,nominal,20260910T102726Z,ggfiscal.debt.chains,,A,computed from the per-security register (debt_interest_by_security / debt_flows)
GBR,2020,register,official_total,279311.35600101005,computed,,nominal,20260910T102726Z,ggfiscal.debt.chains,,B,
GBR,2020,A_cg_cash_requirement,carried_from_previous_step,279311.35600101005,computed,,,20260910T102726Z,ggfiscal.debt.chains,,B,
GBR,2020,A_cg_cash_requirement,issuance_cash_less_nominal,34546.54826768895,computed,ggfiscal.debt.register,cash,20260910T102726Z,ggfiscal.debt.chains,,B,
GBR,2020,A_cg_cash_requirement,out_of_register_coin,34.0,official,ONS_PSF_APPENDIX_S,cash,20260910T102726Z,ggfiscal.debt.chains,,A,
GBR,2020,A_cg_cash_requirement,out_of_register_deposits_from_other_sectors,8624.0,official,ONS_PSF_APPENDIX_S,cash,20260910T102726Z,ggfiscal.debt.chains,,A,
GBR,2020,A_cg_cash_requirement,out_of_register_exchange_cover_scheme,0.0,official,ONS_PSF_APPENDIX_S,cash,20260910T102726Z,ggfiscal.debt.chains,,A,
GBR,2020,A_cg_cash_requirement,out_of_register_government_foreign_currency_debt,240.0,official,ONS_PSF_APPENDIX_S,cash,20260910T102726Z,ggfiscal.debt.chains,,A,
GBR,2020,A_cg_cash_requirement,out_of_register_loans_from_mfis,536.0,official,ONS_PSF_APPENDIX_S,cash,20260910T102726Z,ggfiscal.debt.chains,,A,
GBR,2020,A_cg_cash_requirement,out_of_register_national_savings,32236.0,official,ONS_PSF_APPENDIX_S,cash,20260910T102726Z,ggfiscal.debt.chains,,A,
GBR,2020,A_cg_cash_requirement,out_of_register_nilo_lending_asset,0.0,official,ONS_PSF_APPENDIX_S,cash,20260910T102726Z,ggfiscal.debt.chains,,A,
GBR,2020,A_cg_cash_requirement,out_of_register_northern_ireland_cg_debt,-20.0,official,ONS_PSF_APPENDIX_S,cash,20260910T102726Z,ggfiscal.debt.chains,,A,
GBR,2020,A_cg_cash_requirement,out_of_register_official_reserves_asset,-79.0,official,ONS_PSF_APPENDIX_S,cash,20260910T102726Z,ggfiscal.debt.chains,,A,
GBR,2020,A_cg_cash_requirement,out_of_register_other_overseas_financing,1.0,official,ONS_PSF_APPENDIX_S,cash,20260910T102726Z,ggfiscal.debt.chains,,A,
GBR,2020,A_cg_cash_requirement,out_of_register_sterling_deposits_asset,-34584.0,official,ONS_PSF_APPENDIX_S,cash,20260910T102726Z,ggfiscal.debt.chains,,A,
GBR,2020,A_cg_cash_requirement,out_of_register_tax_instruments,-82.0,official,ONS_PSF_APPENDIX_S,cash,20260910T102726Z,ggfiscal.debt.chains,,A,
GBR,2020,A_cg_cash_requirement,official_total,315825.0,official,ONS_PSF_APPENDIX_S,cash,20260910T102726Z,ggfiscal.debt.chains,,A,
GBR,2020,A_cg_cash_requirement,residual,-4938.904268699,residual,,cash,20260910T102726Z,ggfiscal.debt.chains,,B,
GBR,2020,B_s1311_b9,carried_from_previous_step,315825.0,computed,,,20260910T102726Z,ggfiscal.debt.chains,,B,
GBR,2020,B_s1311_b9,nram_and_bb_net_cash_requirement,103.0,official,ONS_PSF_APPENDIX_A,"cash; Appendix A PSA7C M98W 'NRAM and B&B', calendar-year block; sign +1 (PSA7C notes 83-86: RUUX = M98R + M98W + MUI2 - ABEC - ABEI)",20260910T102726Z,ggfiscal.debt.chains,,A,
GBR,2020,B_s1311_b9,network_rail_net_cash_requirement,-742.0,official,ONS_PSF_APPENDIX_A,"cash; Appendix A PSA7C MUI2 'Network Rail', calendar-year block; sign +1 (PSA7C notes 83-86: RUUX = M98R + M98W + MUI2 - ABEC - ABEI)",20260910T102726Z,ggfiscal.debt.chains,,A,
GBR,2020,B_s1311_b9,less_payments_to_local_government,-2764.0,official,ONS_PSF_APPENDIX_A,"cash; Appendix A PSA7C ABEC 'Central Government with NRAM and B&B, Network Rail of which, payments to local government', calendar-year block; sign -1 (PSA7C notes 83-86: RUUX = M98R + M98W + MUI2 - ABEC - ABEI)",20260910T102726Z,ggfiscal.debt.chains,,A,
GBR,2020,B_s1311_b9,less_payments_to_public_corporations,430.0,official,ONS_PSF_APPENDIX_A,"cash; Appendix A PSA7C ABEI 'Central Government with NRAM and B&B, Network Rail of which, payments to non-financial public corporations', calendar-year block; sign -1 (PSA7C notes 83-86: RUUX = M98R + M98W + MUI2 - ABEC - ABEI)",20260910T102726Z,ggfiscal.debt.chains,,A,
GBR,2020,B_s1311_b9,less_net_lending_to_private_sector_and_rest_of_world,-10051.0,official,ONS_PSF_APPENDIX_A,"cash to accrued; Appendix A REC2 ANRH 'Net lending to private sector and rest of world', calendar-year block; sign -1 (REC2 note 74: RUUX = -NMFJ + ANRH + ANRS + ANRU + ANRT + ANRV)",20260910T102726Z,ggfiscal.debt.chains,,A,
GBR,2020,B_s1311_b9,less_net_acquisition_of_company_securities,93.0,official,ONS_PSF_APPENDIX_A,"cash to accrued; Appendix A REC2 ANRS 'Net acquisition of company securities', calendar-year block; sign -1 (REC2 note 74: RUUX = -NMFJ + ANRH + ANRS + ANRU + ANRT + ANRV)",20260910T102726Z,ggfiscal.debt.chains,,A,
GBR,2020,B_s1311_b9,less_adjustment_for_interest_on_gilts,-11264.0,official,ONS_PSF_APPENDIX_A,"cash to accrued; Appendix A REC2 ANRU 'Adjustment for interest on gilts', calendar-year block; sign -1 (REC2 note 74: RUUX = -NMFJ + ANRH + ANRS + ANRU + ANRT + ANRV)",20260910T102726Z,ggfiscal.debt.chains,,A,
GBR,2020,B_s1311_b9,less_accounts_receivable_payable,-23192.0,official,ONS_PSF_APPENDIX_A,"cash to accrued; Appendix A REC2 ANRT 'Accounts receivable/payable', calendar-year block; sign -1 (REC2 note 74: RUUX = -NMFJ + ANRH + ANRS + ANRU + ANRT + ANRV)",20260910T102726Z,ggfiscal.debt.chains,,A,
GBR,2020,B_s1311_b9,less_other_financial_transactions,9323.0,official,ONS_PSF_APPENDIX_A,"cash to accrued; Appendix A REC2 ANRV 'Other financial transactions', calendar-year block; sign -1 (REC2 note 74: RUUX = -NMFJ + ANRH + ANRS + ANRU + ANRT + ANRV)",20260910T102726Z,ggfiscal.debt.chains,,A,
GBR,2020,B_s1311_b9,official_total,277761.0,official,ONS_PSF_APPENDIX_A,"accrued, net borrowing = -B.9",20260910T102726Z,ggfiscal.debt.chains,,A,
GBR,2020,B_s1311_b9,residual,0.0,residual,,"accrued, net borrowing = -B.9",20260910T102726Z,ggfiscal.debt.chains,,B,
GBR,2020,C_s13_nlb,carried_from_previous_step,277761.0,computed,,,20260910T102726Z,ggfiscal.debt.chains,,B,
GBR,2020,C_s13_nlb,local_government_net_borrowing,-3399.0,official,ONS_PSF_APPENDIX_A,"accrued, net borrowing = -B.9; Appendix A PSA2 -NMOE 'Local government net borrowing', calendar-year block; sign +1 (S.13 = S.1311 + S.1313; UK has no state government or social security funds subsector)",20260910T102726Z,ggfiscal.debt.chains,,A,
GBR,2020,C_s13_nlb,official_total,274362.0,official,package_NLB,"accrued, net borrowing = -B.9",20260910T102726Z,ggfiscal.debt.chains,,A,
GBR,2020,C_s13_nlb,residual,0.0,residual,,"accrued, net borrowing = -B.9",20260910T102726Z,ggfiscal.debt.chains,,B,
GBR,2021,register,sum_bill,-9499.976000000006,computed,ggfiscal.debt.register,nominal,20260910T102726Z,ggfiscal.debt.chains,,A,computed from the per-security register (debt_interest_by_security / debt_flows)
GBR,2021,register,sum_fixed_bullet,130470.29700001999,computed,ggfiscal.debt.register,nominal,20260910T102726Z,ggfiscal.debt.chains,,A,computed from the per-security register (debt_interest_by_security / debt_flows)
GBR,2021,register,sum_inflation_linked,17731.613,computed,ggfiscal.debt.register,nominal,20260910T102726Z,ggfiscal.debt.chains,,A,computed from the per-security register (debt_interest_by_security / debt_flows)
GBR,2021,register,official_total,138701.93400001997,computed,,nominal,20260910T102726Z,ggfiscal.debt.chains,,B,
GBR,2021,A_cg_cash_requirement,carried_from_previous_step,138701.93400001997,computed,,,20260910T102726Z,ggfiscal.debt.chains,,B,
GBR,2021,A_cg_cash_requirement,issuance_cash_less_nominal,11110.401446855596,computed,ggfiscal.debt.register,cash,20260910T102726Z,ggfiscal.debt.chains,,B,
GBR,2021,A_cg_cash_requirement,out_of_register_coin,85.0,official,ONS_PSF_APPENDIX_S,cash,20260910T102726Z,ggfiscal.debt.chains,,A,
GBR,2021,A_cg_cash_requirement,out_of_register_deposits_from_other_sectors,17637.0,official,ONS_PSF_APPENDIX_S,cash,20260910T102726Z,ggfiscal.debt.chains,,A,
GBR,2021,A_cg_cash_requirement,out_of_register_exchange_cover_scheme,0.0,official,ONS_PSF_APPENDIX_S,cash,20260910T102726Z,ggfiscal.debt.chains,,A,
GBR,2021,A_cg_cash_requirement,out_of_register_government_foreign_currency_debt,-242.0,official,ONS_PSF_APPENDIX_S,cash,20260910T102726Z,ggfiscal.debt.chains,,A,
GBR,2021,A_cg_cash_requirement,out_of_register_loans_from_mfis,-504.0,official,ONS_PSF_APPENDIX_S,cash,20260910T102726Z,ggfiscal.debt.chains,,A,
GBR,2021,A_cg_cash_requirement,out_of_register_national_savings,-3299.0,official,ONS_PSF_APPENDIX_S,cash,20260910T102726Z,ggfiscal.debt.chains,,A,
GBR,2021,A_cg_cash_requirement,out_of_register_nilo_lending_asset,0.0,official,ONS_PSF_APPENDIX_S,cash,20260910T102726Z,ggfiscal.debt.chains,,A,
GBR,2021,A_cg_cash_requirement,out_of_register_northern_ireland_cg_debt,23.0,official,ONS_PSF_APPENDIX_S,cash,20260910T102726Z,ggfiscal.debt.chains,,A,
GBR,2021,A_cg_cash_requirement,out_of_register_official_reserves_asset,-1560.0,official,ONS_PSF_APPENDIX_S,cash,20260910T102726Z,ggfiscal.debt.chains,,A,
GBR,2021,A_cg_cash_requirement,out_of_register_other_overseas_financing,-152.0,official,ONS_PSF_APPENDIX_S,cash,20260910T102726Z,ggfiscal.debt.chains,,A,
GBR,2021,A_cg_cash_requirement,out_of_register_sterling_deposits_asset,-26406.0,official,ONS_PSF_APPENDIX_S,cash,20260910T102726Z,ggfiscal.debt.chains,,A,
GBR,2021,A_cg_cash_requirement,out_of_register_tax_instruments,-31.0,official,ONS_PSF_APPENDIX_S,cash,20260910T102726Z,ggfiscal.debt.chains,,A,
GBR,2021,A_cg_cash_requirement,official_total,148531.0,official,ONS_PSF_APPENDIX_S,cash,20260910T102726Z,ggfiscal.debt.chains,,A,
GBR,2021,A_cg_cash_requirement,residual,13167.664553124428,residual,,cash,20260910T102726Z,ggfiscal.debt.chains,,B,
GBR,2021,B_s1311_b9,carried_from_previous_step,148531.0,computed,,,20260910T102726Z,ggfiscal.debt.chains,,B,
GBR,2021,B_s1311_b9,nram_and_bb_net_cash_requirement,4525.0,official,ONS_PSF_APPENDIX_A,"cash; Appendix A PSA7C M98W 'NRAM and B&B', calendar-year block; sign +1 (PSA7C notes 83-86: RUUX = M98R + M98W + MUI2 - ABEC - ABEI)",20260910T102726Z,ggfiscal.debt.chains,,A,
GBR,2021,B_s1311_b9,network_rail_net_cash_requirement,-523.0,official,ONS_PSF_APPENDIX_A,"cash; Appendix A PSA7C MUI2 'Network Rail', calendar-year block; sign +1 (PSA7C notes 83-86: RUUX = M98R + M98W + MUI2 - ABEC - ABEI)",20260910T102726Z,ggfiscal.debt.chains,,A,
GBR,2021,B_s1311_b9,less_payments_to_local_government,-4340.0,official,ONS_PSF_APPENDIX_A,"cash; Appendix A PSA7C ABEC 'Central Government with NRAM and B&B, Network Rail of which, payments to local government', calendar-year block; sign -1 (PSA7C notes 83-86: RUUX = M98R + M98W + MUI2 - ABEC - ABEI)",20260910T102726Z,ggfiscal.debt.chains,,A,
GBR,2021,B_s1311_b9,less_payments_to_public_corporations,180.0,official,ONS_PSF_APPENDIX_A,"cash; Appendix A PSA7C ABEI 'Central Government with NRAM and B&B, Network Rail of which, payments to non-financial public corporations', calendar-year block; sign -1 (PSA7C notes 83-86: RUUX = M98R + M98W + MUI2 - ABEC - ABEI)",20260910T102726Z,ggfiscal.debt.chains,,A,
GBR,2021,B_s1311_b9,less_net_lending_to_private_sector_and_rest_of_world,-6793.0,official,ONS_PSF_APPENDIX_A,"cash to accrued; Appendix A REC2 ANRH 'Net lending to private sector and rest of world', calendar-year block; sign -1 (REC2 note 74: RUUX = -NMFJ + ANRH + ANRS + ANRU + ANRT + ANRV)",20260910T102726Z,ggfiscal.debt.chains,,A,
GBR,2021,B_s1311_b9,less_net_acquisition_of_company_securities,5015.0,official,ONS_PSF_APPENDIX_A,"cash to accrued; Appendix A REC2 ANRS 'Net acquisition of company securities', calendar-year block; sign -1 (REC2 note 74: RUUX = -NMFJ + ANRH + ANRS + ANRU + ANRT + ANRV)",20260910T102726Z,ggfiscal.debt.chains,,A,
GBR,2021,B_s1311_b9,less_adjustment_for_interest_on_gilts,18849.0,official,ONS_PSF_APPENDIX_A,"cash to accrued; Appendix A REC2 ANRU 'Adjustment for interest on gilts', calendar-year block; sign -1 (REC2 note 74: RUUX = -NMFJ + ANRH + ANRS + ANRU + ANRT + ANRV)",20260910T102726Z,ggfiscal.debt.chains,,A,
GBR,2021,B_s1311_b9,less_accounts_receivable_payable,14834.0,official,ONS_PSF_APPENDIX_A,"cash to accrued; Appendix A REC2 ANRT 'Accounts receivable/payable', calendar-year block; sign -1 (REC2 note 74: RUUX = -NMFJ + ANRH + ANRS + ANRU + ANRT + ANRV)",20260910T102726Z,ggfiscal.debt.chains,,A,
GBR,2021,B_s1311_b9,less_other_financial_transactions,-2448.0,official,ONS_PSF_APPENDIX_A,"cash to accrued; Appendix A REC2 ANRV 'Other financial transactions', calendar-year block; sign -1 (REC2 note 74: RUUX = -NMFJ + ANRH + ANRS + ANRU + ANRT + ANRV)",20260910T102726Z,ggfiscal.debt.chains,,A,
GBR,2021,B_s1311_b9,official_total,177830.0,official,ONS_PSF_APPENDIX_A,"accrued, net borrowing = -B.9",20260910T102726Z,ggfiscal.debt.chains,,A,
GBR,2021,B_s1311_b9,residual,0.0,residual,,"accrued, net borrowing = -B.9",20260910T102726Z,ggfiscal.debt.chains,,B,
GBR,2021,C_s13_nlb,carried_from_previous_step,177830.0,computed,,,20260910T102726Z,ggfiscal.debt.chains,,B,
GBR,2021,C_s13_nlb,local_government_net_borrowing,-2763.0,official,ONS_PSF_APPENDIX_A,"accrued, net borrowing = -B.9; Appendix A PSA2 -NMOE 'Local government net borrowing', calendar-year block; sign +1 (S.13 = S.1311 + S.1313; UK has no state government or social security funds subsector)",20260910T102726Z,ggfiscal.debt.chains,,A,
GBR,2021,C_s13_nlb,official_total,175067.0,official,package_NLB,"accrued, net borrowing = -B.9",20260910T102726Z,ggfiscal.debt.chains,,A,
GBR,2021,C_s13_nlb,residual,0.0,residual,,"accrued, net borrowing = -B.9",20260910T102726Z,ggfiscal.debt.chains,,B,
GBR,2022,register,sum_bill,19000.025999999998,computed,ggfiscal.debt.register,nominal,20260910T102726Z,ggfiscal.debt.chains,,A,computed from the per-security register (debt_interest_by_security / debt_flows)
GBR,2022,register,sum_fixed_bullet,107542.235,computed,ggfiscal.debt.register,nominal,20260910T102726Z,ggfiscal.debt.chains,,A,computed from the per-security register (debt_interest_by_security / debt_flows)
GBR,2022,register,sum_inflation_linked,-3344.3459999999973,computed,ggfiscal.debt.register,nominal,20260910T102726Z,ggfiscal.debt.chains,,A,computed from the per-security register (debt_interest_by_security / debt_flows)
GBR,2022,register,official_total,123197.91500000001,computed,,nominal,20260910T102726Z,ggfiscal.debt.chains,,B,
GBR,2022,A_cg_cash_requirement,carried_from_previous_step,123197.91500000001,computed,,,20260910T102726Z,ggfiscal.debt.chains,,B,
GBR,2022,A_cg_cash_requirement,issuance_cash_less_nominal,-19659.738516238183,computed,ggfiscal.debt.register,cash,20260910T102726Z,ggfiscal.debt.chains,,B,
GBR,2022,A_cg_cash_requirement,out_of_register_coin,35.0,official,ONS_PSF_APPENDIX_S,cash,20260910T102726Z,ggfiscal.debt.chains,,A,
GBR,2022,A_cg_cash_requirement,out_of_register_deposits_from_other_sectors,-7594.0,official,ONS_PSF_APPENDIX_S,cash,20260910T102726Z,ggfiscal.debt.chains,,A,
GBR,2022,A_cg_cash_requirement,out_of_register_exchange_cover_scheme,0.0,official,ONS_PSF_APPENDIX_S,cash,20260910T102726Z,ggfiscal.debt.chains,,A,
GBR,2022,A_cg_cash_requirement,out_of_register_government_foreign_currency_debt,-59.0,official,ONS_PSF_APPENDIX_S,cash,20260910T102726Z,ggfiscal.debt.chains,,A,
GBR,2022,A_cg_cash_requirement,out_of_register_loans_from_mfis,551.0,official,ONS_PSF_APPENDIX_S,cash,20260910T102726Z,ggfiscal.debt.chains,,A,
GBR,2022,A_cg_cash_requirement,out_of_register_national_savings,6654.0,official,ONS_PSF_APPENDIX_S,cash,20260910T102726Z,ggfiscal.debt.chains,,A,
GBR,2022,A_cg_cash_requirement,out_of_register_nilo_lending_asset,0.0,official,ONS_PSF_APPENDIX_S,cash,20260910T102726Z,ggfiscal.debt.chains,,A,
GBR,2022,A_cg_cash_requirement,out_of_register_northern_ireland_cg_debt,18.0,official,ONS_PSF_APPENDIX_S,cash,20260910T102726Z,ggfiscal.debt.chains,,A,
GBR,2022,A_cg_cash_requirement,out_of_register_official_reserves_asset,-1090.0,official,ONS_PSF_APPENDIX_S,cash,20260910T102726Z,ggfiscal.debt.chains,,A,
GBR,2022,A_cg_cash_requirement,out_of_register_other_overseas_financing,-230.0,official,ONS_PSF_APPENDIX_S,cash,20260910T102726Z,ggfiscal.debt.chains,,A,
GBR,2022,A_cg_cash_requirement,out_of_register_sterling_deposits_asset,56809.0,official,ONS_PSF_APPENDIX_S,cash,20260910T102726Z,ggfiscal.debt.chains,,A,
GBR,2022,A_cg_cash_requirement,out_of_register_tax_instruments,-89.0,official,ONS_PSF_APPENDIX_S,cash,20260910T102726Z,ggfiscal.debt.chains,,A,
GBR,2022,A_cg_cash_requirement,official_total,97348.0,official,ONS_PSF_APPENDIX_S,cash,20260910T102726Z,ggfiscal.debt.chains,,A,
GBR,2022,A_cg_cash_requirement,residual,-61195.17648376181,residual,,cash,20260910T102726Z,ggfiscal.debt.chains,,B,
GBR,2022,B_s1311_b9,carried_from_previous_step,97348.0,computed,,,20260910T102726Z,ggfiscal.debt.chains,,B,
GBR,2022,B_s1311_b9,nram_and_bb_net_cash_requirement,-5.0,official,ONS_PSF_APPENDIX_A,"cash; Appendix A PSA7C M98W 'NRAM and B&B', calendar-year block; sign +1 (PSA7C notes 83-86: RUUX = M98R + M98W + MUI2 - ABEC - ABEI)",20260910T102726Z,ggfiscal.debt.chains,,A,
GBR,2022,B_s1311_b9,network_rail_net_cash_requirement,4.0,official,ONS_PSF_APPENDIX_A,"cash; Appendix A PSA7C MUI2 'Network Rail', calendar-year block; sign +1 (PSA7C notes 83-86: RUUX = M98R + M98W + MUI2 - ABEC - ABEI)",20260910T102726Z,ggfiscal.debt.chains,,A,
GBR,2022,B_s1311_b9,less_payments_to_local_government,-4545.0,official,ONS_PSF_APPENDIX_A,"cash; Appendix A PSA7C ABEC 'Central Government with NRAM and B&B, Network Rail of which, payments to local government', calendar-year block; sign -1 (PSA7C notes 83-86: RUUX = M98R + M98W + MUI2 - ABEC - ABEI)",20260910T102726Z,ggfiscal.debt.chains,,A,
GBR,2022,B_s1311_b9,less_payments_to_public_corporations,153.0,official,ONS_PSF_APPENDIX_A,"cash; Appendix A PSA7C ABEI 'Central Government with NRAM and B&B, Network Rail of which, payments to non-financial public corporations', calendar-year block; sign -1 (PSA7C notes 83-86: RUUX = M98R + M98W + MUI2 - ABEC - ABEI)",20260910T102726Z,ggfiscal.debt.chains,,A,
GBR,2022,B_s1311_b9,less_net_lending_to_private_sector_and_rest_of_world,-13535.0,official,ONS_PSF_APPENDIX_A,"cash to accrued; Appendix A REC2 ANRH 'Net lending to private sector and rest of world', calendar-year block; sign -1 (REC2 note 74: RUUX = -NMFJ + ANRH + ANRS + ANRU + ANRT + ANRV)",20260910T102726Z,ggfiscal.debt.chains,,A,
GBR,2022,B_s1311_b9,less_net_acquisition_of_company_securities,3094.0,official,ONS_PSF_APPENDIX_A,"cash to accrued; Appendix A REC2 ANRS 'Net acquisition of company securities', calendar-year block; sign -1 (REC2 note 74: RUUX = -NMFJ + ANRH + ANRS + ANRU + ANRT + ANRV)",20260910T102726Z,ggfiscal.debt.chains,,A,
GBR,2022,B_s1311_b9,less_adjustment_for_interest_on_gilts,52569.0,official,ONS_PSF_APPENDIX_A,"cash to accrued; Appendix A REC2 ANRU 'Adjustment for interest on gilts', calendar-year block; sign -1 (REC2 note 74: RUUX = -NMFJ + ANRH + ANRS + ANRU + ANRT + ANRV)",20260910T102726Z,ggfiscal.debt.chains,,A,
GBR,2022,B_s1311_b9,less_accounts_receivable_payable,-3799.0,official,ONS_PSF_APPENDIX_A,"cash to accrued; Appendix A REC2 ANRT 'Accounts receivable/payable', calendar-year block; sign -1 (REC2 note 74: RUUX = -NMFJ + ANRH + ANRS + ANRU + ANRT + ANRV)",20260910T102726Z,ggfiscal.debt.chains,,A,
GBR,2022,B_s1311_b9,less_other_financial_transactions,-23676.0,official,ONS_PSF_APPENDIX_A,"cash to accrued; Appendix A REC2 ANRV 'Other financial transactions', calendar-year block; sign -1 (REC2 note 74: RUUX = -NMFJ + ANRH + ANRS + ANRU + ANRT + ANRV)",20260910T102726Z,ggfiscal.debt.chains,,A,
GBR,2022,B_s1311_b9,official_total,107608.0,official,ONS_PSF_APPENDIX_A,"accrued, net borrowing = -B.9",20260910T102726Z,ggfiscal.debt.chains,,A,
GBR,2022,B_s1311_b9,residual,0.0,residual,,"accrued, net borrowing = -B.9",20260910T102726Z,ggfiscal.debt.chains,,B,
GBR,2022,C_s13_nlb,carried_from_previous_step,107608.0,computed,,,20260910T102726Z,ggfiscal.debt.chains,,B,
GBR,2022,C_s13_nlb,local_government_net_borrowing,11111.0,official,ONS_PSF_APPENDIX_A,"accrued, net borrowing = -B.9; Appendix A PSA2 -NMOE 'Local government net borrowing', calendar-year block; sign +1 (S.13 = S.1311 + S.1313; UK has no state government or social security funds subsector)",20260910T102726Z,ggfiscal.debt.chains,,A,
GBR,2022,C_s13_nlb,official_total,118719.0,official,package_NLB,"accrued, net borrowing = -B.9",20260910T102726Z,ggfiscal.debt.chains,,A,
GBR,2022,C_s13_nlb,residual,0.0,residual,,"accrued, net borrowing = -B.9",20260910T102726Z,ggfiscal.debt.chains,,B,
GBR,2023,register,sum_bill,23999.951999999976,computed,ggfiscal.debt.register,nominal,20260910T102726Z,ggfiscal.debt.chains,,A,computed from the per-security register (debt_interest_by_security / debt_flows)
GBR,2023,register,sum_fixed_bullet,112842.39799999999,computed,ggfiscal.debt.register,nominal,20260910T102726Z,ggfiscal.debt.chains,,A,computed from the per-security register (debt_interest_by_security / debt_flows)
GBR,2023,register,sum_inflation_linked,22361.549000000003,computed,ggfiscal.debt.register,nominal,20260910T102726Z,ggfiscal.debt.chains,,A,computed from the per-security register (debt_interest_by_security / debt_flows)
GBR,2023,register,official_total,159203.89899999998,computed,,nominal,20260910T102726Z,ggfiscal.debt.chains,,B,
GBR,2023,A_cg_cash_requirement,carried_from_previous_step,159203.89899999998,computed,,,20260910T102726Z,ggfiscal.debt.chains,,B,
GBR,2023,A_cg_cash_requirement,issuance_cash_less_nominal,-23455.273333297657,computed,ggfiscal.debt.register,cash,20260910T102726Z,ggfiscal.debt.chains,,B,
GBR,2023,A_cg_cash_requirement,out_of_register_coin,0.0,official,ONS_PSF_APPENDIX_S,cash,20260910T102726Z,ggfiscal.debt.chains,,A,
GBR,2023,A_cg_cash_requirement,out_of_register_deposits_from_other_sectors,-15082.0,official,ONS_PSF_APPENDIX_S,cash,20260910T102726Z,ggfiscal.debt.chains,,A,
GBR,2023,A_cg_cash_requirement,out_of_register_exchange_cover_scheme,0.0,official,ONS_PSF_APPENDIX_S,cash,20260910T102726Z,ggfiscal.debt.chains,,A,
GBR,2023,A_cg_cash_requirement,out_of_register_government_foreign_currency_debt,19.0,official,ONS_PSF_APPENDIX_S,cash,20260910T102726Z,ggfiscal.debt.chains,,A,
GBR,2023,A_cg_cash_requirement,out_of_register_loans_from_mfis,230.0,official,ONS_PSF_APPENDIX_S,cash,20260910T102726Z,ggfiscal.debt.chains,,A,
GBR,2023,A_cg_cash_requirement,out_of_register_national_savings,18850.0,official,ONS_PSF_APPENDIX_S,cash,20260910T102726Z,ggfiscal.debt.chains,,A,
GBR,2023,A_cg_cash_requirement,out_of_register_nilo_lending_asset,0.0,official,ONS_PSF_APPENDIX_S,cash,20260910T102726Z,ggfiscal.debt.chains,,A,
GBR,2023,A_cg_cash_requirement,out_of_register_northern_ireland_cg_debt,7.0,official,ONS_PSF_APPENDIX_S,cash,20260910T102726Z,ggfiscal.debt.chains,,A,
GBR,2023,A_cg_cash_requirement,out_of_register_official_reserves_asset,4149.0,official,ONS_PSF_APPENDIX_S,cash,20260910T102726Z,ggfiscal.debt.chains,,A,
GBR,2023,A_cg_cash_requirement,out_of_register_other_overseas_financing,2.0,official,ONS_PSF_APPENDIX_S,cash,20260910T102726Z,ggfiscal.debt.chains,,A,
GBR,2023,A_cg_cash_requirement,out_of_register_sterling_deposits_asset,3245.0,official,ONS_PSF_APPENDIX_S,cash,20260910T102726Z,ggfiscal.debt.chains,,A,
GBR,2023,A_cg_cash_requirement,out_of_register_tax_instruments,-208.0,official,ONS_PSF_APPENDIX_S,cash,20260910T102726Z,ggfiscal.debt.chains,,A,
GBR,2023,A_cg_cash_requirement,official_total,152265.0,official,ONS_PSF_APPENDIX_S,cash,20260910T102726Z,ggfiscal.debt.chains,,A,
GBR,2023,A_cg_cash_requirement,residual,5304.374333297688,residual,,cash,20260910T102726Z,ggfiscal.debt.chains,,B,
GBR,2023,B_s1311_b9,carried_from_previous_step,152265.0,computed,,,20260910T102726Z,ggfiscal.debt.chains,,B,
GBR,2023,B_s1311_b9,nram_and_bb_net_cash_requirement,-10.0,official,ONS_PSF_APPENDIX_A,"cash; Appendix A PSA7C M98W 'NRAM and B&B', calendar-year block; sign +1 (PSA7C notes 83-86: RUUX = M98R + M98W + MUI2 - ABEC - ABEI)",20260910T102726Z,ggfiscal.debt.chains,,A,
GBR,2023,B_s1311_b9,network_rail_net_cash_requirement,-993.0,official,ONS_PSF_APPENDIX_A,"cash; Appendix A PSA7C MUI2 'Network Rail', calendar-year block; sign +1 (PSA7C notes 83-86: RUUX = M98R + M98W + MUI2 - ABEC - ABEI)",20260910T102726Z,ggfiscal.debt.chains,,A,
GBR,2023,B_s1311_b9,less_payments_to_local_government,-3029.0,official,ONS_PSF_APPENDIX_A,"cash; Appendix A PSA7C ABEC 'Central Government with NRAM and B&B, Network Rail of which, payments to local government', calendar-year block; sign -1 (PSA7C notes 83-86: RUUX = M98R + M98W + MUI2 - ABEC - ABEI)",20260910T102726Z,ggfiscal.debt.chains,,A,
GBR,2023,B_s1311_b9,less_payments_to_public_corporations,185.0,official,ONS_PSF_APPENDIX_A,"cash; Appendix A PSA7C ABEI 'Central Government with NRAM and B&B, Network Rail of which, payments to non-financial public corporations', calendar-year block; sign -1 (PSA7C notes 83-86: RUUX = M98R + M98W + MUI2 - ABEC - ABEI)",20260910T102726Z,ggfiscal.debt.chains,,A,
GBR,2023,B_s1311_b9,less_net_lending_to_private_sector_and_rest_of_world,-15713.0,official,ONS_PSF_APPENDIX_A,"cash to accrued; Appendix A REC2 ANRH 'Net lending to private sector and rest of world', calendar-year block; sign -1 (REC2 note 74: RUUX = -NMFJ + ANRH + ANRS + ANRU + ANRT + ANRV)",20260910T102726Z,ggfiscal.debt.chains,,A,
GBR,2023,B_s1311_b9,less_net_acquisition_of_company_securities,3453.0,official,ONS_PSF_APPENDIX_A,"cash to accrued; Appendix A REC2 ANRS 'Net acquisition of company securities', calendar-year block; sign -1 (REC2 note 74: RUUX = -NMFJ + ANRH + ANRS + ANRU + ANRT + ANRV)",20260910T102726Z,ggfiscal.debt.chains,,A,
GBR,2023,B_s1311_b9,less_adjustment_for_interest_on_gilts,33056.0,official,ONS_PSF_APPENDIX_A,"cash to accrued; Appendix A REC2 ANRU 'Adjustment for interest on gilts', calendar-year block; sign -1 (REC2 note 74: RUUX = -NMFJ + ANRH + ANRS + ANRU + ANRT + ANRV)",20260910T102726Z,ggfiscal.debt.chains,,A,
GBR,2023,B_s1311_b9,less_accounts_receivable_payable,-5466.0,official,ONS_PSF_APPENDIX_A,"cash to accrued; Appendix A REC2 ANRT 'Accounts receivable/payable', calendar-year block; sign -1 (REC2 note 74: RUUX = -NMFJ + ANRH + ANRS + ANRU + ANRT + ANRV)",20260910T102726Z,ggfiscal.debt.chains,,A,
GBR,2023,B_s1311_b9,less_other_financial_transactions,-9630.0,official,ONS_PSF_APPENDIX_A,"cash to accrued; Appendix A REC2 ANRV 'Other financial transactions', calendar-year block; sign -1 (REC2 note 74: RUUX = -NMFJ + ANRH + ANRS + ANRU + ANRT + ANRV)",20260910T102726Z,ggfiscal.debt.chains,,A,
GBR,2023,B_s1311_b9,official_total,154118.0,official,ONS_PSF_APPENDIX_A,"accrued, net borrowing = -B.9",20260910T102726Z,ggfiscal.debt.chains,,A,
GBR,2023,B_s1311_b9,residual,0.0,residual,,"accrued, net borrowing = -B.9",20260910T102726Z,ggfiscal.debt.chains,,B,
GBR,2023,C_s13_nlb,carried_from_previous_step,154118.0,computed,,,20260910T102726Z,ggfiscal.debt.chains,,B,
GBR,2023,C_s13_nlb,local_government_net_borrowing,12452.0,official,ONS_PSF_APPENDIX_A,"accrued, net borrowing = -B.9; Appendix A PSA2 -NMOE 'Local government net borrowing', calendar-year block; sign +1 (S.13 = S.1311 + S.1313; UK has no state government or social security funds subsector)",20260910T102726Z,ggfiscal.debt.chains,,A,
GBR,2023,C_s13_nlb,official_total,166583.0,official,package_NLB,"accrued, net borrowing = -B.9",20260910T102726Z,ggfiscal.debt.chains,,A,
GBR,2023,C_s13_nlb,residual,13.0,residual,,"accrued, net borrowing = -B.9",20260910T102726Z,ggfiscal.debt.chains,,B,
GBR,2024,register,sum_bill,9500.015999999983,computed,ggfiscal.debt.register,nominal,20260910T102726Z,ggfiscal.debt.chains,,A,computed from the per-security register (debt_interest_by_security / debt_flows)
GBR,2024,register,sum_fixed_bullet,162343.16599999997,computed,ggfiscal.debt.register,nominal,20260910T102726Z,ggfiscal.debt.chains,,A,computed from the per-security register (debt_interest_by_security / debt_flows)
GBR,2024,register,sum_inflation_linked,11576.451000510006,computed,ggfiscal.debt.register,nominal,20260910T102726Z,ggfiscal.debt.chains,,A,computed from the per-security register (debt_interest_by_security / debt_flows)
GBR,2024,register,official_total,183419.63300050996,computed,,nominal,20260910T102726Z,ggfiscal.debt.chains,,B,
GBR,2024,A_cg_cash_requirement,carried_from_previous_step,183419.63300050996,computed,,,20260910T102726Z,ggfiscal.debt.chains,,B,
GBR,2024,A_cg_cash_requirement,issuance_cash_less_nominal,-12557.067650371613,computed,ggfiscal.debt.register,cash,20260910T102726Z,ggfiscal.debt.chains,,B,
GBR,2024,A_cg_cash_requirement,out_of_register_coin,3.0,official,ONS_PSF_APPENDIX_S,cash,20260910T102726Z,ggfiscal.debt.chains,,A,
GBR,2024,A_cg_cash_requirement,out_of_register_deposits_from_other_sectors,-1605.0,official,ONS_PSF_APPENDIX_S,cash,20260910T102726Z,ggfiscal.debt.chains,,A,
GBR,2024,A_cg_cash_requirement,out_of_register_exchange_cover_scheme,0.0,official,ONS_PSF_APPENDIX_S,cash,20260910T102726Z,ggfiscal.debt.chains,,A,
GBR,2024,A_cg_cash_requirement,out_of_register_government_foreign_currency_debt,188.0,official,ONS_PSF_APPENDIX_S,cash,20260910T102726Z,ggfiscal.debt.chains,,A,
GBR,2024,A_cg_cash_requirement,out_of_register_loans_from_mfis,1650.0,official,ONS_PSF_APPENDIX_S,cash,20260910T102726Z,ggfiscal.debt.chains,,A,
GBR,2024,A_cg_cash_requirement,out_of_register_national_savings,6902.0,official,ONS_PSF_APPENDIX_S,cash,20260910T102726Z,ggfiscal.debt.chains,,A,
GBR,2024,A_cg_cash_requirement,out_of_register_nilo_lending_asset,0.0,official,ONS_PSF_APPENDIX_S,cash,20260910T102726Z,ggfiscal.debt.chains,,A,
GBR,2024,A_cg_cash_requirement,out_of_register_northern_ireland_cg_debt,-1.0,official,ONS_PSF_APPENDIX_S,cash,20260910T102726Z,ggfiscal.debt.chains,,A,
GBR,2024,A_cg_cash_requirement,out_of_register_official_reserves_asset,2300.0,official,ONS_PSF_APPENDIX_S,cash,20260910T102726Z,ggfiscal.debt.chains,,A,
GBR,2024,A_cg_cash_requirement,out_of_register_other_overseas_financing,4.0,official,ONS_PSF_APPENDIX_S,cash,20260910T102726Z,ggfiscal.debt.chains,,A,
GBR,2024,A_cg_cash_requirement,out_of_register_sterling_deposits_asset,11796.0,official,ONS_PSF_APPENDIX_S,cash,20260910T102726Z,ggfiscal.debt.chains,,A,
GBR,2024,A_cg_cash_requirement,out_of_register_tax_instruments,-115.0,official,ONS_PSF_APPENDIX_S,cash,20260910T102726Z,ggfiscal.debt.chains,,A,
GBR,2024,A_cg_cash_requirement,official_total,183661.0,official,ONS_PSF_APPENDIX_S,cash,20260910T102726Z,ggfiscal.debt.chains,,A,
GBR,2024,A_cg_cash_requirement,residual,-8323.56535013835,residual,,cash,20260910T102726Z,ggfiscal.debt.chains,,B,
GBR,2024,B_s1311_b9,carried_from_previous_step,183661.0,computed,,,20260910T102726Z,ggfiscal.debt.chains,,B,
GBR,2024,B_s1311_b9,nram_and_bb_net_cash_requirement,-1.0,official,ONS_PSF_APPENDIX_A,"cash; Appendix A PSA7C M98W 'NRAM and B&B', calendar-year block; sign +1 (PSA7C notes 83-86: RUUX = M98R + M98W + MUI2 - ABEC - ABEI)",20260910T102726Z,ggfiscal.debt.chains,,A,
GBR,2024,B_s1311_b9,network_rail_net_cash_requirement,-531.0,official,ONS_PSF_APPENDIX_A,"cash; Appendix A PSA7C MUI2 'Network Rail', calendar-year block; sign +1 (PSA7C notes 83-86: RUUX = M98R + M98W + MUI2 - ABEC - ABEI)",20260910T102726Z,ggfiscal.debt.chains,,A,
GBR,2024,B_s1311_b9,less_payments_to_local_government,-7265.0,official,ONS_PSF_APPENDIX_A,"cash; Appendix A PSA7C ABEC 'Central Government with NRAM and B&B, Network Rail of which, payments to local government', calendar-year block; sign -1 (PSA7C notes 83-86: RUUX = M98R + M98W + MUI2 - ABEC - ABEI)",20260910T102726Z,ggfiscal.debt.chains,,A,
GBR,2024,B_s1311_b9,less_payments_to_public_corporations,153.0,official,ONS_PSF_APPENDIX_A,"cash; Appendix A PSA7C ABEI 'Central Government with NRAM and B&B, Network Rail of which, payments to non-financial public corporations', calendar-year block; sign -1 (PSA7C notes 83-86: RUUX = M98R + M98W + MUI2 - ABEC - ABEI)",20260910T102726Z,ggfiscal.debt.chains,,A,
GBR,2024,B_s1311_b9,less_net_lending_to_private_sector_and_rest_of_world,-17508.0,official,ONS_PSF_APPENDIX_A,"cash to accrued; Appendix A REC2 ANRH 'Net lending to private sector and rest of world', calendar-year block; sign -1 (REC2 note 74: RUUX = -NMFJ + ANRH + ANRS + ANRU + ANRT + ANRV)",20260910T102726Z,ggfiscal.debt.chains,,A,
GBR,2024,B_s1311_b9,less_net_acquisition_of_company_securities,6751.0,official,ONS_PSF_APPENDIX_A,"cash to accrued; Appendix A REC2 ANRS 'Net acquisition of company securities', calendar-year block; sign -1 (REC2 note 74: RUUX = -NMFJ + ANRH + ANRS + ANRU + ANRT + ANRV)",20260910T102726Z,ggfiscal.debt.chains,,A,
GBR,2024,B_s1311_b9,less_adjustment_for_interest_on_gilts,-3148.0,official,ONS_PSF_APPENDIX_A,"cash to accrued; Appendix A REC2 ANRU 'Adjustment for interest on gilts', calendar-year block; sign -1 (REC2 note 74: RUUX = -NMFJ + ANRH + ANRS + ANRU + ANRT + ANRV)",20260910T102726Z,ggfiscal.debt.chains,,A,
GBR,2024,B_s1311_b9,less_accounts_receivable_payable,6490.0,official,ONS_PSF_APPENDIX_A,"cash to accrued; Appendix A REC2 ANRT 'Accounts receivable/payable', calendar-year block; sign -1 (REC2 note 74: RUUX = -NMFJ + ANRH + ANRS + ANRU + ANRT + ANRV)",20260910T102726Z,ggfiscal.debt.chains,,A,
GBR,2024,B_s1311_b9,less_other_financial_transactions,-8918.0,official,ONS_PSF_APPENDIX_A,"cash to accrued; Appendix A REC2 ANRV 'Other financial transactions', calendar-year block; sign -1 (REC2 note 74: RUUX = -NMFJ + ANRH + ANRS + ANRU + ANRT + ANRV)",20260910T102726Z,ggfiscal.debt.chains,,A,
GBR,2024,B_s1311_b9,official_total,159684.0,official,ONS_PSF_APPENDIX_A,"accrued, net borrowing = -B.9",20260910T102726Z,ggfiscal.debt.chains,,A,
GBR,2024,B_s1311_b9,residual,0.0,residual,,"accrued, net borrowing = -B.9",20260910T102726Z,ggfiscal.debt.chains,,B,
GBR,2024,C_s13_nlb,carried_from_previous_step,159684.0,computed,,,20260910T102726Z,ggfiscal.debt.chains,,B,
GBR,2024,C_s13_nlb,local_government_net_borrowing,14903.0,official,ONS_PSF_APPENDIX_A,"accrued, net borrowing = -B.9; Appendix A PSA2 -NMOE 'Local government net borrowing', calendar-year block; sign +1 (S.13 = S.1311 + S.1313; UK has no state government or social security funds subsector)",20260910T102726Z,ggfiscal.debt.chains,,A,
GBR,2024,C_s13_nlb,official_total,174577.0,official,package_NLB,"accrued, net borrowing = -B.9",20260910T102726Z,ggfiscal.debt.chains,,A,
GBR,2024,C_s13_nlb,residual,-10.0,residual,,"accrued, net borrowing = -B.9",20260910T102726Z,ggfiscal.debt.chains,,B,
GBR,2025,register,sum_bill,11499.994999999952,computed,ggfiscal.debt.register,nominal,20260910T102726Z,ggfiscal.debt.chains,,A,computed from the per-security register (debt_interest_by_security / debt_flows)
GBR,2025,register,sum_fixed_bullet,128720.201,computed,ggfiscal.debt.register,nominal,20260910T102726Z,ggfiscal.debt.chains,,A,computed from the per-security register (debt_interest_by_security / debt_flows)
GBR,2025,register,sum_inflation_linked,39833.699,computed,ggfiscal.debt.register,nominal,20260910T102726Z,ggfiscal.debt.chains,,A,computed from the per-security register (debt_interest_by_security / debt_flows)
GBR,2025,register,official_total,180053.89499999993,computed,,nominal,20260910T102726Z,ggfiscal.debt.chains,,B,
GBR,2025,A_cg_cash_requirement,carried_from_previous_step,180053.89499999993,computed,,,20260910T102726Z,ggfiscal.debt.chains,,B,
GBR,2025,A_cg_cash_requirement,issuance_cash_less_nominal,-15412.751278624914,computed,ggfiscal.debt.register,cash,20260910T102726Z,ggfiscal.debt.chains,,B,
GBR,2025,A_cg_cash_requirement,out_of_register_coin,69.0,official,ONS_PSF_APPENDIX_S,cash,20260910T102726Z,ggfiscal.debt.chains,,A,
GBR,2025,A_cg_cash_requirement,out_of_register_deposits_from_other_sectors,3667.0,official,ONS_PSF_APPENDIX_S,cash,20260910T102726Z,ggfiscal.debt.chains,,A,
GBR,2025,A_cg_cash_requirement,out_of_register_exchange_cover_scheme,0.0,official,ONS_PSF_APPENDIX_S,cash,20260910T102726Z,ggfiscal.debt.chains,,A,
GBR,2025,A_cg_cash_requirement,out_of_register_government_foreign_currency_debt,414.0,official,ONS_PSF_APPENDIX_S,cash,20260910T102726Z,ggfiscal.debt.chains,,A,
GBR,2025,A_cg_cash_requirement,out_of_register_loans_from_mfis,-1514.0,official,ONS_PSF_APPENDIX_S,cash,20260910T102726Z,ggfiscal.debt.chains,,A,
GBR,2025,A_cg_cash_requirement,out_of_register_national_savings,9219.0,official,ONS_PSF_APPENDIX_S,cash,20260910T102726Z,ggfiscal.debt.chains,,A,
GBR,2025,A_cg_cash_requirement,out_of_register_nilo_lending_asset,0.0,official,ONS_PSF_APPENDIX_S,cash,20260910T102726Z,ggfiscal.debt.chains,,A,
GBR,2025,A_cg_cash_requirement,out_of_register_northern_ireland_cg_debt,-13.0,official,ONS_PSF_APPENDIX_S,cash,20260910T102726Z,ggfiscal.debt.chains,,A,
GBR,2025,A_cg_cash_requirement,out_of_register_official_reserves_asset,1882.0,official,ONS_PSF_APPENDIX_S,cash,20260910T102726Z,ggfiscal.debt.chains,,A,
GBR,2025,A_cg_cash_requirement,out_of_register_other_overseas_financing,-8.0,official,ONS_PSF_APPENDIX_S,cash,20260910T102726Z,ggfiscal.debt.chains,,A,
GBR,2025,A_cg_cash_requirement,out_of_register_sterling_deposits_asset,-24352.0,official,ONS_PSF_APPENDIX_S,cash,20260910T102726Z,ggfiscal.debt.chains,,A,
GBR,2025,A_cg_cash_requirement,out_of_register_tax_instruments,-5.0,official,ONS_PSF_APPENDIX_S,cash,20260910T102726Z,ggfiscal.debt.chains,,A,
GBR,2025,A_cg_cash_requirement,official_total,152554.0,official,ONS_PSF_APPENDIX_S,cash,20260910T102726Z,ggfiscal.debt.chains,,A,
GBR,2025,A_cg_cash_requirement,residual,-1446.1437213750323,residual,,cash,20260910T102726Z,ggfiscal.debt.chains,,B,
GBR,2025,B_s1311_b9,carried_from_previous_step,152554.0,computed,,,20260910T102726Z,ggfiscal.debt.chains,,B,
GBR,2025,B_s1311_b9,nram_and_bb_net_cash_requirement,-1.0,official,ONS_PSF_APPENDIX_A,"cash; Appendix A PSA7C M98W 'NRAM and B&B', calendar-year block; sign +1 (PSA7C notes 83-86: RUUX = M98R + M98W + MUI2 - ABEC - ABEI)",20260910T102726Z,ggfiscal.debt.chains,,A,
GBR,2025,B_s1311_b9,network_rail_net_cash_requirement,-1008.0,official,ONS_PSF_APPENDIX_A,"cash; Appendix A PSA7C MUI2 'Network Rail', calendar-year block; sign +1 (PSA7C notes 83-86: RUUX = M98R + M98W + MUI2 - ABEC - ABEI)",20260910T102726Z,ggfiscal.debt.chains,,A,
GBR,2025,B_s1311_b9,less_payments_to_local_government,-7425.0,official,ONS_PSF_APPENDIX_A,"cash; Appendix A PSA7C ABEC 'Central Government with NRAM and B&B, Network Rail of which, payments to local government', calendar-year block; sign -1 (PSA7C notes 83-86: RUUX = M98R + M98W + MUI2 - ABEC - ABEI)",20260910T102726Z,ggfiscal.debt.chains,,A,
GBR,2025,B_s1311_b9,less_payments_to_public_corporations,188.0,official,ONS_PSF_APPENDIX_A,"cash; Appendix A PSA7C ABEI 'Central Government with NRAM and B&B, Network Rail of which, payments to non-financial public corporations', calendar-year block; sign -1 (PSA7C notes 83-86: RUUX = M98R + M98W + MUI2 - ABEC - ABEI)",20260910T102726Z,ggfiscal.debt.chains,,A,
GBR,2025,B_s1311_b9,less_net_lending_to_private_sector_and_rest_of_world,-16906.0,official,ONS_PSF_APPENDIX_A,"cash to accrued; Appendix A REC2 ANRH 'Net lending to private sector and rest of world', calendar-year block; sign -1 (REC2 note 74: RUUX = -NMFJ + ANRH + ANRS + ANRU + ANRT + ANRV)",20260910T102726Z,ggfiscal.debt.chains,,A,
GBR,2025,B_s1311_b9,less_net_acquisition_of_company_securities,3740.0,official,ONS_PSF_APPENDIX_A,"cash to accrued; Appendix A REC2 ANRS 'Net acquisition of company securities', calendar-year block; sign -1 (REC2 note 74: RUUX = -NMFJ + ANRH + ANRS + ANRU + ANRT + ANRV)",20260910T102726Z,ggfiscal.debt.chains,,A,
GBR,2025,B_s1311_b9,less_adjustment_for_interest_on_gilts,27549.0,official,ONS_PSF_APPENDIX_A,"cash to accrued; Appendix A REC2 ANRU 'Adjustment for interest on gilts', calendar-year block; sign -1 (REC2 note 74: RUUX = -NMFJ + ANRH + ANRS + ANRU + ANRT + ANRV)",20260910T102726Z,ggfiscal.debt.chains,,A,
GBR,2025,B_s1311_b9,less_accounts_receivable_payable,-13400.0,official,ONS_PSF_APPENDIX_A,"cash to accrued; Appendix A REC2 ANRT 'Accounts receivable/payable', calendar-year block; sign -1 (REC2 note 74: RUUX = -NMFJ + ANRH + ANRS + ANRU + ANRT + ANRV)",20260910T102726Z,ggfiscal.debt.chains,,A,
GBR,2025,B_s1311_b9,less_other_financial_transactions,-1732.0,official,ONS_PSF_APPENDIX_A,"cash to accrued; Appendix A REC2 ANRV 'Other financial transactions', calendar-year block; sign -1 (REC2 note 74: RUUX = -NMFJ + ANRH + ANRS + ANRU + ANRT + ANRV)",20260910T102726Z,ggfiscal.debt.chains,,A,
GBR,2025,B_s1311_b9,official_total,143559.0,official,ONS_PSF_APPENDIX_A,"accrued, net borrowing = -B.9",20260910T102726Z,ggfiscal.debt.chains,,A,
GBR,2025,B_s1311_b9,residual,0.0,residual,,"accrued, net borrowing = -B.9",20260910T102726Z,ggfiscal.debt.chains,,B,
GBR,2025,C_s13_nlb,carried_from_previous_step,143559.0,computed,,,20260910T102726Z,ggfiscal.debt.chains,,B,
GBR,2025,C_s13_nlb,local_government_net_borrowing,15084.0,official,ONS_PSF_APPENDIX_A,"accrued, net borrowing = -B.9; Appendix A PSA2 -NMOE 'Local government net borrowing', calendar-year block; sign +1 (S.13 = S.1311 + S.1313; UK has no state government or social security funds subsector)",20260910T102726Z,ggfiscal.debt.chains,,A,
GBR,2025,C_s13_nlb,official_total,157482.0,official,package_NLB,"accrued, net borrowing = -B.9",20260910T102726Z,ggfiscal.debt.chains,,A,
GBR,2025,C_s13_nlb,residual,-1161.0,residual,,"accrued, net borrowing = -B.9",20260910T102726Z,ggfiscal.debt.chains,,B,
GBR,2026,register,sum_bill,-76999.94100000002,computed,ggfiscal.debt.register,nominal,20260910T102726Z,ggfiscal.debt.chains,,A,computed from the per-security register (debt_interest_by_security / debt_flows)
GBR,2026,register,sum_fixed_bullet,86122.648,computed,ggfiscal.debt.register,nominal,20260910T102726Z,ggfiscal.debt.chains,,A,computed from the per-security register (debt_interest_by_security / debt_flows)
GBR,2026,register,sum_inflation_linked,2507.0809999999997,computed,ggfiscal.debt.register,nominal,20260910T102726Z,ggfiscal.debt.chains,,A,computed from the per-security register (debt_interest_by_security / debt_flows)
GBR,2026,register,official_total,11629.78799999998,computed,,nominal,20260910T102726Z,ggfiscal.debt.chains,,B,
GBR,2026,A_cg_cash_requirement,carried_from_previous_step,11629.78799999998,computed,,,20260910T102726Z,ggfiscal.debt.chains,,B,
GBR,2026,A_cg_cash_requirement,issuance_cash_less_nominal,-5436.89261547678,computed,ggfiscal.debt.register,cash,20260910T102726Z,ggfiscal.debt.chains,,B,
GBR,2026,A_cg_cash_requirement,official_total,,official,,,20260910T102726Z,ggfiscal.debt.chains,,A,
GBR,2026,A_cg_cash_requirement,residual,,residual,,,20260910T102726Z,ggfiscal.debt.chains,,B,
GBR,2026,B_s1311_b9,carried_from_previous_step,6192.895384523201,computed,,,20260910T102726Z,ggfiscal.debt.chains,,B,
GBR,2026,B_s1311_b9,official_total,,official,,,20260910T102726Z,ggfiscal.debt.chains,,A,
GBR,2026,B_s1311_b9,residual,,residual,,,20260910T102726Z,ggfiscal.debt.chains,,B,
GBR,2026,C_s13_nlb,carried_from_previous_step,6192.895384523201,computed,,,20260910T102726Z,ggfiscal.debt.chains,,B,
GBR,2026,C_s13_nlb,official_total,,official,,,20260910T102726Z,ggfiscal.debt.chains,,A,
GBR,2026,C_s13_nlb,residual,,residual,,,20260910T102726Z,ggfiscal.debt.chains,,B,
GBR,2027,register,sum_bill,-27499.973,computed,ggfiscal.debt.register,nominal,20260910T102726Z,ggfiscal.debt.chains,,A,computed from the per-security register (debt_interest_by_security / debt_flows)
GBR,2027,register,official_total,-27499.973,computed,,nominal,20260910T102726Z,ggfiscal.debt.chains,,B,
GBR,2027,A_cg_cash_requirement,carried_from_previous_step,-27499.973,computed,,,20260910T102726Z,ggfiscal.debt.chains,,B,
GBR,2027,A_cg_cash_requirement,official_total,,official,,,20260910T102726Z,ggfiscal.debt.chains,,A,
GBR,2027,A_cg_cash_requirement,residual,,residual,,,20260910T102726Z,ggfiscal.debt.chains,,B,
GBR,2027,B_s1311_b9,carried_from_previous_step,-27499.973,computed,,,20260910T102726Z,ggfiscal.debt.chains,,B,
GBR,2027,B_s1311_b9,official_total,,official,,,20260910T102726Z,ggfiscal.debt.chains,,A,
GBR,2027,B_s1311_b9,residual,,residual,,,20260910T102726Z,ggfiscal.debt.chains,,B,
GBR,2027,C_s13_nlb,carried_from_previous_step,-27499.973,computed,,,20260910T102726Z,ggfiscal.debt.chains,,B,
GBR,2027,C_s13_nlb,official_total,,official,,,20260910T102726Z,ggfiscal.debt.chains,,A,
GBR,2027,C_s13_nlb,residual,,residual,,,20260910T102726Z,ggfiscal.debt.chains,,B,
FRA,1978,register,official_total,,computed,,,20260910T102726Z,ggfiscal.debt.chains,,B,
FRA,1978,A_cg_cash_requirement,carried_from_previous_step,,computed,,,20260910T102726Z,ggfiscal.debt.chains,,B,
FRA,1978,A_cg_cash_requirement,official_total,,official,FRA_AFT_FINANCEMENT,cash,20260910T102726Z,ggfiscal.debt.chains,,A,
FRA,1978,A_cg_cash_requirement,residual,,residual,,,20260910T102726Z,ggfiscal.debt.chains,,B,
FRA,1978,B_s1311_b9,carried_from_previous_step,,computed,,,20260910T102726Z,ggfiscal.debt.chains,,B,
FRA,1978,B_s1311_b9,official_total,,official,EUROSTAT_GOV10A_MAIN_S1311,accrued,20260910T102726Z,ggfiscal.debt.chains,,A,
FRA,1978,B_s1311_b9,residual,,residual,,,20260910T102726Z,ggfiscal.debt.chains,,B,
FRA,1978,C_s13_nlb,carried_from_previous_step,,computed,,,20260910T102726Z,ggfiscal.debt.chains,,B,
FRA,1978,C_s13_nlb,official_total,,official,package_NLB,accrued,20260910T102726Z,ggfiscal.debt.chains,,A,
FRA,1978,C_s13_nlb,residual,,residual,,,20260910T102726Z,ggfiscal.debt.chains,,B,
FRA,1979,register,official_total,,computed,,,20260910T102726Z,ggfiscal.debt.chains,,B,
FRA,1979,A_cg_cash_requirement,carried_from_previous_step,,computed,,,20260910T102726Z,ggfiscal.debt.chains,,B,
FRA,1979,A_cg_cash_requirement,official_total,,official,FRA_AFT_FINANCEMENT,cash,20260910T102726Z,ggfiscal.debt.chains,,A,
FRA,1979,A_cg_cash_requirement,residual,,residual,,,20260910T102726Z,ggfiscal.debt.chains,,B,
FRA,1979,B_s1311_b9,carried_from_previous_step,,computed,,,20260910T102726Z,ggfiscal.debt.chains,,B,
FRA,1979,B_s1311_b9,official_total,,official,EUROSTAT_GOV10A_MAIN_S1311,accrued,20260910T102726Z,ggfiscal.debt.chains,,A,
FRA,1979,B_s1311_b9,residual,,residual,,,20260910T102726Z,ggfiscal.debt.chains,,B,
FRA,1979,C_s13_nlb,carried_from_previous_step,,computed,,,20260910T102726Z,ggfiscal.debt.chains,,B,
FRA,1979,C_s13_nlb,official_total,,official,package_NLB,accrued,20260910T102726Z,ggfiscal.debt.chains,,A,
FRA,1979,C_s13_nlb,residual,,residual,,,20260910T102726Z,ggfiscal.debt.chains,,B,
FRA,1980,register,official_total,,computed,,,20260910T102726Z,ggfiscal.debt.chains,,B,
FRA,1980,A_cg_cash_requirement,carried_from_previous_step,,computed,,,20260910T102726Z,ggfiscal.debt.chains,,B,
FRA,1980,A_cg_cash_requirement,official_total,,official,FRA_AFT_FINANCEMENT,cash,20260910T102726Z,ggfiscal.debt.chains,,A,
FRA,1980,A_cg_cash_requirement,residual,,residual,,,20260910T102726Z,ggfiscal.debt.chains,,B,
FRA,1980,B_s1311_b9,carried_from_previous_step,,computed,,,20260910T102726Z,ggfiscal.debt.chains,,B,
FRA,1980,B_s1311_b9,official_total,,official,EUROSTAT_GOV10A_MAIN_S1311,accrued,20260910T102726Z,ggfiscal.debt.chains,,A,
FRA,1980,B_s1311_b9,residual,,residual,,,20260910T102726Z,ggfiscal.debt.chains,,B,
FRA,1980,C_s13_nlb,carried_from_previous_step,,computed,,,20260910T102726Z,ggfiscal.debt.chains,,B,
FRA,1980,C_s13_nlb,official_total,,official,package_NLB,accrued,20260910T102726Z,ggfiscal.debt.chains,,A,
FRA,1980,C_s13_nlb,residual,,residual,,,20260910T102726Z,ggfiscal.debt.chains,,B,
FRA,1981,register,official_total,,computed,,,20260910T102726Z,ggfiscal.debt.chains,,B,
FRA,1981,A_cg_cash_requirement,carried_from_previous_step,,computed,,,20260910T102726Z,ggfiscal.debt.chains,,B,
FRA,1981,A_cg_cash_requirement,official_total,,official,FRA_AFT_FINANCEMENT,cash,20260910T102726Z,ggfiscal.debt.chains,,A,
FRA,1981,A_cg_cash_requirement,residual,,residual,,,20260910T102726Z,ggfiscal.debt.chains,,B,
FRA,1981,B_s1311_b9,carried_from_previous_step,,computed,,,20260910T102726Z,ggfiscal.debt.chains,,B,
FRA,1981,B_s1311_b9,official_total,,official,EUROSTAT_GOV10A_MAIN_S1311,accrued,20260910T102726Z,ggfiscal.debt.chains,,A,
FRA,1981,B_s1311_b9,residual,,residual,,,20260910T102726Z,ggfiscal.debt.chains,,B,
FRA,1981,C_s13_nlb,carried_from_previous_step,,computed,,,20260910T102726Z,ggfiscal.debt.chains,,B,
FRA,1981,C_s13_nlb,official_total,,official,package_NLB,accrued,20260910T102726Z,ggfiscal.debt.chains,,A,
FRA,1981,C_s13_nlb,residual,,residual,,,20260910T102726Z,ggfiscal.debt.chains,,B,
FRA,1982,register,official_total,,computed,,,20260910T102726Z,ggfiscal.debt.chains,,B,
FRA,1982,A_cg_cash_requirement,carried_from_previous_step,,computed,,,20260910T102726Z,ggfiscal.debt.chains,,B,
FRA,1982,A_cg_cash_requirement,official_total,,official,FRA_AFT_FINANCEMENT,cash,20260910T102726Z,ggfiscal.debt.chains,,A,
FRA,1982,A_cg_cash_requirement,residual,,residual,,,20260910T102726Z,ggfiscal.debt.chains,,B,
FRA,1982,B_s1311_b9,carried_from_previous_step,,computed,,,20260910T102726Z,ggfiscal.debt.chains,,B,
FRA,1982,B_s1311_b9,official_total,,official,EUROSTAT_GOV10A_MAIN_S1311,accrued,20260910T102726Z,ggfiscal.debt.chains,,A,
FRA,1982,B_s1311_b9,residual,,residual,,,20260910T102726Z,ggfiscal.debt.chains,,B,
FRA,1982,C_s13_nlb,carried_from_previous_step,,computed,,,20260910T102726Z,ggfiscal.debt.chains,,B,
FRA,1982,C_s13_nlb,official_total,,official,package_NLB,accrued,20260910T102726Z,ggfiscal.debt.chains,,A,
FRA,1982,C_s13_nlb,residual,,residual,,,20260910T102726Z,ggfiscal.debt.chains,,B,
FRA,1983,register,official_total,,computed,,,20260910T102726Z,ggfiscal.debt.chains,,B,
FRA,1983,A_cg_cash_requirement,carried_from_previous_step,,computed,,,20260910T102726Z,ggfiscal.debt.chains,,B,
FRA,1983,A_cg_cash_requirement,official_total,,official,FRA_AFT_FINANCEMENT,cash,20260910T102726Z,ggfiscal.debt.chains,,A,
FRA,1983,A_cg_cash_requirement,residual,,residual,,,20260910T102726Z,ggfiscal.debt.chains,,B,
FRA,1983,B_s1311_b9,carried_from_previous_step,,computed,,,20260910T102726Z,ggfiscal.debt.chains,,B,
FRA,1983,B_s1311_b9,official_total,,official,EUROSTAT_GOV10A_MAIN_S1311,accrued,20260910T102726Z,ggfiscal.debt.chains,,A,
FRA,1983,B_s1311_b9,residual,,residual,,,20260910T102726Z,ggfiscal.debt.chains,,B,
FRA,1983,C_s13_nlb,carried_from_previous_step,,computed,,,20260910T102726Z,ggfiscal.debt.chains,,B,
FRA,1983,C_s13_nlb,official_total,,official,package_NLB,accrued,20260910T102726Z,ggfiscal.debt.chains,,A,
FRA,1983,C_s13_nlb,residual,,residual,,,20260910T102726Z,ggfiscal.debt.chains,,B,
FRA,1984,register,official_total,,computed,,,20260910T102726Z,ggfiscal.debt.chains,,B,
FRA,1984,A_cg_cash_requirement,carried_from_previous_step,,computed,,,20260910T102726Z,ggfiscal.debt.chains,,B,
FRA,1984,A_cg_cash_requirement,official_total,,official,FRA_AFT_FINANCEMENT,cash,20260910T102726Z,ggfiscal.debt.chains,,A,
FRA,1984,A_cg_cash_requirement,residual,,residual,,,20260910T102726Z,ggfiscal.debt.chains,,B,
FRA,1984,B_s1311_b9,carried_from_previous_step,,computed,,,20260910T102726Z,ggfiscal.debt.chains,,B,
FRA,1984,B_s1311_b9,official_total,,official,EUROSTAT_GOV10A_MAIN_S1311,accrued,20260910T102726Z,ggfiscal.debt.chains,,A,
FRA,1984,B_s1311_b9,residual,,residual,,,20260910T102726Z,ggfiscal.debt.chains,,B,
FRA,1984,C_s13_nlb,carried_from_previous_step,,computed,,,20260910T102726Z,ggfiscal.debt.chains,,B,
FRA,1984,C_s13_nlb,official_total,,official,package_NLB,accrued,20260910T102726Z,ggfiscal.debt.chains,,A,
FRA,1984,C_s13_nlb,residual,,residual,,,20260910T102726Z,ggfiscal.debt.chains,,B,
FRA,1985,register,official_total,,computed,,,20260910T102726Z,ggfiscal.debt.chains,,B,
FRA,1985,A_cg_cash_requirement,carried_from_previous_step,,computed,,,20260910T102726Z,ggfiscal.debt.chains,,B,
FRA,1985,A_cg_cash_requirement,official_total,,official,FRA_AFT_FINANCEMENT,cash,20260910T102726Z,ggfiscal.debt.chains,,A,
FRA,1985,A_cg_cash_requirement,residual,,residual,,,20260910T102726Z,ggfiscal.debt.chains,,B,
FRA,1985,B_s1311_b9,carried_from_previous_step,,computed,,,20260910T102726Z,ggfiscal.debt.chains,,B,
FRA,1985,B_s1311_b9,official_total,,official,EUROSTAT_GOV10A_MAIN_S1311,accrued,20260910T102726Z,ggfiscal.debt.chains,,A,
FRA,1985,B_s1311_b9,residual,,residual,,,20260910T102726Z,ggfiscal.debt.chains,,B,
FRA,1985,C_s13_nlb,carried_from_previous_step,,computed,,,20260910T102726Z,ggfiscal.debt.chains,,B,
FRA,1985,C_s13_nlb,official_total,,official,package_NLB,accrued,20260910T102726Z,ggfiscal.debt.chains,,A,
FRA,1985,C_s13_nlb,residual,,residual,,,20260910T102726Z,ggfiscal.debt.chains,,B,
FRA,1986,register,official_total,,computed,,,20260910T102726Z,ggfiscal.debt.chains,,B,
FRA,1986,A_cg_cash_requirement,carried_from_previous_step,,computed,,,20260910T102726Z,ggfiscal.debt.chains,,B,
FRA,1986,A_cg_cash_requirement,official_total,,official,FRA_AFT_FINANCEMENT,cash,20260910T102726Z,ggfiscal.debt.chains,,A,
FRA,1986,A_cg_cash_requirement,residual,,residual,,,20260910T102726Z,ggfiscal.debt.chains,,B,
FRA,1986,B_s1311_b9,carried_from_previous_step,,computed,,,20260910T102726Z,ggfiscal.debt.chains,,B,
FRA,1986,B_s1311_b9,official_total,,official,EUROSTAT_GOV10A_MAIN_S1311,accrued,20260910T102726Z,ggfiscal.debt.chains,,A,
FRA,1986,B_s1311_b9,residual,,residual,,,20260910T102726Z,ggfiscal.debt.chains,,B,
FRA,1986,C_s13_nlb,carried_from_previous_step,,computed,,,20260910T102726Z,ggfiscal.debt.chains,,B,
FRA,1986,C_s13_nlb,official_total,,official,package_NLB,accrued,20260910T102726Z,ggfiscal.debt.chains,,A,
FRA,1986,C_s13_nlb,residual,,residual,,,20260910T102726Z,ggfiscal.debt.chains,,B,
FRA,1987,register,official_total,,computed,,,20260910T102726Z,ggfiscal.debt.chains,,B,
FRA,1987,A_cg_cash_requirement,carried_from_previous_step,,computed,,,20260910T102726Z,ggfiscal.debt.chains,,B,
FRA,1987,A_cg_cash_requirement,official_total,,official,FRA_AFT_FINANCEMENT,cash,20260910T102726Z,ggfiscal.debt.chains,,A,
FRA,1987,A_cg_cash_requirement,residual,,residual,,,20260910T102726Z,ggfiscal.debt.chains,,B,
FRA,1987,B_s1311_b9,carried_from_previous_step,,computed,,,20260910T102726Z,ggfiscal.debt.chains,,B,
FRA,1987,B_s1311_b9,official_total,,official,EUROSTAT_GOV10A_MAIN_S1311,accrued,20260910T102726Z,ggfiscal.debt.chains,,A,
FRA,1987,B_s1311_b9,residual,,residual,,,20260910T102726Z,ggfiscal.debt.chains,,B,
FRA,1987,C_s13_nlb,carried_from_previous_step,,computed,,,20260910T102726Z,ggfiscal.debt.chains,,B,
FRA,1987,C_s13_nlb,official_total,,official,package_NLB,accrued,20260910T102726Z,ggfiscal.debt.chains,,A,
FRA,1987,C_s13_nlb,residual,,residual,,,20260910T102726Z,ggfiscal.debt.chains,,B,
FRA,1988,register,official_total,,computed,,,20260910T102726Z,ggfiscal.debt.chains,,B,
FRA,1988,A_cg_cash_requirement,carried_from_previous_step,,computed,,,20260910T102726Z,ggfiscal.debt.chains,,B,
FRA,1988,A_cg_cash_requirement,official_total,,official,FRA_AFT_FINANCEMENT,cash,20260910T102726Z,ggfiscal.debt.chains,,A,
FRA,1988,A_cg_cash_requirement,residual,,residual,,,20260910T102726Z,ggfiscal.debt.chains,,B,
FRA,1988,B_s1311_b9,carried_from_previous_step,,computed,,,20260910T102726Z,ggfiscal.debt.chains,,B,
FRA,1988,B_s1311_b9,official_total,,official,EUROSTAT_GOV10A_MAIN_S1311,accrued,20260910T102726Z,ggfiscal.debt.chains,,A,
FRA,1988,B_s1311_b9,residual,,residual,,,20260910T102726Z,ggfiscal.debt.chains,,B,
FRA,1988,C_s13_nlb,carried_from_previous_step,,computed,,,20260910T102726Z,ggfiscal.debt.chains,,B,
FRA,1988,C_s13_nlb,official_total,,official,package_NLB,accrued,20260910T102726Z,ggfiscal.debt.chains,,A,
FRA,1988,C_s13_nlb,residual,,residual,,,20260910T102726Z,ggfiscal.debt.chains,,B,
FRA,1989,register,official_total,,computed,,,20260910T102726Z,ggfiscal.debt.chains,,B,
FRA,1989,A_cg_cash_requirement,carried_from_previous_step,,computed,,,20260910T102726Z,ggfiscal.debt.chains,,B,
FRA,1989,A_cg_cash_requirement,official_total,,official,FRA_AFT_FINANCEMENT,cash,20260910T102726Z,ggfiscal.debt.chains,,A,
FRA,1989,A_cg_cash_requirement,residual,,residual,,,20260910T102726Z,ggfiscal.debt.chains,,B,
FRA,1989,B_s1311_b9,carried_from_previous_step,,computed,,,20260910T102726Z,ggfiscal.debt.chains,,B,
FRA,1989,B_s1311_b9,official_total,,official,EUROSTAT_GOV10A_MAIN_S1311,accrued,20260910T102726Z,ggfiscal.debt.chains,,A,
FRA,1989,B_s1311_b9,residual,,residual,,,20260910T102726Z,ggfiscal.debt.chains,,B,
FRA,1989,C_s13_nlb,carried_from_previous_step,,computed,,,20260910T102726Z,ggfiscal.debt.chains,,B,
FRA,1989,C_s13_nlb,official_total,,official,package_NLB,accrued,20260910T102726Z,ggfiscal.debt.chains,,A,
FRA,1989,C_s13_nlb,residual,,residual,,,20260910T102726Z,ggfiscal.debt.chains,,B,
FRA,1990,register,official_total,,computed,,,20260910T102726Z,ggfiscal.debt.chains,,B,
FRA,1990,A_cg_cash_requirement,carried_from_previous_step,,computed,,,20260910T102726Z,ggfiscal.debt.chains,,B,
FRA,1990,A_cg_cash_requirement,official_total,,official,FRA_AFT_FINANCEMENT,cash,20260910T102726Z,ggfiscal.debt.chains,,A,
FRA,1990,A_cg_cash_requirement,residual,,residual,,,20260910T102726Z,ggfiscal.debt.chains,,B,
FRA,1990,B_s1311_b9,carried_from_previous_step,,computed,,,20260910T102726Z,ggfiscal.debt.chains,,B,
FRA,1990,B_s1311_b9,official_total,,official,EUROSTAT_GOV10A_MAIN_S1311,accrued,20260910T102726Z,ggfiscal.debt.chains,,A,
FRA,1990,B_s1311_b9,residual,,residual,,,20260910T102726Z,ggfiscal.debt.chains,,B,
FRA,1990,C_s13_nlb,carried_from_previous_step,,computed,,,20260910T102726Z,ggfiscal.debt.chains,,B,
FRA,1990,C_s13_nlb,official_total,,official,package_NLB,accrued,20260910T102726Z,ggfiscal.debt.chains,,A,
FRA,1990,C_s13_nlb,residual,,residual,,,20260910T102726Z,ggfiscal.debt.chains,,B,
FRA,1991,register,official_total,,computed,,,20260910T102726Z,ggfiscal.debt.chains,,B,
FRA,1991,A_cg_cash_requirement,carried_from_previous_step,,computed,,,20260910T102726Z,ggfiscal.debt.chains,,B,
FRA,1991,A_cg_cash_requirement,official_total,,official,FRA_AFT_FINANCEMENT,cash,20260910T102726Z,ggfiscal.debt.chains,,A,
FRA,1991,A_cg_cash_requirement,residual,,residual,,,20260910T102726Z,ggfiscal.debt.chains,,B,
FRA,1991,B_s1311_b9,carried_from_previous_step,,computed,,,20260910T102726Z,ggfiscal.debt.chains,,B,
FRA,1991,B_s1311_b9,official_total,,official,EUROSTAT_GOV10A_MAIN_S1311,accrued,20260910T102726Z,ggfiscal.debt.chains,,A,
FRA,1991,B_s1311_b9,residual,,residual,,,20260910T102726Z,ggfiscal.debt.chains,,B,
FRA,1991,C_s13_nlb,carried_from_previous_step,,computed,,,20260910T102726Z,ggfiscal.debt.chains,,B,
FRA,1991,C_s13_nlb,official_total,,official,package_NLB,accrued,20260910T102726Z,ggfiscal.debt.chains,,A,
FRA,1991,C_s13_nlb,residual,,residual,,,20260910T102726Z,ggfiscal.debt.chains,,B,
FRA,1992,register,official_total,,computed,,,20260910T102726Z,ggfiscal.debt.chains,,B,
FRA,1992,A_cg_cash_requirement,carried_from_previous_step,,computed,,,20260910T102726Z,ggfiscal.debt.chains,,B,
FRA,1992,A_cg_cash_requirement,official_total,,official,FRA_AFT_FINANCEMENT,cash,20260910T102726Z,ggfiscal.debt.chains,,A,
FRA,1992,A_cg_cash_requirement,residual,,residual,,,20260910T102726Z,ggfiscal.debt.chains,,B,
FRA,1992,B_s1311_b9,carried_from_previous_step,,computed,,,20260910T102726Z,ggfiscal.debt.chains,,B,
FRA,1992,B_s1311_b9,official_total,,official,EUROSTAT_GOV10A_MAIN_S1311,accrued,20260910T102726Z,ggfiscal.debt.chains,,A,
FRA,1992,B_s1311_b9,residual,,residual,,,20260910T102726Z,ggfiscal.debt.chains,,B,
FRA,1992,C_s13_nlb,carried_from_previous_step,,computed,,,20260910T102726Z,ggfiscal.debt.chains,,B,
FRA,1992,C_s13_nlb,official_total,,official,package_NLB,accrued,20260910T102726Z,ggfiscal.debt.chains,,A,
FRA,1992,C_s13_nlb,residual,,residual,,,20260910T102726Z,ggfiscal.debt.chains,,B,
FRA,1993,register,official_total,,computed,,,20260910T102726Z,ggfiscal.debt.chains,,B,
FRA,1993,A_cg_cash_requirement,carried_from_previous_step,,computed,,,20260910T102726Z,ggfiscal.debt.chains,,B,
FRA,1993,A_cg_cash_requirement,official_total,,official,FRA_AFT_FINANCEMENT,cash,20260910T102726Z,ggfiscal.debt.chains,,A,
FRA,1993,A_cg_cash_requirement,residual,,residual,,,20260910T102726Z,ggfiscal.debt.chains,,B,
FRA,1993,B_s1311_b9,carried_from_previous_step,,computed,,,20260910T102726Z,ggfiscal.debt.chains,,B,
FRA,1993,B_s1311_b9,official_total,,official,EUROSTAT_GOV10A_MAIN_S1311,accrued,20260910T102726Z,ggfiscal.debt.chains,,A,
FRA,1993,B_s1311_b9,residual,,residual,,,20260910T102726Z,ggfiscal.debt.chains,,B,
FRA,1993,C_s13_nlb,carried_from_previous_step,,computed,,,20260910T102726Z,ggfiscal.debt.chains,,B,
FRA,1993,C_s13_nlb,official_total,,official,package_NLB,accrued,20260910T102726Z,ggfiscal.debt.chains,,A,
FRA,1993,C_s13_nlb,residual,,residual,,,20260910T102726Z,ggfiscal.debt.chains,,B,
FRA,1994,register,official_total,,computed,,,20260910T102726Z,ggfiscal.debt.chains,,B,
FRA,1994,A_cg_cash_requirement,carried_from_previous_step,,computed,,,20260910T102726Z,ggfiscal.debt.chains,,B,
FRA,1994,A_cg_cash_requirement,official_total,,official,FRA_AFT_FINANCEMENT,cash,20260910T102726Z,ggfiscal.debt.chains,,A,
FRA,1994,A_cg_cash_requirement,residual,,residual,,,20260910T102726Z,ggfiscal.debt.chains,,B,
FRA,1994,B_s1311_b9,carried_from_previous_step,,computed,,,20260910T102726Z,ggfiscal.debt.chains,,B,
FRA,1994,B_s1311_b9,official_total,,official,EUROSTAT_GOV10A_MAIN_S1311,accrued,20260910T102726Z,ggfiscal.debt.chains,,A,
FRA,1994,B_s1311_b9,residual,,residual,,,20260910T102726Z,ggfiscal.debt.chains,,B,
FRA,1994,C_s13_nlb,carried_from_previous_step,,computed,,,20260910T102726Z,ggfiscal.debt.chains,,B,
FRA,1994,C_s13_nlb,official_total,,official,package_NLB,accrued,20260910T102726Z,ggfiscal.debt.chains,,A,
FRA,1994,C_s13_nlb,residual,,residual,,,20260910T102726Z,ggfiscal.debt.chains,,B,
FRA,1995,register,official_total,,computed,,,20260910T102726Z,ggfiscal.debt.chains,,B,
FRA,1995,A_cg_cash_requirement,carried_from_previous_step,,computed,,,20260910T102726Z,ggfiscal.debt.chains,,B,
FRA,1995,A_cg_cash_requirement,official_total,,official,FRA_AFT_FINANCEMENT,cash,20260910T102726Z,ggfiscal.debt.chains,,A,
FRA,1995,A_cg_cash_requirement,residual,,residual,,,20260910T102726Z,ggfiscal.debt.chains,,B,
FRA,1995,B_s1311_b9,carried_from_previous_step,,computed,,,20260910T102726Z,ggfiscal.debt.chains,,B,
FRA,1995,B_s1311_b9,official_total,49274.0,official,EUROSTAT_GOV10A_MAIN_S1311,"accrued, net borrowing = -B.9",20260910T102726Z,ggfiscal.debt.chains,,A,
FRA,1995,B_s1311_b9,residual,,residual,,"accrued, net borrowing = -B.9",20260910T102726Z,ggfiscal.debt.chains,,B,
FRA,1995,C_s13_nlb,carried_from_previous_step,49274.0,computed,,,20260910T102726Z,ggfiscal.debt.chains,,B,
FRA,1995,C_s13_nlb,local_government_net_borrowing,3894.5,official,EUROSTAT_GOV10A_MAIN_S1311,"accrued, net borrowing = -B.9",20260910T102726Z,ggfiscal.debt.chains,,A,
FRA,1995,C_s13_nlb,social_security_funds_net_borrowing,8870.2,official,EUROSTAT_GOV10A_MAIN_S1311,"accrued, net borrowing = -B.9",20260910T102726Z,ggfiscal.debt.chains,,A,
FRA,1995,C_s13_nlb,official_total,62038.70000000007,official,package_NLB,"accrued, net borrowing = -B.9",20260910T102726Z,ggfiscal.debt.chains,,A,
FRA,1995,C_s13_nlb,residual,7.275957614183426e-11,residual,,"accrued, net borrowing = -B.9",20260910T102726Z,ggfiscal.debt.chains,,B,
FRA,1996,register,official_total,,computed,,,20260910T102726Z,ggfiscal.debt.chains,,B,
FRA,1996,A_cg_cash_requirement,carried_from_previous_step,,computed,,,20260910T102726Z,ggfiscal.debt.chains,,B,
FRA,1996,A_cg_cash_requirement,official_total,,official,FRA_AFT_FINANCEMENT,cash,20260910T102726Z,ggfiscal.debt.chains,,A,
FRA,1996,A_cg_cash_requirement,residual,,residual,,,20260910T102726Z,ggfiscal.debt.chains,,B,
FRA,1996,B_s1311_b9,carried_from_previous_step,,computed,,,20260910T102726Z,ggfiscal.debt.chains,,B,
FRA,1996,B_s1311_b9,official_total,42761.0,official,EUROSTAT_GOV10A_MAIN_S1311,"accrued, net borrowing = -B.9",20260910T102726Z,ggfiscal.debt.chains,,A,
FRA,1996,B_s1311_b9,residual,,residual,,"accrued, net borrowing = -B.9",20260910T102726Z,ggfiscal.debt.chains,,B,
FRA,1996,C_s13_nlb,carried_from_previous_step,42761.0,computed,,,20260910T102726Z,ggfiscal.debt.chains,,B,
FRA,1996,C_s13_nlb,local_government_net_borrowing,1000.1,official,EUROSTAT_GOV10A_MAIN_S1311,"accrued, net borrowing = -B.9",20260910T102726Z,ggfiscal.debt.chains,,A,
FRA,1996,C_s13_nlb,social_security_funds_net_borrowing,4822.9,official,EUROSTAT_GOV10A_MAIN_S1311,"accrued, net borrowing = -B.9",20260910T102726Z,ggfiscal.debt.chains,,A,
FRA,1996,C_s13_nlb,official_total,48584.0,official,package_NLB,"accrued, net borrowing = -B.9",20260910T102726Z,ggfiscal.debt.chains,,A,
FRA,1996,C_s13_nlb,residual,0.0,residual,,"accrued, net borrowing = -B.9",20260910T102726Z,ggfiscal.debt.chains,,B,
FRA,1997,register,official_total,,computed,,,20260910T102726Z,ggfiscal.debt.chains,,B,
FRA,1997,A_cg_cash_requirement,carried_from_previous_step,,computed,,,20260910T102726Z,ggfiscal.debt.chains,,B,
FRA,1997,A_cg_cash_requirement,official_total,,official,FRA_AFT_FINANCEMENT,cash,20260910T102726Z,ggfiscal.debt.chains,,A,
FRA,1997,A_cg_cash_requirement,residual,,residual,,,20260910T102726Z,ggfiscal.debt.chains,,B,
FRA,1997,B_s1311_b9,carried_from_previous_step,,computed,,,20260910T102726Z,ggfiscal.debt.chains,,B,
FRA,1997,B_s1311_b9,official_total,46207.3,official,EUROSTAT_GOV10A_MAIN_S1311,"accrued, net borrowing = -B.9",20260910T102726Z,ggfiscal.debt.chains,,A,
FRA,1997,B_s1311_b9,residual,,residual,,"accrued, net borrowing = -B.9",20260910T102726Z,ggfiscal.debt.chains,,B,
FRA,1997,C_s13_nlb,carried_from_previous_step,46207.3,computed,,,20260910T102726Z,ggfiscal.debt.chains,,B,
FRA,1997,C_s13_nlb,local_government_net_borrowing,-1385.8,official,EUROSTAT_GOV10A_MAIN_S1311,"accrued, net borrowing = -B.9",20260910T102726Z,ggfiscal.debt.chains,,A,
FRA,1997,C_s13_nlb,social_security_funds_net_borrowing,3043.8,official,EUROSTAT_GOV10A_MAIN_S1311,"accrued, net borrowing = -B.9",20260910T102726Z,ggfiscal.debt.chains,,A,
FRA,1997,C_s13_nlb,official_total,47865.29999999993,official,package_NLB,"accrued, net borrowing = -B.9",20260910T102726Z,ggfiscal.debt.chains,,A,
FRA,1997,C_s13_nlb,residual,-7.275957614183426e-11,residual,,"accrued, net borrowing = -B.9",20260910T102726Z,ggfiscal.debt.chains,,B,
FRA,1998,register,official_total,,computed,,,20260910T102726Z,ggfiscal.debt.chains,,B,
FRA,1998,A_cg_cash_requirement,carried_from_previous_step,,computed,,,20260910T102726Z,ggfiscal.debt.chains,,B,
FRA,1998,A_cg_cash_requirement,official_total,,official,FRA_AFT_FINANCEMENT,cash,20260910T102726Z,ggfiscal.debt.chains,,A,
FRA,1998,A_cg_cash_requirement,residual,,residual,,,20260910T102726Z,ggfiscal.debt.chains,,B,
FRA,1998,B_s1311_b9,carried_from_previous_step,,computed,,,20260910T102726Z,ggfiscal.debt.chains,,B,
FRA,1998,B_s1311_b9,official_total,34596.3,official,EUROSTAT_GOV10A_MAIN_S1311,"accrued, net borrowing = -B.9",20260910T102726Z,ggfiscal.debt.chains,,A,
FRA,1998,B_s1311_b9,residual,,residual,,"accrued, net borrowing = -B.9",20260910T102726Z,ggfiscal.debt.chains,,B,
FRA,1998,C_s13_nlb,carried_from_previous_step,34596.3,computed,,,20260910T102726Z,ggfiscal.debt.chains,,B,
FRA,1998,C_s13_nlb,local_government_net_borrowing,-2546.1,official,EUROSTAT_GOV10A_MAIN_S1311,"accrued, net borrowing = -B.9",20260910T102726Z,ggfiscal.debt.chains,,A,
FRA,1998,C_s13_nlb,social_security_funds_net_borrowing,144.5,official,EUROSTAT_GOV10A_MAIN_S1311,"accrued, net borrowing = -B.9",20260910T102726Z,ggfiscal.debt.chains,,A,
FRA,1998,C_s13_nlb,official_total,32194.699999999953,official,package_NLB,"accrued, net borrowing = -B.9",20260910T102726Z,ggfiscal.debt.chains,,A,
FRA,1998,C_s13_nlb,residual,-5.093170329928398e-11,residual,,"accrued, net borrowing = -B.9",20260910T102726Z,ggfiscal.debt.chains,,B,
FRA,1999,register,official_total,,computed,,,20260910T102726Z,ggfiscal.debt.chains,,B,
FRA,1999,A_cg_cash_requirement,carried_from_previous_step,,computed,,,20260910T102726Z,ggfiscal.debt.chains,,B,
FRA,1999,A_cg_cash_requirement,official_total,,official,FRA_AFT_FINANCEMENT,cash,20260910T102726Z,ggfiscal.debt.chains,,A,
FRA,1999,A_cg_cash_requirement,residual,,residual,,,20260910T102726Z,ggfiscal.debt.chains,,B,
FRA,1999,B_s1311_b9,carried_from_previous_step,,computed,,,20260910T102726Z,ggfiscal.debt.chains,,B,
FRA,1999,B_s1311_b9,official_total,30182.6,official,EUROSTAT_GOV10A_MAIN_S1311,"accrued, net borrowing = -B.9",20260910T102726Z,ggfiscal.debt.chains,,A,
FRA,1999,B_s1311_b9,residual,,residual,,"accrued, net borrowing = -B.9",20260910T102726Z,ggfiscal.debt.chains,,B,
FRA,1999,C_s13_nlb,carried_from_previous_step,30182.6,computed,,,20260910T102726Z,ggfiscal.debt.chains,,B,
FRA,1999,C_s13_nlb,local_government_net_borrowing,-2764.1,official,EUROSTAT_GOV10A_MAIN_S1311,"accrued, net borrowing = -B.9",20260910T102726Z,ggfiscal.debt.chains,,A,
FRA,1999,C_s13_nlb,social_security_funds_net_borrowing,-5874.2,official,EUROSTAT_GOV10A_MAIN_S1311,"accrued, net borrowing = -B.9",20260910T102726Z,ggfiscal.debt.chains,,A,
FRA,1999,C_s13_nlb,official_total,21544.300000000047,official,package_NLB,"accrued, net borrowing = -B.9",20260910T102726Z,ggfiscal.debt.chains,,A,
FRA,1999,C_s13_nlb,residual,4.729372449219227e-11,residual,,"accrued, net borrowing = -B.9",20260910T102726Z,ggfiscal.debt.chains,,B,
FRA,2000,register,official_total,,computed,,,20260910T102726Z,ggfiscal.debt.chains,,B,
FRA,2000,A_cg_cash_requirement,carried_from_previous_step,,computed,,,20260910T102726Z,ggfiscal.debt.chains,,B,
FRA,2000,A_cg_cash_requirement,official_total,,official,FRA_AFT_FINANCEMENT,cash,20260910T102726Z,ggfiscal.debt.chains,,A,
FRA,2000,A_cg_cash_requirement,residual,,residual,,,20260910T102726Z,ggfiscal.debt.chains,,B,
FRA,2000,B_s1311_b9,carried_from_previous_step,,computed,,,20260910T102726Z,ggfiscal.debt.chains,,B,
FRA,2000,B_s1311_b9,official_total,31762.4,official,EUROSTAT_GOV10A_MAIN_S1311,"accrued, net borrowing = -B.9",20260910T102726Z,ggfiscal.debt.chains,,A,
FRA,2000,B_s1311_b9,residual,,residual,,"accrued, net borrowing = -B.9",20260910T102726Z,ggfiscal.debt.chains,,B,
FRA,2000,C_s13_nlb,carried_from_previous_step,31762.4,computed,,,20260910T102726Z,ggfiscal.debt.chains,,B,
FRA,2000,C_s13_nlb,local_government_net_borrowing,-1065.3,official,EUROSTAT_GOV10A_MAIN_S1311,"accrued, net borrowing = -B.9",20260910T102726Z,ggfiscal.debt.chains,,A,
FRA,2000,C_s13_nlb,social_security_funds_net_borrowing,-11354.9,official,EUROSTAT_GOV10A_MAIN_S1311,"accrued, net borrowing = -B.9",20260910T102726Z,ggfiscal.debt.chains,,A,
FRA,2000,C_s13_nlb,official_total,19342.199999999953,official,package_NLB,"accrued, net borrowing = -B.9",20260910T102726Z,ggfiscal.debt.chains,,A,
FRA,2000,C_s13_nlb,residual,-5.093170329928398e-11,residual,,"accrued, net borrowing = -B.9",20260910T102726Z,ggfiscal.debt.chains,,B,
FRA,2001,register,sum_bill,9897.0,official,EUROSTAT_GOV10DD,nominal_change,20260910T102726Z,ggfiscal.debt.chains,,B,aggregate class-level layer (DD8) pending the per-security register (OQ-8)
FRA,2001,register,sum_mixed,33305.19999999995,official,EUROSTAT_GOV10DD,nominal_change,20260910T102726Z,ggfiscal.debt.chains,,B,aggregate class-level layer (DD8) pending the per-security register (OQ-8)
FRA,2001,register,official_total,43202.19999999995,computed,,nominal_change,20260910T102726Z,ggfiscal.debt.chains,,B,
FRA,2001,A_cg_cash_requirement,carried_from_previous_step,43202.19999999995,computed,,,20260910T102726Z,ggfiscal.debt.chains,,B,
FRA,2001,A_cg_cash_requirement,official_total,,official,FRA_AFT_FINANCEMENT,cash,20260910T102726Z,ggfiscal.debt.chains,,A,
FRA,2001,A_cg_cash_requirement,residual,,residual,,,20260910T102726Z,ggfiscal.debt.chains,,B,
FRA,2001,B_s1311_b9,carried_from_previous_step,43202.19999999995,computed,,,20260910T102726Z,ggfiscal.debt.chains,,B,
FRA,2001,B_s1311_b9,official_total,32766.3,official,EUROSTAT_GOV10A_MAIN_S1311,"accrued, net borrowing = -B.9",20260910T102726Z,ggfiscal.debt.chains,,A,
FRA,2001,B_s1311_b9,residual,-10435.899999999954,residual,,"accrued, net borrowing = -B.9",20260910T102726Z,ggfiscal.debt.chains,,B,
FRA,2001,C_s13_nlb,carried_from_previous_step,32766.3,computed,,,20260910T102726Z,ggfiscal.debt.chains,,B,
FRA,2001,C_s13_nlb,local_government_net_borrowing,-802.9,official,EUROSTAT_GOV10A_MAIN_S1311,"accrued, net borrowing = -B.9",20260910T102726Z,ggfiscal.debt.chains,,A,
FRA,2001,C_s13_nlb,social_security_funds_net_borrowing,-10276.8,official,EUROSTAT_GOV10A_MAIN_S1311,"accrued, net borrowing = -B.9",20260910T102726Z,ggfiscal.debt.chains,,A,
FRA,2001,C_s13_nlb,official_total,21686.599999999977,official,package_NLB,"accrued, net borrowing = -B.9",20260910T102726Z,ggfiscal.debt.chains,,A,
FRA,2001,C_s13_nlb,residual,-2.1827872842550278e-11,residual,,"accrued, net borrowing = -B.9",20260910T102726Z,ggfiscal.debt.chains,,B,
FRA,2002,register,sum_bill,35918.00000000001,official,EUROSTAT_GOV10DD,nominal_change,20260910T102726Z,ggfiscal.debt.chains,,B,aggregate class-level layer (DD8) pending the per-security register (OQ-8)
FRA,2002,register,sum_mixed,26627.800000000047,official,EUROSTAT_GOV10DD,nominal_change,20260910T102726Z,ggfiscal.debt.chains,,B,aggregate class-level layer (DD8) pending the per-security register (OQ-8)
FRA,2002,register,official_total,62545.800000000054,computed,,nominal_change,20260910T102726Z,ggfiscal.debt.chains,,B,
FRA,2002,A_cg_cash_requirement,carried_from_previous_step,62545.800000000054,computed,,,20260910T102726Z,ggfiscal.debt.chains,,B,
FRA,2002,A_cg_cash_requirement,official_total,,official,FRA_AFT_FINANCEMENT,cash,20260910T102726Z,ggfiscal.debt.chains,,A,
FRA,2002,A_cg_cash_requirement,residual,,residual,,,20260910T102726Z,ggfiscal.debt.chains,,B,
FRA,2002,B_s1311_b9,carried_from_previous_step,62545.800000000054,computed,,,20260910T102726Z,ggfiscal.debt.chains,,B,
FRA,2002,B_s1311_b9,official_total,54464.9,official,EUROSTAT_GOV10A_MAIN_S1311,"accrued, net borrowing = -B.9",20260910T102726Z,ggfiscal.debt.chains,,A,
FRA,2002,B_s1311_b9,residual,-8080.900000000052,residual,,"accrued, net borrowing = -B.9",20260910T102726Z,ggfiscal.debt.chains,,B,
FRA,2002,C_s13_nlb,carried_from_previous_step,54464.9,computed,,,20260910T102726Z,ggfiscal.debt.chains,,B,
FRA,2002,C_s13_nlb,local_government_net_borrowing,-1323.3,official,EUROSTAT_GOV10A_MAIN_S1311,"accrued, net borrowing = -B.9",20260910T102726Z,ggfiscal.debt.chains,,A,
FRA,2002,C_s13_nlb,social_security_funds_net_borrowing,-3020.7,official,EUROSTAT_GOV10A_MAIN_S1311,"accrued, net borrowing = -B.9",20260910T102726Z,ggfiscal.debt.chains,,A,
FRA,2002,C_s13_nlb,official_total,50120.90000000002,official,package_NLB,"accrued, net borrowing = -B.9",20260910T102726Z,ggfiscal.debt.chains,,A,
FRA,2002,C_s13_nlb,residual,2.1827872842550278e-11,residual,,"accrued, net borrowing = -B.9",20260910T102726Z,ggfiscal.debt.chains,,B,
FRA,2003,register,sum_bill,21841.29999999999,official,EUROSTAT_GOV10DD,nominal_change,20260910T102726Z,ggfiscal.debt.chains,,B,aggregate class-level layer (DD8) pending the per-security register (OQ-8)
FRA,2003,register,sum_mixed,58308.5,official,EUROSTAT_GOV10DD,nominal_change,20260910T102726Z,ggfiscal.debt.chains,,B,aggregate class-level layer (DD8) pending the per-security register (OQ-8)
FRA,2003,register,official_total,80149.79999999999,computed,,nominal_change,20260910T102726Z,ggfiscal.debt.chains,,B,
FRA,2003,A_cg_cash_requirement,carried_from_previous_step,80149.79999999999,computed,,,20260910T102726Z,ggfiscal.debt.chains,,B,
FRA,2003,A_cg_cash_requirement,official_total,,official,FRA_AFT_FINANCEMENT,cash,20260910T102726Z,ggfiscal.debt.chains,,A,
FRA,2003,A_cg_cash_requirement,residual,,residual,,,20260910T102726Z,ggfiscal.debt.chains,,B,
FRA,2003,B_s1311_b9,carried_from_previous_step,80149.79999999999,computed,,,20260910T102726Z,ggfiscal.debt.chains,,B,
FRA,2003,B_s1311_b9,official_total,61899.6,official,EUROSTAT_GOV10A_MAIN_S1311,"accrued, net borrowing = -B.9",20260910T102726Z,ggfiscal.debt.chains,,A,
FRA,2003,B_s1311_b9,residual,-18250.19999999999,residual,,"accrued, net borrowing = -B.9",20260910T102726Z,ggfiscal.debt.chains,,B,
FRA,2003,C_s13_nlb,carried_from_previous_step,61899.6,computed,,,20260910T102726Z,ggfiscal.debt.chains,,B,
FRA,2003,C_s13_nlb,local_government_net_borrowing,-212.5,official,EUROSTAT_GOV10A_MAIN_S1311,"accrued, net borrowing = -B.9",20260910T102726Z,ggfiscal.debt.chains,,A,
FRA,2003,C_s13_nlb,social_security_funds_net_borrowing,4629.9,official,EUROSTAT_GOV10A_MAIN_S1311,"accrued, net borrowing = -B.9",20260910T102726Z,ggfiscal.debt.chains,,A,
FRA,2003,C_s13_nlb,official_total,66317.0,official,package_NLB,"accrued, net borrowing = -B.9",20260910T102726Z,ggfiscal.debt.chains,,A,
FRA,2003,C_s13_nlb,residual,0.0,residual,,"accrued, net borrowing = -B.9",20260910T102726Z,ggfiscal.debt.chains,,B,
FRA,2004,register,sum_bill,-11770.299999999988,official,EUROSTAT_GOV10DD,nominal_change,20260910T102726Z,ggfiscal.debt.chains,,B,aggregate class-level layer (DD8) pending the per-security register (OQ-8)
FRA,2004,register,sum_mixed,56142.40000000002,official,EUROSTAT_GOV10DD,nominal_change,20260910T102726Z,ggfiscal.debt.chains,,B,aggregate class-level layer (DD8) pending the per-security register (OQ-8)
FRA,2004,register,official_total,44372.100000000035,computed,,nominal_change,20260910T102726Z,ggfiscal.debt.chains,,B,
FRA,2004,A_cg_cash_requirement,carried_from_previous_step,44372.100000000035,computed,,,20260910T102726Z,ggfiscal.debt.chains,,B,
FRA,2004,A_cg_cash_requirement,official_total,,official,FRA_AFT_FINANCEMENT,cash,20260910T102726Z,ggfiscal.debt.chains,,A,
FRA,2004,A_cg_cash_requirement,residual,,residual,,,20260910T102726Z,ggfiscal.debt.chains,,B,
FRA,2004,B_s1311_b9,carried_from_previous_step,44372.100000000035,computed,,,20260910T102726Z,ggfiscal.debt.chains,,B,
FRA,2004,B_s1311_b9,official_total,45868.5,official,EUROSTAT_GOV10A_MAIN_S1311,"accrued, net borrowing = -B.9",20260910T102726Z,ggfiscal.debt.chains,,A,
FRA,2004,B_s1311_b9,residual,1496.399999999965,residual,,"accrued, net borrowing = -B.9",20260910T102726Z,ggfiscal.debt.chains,,B,
FRA,2004,C_s13_nlb,carried_from_previous_step,45868.5,computed,,,20260910T102726Z,ggfiscal.debt.chains,,B,
FRA,2004,C_s13_nlb,local_government_net_borrowing,2970.0,official,EUROSTAT_GOV10A_MAIN_S1311,"accrued, net borrowing = -B.9",20260910T102726Z,ggfiscal.debt.chains,,A,
FRA,2004,C_s13_nlb,social_security_funds_net_borrowing,11461.3,official,EUROSTAT_GOV10A_MAIN_S1311,"accrued, net borrowing = -B.9",20260910T102726Z,ggfiscal.debt.chains,,A,
FRA,2004,C_s13_nlb,official_total,60299.80000000005,official,package_NLB,"accrued, net borrowing = -B.9",20260910T102726Z,ggfiscal.debt.chains,,A,
FRA,2004,C_s13_nlb,residual,4.3655745685100555e-11,residual,,"accrued, net borrowing = -B.9",20260910T102726Z,ggfiscal.debt.chains,,B,
FRA,2005,register,sum_bill,-2928.5,official,EUROSTAT_GOV10DD,nominal_change,20260910T102726Z,ggfiscal.debt.chains,,B,aggregate class-level layer (DD8) pending the per-security register (OQ-8)
FRA,2005,register,sum_mixed,45299.09999999998,official,EUROSTAT_GOV10DD,nominal_change,20260910T102726Z,ggfiscal.debt.chains,,B,aggregate class-level layer (DD8) pending the per-security register (OQ-8)
FRA,2005,register,official_total,42370.59999999998,computed,,nominal_change,20260910T102726Z,ggfiscal.debt.chains,,B,
FRA,2005,A_cg_cash_requirement,carried_from_previous_step,42370.59999999998,computed,,,20260910T102726Z,ggfiscal.debt.chains,,B,
FRA,2005,A_cg_cash_requirement,official_total,,official,FRA_AFT_FINANCEMENT,cash,20260910T102726Z,ggfiscal.debt.chains,,A,
FRA,2005,A_cg_cash_requirement,residual,,residual,,,20260910T102726Z,ggfiscal.debt.chains,,B,
FRA,2005,B_s1311_b9,carried_from_previous_step,42370.59999999998,computed,,,20260910T102726Z,ggfiscal.debt.chains,,B,
FRA,2005,B_s1311_b9,official_total,48930.9,official,EUROSTAT_GOV10A_MAIN_S1311,"accrued, net borrowing = -B.9",20260910T102726Z,ggfiscal.debt.chains,,A,
FRA,2005,B_s1311_b9,residual,6560.300000000025,residual,,"accrued, net borrowing = -B.9",20260910T102726Z,ggfiscal.debt.chains,,B,
FRA,2005,C_s13_nlb,carried_from_previous_step,48930.9,computed,,,20260910T102726Z,ggfiscal.debt.chains,,B,
FRA,2005,C_s13_nlb,local_government_net_borrowing,3584.9,official,EUROSTAT_GOV10A_MAIN_S1311,"accrued, net borrowing = -B.9",20260910T102726Z,ggfiscal.debt.chains,,A,
FRA,2005,C_s13_nlb,social_security_funds_net_borrowing,9285.6,official,EUROSTAT_GOV10A_MAIN_S1311,"accrued, net borrowing = -B.9",20260910T102726Z,ggfiscal.debt.chains,,A,
FRA,2005,C_s13_nlb,official_total,61801.40000000002,official,package_NLB,"accrued, net borrowing = -B.9",20260910T102726Z,ggfiscal.debt.chains,,A,
FRA,2005,C_s13_nlb,residual,2.1827872842550278e-11,residual,,"accrued, net borrowing = -B.9",20260910T102726Z,ggfiscal.debt.chains,,B,
FRA,2006,register,sum_bill,-29701.5,official,EUROSTAT_GOV10DD,nominal_change,20260910T102726Z,ggfiscal.debt.chains,,B,aggregate class-level layer (DD8) pending the per-security register (OQ-8)
FRA,2006,register,sum_mixed,22552.0,official,EUROSTAT_GOV10DD,nominal_change,20260910T102726Z,ggfiscal.debt.chains,,B,aggregate class-level layer (DD8) pending the per-security register (OQ-8)
FRA,2006,register,official_total,-7149.5,computed,,nominal_change,20260910T102726Z,ggfiscal.debt.chains,,B,
FRA,2006,A_cg_cash_requirement,carried_from_previous_step,-7149.5,computed,,,20260910T102726Z,ggfiscal.debt.chains,,B,
FRA,2006,A_cg_cash_requirement,official_total,,official,FRA_AFT_FINANCEMENT,cash,20260910T102726Z,ggfiscal.debt.chains,,A,
FRA,2006,A_cg_cash_requirement,residual,,residual,,,20260910T102726Z,ggfiscal.debt.chains,,B,
FRA,2006,B_s1311_b9,carried_from_previous_step,-7149.5,computed,,,20260910T102726Z,ggfiscal.debt.chains,,B,
FRA,2006,B_s1311_b9,official_total,46082.3,official,EUROSTAT_GOV10A_MAIN_S1311,"accrued, net borrowing = -B.9",20260910T102726Z,ggfiscal.debt.chains,,A,
FRA,2006,B_s1311_b9,residual,53231.8,residual,,"accrued, net borrowing = -B.9",20260910T102726Z,ggfiscal.debt.chains,,B,
FRA,2006,C_s13_nlb,carried_from_previous_step,46082.3,computed,,,20260910T102726Z,ggfiscal.debt.chains,,B,
FRA,2006,C_s13_nlb,local_government_net_borrowing,4082.8,official,EUROSTAT_GOV10A_MAIN_S1311,"accrued, net borrowing = -B.9",20260910T102726Z,ggfiscal.debt.chains,,A,
FRA,2006,C_s13_nlb,social_security_funds_net_borrowing,-1102.5,official,EUROSTAT_GOV10A_MAIN_S1311,"accrued, net borrowing = -B.9",20260910T102726Z,ggfiscal.debt.chains,,A,
FRA,2006,C_s13_nlb,official_total,49062.60000000009,official,package_NLB,"accrued, net borrowing = -B.9",20260910T102726Z,ggfiscal.debt.chains,,A,
FRA,2006,C_s13_nlb,residual,8.731149137020111e-11,residual,,"accrued, net borrowing = -B.9",20260910T102726Z,ggfiscal.debt.chains,,B,
FRA,2007,register,sum_bill,13404.0,official,EUROSTAT_GOV10DD,nominal_change,20260910T102726Z,ggfiscal.debt.chains,,B,aggregate class-level layer (DD8) pending the per-security register (OQ-8)
FRA,2007,register,sum_mixed,32708.900000000023,official,EUROSTAT_GOV10DD,nominal_change,20260910T102726Z,ggfiscal.debt.chains,,B,aggregate class-level layer (DD8) pending the per-security register (OQ-8)
FRA,2007,register,official_total,46112.90000000002,computed,,nominal_change,20260910T102726Z,ggfiscal.debt.chains,,B,
FRA,2007,A_cg_cash_requirement,carried_from_previous_step,46112.90000000002,computed,,,20260910T102726Z,ggfiscal.debt.chains,,B,
FRA,2007,A_cg_cash_requirement,official_total,,official,FRA_AFT_FINANCEMENT,cash,20260910T102726Z,ggfiscal.debt.chains,,A,
FRA,2007,A_cg_cash_requirement,residual,,residual,,,20260910T102726Z,ggfiscal.debt.chains,,B,
FRA,2007,B_s1311_b9,carried_from_previous_step,46112.90000000002,computed,,,20260910T102726Z,ggfiscal.debt.chains,,B,
FRA,2007,B_s1311_b9,official_total,51905.5,official,EUROSTAT_GOV10A_MAIN_S1311,"accrued, net borrowing = -B.9",20260910T102726Z,ggfiscal.debt.chains,,A,
FRA,2007,B_s1311_b9,residual,5792.599999999977,residual,,"accrued, net borrowing = -B.9",20260910T102726Z,ggfiscal.debt.chains,,B,
FRA,2007,C_s13_nlb,carried_from_previous_step,51905.5,computed,,,20260910T102726Z,ggfiscal.debt.chains,,B,
FRA,2007,C_s13_nlb,local_government_net_borrowing,8274.7,official,EUROSTAT_GOV10A_MAIN_S1311,"accrued, net borrowing = -B.9",20260910T102726Z,ggfiscal.debt.chains,,A,
FRA,2007,C_s13_nlb,social_security_funds_net_borrowing,-2244.5,official,EUROSTAT_GOV10A_MAIN_S1311,"accrued, net borrowing = -B.9",20260910T102726Z,ggfiscal.debt.chains,,A,
FRA,2007,C_s13_nlb,official_total,57935.69999999995,official,package_NLB,"accrued, net borrowing = -B.9",20260910T102726Z,ggfiscal.debt.chains,,A,
FRA,2007,C_s13_nlb,residual,-4.3655745685100555e-11,residual,,"accrued, net borrowing = -B.9",20260910T102726Z,ggfiscal.debt.chains,,B,
FRA,2008,register,sum_bill,60338.5,official,EUROSTAT_GOV10DD,nominal_change,20260910T102726Z,ggfiscal.debt.chains,,B,aggregate class-level layer (DD8) pending the per-security register (OQ-8)
FRA,2008,register,sum_mixed,44338.79999999993,official,EUROSTAT_GOV10DD,nominal_change,20260910T102726Z,ggfiscal.debt.chains,,B,aggregate class-level layer (DD8) pending the per-security register (OQ-8)
FRA,2008,register,official_total,104677.29999999993,computed,,nominal_change,20260910T102726Z,ggfiscal.debt.chains,,B,
FRA,2008,A_cg_cash_requirement,carried_from_previous_step,104677.29999999993,computed,,,20260910T102726Z,ggfiscal.debt.chains,,B,
FRA,2008,A_cg_cash_requirement,official_total,,official,FRA_AFT_FINANCEMENT,cash,20260910T102726Z,ggfiscal.debt.chains,,A,
FRA,2008,A_cg_cash_requirement,residual,,residual,,,20260910T102726Z,ggfiscal.debt.chains,,B,
FRA,2008,B_s1311_b9,carried_from_previous_step,104677.29999999993,computed,,,20260910T102726Z,ggfiscal.debt.chains,,B,
FRA,2008,B_s1311_b9,official_total,71531.0,official,EUROSTAT_GOV10A_MAIN_S1311,"accrued, net borrowing = -B.9",20260910T102726Z,ggfiscal.debt.chains,,A,
FRA,2008,B_s1311_b9,residual,-33146.29999999993,residual,,"accrued, net borrowing = -B.9",20260910T102726Z,ggfiscal.debt.chains,,B,
FRA,2008,C_s13_nlb,carried_from_previous_step,71531.0,computed,,,20260910T102726Z,ggfiscal.debt.chains,,B,
FRA,2008,C_s13_nlb,local_government_net_borrowing,10130.8,official,EUROSTAT_GOV10A_MAIN_S1311,"accrued, net borrowing = -B.9",20260910T102726Z,ggfiscal.debt.chains,,A,
FRA,2008,C_s13_nlb,social_security_funds_net_borrowing,-11971.7,official,EUROSTAT_GOV10A_MAIN_S1311,"accrued, net borrowing = -B.9",20260910T102726Z,ggfiscal.debt.chains,,A,
FRA,2008,C_s13_nlb,official_total,69690.09999999998,official,package_NLB,"accrued, net borrowing = -B.9",20260910T102726Z,ggfiscal.debt.chains,,A,
FRA,2008,C_s13_nlb,residual,-2.9103830456733704e-11,residual,,"accrued, net borrowing = -B.9",20260910T102726Z,ggfiscal.debt.chains,,B,
FRA,2009,register,sum_bill,82300.4,official,EUROSTAT_GOV10DD,nominal_change,20260910T102726Z,ggfiscal.debt.chains,,B,aggregate class-level layer (DD8) pending the per-security register (OQ-8)
FRA,2009,register,sum_mixed,119153.90000000014,official,EUROSTAT_GOV10DD,nominal_change,20260910T102726Z,ggfiscal.debt.chains,,B,aggregate class-level layer (DD8) pending the per-security register (OQ-8)
FRA,2009,register,official_total,201454.30000000013,computed,,nominal_change,20260910T102726Z,ggfiscal.debt.chains,,B,
FRA,2009,A_cg_cash_requirement,carried_from_previous_step,201454.30000000013,computed,,,20260910T102726Z,ggfiscal.debt.chains,,B,
FRA,2009,A_cg_cash_requirement,official_total,,official,FRA_AFT_FINANCEMENT,cash,20260910T102726Z,ggfiscal.debt.chains,,A,
FRA,2009,A_cg_cash_requirement,residual,,residual,,,20260910T102726Z,ggfiscal.debt.chains,,B,
FRA,2009,B_s1311_b9,carried_from_previous_step,201454.30000000013,computed,,,20260910T102726Z,ggfiscal.debt.chains,,B,
FRA,2009,B_s1311_b9,official_total,119237.1,official,EUROSTAT_GOV10A_MAIN_S1311,"accrued, net borrowing = -B.9",20260910T102726Z,ggfiscal.debt.chains,,A,
FRA,2009,B_s1311_b9,residual,-82217.20000000013,residual,,"accrued, net borrowing = -B.9",20260910T102726Z,ggfiscal.debt.chains,,B,
FRA,2009,C_s13_nlb,carried_from_previous_step,119237.1,computed,,,20260910T102726Z,ggfiscal.debt.chains,,B,
FRA,2009,C_s13_nlb,local_government_net_borrowing,6459.3,official,EUROSTAT_GOV10A_MAIN_S1311,"accrued, net borrowing = -B.9",20260910T102726Z,ggfiscal.debt.chains,,A,
FRA,2009,C_s13_nlb,social_security_funds_net_borrowing,17137.5,official,EUROSTAT_GOV10A_MAIN_S1311,"accrued, net borrowing = -B.9",20260910T102726Z,ggfiscal.debt.chains,,A,
FRA,2009,C_s13_nlb,official_total,142833.90000000002,official,package_NLB,"accrued, net borrowing = -B.9",20260910T102726Z,ggfiscal.debt.chains,,A,
FRA,2009,C_s13_nlb,residual,0.0,residual,,"accrued, net borrowing = -B.9",20260910T102726Z,ggfiscal.debt.chains,,B,
FRA,2010,register,sum_bill,-26982.0,official,INSEE_AFT_AGG,nominal_change,20260910T102726Z,ggfiscal.debt.chains,,B,aggregate class-level layer (DD8) pending the per-security register (OQ-8)
FRA,2010,register,sum_mixed,107968.0,official,INSEE_AFT_AGG,nominal_change,20260910T102726Z,ggfiscal.debt.chains,,B,aggregate class-level layer (DD8) pending the per-security register (OQ-8)
FRA,2010,register,official_total,80986.0,computed,,nominal_change,20260910T102726Z,ggfiscal.debt.chains,,B,
FRA,2010,A_cg_cash_requirement,carried_from_previous_step,80986.0,computed,,,20260910T102726Z,ggfiscal.debt.chains,,B,
FRA,2010,A_cg_cash_requirement,official_total,,official,FRA_AFT_FINANCEMENT,cash,20260910T102726Z,ggfiscal.debt.chains,,A,
FRA,2010,A_cg_cash_requirement,residual,,residual,,,20260910T102726Z,ggfiscal.debt.chains,,B,
FRA,2010,B_s1311_b9,carried_from_previous_step,80986.0,computed,,,20260910T102726Z,ggfiscal.debt.chains,,B,
FRA,2010,B_s1311_b9,official_total,114834.9,official,EUROSTAT_GOV10A_MAIN_S1311,"accrued, net borrowing = -B.9",20260910T102726Z,ggfiscal.debt.chains,,A,
FRA,2010,B_s1311_b9,residual,33848.899999999994,residual,,"accrued, net borrowing = -B.9",20260910T102726Z,ggfiscal.debt.chains,,B,
FRA,2010,C_s13_nlb,carried_from_previous_step,114834.9,computed,,,20260910T102726Z,ggfiscal.debt.chains,,B,
FRA,2010,C_s13_nlb,local_government_net_borrowing,2137.7,official,EUROSTAT_GOV10A_MAIN_S1311,"accrued, net borrowing = -B.9",20260910T102726Z,ggfiscal.debt.chains,,A,
FRA,2010,C_s13_nlb,social_security_funds_net_borrowing,25787.9,official,EUROSTAT_GOV10A_MAIN_S1311,"accrued, net borrowing = -B.9",20260910T102726Z,ggfiscal.debt.chains,,A,
FRA,2010,C_s13_nlb,official_total,142760.5,official,package_NLB,"accrued, net borrowing = -B.9",20260910T102726Z,ggfiscal.debt.chains,,A,
FRA,2010,C_s13_nlb,residual,0.0,residual,,"accrued, net borrowing = -B.9",20260910T102726Z,ggfiscal.debt.chains,,B,
FRA,2011,register,sum_bill,-9342.0,official,INSEE_AFT_AGG,nominal_change,20260910T102726Z,ggfiscal.debt.chains,,B,aggregate class-level layer (DD8) pending the per-security register (OQ-8)
FRA,2011,register,sum_mixed,93351.0,official,INSEE_AFT_AGG,nominal_change,20260910T102726Z,ggfiscal.debt.chains,,B,aggregate class-level layer (DD8) pending the per-security register (OQ-8)
FRA,2011,register,official_total,84009.0,computed,,nominal_change,20260910T102726Z,ggfiscal.debt.chains,,B,
FRA,2011,A_cg_cash_requirement,carried_from_previous_step,84009.0,computed,,,20260910T102726Z,ggfiscal.debt.chains,,B,
FRA,2011,A_cg_cash_requirement,official_total,,official,FRA_AFT_FINANCEMENT,cash,20260910T102726Z,ggfiscal.debt.chains,,A,
FRA,2011,A_cg_cash_requirement,residual,,residual,,,20260910T102726Z,ggfiscal.debt.chains,,B,
FRA,2011,B_s1311_b9,carried_from_previous_step,84009.0,computed,,,20260910T102726Z,ggfiscal.debt.chains,,B,
FRA,2011,B_s1311_b9,official_total,93239.6,official,EUROSTAT_GOV10A_MAIN_S1311,"accrued, net borrowing = -B.9",20260910T102726Z,ggfiscal.debt.chains,,A,
FRA,2011,B_s1311_b9,residual,9230.600000000006,residual,,"accrued, net borrowing = -B.9",20260910T102726Z,ggfiscal.debt.chains,,B,
FRA,2011,C_s13_nlb,carried_from_previous_step,93239.6,computed,,,20260910T102726Z,ggfiscal.debt.chains,,B,
FRA,2011,C_s13_nlb,local_government_net_borrowing,1481.4,official,EUROSTAT_GOV10A_MAIN_S1311,"accrued, net borrowing = -B.9",20260910T102726Z,ggfiscal.debt.chains,,A,
FRA,2011,C_s13_nlb,social_security_funds_net_borrowing,14664.1,official,EUROSTAT_GOV10A_MAIN_S1311,"accrued, net borrowing = -B.9",20260910T102726Z,ggfiscal.debt.chains,,A,
FRA,2011,C_s13_nlb,official_total,109385.5,official,package_NLB,"accrued, net borrowing = -B.9",20260910T102726Z,ggfiscal.debt.chains,,A,
FRA,2011,C_s13_nlb,residual,0.39999999999417923,residual,,"accrued, net borrowing = -B.9",20260910T102726Z,ggfiscal.debt.chains,,B,
FRA,2012,register,sum_bill,-11196.0,official,INSEE_AFT_AGG,nominal_change,20260910T102726Z,ggfiscal.debt.chains,,B,aggregate class-level layer (DD8) pending the per-security register (OQ-8)
FRA,2012,register,sum_mixed,84370.0,official,INSEE_AFT_AGG,nominal_change,20260910T102726Z,ggfiscal.debt.chains,,B,aggregate class-level layer (DD8) pending the per-security register (OQ-8)
FRA,2012,register,official_total,73174.0,computed,,nominal_change,20260910T102726Z,ggfiscal.debt.chains,,B,
FRA,2012,A_cg_cash_requirement,carried_from_previous_step,73174.0,computed,,,20260910T102726Z,ggfiscal.debt.chains,,B,
FRA,2012,A_cg_cash_requirement,official_total,,official,FRA_AFT_FINANCEMENT,cash,20260910T102726Z,ggfiscal.debt.chains,,A,
FRA,2012,A_cg_cash_requirement,residual,,residual,,,20260910T102726Z,ggfiscal.debt.chains,,B,
FRA,2012,B_s1311_b9,carried_from_previous_step,73174.0,computed,,,20260910T102726Z,ggfiscal.debt.chains,,B,
FRA,2012,B_s1311_b9,official_total,88741.8,official,EUROSTAT_GOV10A_MAIN_S1311,"accrued, net borrowing = -B.9",20260910T102726Z,ggfiscal.debt.chains,,A,
FRA,2012,B_s1311_b9,residual,15567.800000000003,residual,,"accrued, net borrowing = -B.9",20260910T102726Z,ggfiscal.debt.chains,,B,
FRA,2012,C_s13_nlb,carried_from_previous_step,88741.8,computed,,,20260910T102726Z,ggfiscal.debt.chains,,B,
FRA,2012,C_s13_nlb,local_government_net_borrowing,4700.2,official,EUROSTAT_GOV10A_MAIN_S1311,"accrued, net borrowing = -B.9",20260910T102726Z,ggfiscal.debt.chains,,A,
FRA,2012,C_s13_nlb,social_security_funds_net_borrowing,14545.2,official,EUROSTAT_GOV10A_MAIN_S1311,"accrued, net borrowing = -B.9",20260910T102726Z,ggfiscal.debt.chains,,A,
FRA,2012,C_s13_nlb,official_total,107987.20000000019,official,package_NLB,"accrued, net borrowing = -B.9",20260910T102726Z,ggfiscal.debt.chains,,A,
FRA,2012,C_s13_nlb,residual,1.8917489796876907e-10,residual,,"accrued, net borrowing = -B.9",20260910T102726Z,ggfiscal.debt.chains,,B,
FRA,2013,register,sum_bill,7243.0,official,INSEE_AFT_AGG,nominal_change,20260910T102726Z,ggfiscal.debt.chains,,B,aggregate class-level layer (DD8) pending the per-security register (OQ-8)
FRA,2013,register,sum_mixed,63823.0,official,INSEE_AFT_AGG,nominal_change,20260910T102726Z,ggfiscal.debt.chains,,B,aggregate class-level layer (DD8) pending the per-security register (OQ-8)
FRA,2013,register,official_total,71066.0,computed,,nominal_change,20260910T102726Z,ggfiscal.debt.chains,,B,
FRA,2013,A_cg_cash_requirement,carried_from_previous_step,71066.0,computed,,,20260910T102726Z,ggfiscal.debt.chains,,B,
FRA,2013,A_cg_cash_requirement,official_total,,official,FRA_AFT_FINANCEMENT,cash,20260910T102726Z,ggfiscal.debt.chains,,A,
FRA,2013,A_cg_cash_requirement,residual,,residual,,,20260910T102726Z,ggfiscal.debt.chains,,B,
FRA,2013,B_s1311_b9,carried_from_previous_step,71066.0,computed,,,20260910T102726Z,ggfiscal.debt.chains,,B,
FRA,2013,B_s1311_b9,official_total,85613.8,official,EUROSTAT_GOV10A_MAIN_S1311,"accrued, net borrowing = -B.9",20260910T102726Z,ggfiscal.debt.chains,,A,
FRA,2013,B_s1311_b9,residual,14547.800000000003,residual,,"accrued, net borrowing = -B.9",20260910T102726Z,ggfiscal.debt.chains,,B,
FRA,2013,C_s13_nlb,carried_from_previous_step,85613.8,computed,,,20260910T102726Z,ggfiscal.debt.chains,,B,
FRA,2013,C_s13_nlb,local_government_net_borrowing,8281.0,official,EUROSTAT_GOV10A_MAIN_S1311,"accrued, net borrowing = -B.9",20260910T102726Z,ggfiscal.debt.chains,,A,
FRA,2013,C_s13_nlb,social_security_funds_net_borrowing,10817.0,official,EUROSTAT_GOV10A_MAIN_S1311,"accrued, net borrowing = -B.9",20260910T102726Z,ggfiscal.debt.chains,,A,
FRA,2013,C_s13_nlb,official_total,104711.80000000005,official,package_NLB,"accrued, net borrowing = -B.9",20260910T102726Z,ggfiscal.debt.chains,,A,
FRA,2013,C_s13_nlb,residual,4.3655745685100555e-11,residual,,"accrued, net borrowing = -B.9",20260910T102726Z,ggfiscal.debt.chains,,B,
FRA,2014,register,sum_bill,1442.0,official,INSEE_AFT_AGG,nominal_change,20260910T102726Z,ggfiscal.debt.chains,,B,aggregate class-level layer (DD8) pending the per-security register (OQ-8)
FRA,2014,register,sum_mixed,68900.0,official,INSEE_AFT_AGG,nominal_change,20260910T102726Z,ggfiscal.debt.chains,,B,aggregate class-level layer (DD8) pending the per-security register (OQ-8)
FRA,2014,register,official_total,70342.0,computed,,nominal_change,20260910T102726Z,ggfiscal.debt.chains,,B,
FRA,2014,A_cg_cash_requirement,carried_from_previous_step,70342.0,computed,,,20260910T102726Z,ggfiscal.debt.chains,,B,
FRA,2014,A_cg_cash_requirement,official_total,,official,FRA_AFT_FINANCEMENT,cash,20260910T102726Z,ggfiscal.debt.chains,,A,
FRA,2014,A_cg_cash_requirement,residual,,residual,,,20260910T102726Z,ggfiscal.debt.chains,,B,
FRA,2014,B_s1311_b9,carried_from_previous_step,70342.0,computed,,,20260910T102726Z,ggfiscal.debt.chains,,B,
FRA,2014,B_s1311_b9,official_total,83691.0,official,EUROSTAT_GOV10A_MAIN_S1311,"accrued, net borrowing = -B.9",20260910T102726Z,ggfiscal.debt.chains,,A,
FRA,2014,B_s1311_b9,residual,13349.0,residual,,"accrued, net borrowing = -B.9",20260910T102726Z,ggfiscal.debt.chains,,B,
FRA,2014,C_s13_nlb,carried_from_previous_step,83691.0,computed,,,20260910T102726Z,ggfiscal.debt.chains,,B,
FRA,2014,C_s13_nlb,local_government_net_borrowing,5682.0,official,EUROSTAT_GOV10A_MAIN_S1311,"accrued, net borrowing = -B.9",20260910T102726Z,ggfiscal.debt.chains,,A,
FRA,2014,C_s13_nlb,social_security_funds_net_borrowing,9131.0,official,EUROSTAT_GOV10A_MAIN_S1311,"accrued, net borrowing = -B.9",20260910T102726Z,ggfiscal.debt.chains,,A,
FRA,2014,C_s13_nlb,official_total,98504.0,official,package_NLB,"accrued, net borrowing = -B.9",20260910T102726Z,ggfiscal.debt.chains,,A,
FRA,2014,C_s13_nlb,residual,0.0,residual,,"accrued, net borrowing = -B.9",20260910T102726Z,ggfiscal.debt.chains,,B,
FRA,2015,register,sum_bill,-22612.0,official,INSEE_AFT_AGG,nominal_change,20260910T102726Z,ggfiscal.debt.chains,,B,aggregate class-level layer (DD8) pending the per-security register (OQ-8)
FRA,2015,register,sum_mixed,71422.0,official,INSEE_AFT_AGG,nominal_change,20260910T102726Z,ggfiscal.debt.chains,,B,aggregate class-level layer (DD8) pending the per-security register (OQ-8)
FRA,2015,register,official_total,48810.0,computed,,nominal_change,20260910T102726Z,ggfiscal.debt.chains,,B,
FRA,2015,A_cg_cash_requirement,carried_from_previous_step,48810.0,computed,,,20260910T102726Z,ggfiscal.debt.chains,,B,
FRA,2015,A_cg_cash_requirement,official_total,,official,FRA_AFT_FINANCEMENT,cash,20260910T102726Z,ggfiscal.debt.chains,,A,
FRA,2015,A_cg_cash_requirement,residual,,residual,,,20260910T102726Z,ggfiscal.debt.chains,,B,
FRA,2015,B_s1311_b9,carried_from_previous_step,48810.0,computed,,,20260910T102726Z,ggfiscal.debt.chains,,B,
FRA,2015,B_s1311_b9,official_total,79584.0,official,EUROSTAT_GOV10A_MAIN_S1311,"accrued, net borrowing = -B.9",20260910T102726Z,ggfiscal.debt.chains,,A,
FRA,2015,B_s1311_b9,residual,30774.0,residual,,"accrued, net borrowing = -B.9",20260910T102726Z,ggfiscal.debt.chains,,B,
FRA,2015,C_s13_nlb,carried_from_previous_step,79584.0,computed,,,20260910T102726Z,ggfiscal.debt.chains,,B,
FRA,2015,C_s13_nlb,local_government_net_borrowing,436.0,official,EUROSTAT_GOV10A_MAIN_S1311,"accrued, net borrowing = -B.9",20260910T102726Z,ggfiscal.debt.chains,,A,
FRA,2015,C_s13_nlb,social_security_funds_net_borrowing,5661.0,official,EUROSTAT_GOV10A_MAIN_S1311,"accrued, net borrowing = -B.9",20260910T102726Z,ggfiscal.debt.chains,,A,
FRA,2015,C_s13_nlb,official_total,85681.0,official,package_NLB,"accrued, net borrowing = -B.9",20260910T102726Z,ggfiscal.debt.chains,,A,
FRA,2015,C_s13_nlb,residual,0.0,residual,,"accrued, net borrowing = -B.9",20260910T102726Z,ggfiscal.debt.chains,,B,
FRA,2016,register,sum_bill,-18748.0,official,INSEE_AFT_AGG,nominal_change,20260910T102726Z,ggfiscal.debt.chains,,B,aggregate class-level layer (DD8) pending the per-security register (OQ-8)
FRA,2016,register,sum_mixed,62973.0,official,INSEE_AFT_AGG,nominal_change,20260910T102726Z,ggfiscal.debt.chains,,B,aggregate class-level layer (DD8) pending the per-security register (OQ-8)
FRA,2016,register,official_total,44225.0,computed,,nominal_change,20260910T102726Z,ggfiscal.debt.chains,,B,
FRA,2016,A_cg_cash_requirement,carried_from_previous_step,44225.0,computed,,,20260910T102726Z,ggfiscal.debt.chains,,B,
FRA,2016,A_cg_cash_requirement,official_total,,official,FRA_AFT_FINANCEMENT,cash,20260910T102726Z,ggfiscal.debt.chains,,A,
FRA,2016,A_cg_cash_requirement,residual,,residual,,,20260910T102726Z,ggfiscal.debt.chains,,B,
FRA,2016,B_s1311_b9,carried_from_previous_step,44225.0,computed,,,20260910T102726Z,ggfiscal.debt.chains,,B,
FRA,2016,B_s1311_b9,official_total,81898.2,official,EUROSTAT_GOV10A_MAIN_S1311,"accrued, net borrowing = -B.9",20260910T102726Z,ggfiscal.debt.chains,,A,
FRA,2016,B_s1311_b9,residual,37673.2,residual,,"accrued, net borrowing = -B.9",20260910T102726Z,ggfiscal.debt.chains,,B,
FRA,2016,C_s13_nlb,carried_from_previous_step,81898.2,computed,,,20260910T102726Z,ggfiscal.debt.chains,,B,
FRA,2016,C_s13_nlb,local_government_net_borrowing,-2258.0,official,EUROSTAT_GOV10A_MAIN_S1311,"accrued, net borrowing = -B.9",20260910T102726Z,ggfiscal.debt.chains,,A,
FRA,2016,C_s13_nlb,social_security_funds_net_borrowing,4385.0,official,EUROSTAT_GOV10A_MAIN_S1311,"accrued, net borrowing = -B.9",20260910T102726Z,ggfiscal.debt.chains,,A,
FRA,2016,C_s13_nlb,official_total,84025.20000000019,official,package_NLB,"accrued, net borrowing = -B.9",20260910T102726Z,ggfiscal.debt.chains,,A,
FRA,2016,C_s13_nlb,residual,1.8917489796876907e-10,residual,,"accrued, net borrowing = -B.9",20260910T102726Z,ggfiscal.debt.chains,,B,
FRA,2017,register,sum_bill,-7452.0,official,INSEE_AFT_AGG,nominal_change,20260910T102726Z,ggfiscal.debt.chains,,B,aggregate class-level layer (DD8) pending the per-security register (OQ-8)
FRA,2017,register,sum_mixed,72967.0,official,INSEE_AFT_AGG,nominal_change,20260910T102726Z,ggfiscal.debt.chains,,B,aggregate class-level layer (DD8) pending the per-security register (OQ-8)
FRA,2017,register,official_total,65515.0,computed,,nominal_change,20260910T102726Z,ggfiscal.debt.chains,,B,
FRA,2017,A_cg_cash_requirement,carried_from_previous_step,65515.0,computed,,,20260910T102726Z,ggfiscal.debt.chains,,B,
FRA,2017,A_cg_cash_requirement,official_total,,official,FRA_AFT_FINANCEMENT,cash,20260910T102726Z,ggfiscal.debt.chains,,A,
FRA,2017,A_cg_cash_requirement,residual,,residual,,,20260910T102726Z,ggfiscal.debt.chains,,B,
FRA,2017,B_s1311_b9,carried_from_previous_step,65515.0,computed,,,20260910T102726Z,ggfiscal.debt.chains,,B,
FRA,2017,B_s1311_b9,official_total,81875.7,official,EUROSTAT_GOV10A_MAIN_S1311,"accrued, net borrowing = -B.9",20260910T102726Z,ggfiscal.debt.chains,,A,
FRA,2017,B_s1311_b9,residual,16360.699999999997,residual,,"accrued, net borrowing = -B.9",20260910T102726Z,ggfiscal.debt.chains,,B,
FRA,2017,C_s13_nlb,carried_from_previous_step,81875.7,computed,,,20260910T102726Z,ggfiscal.debt.chains,,B,
FRA,2017,C_s13_nlb,local_government_net_borrowing,-1410.0,official,EUROSTAT_GOV10A_MAIN_S1311,"accrued, net borrowing = -B.9",20260910T102726Z,ggfiscal.debt.chains,,A,
FRA,2017,C_s13_nlb,social_security_funds_net_borrowing,-3408.0,official,EUROSTAT_GOV10A_MAIN_S1311,"accrued, net borrowing = -B.9",20260910T102726Z,ggfiscal.debt.chains,,A,
FRA,2017,C_s13_nlb,official_total,77057.70000000019,official,package_NLB,"accrued, net borrowing = -B.9",20260910T102726Z,ggfiscal.debt.chains,,A,
FRA,2017,C_s13_nlb,residual,1.8917489796876907e-10,residual,,"accrued, net borrowing = -B.9",20260910T102726Z,ggfiscal.debt.chains,,B,
FRA,2018,register,sum_bill,-13573.0,official,INSEE_AFT_AGG,nominal_change,20260910T102726Z,ggfiscal.debt.chains,,B,aggregate class-level layer (DD8) pending the per-security register (OQ-8)
FRA,2018,register,sum_mixed,83861.0,official,INSEE_AFT_AGG,nominal_change,20260910T102726Z,ggfiscal.debt.chains,,B,aggregate class-level layer (DD8) pending the per-security register (OQ-8)
FRA,2018,register,official_total,70288.0,computed,,nominal_change,20260910T102726Z,ggfiscal.debt.chains,,B,
FRA,2018,A_cg_cash_requirement,carried_from_previous_step,70288.0,computed,,,20260910T102726Z,ggfiscal.debt.chains,,B,
FRA,2018,A_cg_cash_requirement,official_total,,official,FRA_AFT_FINANCEMENT,cash,20260910T102726Z,ggfiscal.debt.chains,,A,
FRA,2018,A_cg_cash_requirement,residual,,residual,,,20260910T102726Z,ggfiscal.debt.chains,,B,
FRA,2018,B_s1311_b9,carried_from_previous_step,70288.0,computed,,,20260910T102726Z,ggfiscal.debt.chains,,B,
FRA,2018,B_s1311_b9,official_total,65607.2,official,EUROSTAT_GOV10A_MAIN_S1311,"accrued, net borrowing = -B.9",20260910T102726Z,ggfiscal.debt.chains,,A,
FRA,2018,B_s1311_b9,residual,-4680.800000000003,residual,,"accrued, net borrowing = -B.9",20260910T102726Z,ggfiscal.debt.chains,,B,
FRA,2018,C_s13_nlb,carried_from_previous_step,65607.2,computed,,,20260910T102726Z,ggfiscal.debt.chains,,B,
FRA,2018,C_s13_nlb,local_government_net_borrowing,-1776.0,official,EUROSTAT_GOV10A_MAIN_S1311,"accrued, net borrowing = -B.9",20260910T102726Z,ggfiscal.debt.chains,,A,
FRA,2018,C_s13_nlb,social_security_funds_net_borrowing,-9215.0,official,EUROSTAT_GOV10A_MAIN_S1311,"accrued, net borrowing = -B.9",20260910T102726Z,ggfiscal.debt.chains,,A,
FRA,2018,C_s13_nlb,official_total,54616.19999999995,official,package_NLB,"accrued, net borrowing = -B.9",20260910T102726Z,ggfiscal.debt.chains,,A,
FRA,2018,C_s13_nlb,residual,-4.3655745685100555e-11,residual,,"accrued, net borrowing = -B.9",20260910T102726Z,ggfiscal.debt.chains,,B,
FRA,2019,register,sum_bill,-5967.0,official,INSEE_AFT_AGG,nominal_change,20260910T102726Z,ggfiscal.debt.chains,,B,aggregate class-level layer (DD8) pending the per-security register (OQ-8)
FRA,2019,register,sum_mixed,72372.0,official,INSEE_AFT_AGG,nominal_change,20260910T102726Z,ggfiscal.debt.chains,,B,aggregate class-level layer (DD8) pending the per-security register (OQ-8)
FRA,2019,register,official_total,66405.0,computed,,nominal_change,20260910T102726Z,ggfiscal.debt.chains,,B,
FRA,2019,A_cg_cash_requirement,carried_from_previous_step,66405.0,computed,,,20260910T102726Z,ggfiscal.debt.chains,,B,
FRA,2019,A_cg_cash_requirement,official_total,,official,FRA_AFT_FINANCEMENT,cash,20260910T102726Z,ggfiscal.debt.chains,,A,
FRA,2019,A_cg_cash_requirement,residual,,residual,,,20260910T102726Z,ggfiscal.debt.chains,,B,
FRA,2019,B_s1311_b9,carried_from_previous_step,66405.0,computed,,,20260910T102726Z,ggfiscal.debt.chains,,B,
FRA,2019,B_s1311_b9,official_total,67768.5,official,EUROSTAT_GOV10A_MAIN_S1311,"accrued, net borrowing = -B.9",20260910T102726Z,ggfiscal.debt.chains,,A,
FRA,2019,B_s1311_b9,residual,1363.5,residual,,"accrued, net borrowing = -B.9",20260910T102726Z,ggfiscal.debt.chains,,B,
FRA,2019,C_s13_nlb,carried_from_previous_step,67768.5,computed,,,20260910T102726Z,ggfiscal.debt.chains,,B,
FRA,2019,C_s13_nlb,local_government_net_borrowing,2543.8,official,EUROSTAT_GOV10A_MAIN_S1311,"accrued, net borrowing = -B.9",20260910T102726Z,ggfiscal.debt.chains,,A,
FRA,2019,C_s13_nlb,social_security_funds_net_borrowing,-12086.8,official,EUROSTAT_GOV10A_MAIN_S1311,"accrued, net borrowing = -B.9",20260910T102726Z,ggfiscal.debt.chains,,A,
FRA,2019,C_s13_nlb,official_total,58225.5,official,package_NLB,"accrued, net borrowing = -B.9",20260910T102726Z,ggfiscal.debt.chains,,A,
FRA,2019,C_s13_nlb,residual,0.0,residual,,"accrued, net borrowing = -B.9",20260910T102726Z,ggfiscal.debt.chains,,B,
FRA,2020,register,sum_bill,54675.0,official,INSEE_AFT_AGG,nominal_change,20260910T102726Z,ggfiscal.debt.chains,,B,aggregate class-level layer (DD8) pending the per-security register (OQ-8)
FRA,2020,register,sum_mixed,123534.0,official,INSEE_AFT_AGG,nominal_change,20260910T102726Z,ggfiscal.debt.chains,,B,aggregate class-level layer (DD8) pending the per-security register (OQ-8)
FRA,2020,register,official_total,178209.0,computed,,nominal_change,20260910T102726Z,ggfiscal.debt.chains,,B,
FRA,2020,A_cg_cash_requirement,carried_from_previous_step,178209.0,computed,,,20260910T102726Z,ggfiscal.debt.chains,,B,
FRA,2020,A_cg_cash_requirement,official_total,,official,FRA_AFT_FINANCEMENT,cash,20260910T102726Z,ggfiscal.debt.chains,,A,
FRA,2020,A_cg_cash_requirement,residual,,residual,,,20260910T102726Z,ggfiscal.debt.chains,,B,
FRA,2020,B_s1311_b9,carried_from_previous_step,178209.0,computed,,,20260910T102726Z,ggfiscal.debt.chains,,B,
FRA,2020,B_s1311_b9,official_total,154922.5,official,EUROSTAT_GOV10A_MAIN_S1311,"accrued, net borrowing = -B.9",20260910T102726Z,ggfiscal.debt.chains,,A,
FRA,2020,B_s1311_b9,residual,-23286.5,residual,,"accrued, net borrowing = -B.9",20260910T102726Z,ggfiscal.debt.chains,,B,
FRA,2020,C_s13_nlb,carried_from_previous_step,154922.5,computed,,,20260910T102726Z,ggfiscal.debt.chains,,B,
FRA,2020,C_s13_nlb,local_government_net_borrowing,3858.3,official,EUROSTAT_GOV10A_MAIN_S1311,"accrued, net borrowing = -B.9",20260910T102726Z,ggfiscal.debt.chains,,A,
FRA,2020,C_s13_nlb,social_security_funds_net_borrowing,48303.6,official,EUROSTAT_GOV10A_MAIN_S1311,"accrued, net borrowing = -B.9",20260910T102726Z,ggfiscal.debt.chains,,A,
FRA,2020,C_s13_nlb,official_total,207084.3999999999,official,package_NLB,"accrued, net borrowing = -B.9",20260910T102726Z,ggfiscal.debt.chains,,A,
FRA,2020,C_s13_nlb,residual,-8.731149137020111e-11,residual,,"accrued, net borrowing = -B.9",20260910T102726Z,ggfiscal.debt.chains,,B,
FRA,2021,register,sum_bill,-6229.0,official,INSEE_AFT_AGG,nominal_change,20260910T102726Z,ggfiscal.debt.chains,,B,aggregate class-level layer (DD8) pending the per-security register (OQ-8)
FRA,2021,register,sum_mixed,150336.0,official,INSEE_AFT_AGG,nominal_change,20260910T102726Z,ggfiscal.debt.chains,,B,aggregate class-level layer (DD8) pending the per-security register (OQ-8)
FRA,2021,register,official_total,144107.0,computed,,nominal_change,20260910T102726Z,ggfiscal.debt.chains,,B,
FRA,2021,A_cg_cash_requirement,carried_from_previous_step,144107.0,computed,,,20260910T102726Z,ggfiscal.debt.chains,,B,
FRA,2021,A_cg_cash_requirement,official_total,,official,FRA_AFT_FINANCEMENT,cash,20260910T102726Z,ggfiscal.debt.chains,,A,
FRA,2021,A_cg_cash_requirement,residual,,residual,,,20260910T102726Z,ggfiscal.debt.chains,,B,
FRA,2021,B_s1311_b9,carried_from_previous_step,144107.0,computed,,,20260910T102726Z,ggfiscal.debt.chains,,B,
FRA,2021,B_s1311_b9,net_issuance_other_liabilities_currency_and_deposits,11239.5,official,EUROSTAT_GOV10DD,"nominal (face value); gov_10q_ggdebt S1311 F2 end-Q4 stock, 2021 less 2020; sign +1 (debt not issued as securities still adds to net borrowing)",20260910T102726Z,ggfiscal.debt.chains,,A,
FRA,2021,B_s1311_b9,net_issuance_other_liabilities_loans,5923.099999999991,official,EUROSTAT_GOV10DD,"nominal (face value); gov_10q_ggdebt S1311 F4 end-Q4 stock, 2021 less 2020; sign +1 (debt not issued as securities still adds to net borrowing)",20260910T102726Z,ggfiscal.debt.chains,,A,
FRA,2021,B_s1311_b9,less_net_acquisition_currency_and_deposits,-1555.6,official,EUROSTAT_GOV10DD,"accrual/valuation; gov_10dd_edpt3 S1311 F2_ASS 'Net acquisition (+) of financial assets - currency and deposits', sign -1 (gov_10dd_edpt3 identity GD_CH = B9_T3 + F_ASS + ORADJ + YA3, solved for B9_T3)",20260910T102726Z,ggfiscal.debt.chains,,A,
FRA,2021,B_s1311_b9,less_net_acquisition_debt_securities,-3061.1,official,EUROSTAT_GOV10DD,"accrual/valuation; gov_10dd_edpt3 S1311 F3_ASS 'Net acquisition (+) of financial assets - debt securities', sign -1 (gov_10dd_edpt3 identity GD_CH = B9_T3 + F_ASS + ORADJ + YA3, solved for B9_T3)",20260910T102726Z,ggfiscal.debt.chains,,A,
FRA,2021,B_s1311_b9,less_net_acquisition_loans,1250.4,official,EUROSTAT_GOV10DD,"accrual/valuation; gov_10dd_edpt3 S1311 F4_ASS 'Net acquisition (+) of financial assets - loans', sign -1 (gov_10dd_edpt3 identity GD_CH = B9_T3 + F_ASS + ORADJ + YA3, solved for B9_T3)",20260910T102726Z,ggfiscal.debt.chains,,A,
FRA,2021,B_s1311_b9,less_net_acquisition_equity_and_investment_fund_shares,-2991.3,official,EUROSTAT_GOV10DD,"accrual/valuation; gov_10dd_edpt3 S1311 F5_ASS 'Net acquisition (+) of financial assets - equity and investment fund shares/units', sign -1 (gov_10dd_edpt3 identity GD_CH = B9_T3 + F_ASS + ORADJ + YA3, solved for B9_T3)",20260910T102726Z,ggfiscal.debt.chains,,A,
FRA,2021,B_s1311_b9,less_net_acquisition_financial_derivatives,-90.8,official,EUROSTAT_GOV10DD,"accrual/valuation; gov_10dd_edpt3 S1311 F71_ASS 'Net acquisition (+) of financial assets - financial derivatives', sign -1 (gov_10dd_edpt3 identity GD_CH = B9_T3 + F_ASS + ORADJ + YA3, solved for B9_T3)",20260910T102726Z,ggfiscal.debt.chains,,A,
FRA,2021,B_s1311_b9,less_net_acquisition_other_accounts_receivable,-11813.9,official,EUROSTAT_GOV10DD,"accrual/valuation; gov_10dd_edpt3 S1311 F8_ASS 'Net acquisition (+) of financial assets - other accounts receivable (+)', sign -1 (gov_10dd_edpt3 identity GD_CH = B9_T3 + F_ASS + ORADJ + YA3, solved for B9_T3)",20260910T102726Z,ggfiscal.debt.chains,,A,
FRA,2021,B_s1311_b9,less_net_acquisition_other_financial_assets,0.0,official,EUROSTAT_GOV10DD,"accrual/valuation; gov_10dd_edpt3 S1311 FN_ASS 'Net acquisition (+) of financial assets - other financial assets (F.1, F.6)', sign -1 (gov_10dd_edpt3 identity GD_CH = B9_T3 + F_ASS + ORADJ + YA3, solved for B9_T3)",20260910T102726Z,ggfiscal.debt.chains,,A,
FRA,2021,B_s1311_b9,less_sfa_adjustment_issuance_above_below_par,16849.0,official,EUROSTAT_GOV10DD,"accrual/valuation; gov_10dd_edpt3 S1311 ORINV 'Adjustments: issuances above (-)/below (+) nominal value', sign -1 (component of ORADJ in GD_CH = B9_T3 + F_ASS + ORADJ + YA3, solved for B9_T3)",20260910T102726Z,ggfiscal.debt.chains,,A,
FRA,2021,B_s1311_b9,less_sfa_adjustment_redemption_above_below_nominal,-322.1,official,EUROSTAT_GOV10DD,"accrual/valuation; gov_10dd_edpt3 S1311 ORRNV 'Adjustments: redemptions/repurchase of debt above (+)/below (-) nominal value', sign -1 (component of ORADJ in GD_CH = B9_T3 + F_ASS + ORADJ + YA3, solved for B9_T3)",20260910T102726Z,ggfiscal.debt.chains,,A,
FRA,2021,B_s1311_b9,less_sfa_adjustment_foreign_currency_debt_revaluation,640.0,official,EUROSTAT_GOV10DD,"accrual/valuation; gov_10dd_edpt3 S1311 ORFCD 'Adjustments: appreciation (+)/depreciation (-) of foreign currency debt', sign -1 (component of ORADJ in GD_CH = B9_T3 + F_ASS + ORADJ + YA3, solved for B9_T3)",20260910T102726Z,ggfiscal.debt.chains,,A,
FRA,2021,B_s1311_b9,less_sfa_adjustment_interest_accrued_less_paid,-12259.0,official,EUROSTAT_GOV10DD,"accrual/valuation; gov_10dd_edpt3 S1311 ORD41A_ADJ 'Adjustments: difference between interest expenditure (D.41) accrued (-) and paid (+)', sign -1 (component of ORADJ in GD_CH = B9_T3 + F_ASS + ORADJ + YA3, solved for B9_T3)",20260910T102726Z,ggfiscal.debt.chains,,A,
FRA,2021,B_s1311_b9,less_sfa_adjustment_other_accounts_payable,-3555.0,official,EUROSTAT_GOV10DD,"accrual/valuation; gov_10dd_edpt3 S1311 F8_ADJ_LIAB 'Adjustments: net incurrence (-) of other accounts payable', sign -1 (component of ORADJ in GD_CH = B9_T3 + F_ASS + ORADJ + YA3, solved for B9_T3)",20260910T102726Z,ggfiscal.debt.chains,,A,
FRA,2021,B_s1311_b9,less_sfa_adjustment_derivative_liabilities,-611.0,official,EUROSTAT_GOV10DD,"accrual/valuation; gov_10dd_edpt3 S1311 F71_ADJ_LIAB 'Adjustments: net incurrence (-) of liabilities in financial derivatives', sign -1 (component of ORADJ in GD_CH = B9_T3 + F_ASS + ORADJ + YA3, solved for B9_T3)",20260910T102726Z,ggfiscal.debt.chains,,A,
FRA,2021,B_s1311_b9,less_sfa_adjustment_other_liabilities,51.9,official,EUROSTAT_GOV10DD,"accrual/valuation; gov_10dd_edpt3 S1311 FV_ADJ_LIAB 'Adjustments: net incurrence (-) of other liabilities (F.1, F.5, F.6 and F.72)', sign -1 (component of ORADJ in GD_CH = B9_T3 + F_ASS + ORADJ + YA3, solved for B9_T3)",20260910T102726Z,ggfiscal.debt.chains,,A,
FRA,2021,B_s1311_b9,less_sfa_adjustment_other_volume_changes,134.0,official,EUROSTAT_GOV10DD,"accrual/valuation; gov_10dd_edpt3 S1311 KX 'Adjustments: other volume changes in financial liabilities (-)', sign -1 (component of ORADJ in GD_CH = B9_T3 + F_ASS + ORADJ + YA3, solved for B9_T3)",20260910T102726Z,ggfiscal.debt.chains,,A,
FRA,2021,B_s1311_b9,less_sfa_adjustment_sector_reclassification,-1050.0,official,EUROSTAT_GOV10DD,"accrual/valuation; gov_10dd_edpt3 S1311 K61 'Changes in sector classification and structure (+/-)', sign -1 (component of ORADJ in GD_CH = B9_T3 + F_ASS + ORADJ + YA3, solved for B9_T3)",20260910T102726Z,ggfiscal.debt.chains,,A,
FRA,2021,B_s1311_b9,less_statistical_discrepancy,2430.7,official,EUROSTAT_GOV10DD,"accrual/valuation; gov_10dd_edpt3 S1311 YA3 'Total statistical discrepancies', sign -1 (gov_10dd_edpt3 identity GD_CH = B9_T3 + F_ASS + ORADJ + YA3, solved for B9_T3)",20260910T102726Z,ggfiscal.debt.chains,,A,
FRA,2021,B_s1311_b9,official_total,144546.7,official,EUROSTAT_GOV10A_MAIN_S1311,"accrued, net borrowing = -B.9",20260910T102726Z,ggfiscal.debt.chains,,A,
FRA,2021,B_s1311_b9,residual,-769.0999999999767,residual,,"accrued, net borrowing = -B.9",20260910T102726Z,ggfiscal.debt.chains,,B,
FRA,2021,C_s13_nlb,carried_from_previous_step,144546.7,computed,,,20260910T102726Z,ggfiscal.debt.chains,,B,
FRA,2021,C_s13_nlb,local_government_net_borrowing,891.7,official,EUROSTAT_GOV10A_MAIN_S1311,"accrued, net borrowing = -B.9",20260910T102726Z,ggfiscal.debt.chains,,A,
FRA,2021,C_s13_nlb,social_security_funds_net_borrowing,19710.9,official,EUROSTAT_GOV10A_MAIN_S1311,"accrued, net borrowing = -B.9",20260910T102726Z,ggfiscal.debt.chains,,A,
FRA,2021,C_s13_nlb,official_total,165149.30000000005,official,package_NLB,"accrued, net borrowing = -B.9",20260910T102726Z,ggfiscal.debt.chains,,A,
FRA,2021,C_s13_nlb,residual,2.9103830456733704e-11,residual,,"accrued, net borrowing = -B.9",20260910T102726Z,ggfiscal.debt.chains,,B,
FRA,2022,register,sum_bill,-6916.0,official,INSEE_AFT_AGG,nominal_change,20260910T102726Z,ggfiscal.debt.chains,,B,aggregate class-level layer (DD8) pending the per-security register (OQ-8)
FRA,2022,register,sum_mixed,139606.0,official,INSEE_AFT_AGG,nominal_change,20260910T102726Z,ggfiscal.debt.chains,,B,aggregate class-level layer (DD8) pending the per-security register (OQ-8)
FRA,2022,register,official_total,132690.0,computed,,nominal_change,20260910T102726Z,ggfiscal.debt.chains,,B,
FRA,2022,A_cg_cash_requirement,carried_from_previous_step,132690.0,computed,,,20260910T102726Z,ggfiscal.debt.chains,,B,
FRA,2022,A_cg_cash_requirement,official_total,,official,FRA_AFT_FINANCEMENT,cash,20260910T102726Z,ggfiscal.debt.chains,,A,
FRA,2022,A_cg_cash_requirement,residual,,residual,,,20260910T102726Z,ggfiscal.debt.chains,,B,
FRA,2022,B_s1311_b9,carried_from_previous_step,132690.0,computed,,,20260910T102726Z,ggfiscal.debt.chains,,B,
FRA,2022,B_s1311_b9,net_issuance_other_liabilities_currency_and_deposits,-3612.3000000000175,official,EUROSTAT_GOV10DD,"nominal (face value); gov_10q_ggdebt S1311 F2 end-Q4 stock, 2022 less 2021; sign +1 (debt not issued as securities still adds to net borrowing)",20260910T102726Z,ggfiscal.debt.chains,,A,
FRA,2022,B_s1311_b9,net_issuance_other_liabilities_loans,1556.6000000000058,official,EUROSTAT_GOV10DD,"nominal (face value); gov_10q_ggdebt S1311 F4 end-Q4 stock, 2022 less 2021; sign +1 (debt not issued as securities still adds to net borrowing)",20260910T102726Z,ggfiscal.debt.chains,,A,
FRA,2022,B_s1311_b9,less_net_acquisition_currency_and_deposits,35059.9,official,EUROSTAT_GOV10DD,"accrual/valuation; gov_10dd_edpt3 S1311 F2_ASS 'Net acquisition (+) of financial assets - currency and deposits', sign -1 (gov_10dd_edpt3 identity GD_CH = B9_T3 + F_ASS + ORADJ + YA3, solved for B9_T3)",20260910T102726Z,ggfiscal.debt.chains,,A,
FRA,2022,B_s1311_b9,less_net_acquisition_debt_securities,305.1,official,EUROSTAT_GOV10DD,"accrual/valuation; gov_10dd_edpt3 S1311 F3_ASS 'Net acquisition (+) of financial assets - debt securities', sign -1 (gov_10dd_edpt3 identity GD_CH = B9_T3 + F_ASS + ORADJ + YA3, solved for B9_T3)",20260910T102726Z,ggfiscal.debt.chains,,A,
FRA,2022,B_s1311_b9,less_net_acquisition_loans,-2225.8,official,EUROSTAT_GOV10DD,"accrual/valuation; gov_10dd_edpt3 S1311 F4_ASS 'Net acquisition (+) of financial assets - loans', sign -1 (gov_10dd_edpt3 identity GD_CH = B9_T3 + F_ASS + ORADJ + YA3, solved for B9_T3)",20260910T102726Z,ggfiscal.debt.chains,,A,
FRA,2022,B_s1311_b9,less_net_acquisition_equity_and_investment_fund_shares,5713.7,official,EUROSTAT_GOV10DD,"accrual/valuation; gov_10dd_edpt3 S1311 F5_ASS 'Net acquisition (+) of financial assets - equity and investment fund shares/units', sign -1 (gov_10dd_edpt3 identity GD_CH = B9_T3 + F_ASS + ORADJ + YA3, solved for B9_T3)",20260910T102726Z,ggfiscal.debt.chains,,A,
FRA,2022,B_s1311_b9,less_net_acquisition_financial_derivatives,-209.4,official,EUROSTAT_GOV10DD,"accrual/valuation; gov_10dd_edpt3 S1311 F71_ASS 'Net acquisition (+) of financial assets - financial derivatives', sign -1 (gov_10dd_edpt3 identity GD_CH = B9_T3 + F_ASS + ORADJ + YA3, solved for B9_T3)",20260910T102726Z,ggfiscal.debt.chains,,A,
FRA,2022,B_s1311_b9,less_net_acquisition_other_accounts_receivable,-9365.8,official,EUROSTAT_GOV10DD,"accrual/valuation; gov_10dd_edpt3 S1311 F8_ASS 'Net acquisition (+) of financial assets - other accounts receivable (+)', sign -1 (gov_10dd_edpt3 identity GD_CH = B9_T3 + F_ASS + ORADJ + YA3, solved for B9_T3)",20260910T102726Z,ggfiscal.debt.chains,,A,
FRA,2022,B_s1311_b9,less_net_acquisition_other_financial_assets,0.0,official,EUROSTAT_GOV10DD,"accrual/valuation; gov_10dd_edpt3 S1311 FN_ASS 'Net acquisition (+) of financial assets - other financial assets (F.1, F.6)', sign -1 (gov_10dd_edpt3 identity GD_CH = B9_T3 + F_ASS + ORADJ + YA3, solved for B9_T3)",20260910T102726Z,ggfiscal.debt.chains,,A,
FRA,2022,B_s1311_b9,less_sfa_adjustment_issuance_above_below_par,-13565.0,official,EUROSTAT_GOV10DD,"accrual/valuation; gov_10dd_edpt3 S1311 ORINV 'Adjustments: issuances above (-)/below (+) nominal value', sign -1 (component of ORADJ in GD_CH = B9_T3 + F_ASS + ORADJ + YA3, solved for B9_T3)",20260910T102726Z,ggfiscal.debt.chains,,A,
FRA,2022,B_s1311_b9,less_sfa_adjustment_redemption_above_below_nominal,-75.3,official,EUROSTAT_GOV10DD,"accrual/valuation; gov_10dd_edpt3 S1311 ORRNV 'Adjustments: redemptions/repurchase of debt above (+)/below (-) nominal value', sign -1 (component of ORADJ in GD_CH = B9_T3 + F_ASS + ORADJ + YA3, solved for B9_T3)",20260910T102726Z,ggfiscal.debt.chains,,A,
FRA,2022,B_s1311_b9,less_sfa_adjustment_foreign_currency_debt_revaluation,-150.0,official,EUROSTAT_GOV10DD,"accrual/valuation; gov_10dd_edpt3 S1311 ORFCD 'Adjustments: appreciation (+)/depreciation (-) of foreign currency debt', sign -1 (component of ORADJ in GD_CH = B9_T3 + F_ASS + ORADJ + YA3, solved for B9_T3)",20260910T102726Z,ggfiscal.debt.chains,,A,
FRA,2022,B_s1311_b9,less_sfa_adjustment_interest_accrued_less_paid,-12842.0,official,EUROSTAT_GOV10DD,"accrual/valuation; gov_10dd_edpt3 S1311 ORD41A_ADJ 'Adjustments: difference between interest expenditure (D.41) accrued (-) and paid (+)', sign -1 (component of ORADJ in GD_CH = B9_T3 + F_ASS + ORADJ + YA3, solved for B9_T3)",20260910T102726Z,ggfiscal.debt.chains,,A,
FRA,2022,B_s1311_b9,less_sfa_adjustment_other_accounts_payable,1038.4,official,EUROSTAT_GOV10DD,"accrual/valuation; gov_10dd_edpt3 S1311 F8_ADJ_LIAB 'Adjustments: net incurrence (-) of other accounts payable', sign -1 (component of ORADJ in GD_CH = B9_T3 + F_ASS + ORADJ + YA3, solved for B9_T3)",20260910T102726Z,ggfiscal.debt.chains,,A,
FRA,2022,B_s1311_b9,less_sfa_adjustment_derivative_liabilities,150.0,official,EUROSTAT_GOV10DD,"accrual/valuation; gov_10dd_edpt3 S1311 F71_ADJ_LIAB 'Adjustments: net incurrence (-) of liabilities in financial derivatives', sign -1 (component of ORADJ in GD_CH = B9_T3 + F_ASS + ORADJ + YA3, solved for B9_T3)",20260910T102726Z,ggfiscal.debt.chains,,A,
FRA,2022,B_s1311_b9,less_sfa_adjustment_other_liabilities,111.4,official,EUROSTAT_GOV10DD,"accrual/valuation; gov_10dd_edpt3 S1311 FV_ADJ_LIAB 'Adjustments: net incurrence (-) of other liabilities (F.1, F.5, F.6 and F.72)', sign -1 (component of ORADJ in GD_CH = B9_T3 + F_ASS + ORADJ + YA3, solved for B9_T3)",20260910T102726Z,ggfiscal.debt.chains,,A,
FRA,2022,B_s1311_b9,less_sfa_adjustment_other_volume_changes,-172.5,official,EUROSTAT_GOV10DD,"accrual/valuation; gov_10dd_edpt3 S1311 KX 'Adjustments: other volume changes in financial liabilities (-)', sign -1 (component of ORADJ in GD_CH = B9_T3 + F_ASS + ORADJ + YA3, solved for B9_T3)",20260910T102726Z,ggfiscal.debt.chains,,A,
FRA,2022,B_s1311_b9,less_sfa_adjustment_sector_reclassification,1.0,official,EUROSTAT_GOV10DD,"accrual/valuation; gov_10dd_edpt3 S1311 K61 'Changes in sector classification and structure (+/-)', sign -1 (component of ORADJ in GD_CH = B9_T3 + F_ASS + ORADJ + YA3, solved for B9_T3)",20260910T102726Z,ggfiscal.debt.chains,,A,
FRA,2022,B_s1311_b9,less_statistical_discrepancy,1208.3,official,EUROSTAT_GOV10DD,"accrual/valuation; gov_10dd_edpt3 S1311 YA3 'Total statistical discrepancies', sign -1 (gov_10dd_edpt3 identity GD_CH = B9_T3 + F_ASS + ORADJ + YA3, solved for B9_T3)",20260910T102726Z,ggfiscal.debt.chains,,A,
FRA,2022,B_s1311_b9,official_total,133247.0,official,EUROSTAT_GOV10A_MAIN_S1311,"accrued, net borrowing = -B.9",20260910T102726Z,ggfiscal.debt.chains,,A,
FRA,2022,B_s1311_b9,residual,-2369.3000000000175,residual,,"accrued, net borrowing = -B.9",20260910T102726Z,ggfiscal.debt.chains,,B,
FRA,2022,C_s13_nlb,carried_from_previous_step,133247.0,computed,,,20260910T102726Z,ggfiscal.debt.chains,,B,
FRA,2022,C_s13_nlb,local_government_net_borrowing,1149.2,official,EUROSTAT_GOV10A_MAIN_S1311,"accrued, net borrowing = -B.9",20260910T102726Z,ggfiscal.debt.chains,,A,
FRA,2022,C_s13_nlb,social_security_funds_net_borrowing,-8500.4,official,EUROSTAT_GOV10A_MAIN_S1311,"accrued, net borrowing = -B.9",20260910T102726Z,ggfiscal.debt.chains,,A,
FRA,2022,C_s13_nlb,official_total,125895.79999999981,official,package_NLB,"accrued, net borrowing = -B.9",20260910T102726Z,ggfiscal.debt.chains,,A,
FRA,2022,C_s13_nlb,residual,-2.0372681319713593e-10,residual,,"accrued, net borrowing = -B.9",20260910T102726Z,ggfiscal.debt.chains,,B,
FRA,2023,register,sum_bill,20754.0,official,INSEE_AFT_AGG,nominal_change,20260910T102726Z,ggfiscal.debt.chains,,B,aggregate class-level layer (DD8) pending the per-security register (OQ-8)
FRA,2023,register,sum_mixed,131408.0,official,INSEE_AFT_AGG,nominal_change,20260910T102726Z,ggfiscal.debt.chains,,B,aggregate class-level layer (DD8) pending the per-security register (OQ-8)
FRA,2023,register,official_total,152162.0,computed,,nominal_change,20260910T102726Z,ggfiscal.debt.chains,,B,
FRA,2023,A_cg_cash_requirement,carried_from_previous_step,152162.0,computed,,,20260910T102726Z,ggfiscal.debt.chains,,B,
FRA,2023,A_cg_cash_requirement,official_total,,official,FRA_AFT_FINANCEMENT,cash,20260910T102726Z,ggfiscal.debt.chains,,A,
FRA,2023,A_cg_cash_requirement,residual,,residual,,,20260910T102726Z,ggfiscal.debt.chains,,B,
FRA,2023,B_s1311_b9,carried_from_previous_step,152162.0,computed,,,20260910T102726Z,ggfiscal.debt.chains,,B,
FRA,2023,B_s1311_b9,net_issuance_other_liabilities_currency_and_deposits,-8824.699999999983,official,EUROSTAT_GOV10DD,"nominal (face value); gov_10q_ggdebt S1311 F2 end-Q4 stock, 2023 less 2022; sign +1 (debt not issued as securities still adds to net borrowing)",20260910T102726Z,ggfiscal.debt.chains,,A,
FRA,2023,B_s1311_b9,net_issuance_other_liabilities_loans,-2090.0,official,EUROSTAT_GOV10DD,"nominal (face value); gov_10q_ggdebt S1311 F4 end-Q4 stock, 2023 less 2022; sign +1 (debt not issued as securities still adds to net borrowing)",20260910T102726Z,ggfiscal.debt.chains,,A,
FRA,2023,B_s1311_b9,less_net_acquisition_currency_and_deposits,49425.4,official,EUROSTAT_GOV10DD,"accrual/valuation; gov_10dd_edpt3 S1311 F2_ASS 'Net acquisition (+) of financial assets - currency and deposits', sign -1 (gov_10dd_edpt3 identity GD_CH = B9_T3 + F_ASS + ORADJ + YA3, solved for B9_T3)",20260910T102726Z,ggfiscal.debt.chains,,A,
FRA,2023,B_s1311_b9,less_net_acquisition_debt_securities,2996.5,official,EUROSTAT_GOV10DD,"accrual/valuation; gov_10dd_edpt3 S1311 F3_ASS 'Net acquisition (+) of financial assets - debt securities', sign -1 (gov_10dd_edpt3 identity GD_CH = B9_T3 + F_ASS + ORADJ + YA3, solved for B9_T3)",20260910T102726Z,ggfiscal.debt.chains,,A,
FRA,2023,B_s1311_b9,less_net_acquisition_loans,-409.0,official,EUROSTAT_GOV10DD,"accrual/valuation; gov_10dd_edpt3 S1311 F4_ASS 'Net acquisition (+) of financial assets - loans', sign -1 (gov_10dd_edpt3 identity GD_CH = B9_T3 + F_ASS + ORADJ + YA3, solved for B9_T3)",20260910T102726Z,ggfiscal.debt.chains,,A,
FRA,2023,B_s1311_b9,less_net_acquisition_equity_and_investment_fund_shares,-8940.6,official,EUROSTAT_GOV10DD,"accrual/valuation; gov_10dd_edpt3 S1311 F5_ASS 'Net acquisition (+) of financial assets - equity and investment fund shares/units', sign -1 (gov_10dd_edpt3 identity GD_CH = B9_T3 + F_ASS + ORADJ + YA3, solved for B9_T3)",20260910T102726Z,ggfiscal.debt.chains,,A,
FRA,2023,B_s1311_b9,less_net_acquisition_financial_derivatives,-337.2,official,EUROSTAT_GOV10DD,"accrual/valuation; gov_10dd_edpt3 S1311 F71_ASS 'Net acquisition (+) of financial assets - financial derivatives', sign -1 (gov_10dd_edpt3 identity GD_CH = B9_T3 + F_ASS + ORADJ + YA3, solved for B9_T3)",20260910T102726Z,ggfiscal.debt.chains,,A,
FRA,2023,B_s1311_b9,less_net_acquisition_other_accounts_receivable,-2960.1,official,EUROSTAT_GOV10DD,"accrual/valuation; gov_10dd_edpt3 S1311 F8_ASS 'Net acquisition (+) of financial assets - other accounts receivable (+)', sign -1 (gov_10dd_edpt3 identity GD_CH = B9_T3 + F_ASS + ORADJ + YA3, solved for B9_T3)",20260910T102726Z,ggfiscal.debt.chains,,A,
FRA,2023,B_s1311_b9,less_net_acquisition_other_financial_assets,0.0,official,EUROSTAT_GOV10DD,"accrual/valuation; gov_10dd_edpt3 S1311 FN_ASS 'Net acquisition (+) of financial assets - other financial assets (F.1, F.6)', sign -1 (gov_10dd_edpt3 identity GD_CH = B9_T3 + F_ASS + ORADJ + YA3, solved for B9_T3)",20260910T102726Z,ggfiscal.debt.chains,,A,
FRA,2023,B_s1311_b9,less_sfa_adjustment_issuance_above_below_par,-22034.0,official,EUROSTAT_GOV10DD,"accrual/valuation; gov_10dd_edpt3 S1311 ORINV 'Adjustments: issuances above (-)/below (+) nominal value', sign -1 (component of ORADJ in GD_CH = B9_T3 + F_ASS + ORADJ + YA3, solved for B9_T3)",20260910T102726Z,ggfiscal.debt.chains,,A,
FRA,2023,B_s1311_b9,less_sfa_adjustment_redemption_above_below_nominal,846.0,official,EUROSTAT_GOV10DD,"accrual/valuation; gov_10dd_edpt3 S1311 ORRNV 'Adjustments: redemptions/repurchase of debt above (+)/below (-) nominal value', sign -1 (component of ORADJ in GD_CH = B9_T3 + F_ASS + ORADJ + YA3, solved for B9_T3)",20260910T102726Z,ggfiscal.debt.chains,,A,
FRA,2023,B_s1311_b9,less_sfa_adjustment_foreign_currency_debt_revaluation,-283.5,official,EUROSTAT_GOV10DD,"accrual/valuation; gov_10dd_edpt3 S1311 ORFCD 'Adjustments: appreciation (+)/depreciation (-) of foreign currency debt', sign -1 (component of ORADJ in GD_CH = B9_T3 + F_ASS + ORADJ + YA3, solved for B9_T3)",20260910T102726Z,ggfiscal.debt.chains,,A,
FRA,2023,B_s1311_b9,less_sfa_adjustment_interest_accrued_less_paid,-8615.8,official,EUROSTAT_GOV10DD,"accrual/valuation; gov_10dd_edpt3 S1311 ORD41A_ADJ 'Adjustments: difference between interest expenditure (D.41) accrued (-) and paid (+)', sign -1 (component of ORADJ in GD_CH = B9_T3 + F_ASS + ORADJ + YA3, solved for B9_T3)",20260910T102726Z,ggfiscal.debt.chains,,A,
FRA,2023,B_s1311_b9,less_sfa_adjustment_other_accounts_payable,3997.4,official,EUROSTAT_GOV10DD,"accrual/valuation; gov_10dd_edpt3 S1311 F8_ADJ_LIAB 'Adjustments: net incurrence (-) of other accounts payable', sign -1 (component of ORADJ in GD_CH = B9_T3 + F_ASS + ORADJ + YA3, solved for B9_T3)",20260910T102726Z,ggfiscal.debt.chains,,A,
FRA,2023,B_s1311_b9,less_sfa_adjustment_derivative_liabilities,287.6,official,EUROSTAT_GOV10DD,"accrual/valuation; gov_10dd_edpt3 S1311 F71_ADJ_LIAB 'Adjustments: net incurrence (-) of liabilities in financial derivatives', sign -1 (component of ORADJ in GD_CH = B9_T3 + F_ASS + ORADJ + YA3, solved for B9_T3)",20260910T102726Z,ggfiscal.debt.chains,,A,
FRA,2023,B_s1311_b9,less_sfa_adjustment_other_liabilities,61.0,official,EUROSTAT_GOV10DD,"accrual/valuation; gov_10dd_edpt3 S1311 FV_ADJ_LIAB 'Adjustments: net incurrence (-) of other liabilities (F.1, F.5, F.6 and F.72)', sign -1 (component of ORADJ in GD_CH = B9_T3 + F_ASS + ORADJ + YA3, solved for B9_T3)",20260910T102726Z,ggfiscal.debt.chains,,A,
FRA,2023,B_s1311_b9,less_sfa_adjustment_other_volume_changes,545.0,official,EUROSTAT_GOV10DD,"accrual/valuation; gov_10dd_edpt3 S1311 KX 'Adjustments: other volume changes in financial liabilities (-)', sign -1 (component of ORADJ in GD_CH = B9_T3 + F_ASS + ORADJ + YA3, solved for B9_T3)",20260910T102726Z,ggfiscal.debt.chains,,A,
FRA,2023,B_s1311_b9,less_sfa_adjustment_sector_reclassification,0.0,official,EUROSTAT_GOV10DD,"accrual/valuation; gov_10dd_edpt3 S1311 K61 'Changes in sector classification and structure (+/-)', sign -1 (component of ORADJ in GD_CH = B9_T3 + F_ASS + ORADJ + YA3, solved for B9_T3)",20260910T102726Z,ggfiscal.debt.chains,,A,
FRA,2023,B_s1311_b9,less_statistical_discrepancy,-1394.9,official,EUROSTAT_GOV10DD,"accrual/valuation; gov_10dd_edpt3 S1311 YA3 'Total statistical discrepancies', sign -1 (gov_10dd_edpt3 identity GD_CH = B9_T3 + F_ASS + ORADJ + YA3, solved for B9_T3)",20260910T102726Z,ggfiscal.debt.chains,,A,
FRA,2023,B_s1311_b9,official_total,153819.0,official,EUROSTAT_GOV10A_MAIN_S1311,"accrued, net borrowing = -B.9",20260910T102726Z,ggfiscal.debt.chains,,A,
FRA,2023,B_s1311_b9,residual,-612.1000000000058,residual,,"accrued, net borrowing = -B.9",20260910T102726Z,ggfiscal.debt.chains,,B,
FRA,2023,C_s13_nlb,carried_from_previous_step,153819.0,computed,,,20260910T102726Z,ggfiscal.debt.chains,,B,
FRA,2023,C_s13_nlb,local_government_net_borrowing,9946.9,official,EUROSTAT_GOV10A_MAIN_S1311,"accrued, net borrowing = -B.9",20260910T102726Z,ggfiscal.debt.chains,,A,
FRA,2023,C_s13_nlb,social_security_funds_net_borrowing,-11845.6,official,EUROSTAT_GOV10A_MAIN_S1311,"accrued, net borrowing = -B.9",20260910T102726Z,ggfiscal.debt.chains,,A,
FRA,2023,C_s13_nlb,official_total,151920.30000000005,official,package_NLB,"accrued, net borrowing = -B.9",20260910T102726Z,ggfiscal.debt.chains,,A,
FRA,2023,C_s13_nlb,residual,5.820766091346741e-11,residual,,"accrued, net borrowing = -B.9",20260910T102726Z,ggfiscal.debt.chains,,B,
FRA,2024,register,sum_bill,31946.0,official,INSEE_AFT_AGG,nominal_change,20260910T102726Z,ggfiscal.debt.chains,,B,aggregate class-level layer (DD8) pending the per-security register (OQ-8)
FRA,2024,register,sum_mixed,139718.0,official,INSEE_AFT_AGG,nominal_change,20260910T102726Z,ggfiscal.debt.chains,,B,aggregate class-level layer (DD8) pending the per-security register (OQ-8)
FRA,2024,register,official_total,171664.0,computed,,nominal_change,20260910T102726Z,ggfiscal.debt.chains,,B,
FRA,2024,A_cg_cash_requirement,carried_from_previous_step,171664.0,computed,,,20260910T102726Z,ggfiscal.debt.chains,,B,
FRA,2024,A_cg_cash_requirement,official_total,,official,FRA_AFT_FINANCEMENT,cash,20260910T102726Z,ggfiscal.debt.chains,,A,
FRA,2024,A_cg_cash_requirement,residual,,residual,,,20260910T102726Z,ggfiscal.debt.chains,,B,
FRA,2024,B_s1311_b9,carried_from_previous_step,171664.0,computed,,,20260910T102726Z,ggfiscal.debt.chains,,B,
FRA,2024,B_s1311_b9,net_issuance_other_liabilities_currency_and_deposits,-3299.0,official,EUROSTAT_GOV10DD,"nominal (face value); gov_10q_ggdebt S1311 F2 end-Q4 stock, 2024 less 2023; sign +1 (debt not issued as securities still adds to net borrowing)",20260910T102726Z,ggfiscal.debt.chains,,A,
FRA,2024,B_s1311_b9,net_issuance_other_liabilities_loans,91.09999999999127,official,EUROSTAT_GOV10DD,"nominal (face value); gov_10q_ggdebt S1311 F4 end-Q4 stock, 2024 less 2023; sign +1 (debt not issued as securities still adds to net borrowing)",20260910T102726Z,ggfiscal.debt.chains,,A,
FRA,2024,B_s1311_b9,less_net_acquisition_currency_and_deposits,-2380.6,official,EUROSTAT_GOV10DD,"accrual/valuation; gov_10dd_edpt3 S1311 F2_ASS 'Net acquisition (+) of financial assets - currency and deposits', sign -1 (gov_10dd_edpt3 identity GD_CH = B9_T3 + F_ASS + ORADJ + YA3, solved for B9_T3)",20260910T102726Z,ggfiscal.debt.chains,,A,
FRA,2024,B_s1311_b9,less_net_acquisition_debt_securities,176.6,official,EUROSTAT_GOV10DD,"accrual/valuation; gov_10dd_edpt3 S1311 F3_ASS 'Net acquisition (+) of financial assets - debt securities', sign -1 (gov_10dd_edpt3 identity GD_CH = B9_T3 + F_ASS + ORADJ + YA3, solved for B9_T3)",20260910T102726Z,ggfiscal.debt.chains,,A,
FRA,2024,B_s1311_b9,less_net_acquisition_loans,1927.5,official,EUROSTAT_GOV10DD,"accrual/valuation; gov_10dd_edpt3 S1311 F4_ASS 'Net acquisition (+) of financial assets - loans', sign -1 (gov_10dd_edpt3 identity GD_CH = B9_T3 + F_ASS + ORADJ + YA3, solved for B9_T3)",20260910T102726Z,ggfiscal.debt.chains,,A,
FRA,2024,B_s1311_b9,less_net_acquisition_equity_and_investment_fund_shares,264.4,official,EUROSTAT_GOV10DD,"accrual/valuation; gov_10dd_edpt3 S1311 F5_ASS 'Net acquisition (+) of financial assets - equity and investment fund shares/units', sign -1 (gov_10dd_edpt3 identity GD_CH = B9_T3 + F_ASS + ORADJ + YA3, solved for B9_T3)",20260910T102726Z,ggfiscal.debt.chains,,A,
FRA,2024,B_s1311_b9,less_net_acquisition_financial_derivatives,-179.5,official,EUROSTAT_GOV10DD,"accrual/valuation; gov_10dd_edpt3 S1311 F71_ASS 'Net acquisition (+) of financial assets - financial derivatives', sign -1 (gov_10dd_edpt3 identity GD_CH = B9_T3 + F_ASS + ORADJ + YA3, solved for B9_T3)",20260910T102726Z,ggfiscal.debt.chains,,A,
FRA,2024,B_s1311_b9,less_net_acquisition_other_accounts_receivable,-4261.6,official,EUROSTAT_GOV10DD,"accrual/valuation; gov_10dd_edpt3 S1311 F8_ASS 'Net acquisition (+) of financial assets - other accounts receivable (+)', sign -1 (gov_10dd_edpt3 identity GD_CH = B9_T3 + F_ASS + ORADJ + YA3, solved for B9_T3)",20260910T102726Z,ggfiscal.debt.chains,,A,
FRA,2024,B_s1311_b9,less_net_acquisition_other_financial_assets,0.0,official,EUROSTAT_GOV10DD,"accrual/valuation; gov_10dd_edpt3 S1311 FN_ASS 'Net acquisition (+) of financial assets - other financial assets (F.1, F.6)', sign -1 (gov_10dd_edpt3 identity GD_CH = B9_T3 + F_ASS + ORADJ + YA3, solved for B9_T3)",20260910T102726Z,ggfiscal.debt.chains,,A,
FRA,2024,B_s1311_b9,less_sfa_adjustment_issuance_above_below_par,-14347.0,official,EUROSTAT_GOV10DD,"accrual/valuation; gov_10dd_edpt3 S1311 ORINV 'Adjustments: issuances above (-)/below (+) nominal value', sign -1 (component of ORADJ in GD_CH = B9_T3 + F_ASS + ORADJ + YA3, solved for B9_T3)",20260910T102726Z,ggfiscal.debt.chains,,A,
FRA,2024,B_s1311_b9,less_sfa_adjustment_redemption_above_below_nominal,708.7,official,EUROSTAT_GOV10DD,"accrual/valuation; gov_10dd_edpt3 S1311 ORRNV 'Adjustments: redemptions/repurchase of debt above (+)/below (-) nominal value', sign -1 (component of ORADJ in GD_CH = B9_T3 + F_ASS + ORADJ + YA3, solved for B9_T3)",20260910T102726Z,ggfiscal.debt.chains,,A,
FRA,2024,B_s1311_b9,less_sfa_adjustment_foreign_currency_debt_revaluation,515.0,official,EUROSTAT_GOV10DD,"accrual/valuation; gov_10dd_edpt3 S1311 ORFCD 'Adjustments: appreciation (+)/depreciation (-) of foreign currency debt', sign -1 (component of ORADJ in GD_CH = B9_T3 + F_ASS + ORADJ + YA3, solved for B9_T3)",20260910T102726Z,ggfiscal.debt.chains,,A,
FRA,2024,B_s1311_b9,less_sfa_adjustment_interest_accrued_less_paid,-3458.6,official,EUROSTAT_GOV10DD,"accrual/valuation; gov_10dd_edpt3 S1311 ORD41A_ADJ 'Adjustments: difference between interest expenditure (D.41) accrued (-) and paid (+)', sign -1 (component of ORADJ in GD_CH = B9_T3 + F_ASS + ORADJ + YA3, solved for B9_T3)",20260910T102726Z,ggfiscal.debt.chains,,A,
FRA,2024,B_s1311_b9,less_sfa_adjustment_other_accounts_payable,9916.9,official,EUROSTAT_GOV10DD,"accrual/valuation; gov_10dd_edpt3 S1311 F8_ADJ_LIAB 'Adjustments: net incurrence (-) of other accounts payable', sign -1 (component of ORADJ in GD_CH = B9_T3 + F_ASS + ORADJ + YA3, solved for B9_T3)",20260910T102726Z,ggfiscal.debt.chains,,A,
FRA,2024,B_s1311_b9,less_sfa_adjustment_derivative_liabilities,54.4,official,EUROSTAT_GOV10DD,"accrual/valuation; gov_10dd_edpt3 S1311 F71_ADJ_LIAB 'Adjustments: net incurrence (-) of liabilities in financial derivatives', sign -1 (component of ORADJ in GD_CH = B9_T3 + F_ASS + ORADJ + YA3, solved for B9_T3)",20260910T102726Z,ggfiscal.debt.chains,,A,
FRA,2024,B_s1311_b9,less_sfa_adjustment_other_liabilities,45.0,official,EUROSTAT_GOV10DD,"accrual/valuation; gov_10dd_edpt3 S1311 FV_ADJ_LIAB 'Adjustments: net incurrence (-) of other liabilities (F.1, F.5, F.6 and F.72)', sign -1 (component of ORADJ in GD_CH = B9_T3 + F_ASS + ORADJ + YA3, solved for B9_T3)",20260910T102726Z,ggfiscal.debt.chains,,A,
FRA,2024,B_s1311_b9,less_sfa_adjustment_other_volume_changes,43.0,official,EUROSTAT_GOV10DD,"accrual/valuation; gov_10dd_edpt3 S1311 KX 'Adjustments: other volume changes in financial liabilities (-)', sign -1 (component of ORADJ in GD_CH = B9_T3 + F_ASS + ORADJ + YA3, solved for B9_T3)",20260910T102726Z,ggfiscal.debt.chains,,A,
FRA,2024,B_s1311_b9,less_sfa_adjustment_sector_reclassification,-256.0,official,EUROSTAT_GOV10DD,"accrual/valuation; gov_10dd_edpt3 S1311 K61 'Changes in sector classification and structure (+/-)', sign -1 (component of ORADJ in GD_CH = B9_T3 + F_ASS + ORADJ + YA3, solved for B9_T3)",20260910T102726Z,ggfiscal.debt.chains,,A,
FRA,2024,B_s1311_b9,less_statistical_discrepancy,-625.8,official,EUROSTAT_GOV10DD,"accrual/valuation; gov_10dd_edpt3 S1311 YA3 'Total statistical discrepancies', sign -1 (gov_10dd_edpt3 identity GD_CH = B9_T3 + F_ASS + ORADJ + YA3, solved for B9_T3)",20260910T102726Z,ggfiscal.debt.chains,,A,
FRA,2024,B_s1311_b9,official_total,152464.3,official,EUROSTAT_GOV10A_MAIN_S1311,"accrued, net borrowing = -B.9",20260910T102726Z,ggfiscal.debt.chains,,A,
FRA,2024,B_s1311_b9,residual,-4134.1999999999825,residual,,"accrued, net borrowing = -B.9",20260910T102726Z,ggfiscal.debt.chains,,B,
FRA,2024,C_s13_nlb,carried_from_previous_step,152464.3,computed,,,20260910T102726Z,ggfiscal.debt.chains,,B,
FRA,2024,C_s13_nlb,local_government_net_borrowing,17793.9,official,EUROSTAT_GOV10A_MAIN_S1311,"accrued, net borrowing = -B.9",20260910T102726Z,ggfiscal.debt.chains,,A,
FRA,2024,C_s13_nlb,social_security_funds_net_borrowing,-1140.1,official,EUROSTAT_GOV10A_MAIN_S1311,"accrued, net borrowing = -B.9",20260910T102726Z,ggfiscal.debt.chains,,A,
FRA,2024,C_s13_nlb,official_total,169118.09999999986,official,package_NLB,"accrued, net borrowing = -B.9",20260910T102726Z,ggfiscal.debt.chains,,A,
FRA,2024,C_s13_nlb,residual,-1.1641532182693481e-10,residual,,"accrued, net borrowing = -B.9",20260910T102726Z,ggfiscal.debt.chains,,B,
FRA,2025,register,sum_bill,-5219.0,official,INSEE_AFT_AGG,nominal_change,20260910T102726Z,ggfiscal.debt.chains,,B,aggregate class-level layer (DD8) pending the per-security register (OQ-8)
FRA,2025,register,sum_mixed,140707.0,official,INSEE_AFT_AGG,nominal_change,20260910T102726Z,ggfiscal.debt.chains,,B,aggregate class-level layer (DD8) pending the per-security register (OQ-8)
FRA,2025,register,official_total,135488.0,computed,,nominal_change,20260910T102726Z,ggfiscal.debt.chains,,B,
FRA,2025,A_cg_cash_requirement,carried_from_previous_step,135488.0,computed,,,20260910T102726Z,ggfiscal.debt.chains,,B,
FRA,2025,A_cg_cash_requirement,official_total,,official,FRA_AFT_FINANCEMENT,cash,20260910T102726Z,ggfiscal.debt.chains,,A,
FRA,2025,A_cg_cash_requirement,residual,,residual,,,20260910T102726Z,ggfiscal.debt.chains,,B,
FRA,2025,B_s1311_b9,carried_from_previous_step,135488.0,computed,,,20260910T102726Z,ggfiscal.debt.chains,,B,
FRA,2025,B_s1311_b9,net_issuance_other_liabilities_currency_and_deposits,-4979.400000000009,official,EUROSTAT_GOV10DD,"nominal (face value); gov_10q_ggdebt S1311 F2 end-Q4 stock, 2025 less 2024; sign +1 (debt not issued as securities still adds to net borrowing)",20260910T102726Z,ggfiscal.debt.chains,,A,
FRA,2025,B_s1311_b9,net_issuance_other_liabilities_loans,223.90000000000873,official,EUROSTAT_GOV10DD,"nominal (face value); gov_10q_ggdebt S1311 F4 end-Q4 stock, 2025 less 2024; sign +1 (debt not issued as securities still adds to net borrowing)",20260910T102726Z,ggfiscal.debt.chains,,A,
FRA,2025,B_s1311_b9,less_net_acquisition_currency_and_deposits,14733.3,official,EUROSTAT_GOV10DD,"accrual/valuation; gov_10dd_edpt3 S1311 F2_ASS 'Net acquisition (+) of financial assets - currency and deposits', sign -1 (gov_10dd_edpt3 identity GD_CH = B9_T3 + F_ASS + ORADJ + YA3, solved for B9_T3)",20260910T102726Z,ggfiscal.debt.chains,,A,
FRA,2025,B_s1311_b9,less_net_acquisition_debt_securities,82.6,official,EUROSTAT_GOV10DD,"accrual/valuation; gov_10dd_edpt3 S1311 F3_ASS 'Net acquisition (+) of financial assets - debt securities', sign -1 (gov_10dd_edpt3 identity GD_CH = B9_T3 + F_ASS + ORADJ + YA3, solved for B9_T3)",20260910T102726Z,ggfiscal.debt.chains,,A,
FRA,2025,B_s1311_b9,less_net_acquisition_loans,2581.2,official,EUROSTAT_GOV10DD,"accrual/valuation; gov_10dd_edpt3 S1311 F4_ASS 'Net acquisition (+) of financial assets - loans', sign -1 (gov_10dd_edpt3 identity GD_CH = B9_T3 + F_ASS + ORADJ + YA3, solved for B9_T3)",20260910T102726Z,ggfiscal.debt.chains,,A,
FRA,2025,B_s1311_b9,less_net_acquisition_equity_and_investment_fund_shares,-3500.9,official,EUROSTAT_GOV10DD,"accrual/valuation; gov_10dd_edpt3 S1311 F5_ASS 'Net acquisition (+) of financial assets - equity and investment fund shares/units', sign -1 (gov_10dd_edpt3 identity GD_CH = B9_T3 + F_ASS + ORADJ + YA3, solved for B9_T3)",20260910T102726Z,ggfiscal.debt.chains,,A,
FRA,2025,B_s1311_b9,less_net_acquisition_financial_derivatives,-169.8,official,EUROSTAT_GOV10DD,"accrual/valuation; gov_10dd_edpt3 S1311 F71_ASS 'Net acquisition (+) of financial assets - financial derivatives', sign -1 (gov_10dd_edpt3 identity GD_CH = B9_T3 + F_ASS + ORADJ + YA3, solved for B9_T3)",20260910T102726Z,ggfiscal.debt.chains,,A,
FRA,2025,B_s1311_b9,less_net_acquisition_other_accounts_receivable,-6477.5,official,EUROSTAT_GOV10DD,"accrual/valuation; gov_10dd_edpt3 S1311 F8_ASS 'Net acquisition (+) of financial assets - other accounts receivable (+)', sign -1 (gov_10dd_edpt3 identity GD_CH = B9_T3 + F_ASS + ORADJ + YA3, solved for B9_T3)",20260910T102726Z,ggfiscal.debt.chains,,A,
FRA,2025,B_s1311_b9,less_net_acquisition_other_financial_assets,0.0,official,EUROSTAT_GOV10DD,"accrual/valuation; gov_10dd_edpt3 S1311 FN_ASS 'Net acquisition (+) of financial assets - other financial assets (F.1, F.6)', sign -1 (gov_10dd_edpt3 identity GD_CH = B9_T3 + F_ASS + ORADJ + YA3, solved for B9_T3)",20260910T102726Z,ggfiscal.debt.chains,,A,
FRA,2025,B_s1311_b9,less_sfa_adjustment_issuance_above_below_par,-14375.0,official,EUROSTAT_GOV10DD,"accrual/valuation; gov_10dd_edpt3 S1311 ORINV 'Adjustments: issuances above (-)/below (+) nominal value', sign -1 (component of ORADJ in GD_CH = B9_T3 + F_ASS + ORADJ + YA3, solved for B9_T3)",20260910T102726Z,ggfiscal.debt.chains,,A,
FRA,2025,B_s1311_b9,less_sfa_adjustment_redemption_above_below_nominal,206.0,official,EUROSTAT_GOV10DD,"accrual/valuation; gov_10dd_edpt3 S1311 ORRNV 'Adjustments: redemptions/repurchase of debt above (+)/below (-) nominal value', sign -1 (component of ORADJ in GD_CH = B9_T3 + F_ASS + ORADJ + YA3, solved for B9_T3)",20260910T102726Z,ggfiscal.debt.chains,,A,
FRA,2025,B_s1311_b9,less_sfa_adjustment_foreign_currency_debt_revaluation,-199.0,official,EUROSTAT_GOV10DD,"accrual/valuation; gov_10dd_edpt3 S1311 ORFCD 'Adjustments: appreciation (+)/depreciation (-) of foreign currency debt', sign -1 (component of ORADJ in GD_CH = B9_T3 + F_ASS + ORADJ + YA3, solved for B9_T3)",20260910T102726Z,ggfiscal.debt.chains,,A,
FRA,2025,B_s1311_b9,less_sfa_adjustment_interest_accrued_less_paid,-250.0,official,EUROSTAT_GOV10DD,"accrual/valuation; gov_10dd_edpt3 S1311 ORD41A_ADJ 'Adjustments: difference between interest expenditure (D.41) accrued (-) and paid (+)', sign -1 (component of ORADJ in GD_CH = B9_T3 + F_ASS + ORADJ + YA3, solved for B9_T3)",20260910T102726Z,ggfiscal.debt.chains,,A,
FRA,2025,B_s1311_b9,less_sfa_adjustment_other_accounts_payable,7376.8,official,EUROSTAT_GOV10DD,"accrual/valuation; gov_10dd_edpt3 S1311 F8_ADJ_LIAB 'Adjustments: net incurrence (-) of other accounts payable', sign -1 (component of ORADJ in GD_CH = B9_T3 + F_ASS + ORADJ + YA3, solved for B9_T3)",20260910T102726Z,ggfiscal.debt.chains,,A,
FRA,2025,B_s1311_b9,less_sfa_adjustment_derivative_liabilities,665.0,official,EUROSTAT_GOV10DD,"accrual/valuation; gov_10dd_edpt3 S1311 F71_ADJ_LIAB 'Adjustments: net incurrence (-) of liabilities in financial derivatives', sign -1 (component of ORADJ in GD_CH = B9_T3 + F_ASS + ORADJ + YA3, solved for B9_T3)",20260910T102726Z,ggfiscal.debt.chains,,A,
FRA,2025,B_s1311_b9,less_sfa_adjustment_other_liabilities,0.0,official,EUROSTAT_GOV10DD,"accrual/valuation; gov_10dd_edpt3 S1311 FV_ADJ_LIAB 'Adjustments: net incurrence (-) of other liabilities (F.1, F.5, F.6 and F.72)', sign -1 (component of ORADJ in GD_CH = B9_T3 + F_ASS + ORADJ + YA3, solved for B9_T3)",20260910T102726Z,ggfiscal.debt.chains,,A,
FRA,2025,B_s1311_b9,less_sfa_adjustment_other_volume_changes,-1.1,official,EUROSTAT_GOV10DD,"accrual/valuation; gov_10dd_edpt3 S1311 KX 'Adjustments: other volume changes in financial liabilities (-)', sign -1 (component of ORADJ in GD_CH = B9_T3 + F_ASS + ORADJ + YA3, solved for B9_T3)",20260910T102726Z,ggfiscal.debt.chains,,A,
FRA,2025,B_s1311_b9,less_sfa_adjustment_sector_reclassification,0.0,official,EUROSTAT_GOV10DD,"accrual/valuation; gov_10dd_edpt3 S1311 K61 'Changes in sector classification and structure (+/-)', sign -1 (component of ORADJ in GD_CH = B9_T3 + F_ASS + ORADJ + YA3, solved for B9_T3)",20260910T102726Z,ggfiscal.debt.chains,,A,
FRA,2025,B_s1311_b9,less_statistical_discrepancy,267.1,official,EUROSTAT_GOV10DD,"accrual/valuation; gov_10dd_edpt3 S1311 YA3 'Total statistical discrepancies', sign -1 (gov_10dd_edpt3 identity GD_CH = B9_T3 + F_ASS + ORADJ + YA3, solved for B9_T3)",20260910T102726Z,ggfiscal.debt.chains,,A,
FRA,2025,B_s1311_b9,official_total,130237.3,official,EUROSTAT_GOV10A_MAIN_S1311,"accrued, net borrowing = -B.9",20260910T102726Z,ggfiscal.debt.chains,,A,
FRA,2025,B_s1311_b9,residual,-1433.9000000000087,residual,,"accrued, net borrowing = -B.9",20260910T102726Z,ggfiscal.debt.chains,,B,
FRA,2025,C_s13_nlb,carried_from_previous_step,130237.3,computed,,,20260910T102726Z,ggfiscal.debt.chains,,B,
FRA,2025,C_s13_nlb,local_government_net_borrowing,15555.9,official,EUROSTAT_GOV10A_MAIN_S1311,"accrued, net borrowing = -B.9",20260910T102726Z,ggfiscal.debt.chains,,A,
FRA,2025,C_s13_nlb,social_security_funds_net_borrowing,6717.9,official,EUROSTAT_GOV10A_MAIN_S1311,"accrued, net borrowing = -B.9",20260910T102726Z,ggfiscal.debt.chains,,A,
FRA,2025,C_s13_nlb,official_total,152511.09999999986,official,package_NLB,"accrued, net borrowing = -B.9",20260910T102726Z,ggfiscal.debt.chains,,A,
FRA,2025,C_s13_nlb,residual,-1.4551915228366852e-10,residual,,"accrued, net borrowing = -B.9",20260910T102726Z,ggfiscal.debt.chains,,B,
DEU,1991,register,official_total,,computed,,,20260910T102726Z,ggfiscal.debt.chains,,B,
DEU,1991,A_cg_cash_requirement,carried_from_previous_step,,computed,,,20260910T102726Z,ggfiscal.debt.chains,,B,
DEU,1991,A_cg_cash_requirement,official_total,,official,BMF_DATENPORTAL,cash,20260910T102726Z,ggfiscal.debt.chains,,A,
DEU,1991,A_cg_cash_requirement,residual,,residual,,,20260910T102726Z,ggfiscal.debt.chains,,B,
DEU,1991,B_s1311_b9,carried_from_previous_step,,computed,,,20260910T102726Z,ggfiscal.debt.chains,,B,
DEU,1991,B_s1311_b9,special_funds_net_borrowing_added_back,0.0,official,BMF_DATENPORTAL,cash,20260910T102726Z,ggfiscal.debt.chains,,A,
DEU,1991,B_s1311_b9,official_total,,official,EUROSTAT_GOV10A_MAIN_S1311,accrued,20260910T102726Z,ggfiscal.debt.chains,,A,
DEU,1991,B_s1311_b9,residual,,residual,,,20260910T102726Z,ggfiscal.debt.chains,,B,
DEU,1991,C_s13_nlb,carried_from_previous_step,,computed,,,20260910T102726Z,ggfiscal.debt.chains,,B,
DEU,1991,C_s13_nlb,official_total,,official,package_NLB,accrued,20260910T102726Z,ggfiscal.debt.chains,,A,
DEU,1991,C_s13_nlb,residual,,residual,,,20260910T102726Z,ggfiscal.debt.chains,,B,
DEU,1992,register,official_total,,computed,,,20260910T102726Z,ggfiscal.debt.chains,,B,
DEU,1992,A_cg_cash_requirement,carried_from_previous_step,,computed,,,20260910T102726Z,ggfiscal.debt.chains,,B,
DEU,1992,A_cg_cash_requirement,official_total,,official,BMF_DATENPORTAL,cash,20260910T102726Z,ggfiscal.debt.chains,,A,
DEU,1992,A_cg_cash_requirement,residual,,residual,,,20260910T102726Z,ggfiscal.debt.chains,,B,
DEU,1992,B_s1311_b9,carried_from_previous_step,,computed,,,20260910T102726Z,ggfiscal.debt.chains,,B,
DEU,1992,B_s1311_b9,special_funds_net_borrowing_added_back,0.0,official,BMF_DATENPORTAL,cash,20260910T102726Z,ggfiscal.debt.chains,,A,
DEU,1992,B_s1311_b9,official_total,,official,EUROSTAT_GOV10A_MAIN_S1311,accrued,20260910T102726Z,ggfiscal.debt.chains,,A,
DEU,1992,B_s1311_b9,residual,,residual,,,20260910T102726Z,ggfiscal.debt.chains,,B,
DEU,1992,C_s13_nlb,carried_from_previous_step,,computed,,,20260910T102726Z,ggfiscal.debt.chains,,B,
DEU,1992,C_s13_nlb,official_total,,official,package_NLB,accrued,20260910T102726Z,ggfiscal.debt.chains,,A,
DEU,1992,C_s13_nlb,residual,,residual,,,20260910T102726Z,ggfiscal.debt.chains,,B,
DEU,1993,register,official_total,,computed,,,20260910T102726Z,ggfiscal.debt.chains,,B,
DEU,1993,A_cg_cash_requirement,carried_from_previous_step,,computed,,,20260910T102726Z,ggfiscal.debt.chains,,B,
DEU,1993,A_cg_cash_requirement,official_total,,official,BMF_DATENPORTAL,cash,20260910T102726Z,ggfiscal.debt.chains,,A,
DEU,1993,A_cg_cash_requirement,residual,,residual,,,20260910T102726Z,ggfiscal.debt.chains,,B,
DEU,1993,B_s1311_b9,carried_from_previous_step,,computed,,,20260910T102726Z,ggfiscal.debt.chains,,B,
DEU,1993,B_s1311_b9,special_funds_net_borrowing_added_back,0.0,official,BMF_DATENPORTAL,cash,20260910T102726Z,ggfiscal.debt.chains,,A,
DEU,1993,B_s1311_b9,official_total,,official,EUROSTAT_GOV10A_MAIN_S1311,accrued,20260910T102726Z,ggfiscal.debt.chains,,A,
DEU,1993,B_s1311_b9,residual,,residual,,,20260910T102726Z,ggfiscal.debt.chains,,B,
DEU,1993,C_s13_nlb,carried_from_previous_step,,computed,,,20260910T102726Z,ggfiscal.debt.chains,,B,
DEU,1993,C_s13_nlb,official_total,,official,package_NLB,accrued,20260910T102726Z,ggfiscal.debt.chains,,A,
DEU,1993,C_s13_nlb,residual,,residual,,,20260910T102726Z,ggfiscal.debt.chains,,B,
DEU,1994,register,official_total,,computed,,,20260910T102726Z,ggfiscal.debt.chains,,B,
DEU,1994,A_cg_cash_requirement,carried_from_previous_step,,computed,,,20260910T102726Z,ggfiscal.debt.chains,,B,
DEU,1994,A_cg_cash_requirement,official_total,,official,BMF_DATENPORTAL,cash,20260910T102726Z,ggfiscal.debt.chains,,A,
DEU,1994,A_cg_cash_requirement,residual,,residual,,,20260910T102726Z,ggfiscal.debt.chains,,B,
DEU,1994,B_s1311_b9,carried_from_previous_step,,computed,,,20260910T102726Z,ggfiscal.debt.chains,,B,
DEU,1994,B_s1311_b9,special_funds_net_borrowing_added_back,0.0,official,BMF_DATENPORTAL,cash,20260910T102726Z,ggfiscal.debt.chains,,A,
DEU,1994,B_s1311_b9,official_total,,official,EUROSTAT_GOV10A_MAIN_S1311,accrued,20260910T102726Z,ggfiscal.debt.chains,,A,
DEU,1994,B_s1311_b9,residual,,residual,,,20260910T102726Z,ggfiscal.debt.chains,,B,
DEU,1994,C_s13_nlb,carried_from_previous_step,,computed,,,20260910T102726Z,ggfiscal.debt.chains,,B,
DEU,1994,C_s13_nlb,official_total,,official,package_NLB,accrued,20260910T102726Z,ggfiscal.debt.chains,,A,
DEU,1994,C_s13_nlb,residual,,residual,,,20260910T102726Z,ggfiscal.debt.chains,,B,
DEU,1995,register,official_total,,computed,,,20260910T102726Z,ggfiscal.debt.chains,,B,
DEU,1995,A_cg_cash_requirement,carried_from_previous_step,,computed,,,20260910T102726Z,ggfiscal.debt.chains,,B,
DEU,1995,A_cg_cash_requirement,official_total,,official,BMF_DATENPORTAL,cash,20260910T102726Z,ggfiscal.debt.chains,,A,
DEU,1995,A_cg_cash_requirement,residual,,residual,,,20260910T102726Z,ggfiscal.debt.chains,,B,
DEU,1995,B_s1311_b9,carried_from_previous_step,,computed,,,20260910T102726Z,ggfiscal.debt.chains,,B,
DEU,1995,B_s1311_b9,special_funds_net_borrowing_added_back,0.0,official,BMF_DATENPORTAL,cash,20260910T102726Z,ggfiscal.debt.chains,,A,
DEU,1995,B_s1311_b9,official_total,142372.0,official,EUROSTAT_GOV10A_MAIN_S1311,"accrued, net borrowing = -B.9",20260910T102726Z,ggfiscal.debt.chains,,A,
DEU,1995,B_s1311_b9,residual,,residual,,"accrued, net borrowing = -B.9",20260910T102726Z,ggfiscal.debt.chains,,B,
DEU,1995,C_s13_nlb,carried_from_previous_step,142372.0,computed,,,20260910T102726Z,ggfiscal.debt.chains,,B,
DEU,1995,C_s13_nlb,state_government_net_borrowing,25937.0,official,EUROSTAT_GOV10A_MAIN_S1311,"accrued, net borrowing = -B.9",20260910T102726Z,ggfiscal.debt.chains,,A,
DEU,1995,C_s13_nlb,local_government_net_borrowing,4211.0,official,EUROSTAT_GOV10A_MAIN_S1311,"accrued, net borrowing = -B.9",20260910T102726Z,ggfiscal.debt.chains,,A,
DEU,1995,C_s13_nlb,social_security_funds_net_borrowing,6770.0,official,EUROSTAT_GOV10A_MAIN_S1311,"accrued, net borrowing = -B.9",20260910T102726Z,ggfiscal.debt.chains,,A,
DEU,1995,C_s13_nlb,official_total,179290.0,official,package_NLB,"accrued, net borrowing = -B.9",20260910T102726Z,ggfiscal.debt.chains,,A,
DEU,1995,C_s13_nlb,residual,0.0,residual,,"accrued, net borrowing = -B.9",20260910T102726Z,ggfiscal.debt.chains,,B,
DEU,1996,register,sum_fixed_bullet,-38346.8910897164,computed,ggfiscal.debt.register,nominal,20260910T102726Z,ggfiscal.debt.chains,,A,computed from the per-security register (debt_interest_by_security / debt_flows)
DEU,1996,register,sum_other,-6246.092451797958,computed,ggfiscal.debt.register,nominal,20260910T102726Z,ggfiscal.debt.chains,,A,computed from the per-security register (debt_interest_by_security / debt_flows)
DEU,1996,register,official_total,-44592.98354151436,computed,,nominal,20260910T102726Z,ggfiscal.debt.chains,,B,
DEU,1996,A_cg_cash_requirement,carried_from_previous_step,-44592.98354151436,computed,,,20260910T102726Z,ggfiscal.debt.chains,,B,
DEU,1996,A_cg_cash_requirement,out_of_register_geldmarkt,0.0,official,BMF_DATENPORTAL,cash,20260910T102726Z,ggfiscal.debt.chains,,A,
DEU,1996,A_cg_cash_requirement,out_of_register_schuldschein,9922.068813000005,official,BMF_DATENPORTAL,cash,20260910T102726Z,ggfiscal.debt.chains,,A,
DEU,1996,A_cg_cash_requirement,less_sondervermoegen_ausgleichsfonds_steinkohle,-453.87380199999984,official,BMF_DATENPORTAL,cash,20260910T102726Z,ggfiscal.debt.chains,,A,
DEU,1996,A_cg_cash_requirement,less_sondervermoegen_bundeseisenbahnvermogen,313.51097800000025,official,BMF_DATENPORTAL,cash,20260910T102726Z,ggfiscal.debt.chains,,A,
DEU,1996,A_cg_cash_requirement,less_sondervermoegen_entschadigungsfonds,-4.730984,official,BMF_DATENPORTAL,cash,20260910T102726Z,ggfiscal.debt.chains,,A,
DEU,1996,A_cg_cash_requirement,less_sondervermoegen_erblastentilgungsfonds,2740.5161259999986,official,BMF_DATENPORTAL,cash,20260910T102726Z,ggfiscal.debt.chains,,A,
DEU,1996,A_cg_cash_requirement,less_sondervermoegen_erp_sondervermogen,33.38229799999999,official,BMF_DATENPORTAL,cash,20260910T102726Z,ggfiscal.debt.chains,,A,
DEU,1996,A_cg_cash_requirement,less_sondervermoegen_finanzmarktstabilisierungsfonds_kredite_fur_abwicklungsanstalten_gem_9_abs_5_stfg,-0.0,official,BMF_DATENPORTAL,cash,20260910T102726Z,ggfiscal.debt.chains,,A,
DEU,1996,A_cg_cash_requirement,less_sondervermoegen_finanzmarktstabilisierungsfonds_kredite_fur_aufwendungen_gem_9_abs_1_stfg,-0.0,official,BMF_DATENPORTAL,cash,20260910T102726Z,ggfiscal.debt.chains,,A,
DEU,1996,A_cg_cash_requirement,less_sondervermoegen_fonds_deutsche_einheit,1863.7569200000016,official,BMF_DATENPORTAL,cash,20260910T102726Z,ggfiscal.debt.chains,,A,
DEU,1996,A_cg_cash_requirement,less_sondervermoegen_investitions_und_tilgungsfonds,-0.0,official,BMF_DATENPORTAL,cash,20260910T102726Z,ggfiscal.debt.chains,,A,
DEU,1996,A_cg_cash_requirement,less_sondervermoegen_lastenausgleichsfonds,2.351739,official,BMF_DATENPORTAL,cash,20260910T102726Z,ggfiscal.debt.chains,,A,
DEU,1996,A_cg_cash_requirement,less_sondervermoegen_restrukturierungsfonds,-0.0,official,BMF_DATENPORTAL,cash,20260910T102726Z,ggfiscal.debt.chains,,A,
DEU,1996,A_cg_cash_requirement,less_sondervermoegen_sondervermogen_bundeswehr,-0.0,official,BMF_DATENPORTAL,cash,20260910T102726Z,ggfiscal.debt.chains,,A,
DEU,1996,A_cg_cash_requirement,less_sondervermoegen_sondervermogen_infrastruktur_und_klimaneutralitat,-0.0,official,BMF_DATENPORTAL,cash,20260910T102726Z,ggfiscal.debt.chains,,A,
DEU,1996,A_cg_cash_requirement,less_sondervermoegen_wirtschaftsstabilisierungsfonds_kredite_fur_die_kreditanstalt_fur_wiederaufbau_gem_23_stfg,-0.0,official,BMF_DATENPORTAL,cash,20260910T102726Z,ggfiscal.debt.chains,,A,
DEU,1996,A_cg_cash_requirement,less_sondervermoegen_wirtschaftsstabilisierungsfonds_kredite_fur_die_kreditanstalt_fur_wiederaufbau_gem_26a_abs_1_nr_5_stfg,-0.0,official,BMF_DATENPORTAL,cash,20260910T102726Z,ggfiscal.debt.chains,,A,
DEU,1996,A_cg_cash_requirement,less_sondervermoegen_wirtschaftsstabilisierungsfonds_kredite_fur_rekapitalisierungsmanahmen_gem_22_stfg,-0.0,official,BMF_DATENPORTAL,cash,20260910T102726Z,ggfiscal.debt.chains,,A,
DEU,1996,A_cg_cash_requirement,less_sondervermoegen_wirtschaftsstabilisierungsfonds_kredite_zur_abfederung_der_folgen_der_energiekrise_gem_26a_stfg_ohne_darlehensgewahrung,-0.0,official,BMF_DATENPORTAL,cash,20260910T102726Z,ggfiscal.debt.chains,,A,
DEU,1996,A_cg_cash_requirement,out_of_register_sonstige_kredite,-5572.802103,official,BMF_DATENPORTAL,cash,20260910T102726Z,ggfiscal.debt.chains,,A,
DEU,1996,A_cg_cash_requirement,own_holdings_change,406.67777899999965,official,BMF_DATENPORTAL,nominal,20260910T102726Z,ggfiscal.debt.chains,,A,
DEU,1996,A_cg_cash_requirement,official_total,,official,BMF_DATENPORTAL,cash,20260910T102726Z,ggfiscal.debt.chains,,A,
DEU,1996,A_cg_cash_requirement,residual,,residual,,,20260910T102726Z,ggfiscal.debt.chains,,B,
DEU,1996,B_s1311_b9,carried_from_previous_step,-35342.12577751436,computed,,,20260910T102726Z,ggfiscal.debt.chains,,B,
DEU,1996,B_s1311_b9,special_funds_net_borrowing_added_back,-4494.913275000001,official,BMF_DATENPORTAL,cash,20260910T102726Z,ggfiscal.debt.chains,,A,
DEU,1996,B_s1311_b9,official_total,34465.0,official,EUROSTAT_GOV10A_MAIN_S1311,"accrued, net borrowing = -B.9",20260910T102726Z,ggfiscal.debt.chains,,A,
DEU,1996,B_s1311_b9,residual,74302.03905251436,residual,,"accrued, net borrowing = -B.9",20260910T102726Z,ggfiscal.debt.chains,,B,
DEU,1996,C_s13_nlb,carried_from_previous_step,34465.0,computed,,,20260910T102726Z,ggfiscal.debt.chains,,B,
DEU,1996,C_s13_nlb,state_government_net_borrowing,25372.0,official,EUROSTAT_GOV10A_MAIN_S1311,"accrued, net borrowing = -B.9",20260910T102726Z,ggfiscal.debt.chains,,A,
DEU,1996,C_s13_nlb,local_government_net_borrowing,3258.0,official,EUROSTAT_GOV10A_MAIN_S1311,"accrued, net borrowing = -B.9",20260910T102726Z,ggfiscal.debt.chains,,A,
DEU,1996,C_s13_nlb,social_security_funds_net_borrowing,7074.0,official,EUROSTAT_GOV10A_MAIN_S1311,"accrued, net borrowing = -B.9",20260910T102726Z,ggfiscal.debt.chains,,A,
DEU,1996,C_s13_nlb,official_total,70169.0,official,package_NLB,"accrued, net borrowing = -B.9",20260910T102726Z,ggfiscal.debt.chains,,A,
DEU,1996,C_s13_nlb,residual,0.0,residual,,"accrued, net borrowing = -B.9",20260910T102726Z,ggfiscal.debt.chains,,B,
DEU,1997,register,sum_bill,-9985.53043976215,computed,ggfiscal.debt.register,nominal,20260910T102726Z,ggfiscal.debt.chains,,A,computed from the per-security register (debt_interest_by_security / debt_flows)
DEU,1997,register,sum_fixed_bullet,-54196.93940679914,computed,ggfiscal.debt.register,nominal,20260910T102726Z,ggfiscal.debt.chains,,A,computed from the per-security register (debt_interest_by_security / debt_flows)
DEU,1997,register,sum_other,-8205.536703087697,computed,ggfiscal.debt.register,nominal,20260910T102726Z,ggfiscal.debt.chains,,A,computed from the per-security register (debt_interest_by_security / debt_flows)
DEU,1997,register,official_total,-72388.00654964898,computed,,nominal,20260910T102726Z,ggfiscal.debt.chains,,B,
DEU,1997,A_cg_cash_requirement,carried_from_previous_step,-72388.00654964898,computed,,,20260910T102726Z,ggfiscal.debt.chains,,B,
DEU,1997,A_cg_cash_requirement,out_of_register_geldmarkt,0.0,official,BMF_DATENPORTAL,cash,20260910T102726Z,ggfiscal.debt.chains,,A,
DEU,1997,A_cg_cash_requirement,out_of_register_schuldschein,-4955.175025999997,official,BMF_DATENPORTAL,cash,20260910T102726Z,ggfiscal.debt.chains,,A,
DEU,1997,A_cg_cash_requirement,less_sondervermoegen_ausgleichsfonds_steinkohle,-61.81518799999992,official,BMF_DATENPORTAL,cash,20260910T102726Z,ggfiscal.debt.chains,,A,
DEU,1997,A_cg_cash_requirement,less_sondervermoegen_bundeseisenbahnvermogen,272.41934100000026,official,BMF_DATENPORTAL,cash,20260910T102726Z,ggfiscal.debt.chains,,A,
DEU,1997,A_cg_cash_requirement,less_sondervermoegen_entschadigungsfonds,-22.793392,official,BMF_DATENPORTAL,cash,20260910T102726Z,ggfiscal.debt.chains,,A,
DEU,1997,A_cg_cash_requirement,less_sondervermoegen_erblastentilgungsfonds,765.2872010000028,official,BMF_DATENPORTAL,cash,20260910T102726Z,ggfiscal.debt.chains,,A,
DEU,1997,A_cg_cash_requirement,less_sondervermoegen_erp_sondervermogen,247.93167100000005,official,BMF_DATENPORTAL,cash,20260910T102726Z,ggfiscal.debt.chains,,A,
DEU,1997,A_cg_cash_requirement,less_sondervermoegen_finanzmarktstabilisierungsfonds_kredite_fur_abwicklungsanstalten_gem_9_abs_5_stfg,-0.0,official,BMF_DATENPORTAL,cash,20260910T102726Z,ggfiscal.debt.chains,,A,
DEU,1997,A_cg_cash_requirement,less_sondervermoegen_finanzmarktstabilisierungsfonds_kredite_fur_aufwendungen_gem_9_abs_1_stfg,-0.0,official,BMF_DATENPORTAL,cash,20260910T102726Z,ggfiscal.debt.chains,,A,
DEU,1997,A_cg_cash_requirement,less_sondervermoegen_fonds_deutsche_einheit,1985.5826939999997,official,BMF_DATENPORTAL,cash,20260910T102726Z,ggfiscal.debt.chains,,A,
DEU,1997,A_cg_cash_requirement,less_sondervermoegen_investitions_und_tilgungsfonds,-0.0,official,BMF_DATENPORTAL,cash,20260910T102726Z,ggfiscal.debt.chains,,A,
DEU,1997,A_cg_cash_requirement,less_sondervermoegen_lastenausgleichsfonds,1.676009,official,BMF_DATENPORTAL,cash,20260910T102726Z,ggfiscal.debt.chains,,A,
DEU,1997,A_cg_cash_requirement,less_sondervermoegen_restrukturierungsfonds,-0.0,official,BMF_DATENPORTAL,cash,20260910T102726Z,ggfiscal.debt.chains,,A,
DEU,1997,A_cg_cash_requirement,less_sondervermoegen_sondervermogen_bundeswehr,-0.0,official,BMF_DATENPORTAL,cash,20260910T102726Z,ggfiscal.debt.chains,,A,
DEU,1997,A_cg_cash_requirement,less_sondervermoegen_sondervermogen_infrastruktur_und_klimaneutralitat,-0.0,official,BMF_DATENPORTAL,cash,20260910T102726Z,ggfiscal.debt.chains,,A,
DEU,1997,A_cg_cash_requirement,less_sondervermoegen_wirtschaftsstabilisierungsfonds_kredite_fur_die_kreditanstalt_fur_wiederaufbau_gem_23_stfg,-0.0,official,BMF_DATENPORTAL,cash,20260910T102726Z,ggfiscal.debt.chains,,A,
DEU,1997,A_cg_cash_requirement,less_sondervermoegen_wirtschaftsstabilisierungsfonds_kredite_fur_die_kreditanstalt_fur_wiederaufbau_gem_26a_abs_1_nr_5_stfg,-0.0,official,BMF_DATENPORTAL,cash,20260910T102726Z,ggfiscal.debt.chains,,A,
DEU,1997,A_cg_cash_requirement,less_sondervermoegen_wirtschaftsstabilisierungsfonds_kredite_fur_rekapitalisierungsmanahmen_gem_22_stfg,-0.0,official,BMF_DATENPORTAL,cash,20260910T102726Z,ggfiscal.debt.chains,,A,
DEU,1997,A_cg_cash_requirement,less_sondervermoegen_wirtschaftsstabilisierungsfonds_kredite_zur_abfederung_der_folgen_der_energiekrise_gem_26a_stfg_ohne_darlehensgewahrung,-0.0,official,BMF_DATENPORTAL,cash,20260910T102726Z,ggfiscal.debt.chains,,A,
DEU,1997,A_cg_cash_requirement,out_of_register_sonstige_kredite,-417.43796899999995,official,BMF_DATENPORTAL,cash,20260910T102726Z,ggfiscal.debt.chains,,A,
DEU,1997,A_cg_cash_requirement,own_holdings_change,-1580.0647289999997,official,BMF_DATENPORTAL,nominal,20260910T102726Z,ggfiscal.debt.chains,,A,
DEU,1997,A_cg_cash_requirement,official_total,,official,BMF_DATENPORTAL,cash,20260910T102726Z,ggfiscal.debt.chains,,A,
DEU,1997,A_cg_cash_requirement,residual,,residual,,,20260910T102726Z,ggfiscal.debt.chains,,B,
DEU,1997,B_s1311_b9,carried_from_previous_step,-76152.395937649,computed,,,20260910T102726Z,ggfiscal.debt.chains,,B,
DEU,1997,B_s1311_b9,special_funds_net_borrowing_added_back,-3188.288336000003,official,BMF_DATENPORTAL,cash,20260910T102726Z,ggfiscal.debt.chains,,A,
DEU,1997,B_s1311_b9,official_total,31126.0,official,EUROSTAT_GOV10A_MAIN_S1311,"accrued, net borrowing = -B.9",20260910T102726Z,ggfiscal.debt.chains,,A,
DEU,1997,B_s1311_b9,residual,110466.68427364899,residual,,"accrued, net borrowing = -B.9",20260910T102726Z,ggfiscal.debt.chains,,B,
DEU,1997,C_s13_nlb,carried_from_previous_step,31126.0,computed,,,20260910T102726Z,ggfiscal.debt.chains,,B,
DEU,1997,C_s13_nlb,state_government_net_borrowing,25402.0,official,EUROSTAT_GOV10A_MAIN_S1311,"accrued, net borrowing = -B.9",20260910T102726Z,ggfiscal.debt.chains,,A,
DEU,1997,C_s13_nlb,local_government_net_borrowing,3692.0,official,EUROSTAT_GOV10A_MAIN_S1311,"accrued, net borrowing = -B.9",20260910T102726Z,ggfiscal.debt.chains,,A,
DEU,1997,C_s13_nlb,social_security_funds_net_borrowing,-669.0,official,EUROSTAT_GOV10A_MAIN_S1311,"accrued, net borrowing = -B.9",20260910T102726Z,ggfiscal.debt.chains,,A,
DEU,1997,C_s13_nlb,official_total,59551.0,official,package_NLB,"accrued, net borrowing = -B.9",20260910T102726Z,ggfiscal.debt.chains,,A,
DEU,1997,C_s13_nlb,residual,0.0,residual,,"accrued, net borrowing = -B.9",20260910T102726Z,ggfiscal.debt.chains,,B,
DEU,1998,register,sum_bill,-10214.589202538049,computed,ggfiscal.debt.register,nominal,20260910T102726Z,ggfiscal.debt.chains,,A,computed from the per-security register (debt_interest_by_security / debt_flows)
DEU,1998,register,sum_fixed_bullet,-54196.93940679912,computed,ggfiscal.debt.register,nominal,20260910T102726Z,ggfiscal.debt.chains,,A,computed from the per-security register (debt_interest_by_security / debt_flows)
DEU,1998,register,sum_other,-8275.857283097204,computed,ggfiscal.debt.register,nominal,20260910T102726Z,ggfiscal.debt.chains,,A,computed from the per-security register (debt_interest_by_security / debt_flows)
DEU,1998,register,official_total,-72687.38589243437,computed,,nominal,20260910T102726Z,ggfiscal.debt.chains,,B,
DEU,1998,A_cg_cash_requirement,carried_from_previous_step,-72687.38589243437,computed,,,20260910T102726Z,ggfiscal.debt.chains,,B,
DEU,1998,A_cg_cash_requirement,out_of_register_geldmarkt,0.0,official,BMF_DATENPORTAL,cash,20260910T102726Z,ggfiscal.debt.chains,,A,
DEU,1998,A_cg_cash_requirement,out_of_register_schuldschein,-8696.483388,official,BMF_DATENPORTAL,cash,20260910T102726Z,ggfiscal.debt.chains,,A,
DEU,1998,A_cg_cash_requirement,less_sondervermoegen_ausgleichsfonds_steinkohle,-379.37857600000007,official,BMF_DATENPORTAL,cash,20260910T102726Z,ggfiscal.debt.chains,,A,
DEU,1998,A_cg_cash_requirement,less_sondervermoegen_bundeseisenbahnvermogen,3.346628999999666,official,BMF_DATENPORTAL,cash,20260910T102726Z,ggfiscal.debt.chains,,A,
DEU,1998,A_cg_cash_requirement,less_sondervermoegen_entschadigungsfonds,-45.424705,official,BMF_DATENPORTAL,cash,20260910T102726Z,ggfiscal.debt.chains,,A,
DEU,1998,A_cg_cash_requirement,less_sondervermoegen_erblastentilgungsfonds,8719.333008999998,official,BMF_DATENPORTAL,cash,20260910T102726Z,ggfiscal.debt.chains,,A,
DEU,1998,A_cg_cash_requirement,less_sondervermoegen_erp_sondervermogen,-260.2415349999999,official,BMF_DATENPORTAL,cash,20260910T102726Z,ggfiscal.debt.chains,,A,
DEU,1998,A_cg_cash_requirement,less_sondervermoegen_finanzmarktstabilisierungsfonds_kredite_fur_abwicklungsanstalten_gem_9_abs_5_stfg,-0.0,official,BMF_DATENPORTAL,cash,20260910T102726Z,ggfiscal.debt.chains,,A,
DEU,1998,A_cg_cash_requirement,less_sondervermoegen_finanzmarktstabilisierungsfonds_kredite_fur_aufwendungen_gem_9_abs_1_stfg,-0.0,official,BMF_DATENPORTAL,cash,20260910T102726Z,ggfiscal.debt.chains,,A,
DEU,1998,A_cg_cash_requirement,less_sondervermoegen_fonds_deutsche_einheit,201.16651300000012,official,BMF_DATENPORTAL,cash,20260910T102726Z,ggfiscal.debt.chains,,A,
DEU,1998,A_cg_cash_requirement,less_sondervermoegen_investitions_und_tilgungsfonds,-0.0,official,BMF_DATENPORTAL,cash,20260910T102726Z,ggfiscal.debt.chains,,A,
DEU,1998,A_cg_cash_requirement,less_sondervermoegen_lastenausgleichsfonds,0.01793,official,BMF_DATENPORTAL,cash,20260910T102726Z,ggfiscal.debt.chains,,A,
DEU,1998,A_cg_cash_requirement,less_sondervermoegen_restrukturierungsfonds,-0.0,official,BMF_DATENPORTAL,cash,20260910T102726Z,ggfiscal.debt.chains,,A,
DEU,1998,A_cg_cash_requirement,less_sondervermoegen_sondervermogen_bundeswehr,-0.0,official,BMF_DATENPORTAL,cash,20260910T102726Z,ggfiscal.debt.chains,,A,
DEU,1998,A_cg_cash_requirement,less_sondervermoegen_sondervermogen_infrastruktur_und_klimaneutralitat,-0.0,official,BMF_DATENPORTAL,cash,20260910T102726Z,ggfiscal.debt.chains,,A,
DEU,1998,A_cg_cash_requirement,less_sondervermoegen_wirtschaftsstabilisierungsfonds_kredite_fur_die_kreditanstalt_fur_wiederaufbau_gem_23_stfg,-0.0,official,BMF_DATENPORTAL,cash,20260910T102726Z,ggfiscal.debt.chains,,A,
DEU,1998,A_cg_cash_requirement,less_sondervermoegen_wirtschaftsstabilisierungsfonds_kredite_fur_die_kreditanstalt_fur_wiederaufbau_gem_26a_abs_1_nr_5_stfg,-0.0,official,BMF_DATENPORTAL,cash,20260910T102726Z,ggfiscal.debt.chains,,A,
DEU,1998,A_cg_cash_requirement,less_sondervermoegen_wirtschaftsstabilisierungsfonds_kredite_fur_rekapitalisierungsmanahmen_gem_22_stfg,-0.0,official,BMF_DATENPORTAL,cash,20260910T102726Z,ggfiscal.debt.chains,,A,
DEU,1998,A_cg_cash_requirement,less_sondervermoegen_wirtschaftsstabilisierungsfonds_kredite_zur_abfederung_der_folgen_der_energiekrise_gem_26a_stfg_ohne_darlehensgewahrung,-0.0,official,BMF_DATENPORTAL,cash,20260910T102726Z,ggfiscal.debt.chains,,A,
DEU,1998,A_cg_cash_requirement,out_of_register_sonstige_kredite,-494.976548,official,BMF_DATENPORTAL,cash,20260910T102726Z,ggfiscal.debt.chains,,A,
DEU,1998,A_cg_cash_requirement,own_holdings_change,-5076.576901,official,BMF_DATENPORTAL,nominal,20260910T102726Z,ggfiscal.debt.chains,,A,
DEU,1998,A_cg_cash_requirement,official_total,,official,BMF_DATENPORTAL,cash,20260910T102726Z,ggfiscal.debt.chains,,A,
DEU,1998,A_cg_cash_requirement,residual,,residual,,,20260910T102726Z,ggfiscal.debt.chains,,B,
DEU,1998,B_s1311_b9,carried_from_previous_step,-78716.60346443436,computed,,,20260910T102726Z,ggfiscal.debt.chains,,B,
DEU,1998,B_s1311_b9,special_funds_net_borrowing_added_back,-8238.819264999996,official,BMF_DATENPORTAL,cash,20260910T102726Z,ggfiscal.debt.chains,,A,
DEU,1998,B_s1311_b9,official_total,36868.0,official,EUROSTAT_GOV10A_MAIN_S1311,"accrued, net borrowing = -B.9",20260910T102726Z,ggfiscal.debt.chains,,A,
DEU,1998,B_s1311_b9,residual,123823.42272943436,residual,,"accrued, net borrowing = -B.9",20260910T102726Z,ggfiscal.debt.chains,,B,
DEU,1998,C_s13_nlb,carried_from_previous_step,36868.0,computed,,,20260910T102726Z,ggfiscal.debt.chains,,B,
DEU,1998,C_s13_nlb,state_government_net_borrowing,18103.0,official,EUROSTAT_GOV10A_MAIN_S1311,"accrued, net borrowing = -B.9",20260910T102726Z,ggfiscal.debt.chains,,A,
DEU,1998,C_s13_nlb,local_government_net_borrowing,-97.0,official,EUROSTAT_GOV10A_MAIN_S1311,"accrued, net borrowing = -B.9",20260910T102726Z,ggfiscal.debt.chains,,A,
DEU,1998,C_s13_nlb,social_security_funds_net_borrowing,-1292.0,official,EUROSTAT_GOV10A_MAIN_S1311,"accrued, net borrowing = -B.9",20260910T102726Z,ggfiscal.debt.chains,,A,
DEU,1998,C_s13_nlb,official_total,53582.0,official,package_NLB,"accrued, net borrowing = -B.9",20260910T102726Z,ggfiscal.debt.chains,,A,
DEU,1998,C_s13_nlb,residual,0.0,residual,,"accrued, net borrowing = -B.9",20260910T102726Z,ggfiscal.debt.chains,,B,
DEU,1999,register,sum_bill,-242.19896412264006,computed,ggfiscal.debt.register,nominal,20260910T102726Z,ggfiscal.debt.chains,,A,computed from the per-security register (debt_interest_by_security / debt_flows)
DEU,1999,register,sum_fixed_bullet,55880.475627784035,computed,ggfiscal.debt.register,nominal,20260910T102726Z,ggfiscal.debt.chains,,A,computed from the per-security register (debt_interest_by_security / debt_flows)
DEU,1999,register,sum_other,-7805.213080891493,computed,ggfiscal.debt.register,nominal,20260910T102726Z,ggfiscal.debt.chains,,A,computed from the per-security register (debt_interest_by_security / debt_flows)
DEU,1999,register,official_total,47833.0635827699,computed,,nominal,20260910T102726Z,ggfiscal.debt.chains,,B,
DEU,1999,A_cg_cash_requirement,carried_from_previous_step,47833.0635827699,computed,,,20260910T102726Z,ggfiscal.debt.chains,,B,
DEU,1999,A_cg_cash_requirement,out_of_register_geldmarkt,0.0,official,BMF_DATENPORTAL,cash,20260910T102726Z,ggfiscal.debt.chains,,A,
DEU,1999,A_cg_cash_requirement,out_of_register_schuldschein,-21864.86245,official,BMF_DATENPORTAL,cash,20260910T102726Z,ggfiscal.debt.chains,,A,
DEU,1999,A_cg_cash_requirement,less_sondervermoegen_ausgleichsfonds_steinkohle,2030.3400599999998,official,BMF_DATENPORTAL,cash,20260910T102726Z,ggfiscal.debt.chains,,A,
DEU,1999,A_cg_cash_requirement,less_sondervermoegen_bundeseisenbahnvermogen,39494.570423,official,BMF_DATENPORTAL,cash,20260910T102726Z,ggfiscal.debt.chains,,A,
DEU,1999,A_cg_cash_requirement,less_sondervermoegen_entschadigungsfonds,-59.127224,official,BMF_DATENPORTAL,cash,20260910T102726Z,ggfiscal.debt.chains,,A,
DEU,1999,A_cg_cash_requirement,less_sondervermoegen_erblastentilgungsfonds,155932.830675,official,BMF_DATENPORTAL,cash,20260910T102726Z,ggfiscal.debt.chains,,A,
DEU,1999,A_cg_cash_requirement,less_sondervermoegen_erp_sondervermogen,1436.940844,official,BMF_DATENPORTAL,cash,20260910T102726Z,ggfiscal.debt.chains,,A,
DEU,1999,A_cg_cash_requirement,less_sondervermoegen_finanzmarktstabilisierungsfonds_kredite_fur_abwicklungsanstalten_gem_9_abs_5_stfg,-0.0,official,BMF_DATENPORTAL,cash,20260910T102726Z,ggfiscal.debt.chains,,A,
DEU,1999,A_cg_cash_requirement,less_sondervermoegen_finanzmarktstabilisierungsfonds_kredite_fur_aufwendungen_gem_9_abs_1_stfg,-0.0,official,BMF_DATENPORTAL,cash,20260910T102726Z,ggfiscal.debt.chains,,A,
DEU,1999,A_cg_cash_requirement,less_sondervermoegen_fonds_deutsche_einheit,427.71411799999987,official,BMF_DATENPORTAL,cash,20260910T102726Z,ggfiscal.debt.chains,,A,
DEU,1999,A_cg_cash_requirement,less_sondervermoegen_investitions_und_tilgungsfonds,-0.0,official,BMF_DATENPORTAL,cash,20260910T102726Z,ggfiscal.debt.chains,,A,
DEU,1999,A_cg_cash_requirement,less_sondervermoegen_lastenausgleichsfonds,0.028156,official,BMF_DATENPORTAL,cash,20260910T102726Z,ggfiscal.debt.chains,,A,
DEU,1999,A_cg_cash_requirement,less_sondervermoegen_restrukturierungsfonds,-0.0,official,BMF_DATENPORTAL,cash,20260910T102726Z,ggfiscal.debt.chains,,A,
DEU,1999,A_cg_cash_requirement,less_sondervermoegen_sondervermogen_bundeswehr,-0.0,official,BMF_DATENPORTAL,cash,20260910T102726Z,ggfiscal.debt.chains,,A,
DEU,1999,A_cg_cash_requirement,less_sondervermoegen_sondervermogen_infrastruktur_und_klimaneutralitat,-0.0,official,BMF_DATENPORTAL,cash,20260910T102726Z,ggfiscal.debt.chains,,A,
DEU,1999,A_cg_cash_requirement,less_sondervermoegen_wirtschaftsstabilisierungsfonds_kredite_fur_die_kreditanstalt_fur_wiederaufbau_gem_23_stfg,-0.0,official,BMF_DATENPORTAL,cash,20260910T102726Z,ggfiscal.debt.chains,,A,
DEU,1999,A_cg_cash_requirement,less_sondervermoegen_wirtschaftsstabilisierungsfonds_kredite_fur_die_kreditanstalt_fur_wiederaufbau_gem_26a_abs_1_nr_5_stfg,-0.0,official,BMF_DATENPORTAL,cash,20260910T102726Z,ggfiscal.debt.chains,,A,
DEU,1999,A_cg_cash_requirement,less_sondervermoegen_wirtschaftsstabilisierungsfonds_kredite_fur_rekapitalisierungsmanahmen_gem_22_stfg,-0.0,official,BMF_DATENPORTAL,cash,20260910T102726Z,ggfiscal.debt.chains,,A,
DEU,1999,A_cg_cash_requirement,less_sondervermoegen_wirtschaftsstabilisierungsfonds_kredite_zur_abfederung_der_folgen_der_energiekrise_gem_26a_stfg_ohne_darlehensgewahrung,-0.0,official,BMF_DATENPORTAL,cash,20260910T102726Z,ggfiscal.debt.chains,,A,
DEU,1999,A_cg_cash_requirement,out_of_register_sonstige_kredite,-284.504594,official,BMF_DATENPORTAL,cash,20260910T102726Z,ggfiscal.debt.chains,,A,
DEU,1999,A_cg_cash_requirement,own_holdings_change,1867.3471439999994,official,BMF_DATENPORTAL,nominal,20260910T102726Z,ggfiscal.debt.chains,,A,
DEU,1999,A_cg_cash_requirement,official_total,,official,BMF_DATENPORTAL,cash,20260910T102726Z,ggfiscal.debt.chains,,A,
DEU,1999,A_cg_cash_requirement,residual,,residual,,,20260910T102726Z,ggfiscal.debt.chains,,B,
DEU,1999,B_s1311_b9,carried_from_previous_step,226814.34073476988,computed,,,20260910T102726Z,ggfiscal.debt.chains,,B,
DEU,1999,B_s1311_b9,special_funds_net_borrowing_added_back,-199263.29705199998,official,BMF_DATENPORTAL,cash,20260910T102726Z,ggfiscal.debt.chains,,A,
DEU,1999,B_s1311_b9,official_total,29786.0,official,EUROSTAT_GOV10A_MAIN_S1311,"accrued, net borrowing = -B.9",20260910T102726Z,ggfiscal.debt.chains,,A,
DEU,1999,B_s1311_b9,residual,2234.9563172300986,residual,,"accrued, net borrowing = -B.9",20260910T102726Z,ggfiscal.debt.chains,,B,
DEU,1999,C_s13_nlb,carried_from_previous_step,29786.0,computed,,,20260910T102726Z,ggfiscal.debt.chains,,B,
DEU,1999,C_s13_nlb,state_government_net_borrowing,13290.0,official,EUROSTAT_GOV10A_MAIN_S1311,"accrued, net borrowing = -B.9",20260910T102726Z,ggfiscal.debt.chains,,A,
DEU,1999,C_s13_nlb,local_government_net_borrowing,-291.0,official,EUROSTAT_GOV10A_MAIN_S1311,"accrued, net borrowing = -B.9",20260910T102726Z,ggfiscal.debt.chains,,A,
DEU,1999,C_s13_nlb,social_security_funds_net_borrowing,-4014.0,official,EUROSTAT_GOV10A_MAIN_S1311,"accrued, net borrowing = -B.9",20260910T102726Z,ggfiscal.debt.chains,,A,
DEU,1999,C_s13_nlb,official_total,38771.0,official,package_NLB,"accrued, net borrowing = -B.9",20260910T102726Z,ggfiscal.debt.chains,,A,
DEU,1999,C_s13_nlb,residual,0.0,residual,,"accrued, net borrowing = -B.9",20260910T102726Z,ggfiscal.debt.chains,,B,
DEU,2000,register,sum_bill,105.0,computed,ggfiscal.debt.register,nominal,20260910T102726Z,ggfiscal.debt.chains,,A,computed from the per-security register (debt_interest_by_security / debt_flows)
DEU,2000,register,sum_fixed_bullet,38953.01226293,computed,ggfiscal.debt.register,nominal,20260910T102726Z,ggfiscal.debt.chains,,A,computed from the per-security register (debt_interest_by_security / debt_flows)
DEU,2000,register,sum_floating,-2556.45940681,computed,ggfiscal.debt.register,nominal,20260910T102726Z,ggfiscal.debt.chains,,A,computed from the per-security register (debt_interest_by_security / debt_flows)
DEU,2000,register,sum_other,-8642.76360103895,computed,ggfiscal.debt.register,nominal,20260910T102726Z,ggfiscal.debt.chains,,A,computed from the per-security register (debt_interest_by_security / debt_flows)
DEU,2000,register,official_total,27858.789255081054,computed,,nominal,20260910T102726Z,ggfiscal.debt.chains,,B,
DEU,2000,A_cg_cash_requirement,carried_from_previous_step,27858.789255081054,computed,,,20260910T102726Z,ggfiscal.debt.chains,,B,
DEU,2000,A_cg_cash_requirement,out_of_register_geldmarkt,0.0,official,BMF_DATENPORTAL,cash,20260910T102726Z,ggfiscal.debt.chains,,A,
DEU,2000,A_cg_cash_requirement,out_of_register_schuldschein,-11509.654537,official,BMF_DATENPORTAL,cash,20260910T102726Z,ggfiscal.debt.chains,,A,
DEU,2000,A_cg_cash_requirement,less_sondervermoegen_ausgleichsfonds_steinkohle,-0.0,official,BMF_DATENPORTAL,cash,20260910T102726Z,ggfiscal.debt.chains,,A,
DEU,2000,A_cg_cash_requirement,less_sondervermoegen_bundeseisenbahnvermogen,-0.0,official,BMF_DATENPORTAL,cash,20260910T102726Z,ggfiscal.debt.chains,,A,
DEU,2000,A_cg_cash_requirement,less_sondervermoegen_entschadigungsfonds,-71.970453,official,BMF_DATENPORTAL,cash,20260910T102726Z,ggfiscal.debt.chains,,A,
DEU,2000,A_cg_cash_requirement,less_sondervermoegen_erblastentilgungsfonds,-0.0,official,BMF_DATENPORTAL,cash,20260910T102726Z,ggfiscal.debt.chains,,A,
DEU,2000,A_cg_cash_requirement,less_sondervermoegen_erp_sondervermogen,-2357.9541389999995,official,BMF_DATENPORTAL,cash,20260910T102726Z,ggfiscal.debt.chains,,A,
DEU,2000,A_cg_cash_requirement,less_sondervermoegen_finanzmarktstabilisierungsfonds_kredite_fur_abwicklungsanstalten_gem_9_abs_5_stfg,-0.0,official,BMF_DATENPORTAL,cash,20260910T102726Z,ggfiscal.debt.chains,,A,
DEU,2000,A_cg_cash_requirement,less_sondervermoegen_finanzmarktstabilisierungsfonds_kredite_fur_aufwendungen_gem_9_abs_1_stfg,-0.0,official,BMF_DATENPORTAL,cash,20260910T102726Z,ggfiscal.debt.chains,,A,
DEU,2000,A_cg_cash_requirement,less_sondervermoegen_fonds_deutsche_einheit,-322.8435009999994,official,BMF_DATENPORTAL,cash,20260910T102726Z,ggfiscal.debt.chains,,A,
DEU,2000,A_cg_cash_requirement,less_sondervermoegen_investitions_und_tilgungsfonds,-0.0,official,BMF_DATENPORTAL,cash,20260910T102726Z,ggfiscal.debt.chains,,A,
DEU,2000,A_cg_cash_requirement,less_sondervermoegen_lastenausgleichsfonds,0.039915,official,BMF_DATENPORTAL,cash,20260910T102726Z,ggfiscal.debt.chains,,A,
DEU,2000,A_cg_cash_requirement,less_sondervermoegen_restrukturierungsfonds,-0.0,official,BMF_DATENPORTAL,cash,20260910T102726Z,ggfiscal.debt.chains,,A,
DEU,2000,A_cg_cash_requirement,less_sondervermoegen_sondervermogen_bundeswehr,-0.0,official,BMF_DATENPORTAL,cash,20260910T102726Z,ggfiscal.debt.chains,,A,
DEU,2000,A_cg_cash_requirement,less_sondervermoegen_sondervermogen_infrastruktur_und_klimaneutralitat,-0.0,official,BMF_DATENPORTAL,cash,20260910T102726Z,ggfiscal.debt.chains,,A,
DEU,2000,A_cg_cash_requirement,less_sondervermoegen_wirtschaftsstabilisierungsfonds_kredite_fur_die_kreditanstalt_fur_wiederaufbau_gem_23_stfg,-0.0,official,BMF_DATENPORTAL,cash,20260910T102726Z,ggfiscal.debt.chains,,A,
DEU,2000,A_cg_cash_requirement,less_sondervermoegen_wirtschaftsstabilisierungsfonds_kredite_fur_die_kreditanstalt_fur_wiederaufbau_gem_26a_abs_1_nr_5_stfg,-0.0,official,BMF_DATENPORTAL,cash,20260910T102726Z,ggfiscal.debt.chains,,A,
DEU,2000,A_cg_cash_requirement,less_sondervermoegen_wirtschaftsstabilisierungsfonds_kredite_fur_rekapitalisierungsmanahmen_gem_22_stfg,-0.0,official,BMF_DATENPORTAL,cash,20260910T102726Z,ggfiscal.debt.chains,,A,
DEU,2000,A_cg_cash_requirement,less_sondervermoegen_wirtschaftsstabilisierungsfonds_kredite_zur_abfederung_der_folgen_der_energiekrise_gem_26a_stfg_ohne_darlehensgewahrung,-0.0,official,BMF_DATENPORTAL,cash,20260910T102726Z,ggfiscal.debt.chains,,A,
DEU,2000,A_cg_cash_requirement,out_of_register_sonstige_kredite,-1220.2950620000001,official,BMF_DATENPORTAL,cash,20260910T102726Z,ggfiscal.debt.chains,,A,
DEU,2000,A_cg_cash_requirement,own_holdings_change,-556.7646060000006,official,BMF_DATENPORTAL,nominal,20260910T102726Z,ggfiscal.debt.chains,,A,
DEU,2000,A_cg_cash_requirement,official_total,,official,BMF_DATENPORTAL,cash,20260910T102726Z,ggfiscal.debt.chains,,A,
DEU,2000,A_cg_cash_requirement,residual,,residual,,,20260910T102726Z,ggfiscal.debt.chains,,B,
DEU,2000,B_s1311_b9,carried_from_previous_step,11819.346872081052,computed,,,20260910T102726Z,ggfiscal.debt.chains,,B,
DEU,2000,B_s1311_b9,special_funds_net_borrowing_added_back,2752.728177999999,official,BMF_DATENPORTAL,cash,20260910T102726Z,ggfiscal.debt.chains,,A,
DEU,2000,B_s1311_b9,official_total,23805.0,official,EUROSTAT_GOV10A_MAIN_S1311,"accrued, net borrowing = -B.9",20260910T102726Z,ggfiscal.debt.chains,,A,
DEU,2000,B_s1311_b9,residual,9232.924949918948,residual,,"accrued, net borrowing = -B.9",20260910T102726Z,ggfiscal.debt.chains,,B,
DEU,2000,C_s13_nlb,carried_from_previous_step,23805.0,computed,,,20260910T102726Z,ggfiscal.debt.chains,,B,
DEU,2000,C_s13_nlb,state_government_net_borrowing,11352.0,official,EUROSTAT_GOV10A_MAIN_S1311,"accrued, net borrowing = -B.9",20260910T102726Z,ggfiscal.debt.chains,,A,
DEU,2000,C_s13_nlb,local_government_net_borrowing,289.0,official,EUROSTAT_GOV10A_MAIN_S1311,"accrued, net borrowing = -B.9",20260910T102726Z,ggfiscal.debt.chains,,A,
DEU,2000,C_s13_nlb,social_security_funds_net_borrowing,1063.0,official,EUROSTAT_GOV10A_MAIN_S1311,"accrued, net borrowing = -B.9",20260910T102726Z,ggfiscal.debt.chains,,A,
DEU,2000,C_s13_nlb,official_total,36509.0,official,package_NLB,"accrued, net borrowing = -B.9",20260910T102726Z,ggfiscal.debt.chains,,A,
DEU,2000,C_s13_nlb,residual,0.0,residual,,"accrued, net borrowing = -B.9",20260910T102726Z,ggfiscal.debt.chains,,B,
DEU,2001,register,sum_bill,10266.0,computed,ggfiscal.debt.register,nominal,20260910T102726Z,ggfiscal.debt.chains,,A,computed from the per-security register (debt_interest_by_security / debt_flows)
DEU,2001,register,sum_fixed_bullet,40540.190089979995,computed,ggfiscal.debt.register,nominal,20260910T102726Z,ggfiscal.debt.chains,,A,computed from the per-security register (debt_interest_by_security / debt_flows)
DEU,2001,register,sum_other,-12650.369779586092,computed,ggfiscal.debt.register,nominal,20260910T102726Z,ggfiscal.debt.chains,,A,computed from the per-security register (debt_interest_by_security / debt_flows)
DEU,2001,register,official_total,38155.8203103939,computed,,nominal,20260910T102726Z,ggfiscal.debt.chains,,B,
DEU,2001,A_cg_cash_requirement,carried_from_previous_step,38155.8203103939,computed,,,20260910T102726Z,ggfiscal.debt.chains,,B,
DEU,2001,A_cg_cash_requirement,out_of_register_geldmarkt,0.0,official,BMF_DATENPORTAL,cash,20260910T102726Z,ggfiscal.debt.chains,,A,
DEU,2001,A_cg_cash_requirement,out_of_register_schuldschein,-14502.673318000001,official,BMF_DATENPORTAL,cash,20260910T102726Z,ggfiscal.debt.chains,,A,
DEU,2001,A_cg_cash_requirement,less_sondervermoegen_ausgleichsfonds_steinkohle,-0.0,official,BMF_DATENPORTAL,cash,20260910T102726Z,ggfiscal.debt.chains,,A,
DEU,2001,A_cg_cash_requirement,less_sondervermoegen_bundeseisenbahnvermogen,-0.0,official,BMF_DATENPORTAL,cash,20260910T102726Z,ggfiscal.debt.chains,,A,
DEU,2001,A_cg_cash_requirement,less_sondervermoegen_entschadigungsfonds,-80.949264,official,BMF_DATENPORTAL,cash,20260910T102726Z,ggfiscal.debt.chains,,A,
DEU,2001,A_cg_cash_requirement,less_sondervermoegen_erblastentilgungsfonds,-0.0,official,BMF_DATENPORTAL,cash,20260910T102726Z,ggfiscal.debt.chains,,A,
DEU,2001,A_cg_cash_requirement,less_sondervermoegen_erp_sondervermogen,-775.0230880000004,official,BMF_DATENPORTAL,cash,20260910T102726Z,ggfiscal.debt.chains,,A,
DEU,2001,A_cg_cash_requirement,less_sondervermoegen_finanzmarktstabilisierungsfonds_kredite_fur_abwicklungsanstalten_gem_9_abs_5_stfg,-0.0,official,BMF_DATENPORTAL,cash,20260910T102726Z,ggfiscal.debt.chains,,A,
DEU,2001,A_cg_cash_requirement,less_sondervermoegen_finanzmarktstabilisierungsfonds_kredite_fur_aufwendungen_gem_9_abs_1_stfg,-0.0,official,BMF_DATENPORTAL,cash,20260910T102726Z,ggfiscal.debt.chains,,A,
DEU,2001,A_cg_cash_requirement,less_sondervermoegen_fonds_deutsche_einheit,787.1665489999996,official,BMF_DATENPORTAL,cash,20260910T102726Z,ggfiscal.debt.chains,,A,
DEU,2001,A_cg_cash_requirement,less_sondervermoegen_investitions_und_tilgungsfonds,-0.0,official,BMF_DATENPORTAL,cash,20260910T102726Z,ggfiscal.debt.chains,,A,
DEU,2001,A_cg_cash_requirement,less_sondervermoegen_lastenausgleichsfonds,0.017419,official,BMF_DATENPORTAL,cash,20260910T102726Z,ggfiscal.debt.chains,,A,
DEU,2001,A_cg_cash_requirement,less_sondervermoegen_restrukturierungsfonds,-0.0,official,BMF_DATENPORTAL,cash,20260910T102726Z,ggfiscal.debt.chains,,A,
DEU,2001,A_cg_cash_requirement,less_sondervermoegen_sondervermogen_bundeswehr,-0.0,official,BMF_DATENPORTAL,cash,20260910T102726Z,ggfiscal.debt.chains,,A,
DEU,2001,A_cg_cash_requirement,less_sondervermoegen_sondervermogen_infrastruktur_und_klimaneutralitat,-0.0,official,BMF_DATENPORTAL,cash,20260910T102726Z,ggfiscal.debt.chains,,A,
DEU,2001,A_cg_cash_requirement,less_sondervermoegen_wirtschaftsstabilisierungsfonds_kredite_fur_die_kreditanstalt_fur_wiederaufbau_gem_23_stfg,-0.0,official,BMF_DATENPORTAL,cash,20260910T102726Z,ggfiscal.debt.chains,,A,
DEU,2001,A_cg_cash_requirement,less_sondervermoegen_wirtschaftsstabilisierungsfonds_kredite_fur_die_kreditanstalt_fur_wiederaufbau_gem_26a_abs_1_nr_5_stfg,-0.0,official,BMF_DATENPORTAL,cash,20260910T102726Z,ggfiscal.debt.chains,,A,
DEU,2001,A_cg_cash_requirement,less_sondervermoegen_wirtschaftsstabilisierungsfonds_kredite_fur_rekapitalisierungsmanahmen_gem_22_stfg,-0.0,official,BMF_DATENPORTAL,cash,20260910T102726Z,ggfiscal.debt.chains,,A,
DEU,2001,A_cg_cash_requirement,less_sondervermoegen_wirtschaftsstabilisierungsfonds_kredite_zur_abfederung_der_folgen_der_energiekrise_gem_26a_stfg_ohne_darlehensgewahrung,-0.0,official,BMF_DATENPORTAL,cash,20260910T102726Z,ggfiscal.debt.chains,,A,
DEU,2001,A_cg_cash_requirement,out_of_register_sonstige_kredite,-35361.346876,official,BMF_DATENPORTAL,cash,20260910T102726Z,ggfiscal.debt.chains,,A,
DEU,2001,A_cg_cash_requirement,own_holdings_change,2561.6278820000007,official,BMF_DATENPORTAL,nominal,20260910T102726Z,ggfiscal.debt.chains,,A,
DEU,2001,A_cg_cash_requirement,official_total,,official,BMF_DATENPORTAL,cash,20260910T102726Z,ggfiscal.debt.chains,,A,
DEU,2001,A_cg_cash_requirement,residual,,residual,,,20260910T102726Z,ggfiscal.debt.chains,,B,
DEU,2001,B_s1311_b9,carried_from_previous_step,-9215.360385606105,computed,,,20260910T102726Z,ggfiscal.debt.chains,,B,
DEU,2001,B_s1311_b9,special_funds_net_borrowing_added_back,68.78838400000076,official,BMF_DATENPORTAL,cash,20260910T102726Z,ggfiscal.debt.chains,,A,
DEU,2001,B_s1311_b9,official_total,24788.0,official,EUROSTAT_GOV10A_MAIN_S1311,"accrued, net borrowing = -B.9",20260910T102726Z,ggfiscal.debt.chains,,A,
DEU,2001,B_s1311_b9,residual,33934.5720016061,residual,,"accrued, net borrowing = -B.9",20260910T102726Z,ggfiscal.debt.chains,,B,
DEU,2001,C_s13_nlb,carried_from_previous_step,24788.0,computed,,,20260910T102726Z,ggfiscal.debt.chains,,B,
DEU,2001,C_s13_nlb,state_government_net_borrowing,31327.0,official,EUROSTAT_GOV10A_MAIN_S1311,"accrued, net borrowing = -B.9",20260910T102726Z,ggfiscal.debt.chains,,A,
DEU,2001,C_s13_nlb,local_government_net_borrowing,7319.0,official,EUROSTAT_GOV10A_MAIN_S1311,"accrued, net borrowing = -B.9",20260910T102726Z,ggfiscal.debt.chains,,A,
DEU,2001,C_s13_nlb,social_security_funds_net_borrowing,5168.0,official,EUROSTAT_GOV10A_MAIN_S1311,"accrued, net borrowing = -B.9",20260910T102726Z,ggfiscal.debt.chains,,A,
DEU,2001,C_s13_nlb,official_total,68602.0,official,package_NLB,"accrued, net borrowing = -B.9",20260910T102726Z,ggfiscal.debt.chains,,A,
DEU,2001,C_s13_nlb,residual,0.0,residual,,"accrued, net borrowing = -B.9",20260910T102726Z,ggfiscal.debt.chains,,B,
DEU,2002,register,sum_bill,10356.0,computed,ggfiscal.debt.register,nominal,20260910T102726Z,ggfiscal.debt.chains,,A,computed from the per-security register (debt_interest_by_security / debt_flows)
DEU,2002,register,sum_fixed_bullet,66893.39563368002,computed,ggfiscal.debt.register,nominal,20260910T102726Z,ggfiscal.debt.chains,,A,computed from the per-security register (debt_interest_by_security / debt_flows)
DEU,2002,register,sum_other,-11972.25089236,computed,ggfiscal.debt.register,nominal,20260910T102726Z,ggfiscal.debt.chains,,A,computed from the per-security register (debt_interest_by_security / debt_flows)
DEU,2002,register,official_total,65277.14474132002,computed,,nominal,20260910T102726Z,ggfiscal.debt.chains,,B,
DEU,2002,A_cg_cash_requirement,carried_from_previous_step,65277.14474132002,computed,,,20260910T102726Z,ggfiscal.debt.chains,,B,
DEU,2002,A_cg_cash_requirement,out_of_register_geldmarkt,0.0,official,BMF_DATENPORTAL,cash,20260910T102726Z,ggfiscal.debt.chains,,A,
DEU,2002,A_cg_cash_requirement,out_of_register_schuldschein,-11940.396072000001,official,BMF_DATENPORTAL,cash,20260910T102726Z,ggfiscal.debt.chains,,A,
DEU,2002,A_cg_cash_requirement,less_sondervermoegen_ausgleichsfonds_steinkohle,-0.0,official,BMF_DATENPORTAL,cash,20260910T102726Z,ggfiscal.debt.chains,,A,
DEU,2002,A_cg_cash_requirement,less_sondervermoegen_bundeseisenbahnvermogen,-0.0,official,BMF_DATENPORTAL,cash,20260910T102726Z,ggfiscal.debt.chains,,A,
DEU,2002,A_cg_cash_requirement,less_sondervermoegen_entschadigungsfonds,-84.111672,official,BMF_DATENPORTAL,cash,20260910T102726Z,ggfiscal.debt.chains,,A,
DEU,2002,A_cg_cash_requirement,less_sondervermoegen_erblastentilgungsfonds,-0.0,official,BMF_DATENPORTAL,cash,20260910T102726Z,ggfiscal.debt.chains,,A,
DEU,2002,A_cg_cash_requirement,less_sondervermoegen_erp_sondervermogen,-239.11677899999995,official,BMF_DATENPORTAL,cash,20260910T102726Z,ggfiscal.debt.chains,,A,
DEU,2002,A_cg_cash_requirement,less_sondervermoegen_finanzmarktstabilisierungsfonds_kredite_fur_abwicklungsanstalten_gem_9_abs_5_stfg,-0.0,official,BMF_DATENPORTAL,cash,20260910T102726Z,ggfiscal.debt.chains,,A,
DEU,2002,A_cg_cash_requirement,less_sondervermoegen_finanzmarktstabilisierungsfonds_kredite_fur_aufwendungen_gem_9_abs_1_stfg,-0.0,official,BMF_DATENPORTAL,cash,20260910T102726Z,ggfiscal.debt.chains,,A,
DEU,2002,A_cg_cash_requirement,less_sondervermoegen_fonds_deutsche_einheit,197.05197899999985,official,BMF_DATENPORTAL,cash,20260910T102726Z,ggfiscal.debt.chains,,A,
DEU,2002,A_cg_cash_requirement,less_sondervermoegen_investitions_und_tilgungsfonds,-0.0,official,BMF_DATENPORTAL,cash,20260910T102726Z,ggfiscal.debt.chains,,A,
DEU,2002,A_cg_cash_requirement,less_sondervermoegen_lastenausgleichsfonds,0.033269,official,BMF_DATENPORTAL,cash,20260910T102726Z,ggfiscal.debt.chains,,A,
DEU,2002,A_cg_cash_requirement,less_sondervermoegen_restrukturierungsfonds,-0.0,official,BMF_DATENPORTAL,cash,20260910T102726Z,ggfiscal.debt.chains,,A,
DEU,2002,A_cg_cash_requirement,less_sondervermoegen_sondervermogen_bundeswehr,-0.0,official,BMF_DATENPORTAL,cash,20260910T102726Z,ggfiscal.debt.chains,,A,
DEU,2002,A_cg_cash_requirement,less_sondervermoegen_sondervermogen_infrastruktur_und_klimaneutralitat,-0.0,official,BMF_DATENPORTAL,cash,20260910T102726Z,ggfiscal.debt.chains,,A,
DEU,2002,A_cg_cash_requirement,less_sondervermoegen_wirtschaftsstabilisierungsfonds_kredite_fur_die_kreditanstalt_fur_wiederaufbau_gem_23_stfg,-0.0,official,BMF_DATENPORTAL,cash,20260910T102726Z,ggfiscal.debt.chains,,A,
DEU,2002,A_cg_cash_requirement,less_sondervermoegen_wirtschaftsstabilisierungsfonds_kredite_fur_die_kreditanstalt_fur_wiederaufbau_gem_26a_abs_1_nr_5_stfg,-0.0,official,BMF_DATENPORTAL,cash,20260910T102726Z,ggfiscal.debt.chains,,A,
DEU,2002,A_cg_cash_requirement,less_sondervermoegen_wirtschaftsstabilisierungsfonds_kredite_fur_rekapitalisierungsmanahmen_gem_22_stfg,-0.0,official,BMF_DATENPORTAL,cash,20260910T102726Z,ggfiscal.debt.chains,,A,
DEU,2002,A_cg_cash_requirement,less_sondervermoegen_wirtschaftsstabilisierungsfonds_kredite_zur_abfederung_der_folgen_der_energiekrise_gem_26a_stfg_ohne_darlehensgewahrung,-0.0,official,BMF_DATENPORTAL,cash,20260910T102726Z,ggfiscal.debt.chains,,A,
DEU,2002,A_cg_cash_requirement,out_of_register_sonstige_kredite,-1198.013653,official,BMF_DATENPORTAL,cash,20260910T102726Z,ggfiscal.debt.chains,,A,
DEU,2002,A_cg_cash_requirement,own_holdings_change,-3971.542211,official,BMF_DATENPORTAL,nominal,20260910T102726Z,ggfiscal.debt.chains,,A,
DEU,2002,A_cg_cash_requirement,official_total,,official,BMF_DATENPORTAL,cash,20260910T102726Z,ggfiscal.debt.chains,,A,
DEU,2002,A_cg_cash_requirement,residual,,residual,,,20260910T102726Z,ggfiscal.debt.chains,,B,
DEU,2002,B_s1311_b9,carried_from_previous_step,48041.04960232001,computed,,,20260910T102726Z,ggfiscal.debt.chains,,B,
DEU,2002,B_s1311_b9,special_funds_net_borrowing_added_back,126.1432030000001,official,BMF_DATENPORTAL,cash,20260910T102726Z,ggfiscal.debt.chains,,A,
DEU,2002,B_s1311_b9,official_total,38238.0,official,EUROSTAT_GOV10A_MAIN_S1311,"accrued, net borrowing = -B.9",20260910T102726Z,ggfiscal.debt.chains,,A,
DEU,2002,B_s1311_b9,residual,-9929.19280532001,residual,,"accrued, net borrowing = -B.9",20260910T102726Z,ggfiscal.debt.chains,,B,
DEU,2002,C_s13_nlb,carried_from_previous_step,38238.0,computed,,,20260910T102726Z,ggfiscal.debt.chains,,B,
DEU,2002,C_s13_nlb,state_government_net_borrowing,35271.0,official,EUROSTAT_GOV10A_MAIN_S1311,"accrued, net borrowing = -B.9",20260910T102726Z,ggfiscal.debt.chains,,A,
DEU,2002,C_s13_nlb,local_government_net_borrowing,10365.0,official,EUROSTAT_GOV10A_MAIN_S1311,"accrued, net borrowing = -B.9",20260910T102726Z,ggfiscal.debt.chains,,A,
DEU,2002,C_s13_nlb,social_security_funds_net_borrowing,6976.0,official,EUROSTAT_GOV10A_MAIN_S1311,"accrued, net borrowing = -B.9",20260910T102726Z,ggfiscal.debt.chains,,A,
DEU,2002,C_s13_nlb,official_total,90850.0,official,package_NLB,"accrued, net borrowing = -B.9",20260910T102726Z,ggfiscal.debt.chains,,A,
DEU,2002,C_s13_nlb,residual,0.0,residual,,"accrued, net borrowing = -B.9",20260910T102726Z,ggfiscal.debt.chains,,B,
DEU,2003,register,sum_bill,7161.0,computed,ggfiscal.debt.register,nominal,20260910T102726Z,ggfiscal.debt.chains,,A,computed from the per-security register (debt_interest_by_security / debt_flows)
DEU,2003,register,sum_fixed_bullet,67630.52514344,computed,ggfiscal.debt.register,nominal,20260910T102726Z,ggfiscal.debt.chains,,A,computed from the per-security register (debt_interest_by_security / debt_flows)
DEU,2003,register,sum_other,-7589.92586889,computed,ggfiscal.debt.register,nominal,20260910T102726Z,ggfiscal.debt.chains,,A,computed from the per-security register (debt_interest_by_security / debt_flows)
DEU,2003,register,official_total,67201.59927455,computed,,nominal,20260910T102726Z,ggfiscal.debt.chains,,B,
DEU,2003,A_cg_cash_requirement,carried_from_previous_step,67201.59927455,computed,,,20260910T102726Z,ggfiscal.debt.chains,,B,
DEU,2003,A_cg_cash_requirement,out_of_register_geldmarkt,0.0,official,BMF_DATENPORTAL,cash,20260910T102726Z,ggfiscal.debt.chains,,A,
DEU,2003,A_cg_cash_requirement,out_of_register_schuldschein,1234.057146000001,official,BMF_DATENPORTAL,cash,20260910T102726Z,ggfiscal.debt.chains,,A,
DEU,2003,A_cg_cash_requirement,less_sondervermoegen_ausgleichsfonds_steinkohle,-0.0,official,BMF_DATENPORTAL,cash,20260910T102726Z,ggfiscal.debt.chains,,A,
DEU,2003,A_cg_cash_requirement,less_sondervermoegen_bundeseisenbahnvermogen,-0.0,official,BMF_DATENPORTAL,cash,20260910T102726Z,ggfiscal.debt.chains,,A,
DEU,2003,A_cg_cash_requirement,less_sondervermoegen_entschadigungsfonds,-99.986211,official,BMF_DATENPORTAL,cash,20260910T102726Z,ggfiscal.debt.chains,,A,
DEU,2003,A_cg_cash_requirement,less_sondervermoegen_erblastentilgungsfonds,-0.0,official,BMF_DATENPORTAL,cash,20260910T102726Z,ggfiscal.debt.chains,,A,
DEU,2003,A_cg_cash_requirement,less_sondervermoegen_erp_sondervermogen,138.9092139999998,official,BMF_DATENPORTAL,cash,20260910T102726Z,ggfiscal.debt.chains,,A,
DEU,2003,A_cg_cash_requirement,less_sondervermoegen_finanzmarktstabilisierungsfonds_kredite_fur_abwicklungsanstalten_gem_9_abs_5_stfg,-0.0,official,BMF_DATENPORTAL,cash,20260910T102726Z,ggfiscal.debt.chains,,A,
DEU,2003,A_cg_cash_requirement,less_sondervermoegen_finanzmarktstabilisierungsfonds_kredite_fur_aufwendungen_gem_9_abs_1_stfg,-0.0,official,BMF_DATENPORTAL,cash,20260910T102726Z,ggfiscal.debt.chains,,A,
DEU,2003,A_cg_cash_requirement,less_sondervermoegen_fonds_deutsche_einheit,341.5846220000003,official,BMF_DATENPORTAL,cash,20260910T102726Z,ggfiscal.debt.chains,,A,
DEU,2003,A_cg_cash_requirement,less_sondervermoegen_investitions_und_tilgungsfonds,-0.0,official,BMF_DATENPORTAL,cash,20260910T102726Z,ggfiscal.debt.chains,,A,
DEU,2003,A_cg_cash_requirement,less_sondervermoegen_lastenausgleichsfonds,0.033269,official,BMF_DATENPORTAL,cash,20260910T102726Z,ggfiscal.debt.chains,,A,
DEU,2003,A_cg_cash_requirement,less_sondervermoegen_restrukturierungsfonds,-0.0,official,BMF_DATENPORTAL,cash,20260910T102726Z,ggfiscal.debt.chains,,A,
DEU,2003,A_cg_cash_requirement,less_sondervermoegen_sondervermogen_bundeswehr,-0.0,official,BMF_DATENPORTAL,cash,20260910T102726Z,ggfiscal.debt.chains,,A,
DEU,2003,A_cg_cash_requirement,less_sondervermoegen_sondervermogen_infrastruktur_und_klimaneutralitat,-0.0,official,BMF_DATENPORTAL,cash,20260910T102726Z,ggfiscal.debt.chains,,A,
DEU,2003,A_cg_cash_requirement,less_sondervermoegen_wirtschaftsstabilisierungsfonds_kredite_fur_die_kreditanstalt_fur_wiederaufbau_gem_23_stfg,-0.0,official,BMF_DATENPORTAL,cash,20260910T102726Z,ggfiscal.debt.chains,,A,
DEU,2003,A_cg_cash_requirement,less_sondervermoegen_wirtschaftsstabilisierungsfonds_kredite_fur_die_kreditanstalt_fur_wiederaufbau_gem_26a_abs_1_nr_5_stfg,-0.0,official,BMF_DATENPORTAL,cash,20260910T102726Z,ggfiscal.debt.chains,,A,
DEU,2003,A_cg_cash_requirement,less_sondervermoegen_wirtschaftsstabilisierungsfonds_kredite_fur_rekapitalisierungsmanahmen_gem_22_stfg,-0.0,official,BMF_DATENPORTAL,cash,20260910T102726Z,ggfiscal.debt.chains,,A,
DEU,2003,A_cg_cash_requirement,less_sondervermoegen_wirtschaftsstabilisierungsfonds_kredite_zur_abfederung_der_folgen_der_energiekrise_gem_26a_stfg_ohne_darlehensgewahrung,-0.0,official,BMF_DATENPORTAL,cash,20260910T102726Z,ggfiscal.debt.chains,,A,
DEU,2003,A_cg_cash_requirement,out_of_register_sonstige_kredite,-1164.078131,official,BMF_DATENPORTAL,cash,20260910T102726Z,ggfiscal.debt.chains,,A,
DEU,2003,A_cg_cash_requirement,own_holdings_change,4521.761190000001,official,BMF_DATENPORTAL,nominal,20260910T102726Z,ggfiscal.debt.chains,,A,
DEU,2003,A_cg_cash_requirement,official_total,,official,BMF_DATENPORTAL,cash,20260910T102726Z,ggfiscal.debt.chains,,A,
DEU,2003,A_cg_cash_requirement,residual,,residual,,,20260910T102726Z,ggfiscal.debt.chains,,B,
DEU,2003,B_s1311_b9,carried_from_previous_step,72173.88037355001,computed,,,20260910T102726Z,ggfiscal.debt.chains,,B,
DEU,2003,B_s1311_b9,special_funds_net_borrowing_added_back,-380.5408940000001,official,BMF_DATENPORTAL,cash,20260910T102726Z,ggfiscal.debt.chains,,A,
DEU,2003,B_s1311_b9,official_total,31329.0,official,EUROSTAT_GOV10A_MAIN_S1311,"accrued, net borrowing = -B.9",20260910T102726Z,ggfiscal.debt.chains,,A,
DEU,2003,B_s1311_b9,residual,-40464.339479550006,residual,,"accrued, net borrowing = -B.9",20260910T102726Z,ggfiscal.debt.chains,,B,
DEU,2003,C_s13_nlb,carried_from_previous_step,31329.0,computed,,,20260910T102726Z,ggfiscal.debt.chains,,B,
DEU,2003,C_s13_nlb,state_government_net_borrowing,35702.0,official,EUROSTAT_GOV10A_MAIN_S1311,"accrued, net borrowing = -B.9",20260910T102726Z,ggfiscal.debt.chains,,A,
DEU,2003,C_s13_nlb,local_government_net_borrowing,12783.0,official,EUROSTAT_GOV10A_MAIN_S1311,"accrued, net borrowing = -B.9",20260910T102726Z,ggfiscal.debt.chains,,A,
DEU,2003,C_s13_nlb,social_security_funds_net_borrowing,5998.0,official,EUROSTAT_GOV10A_MAIN_S1311,"accrued, net borrowing = -B.9",20260910T102726Z,ggfiscal.debt.chains,,A,
DEU,2003,C_s13_nlb,official_total,85812.0,official,package_NLB,"accrued, net borrowing = -B.9",20260910T102726Z,ggfiscal.debt.chains,,A,
DEU,2003,C_s13_nlb,residual,0.0,residual,,"accrued, net borrowing = -B.9",20260910T102726Z,ggfiscal.debt.chains,,B,
DEU,2004,register,sum_bill,0.0,computed,ggfiscal.debt.register,nominal,20260910T102726Z,ggfiscal.debt.chains,,A,computed from the per-security register (debt_interest_by_security / debt_flows)
DEU,2004,register,sum_fixed_bullet,73274.16237365,computed,ggfiscal.debt.register,nominal,20260910T102726Z,ggfiscal.debt.chains,,A,computed from the per-security register (debt_interest_by_security / debt_flows)
DEU,2004,register,sum_floating,-5112.918812100001,computed,ggfiscal.debt.register,nominal,20260910T102726Z,ggfiscal.debt.chains,,A,computed from the per-security register (debt_interest_by_security / debt_flows)
DEU,2004,register,sum_other,-4634.4515437,computed,ggfiscal.debt.register,nominal,20260910T102726Z,ggfiscal.debt.chains,,A,computed from the per-security register (debt_interest_by_security / debt_flows)
DEU,2004,register,official_total,63526.79201785,computed,,nominal,20260910T102726Z,ggfiscal.debt.chains,,B,
DEU,2004,A_cg_cash_requirement,carried_from_previous_step,63526.79201785,computed,,,20260910T102726Z,ggfiscal.debt.chains,,B,
DEU,2004,A_cg_cash_requirement,out_of_register_geldmarkt,0.0,official,BMF_DATENPORTAL,cash,20260910T102726Z,ggfiscal.debt.chains,,A,
DEU,2004,A_cg_cash_requirement,out_of_register_schuldschein,-2779.4397229999995,official,BMF_DATENPORTAL,cash,20260910T102726Z,ggfiscal.debt.chains,,A,
DEU,2004,A_cg_cash_requirement,less_sondervermoegen_ausgleichsfonds_steinkohle,-0.0,official,BMF_DATENPORTAL,cash,20260910T102726Z,ggfiscal.debt.chains,,A,
DEU,2004,A_cg_cash_requirement,less_sondervermoegen_bundeseisenbahnvermogen,-0.0,official,BMF_DATENPORTAL,cash,20260910T102726Z,ggfiscal.debt.chains,,A,
DEU,2004,A_cg_cash_requirement,less_sondervermoegen_entschadigungsfonds,69.262944,official,BMF_DATENPORTAL,cash,20260910T102726Z,ggfiscal.debt.chains,,A,
DEU,2004,A_cg_cash_requirement,less_sondervermoegen_erblastentilgungsfonds,-0.0,official,BMF_DATENPORTAL,cash,20260910T102726Z,ggfiscal.debt.chains,,A,
DEU,2004,A_cg_cash_requirement,less_sondervermoegen_erp_sondervermogen,1060.930653,official,BMF_DATENPORTAL,cash,20260910T102726Z,ggfiscal.debt.chains,,A,
DEU,2004,A_cg_cash_requirement,less_sondervermoegen_finanzmarktstabilisierungsfonds_kredite_fur_abwicklungsanstalten_gem_9_abs_5_stfg,-0.0,official,BMF_DATENPORTAL,cash,20260910T102726Z,ggfiscal.debt.chains,,A,
DEU,2004,A_cg_cash_requirement,less_sondervermoegen_finanzmarktstabilisierungsfonds_kredite_fur_aufwendungen_gem_9_abs_1_stfg,-0.0,official,BMF_DATENPORTAL,cash,20260910T102726Z,ggfiscal.debt.chains,,A,
DEU,2004,A_cg_cash_requirement,less_sondervermoegen_fonds_deutsche_einheit,446.57403800000003,official,BMF_DATENPORTAL,cash,20260910T102726Z,ggfiscal.debt.chains,,A,
DEU,2004,A_cg_cash_requirement,less_sondervermoegen_investitions_und_tilgungsfonds,-0.0,official,BMF_DATENPORTAL,cash,20260910T102726Z,ggfiscal.debt.chains,,A,
DEU,2004,A_cg_cash_requirement,less_sondervermoegen_lastenausgleichsfonds,0.007704,official,BMF_DATENPORTAL,cash,20260910T102726Z,ggfiscal.debt.chains,,A,
DEU,2004,A_cg_cash_requirement,less_sondervermoegen_restrukturierungsfonds,-0.0,official,BMF_DATENPORTAL,cash,20260910T102726Z,ggfiscal.debt.chains,,A,
DEU,2004,A_cg_cash_requirement,less_sondervermoegen_sondervermogen_bundeswehr,-0.0,official,BMF_DATENPORTAL,cash,20260910T102726Z,ggfiscal.debt.chains,,A,
DEU,2004,A_cg_cash_requirement,less_sondervermoegen_sondervermogen_infrastruktur_und_klimaneutralitat,-0.0,official,BMF_DATENPORTAL,cash,20260910T102726Z,ggfiscal.debt.chains,,A,
DEU,2004,A_cg_cash_requirement,less_sondervermoegen_wirtschaftsstabilisierungsfonds_kredite_fur_die_kreditanstalt_fur_wiederaufbau_gem_23_stfg,-0.0,official,BMF_DATENPORTAL,cash,20260910T102726Z,ggfiscal.debt.chains,,A,
DEU,2004,A_cg_cash_requirement,less_sondervermoegen_wirtschaftsstabilisierungsfonds_kredite_fur_die_kreditanstalt_fur_wiederaufbau_gem_26a_abs_1_nr_5_stfg,-0.0,official,BMF_DATENPORTAL,cash,20260910T102726Z,ggfiscal.debt.chains,,A,
DEU,2004,A_cg_cash_requirement,less_sondervermoegen_wirtschaftsstabilisierungsfonds_kredite_fur_rekapitalisierungsmanahmen_gem_22_stfg,-0.0,official,BMF_DATENPORTAL,cash,20260910T102726Z,ggfiscal.debt.chains,,A,
DEU,2004,A_cg_cash_requirement,less_sondervermoegen_wirtschaftsstabilisierungsfonds_kredite_zur_abfederung_der_folgen_der_energiekrise_gem_26a_stfg_ohne_darlehensgewahrung,-0.0,official,BMF_DATENPORTAL,cash,20260910T102726Z,ggfiscal.debt.chains,,A,
DEU,2004,A_cg_cash_requirement,out_of_register_sonstige_kredite,-1175.202506,official,BMF_DATENPORTAL,cash,20260910T102726Z,ggfiscal.debt.chains,,A,
DEU,2004,A_cg_cash_requirement,own_holdings_change,-7706.626393999999,official,BMF_DATENPORTAL,nominal,20260910T102726Z,ggfiscal.debt.chains,,A,
DEU,2004,A_cg_cash_requirement,official_total,,official,BMF_DATENPORTAL,cash,20260910T102726Z,ggfiscal.debt.chains,,A,
DEU,2004,A_cg_cash_requirement,residual,,residual,,,20260910T102726Z,ggfiscal.debt.chains,,B,
DEU,2004,B_s1311_b9,carried_from_previous_step,53442.29873385001,computed,,,20260910T102726Z,ggfiscal.debt.chains,,B,
DEU,2004,B_s1311_b9,special_funds_net_borrowing_added_back,-1576.775339,official,BMF_DATENPORTAL,cash,20260910T102726Z,ggfiscal.debt.chains,,A,
DEU,2004,B_s1311_b9,official_total,41551.0,official,EUROSTAT_GOV10A_MAIN_S1311,"accrued, net borrowing = -B.9",20260910T102726Z,ggfiscal.debt.chains,,A,
DEU,2004,B_s1311_b9,residual,-10314.52339485001,residual,,"accrued, net borrowing = -B.9",20260910T102726Z,ggfiscal.debt.chains,,B,
DEU,2004,C_s13_nlb,carried_from_previous_step,41551.0,computed,,,20260910T102726Z,ggfiscal.debt.chains,,B,
DEU,2004,C_s13_nlb,state_government_net_borrowing,29155.0,official,EUROSTAT_GOV10A_MAIN_S1311,"accrued, net borrowing = -B.9",20260910T102726Z,ggfiscal.debt.chains,,A,
DEU,2004,C_s13_nlb,local_government_net_borrowing,7478.0,official,EUROSTAT_GOV10A_MAIN_S1311,"accrued, net borrowing = -B.9",20260910T102726Z,ggfiscal.debt.chains,,A,
DEU,2004,C_s13_nlb,social_security_funds_net_borrowing,261.0,official,EUROSTAT_GOV10A_MAIN_S1311,"accrued, net borrowing = -B.9",20260910T102726Z,ggfiscal.debt.chains,,A,
DEU,2004,C_s13_nlb,official_total,78445.0,official,package_NLB,"accrued, net borrowing = -B.9",20260910T102726Z,ggfiscal.debt.chains,,A,
DEU,2004,C_s13_nlb,residual,0.0,residual,,"accrued, net borrowing = -B.9",20260910T102726Z,ggfiscal.debt.chains,,B,
DEU,2005,register,sum_bill,0.0,computed,ggfiscal.debt.register,nominal,20260910T102726Z,ggfiscal.debt.chains,,A,computed from the per-security register (debt_interest_by_security / debt_flows)
DEU,2005,register,sum_fixed_bullet,49279.01435119397,computed,ggfiscal.debt.register,nominal,20260910T102726Z,ggfiscal.debt.chains,,A,computed from the per-security register (debt_interest_by_security / debt_flows)
DEU,2005,register,sum_other,-1975.938790600821,computed,ggfiscal.debt.register,nominal,20260910T102726Z,ggfiscal.debt.chains,,A,computed from the per-security register (debt_interest_by_security / debt_flows)
DEU,2005,register,official_total,47303.07556059315,computed,,nominal,20260910T102726Z,ggfiscal.debt.chains,,B,
DEU,2005,A_cg_cash_requirement,carried_from_previous_step,47303.07556059315,computed,,,20260910T102726Z,ggfiscal.debt.chains,,B,
DEU,2005,A_cg_cash_requirement,out_of_register_geldmarkt,0.0,official,BMF_DATENPORTAL,cash,20260910T102726Z,ggfiscal.debt.chains,,A,
DEU,2005,A_cg_cash_requirement,out_of_register_schuldschein,-13822.635706999998,official,BMF_DATENPORTAL,cash,20260910T102726Z,ggfiscal.debt.chains,,A,
DEU,2005,A_cg_cash_requirement,less_sondervermoegen_ausgleichsfonds_steinkohle,-0.0,official,BMF_DATENPORTAL,cash,20260910T102726Z,ggfiscal.debt.chains,,A,
DEU,2005,A_cg_cash_requirement,less_sondervermoegen_bundeseisenbahnvermogen,-0.0,official,BMF_DATENPORTAL,cash,20260910T102726Z,ggfiscal.debt.chains,,A,
DEU,2005,A_cg_cash_requirement,less_sondervermoegen_entschadigungsfonds,99.434253,official,BMF_DATENPORTAL,cash,20260910T102726Z,ggfiscal.debt.chains,,A,
DEU,2005,A_cg_cash_requirement,less_sondervermoegen_erblastentilgungsfonds,-0.0,official,BMF_DATENPORTAL,cash,20260910T102726Z,ggfiscal.debt.chains,,A,
DEU,2005,A_cg_cash_requirement,less_sondervermoegen_erp_sondervermogen,3134.219232,official,BMF_DATENPORTAL,cash,20260910T102726Z,ggfiscal.debt.chains,,A,
DEU,2005,A_cg_cash_requirement,less_sondervermoegen_finanzmarktstabilisierungsfonds_kredite_fur_abwicklungsanstalten_gem_9_abs_5_stfg,-0.0,official,BMF_DATENPORTAL,cash,20260910T102726Z,ggfiscal.debt.chains,,A,
DEU,2005,A_cg_cash_requirement,less_sondervermoegen_finanzmarktstabilisierungsfonds_kredite_fur_aufwendungen_gem_9_abs_1_stfg,-0.0,official,BMF_DATENPORTAL,cash,20260910T102726Z,ggfiscal.debt.chains,,A,
DEU,2005,A_cg_cash_requirement,less_sondervermoegen_fonds_deutsche_einheit,38652.767382,official,BMF_DATENPORTAL,cash,20260910T102726Z,ggfiscal.debt.chains,,A,
DEU,2005,A_cg_cash_requirement,less_sondervermoegen_investitions_und_tilgungsfonds,-0.0,official,BMF_DATENPORTAL,cash,20260910T102726Z,ggfiscal.debt.chains,,A,
DEU,2005,A_cg_cash_requirement,less_sondervermoegen_lastenausgleichsfonds,0.225627,official,BMF_DATENPORTAL,cash,20260910T102726Z,ggfiscal.debt.chains,,A,
DEU,2005,A_cg_cash_requirement,less_sondervermoegen_restrukturierungsfonds,-0.0,official,BMF_DATENPORTAL,cash,20260910T102726Z,ggfiscal.debt.chains,,A,
DEU,2005,A_cg_cash_requirement,less_sondervermoegen_sondervermogen_bundeswehr,-0.0,official,BMF_DATENPORTAL,cash,20260910T102726Z,ggfiscal.debt.chains,,A,
DEU,2005,A_cg_cash_requirement,less_sondervermoegen_sondervermogen_infrastruktur_und_klimaneutralitat,-0.0,official,BMF_DATENPORTAL,cash,20260910T102726Z,ggfiscal.debt.chains,,A,
DEU,2005,A_cg_cash_requirement,less_sondervermoegen_wirtschaftsstabilisierungsfonds_kredite_fur_die_kreditanstalt_fur_wiederaufbau_gem_23_stfg,-0.0,official,BMF_DATENPORTAL,cash,20260910T102726Z,ggfiscal.debt.chains,,A,
DEU,2005,A_cg_cash_requirement,less_sondervermoegen_wirtschaftsstabilisierungsfonds_kredite_fur_die_kreditanstalt_fur_wiederaufbau_gem_26a_abs_1_nr_5_stfg,-0.0,official,BMF_DATENPORTAL,cash,20260910T102726Z,ggfiscal.debt.chains,,A,
DEU,2005,A_cg_cash_requirement,less_sondervermoegen_wirtschaftsstabilisierungsfonds_kredite_fur_rekapitalisierungsmanahmen_gem_22_stfg,-0.0,official,BMF_DATENPORTAL,cash,20260910T102726Z,ggfiscal.debt.chains,,A,
DEU,2005,A_cg_cash_requirement,less_sondervermoegen_wirtschaftsstabilisierungsfonds_kredite_zur_abfederung_der_folgen_der_energiekrise_gem_26a_stfg_ohne_darlehensgewahrung,-0.0,official,BMF_DATENPORTAL,cash,20260910T102726Z,ggfiscal.debt.chains,,A,
DEU,2005,A_cg_cash_requirement,out_of_register_sonstige_kredite,-1137.152854,official,BMF_DATENPORTAL,cash,20260910T102726Z,ggfiscal.debt.chains,,A,
DEU,2005,A_cg_cash_requirement,own_holdings_change,-6442.497566000002,official,BMF_DATENPORTAL,nominal,20260910T102726Z,ggfiscal.debt.chains,,A,
DEU,2005,A_cg_cash_requirement,official_total,,official,BMF_DATENPORTAL,cash,20260910T102726Z,ggfiscal.debt.chains,,A,
DEU,2005,A_cg_cash_requirement,residual,,residual,,,20260910T102726Z,ggfiscal.debt.chains,,B,
DEU,2005,B_s1311_b9,carried_from_previous_step,67787.43592759316,computed,,,20260910T102726Z,ggfiscal.debt.chains,,B,
DEU,2005,B_s1311_b9,special_funds_net_borrowing_added_back,-41886.646494,official,BMF_DATENPORTAL,cash,20260910T102726Z,ggfiscal.debt.chains,,A,
DEU,2005,B_s1311_b9,official_total,46939.0,official,EUROSTAT_GOV10A_MAIN_S1311,"accrued, net borrowing = -B.9",20260910T102726Z,ggfiscal.debt.chains,,A,
DEU,2005,B_s1311_b9,residual,21038.210566406837,residual,,"accrued, net borrowing = -B.9",20260910T102726Z,ggfiscal.debt.chains,,B,
DEU,2005,C_s13_nlb,carried_from_previous_step,46939.0,computed,,,20260910T102726Z,ggfiscal.debt.chains,,B,
DEU,2005,C_s13_nlb,state_government_net_borrowing,23905.0,official,EUROSTAT_GOV10A_MAIN_S1311,"accrued, net borrowing = -B.9",20260910T102726Z,ggfiscal.debt.chains,,A,
DEU,2005,C_s13_nlb,local_government_net_borrowing,3820.0,official,EUROSTAT_GOV10A_MAIN_S1311,"accrued, net borrowing = -B.9",20260910T102726Z,ggfiscal.debt.chains,,A,
DEU,2005,C_s13_nlb,social_security_funds_net_borrowing,3732.0,official,EUROSTAT_GOV10A_MAIN_S1311,"accrued, net borrowing = -B.9",20260910T102726Z,ggfiscal.debt.chains,,A,
DEU,2005,C_s13_nlb,official_total,78396.0,official,package_NLB,"accrued, net borrowing = -B.9",20260910T102726Z,ggfiscal.debt.chains,,A,
DEU,2005,C_s13_nlb,residual,0.0,residual,,"accrued, net borrowing = -B.9",20260910T102726Z,ggfiscal.debt.chains,,B,
DEU,2006,register,sum_bill,0.0,computed,ggfiscal.debt.register,nominal,20260910T102726Z,ggfiscal.debt.chains,,A,computed from the per-security register (debt_interest_by_security / debt_flows)
DEU,2006,register,sum_fixed_bullet,37000.0,computed,ggfiscal.debt.register,nominal,20260910T102726Z,ggfiscal.debt.chains,,A,computed from the per-security register (debt_interest_by_security / debt_flows)
DEU,2006,register,sum_inflation_linked,9000.0,computed,ggfiscal.debt.register,nominal,20260910T102726Z,ggfiscal.debt.chains,,A,computed from the per-security register (debt_interest_by_security / debt_flows)
DEU,2006,register,sum_other,-3669.9727559639705,computed,ggfiscal.debt.register,nominal,20260910T102726Z,ggfiscal.debt.chains,,A,computed from the per-security register (debt_interest_by_security / debt_flows)
DEU,2006,register,official_total,42330.02724403603,computed,,nominal,20260910T102726Z,ggfiscal.debt.chains,,B,
DEU,2006,A_cg_cash_requirement,carried_from_previous_step,42330.02724403603,computed,,,20260910T102726Z,ggfiscal.debt.chains,,B,
DEU,2006,A_cg_cash_requirement,out_of_register_geldmarkt,0.0,official,BMF_DATENPORTAL,cash,20260910T102726Z,ggfiscal.debt.chains,,A,
DEU,2006,A_cg_cash_requirement,out_of_register_schuldschein,-2928.4143099999997,official,BMF_DATENPORTAL,cash,20260910T102726Z,ggfiscal.debt.chains,,A,
DEU,2006,A_cg_cash_requirement,less_sondervermoegen_ausgleichsfonds_steinkohle,-0.0,official,BMF_DATENPORTAL,cash,20260910T102726Z,ggfiscal.debt.chains,,A,
DEU,2006,A_cg_cash_requirement,less_sondervermoegen_bundeseisenbahnvermogen,-0.0,official,BMF_DATENPORTAL,cash,20260910T102726Z,ggfiscal.debt.chains,,A,
DEU,2006,A_cg_cash_requirement,less_sondervermoegen_entschadigungsfonds,101.15056299999999,official,BMF_DATENPORTAL,cash,20260910T102726Z,ggfiscal.debt.chains,,A,
DEU,2006,A_cg_cash_requirement,less_sondervermoegen_erblastentilgungsfonds,-0.0,official,BMF_DATENPORTAL,cash,20260910T102726Z,ggfiscal.debt.chains,,A,
DEU,2006,A_cg_cash_requirement,less_sondervermoegen_erp_sondervermogen,709.033505,official,BMF_DATENPORTAL,cash,20260910T102726Z,ggfiscal.debt.chains,,A,
DEU,2006,A_cg_cash_requirement,less_sondervermoegen_finanzmarktstabilisierungsfonds_kredite_fur_abwicklungsanstalten_gem_9_abs_5_stfg,-0.0,official,BMF_DATENPORTAL,cash,20260910T102726Z,ggfiscal.debt.chains,,A,
DEU,2006,A_cg_cash_requirement,less_sondervermoegen_finanzmarktstabilisierungsfonds_kredite_fur_aufwendungen_gem_9_abs_1_stfg,-0.0,official,BMF_DATENPORTAL,cash,20260910T102726Z,ggfiscal.debt.chains,,A,
DEU,2006,A_cg_cash_requirement,less_sondervermoegen_fonds_deutsche_einheit,-0.0,official,BMF_DATENPORTAL,cash,20260910T102726Z,ggfiscal.debt.chains,,A,
DEU,2006,A_cg_cash_requirement,less_sondervermoegen_investitions_und_tilgungsfonds,-0.0,official,BMF_DATENPORTAL,cash,20260910T102726Z,ggfiscal.debt.chains,,A,
DEU,2006,A_cg_cash_requirement,less_sondervermoegen_lastenausgleichsfonds,-0.0,official,BMF_DATENPORTAL,cash,20260910T102726Z,ggfiscal.debt.chains,,A,
DEU,2006,A_cg_cash_requirement,less_sondervermoegen_restrukturierungsfonds,-0.0,official,BMF_DATENPORTAL,cash,20260910T102726Z,ggfiscal.debt.chains,,A,
DEU,2006,A_cg_cash_requirement,less_sondervermoegen_sondervermogen_bundeswehr,-0.0,official,BMF_DATENPORTAL,cash,20260910T102726Z,ggfiscal.debt.chains,,A,
DEU,2006,A_cg_cash_requirement,less_sondervermoegen_sondervermogen_infrastruktur_und_klimaneutralitat,-0.0,official,BMF_DATENPORTAL,cash,20260910T102726Z,ggfiscal.debt.chains,,A,
DEU,2006,A_cg_cash_requirement,less_sondervermoegen_wirtschaftsstabilisierungsfonds_kredite_fur_die_kreditanstalt_fur_wiederaufbau_gem_23_stfg,-0.0,official,BMF_DATENPORTAL,cash,20260910T102726Z,ggfiscal.debt.chains,,A,
DEU,2006,A_cg_cash_requirement,less_sondervermoegen_wirtschaftsstabilisierungsfonds_kredite_fur_die_kreditanstalt_fur_wiederaufbau_gem_26a_abs_1_nr_5_stfg,-0.0,official,BMF_DATENPORTAL,cash,20260910T102726Z,ggfiscal.debt.chains,,A,
DEU,2006,A_cg_cash_requirement,less_sondervermoegen_wirtschaftsstabilisierungsfonds_kredite_fur_rekapitalisierungsmanahmen_gem_22_stfg,-0.0,official,BMF_DATENPORTAL,cash,20260910T102726Z,ggfiscal.debt.chains,,A,
DEU,2006,A_cg_cash_requirement,less_sondervermoegen_wirtschaftsstabilisierungsfonds_kredite_zur_abfederung_der_folgen_der_energiekrise_gem_26a_stfg_ohne_darlehensgewahrung,-0.0,official,BMF_DATENPORTAL,cash,20260910T102726Z,ggfiscal.debt.chains,,A,
DEU,2006,A_cg_cash_requirement,out_of_register_sonstige_kredite,0.610126,official,BMF_DATENPORTAL,cash,20260910T102726Z,ggfiscal.debt.chains,,A,
DEU,2006,A_cg_cash_requirement,own_holdings_change,-15135.175606,official,BMF_DATENPORTAL,nominal,20260910T102726Z,ggfiscal.debt.chains,,A,
DEU,2006,A_cg_cash_requirement,official_total,,official,BMF_DATENPORTAL,cash,20260910T102726Z,ggfiscal.debt.chains,,A,
DEU,2006,A_cg_cash_requirement,residual,,residual,,,20260910T102726Z,ggfiscal.debt.chains,,B,
DEU,2006,B_s1311_b9,carried_from_previous_step,25077.23152203603,computed,,,20260910T102726Z,ggfiscal.debt.chains,,B,
DEU,2006,B_s1311_b9,special_funds_net_borrowing_added_back,-810.184068,official,BMF_DATENPORTAL,cash,20260910T102726Z,ggfiscal.debt.chains,,A,
DEU,2006,B_s1311_b9,official_total,33650.0,official,EUROSTAT_GOV10A_MAIN_S1311,"accrued, net borrowing = -B.9",20260910T102726Z,ggfiscal.debt.chains,,A,
DEU,2006,B_s1311_b9,residual,9382.95254596397,residual,,"accrued, net borrowing = -B.9",20260910T102726Z,ggfiscal.debt.chains,,B,
DEU,2006,C_s13_nlb,carried_from_previous_step,33650.0,computed,,,20260910T102726Z,ggfiscal.debt.chains,,B,
DEU,2006,C_s13_nlb,state_government_net_borrowing,12839.0,official,EUROSTAT_GOV10A_MAIN_S1311,"accrued, net borrowing = -B.9",20260910T102726Z,ggfiscal.debt.chains,,A,
DEU,2006,C_s13_nlb,local_government_net_borrowing,1266.0,official,EUROSTAT_GOV10A_MAIN_S1311,"accrued, net borrowing = -B.9",20260910T102726Z,ggfiscal.debt.chains,,A,
DEU,2006,C_s13_nlb,social_security_funds_net_borrowing,-5171.0,official,EUROSTAT_GOV10A_MAIN_S1311,"accrued, net borrowing = -B.9",20260910T102726Z,ggfiscal.debt.chains,,A,
DEU,2006,C_s13_nlb,official_total,42584.0,official,package_NLB,"accrued, net borrowing = -B.9",20260910T102726Z,ggfiscal.debt.chains,,A,
DEU,2006,C_s13_nlb,residual,0.0,residual,,"accrued, net borrowing = -B.9",20260910T102726Z,ggfiscal.debt.chains,,B,
DEU,2007,register,sum_bill,0.0,computed,ggfiscal.debt.register,nominal,20260910T102726Z,ggfiscal.debt.chains,,A,computed from the per-security register (debt_interest_by_security / debt_flows)
DEU,2007,register,sum_fixed_bullet,10000.0,computed,ggfiscal.debt.register,nominal,20260910T102726Z,ggfiscal.debt.chains,,A,computed from the per-security register (debt_interest_by_security / debt_flows)
DEU,2007,register,sum_inflation_linked,6000.0,computed,ggfiscal.debt.register,nominal,20260910T102726Z,ggfiscal.debt.chains,,A,computed from the per-security register (debt_interest_by_security / debt_flows)
DEU,2007,register,sum_other,-4810.042902316039,computed,ggfiscal.debt.register,nominal,20260910T102726Z,ggfiscal.debt.chains,,A,computed from the per-security register (debt_interest_by_security / debt_flows)
DEU,2007,register,official_total,11189.95709768396,computed,,nominal,20260910T102726Z,ggfiscal.debt.chains,,B,
DEU,2007,A_cg_cash_requirement,carried_from_previous_step,11189.95709768396,computed,,,20260910T102726Z,ggfiscal.debt.chains,,B,
DEU,2007,A_cg_cash_requirement,out_of_register_geldmarkt,0.0,official,BMF_DATENPORTAL,cash,20260910T102726Z,ggfiscal.debt.chains,,A,
DEU,2007,A_cg_cash_requirement,out_of_register_schuldschein,-12532.325337,official,BMF_DATENPORTAL,cash,20260910T102726Z,ggfiscal.debt.chains,,A,
DEU,2007,A_cg_cash_requirement,less_sondervermoegen_ausgleichsfonds_steinkohle,-0.0,official,BMF_DATENPORTAL,cash,20260910T102726Z,ggfiscal.debt.chains,,A,
DEU,2007,A_cg_cash_requirement,less_sondervermoegen_bundeseisenbahnvermogen,-0.0,official,BMF_DATENPORTAL,cash,20260910T102726Z,ggfiscal.debt.chains,,A,
DEU,2007,A_cg_cash_requirement,less_sondervermoegen_entschadigungsfonds,99.397609,official,BMF_DATENPORTAL,cash,20260910T102726Z,ggfiscal.debt.chains,,A,
DEU,2007,A_cg_cash_requirement,less_sondervermoegen_erblastentilgungsfonds,-0.0,official,BMF_DATENPORTAL,cash,20260910T102726Z,ggfiscal.debt.chains,,A,
DEU,2007,A_cg_cash_requirement,less_sondervermoegen_erp_sondervermogen,14357.106908000002,official,BMF_DATENPORTAL,cash,20260910T102726Z,ggfiscal.debt.chains,,A,
DEU,2007,A_cg_cash_requirement,less_sondervermoegen_finanzmarktstabilisierungsfonds_kredite_fur_abwicklungsanstalten_gem_9_abs_5_stfg,-0.0,official,BMF_DATENPORTAL,cash,20260910T102726Z,ggfiscal.debt.chains,,A,
DEU,2007,A_cg_cash_requirement,less_sondervermoegen_finanzmarktstabilisierungsfonds_kredite_fur_aufwendungen_gem_9_abs_1_stfg,-0.0,official,BMF_DATENPORTAL,cash,20260910T102726Z,ggfiscal.debt.chains,,A,
DEU,2007,A_cg_cash_requirement,less_sondervermoegen_fonds_deutsche_einheit,-0.0,official,BMF_DATENPORTAL,cash,20260910T102726Z,ggfiscal.debt.chains,,A,
DEU,2007,A_cg_cash_requirement,less_sondervermoegen_investitions_und_tilgungsfonds,-0.0,official,BMF_DATENPORTAL,cash,20260910T102726Z,ggfiscal.debt.chains,,A,
DEU,2007,A_cg_cash_requirement,less_sondervermoegen_lastenausgleichsfonds,-0.0,official,BMF_DATENPORTAL,cash,20260910T102726Z,ggfiscal.debt.chains,,A,
DEU,2007,A_cg_cash_requirement,less_sondervermoegen_restrukturierungsfonds,-0.0,official,BMF_DATENPORTAL,cash,20260910T102726Z,ggfiscal.debt.chains,,A,
DEU,2007,A_cg_cash_requirement,less_sondervermoegen_sondervermogen_bundeswehr,-0.0,official,BMF_DATENPORTAL,cash,20260910T102726Z,ggfiscal.debt.chains,,A,
DEU,2007,A_cg_cash_requirement,less_sondervermoegen_sondervermogen_infrastruktur_und_klimaneutralitat,-0.0,official,BMF_DATENPORTAL,cash,20260910T102726Z,ggfiscal.debt.chains,,A,
DEU,2007,A_cg_cash_requirement,less_sondervermoegen_wirtschaftsstabilisierungsfonds_kredite_fur_die_kreditanstalt_fur_wiederaufbau_gem_23_stfg,-0.0,official,BMF_DATENPORTAL,cash,20260910T102726Z,ggfiscal.debt.chains,,A,
DEU,2007,A_cg_cash_requirement,less_sondervermoegen_wirtschaftsstabilisierungsfonds_kredite_fur_die_kreditanstalt_fur_wiederaufbau_gem_26a_abs_1_nr_5_stfg,-0.0,official,BMF_DATENPORTAL,cash,20260910T102726Z,ggfiscal.debt.chains,,A,
DEU,2007,A_cg_cash_requirement,less_sondervermoegen_wirtschaftsstabilisierungsfonds_kredite_fur_rekapitalisierungsmanahmen_gem_22_stfg,-0.0,official,BMF_DATENPORTAL,cash,20260910T102726Z,ggfiscal.debt.chains,,A,
DEU,2007,A_cg_cash_requirement,less_sondervermoegen_wirtschaftsstabilisierungsfonds_kredite_zur_abfederung_der_folgen_der_energiekrise_gem_26a_stfg_ohne_darlehensgewahrung,-0.0,official,BMF_DATENPORTAL,cash,20260910T102726Z,ggfiscal.debt.chains,,A,
DEU,2007,A_cg_cash_requirement,out_of_register_sonstige_kredite,1.955782,official,BMF_DATENPORTAL,cash,20260910T102726Z,ggfiscal.debt.chains,,A,
DEU,2007,A_cg_cash_requirement,own_holdings_change,2773.238879000004,official,BMF_DATENPORTAL,nominal,20260910T102726Z,ggfiscal.debt.chains,,A,
DEU,2007,A_cg_cash_requirement,official_total,,official,BMF_DATENPORTAL,cash,20260910T102726Z,ggfiscal.debt.chains,,A,
DEU,2007,A_cg_cash_requirement,residual,,residual,,,20260910T102726Z,ggfiscal.debt.chains,,B,
DEU,2007,B_s1311_b9,carried_from_previous_step,15889.330938683966,computed,,,20260910T102726Z,ggfiscal.debt.chains,,B,
DEU,2007,B_s1311_b9,special_funds_net_borrowing_added_back,-14456.504517000001,official,BMF_DATENPORTAL,cash,20260910T102726Z,ggfiscal.debt.chains,,A,
DEU,2007,B_s1311_b9,official_total,14565.0,official,EUROSTAT_GOV10A_MAIN_S1311,"accrued, net borrowing = -B.9",20260910T102726Z,ggfiscal.debt.chains,,A,
DEU,2007,B_s1311_b9,residual,13132.173578316035,residual,,"accrued, net borrowing = -B.9",20260910T102726Z,ggfiscal.debt.chains,,B,
DEU,2007,C_s13_nlb,carried_from_previous_step,14565.0,computed,,,20260910T102726Z,ggfiscal.debt.chains,,B,
DEU,2007,C_s13_nlb,state_government_net_borrowing,-2009.0,official,EUROSTAT_GOV10A_MAIN_S1311,"accrued, net borrowing = -B.9",20260910T102726Z,ggfiscal.debt.chains,,A,
DEU,2007,C_s13_nlb,local_government_net_borrowing,-6221.0,official,EUROSTAT_GOV10A_MAIN_S1311,"accrued, net borrowing = -B.9",20260910T102726Z,ggfiscal.debt.chains,,A,
DEU,2007,C_s13_nlb,social_security_funds_net_borrowing,-10272.0,official,EUROSTAT_GOV10A_MAIN_S1311,"accrued, net borrowing = -B.9",20260910T102726Z,ggfiscal.debt.chains,,A,
DEU,2007,C_s13_nlb,official_total,-3937.0,official,package_NLB,"accrued, net borrowing = -B.9",20260910T102726Z,ggfiscal.debt.chains,,A,
DEU,2007,C_s13_nlb,residual,0.0,residual,,"accrued, net borrowing = -B.9",20260910T102726Z,ggfiscal.debt.chains,,B,
DEU,2008,register,sum_bill,3000.0,computed,ggfiscal.debt.register,nominal,20260910T102726Z,ggfiscal.debt.chains,,A,computed from the per-security register (debt_interest_by_security / debt_flows)
DEU,2008,register,sum_fixed_bullet,1750.0,computed,ggfiscal.debt.register,nominal,20260910T102726Z,ggfiscal.debt.chains,,A,computed from the per-security register (debt_interest_by_security / debt_flows)
DEU,2008,register,sum_inflation_linked,7000.0,computed,ggfiscal.debt.register,nominal,20260910T102726Z,ggfiscal.debt.chains,,A,computed from the per-security register (debt_interest_by_security / debt_flows)
DEU,2008,register,sum_other,-4268.996058760402,computed,ggfiscal.debt.register,nominal,20260910T102726Z,ggfiscal.debt.chains,,A,computed from the per-security register (debt_interest_by_security / debt_flows)
DEU,2008,register,official_total,7481.003941239598,computed,,nominal,20260910T102726Z,ggfiscal.debt.chains,,B,
DEU,2008,A_cg_cash_requirement,carried_from_previous_step,7481.003941239598,computed,,,20260910T102726Z,ggfiscal.debt.chains,,B,
DEU,2008,A_cg_cash_requirement,out_of_register_geldmarkt,0.0,official,BMF_DATENPORTAL,cash,20260910T102726Z,ggfiscal.debt.chains,,A,
DEU,2008,A_cg_cash_requirement,out_of_register_schuldschein,-2840.495893,official,BMF_DATENPORTAL,cash,20260910T102726Z,ggfiscal.debt.chains,,A,
DEU,2008,A_cg_cash_requirement,less_sondervermoegen_ausgleichsfonds_steinkohle,-0.0,official,BMF_DATENPORTAL,cash,20260910T102726Z,ggfiscal.debt.chains,,A,
DEU,2008,A_cg_cash_requirement,less_sondervermoegen_bundeseisenbahnvermogen,-0.0,official,BMF_DATENPORTAL,cash,20260910T102726Z,ggfiscal.debt.chains,,A,
DEU,2008,A_cg_cash_requirement,less_sondervermoegen_entschadigungsfonds,99.848535,official,BMF_DATENPORTAL,cash,20260910T102726Z,ggfiscal.debt.chains,,A,
DEU,2008,A_cg_cash_requirement,less_sondervermoegen_erblastentilgungsfonds,-0.0,official,BMF_DATENPORTAL,cash,20260910T102726Z,ggfiscal.debt.chains,,A,
DEU,2008,A_cg_cash_requirement,less_sondervermoegen_erp_sondervermogen,-0.0,official,BMF_DATENPORTAL,cash,20260910T102726Z,ggfiscal.debt.chains,,A,
DEU,2008,A_cg_cash_requirement,less_sondervermoegen_finanzmarktstabilisierungsfonds_kredite_fur_abwicklungsanstalten_gem_9_abs_5_stfg,-0.0,official,BMF_DATENPORTAL,cash,20260910T102726Z,ggfiscal.debt.chains,,A,
DEU,2008,A_cg_cash_requirement,less_sondervermoegen_finanzmarktstabilisierungsfonds_kredite_fur_aufwendungen_gem_9_abs_1_stfg,-8200.0,official,BMF_DATENPORTAL,cash,20260910T102726Z,ggfiscal.debt.chains,,A,
DEU,2008,A_cg_cash_requirement,less_sondervermoegen_fonds_deutsche_einheit,-0.0,official,BMF_DATENPORTAL,cash,20260910T102726Z,ggfiscal.debt.chains,,A,
DEU,2008,A_cg_cash_requirement,less_sondervermoegen_investitions_und_tilgungsfonds,-0.0,official,BMF_DATENPORTAL,cash,20260910T102726Z,ggfiscal.debt.chains,,A,
DEU,2008,A_cg_cash_requirement,less_sondervermoegen_lastenausgleichsfonds,-0.0,official,BMF_DATENPORTAL,cash,20260910T102726Z,ggfiscal.debt.chains,,A,
DEU,2008,A_cg_cash_requirement,less_sondervermoegen_restrukturierungsfonds,-0.0,official,BMF_DATENPORTAL,cash,20260910T102726Z,ggfiscal.debt.chains,,A,
DEU,2008,A_cg_cash_requirement,less_sondervermoegen_sondervermogen_bundeswehr,-0.0,official,BMF_DATENPORTAL,cash,20260910T102726Z,ggfiscal.debt.chains,,A,
DEU,2008,A_cg_cash_requirement,less_sondervermoegen_sondervermogen_infrastruktur_und_klimaneutralitat,-0.0,official,BMF_DATENPORTAL,cash,20260910T102726Z,ggfiscal.debt.chains,,A,
DEU,2008,A_cg_cash_requirement,less_sondervermoegen_wirtschaftsstabilisierungsfonds_kredite_fur_die_kreditanstalt_fur_wiederaufbau_gem_23_stfg,-0.0,official,BMF_DATENPORTAL,cash,20260910T102726Z,ggfiscal.debt.chains,,A,
DEU,2008,A_cg_cash_requirement,less_sondervermoegen_wirtschaftsstabilisierungsfonds_kredite_fur_die_kreditanstalt_fur_wiederaufbau_gem_26a_abs_1_nr_5_stfg,-0.0,official,BMF_DATENPORTAL,cash,20260910T102726Z,ggfiscal.debt.chains,,A,
DEU,2008,A_cg_cash_requirement,less_sondervermoegen_wirtschaftsstabilisierungsfonds_kredite_fur_rekapitalisierungsmanahmen_gem_22_stfg,-0.0,official,BMF_DATENPORTAL,cash,20260910T102726Z,ggfiscal.debt.chains,,A,
DEU,2008,A_cg_cash_requirement,less_sondervermoegen_wirtschaftsstabilisierungsfonds_kredite_zur_abfederung_der_folgen_der_energiekrise_gem_26a_stfg_ohne_darlehensgewahrung,-0.0,official,BMF_DATENPORTAL,cash,20260910T102726Z,ggfiscal.debt.chains,,A,
DEU,2008,A_cg_cash_requirement,out_of_register_sonstige_kredite,8203.661959,official,BMF_DATENPORTAL,cash,20260910T102726Z,ggfiscal.debt.chains,,A,
DEU,2008,A_cg_cash_requirement,own_holdings_change,-88.35894600000029,official,BMF_DATENPORTAL,nominal,20260910T102726Z,ggfiscal.debt.chains,,A,
DEU,2008,A_cg_cash_requirement,official_total,,official,BMF_DATENPORTAL,cash,20260910T102726Z,ggfiscal.debt.chains,,A,
DEU,2008,A_cg_cash_requirement,residual,,residual,,,20260910T102726Z,ggfiscal.debt.chains,,B,
DEU,2008,B_s1311_b9,carried_from_previous_step,4655.659596239598,computed,,,20260910T102726Z,ggfiscal.debt.chains,,B,
DEU,2008,B_s1311_b9,special_funds_net_borrowing_added_back,8100.151465,official,BMF_DATENPORTAL,cash,20260910T102726Z,ggfiscal.debt.chains,,A,
DEU,2008,B_s1311_b9,official_total,14237.0,official,EUROSTAT_GOV10A_MAIN_S1311,"accrued, net borrowing = -B.9",20260910T102726Z,ggfiscal.debt.chains,,A,
DEU,2008,B_s1311_b9,residual,1481.1889387604024,residual,,"accrued, net borrowing = -B.9",20260910T102726Z,ggfiscal.debt.chains,,B,
DEU,2008,C_s13_nlb,carried_from_previous_step,14237.0,computed,,,20260910T102726Z,ggfiscal.debt.chains,,B,
DEU,2008,C_s13_nlb,state_government_net_borrowing,3269.0,official,EUROSTAT_GOV10A_MAIN_S1311,"accrued, net borrowing = -B.9",20260910T102726Z,ggfiscal.debt.chains,,A,
DEU,2008,C_s13_nlb,local_government_net_borrowing,-4113.0,official,EUROSTAT_GOV10A_MAIN_S1311,"accrued, net borrowing = -B.9",20260910T102726Z,ggfiscal.debt.chains,,A,
DEU,2008,C_s13_nlb,social_security_funds_net_borrowing,-6584.0,official,EUROSTAT_GOV10A_MAIN_S1311,"accrued, net borrowing = -B.9",20260910T102726Z,ggfiscal.debt.chains,,A,
DEU,2008,C_s13_nlb,official_total,6809.0,official,package_NLB,"accrued, net borrowing = -B.9",20260910T102726Z,ggfiscal.debt.chains,,A,
DEU,2008,C_s13_nlb,residual,0.0,residual,,"accrued, net borrowing = -B.9",20260910T102726Z,ggfiscal.debt.chains,,B,
DEU,2009,register,sum_bill,65000.0,computed,ggfiscal.debt.register,nominal,20260910T102726Z,ggfiscal.debt.chains,,A,computed from the per-security register (debt_interest_by_security / debt_flows)
DEU,2009,register,sum_fixed_bullet,17985.9781121751,computed,ggfiscal.debt.register,nominal,20260910T102726Z,ggfiscal.debt.chains,,A,computed from the per-security register (debt_interest_by_security / debt_flows)
DEU,2009,register,sum_inflation_linked,5000.0,computed,ggfiscal.debt.register,nominal,20260910T102726Z,ggfiscal.debt.chains,,A,computed from the per-security register (debt_interest_by_security / debt_flows)
DEU,2009,register,sum_other,-3609.92649419,computed,ggfiscal.debt.register,nominal,20260910T102726Z,ggfiscal.debt.chains,,A,computed from the per-security register (debt_interest_by_security / debt_flows)
DEU,2009,register,official_total,84376.0516179851,computed,,nominal,20260910T102726Z,ggfiscal.debt.chains,,B,
DEU,2009,A_cg_cash_requirement,carried_from_previous_step,84376.0516179851,computed,,,20260910T102726Z,ggfiscal.debt.chains,,B,
DEU,2009,A_cg_cash_requirement,out_of_register_geldmarkt,0.0,official,BMF_DATENPORTAL,cash,20260910T102726Z,ggfiscal.debt.chains,,A,
DEU,2009,A_cg_cash_requirement,out_of_register_schuldschein,-534.199921,official,BMF_DATENPORTAL,cash,20260910T102726Z,ggfiscal.debt.chains,,A,
DEU,2009,A_cg_cash_requirement,less_sondervermoegen_ausgleichsfonds_steinkohle,-0.0,official,BMF_DATENPORTAL,cash,20260910T102726Z,ggfiscal.debt.chains,,A,
DEU,2009,A_cg_cash_requirement,less_sondervermoegen_bundeseisenbahnvermogen,-0.0,official,BMF_DATENPORTAL,cash,20260910T102726Z,ggfiscal.debt.chains,,A,
DEU,2009,A_cg_cash_requirement,less_sondervermoegen_entschadigungsfonds,-0.0,official,BMF_DATENPORTAL,cash,20260910T102726Z,ggfiscal.debt.chains,,A,
DEU,2009,A_cg_cash_requirement,less_sondervermoegen_erblastentilgungsfonds,-0.0,official,BMF_DATENPORTAL,cash,20260910T102726Z,ggfiscal.debt.chains,,A,
DEU,2009,A_cg_cash_requirement,less_sondervermoegen_erp_sondervermogen,-0.0,official,BMF_DATENPORTAL,cash,20260910T102726Z,ggfiscal.debt.chains,,A,
DEU,2009,A_cg_cash_requirement,less_sondervermoegen_finanzmarktstabilisierungsfonds_kredite_fur_abwicklungsanstalten_gem_9_abs_5_stfg,-0.0,official,BMF_DATENPORTAL,cash,20260910T102726Z,ggfiscal.debt.chains,,A,
DEU,2009,A_cg_cash_requirement,less_sondervermoegen_finanzmarktstabilisierungsfonds_kredite_fur_aufwendungen_gem_9_abs_1_stfg,-28480.905694000005,official,BMF_DATENPORTAL,cash,20260910T102726Z,ggfiscal.debt.chains,,A,
DEU,2009,A_cg_cash_requirement,less_sondervermoegen_fonds_deutsche_einheit,-0.0,official,BMF_DATENPORTAL,cash,20260910T102726Z,ggfiscal.debt.chains,,A,
DEU,2009,A_cg_cash_requirement,less_sondervermoegen_investitions_und_tilgungsfonds,-7453.085553,official,BMF_DATENPORTAL,cash,20260910T102726Z,ggfiscal.debt.chains,,A,
DEU,2009,A_cg_cash_requirement,less_sondervermoegen_lastenausgleichsfonds,-0.0,official,BMF_DATENPORTAL,cash,20260910T102726Z,ggfiscal.debt.chains,,A,
DEU,2009,A_cg_cash_requirement,less_sondervermoegen_restrukturierungsfonds,-0.0,official,BMF_DATENPORTAL,cash,20260910T102726Z,ggfiscal.debt.chains,,A,
DEU,2009,A_cg_cash_requirement,less_sondervermoegen_sondervermogen_bundeswehr,-0.0,official,BMF_DATENPORTAL,cash,20260910T102726Z,ggfiscal.debt.chains,,A,
DEU,2009,A_cg_cash_requirement,less_sondervermoegen_sondervermogen_infrastruktur_und_klimaneutralitat,-0.0,official,BMF_DATENPORTAL,cash,20260910T102726Z,ggfiscal.debt.chains,,A,
DEU,2009,A_cg_cash_requirement,less_sondervermoegen_wirtschaftsstabilisierungsfonds_kredite_fur_die_kreditanstalt_fur_wiederaufbau_gem_23_stfg,-0.0,official,BMF_DATENPORTAL,cash,20260910T102726Z,ggfiscal.debt.chains,,A,
DEU,2009,A_cg_cash_requirement,less_sondervermoegen_wirtschaftsstabilisierungsfonds_kredite_fur_die_kreditanstalt_fur_wiederaufbau_gem_26a_abs_1_nr_5_stfg,-0.0,official,BMF_DATENPORTAL,cash,20260910T102726Z,ggfiscal.debt.chains,,A,
DEU,2009,A_cg_cash_requirement,less_sondervermoegen_wirtschaftsstabilisierungsfonds_kredite_fur_rekapitalisierungsmanahmen_gem_22_stfg,-0.0,official,BMF_DATENPORTAL,cash,20260910T102726Z,ggfiscal.debt.chains,,A,
DEU,2009,A_cg_cash_requirement,less_sondervermoegen_wirtschaftsstabilisierungsfonds_kredite_zur_abfederung_der_folgen_der_energiekrise_gem_26a_stfg_ohne_darlehensgewahrung,-0.0,official,BMF_DATENPORTAL,cash,20260910T102726Z,ggfiscal.debt.chains,,A,
DEU,2009,A_cg_cash_requirement,out_of_register_sonstige_kredite,-5732.861677999999,official,BMF_DATENPORTAL,cash,20260910T102726Z,ggfiscal.debt.chains,,A,
DEU,2009,A_cg_cash_requirement,own_holdings_change,-1912.3131520000024,official,BMF_DATENPORTAL,nominal,20260910T102726Z,ggfiscal.debt.chains,,A,
DEU,2009,A_cg_cash_requirement,official_total,34100.0,official,BMF_DATENPORTAL,cash,20260910T102726Z,ggfiscal.debt.chains,,A,
DEU,2009,A_cg_cash_requirement,residual,-6162.685619985088,residual,,cash,20260910T102726Z,ggfiscal.debt.chains,,B,
DEU,2009,B_s1311_b9,carried_from_previous_step,34100.0,computed,,,20260910T102726Z,ggfiscal.debt.chains,,B,
DEU,2009,B_s1311_b9,special_funds_net_borrowing_added_back,35933.991247000005,official,BMF_DATENPORTAL,cash,20260910T102726Z,ggfiscal.debt.chains,,A,
DEU,2009,B_s1311_b9,official_total,37321.0,official,EUROSTAT_GOV10A_MAIN_S1311,"accrued, net borrowing = -B.9",20260910T102726Z,ggfiscal.debt.chains,,A,
DEU,2009,B_s1311_b9,residual,-32712.991246999998,residual,,"accrued, net borrowing = -B.9",20260910T102726Z,ggfiscal.debt.chains,,B,
DEU,2009,C_s13_nlb,carried_from_previous_step,37321.0,computed,,,20260910T102726Z,ggfiscal.debt.chains,,B,
DEU,2009,C_s13_nlb,state_government_net_borrowing,20026.0,official,EUROSTAT_GOV10A_MAIN_S1311,"accrued, net borrowing = -B.9",20260910T102726Z,ggfiscal.debt.chains,,A,
DEU,2009,C_s13_nlb,local_government_net_borrowing,7519.0,official,EUROSTAT_GOV10A_MAIN_S1311,"accrued, net borrowing = -B.9",20260910T102726Z,ggfiscal.debt.chains,,A,
DEU,2009,C_s13_nlb,social_security_funds_net_borrowing,14341.0,official,EUROSTAT_GOV10A_MAIN_S1311,"accrued, net borrowing = -B.9",20260910T102726Z,ggfiscal.debt.chains,,A,
DEU,2009,C_s13_nlb,official_total,79207.0,official,package_NLB,"accrued, net borrowing = -B.9",20260910T102726Z,ggfiscal.debt.chains,,A,
DEU,2009,C_s13_nlb,residual,0.0,residual,,"accrued, net borrowing = -B.9",20260910T102726Z,ggfiscal.debt.chains,,B,
DEU,2010,register,sum_bill,-18000.0,computed,ggfiscal.debt.register,nominal,20260910T102726Z,ggfiscal.debt.chains,,A,computed from the per-security register (debt_interest_by_security / debt_flows)
DEU,2010,register,sum_fixed_bullet,58531.746031746035,computed,ggfiscal.debt.register,nominal,20260910T102726Z,ggfiscal.debt.chains,,A,computed from the per-security register (debt_interest_by_security / debt_flows)
DEU,2010,register,sum_inflation_linked,11000.0,computed,ggfiscal.debt.register,nominal,20260910T102726Z,ggfiscal.debt.chains,,A,computed from the per-security register (debt_interest_by_security / debt_flows)
DEU,2010,register,sum_other,-2064.71463993,computed,ggfiscal.debt.register,nominal,20260910T102726Z,ggfiscal.debt.chains,,A,computed from the per-security register (debt_interest_by_security / debt_flows)
DEU,2010,register,official_total,49467.03139181604,computed,,nominal,20260910T102726Z,ggfiscal.debt.chains,,B,
DEU,2010,A_cg_cash_requirement,carried_from_previous_step,49467.03139181604,computed,,,20260910T102726Z,ggfiscal.debt.chains,,B,
DEU,2010,A_cg_cash_requirement,out_of_register_geldmarkt,0.0,official,BMF_DATENPORTAL,cash,20260910T102726Z,ggfiscal.debt.chains,,A,
DEU,2010,A_cg_cash_requirement,out_of_register_schuldschein,-361.66369899999995,official,BMF_DATENPORTAL,cash,20260910T102726Z,ggfiscal.debt.chains,,A,
DEU,2010,A_cg_cash_requirement,less_sondervermoegen_ausgleichsfonds_steinkohle,-0.0,official,BMF_DATENPORTAL,cash,20260910T102726Z,ggfiscal.debt.chains,,A,
DEU,2010,A_cg_cash_requirement,less_sondervermoegen_bundeseisenbahnvermogen,-0.0,official,BMF_DATENPORTAL,cash,20260910T102726Z,ggfiscal.debt.chains,,A,
DEU,2010,A_cg_cash_requirement,less_sondervermoegen_entschadigungsfonds,-0.0,official,BMF_DATENPORTAL,cash,20260910T102726Z,ggfiscal.debt.chains,,A,
DEU,2010,A_cg_cash_requirement,less_sondervermoegen_erblastentilgungsfonds,-0.0,official,BMF_DATENPORTAL,cash,20260910T102726Z,ggfiscal.debt.chains,,A,
DEU,2010,A_cg_cash_requirement,less_sondervermoegen_erp_sondervermogen,-0.0,official,BMF_DATENPORTAL,cash,20260910T102726Z,ggfiscal.debt.chains,,A,
DEU,2010,A_cg_cash_requirement,less_sondervermoegen_finanzmarktstabilisierungsfonds_kredite_fur_abwicklungsanstalten_gem_9_abs_5_stfg,-0.0,official,BMF_DATENPORTAL,cash,20260910T102726Z,ggfiscal.debt.chains,,A,
DEU,2010,A_cg_cash_requirement,less_sondervermoegen_finanzmarktstabilisierungsfonds_kredite_fur_aufwendungen_gem_9_abs_1_stfg,8128.933613000001,official,BMF_DATENPORTAL,cash,20260910T102726Z,ggfiscal.debt.chains,,A,
DEU,2010,A_cg_cash_requirement,less_sondervermoegen_fonds_deutsche_einheit,-0.0,official,BMF_DATENPORTAL,cash,20260910T102726Z,ggfiscal.debt.chains,,A,
DEU,2010,A_cg_cash_requirement,less_sondervermoegen_investitions_und_tilgungsfonds,-6538.200622,official,BMF_DATENPORTAL,cash,20260910T102726Z,ggfiscal.debt.chains,,A,
DEU,2010,A_cg_cash_requirement,less_sondervermoegen_lastenausgleichsfonds,-0.0,official,BMF_DATENPORTAL,cash,20260910T102726Z,ggfiscal.debt.chains,,A,
DEU,2010,A_cg_cash_requirement,less_sondervermoegen_restrukturierungsfonds,-0.0,official,BMF_DATENPORTAL,cash,20260910T102726Z,ggfiscal.debt.chains,,A,
DEU,2010,A_cg_cash_requirement,less_sondervermoegen_sondervermogen_bundeswehr,-0.0,official,BMF_DATENPORTAL,cash,20260910T102726Z,ggfiscal.debt.chains,,A,
DEU,2010,A_cg_cash_requirement,less_sondervermoegen_sondervermogen_infrastruktur_und_klimaneutralitat,-0.0,official,BMF_DATENPORTAL,cash,20260910T102726Z,ggfiscal.debt.chains,,A,
DEU,2010,A_cg_cash_requirement,less_sondervermoegen_wirtschaftsstabilisierungsfonds_kredite_fur_die_kreditanstalt_fur_wiederaufbau_gem_23_stfg,-0.0,official,BMF_DATENPORTAL,cash,20260910T102726Z,ggfiscal.debt.chains,,A,
DEU,2010,A_cg_cash_requirement,less_sondervermoegen_wirtschaftsstabilisierungsfonds_kredite_fur_die_kreditanstalt_fur_wiederaufbau_gem_26a_abs_1_nr_5_stfg,-0.0,official,BMF_DATENPORTAL,cash,20260910T102726Z,ggfiscal.debt.chains,,A,
DEU,2010,A_cg_cash_requirement,less_sondervermoegen_wirtschaftsstabilisierungsfonds_kredite_fur_rekapitalisierungsmanahmen_gem_22_stfg,-0.0,official,BMF_DATENPORTAL,cash,20260910T102726Z,ggfiscal.debt.chains,,A,
DEU,2010,A_cg_cash_requirement,less_sondervermoegen_wirtschaftsstabilisierungsfonds_kredite_zur_abfederung_der_folgen_der_energiekrise_gem_26a_stfg_ohne_darlehensgewahrung,-0.0,official,BMF_DATENPORTAL,cash,20260910T102726Z,ggfiscal.debt.chains,,A,
DEU,2010,A_cg_cash_requirement,out_of_register_sonstige_kredite,-985.164572,official,BMF_DATENPORTAL,cash,20260910T102726Z,ggfiscal.debt.chains,,A,
DEU,2010,A_cg_cash_requirement,own_holdings_change,-2374.667870999998,official,BMF_DATENPORTAL,nominal,20260910T102726Z,ggfiscal.debt.chains,,A,
DEU,2010,A_cg_cash_requirement,official_total,44000.0,official,BMF_DATENPORTAL,cash,20260910T102726Z,ggfiscal.debt.chains,,A,
DEU,2010,A_cg_cash_requirement,residual,-3336.26824081604,residual,,cash,20260910T102726Z,ggfiscal.debt.chains,,B,
DEU,2010,B_s1311_b9,carried_from_previous_step,44000.0,computed,,,20260910T102726Z,ggfiscal.debt.chains,,B,
DEU,2010,B_s1311_b9,special_funds_net_borrowing_added_back,-1590.7329910000008,official,BMF_DATENPORTAL,cash,20260910T102726Z,ggfiscal.debt.chains,,A,
DEU,2010,B_s1311_b9,official_total,87612.0,official,EUROSTAT_GOV10A_MAIN_S1311,"accrued, net borrowing = -B.9",20260910T102726Z,ggfiscal.debt.chains,,A,
DEU,2010,B_s1311_b9,residual,45202.732991,residual,,"accrued, net borrowing = -B.9",20260910T102726Z,ggfiscal.debt.chains,,B,
DEU,2010,C_s13_nlb,carried_from_previous_step,87612.0,computed,,,20260910T102726Z,ggfiscal.debt.chains,,B,
DEU,2010,C_s13_nlb,state_government_net_borrowing,21861.0,official,EUROSTAT_GOV10A_MAIN_S1311,"accrued, net borrowing = -B.9",20260910T102726Z,ggfiscal.debt.chains,,A,
DEU,2010,C_s13_nlb,local_government_net_borrowing,10058.0,official,EUROSTAT_GOV10A_MAIN_S1311,"accrued, net borrowing = -B.9",20260910T102726Z,ggfiscal.debt.chains,,A,
DEU,2010,C_s13_nlb,social_security_funds_net_borrowing,-3911.0,official,EUROSTAT_GOV10A_MAIN_S1311,"accrued, net borrowing = -B.9",20260910T102726Z,ggfiscal.debt.chains,,A,
DEU,2010,C_s13_nlb,official_total,115620.0,official,package_NLB,"accrued, net borrowing = -B.9",20260910T102726Z,ggfiscal.debt.chains,,A,
DEU,2010,C_s13_nlb,residual,0.0,residual,,"accrued, net borrowing = -B.9",20260910T102726Z,ggfiscal.debt.chains,,B,
DEU,2011,register,sum_bill,-22000.0,computed,ggfiscal.debt.register,nominal,20260910T102726Z,ggfiscal.debt.chains,,A,computed from the per-security register (debt_interest_by_security / debt_flows)
DEU,2011,register,sum_fixed_bullet,33750.0,computed,ggfiscal.debt.register,nominal,20260910T102726Z,ggfiscal.debt.chains,,A,computed from the per-security register (debt_interest_by_security / debt_flows)
DEU,2011,register,sum_inflation_linked,8000.0,computed,ggfiscal.debt.register,nominal,20260910T102726Z,ggfiscal.debt.chains,,A,computed from the per-security register (debt_interest_by_security / debt_flows)
DEU,2011,register,sum_other,-1632.4651265799998,computed,ggfiscal.debt.register,nominal,20260910T102726Z,ggfiscal.debt.chains,,A,computed from the per-security register (debt_interest_by_security / debt_flows)
DEU,2011,register,official_total,18117.53487342,computed,,nominal,20260910T102726Z,ggfiscal.debt.chains,,B,
DEU,2011,A_cg_cash_requirement,carried_from_previous_step,18117.53487342,computed,,,20260910T102726Z,ggfiscal.debt.chains,,B,
DEU,2011,A_cg_cash_requirement,out_of_register_geldmarkt,0.0,official,BMF_DATENPORTAL,cash,20260910T102726Z,ggfiscal.debt.chains,,A,
DEU,2011,A_cg_cash_requirement,out_of_register_schuldschein,-383.922428,official,BMF_DATENPORTAL,cash,20260910T102726Z,ggfiscal.debt.chains,,A,
DEU,2011,A_cg_cash_requirement,less_sondervermoegen_ausgleichsfonds_steinkohle,-0.0,official,BMF_DATENPORTAL,cash,20260910T102726Z,ggfiscal.debt.chains,,A,
DEU,2011,A_cg_cash_requirement,less_sondervermoegen_bundeseisenbahnvermogen,-0.0,official,BMF_DATENPORTAL,cash,20260910T102726Z,ggfiscal.debt.chains,,A,
DEU,2011,A_cg_cash_requirement,less_sondervermoegen_entschadigungsfonds,-0.0,official,BMF_DATENPORTAL,cash,20260910T102726Z,ggfiscal.debt.chains,,A,
DEU,2011,A_cg_cash_requirement,less_sondervermoegen_erblastentilgungsfonds,-0.0,official,BMF_DATENPORTAL,cash,20260910T102726Z,ggfiscal.debt.chains,,A,
DEU,2011,A_cg_cash_requirement,less_sondervermoegen_erp_sondervermogen,-0.0,official,BMF_DATENPORTAL,cash,20260910T102726Z,ggfiscal.debt.chains,,A,
DEU,2011,A_cg_cash_requirement,less_sondervermoegen_finanzmarktstabilisierungsfonds_kredite_fur_abwicklungsanstalten_gem_9_abs_5_stfg,-0.0,official,BMF_DATENPORTAL,cash,20260910T102726Z,ggfiscal.debt.chains,,A,
DEU,2011,A_cg_cash_requirement,less_sondervermoegen_finanzmarktstabilisierungsfonds_kredite_fur_aufwendungen_gem_9_abs_1_stfg,11247.922641000001,official,BMF_DATENPORTAL,cash,20260910T102726Z,ggfiscal.debt.chains,,A,
DEU,2011,A_cg_cash_requirement,less_sondervermoegen_fonds_deutsche_einheit,-0.0,official,BMF_DATENPORTAL,cash,20260910T102726Z,ggfiscal.debt.chains,,A,
DEU,2011,A_cg_cash_requirement,less_sondervermoegen_investitions_und_tilgungsfonds,-7397.933435,official,BMF_DATENPORTAL,cash,20260910T102726Z,ggfiscal.debt.chains,,A,
DEU,2011,A_cg_cash_requirement,less_sondervermoegen_lastenausgleichsfonds,-0.0,official,BMF_DATENPORTAL,cash,20260910T102726Z,ggfiscal.debt.chains,,A,
DEU,2011,A_cg_cash_requirement,less_sondervermoegen_restrukturierungsfonds,-0.0,official,BMF_DATENPORTAL,cash,20260910T102726Z,ggfiscal.debt.chains,,A,
DEU,2011,A_cg_cash_requirement,less_sondervermoegen_sondervermogen_bundeswehr,-0.0,official,BMF_DATENPORTAL,cash,20260910T102726Z,ggfiscal.debt.chains,,A,
DEU,2011,A_cg_cash_requirement,less_sondervermoegen_sondervermogen_infrastruktur_und_klimaneutralitat,-0.0,official,BMF_DATENPORTAL,cash,20260910T102726Z,ggfiscal.debt.chains,,A,
DEU,2011,A_cg_cash_requirement,less_sondervermoegen_wirtschaftsstabilisierungsfonds_kredite_fur_die_kreditanstalt_fur_wiederaufbau_gem_23_stfg,-0.0,official,BMF_DATENPORTAL,cash,20260910T102726Z,ggfiscal.debt.chains,,A,
DEU,2011,A_cg_cash_requirement,less_sondervermoegen_wirtschaftsstabilisierungsfonds_kredite_fur_die_kreditanstalt_fur_wiederaufbau_gem_26a_abs_1_nr_5_stfg,-0.0,official,BMF_DATENPORTAL,cash,20260910T102726Z,ggfiscal.debt.chains,,A,
DEU,2011,A_cg_cash_requirement,less_sondervermoegen_wirtschaftsstabilisierungsfonds_kredite_fur_rekapitalisierungsmanahmen_gem_22_stfg,-0.0,official,BMF_DATENPORTAL,cash,20260910T102726Z,ggfiscal.debt.chains,,A,
DEU,2011,A_cg_cash_requirement,less_sondervermoegen_wirtschaftsstabilisierungsfonds_kredite_zur_abfederung_der_folgen_der_energiekrise_gem_26a_stfg_ohne_darlehensgewahrung,-0.0,official,BMF_DATENPORTAL,cash,20260910T102726Z,ggfiscal.debt.chains,,A,
DEU,2011,A_cg_cash_requirement,out_of_register_sonstige_kredite,-354.274967,official,BMF_DATENPORTAL,cash,20260910T102726Z,ggfiscal.debt.chains,,A,
DEU,2011,A_cg_cash_requirement,own_holdings_change,-2120.305991000001,official,BMF_DATENPORTAL,nominal,20260910T102726Z,ggfiscal.debt.chains,,A,
DEU,2011,A_cg_cash_requirement,official_total,17343.0,official,BMF_DATENPORTAL,cash,20260910T102726Z,ggfiscal.debt.chains,,A,
DEU,2011,A_cg_cash_requirement,residual,-1766.0206934199996,residual,,cash,20260910T102726Z,ggfiscal.debt.chains,,B,
DEU,2011,B_s1311_b9,carried_from_previous_step,17343.0,computed,,,20260910T102726Z,ggfiscal.debt.chains,,B,
DEU,2011,B_s1311_b9,special_funds_net_borrowing_added_back,-3849.989206000001,official,BMF_DATENPORTAL,cash,20260910T102726Z,ggfiscal.debt.chains,,A,
DEU,2011,B_s1311_b9,official_total,25697.0,official,EUROSTAT_GOV10A_MAIN_S1311,"accrued, net borrowing = -B.9",20260910T102726Z,ggfiscal.debt.chains,,A,
DEU,2011,B_s1311_b9,residual,12203.989206000002,residual,,"accrued, net borrowing = -B.9",20260910T102726Z,ggfiscal.debt.chains,,B,
DEU,2011,C_s13_nlb,carried_from_previous_step,25697.0,computed,,,20260910T102726Z,ggfiscal.debt.chains,,B,
DEU,2011,C_s13_nlb,state_government_net_borrowing,10688.0,official,EUROSTAT_GOV10A_MAIN_S1311,"accrued, net borrowing = -B.9",20260910T102726Z,ggfiscal.debt.chains,,A,
DEU,2011,C_s13_nlb,local_government_net_borrowing,2201.0,official,EUROSTAT_GOV10A_MAIN_S1311,"accrued, net borrowing = -B.9",20260910T102726Z,ggfiscal.debt.chains,,A,
DEU,2011,C_s13_nlb,social_security_funds_net_borrowing,-15512.0,official,EUROSTAT_GOV10A_MAIN_S1311,"accrued, net borrowing = -B.9",20260910T102726Z,ggfiscal.debt.chains,,A,
DEU,2011,C_s13_nlb,official_total,23074.0,official,package_NLB,"accrued, net borrowing = -B.9",20260910T102726Z,ggfiscal.debt.chains,,A,
DEU,2011,C_s13_nlb,residual,0.0,residual,,"accrued, net borrowing = -B.9",20260910T102726Z,ggfiscal.debt.chains,,B,
DEU,2012,register,sum_bill,-2000.0,computed,ggfiscal.debt.register,nominal,20260910T102726Z,ggfiscal.debt.chains,,A,computed from the per-security register (debt_interest_by_security / debt_flows)
DEU,2012,register,sum_fixed_bullet,15264.0218878249,computed,ggfiscal.debt.register,nominal,20260910T102726Z,ggfiscal.debt.chains,,A,computed from the per-security register (debt_interest_by_security / debt_flows)
DEU,2012,register,sum_inflation_linked,9000.0,computed,ggfiscal.debt.register,nominal,20260910T102726Z,ggfiscal.debt.chains,,A,computed from the per-security register (debt_interest_by_security / debt_flows)
DEU,2012,register,sum_other,-1863.4127733,computed,ggfiscal.debt.register,nominal,20260910T102726Z,ggfiscal.debt.chains,,A,computed from the per-security register (debt_interest_by_security / debt_flows)
DEU,2012,register,official_total,20400.6091145249,computed,,nominal,20260910T102726Z,ggfiscal.debt.chains,,B,
DEU,2012,A_cg_cash_requirement,carried_from_previous_step,20400.6091145249,computed,,,20260910T102726Z,ggfiscal.debt.chains,,B,
DEU,2012,A_cg_cash_requirement,out_of_register_geldmarkt,0.0,official,BMF_DATENPORTAL,cash,20260910T102726Z,ggfiscal.debt.chains,,A,
DEU,2012,A_cg_cash_requirement,out_of_register_schuldschein,-38.780491,official,BMF_DATENPORTAL,cash,20260910T102726Z,ggfiscal.debt.chains,,A,
DEU,2012,A_cg_cash_requirement,less_sondervermoegen_ausgleichsfonds_steinkohle,-0.0,official,BMF_DATENPORTAL,cash,20260910T102726Z,ggfiscal.debt.chains,,A,
DEU,2012,A_cg_cash_requirement,less_sondervermoegen_bundeseisenbahnvermogen,-0.0,official,BMF_DATENPORTAL,cash,20260910T102726Z,ggfiscal.debt.chains,,A,
DEU,2012,A_cg_cash_requirement,less_sondervermoegen_entschadigungsfonds,-0.0,official,BMF_DATENPORTAL,cash,20260910T102726Z,ggfiscal.debt.chains,,A,
DEU,2012,A_cg_cash_requirement,less_sondervermoegen_erblastentilgungsfonds,-0.0,official,BMF_DATENPORTAL,cash,20260910T102726Z,ggfiscal.debt.chains,,A,
DEU,2012,A_cg_cash_requirement,less_sondervermoegen_erp_sondervermogen,-0.0,official,BMF_DATENPORTAL,cash,20260910T102726Z,ggfiscal.debt.chains,,A,
DEU,2012,A_cg_cash_requirement,less_sondervermoegen_finanzmarktstabilisierungsfonds_kredite_fur_abwicklungsanstalten_gem_9_abs_5_stfg,-0.0,official,BMF_DATENPORTAL,cash,20260910T102726Z,ggfiscal.debt.chains,,A,
DEU,2012,A_cg_cash_requirement,less_sondervermoegen_finanzmarktstabilisierungsfonds_kredite_fur_aufwendungen_gem_9_abs_1_stfg,-3209.570323,official,BMF_DATENPORTAL,cash,20260910T102726Z,ggfiscal.debt.chains,,A,
DEU,2012,A_cg_cash_requirement,less_sondervermoegen_fonds_deutsche_einheit,-0.0,official,BMF_DATENPORTAL,cash,20260910T102726Z,ggfiscal.debt.chains,,A,
DEU,2012,A_cg_cash_requirement,less_sondervermoegen_investitions_und_tilgungsfonds,82.93939099999989,official,BMF_DATENPORTAL,cash,20260910T102726Z,ggfiscal.debt.chains,,A,
DEU,2012,A_cg_cash_requirement,less_sondervermoegen_lastenausgleichsfonds,-0.0,official,BMF_DATENPORTAL,cash,20260910T102726Z,ggfiscal.debt.chains,,A,
DEU,2012,A_cg_cash_requirement,less_sondervermoegen_restrukturierungsfonds,-0.0,official,BMF_DATENPORTAL,cash,20260910T102726Z,ggfiscal.debt.chains,,A,
DEU,2012,A_cg_cash_requirement,less_sondervermoegen_sondervermogen_bundeswehr,-0.0,official,BMF_DATENPORTAL,cash,20260910T102726Z,ggfiscal.debt.chains,,A,
DEU,2012,A_cg_cash_requirement,less_sondervermoegen_sondervermogen_infrastruktur_und_klimaneutralitat,-0.0,official,BMF_DATENPORTAL,cash,20260910T102726Z,ggfiscal.debt.chains,,A,
DEU,2012,A_cg_cash_requirement,less_sondervermoegen_wirtschaftsstabilisierungsfonds_kredite_fur_die_kreditanstalt_fur_wiederaufbau_gem_23_stfg,-0.0,official,BMF_DATENPORTAL,cash,20260910T102726Z,ggfiscal.debt.chains,,A,
DEU,2012,A_cg_cash_requirement,less_sondervermoegen_wirtschaftsstabilisierungsfonds_kredite_fur_die_kreditanstalt_fur_wiederaufbau_gem_26a_abs_1_nr_5_stfg,-0.0,official,BMF_DATENPORTAL,cash,20260910T102726Z,ggfiscal.debt.chains,,A,
DEU,2012,A_cg_cash_requirement,less_sondervermoegen_wirtschaftsstabilisierungsfonds_kredite_fur_rekapitalisierungsmanahmen_gem_22_stfg,-0.0,official,BMF_DATENPORTAL,cash,20260910T102726Z,ggfiscal.debt.chains,,A,
DEU,2012,A_cg_cash_requirement,less_sondervermoegen_wirtschaftsstabilisierungsfonds_kredite_zur_abfederung_der_folgen_der_energiekrise_gem_26a_stfg_ohne_darlehensgewahrung,-0.0,official,BMF_DATENPORTAL,cash,20260910T102726Z,ggfiscal.debt.chains,,A,
DEU,2012,A_cg_cash_requirement,out_of_register_sonstige_kredite,363.40405799999996,official,BMF_DATENPORTAL,cash,20260910T102726Z,ggfiscal.debt.chains,,A,
DEU,2012,A_cg_cash_requirement,own_holdings_change,5093.639503999999,official,BMF_DATENPORTAL,nominal,20260910T102726Z,ggfiscal.debt.chains,,A,
DEU,2012,A_cg_cash_requirement,official_total,22481.0,official,BMF_DATENPORTAL,cash,20260910T102726Z,ggfiscal.debt.chains,,A,
DEU,2012,A_cg_cash_requirement,residual,-211.24125352489864,residual,,cash,20260910T102726Z,ggfiscal.debt.chains,,B,
DEU,2012,B_s1311_b9,carried_from_previous_step,22481.0,computed,,,20260910T102726Z,ggfiscal.debt.chains,,B,
DEU,2012,B_s1311_b9,special_funds_net_borrowing_added_back,3126.630932,official,BMF_DATENPORTAL,cash,20260910T102726Z,ggfiscal.debt.chains,,A,
DEU,2012,B_s1311_b9,official_total,16102.0,official,EUROSTAT_GOV10A_MAIN_S1311,"accrued, net borrowing = -B.9",20260910T102726Z,ggfiscal.debt.chains,,A,
DEU,2012,B_s1311_b9,residual,-9505.630932,residual,,"accrued, net borrowing = -B.9",20260910T102726Z,ggfiscal.debt.chains,,B,
DEU,2012,C_s13_nlb,carried_from_previous_step,16102.0,computed,,,20260910T102726Z,ggfiscal.debt.chains,,B,
DEU,2012,C_s13_nlb,state_government_net_borrowing,5644.0,official,EUROSTAT_GOV10A_MAIN_S1311,"accrued, net borrowing = -B.9",20260910T102726Z,ggfiscal.debt.chains,,A,
DEU,2012,C_s13_nlb,local_government_net_borrowing,-1519.0,official,EUROSTAT_GOV10A_MAIN_S1311,"accrued, net borrowing = -B.9",20260910T102726Z,ggfiscal.debt.chains,,A,
DEU,2012,C_s13_nlb,social_security_funds_net_borrowing,-18706.0,official,EUROSTAT_GOV10A_MAIN_S1311,"accrued, net borrowing = -B.9",20260910T102726Z,ggfiscal.debt.chains,,A,
DEU,2012,C_s13_nlb,official_total,1521.0,official,package_NLB,"accrued, net borrowing = -B.9",20260910T102726Z,ggfiscal.debt.chains,,A,
DEU,2012,C_s13_nlb,residual,0.0,residual,,"accrued, net borrowing = -B.9",20260910T102726Z,ggfiscal.debt.chains,,B,
DEU,2013,register,sum_bill,-6000.0,computed,ggfiscal.debt.register,nominal,20260910T102726Z,ggfiscal.debt.chains,,A,computed from the per-security register (debt_interest_by_security / debt_flows)
DEU,2013,register,sum_fixed_bullet,27000.0,computed,ggfiscal.debt.register,nominal,20260910T102726Z,ggfiscal.debt.chains,,A,computed from the per-security register (debt_interest_by_security / debt_flows)
DEU,2013,register,sum_inflation_linked,-1000.0,computed,ggfiscal.debt.register,nominal,20260910T102726Z,ggfiscal.debt.chains,,A,computed from the per-security register (debt_interest_by_security / debt_flows)
DEU,2013,register,sum_other,-2689.89777252,computed,ggfiscal.debt.register,nominal,20260910T102726Z,ggfiscal.debt.chains,,A,computed from the per-security register (debt_interest_by_security / debt_flows)
DEU,2013,register,official_total,17310.102227479998,computed,,nominal,20260910T102726Z,ggfiscal.debt.chains,,B,
DEU,2013,A_cg_cash_requirement,carried_from_previous_step,17310.102227479998,computed,,,20260910T102726Z,ggfiscal.debt.chains,,B,
DEU,2013,A_cg_cash_requirement,out_of_register_geldmarkt,0.0,official,BMF_DATENPORTAL,cash,20260910T102726Z,ggfiscal.debt.chains,,A,
DEU,2013,A_cg_cash_requirement,out_of_register_schuldschein,199.967124,official,BMF_DATENPORTAL,cash,20260910T102726Z,ggfiscal.debt.chains,,A,
DEU,2013,A_cg_cash_requirement,less_sondervermoegen_ausgleichsfonds_steinkohle,-0.0,official,BMF_DATENPORTAL,cash,20260910T102726Z,ggfiscal.debt.chains,,A,
DEU,2013,A_cg_cash_requirement,less_sondervermoegen_bundeseisenbahnvermogen,-0.0,official,BMF_DATENPORTAL,cash,20260910T102726Z,ggfiscal.debt.chains,,A,
DEU,2013,A_cg_cash_requirement,less_sondervermoegen_entschadigungsfonds,-0.0,official,BMF_DATENPORTAL,cash,20260910T102726Z,ggfiscal.debt.chains,,A,
DEU,2013,A_cg_cash_requirement,less_sondervermoegen_erblastentilgungsfonds,-0.0,official,BMF_DATENPORTAL,cash,20260910T102726Z,ggfiscal.debt.chains,,A,
DEU,2013,A_cg_cash_requirement,less_sondervermoegen_erp_sondervermogen,-0.0,official,BMF_DATENPORTAL,cash,20260910T102726Z,ggfiscal.debt.chains,,A,
DEU,2013,A_cg_cash_requirement,less_sondervermoegen_finanzmarktstabilisierungsfonds_kredite_fur_abwicklungsanstalten_gem_9_abs_5_stfg,-0.0,official,BMF_DATENPORTAL,cash,20260910T102726Z,ggfiscal.debt.chains,,A,
DEU,2013,A_cg_cash_requirement,less_sondervermoegen_finanzmarktstabilisierungsfonds_kredite_fur_aufwendungen_gem_9_abs_1_stfg,-3868.8711919999996,official,BMF_DATENPORTAL,cash,20260910T102726Z,ggfiscal.debt.chains,,A,
DEU,2013,A_cg_cash_requirement,less_sondervermoegen_fonds_deutsche_einheit,-0.0,official,BMF_DATENPORTAL,cash,20260910T102726Z,ggfiscal.debt.chains,,A,
DEU,2013,A_cg_cash_requirement,less_sondervermoegen_investitions_und_tilgungsfonds,-24.066279000000577,official,BMF_DATENPORTAL,cash,20260910T102726Z,ggfiscal.debt.chains,,A,
DEU,2013,A_cg_cash_requirement,less_sondervermoegen_lastenausgleichsfonds,-0.0,official,BMF_DATENPORTAL,cash,20260910T102726Z,ggfiscal.debt.chains,,A,
DEU,2013,A_cg_cash_requirement,less_sondervermoegen_restrukturierungsfonds,-0.0,official,BMF_DATENPORTAL,cash,20260910T102726Z,ggfiscal.debt.chains,,A,
DEU,2013,A_cg_cash_requirement,less_sondervermoegen_sondervermogen_bundeswehr,-0.0,official,BMF_DATENPORTAL,cash,20260910T102726Z,ggfiscal.debt.chains,,A,
DEU,2013,A_cg_cash_requirement,less_sondervermoegen_sondervermogen_infrastruktur_und_klimaneutralitat,-0.0,official,BMF_DATENPORTAL,cash,20260910T102726Z,ggfiscal.debt.chains,,A,
DEU,2013,A_cg_cash_requirement,less_sondervermoegen_wirtschaftsstabilisierungsfonds_kredite_fur_die_kreditanstalt_fur_wiederaufbau_gem_23_stfg,-0.0,official,BMF_DATENPORTAL,cash,20260910T102726Z,ggfiscal.debt.chains,,A,
DEU,2013,A_cg_cash_requirement,less_sondervermoegen_wirtschaftsstabilisierungsfonds_kredite_fur_die_kreditanstalt_fur_wiederaufbau_gem_26a_abs_1_nr_5_stfg,-0.0,official,BMF_DATENPORTAL,cash,20260910T102726Z,ggfiscal.debt.chains,,A,
DEU,2013,A_cg_cash_requirement,less_sondervermoegen_wirtschaftsstabilisierungsfonds_kredite_fur_rekapitalisierungsmanahmen_gem_22_stfg,-0.0,official,BMF_DATENPORTAL,cash,20260910T102726Z,ggfiscal.debt.chains,,A,
DEU,2013,A_cg_cash_requirement,less_sondervermoegen_wirtschaftsstabilisierungsfonds_kredite_zur_abfederung_der_folgen_der_energiekrise_gem_26a_stfg_ohne_darlehensgewahrung,-0.0,official,BMF_DATENPORTAL,cash,20260910T102726Z,ggfiscal.debt.chains,,A,
DEU,2013,A_cg_cash_requirement,out_of_register_sonstige_kredite,-167.546965,official,BMF_DATENPORTAL,cash,20260910T102726Z,ggfiscal.debt.chains,,A,
DEU,2013,A_cg_cash_requirement,own_holdings_change,-5428.009091,official,BMF_DATENPORTAL,nominal,20260910T102726Z,ggfiscal.debt.chains,,A,
DEU,2013,A_cg_cash_requirement,official_total,22072.0,official,BMF_DATENPORTAL,cash,20260910T102726Z,ggfiscal.debt.chains,,A,
DEU,2013,A_cg_cash_requirement,residual,14050.424175520002,residual,,cash,20260910T102726Z,ggfiscal.debt.chains,,B,
DEU,2013,B_s1311_b9,carried_from_previous_step,22072.0,computed,,,20260910T102726Z,ggfiscal.debt.chains,,B,
DEU,2013,B_s1311_b9,special_funds_net_borrowing_added_back,3892.937471,official,BMF_DATENPORTAL,cash,20260910T102726Z,ggfiscal.debt.chains,,A,
DEU,2013,B_s1311_b9,official_total,-132.0,official,EUROSTAT_GOV10A_MAIN_S1311,"accrued, net borrowing = -B.9",20260910T102726Z,ggfiscal.debt.chains,,A,
DEU,2013,B_s1311_b9,residual,-26096.937471,residual,,"accrued, net borrowing = -B.9",20260910T102726Z,ggfiscal.debt.chains,,B,
DEU,2013,C_s13_nlb,carried_from_previous_step,-132.0,computed,,,20260910T102726Z,ggfiscal.debt.chains,,B,
DEU,2013,C_s13_nlb,state_government_net_borrowing,2356.0,official,EUROSTAT_GOV10A_MAIN_S1311,"accrued, net borrowing = -B.9",20260910T102726Z,ggfiscal.debt.chains,,A,
DEU,2013,C_s13_nlb,local_government_net_borrowing,-11.0,official,EUROSTAT_GOV10A_MAIN_S1311,"accrued, net borrowing = -B.9",20260910T102726Z,ggfiscal.debt.chains,,A,
DEU,2013,C_s13_nlb,social_security_funds_net_borrowing,-5725.0,official,EUROSTAT_GOV10A_MAIN_S1311,"accrued, net borrowing = -B.9",20260910T102726Z,ggfiscal.debt.chains,,A,
DEU,2013,C_s13_nlb,official_total,-3512.0,official,package_NLB,"accrued, net borrowing = -B.9",20260910T102726Z,ggfiscal.debt.chains,,A,
DEU,2013,C_s13_nlb,residual,0.0,residual,,"accrued, net borrowing = -B.9",20260910T102726Z,ggfiscal.debt.chains,,B,
DEU,2014,register,sum_bill,-22000.0,computed,ggfiscal.debt.register,nominal,20260910T102726Z,ggfiscal.debt.chains,,A,computed from the per-security register (debt_interest_by_security / debt_flows)
DEU,2014,register,sum_fixed_bullet,17000.0,computed,ggfiscal.debt.register,nominal,20260910T102726Z,ggfiscal.debt.chains,,A,computed from the per-security register (debt_interest_by_security / debt_flows)
DEU,2014,register,sum_inflation_linked,11000.0,computed,ggfiscal.debt.register,nominal,20260910T102726Z,ggfiscal.debt.chains,,A,computed from the per-security register (debt_interest_by_security / debt_flows)
DEU,2014,register,sum_other,-2111.81589094,computed,ggfiscal.debt.register,nominal,20260910T102726Z,ggfiscal.debt.chains,,A,computed from the per-security register (debt_interest_by_security / debt_flows)
DEU,2014,register,official_total,3888.18410906,computed,,nominal,20260910T102726Z,ggfiscal.debt.chains,,B,
DEU,2014,A_cg_cash_requirement,carried_from_previous_step,3888.18410906,computed,,,20260910T102726Z,ggfiscal.debt.chains,,B,
DEU,2014,A_cg_cash_requirement,out_of_register_geldmarkt,0.0,official,BMF_DATENPORTAL,cash,20260910T102726Z,ggfiscal.debt.chains,,A,
DEU,2014,A_cg_cash_requirement,out_of_register_schuldschein,-251.308327,official,BMF_DATENPORTAL,cash,20260910T102726Z,ggfiscal.debt.chains,,A,
DEU,2014,A_cg_cash_requirement,less_sondervermoegen_ausgleichsfonds_steinkohle,-0.0,official,BMF_DATENPORTAL,cash,20260910T102726Z,ggfiscal.debt.chains,,A,
DEU,2014,A_cg_cash_requirement,less_sondervermoegen_bundeseisenbahnvermogen,-0.0,official,BMF_DATENPORTAL,cash,20260910T102726Z,ggfiscal.debt.chains,,A,
DEU,2014,A_cg_cash_requirement,less_sondervermoegen_entschadigungsfonds,-0.0,official,BMF_DATENPORTAL,cash,20260910T102726Z,ggfiscal.debt.chains,,A,
DEU,2014,A_cg_cash_requirement,less_sondervermoegen_erblastentilgungsfonds,-0.0,official,BMF_DATENPORTAL,cash,20260910T102726Z,ggfiscal.debt.chains,,A,
DEU,2014,A_cg_cash_requirement,less_sondervermoegen_erp_sondervermogen,-0.0,official,BMF_DATENPORTAL,cash,20260910T102726Z,ggfiscal.debt.chains,,A,
DEU,2014,A_cg_cash_requirement,less_sondervermoegen_finanzmarktstabilisierungsfonds_kredite_fur_abwicklungsanstalten_gem_9_abs_5_stfg,-0.0,official,BMF_DATENPORTAL,cash,20260910T102726Z,ggfiscal.debt.chains,,A,
DEU,2014,A_cg_cash_requirement,less_sondervermoegen_finanzmarktstabilisierungsfonds_kredite_fur_aufwendungen_gem_9_abs_1_stfg,-1249.1916089999995,official,BMF_DATENPORTAL,cash,20260910T102726Z,ggfiscal.debt.chains,,A,
DEU,2014,A_cg_cash_requirement,less_sondervermoegen_fonds_deutsche_einheit,-0.0,official,BMF_DATENPORTAL,cash,20260910T102726Z,ggfiscal.debt.chains,,A,
DEU,2014,A_cg_cash_requirement,less_sondervermoegen_investitions_und_tilgungsfonds,1376.239374,official,BMF_DATENPORTAL,cash,20260910T102726Z,ggfiscal.debt.chains,,A,
DEU,2014,A_cg_cash_requirement,less_sondervermoegen_lastenausgleichsfonds,-0.0,official,BMF_DATENPORTAL,cash,20260910T102726Z,ggfiscal.debt.chains,,A,
DEU,2014,A_cg_cash_requirement,less_sondervermoegen_restrukturierungsfonds,-0.0,official,BMF_DATENPORTAL,cash,20260910T102726Z,ggfiscal.debt.chains,,A,
DEU,2014,A_cg_cash_requirement,less_sondervermoegen_sondervermogen_bundeswehr,-0.0,official,BMF_DATENPORTAL,cash,20260910T102726Z,ggfiscal.debt.chains,,A,
DEU,2014,A_cg_cash_requirement,less_sondervermoegen_sondervermogen_infrastruktur_und_klimaneutralitat,-0.0,official,BMF_DATENPORTAL,cash,20260910T102726Z,ggfiscal.debt.chains,,A,
DEU,2014,A_cg_cash_requirement,less_sondervermoegen_wirtschaftsstabilisierungsfonds_kredite_fur_die_kreditanstalt_fur_wiederaufbau_gem_23_stfg,-0.0,official,BMF_DATENPORTAL,cash,20260910T102726Z,ggfiscal.debt.chains,,A,
DEU,2014,A_cg_cash_requirement,less_sondervermoegen_wirtschaftsstabilisierungsfonds_kredite_fur_die_kreditanstalt_fur_wiederaufbau_gem_26a_abs_1_nr_5_stfg,-0.0,official,BMF_DATENPORTAL,cash,20260910T102726Z,ggfiscal.debt.chains,,A,
DEU,2014,A_cg_cash_requirement,less_sondervermoegen_wirtschaftsstabilisierungsfonds_kredite_fur_rekapitalisierungsmanahmen_gem_22_stfg,-0.0,official,BMF_DATENPORTAL,cash,20260910T102726Z,ggfiscal.debt.chains,,A,
DEU,2014,A_cg_cash_requirement,less_sondervermoegen_wirtschaftsstabilisierungsfonds_kredite_zur_abfederung_der_folgen_der_energiekrise_gem_26a_stfg_ohne_darlehensgewahrung,-0.0,official,BMF_DATENPORTAL,cash,20260910T102726Z,ggfiscal.debt.chains,,A,
DEU,2014,A_cg_cash_requirement,out_of_register_sonstige_kredite,575.619686,official,BMF_DATENPORTAL,cash,20260910T102726Z,ggfiscal.debt.chains,,A,
DEU,2014,A_cg_cash_requirement,own_holdings_change,-2602.728176000004,official,BMF_DATENPORTAL,nominal,20260910T102726Z,ggfiscal.debt.chains,,A,
DEU,2014,A_cg_cash_requirement,official_total,0.0,official,BMF_DATENPORTAL,cash,20260910T102726Z,ggfiscal.debt.chains,,A,
DEU,2014,A_cg_cash_requirement,residual,-1736.8150570599964,residual,,cash,20260910T102726Z,ggfiscal.debt.chains,,B,
DEU,2014,B_s1311_b9,carried_from_previous_step,0.0,computed,,,20260910T102726Z,ggfiscal.debt.chains,,B,
DEU,2014,B_s1311_b9,special_funds_net_borrowing_added_back,-127.04776500000048,official,BMF_DATENPORTAL,cash,20260910T102726Z,ggfiscal.debt.chains,,A,
DEU,2014,B_s1311_b9,official_total,-17023.0,official,EUROSTAT_GOV10A_MAIN_S1311,"accrued, net borrowing = -B.9",20260910T102726Z,ggfiscal.debt.chains,,A,
DEU,2014,B_s1311_b9,residual,-16895.952235,residual,,"accrued, net borrowing = -B.9",20260910T102726Z,ggfiscal.debt.chains,,B,
DEU,2014,C_s13_nlb,carried_from_previous_step,-17023.0,computed,,,20260910T102726Z,ggfiscal.debt.chains,,B,
DEU,2014,C_s13_nlb,state_government_net_borrowing,-1864.0,official,EUROSTAT_GOV10A_MAIN_S1311,"accrued, net borrowing = -B.9",20260910T102726Z,ggfiscal.debt.chains,,A,
DEU,2014,C_s13_nlb,local_government_net_borrowing,454.0,official,EUROSTAT_GOV10A_MAIN_S1311,"accrued, net borrowing = -B.9",20260910T102726Z,ggfiscal.debt.chains,,A,
DEU,2014,C_s13_nlb,social_security_funds_net_borrowing,-3399.0,official,EUROSTAT_GOV10A_MAIN_S1311,"accrued, net borrowing = -B.9",20260910T102726Z,ggfiscal.debt.chains,,A,
DEU,2014,C_s13_nlb,official_total,-21832.0,official,package_NLB,"accrued, net borrowing = -B.9",20260910T102726Z,ggfiscal.debt.chains,,A,
DEU,2014,C_s13_nlb,residual,0.0,residual,,"accrued, net borrowing = -B.9",20260910T102726Z,ggfiscal.debt.chains,,B,
DEU,2015,register,sum_bill,-9500.0,computed,ggfiscal.debt.register,nominal,20260910T102726Z,ggfiscal.debt.chains,,A,computed from the per-security register (debt_interest_by_security / debt_flows)
DEU,2015,register,sum_fixed_bullet,-11000.0,computed,ggfiscal.debt.register,nominal,20260910T102726Z,ggfiscal.debt.chains,,A,computed from the per-security register (debt_interest_by_security / debt_flows)
DEU,2015,register,sum_inflation_linked,12000.0,computed,ggfiscal.debt.register,nominal,20260910T102726Z,ggfiscal.debt.chains,,A,computed from the per-security register (debt_interest_by_security / debt_flows)
DEU,2015,register,sum_other,-1055.93623751,computed,ggfiscal.debt.register,nominal,20260910T102726Z,ggfiscal.debt.chains,,A,computed from the per-security register (debt_interest_by_security / debt_flows)
DEU,2015,register,official_total,-9555.936237509999,computed,,nominal,20260910T102726Z,ggfiscal.debt.chains,,B,
DEU,2015,A_cg_cash_requirement,carried_from_previous_step,-9555.936237509999,computed,,,20260910T102726Z,ggfiscal.debt.chains,,B,
DEU,2015,A_cg_cash_requirement,out_of_register_geldmarkt,0.0,official,BMF_DATENPORTAL,cash,20260910T102726Z,ggfiscal.debt.chains,,A,
DEU,2015,A_cg_cash_requirement,out_of_register_schuldschein,-1322.0,official,BMF_DATENPORTAL,cash,20260910T102726Z,ggfiscal.debt.chains,,A,
DEU,2015,A_cg_cash_requirement,less_sondervermoegen_ausgleichsfonds_steinkohle,-0.0,official,BMF_DATENPORTAL,cash,20260910T102726Z,ggfiscal.debt.chains,,A,
DEU,2015,A_cg_cash_requirement,less_sondervermoegen_bundeseisenbahnvermogen,-0.0,official,BMF_DATENPORTAL,cash,20260910T102726Z,ggfiscal.debt.chains,,A,
DEU,2015,A_cg_cash_requirement,less_sondervermoegen_entschadigungsfonds,-0.0,official,BMF_DATENPORTAL,cash,20260910T102726Z,ggfiscal.debt.chains,,A,
DEU,2015,A_cg_cash_requirement,less_sondervermoegen_erblastentilgungsfonds,-0.0,official,BMF_DATENPORTAL,cash,20260910T102726Z,ggfiscal.debt.chains,,A,
DEU,2015,A_cg_cash_requirement,less_sondervermoegen_erp_sondervermogen,-0.0,official,BMF_DATENPORTAL,cash,20260910T102726Z,ggfiscal.debt.chains,,A,
DEU,2015,A_cg_cash_requirement,less_sondervermoegen_finanzmarktstabilisierungsfonds_kredite_fur_abwicklungsanstalten_gem_9_abs_5_stfg,-0.0,official,BMF_DATENPORTAL,cash,20260910T102726Z,ggfiscal.debt.chains,,A,
DEU,2015,A_cg_cash_requirement,less_sondervermoegen_finanzmarktstabilisierungsfonds_kredite_fur_aufwendungen_gem_9_abs_1_stfg,404.2528549999997,official,BMF_DATENPORTAL,cash,20260910T102726Z,ggfiscal.debt.chains,,A,
DEU,2015,A_cg_cash_requirement,less_sondervermoegen_fonds_deutsche_einheit,-0.0,official,BMF_DATENPORTAL,cash,20260910T102726Z,ggfiscal.debt.chains,,A,
DEU,2015,A_cg_cash_requirement,less_sondervermoegen_investitions_und_tilgungsfonds,-1067.4542310000002,official,BMF_DATENPORTAL,cash,20260910T102726Z,ggfiscal.debt.chains,,A,
DEU,2015,A_cg_cash_requirement,less_sondervermoegen_lastenausgleichsfonds,-0.0,official,BMF_DATENPORTAL,cash,20260910T102726Z,ggfiscal.debt.chains,,A,
DEU,2015,A_cg_cash_requirement,less_sondervermoegen_restrukturierungsfonds,-0.0,official,BMF_DATENPORTAL,cash,20260910T102726Z,ggfiscal.debt.chains,,A,
DEU,2015,A_cg_cash_requirement,less_sondervermoegen_sondervermogen_bundeswehr,-0.0,official,BMF_DATENPORTAL,cash,20260910T102726Z,ggfiscal.debt.chains,,A,
DEU,2015,A_cg_cash_requirement,less_sondervermoegen_sondervermogen_infrastruktur_und_klimaneutralitat,-0.0,official,BMF_DATENPORTAL,cash,20260910T102726Z,ggfiscal.debt.chains,,A,
DEU,2015,A_cg_cash_requirement,less_sondervermoegen_wirtschaftsstabilisierungsfonds_kredite_fur_die_kreditanstalt_fur_wiederaufbau_gem_23_stfg,-0.0,official,BMF_DATENPORTAL,cash,20260910T102726Z,ggfiscal.debt.chains,,A,
DEU,2015,A_cg_cash_requirement,less_sondervermoegen_wirtschaftsstabilisierungsfonds_kredite_fur_die_kreditanstalt_fur_wiederaufbau_gem_26a_abs_1_nr_5_stfg,-0.0,official,BMF_DATENPORTAL,cash,20260910T102726Z,ggfiscal.debt.chains,,A,
DEU,2015,A_cg_cash_requirement,less_sondervermoegen_wirtschaftsstabilisierungsfonds_kredite_fur_rekapitalisierungsmanahmen_gem_22_stfg,-0.0,official,BMF_DATENPORTAL,cash,20260910T102726Z,ggfiscal.debt.chains,,A,
DEU,2015,A_cg_cash_requirement,less_sondervermoegen_wirtschaftsstabilisierungsfonds_kredite_zur_abfederung_der_folgen_der_energiekrise_gem_26a_stfg_ohne_darlehensgewahrung,-0.0,official,BMF_DATENPORTAL,cash,20260910T102726Z,ggfiscal.debt.chains,,A,
DEU,2015,A_cg_cash_requirement,out_of_register_sonstige_kredite,284.37901700000003,official,BMF_DATENPORTAL,cash,20260910T102726Z,ggfiscal.debt.chains,,A,
DEU,2015,A_cg_cash_requirement,own_holdings_change,532.833218000007,official,BMF_DATENPORTAL,nominal,20260910T102726Z,ggfiscal.debt.chains,,A,
DEU,2015,A_cg_cash_requirement,official_total,0.0,official,BMF_DATENPORTAL,cash,20260910T102726Z,ggfiscal.debt.chains,,A,
DEU,2015,A_cg_cash_requirement,residual,10723.925378509994,residual,,cash,20260910T102726Z,ggfiscal.debt.chains,,B,
DEU,2015,B_s1311_b9,carried_from_previous_step,0.0,computed,,,20260910T102726Z,ggfiscal.debt.chains,,B,
DEU,2015,B_s1311_b9,special_funds_net_borrowing_added_back,663.2013760000004,official,BMF_DATENPORTAL,cash,20260910T102726Z,ggfiscal.debt.chains,,A,
DEU,2015,B_s1311_b9,official_total,-17956.0,official,EUROSTAT_GOV10A_MAIN_S1311,"accrued, net borrowing = -B.9",20260910T102726Z,ggfiscal.debt.chains,,A,
DEU,2015,B_s1311_b9,residual,-18619.201376,residual,,"accrued, net borrowing = -B.9",20260910T102726Z,ggfiscal.debt.chains,,B,
DEU,2015,C_s13_nlb,carried_from_previous_step,-17956.0,computed,,,20260910T102726Z,ggfiscal.debt.chains,,B,
DEU,2015,C_s13_nlb,state_government_net_borrowing,-4641.0,official,EUROSTAT_GOV10A_MAIN_S1311,"accrued, net borrowing = -B.9",20260910T102726Z,ggfiscal.debt.chains,,A,
DEU,2015,C_s13_nlb,local_government_net_borrowing,-2635.0,official,EUROSTAT_GOV10A_MAIN_S1311,"accrued, net borrowing = -B.9",20260910T102726Z,ggfiscal.debt.chains,,A,
DEU,2015,C_s13_nlb,social_security_funds_net_borrowing,-3007.0,official,EUROSTAT_GOV10A_MAIN_S1311,"accrued, net borrowing = -B.9",20260910T102726Z,ggfiscal.debt.chains,,A,
DEU,2015,C_s13_nlb,official_total,-28239.0,official,package_NLB,"accrued, net borrowing = -B.9",20260910T102726Z,ggfiscal.debt.chains,,A,
DEU,2015,C_s13_nlb,residual,0.0,residual,,"accrued, net borrowing = -B.9",20260910T102726Z,ggfiscal.debt.chains,,B,
DEU,2016,register,sum_bill,5000.0,computed,ggfiscal.debt.register,nominal,20260910T102726Z,ggfiscal.debt.chains,,A,computed from the per-security register (debt_interest_by_security / debt_flows)
DEU,2016,register,sum_fixed_bullet,-500.0,computed,ggfiscal.debt.register,nominal,20260910T102726Z,ggfiscal.debt.chains,,A,computed from the per-security register (debt_interest_by_security / debt_flows)
DEU,2016,register,sum_inflation_linked,-8500.0,computed,ggfiscal.debt.register,nominal,20260910T102726Z,ggfiscal.debt.chains,,A,computed from the per-security register (debt_interest_by_security / debt_flows)
DEU,2016,register,sum_other,-560.11580569,computed,ggfiscal.debt.register,nominal,20260910T102726Z,ggfiscal.debt.chains,,A,computed from the per-security register (debt_interest_by_security / debt_flows)
DEU,2016,register,official_total,-4560.11580569,computed,,nominal,20260910T102726Z,ggfiscal.debt.chains,,B,
DEU,2016,A_cg_cash_requirement,carried_from_previous_step,-4560.11580569,computed,,,20260910T102726Z,ggfiscal.debt.chains,,B,
DEU,2016,A_cg_cash_requirement,out_of_register_geldmarkt,0.0,official,BMF_DATENPORTAL,cash,20260910T102726Z,ggfiscal.debt.chains,,A,
DEU,2016,A_cg_cash_requirement,out_of_register_schuldschein,-863.915854,official,BMF_DATENPORTAL,cash,20260910T102726Z,ggfiscal.debt.chains,,A,
DEU,2016,A_cg_cash_requirement,less_sondervermoegen_ausgleichsfonds_steinkohle,-0.0,official,BMF_DATENPORTAL,cash,20260910T102726Z,ggfiscal.debt.chains,,A,
DEU,2016,A_cg_cash_requirement,less_sondervermoegen_bundeseisenbahnvermogen,-0.0,official,BMF_DATENPORTAL,cash,20260910T102726Z,ggfiscal.debt.chains,,A,
DEU,2016,A_cg_cash_requirement,less_sondervermoegen_entschadigungsfonds,-0.0,official,BMF_DATENPORTAL,cash,20260910T102726Z,ggfiscal.debt.chains,,A,
DEU,2016,A_cg_cash_requirement,less_sondervermoegen_erblastentilgungsfonds,-0.0,official,BMF_DATENPORTAL,cash,20260910T102726Z,ggfiscal.debt.chains,,A,
DEU,2016,A_cg_cash_requirement,less_sondervermoegen_erp_sondervermogen,-0.0,official,BMF_DATENPORTAL,cash,20260910T102726Z,ggfiscal.debt.chains,,A,
DEU,2016,A_cg_cash_requirement,less_sondervermoegen_finanzmarktstabilisierungsfonds_kredite_fur_abwicklungsanstalten_gem_9_abs_5_stfg,-0.0,official,BMF_DATENPORTAL,cash,20260910T102726Z,ggfiscal.debt.chains,,A,
DEU,2016,A_cg_cash_requirement,less_sondervermoegen_finanzmarktstabilisierungsfonds_kredite_fur_aufwendungen_gem_9_abs_1_stfg,2996.6000999999997,official,BMF_DATENPORTAL,cash,20260910T102726Z,ggfiscal.debt.chains,,A,
DEU,2016,A_cg_cash_requirement,less_sondervermoegen_fonds_deutsche_einheit,-0.0,official,BMF_DATENPORTAL,cash,20260910T102726Z,ggfiscal.debt.chains,,A,
DEU,2016,A_cg_cash_requirement,less_sondervermoegen_investitions_und_tilgungsfonds,2251.5808880000004,official,BMF_DATENPORTAL,cash,20260910T102726Z,ggfiscal.debt.chains,,A,
DEU,2016,A_cg_cash_requirement,less_sondervermoegen_lastenausgleichsfonds,-0.0,official,BMF_DATENPORTAL,cash,20260910T102726Z,ggfiscal.debt.chains,,A,
DEU,2016,A_cg_cash_requirement,less_sondervermoegen_restrukturierungsfonds,-0.0,official,BMF_DATENPORTAL,cash,20260910T102726Z,ggfiscal.debt.chains,,A,
DEU,2016,A_cg_cash_requirement,less_sondervermoegen_sondervermogen_bundeswehr,-0.0,official,BMF_DATENPORTAL,cash,20260910T102726Z,ggfiscal.debt.chains,,A,
DEU,2016,A_cg_cash_requirement,less_sondervermoegen_sondervermogen_infrastruktur_und_klimaneutralitat,-0.0,official,BMF_DATENPORTAL,cash,20260910T102726Z,ggfiscal.debt.chains,,A,
DEU,2016,A_cg_cash_requirement,less_sondervermoegen_wirtschaftsstabilisierungsfonds_kredite_fur_die_kreditanstalt_fur_wiederaufbau_gem_23_stfg,-0.0,official,BMF_DATENPORTAL,cash,20260910T102726Z,ggfiscal.debt.chains,,A,
DEU,2016,A_cg_cash_requirement,less_sondervermoegen_wirtschaftsstabilisierungsfonds_kredite_fur_die_kreditanstalt_fur_wiederaufbau_gem_26a_abs_1_nr_5_stfg,-0.0,official,BMF_DATENPORTAL,cash,20260910T102726Z,ggfiscal.debt.chains,,A,
DEU,2016,A_cg_cash_requirement,less_sondervermoegen_wirtschaftsstabilisierungsfonds_kredite_fur_rekapitalisierungsmanahmen_gem_22_stfg,-0.0,official,BMF_DATENPORTAL,cash,20260910T102726Z,ggfiscal.debt.chains,,A,
DEU,2016,A_cg_cash_requirement,less_sondervermoegen_wirtschaftsstabilisierungsfonds_kredite_zur_abfederung_der_folgen_der_energiekrise_gem_26a_stfg_ohne_darlehensgewahrung,-0.0,official,BMF_DATENPORTAL,cash,20260910T102726Z,ggfiscal.debt.chains,,A,
DEU,2016,A_cg_cash_requirement,out_of_register_sonstige_kredite,-2086.141741,official,BMF_DATENPORTAL,cash,20260910T102726Z,ggfiscal.debt.chains,,A,
DEU,2016,A_cg_cash_requirement,own_holdings_change,-3646.5647910000043,official,BMF_DATENPORTAL,nominal,20260910T102726Z,ggfiscal.debt.chains,,A,
DEU,2016,A_cg_cash_requirement,official_total,0.0,official,BMF_DATENPORTAL,cash,20260910T102726Z,ggfiscal.debt.chains,,A,
DEU,2016,A_cg_cash_requirement,residual,5908.557203690005,residual,,cash,20260910T102726Z,ggfiscal.debt.chains,,B,
DEU,2016,B_s1311_b9,carried_from_previous_step,0.0,computed,,,20260910T102726Z,ggfiscal.debt.chains,,B,
DEU,2016,B_s1311_b9,special_funds_net_borrowing_added_back,-5248.180988,official,BMF_DATENPORTAL,cash,20260910T102726Z,ggfiscal.debt.chains,,A,
DEU,2016,B_s1311_b9,official_total,-14999.0,official,EUROSTAT_GOV10A_MAIN_S1311,"accrued, net borrowing = -B.9",20260910T102726Z,ggfiscal.debt.chains,,A,
DEU,2016,B_s1311_b9,residual,-9750.819012,residual,,"accrued, net borrowing = -B.9",20260910T102726Z,ggfiscal.debt.chains,,B,
DEU,2016,C_s13_nlb,carried_from_previous_step,-14999.0,computed,,,20260910T102726Z,ggfiscal.debt.chains,,B,
DEU,2016,C_s13_nlb,state_government_net_borrowing,-7309.0,official,EUROSTAT_GOV10A_MAIN_S1311,"accrued, net borrowing = -B.9",20260910T102726Z,ggfiscal.debt.chains,,A,
DEU,2016,C_s13_nlb,local_government_net_borrowing,-5382.0,official,EUROSTAT_GOV10A_MAIN_S1311,"accrued, net borrowing = -B.9",20260910T102726Z,ggfiscal.debt.chains,,A,
DEU,2016,C_s13_nlb,social_security_funds_net_borrowing,-8547.0,official,EUROSTAT_GOV10A_MAIN_S1311,"accrued, net borrowing = -B.9",20260910T102726Z,ggfiscal.debt.chains,,A,
DEU,2016,C_s13_nlb,official_total,-36237.0,official,package_NLB,"accrued, net borrowing = -B.9",20260910T102726Z,ggfiscal.debt.chains,,A,
DEU,2016,C_s13_nlb,residual,0.0,residual,,"accrued, net borrowing = -B.9",20260910T102726Z,ggfiscal.debt.chains,,B,
DEU,2017,register,sum_bill,-13500.0,computed,ggfiscal.debt.register,nominal,20260910T102726Z,ggfiscal.debt.chains,,A,computed from the per-security register (debt_interest_by_security / debt_flows)
DEU,2017,register,sum_fixed_bullet,7000.0,computed,ggfiscal.debt.register,nominal,20260910T102726Z,ggfiscal.debt.chains,,A,computed from the per-security register (debt_interest_by_security / debt_flows)
DEU,2017,register,sum_inflation_linked,6500.0,computed,ggfiscal.debt.register,nominal,20260910T102726Z,ggfiscal.debt.chains,,A,computed from the per-security register (debt_interest_by_security / debt_flows)
DEU,2017,register,sum_other,-445.0204432,computed,ggfiscal.debt.register,nominal,20260910T102726Z,ggfiscal.debt.chains,,A,computed from the per-security register (debt_interest_by_security / debt_flows)
DEU,2017,register,official_total,-445.0204432,computed,,nominal,20260910T102726Z,ggfiscal.debt.chains,,B,
DEU,2017,A_cg_cash_requirement,carried_from_previous_step,-445.0204432,computed,,,20260910T102726Z,ggfiscal.debt.chains,,B,
DEU,2017,A_cg_cash_requirement,out_of_register_geldmarkt,0.0,official,BMF_DATENPORTAL,cash,20260910T102726Z,ggfiscal.debt.chains,,A,
DEU,2017,A_cg_cash_requirement,out_of_register_schuldschein,-694.516752,official,BMF_DATENPORTAL,cash,20260910T102726Z,ggfiscal.debt.chains,,A,
DEU,2017,A_cg_cash_requirement,less_sondervermoegen_ausgleichsfonds_steinkohle,-0.0,official,BMF_DATENPORTAL,cash,20260910T102726Z,ggfiscal.debt.chains,,A,
DEU,2017,A_cg_cash_requirement,less_sondervermoegen_bundeseisenbahnvermogen,-0.0,official,BMF_DATENPORTAL,cash,20260910T102726Z,ggfiscal.debt.chains,,A,
DEU,2017,A_cg_cash_requirement,less_sondervermoegen_entschadigungsfonds,-0.0,official,BMF_DATENPORTAL,cash,20260910T102726Z,ggfiscal.debt.chains,,A,
DEU,2017,A_cg_cash_requirement,less_sondervermoegen_erblastentilgungsfonds,-0.0,official,BMF_DATENPORTAL,cash,20260910T102726Z,ggfiscal.debt.chains,,A,
DEU,2017,A_cg_cash_requirement,less_sondervermoegen_erp_sondervermogen,-0.0,official,BMF_DATENPORTAL,cash,20260910T102726Z,ggfiscal.debt.chains,,A,
DEU,2017,A_cg_cash_requirement,less_sondervermoegen_finanzmarktstabilisierungsfonds_kredite_fur_abwicklungsanstalten_gem_9_abs_5_stfg,-0.0,official,BMF_DATENPORTAL,cash,20260910T102726Z,ggfiscal.debt.chains,,A,
DEU,2017,A_cg_cash_requirement,less_sondervermoegen_finanzmarktstabilisierungsfonds_kredite_fur_aufwendungen_gem_9_abs_1_stfg,-187.43403399999988,official,BMF_DATENPORTAL,cash,20260910T102726Z,ggfiscal.debt.chains,,A,
DEU,2017,A_cg_cash_requirement,less_sondervermoegen_fonds_deutsche_einheit,-0.0,official,BMF_DATENPORTAL,cash,20260910T102726Z,ggfiscal.debt.chains,,A,
DEU,2017,A_cg_cash_requirement,less_sondervermoegen_investitions_und_tilgungsfonds,-150.45575700000018,official,BMF_DATENPORTAL,cash,20260910T102726Z,ggfiscal.debt.chains,,A,
DEU,2017,A_cg_cash_requirement,less_sondervermoegen_lastenausgleichsfonds,-0.0,official,BMF_DATENPORTAL,cash,20260910T102726Z,ggfiscal.debt.chains,,A,
DEU,2017,A_cg_cash_requirement,less_sondervermoegen_restrukturierungsfonds,-0.0,official,BMF_DATENPORTAL,cash,20260910T102726Z,ggfiscal.debt.chains,,A,
DEU,2017,A_cg_cash_requirement,less_sondervermoegen_sondervermogen_bundeswehr,-0.0,official,BMF_DATENPORTAL,cash,20260910T102726Z,ggfiscal.debt.chains,,A,
DEU,2017,A_cg_cash_requirement,less_sondervermoegen_sondervermogen_infrastruktur_und_klimaneutralitat,-0.0,official,BMF_DATENPORTAL,cash,20260910T102726Z,ggfiscal.debt.chains,,A,
DEU,2017,A_cg_cash_requirement,less_sondervermoegen_wirtschaftsstabilisierungsfonds_kredite_fur_die_kreditanstalt_fur_wiederaufbau_gem_23_stfg,-0.0,official,BMF_DATENPORTAL,cash,20260910T102726Z,ggfiscal.debt.chains,,A,
DEU,2017,A_cg_cash_requirement,less_sondervermoegen_wirtschaftsstabilisierungsfonds_kredite_fur_die_kreditanstalt_fur_wiederaufbau_gem_26a_abs_1_nr_5_stfg,-0.0,official,BMF_DATENPORTAL,cash,20260910T102726Z,ggfiscal.debt.chains,,A,
DEU,2017,A_cg_cash_requirement,less_sondervermoegen_wirtschaftsstabilisierungsfonds_kredite_fur_rekapitalisierungsmanahmen_gem_22_stfg,-0.0,official,BMF_DATENPORTAL,cash,20260910T102726Z,ggfiscal.debt.chains,,A,
DEU,2017,A_cg_cash_requirement,less_sondervermoegen_wirtschaftsstabilisierungsfonds_kredite_zur_abfederung_der_folgen_der_energiekrise_gem_26a_stfg_ohne_darlehensgewahrung,-0.0,official,BMF_DATENPORTAL,cash,20260910T102726Z,ggfiscal.debt.chains,,A,
DEU,2017,A_cg_cash_requirement,out_of_register_sonstige_kredite,-66.461925,official,BMF_DATENPORTAL,cash,20260910T102726Z,ggfiscal.debt.chains,,A,
DEU,2017,A_cg_cash_requirement,own_holdings_change,-6036.301145999998,official,BMF_DATENPORTAL,nominal,20260910T102726Z,ggfiscal.debt.chains,,A,
DEU,2017,A_cg_cash_requirement,official_total,0.0,official,BMF_DATENPORTAL,cash,20260910T102726Z,ggfiscal.debt.chains,,A,
DEU,2017,A_cg_cash_requirement,residual,7580.190057199998,residual,,cash,20260910T102726Z,ggfiscal.debt.chains,,B,
DEU,2017,B_s1311_b9,carried_from_previous_step,0.0,computed,,,20260910T102726Z,ggfiscal.debt.chains,,B,
DEU,2017,B_s1311_b9,special_funds_net_borrowing_added_back,337.88979100000006,official,BMF_DATENPORTAL,cash,20260910T102726Z,ggfiscal.debt.chains,,A,
DEU,2017,B_s1311_b9,official_total,-10266.0,official,EUROSTAT_GOV10A_MAIN_S1311,"accrued, net borrowing = -B.9",20260910T102726Z,ggfiscal.debt.chains,,A,
DEU,2017,B_s1311_b9,residual,-10603.889791,residual,,"accrued, net borrowing = -B.9",20260910T102726Z,ggfiscal.debt.chains,,B,
DEU,2017,C_s13_nlb,carried_from_previous_step,-10266.0,computed,,,20260910T102726Z,ggfiscal.debt.chains,,B,
DEU,2017,C_s13_nlb,state_government_net_borrowing,-13076.0,official,EUROSTAT_GOV10A_MAIN_S1311,"accrued, net borrowing = -B.9",20260910T102726Z,ggfiscal.debt.chains,,A,
DEU,2017,C_s13_nlb,local_government_net_borrowing,-10287.0,official,EUROSTAT_GOV10A_MAIN_S1311,"accrued, net borrowing = -B.9",20260910T102726Z,ggfiscal.debt.chains,,A,
DEU,2017,C_s13_nlb,social_security_funds_net_borrowing,-10942.0,official,EUROSTAT_GOV10A_MAIN_S1311,"accrued, net borrowing = -B.9",20260910T102726Z,ggfiscal.debt.chains,,A,
DEU,2017,C_s13_nlb,official_total,-44571.0,official,package_NLB,"accrued, net borrowing = -B.9",20260910T102726Z,ggfiscal.debt.chains,,A,
DEU,2017,C_s13_nlb,residual,0.0,residual,,"accrued, net borrowing = -B.9",20260910T102726Z,ggfiscal.debt.chains,,B,
DEU,2018,register,sum_bill,4000.0,computed,ggfiscal.debt.register,nominal,20260910T102726Z,ggfiscal.debt.chains,,A,computed from the per-security register (debt_interest_by_security / debt_flows)
DEU,2018,register,sum_fixed_bullet,-7000.0,computed,ggfiscal.debt.register,nominal,20260910T102726Z,ggfiscal.debt.chains,,A,computed from the per-security register (debt_interest_by_security / debt_flows)
DEU,2018,register,sum_inflation_linked,-8500.0,computed,ggfiscal.debt.register,nominal,20260910T102726Z,ggfiscal.debt.chains,,A,computed from the per-security register (debt_interest_by_security / debt_flows)
DEU,2018,register,sum_other,-240.00612805000003,computed,ggfiscal.debt.register,nominal,20260910T102726Z,ggfiscal.debt.chains,,A,computed from the per-security register (debt_interest_by_security / debt_flows)
DEU,2018,register,official_total,-11740.00612805,computed,,nominal,20260910T102726Z,ggfiscal.debt.chains,,B,
DEU,2018,A_cg_cash_requirement,carried_from_previous_step,-11740.00612805,computed,,,20260910T102726Z,ggfiscal.debt.chains,,B,
DEU,2018,A_cg_cash_requirement,out_of_register_geldmarkt,0.0,official,BMF_DATENPORTAL,cash,20260910T102726Z,ggfiscal.debt.chains,,A,
DEU,2018,A_cg_cash_requirement,out_of_register_schuldschein,-1345.516752,official,BMF_DATENPORTAL,cash,20260910T102726Z,ggfiscal.debt.chains,,A,
DEU,2018,A_cg_cash_requirement,less_sondervermoegen_ausgleichsfonds_steinkohle,-0.0,official,BMF_DATENPORTAL,cash,20260910T102726Z,ggfiscal.debt.chains,,A,
DEU,2018,A_cg_cash_requirement,less_sondervermoegen_bundeseisenbahnvermogen,-0.0,official,BMF_DATENPORTAL,cash,20260910T102726Z,ggfiscal.debt.chains,,A,
DEU,2018,A_cg_cash_requirement,less_sondervermoegen_entschadigungsfonds,-0.0,official,BMF_DATENPORTAL,cash,20260910T102726Z,ggfiscal.debt.chains,,A,
DEU,2018,A_cg_cash_requirement,less_sondervermoegen_erblastentilgungsfonds,-0.0,official,BMF_DATENPORTAL,cash,20260910T102726Z,ggfiscal.debt.chains,,A,
DEU,2018,A_cg_cash_requirement,less_sondervermoegen_erp_sondervermogen,-0.0,official,BMF_DATENPORTAL,cash,20260910T102726Z,ggfiscal.debt.chains,,A,
DEU,2018,A_cg_cash_requirement,less_sondervermoegen_finanzmarktstabilisierungsfonds_kredite_fur_abwicklungsanstalten_gem_9_abs_5_stfg,-0.0,official,BMF_DATENPORTAL,cash,20260910T102726Z,ggfiscal.debt.chains,,A,
DEU,2018,A_cg_cash_requirement,less_sondervermoegen_finanzmarktstabilisierungsfonds_kredite_fur_aufwendungen_gem_9_abs_1_stfg,-194.80859199999986,official,BMF_DATENPORTAL,cash,20260910T102726Z,ggfiscal.debt.chains,,A,
DEU,2018,A_cg_cash_requirement,less_sondervermoegen_fonds_deutsche_einheit,-0.0,official,BMF_DATENPORTAL,cash,20260910T102726Z,ggfiscal.debt.chains,,A,
DEU,2018,A_cg_cash_requirement,less_sondervermoegen_investitions_und_tilgungsfonds,-145.45071899999994,official,BMF_DATENPORTAL,cash,20260910T102726Z,ggfiscal.debt.chains,,A,
DEU,2018,A_cg_cash_requirement,less_sondervermoegen_lastenausgleichsfonds,-0.0,official,BMF_DATENPORTAL,cash,20260910T102726Z,ggfiscal.debt.chains,,A,
DEU,2018,A_cg_cash_requirement,less_sondervermoegen_restrukturierungsfonds,-0.0,official,BMF_DATENPORTAL,cash,20260910T102726Z,ggfiscal.debt.chains,,A,
DEU,2018,A_cg_cash_requirement,less_sondervermoegen_sondervermogen_bundeswehr,-0.0,official,BMF_DATENPORTAL,cash,20260910T102726Z,ggfiscal.debt.chains,,A,
DEU,2018,A_cg_cash_requirement,less_sondervermoegen_sondervermogen_infrastruktur_und_klimaneutralitat,-0.0,official,BMF_DATENPORTAL,cash,20260910T102726Z,ggfiscal.debt.chains,,A,
DEU,2018,A_cg_cash_requirement,less_sondervermoegen_wirtschaftsstabilisierungsfonds_kredite_fur_die_kreditanstalt_fur_wiederaufbau_gem_23_stfg,-0.0,official,BMF_DATENPORTAL,cash,20260910T102726Z,ggfiscal.debt.chains,,A,
DEU,2018,A_cg_cash_requirement,less_sondervermoegen_wirtschaftsstabilisierungsfonds_kredite_fur_die_kreditanstalt_fur_wiederaufbau_gem_26a_abs_1_nr_5_stfg,-0.0,official,BMF_DATENPORTAL,cash,20260910T102726Z,ggfiscal.debt.chains,,A,
DEU,2018,A_cg_cash_requirement,less_sondervermoegen_wirtschaftsstabilisierungsfonds_kredite_fur_rekapitalisierungsmanahmen_gem_22_stfg,-0.0,official,BMF_DATENPORTAL,cash,20260910T102726Z,ggfiscal.debt.chains,,A,
DEU,2018,A_cg_cash_requirement,less_sondervermoegen_wirtschaftsstabilisierungsfonds_kredite_zur_abfederung_der_folgen_der_energiekrise_gem_26a_stfg_ohne_darlehensgewahrung,-0.0,official,BMF_DATENPORTAL,cash,20260910T102726Z,ggfiscal.debt.chains,,A,
DEU,2018,A_cg_cash_requirement,out_of_register_sonstige_kredite,0.0,official,BMF_DATENPORTAL,cash,20260910T102726Z,ggfiscal.debt.chains,,A,
DEU,2018,A_cg_cash_requirement,own_holdings_change,-3034.2813270000042,official,BMF_DATENPORTAL,nominal,20260910T102726Z,ggfiscal.debt.chains,,A,
DEU,2018,A_cg_cash_requirement,official_total,0.0,official,BMF_DATENPORTAL,cash,20260910T102726Z,ggfiscal.debt.chains,,A,
DEU,2018,A_cg_cash_requirement,residual,16460.063518050003,residual,,cash,20260910T102726Z,ggfiscal.debt.chains,,B,
DEU,2018,B_s1311_b9,carried_from_previous_step,0.0,computed,,,20260910T102726Z,ggfiscal.debt.chains,,B,
DEU,2018,B_s1311_b9,special_funds_net_borrowing_added_back,340.2593109999998,official,BMF_DATENPORTAL,cash,20260910T102726Z,ggfiscal.debt.chains,,A,
DEU,2018,B_s1311_b9,official_total,-22400.0,official,EUROSTAT_GOV10A_MAIN_S1311,"accrued, net borrowing = -B.9",20260910T102726Z,ggfiscal.debt.chains,,A,
DEU,2018,B_s1311_b9,residual,-22740.259311,residual,,"accrued, net borrowing = -B.9",20260910T102726Z,ggfiscal.debt.chains,,B,
DEU,2018,C_s13_nlb,carried_from_previous_step,-22400.0,computed,,,20260910T102726Z,ggfiscal.debt.chains,,B,
DEU,2018,C_s13_nlb,state_government_net_borrowing,-10735.0,official,EUROSTAT_GOV10A_MAIN_S1311,"accrued, net borrowing = -B.9",20260910T102726Z,ggfiscal.debt.chains,,A,
DEU,2018,C_s13_nlb,local_government_net_borrowing,-15783.0,official,EUROSTAT_GOV10A_MAIN_S1311,"accrued, net borrowing = -B.9",20260910T102726Z,ggfiscal.debt.chains,,A,
DEU,2018,C_s13_nlb,social_security_funds_net_borrowing,-15749.0,official,EUROSTAT_GOV10A_MAIN_S1311,"accrued, net borrowing = -B.9",20260910T102726Z,ggfiscal.debt.chains,,A,
DEU,2018,C_s13_nlb,official_total,-64667.0,official,package_NLB,"accrued, net borrowing = -B.9",20260910T102726Z,ggfiscal.debt.chains,,A,
DEU,2018,C_s13_nlb,residual,0.0,residual,,"accrued, net borrowing = -B.9",20260910T102726Z,ggfiscal.debt.chains,,B,
DEU,2019,register,sum_bill,8000.0,computed,ggfiscal.debt.register,nominal,20260910T102726Z,ggfiscal.debt.chains,,A,computed from the per-security register (debt_interest_by_security / debt_flows)
DEU,2019,register,sum_fixed_bullet,5000.0,computed,ggfiscal.debt.register,nominal,20260910T102726Z,ggfiscal.debt.chains,,A,computed from the per-security register (debt_interest_by_security / debt_flows)
DEU,2019,register,sum_inflation_linked,6200.0,computed,ggfiscal.debt.register,nominal,20260910T102726Z,ggfiscal.debt.chains,,A,computed from the per-security register (debt_interest_by_security / debt_flows)
DEU,2019,register,sum_other,-48.41372394,computed,ggfiscal.debt.register,nominal,20260910T102726Z,ggfiscal.debt.chains,,A,computed from the per-security register (debt_interest_by_security / debt_flows)
DEU,2019,register,official_total,19151.58627606,computed,,nominal,20260910T102726Z,ggfiscal.debt.chains,,B,
DEU,2019,A_cg_cash_requirement,carried_from_previous_step,19151.58627606,computed,,,20260910T102726Z,ggfiscal.debt.chains,,B,
DEU,2019,A_cg_cash_requirement,out_of_register_geldmarkt,0.0,official,BMF_DATENPORTAL,cash,20260910T102726Z,ggfiscal.debt.chains,,A,
DEU,2019,A_cg_cash_requirement,out_of_register_schuldschein,-945.0,official,BMF_DATENPORTAL,cash,20260910T102726Z,ggfiscal.debt.chains,,A,
DEU,2019,A_cg_cash_requirement,less_sondervermoegen_ausgleichsfonds_steinkohle,-0.0,official,BMF_DATENPORTAL,cash,20260910T102726Z,ggfiscal.debt.chains,,A,
DEU,2019,A_cg_cash_requirement,less_sondervermoegen_bundeseisenbahnvermogen,-0.0,official,BMF_DATENPORTAL,cash,20260910T102726Z,ggfiscal.debt.chains,,A,
DEU,2019,A_cg_cash_requirement,less_sondervermoegen_entschadigungsfonds,-0.0,official,BMF_DATENPORTAL,cash,20260910T102726Z,ggfiscal.debt.chains,,A,
DEU,2019,A_cg_cash_requirement,less_sondervermoegen_erblastentilgungsfonds,-0.0,official,BMF_DATENPORTAL,cash,20260910T102726Z,ggfiscal.debt.chains,,A,
DEU,2019,A_cg_cash_requirement,less_sondervermoegen_erp_sondervermogen,-0.0,official,BMF_DATENPORTAL,cash,20260910T102726Z,ggfiscal.debt.chains,,A,
DEU,2019,A_cg_cash_requirement,less_sondervermoegen_finanzmarktstabilisierungsfonds_kredite_fur_abwicklungsanstalten_gem_9_abs_5_stfg,-25000.0,official,BMF_DATENPORTAL,cash,20260910T102726Z,ggfiscal.debt.chains,,A,
DEU,2019,A_cg_cash_requirement,less_sondervermoegen_finanzmarktstabilisierungsfonds_kredite_fur_aufwendungen_gem_9_abs_1_stfg,-70.00081200000022,official,BMF_DATENPORTAL,cash,20260910T102726Z,ggfiscal.debt.chains,,A,
DEU,2019,A_cg_cash_requirement,less_sondervermoegen_fonds_deutsche_einheit,-0.0,official,BMF_DATENPORTAL,cash,20260910T102726Z,ggfiscal.debt.chains,,A,
DEU,2019,A_cg_cash_requirement,less_sondervermoegen_investitions_und_tilgungsfonds,-133.9940200000001,official,BMF_DATENPORTAL,cash,20260910T102726Z,ggfiscal.debt.chains,,A,
DEU,2019,A_cg_cash_requirement,less_sondervermoegen_lastenausgleichsfonds,-0.0,official,BMF_DATENPORTAL,cash,20260910T102726Z,ggfiscal.debt.chains,,A,
DEU,2019,A_cg_cash_requirement,less_sondervermoegen_restrukturierungsfonds,-0.0,official,BMF_DATENPORTAL,cash,20260910T102726Z,ggfiscal.debt.chains,,A,
DEU,2019,A_cg_cash_requirement,less_sondervermoegen_sondervermogen_bundeswehr,-0.0,official,BMF_DATENPORTAL,cash,20260910T102726Z,ggfiscal.debt.chains,,A,
DEU,2019,A_cg_cash_requirement,less_sondervermoegen_sondervermogen_infrastruktur_und_klimaneutralitat,-0.0,official,BMF_DATENPORTAL,cash,20260910T102726Z,ggfiscal.debt.chains,,A,
DEU,2019,A_cg_cash_requirement,less_sondervermoegen_wirtschaftsstabilisierungsfonds_kredite_fur_die_kreditanstalt_fur_wiederaufbau_gem_23_stfg,-0.0,official,BMF_DATENPORTAL,cash,20260910T102726Z,ggfiscal.debt.chains,,A,
DEU,2019,A_cg_cash_requirement,less_sondervermoegen_wirtschaftsstabilisierungsfonds_kredite_fur_die_kreditanstalt_fur_wiederaufbau_gem_26a_abs_1_nr_5_stfg,-0.0,official,BMF_DATENPORTAL,cash,20260910T102726Z,ggfiscal.debt.chains,,A,
DEU,2019,A_cg_cash_requirement,less_sondervermoegen_wirtschaftsstabilisierungsfonds_kredite_fur_rekapitalisierungsmanahmen_gem_22_stfg,-0.0,official,BMF_DATENPORTAL,cash,20260910T102726Z,ggfiscal.debt.chains,,A,
DEU,2019,A_cg_cash_requirement,less_sondervermoegen_wirtschaftsstabilisierungsfonds_kredite_zur_abfederung_der_folgen_der_energiekrise_gem_26a_stfg_ohne_darlehensgewahrung,-0.0,official,BMF_DATENPORTAL,cash,20260910T102726Z,ggfiscal.debt.chains,,A,
DEU,2019,A_cg_cash_requirement,out_of_register_sonstige_kredite,-1.516971,official,BMF_DATENPORTAL,cash,20260910T102726Z,ggfiscal.debt.chains,,A,
DEU,2019,A_cg_cash_requirement,nka_3_2_sonstige_einnahmen_zur_schuldentilgung_a,0.051979410000000004,official,BMF_KREDITAUFNAHMEBERICHT,cash,20260910T102726Z,ggfiscal.debt.chains,,A,
DEU,2019,A_cg_cash_requirement,nka_3_4_eigenbestandsveranderung_marktpfege,-1867.97846685,official,BMF_KREDITAUFNAHMEBERICHT,cash,20260910T102726Z,ggfiscal.debt.chains,,A,
DEU,2019,A_cg_cash_requirement,nka_3_5_selbstbewirtschaftungsmittel,28.40018597,official,BMF_KREDITAUFNAHMEBERICHT,cash,20260910T102726Z,ggfiscal.debt.chains,,A,
DEU,2019,A_cg_cash_requirement,nka_3_6_sondervermogen_vorsorge_fur_schlusszahlu,1037.5645,official,BMF_KREDITAUFNAHMEBERICHT,cash,20260910T102726Z,ggfiscal.debt.chains,,A,
DEU,2019,A_cg_cash_requirement,nka_3_7_sondervermogen_kinderbetreuungsausbau,1.42606902,official,BMF_KREDITAUFNAHMEBERICHT,cash,20260910T102726Z,ggfiscal.debt.chains,,A,
DEU,2019,A_cg_cash_requirement,nka_3_8_sondervermogen_aufbauhilfe,-514.23225975,official,BMF_KREDITAUFNAHMEBERICHT,cash,20260910T102726Z,ggfiscal.debt.chains,,A,
DEU,2019,A_cg_cash_requirement,nka_3_9_sondervermogen_kommunalinvestitionsforde,-852.65689003,official,BMF_KREDITAUFNAHMEBERICHT,cash,20260910T102726Z,ggfiscal.debt.chains,,A,
DEU,2019,A_cg_cash_requirement,nka_3_10_sondervermogen_energie_und_klimafonds,1768.73185474,official,BMF_KREDITAUFNAHMEBERICHT,cash,20260910T102726Z,ggfiscal.debt.chains,,A,
DEU,2019,A_cg_cash_requirement,nka_3_11_rucklage_asylbewerber_und_fluchtlinge,13047.58832903,official,BMF_KREDITAUFNAHMEBERICHT,cash,20260910T102726Z,ggfiscal.debt.chains,,A,
DEU,2019,A_cg_cash_requirement,nka_3_12_sondervermogen_digitale_infrastruktur,320.75104546,official,BMF_KREDITAUFNAHMEBERICHT,cash,20260910T102726Z,ggfiscal.debt.chains,,A,
DEU,2019,A_cg_cash_requirement,nka_3_13_rucklage_zur_gewahrung_uberjahriger_plan,500.0,official,BMF_KREDITAUFNAHMEBERICHT,cash,20260910T102726Z,ggfiscal.debt.chains,,A,
DEU,2019,A_cg_cash_requirement,nka_3_14_umbuchung_zum_haushaltsausgleich_gema_de,1758.1814691099999,official,BMF_KREDITAUFNAHMEBERICHT,cash,20260910T102726Z,ggfiscal.debt.chains,,A,
DEU,2019,A_cg_cash_requirement,own_holdings_change,-2182.3947899999985,official,BMF_DATENPORTAL,nominal,20260910T102726Z,ggfiscal.debt.chains,,A,
DEU,2019,A_cg_cash_requirement,official_total,0.0,official,BMF_DATENPORTAL,cash,20260910T102726Z,ggfiscal.debt.chains,,A,
DEU,2019,A_cg_cash_requirement,residual,-6046.50749917,residual,,cash,20260910T102726Z,ggfiscal.debt.chains,,B,
DEU,2019,B_s1311_b9,carried_from_previous_step,0.0,computed,,,20260910T102726Z,ggfiscal.debt.chains,,B,
DEU,2019,B_s1311_b9,special_funds_net_borrowing_added_back,25203.994831999997,official,BMF_DATENPORTAL,cash,20260910T102726Z,ggfiscal.debt.chains,,A,
DEU,2019,B_s1311_b9,official_total,-18184.0,official,EUROSTAT_GOV10A_MAIN_S1311,"accrued, net borrowing = -B.9",20260910T102726Z,ggfiscal.debt.chains,,A,
DEU,2019,B_s1311_b9,residual,-43387.994832,residual,,"accrued, net borrowing = -B.9",20260910T102726Z,ggfiscal.debt.chains,,B,
DEU,2019,C_s13_nlb,carried_from_previous_step,-18184.0,computed,,,20260910T102726Z,ggfiscal.debt.chains,,B,
DEU,2019,C_s13_nlb,state_government_net_borrowing,-12856.0,official,EUROSTAT_GOV10A_MAIN_S1311,"accrued, net borrowing = -B.9",20260910T102726Z,ggfiscal.debt.chains,,A,
DEU,2019,C_s13_nlb,local_government_net_borrowing,-6979.0,official,EUROSTAT_GOV10A_MAIN_S1311,"accrued, net borrowing = -B.9",20260910T102726Z,ggfiscal.debt.chains,,A,
DEU,2019,C_s13_nlb,social_security_funds_net_borrowing,-8930.0,official,EUROSTAT_GOV10A_MAIN_S1311,"accrued, net borrowing = -B.9",20260910T102726Z,ggfiscal.debt.chains,,A,
DEU,2019,C_s13_nlb,official_total,-46949.0,official,package_NLB,"accrued, net borrowing = -B.9",20260910T102726Z,ggfiscal.debt.chains,,A,
DEU,2019,C_s13_nlb,residual,0.0,residual,,"accrued, net borrowing = -B.9",20260910T102726Z,ggfiscal.debt.chains,,B,
DEU,2020,register,sum_bill,102000.0,computed,ggfiscal.debt.register,nominal,20260910T102726Z,ggfiscal.debt.chains,,A,computed from the per-security register (debt_interest_by_security / debt_flows)
DEU,2020,register,sum_fixed_bullet,222500.0,computed,ggfiscal.debt.register,nominal,20260910T102726Z,ggfiscal.debt.chains,,A,computed from the per-security register (debt_interest_by_security / debt_flows)
DEU,2020,register,sum_inflation_linked,-10500.0,computed,ggfiscal.debt.register,nominal,20260910T102726Z,ggfiscal.debt.chains,,A,computed from the per-security register (debt_interest_by_security / debt_flows)
DEU,2020,register,official_total,314000.0,computed,,nominal,20260910T102726Z,ggfiscal.debt.chains,,B,
DEU,2020,A_cg_cash_requirement,carried_from_previous_step,314000.0,computed,,,20260910T102726Z,ggfiscal.debt.chains,,B,
DEU,2020,A_cg_cash_requirement,out_of_register_geldmarkt,0.0,official,BMF_DATENPORTAL,cash,20260910T102726Z,ggfiscal.debt.chains,,A,
DEU,2020,A_cg_cash_requirement,out_of_register_schuldschein,-598.0,official,BMF_DATENPORTAL,cash,20260910T102726Z,ggfiscal.debt.chains,,A,
DEU,2020,A_cg_cash_requirement,less_sondervermoegen_ausgleichsfonds_steinkohle,-0.0,official,BMF_DATENPORTAL,cash,20260910T102726Z,ggfiscal.debt.chains,,A,
DEU,2020,A_cg_cash_requirement,less_sondervermoegen_bundeseisenbahnvermogen,-0.0,official,BMF_DATENPORTAL,cash,20260910T102726Z,ggfiscal.debt.chains,,A,
DEU,2020,A_cg_cash_requirement,less_sondervermoegen_entschadigungsfonds,-0.0,official,BMF_DATENPORTAL,cash,20260910T102726Z,ggfiscal.debt.chains,,A,
DEU,2020,A_cg_cash_requirement,less_sondervermoegen_erblastentilgungsfonds,-0.0,official,BMF_DATENPORTAL,cash,20260910T102726Z,ggfiscal.debt.chains,,A,
DEU,2020,A_cg_cash_requirement,less_sondervermoegen_erp_sondervermogen,-0.0,official,BMF_DATENPORTAL,cash,20260910T102726Z,ggfiscal.debt.chains,,A,
DEU,2020,A_cg_cash_requirement,less_sondervermoegen_finanzmarktstabilisierungsfonds_kredite_fur_abwicklungsanstalten_gem_9_abs_5_stfg,-5000.0,official,BMF_DATENPORTAL,cash,20260910T102726Z,ggfiscal.debt.chains,,A,
DEU,2020,A_cg_cash_requirement,less_sondervermoegen_finanzmarktstabilisierungsfonds_kredite_fur_aufwendungen_gem_9_abs_1_stfg,-91.34341499999937,official,BMF_DATENPORTAL,cash,20260910T102726Z,ggfiscal.debt.chains,,A,
DEU,2020,A_cg_cash_requirement,less_sondervermoegen_fonds_deutsche_einheit,-0.0,official,BMF_DATENPORTAL,cash,20260910T102726Z,ggfiscal.debt.chains,,A,
DEU,2020,A_cg_cash_requirement,less_sondervermoegen_investitions_und_tilgungsfonds,3156.613882,official,BMF_DATENPORTAL,cash,20260910T102726Z,ggfiscal.debt.chains,,A,
DEU,2020,A_cg_cash_requirement,less_sondervermoegen_lastenausgleichsfonds,-0.0,official,BMF_DATENPORTAL,cash,20260910T102726Z,ggfiscal.debt.chains,,A,
DEU,2020,A_cg_cash_requirement,less_sondervermoegen_restrukturierungsfonds,-0.0,official,BMF_DATENPORTAL,cash,20260910T102726Z,ggfiscal.debt.chains,,A,
DEU,2020,A_cg_cash_requirement,less_sondervermoegen_sondervermogen_bundeswehr,-0.0,official,BMF_DATENPORTAL,cash,20260910T102726Z,ggfiscal.debt.chains,,A,
DEU,2020,A_cg_cash_requirement,less_sondervermoegen_sondervermogen_infrastruktur_und_klimaneutralitat,-0.0,official,BMF_DATENPORTAL,cash,20260910T102726Z,ggfiscal.debt.chains,,A,
DEU,2020,A_cg_cash_requirement,less_sondervermoegen_wirtschaftsstabilisierungsfonds_kredite_fur_die_kreditanstalt_fur_wiederaufbau_gem_23_stfg,-38032.008035,official,BMF_DATENPORTAL,cash,20260910T102726Z,ggfiscal.debt.chains,,A,
DEU,2020,A_cg_cash_requirement,less_sondervermoegen_wirtschaftsstabilisierungsfonds_kredite_fur_die_kreditanstalt_fur_wiederaufbau_gem_26a_abs_1_nr_5_stfg,-0.0,official,BMF_DATENPORTAL,cash,20260910T102726Z,ggfiscal.debt.chains,,A,
DEU,2020,A_cg_cash_requirement,less_sondervermoegen_wirtschaftsstabilisierungsfonds_kredite_fur_rekapitalisierungsmanahmen_gem_22_stfg,-1828.061956,official,BMF_DATENPORTAL,cash,20260910T102726Z,ggfiscal.debt.chains,,A,
DEU,2020,A_cg_cash_requirement,less_sondervermoegen_wirtschaftsstabilisierungsfonds_kredite_zur_abfederung_der_folgen_der_energiekrise_gem_26a_stfg_ohne_darlehensgewahrung,-0.0,official,BMF_DATENPORTAL,cash,20260910T102726Z,ggfiscal.debt.chains,,A,
DEU,2020,A_cg_cash_requirement,out_of_register_sonstige_kredite,0.0,official,BMF_DATENPORTAL,cash,20260910T102726Z,ggfiscal.debt.chains,,A,
DEU,2020,A_cg_cash_requirement,nka_3_2_sonstige_einnahmen_zur_schuldentilgung_a,0.049482120000000004,official,BMF_KREDITAUFNAHMEBERICHT,cash,20260910T102726Z,ggfiscal.debt.chains,,A,
DEU,2020,A_cg_cash_requirement,nka_3_4_eigenbestandsveranderung_marktpflege,0.0,official,BMF_KREDITAUFNAHMEBERICHT,cash,20260910T102726Z,ggfiscal.debt.chains,,A,
DEU,2020,A_cg_cash_requirement,nka_3_5_selbstbewirtschaftungsmittel,1351.1587096300002,official,BMF_KREDITAUFNAHMEBERICHT,cash,20260910T102726Z,ggfiscal.debt.chains,,A,
DEU,2020,A_cg_cash_requirement,nka_3_6_sondervermogen_vorsorge_fur_schlusszahlu,-999.7445,official,BMF_KREDITAUFNAHMEBERICHT,cash,20260910T102726Z,ggfiscal.debt.chains,,A,
DEU,2020,A_cg_cash_requirement,nka_3_7_sondervermogen_kinderbetreuungsausbau_un,436.61758906,official,BMF_KREDITAUFNAHMEBERICHT,cash,20260910T102726Z,ggfiscal.debt.chains,,A,
DEU,2020,A_cg_cash_requirement,nka_3_8_sondervermogen_ausbau_ganztagiger_bildun,2500.0,official,BMF_KREDITAUFNAHMEBERICHT,cash,20260910T102726Z,ggfiscal.debt.chains,,A,
DEU,2020,A_cg_cash_requirement,nka_3_9_sondervermogen_aufbauhilfe,-403.22611889999996,official,BMF_KREDITAUFNAHMEBERICHT,cash,20260910T102726Z,ggfiscal.debt.chains,,A,
DEU,2020,A_cg_cash_requirement,nka_3_10_sondervermogen_kommunalinvestitionsforde,-984.44407745,official,BMF_KREDITAUFNAHMEBERICHT,cash,20260910T102726Z,ggfiscal.debt.chains,,A,
DEU,2020,A_cg_cash_requirement,nka_3_11_sondervermogen_energie_und_klimafonds,25262.41926315,official,BMF_KREDITAUFNAHMEBERICHT,cash,20260910T102726Z,ggfiscal.debt.chains,,A,
DEU,2020,A_cg_cash_requirement,nka_3_12_sondervermogen_digitale_infrastruktur,1314.9889395799999,official,BMF_KREDITAUFNAHMEBERICHT,cash,20260910T102726Z,ggfiscal.debt.chains,,A,
DEU,2020,A_cg_cash_requirement,nka_3_13_rucklage,0.0,official,BMF_KREDITAUFNAHMEBERICHT,cash,20260910T102726Z,ggfiscal.debt.chains,,A,
DEU,2020,A_cg_cash_requirement,nka_3_14_rucklage_zur_gewahrung_uberjahriger_plan,0.0,official,BMF_KREDITAUFNAHMEBERICHT,cash,20260910T102726Z,ggfiscal.debt.chains,,A,
DEU,2020,A_cg_cash_requirement,nka_3_15_umbuchung_zum_haushaltsausgleich_gema_de,-49941.60102729,official,BMF_KREDITAUFNAHMEBERICHT,cash,20260910T102726Z,ggfiscal.debt.chains,,A,
DEU,2020,A_cg_cash_requirement,own_holdings_change,-119320.21649700002,official,BMF_DATENPORTAL,nominal,20260910T102726Z,ggfiscal.debt.chains,,A,
DEU,2020,A_cg_cash_requirement,official_total,130464.48318883,official,BMF_DATENPORTAL,cash,20260910T102726Z,ggfiscal.debt.chains,,A,
DEU,2020,A_cg_cash_requirement,residual,-358.71905007000896,residual,,cash,20260910T102726Z,ggfiscal.debt.chains,,B,
DEU,2020,B_s1311_b9,carried_from_previous_step,130464.48318883,computed,,,20260910T102726Z,ggfiscal.debt.chains,,B,
DEU,2020,B_s1311_b9,special_funds_net_borrowing_added_back,41794.799523999995,official,BMF_DATENPORTAL,cash,20260910T102726Z,ggfiscal.debt.chains,,A,
DEU,2020,B_s1311_b9,official_total,91289.0,official,EUROSTAT_GOV10A_MAIN_S1311,"accrued, net borrowing = -B.9",20260910T102726Z,ggfiscal.debt.chains,,A,
DEU,2020,B_s1311_b9,residual,-80970.28271283,residual,,"accrued, net borrowing = -B.9",20260910T102726Z,ggfiscal.debt.chains,,B,
DEU,2020,C_s13_nlb,carried_from_previous_step,91289.0,computed,,,20260910T102726Z,ggfiscal.debt.chains,,B,
DEU,2020,C_s13_nlb,state_government_net_borrowing,31299.0,official,EUROSTAT_GOV10A_MAIN_S1311,"accrued, net borrowing = -B.9",20260910T102726Z,ggfiscal.debt.chains,,A,
DEU,2020,C_s13_nlb,local_government_net_borrowing,-6324.0,official,EUROSTAT_GOV10A_MAIN_S1311,"accrued, net borrowing = -B.9",20260910T102726Z,ggfiscal.debt.chains,,A,
DEU,2020,C_s13_nlb,social_security_funds_net_borrowing,34867.0,official,EUROSTAT_GOV10A_MAIN_S1311,"accrued, net borrowing = -B.9",20260910T102726Z,ggfiscal.debt.chains,,A,
DEU,2020,C_s13_nlb,official_total,151131.0,official,package_NLB,"accrued, net borrowing = -B.9",20260910T102726Z,ggfiscal.debt.chains,,A,
DEU,2020,C_s13_nlb,residual,0.0,residual,,"accrued, net borrowing = -B.9",20260910T102726Z,ggfiscal.debt.chains,,B,
DEU,2021,register,sum_bill,108000.0,computed,ggfiscal.debt.register,nominal,20260910T102726Z,ggfiscal.debt.chains,,A,computed from the per-security register (debt_interest_by_security / debt_flows)
DEU,2021,register,sum_fixed_bullet,97500.0,computed,ggfiscal.debt.register,nominal,20260910T102726Z,ggfiscal.debt.chains,,A,computed from the per-security register (debt_interest_by_security / debt_flows)
DEU,2021,register,sum_inflation_linked,7700.0,computed,ggfiscal.debt.register,nominal,20260910T102726Z,ggfiscal.debt.chains,,A,computed from the per-security register (debt_interest_by_security / debt_flows)
DEU,2021,register,official_total,213200.0,computed,,nominal,20260910T102726Z,ggfiscal.debt.chains,,B,
DEU,2021,A_cg_cash_requirement,carried_from_previous_step,213200.0,computed,,,20260910T102726Z,ggfiscal.debt.chains,,B,
DEU,2021,A_cg_cash_requirement,out_of_register_geldmarkt,0.0,official,BMF_DATENPORTAL,cash,20260910T102726Z,ggfiscal.debt.chains,,A,
DEU,2021,A_cg_cash_requirement,out_of_register_schuldschein,-507.0,official,BMF_DATENPORTAL,cash,20260910T102726Z,ggfiscal.debt.chains,,A,
DEU,2021,A_cg_cash_requirement,less_sondervermoegen_ausgleichsfonds_steinkohle,-0.0,official,BMF_DATENPORTAL,cash,20260910T102726Z,ggfiscal.debt.chains,,A,
DEU,2021,A_cg_cash_requirement,less_sondervermoegen_bundeseisenbahnvermogen,-0.0,official,BMF_DATENPORTAL,cash,20260910T102726Z,ggfiscal.debt.chains,,A,
DEU,2021,A_cg_cash_requirement,less_sondervermoegen_entschadigungsfonds,-0.0,official,BMF_DATENPORTAL,cash,20260910T102726Z,ggfiscal.debt.chains,,A,
DEU,2021,A_cg_cash_requirement,less_sondervermoegen_erblastentilgungsfonds,-0.0,official,BMF_DATENPORTAL,cash,20260910T102726Z,ggfiscal.debt.chains,,A,
DEU,2021,A_cg_cash_requirement,less_sondervermoegen_erp_sondervermogen,-0.0,official,BMF_DATENPORTAL,cash,20260910T102726Z,ggfiscal.debt.chains,,A,
DEU,2021,A_cg_cash_requirement,less_sondervermoegen_finanzmarktstabilisierungsfonds_kredite_fur_abwicklungsanstalten_gem_9_abs_5_stfg,-25000.0,official,BMF_DATENPORTAL,cash,20260910T102726Z,ggfiscal.debt.chains,,A,
DEU,2021,A_cg_cash_requirement,less_sondervermoegen_finanzmarktstabilisierungsfonds_kredite_fur_aufwendungen_gem_9_abs_1_stfg,37.1842859999997,official,BMF_DATENPORTAL,cash,20260910T102726Z,ggfiscal.debt.chains,,A,
DEU,2021,A_cg_cash_requirement,less_sondervermoegen_fonds_deutsche_einheit,-0.0,official,BMF_DATENPORTAL,cash,20260910T102726Z,ggfiscal.debt.chains,,A,
DEU,2021,A_cg_cash_requirement,less_sondervermoegen_investitions_und_tilgungsfonds,-67.6472359999998,official,BMF_DATENPORTAL,cash,20260910T102726Z,ggfiscal.debt.chains,,A,
DEU,2021,A_cg_cash_requirement,less_sondervermoegen_lastenausgleichsfonds,-0.0,official,BMF_DATENPORTAL,cash,20260910T102726Z,ggfiscal.debt.chains,,A,
DEU,2021,A_cg_cash_requirement,less_sondervermoegen_restrukturierungsfonds,-0.0,official,BMF_DATENPORTAL,cash,20260910T102726Z,ggfiscal.debt.chains,,A,
DEU,2021,A_cg_cash_requirement,less_sondervermoegen_sondervermogen_bundeswehr,-0.0,official,BMF_DATENPORTAL,cash,20260910T102726Z,ggfiscal.debt.chains,,A,
DEU,2021,A_cg_cash_requirement,less_sondervermoegen_sondervermogen_infrastruktur_und_klimaneutralitat,-0.0,official,BMF_DATENPORTAL,cash,20260910T102726Z,ggfiscal.debt.chains,,A,
DEU,2021,A_cg_cash_requirement,less_sondervermoegen_wirtschaftsstabilisierungsfonds_kredite_fur_die_kreditanstalt_fur_wiederaufbau_gem_23_stfg,2619.1370399999996,official,BMF_DATENPORTAL,cash,20260910T102726Z,ggfiscal.debt.chains,,A,
DEU,2021,A_cg_cash_requirement,less_sondervermoegen_wirtschaftsstabilisierungsfonds_kredite_fur_die_kreditanstalt_fur_wiederaufbau_gem_26a_abs_1_nr_5_stfg,-0.0,official,BMF_DATENPORTAL,cash,20260910T102726Z,ggfiscal.debt.chains,,A,
DEU,2021,A_cg_cash_requirement,less_sondervermoegen_wirtschaftsstabilisierungsfonds_kredite_fur_rekapitalisierungsmanahmen_gem_22_stfg,-850.8600590000005,official,BMF_DATENPORTAL,cash,20260910T102726Z,ggfiscal.debt.chains,,A,
DEU,2021,A_cg_cash_requirement,less_sondervermoegen_wirtschaftsstabilisierungsfonds_kredite_zur_abfederung_der_folgen_der_energiekrise_gem_26a_stfg_ohne_darlehensgewahrung,-0.0,official,BMF_DATENPORTAL,cash,20260910T102726Z,ggfiscal.debt.chains,,A,
DEU,2021,A_cg_cash_requirement,out_of_register_sonstige_kredite,0.0,official,BMF_DATENPORTAL,cash,20260910T102726Z,ggfiscal.debt.chains,,A,
DEU,2021,A_cg_cash_requirement,nka_3_2_sonstige_einnahmen_zur_schuldentilgung_a,0.06398854,official,BMF_KREDITAUFNAHMEBERICHT,cash,20260910T102726Z,ggfiscal.debt.chains,,A,
DEU,2021,A_cg_cash_requirement,nka_3_4_eigenbestandsveranderung_marktpflege,0.0,official,BMF_KREDITAUFNAHMEBERICHT,cash,20260910T102726Z,ggfiscal.debt.chains,,A,
DEU,2021,A_cg_cash_requirement,nka_3_5_selbstbewirtschaftungsmittel,948.04692558,official,BMF_KREDITAUFNAHMEBERICHT,cash,20260910T102726Z,ggfiscal.debt.chains,,A,
DEU,2021,A_cg_cash_requirement,nka_3_6_sondervermogen_vorsorge_fur_schlusszahlu,763.425,official,BMF_KREDITAUFNAHMEBERICHT,cash,20260910T102726Z,ggfiscal.debt.chains,,A,
DEU,2021,A_cg_cash_requirement,nka_3_7_sondervermogen_kinderbetreuungsausbau,143.17806033000002,official,BMF_KREDITAUFNAHMEBERICHT,cash,20260910T102726Z,ggfiscal.debt.chains,,A,
DEU,2021,A_cg_cash_requirement,nka_3_8_sondervermogen_ausbau_ganztagiger_bildun,519.41754256,official,BMF_KREDITAUFNAHMEBERICHT,cash,20260910T102726Z,ggfiscal.debt.chains,,A,
DEU,2021,A_cg_cash_requirement,nka_3_9_sondervermogen_aufbauhilfe_2013,-248.73232699000002,official,BMF_KREDITAUFNAHMEBERICHT,cash,20260910T102726Z,ggfiscal.debt.chains,,A,
DEU,2021,A_cg_cash_requirement,nka_3_10_sondervermogen_aufbauhilfe_2021,15612.188784700002,official,BMF_KREDITAUFNAHMEBERICHT,cash,20260910T102726Z,ggfiscal.debt.chains,,A,
DEU,2021,A_cg_cash_requirement,nka_3_11_sondervermogen_kommunalinvestitionsforde,-1013.24140116,official,BMF_KREDITAUFNAHMEBERICHT,cash,20260910T102726Z,ggfiscal.debt.chains,,A,
DEU,2021,A_cg_cash_requirement,nka_3_12_sondervermogen_energie_und_klimafonds,53910.459875709996,official,BMF_KREDITAUFNAHMEBERICHT,cash,20260910T102726Z,ggfiscal.debt.chains,,A,
DEU,2021,A_cg_cash_requirement,nka_3_13_sondervermogen_digitale_infrastruktur,217.41529581,official,BMF_KREDITAUFNAHMEBERICHT,cash,20260910T102726Z,ggfiscal.debt.chains,,A,
DEU,2021,A_cg_cash_requirement,nka_3_14_rucklage,0.0,official,BMF_KREDITAUFNAHMEBERICHT,cash,20260910T102726Z,ggfiscal.debt.chains,,A,
DEU,2021,A_cg_cash_requirement,nka_3_15_rucklage_zur_gewahrung_uberjahriger_plan,0.0,official,BMF_KREDITAUFNAHMEBERICHT,cash,20260910T102726Z,ggfiscal.debt.chains,,A,
DEU,2021,A_cg_cash_requirement,nka_3_16_umbuchung_zum_haushaltsausgleich_gema_de,1370.19131216,official,BMF_KREDITAUFNAHMEBERICHT,cash,20260910T102726Z,ggfiscal.debt.chains,,A,
DEU,2021,A_cg_cash_requirement,own_holdings_change,20315.32036500002,official,BMF_DATENPORTAL,nominal,20260910T102726Z,ggfiscal.debt.chains,,A,
DEU,2021,A_cg_cash_requirement,official_total,215378.83385097,official,BMF_DATENPORTAL,cash,20260910T102726Z,ggfiscal.debt.chains,,A,
DEU,2021,A_cg_cash_requirement,residual,-66589.71360227003,residual,,cash,20260910T102726Z,ggfiscal.debt.chains,,B,
DEU,2021,B_s1311_b9,carried_from_previous_step,215378.83385097,computed,,,20260910T102726Z,ggfiscal.debt.chains,,B,
DEU,2021,B_s1311_b9,special_funds_net_borrowing_added_back,23262.185969,official,BMF_DATENPORTAL,cash,20260910T102726Z,ggfiscal.debt.chains,,A,
DEU,2021,B_s1311_b9,official_total,132057.0,official,EUROSTAT_GOV10A_MAIN_S1311,"accrued, net borrowing = -B.9",20260910T102726Z,ggfiscal.debt.chains,,A,
DEU,2021,B_s1311_b9,residual,-106584.01981997001,residual,,"accrued, net borrowing = -B.9",20260910T102726Z,ggfiscal.debt.chains,,B,
DEU,2021,C_s13_nlb,carried_from_previous_step,132057.0,computed,,,20260910T102726Z,ggfiscal.debt.chains,,B,
DEU,2021,C_s13_nlb,state_government_net_borrowing,-6508.0,official,EUROSTAT_GOV10A_MAIN_S1311,"accrued, net borrowing = -B.9",20260910T102726Z,ggfiscal.debt.chains,,A,
DEU,2021,C_s13_nlb,local_government_net_borrowing,-6483.0,official,EUROSTAT_GOV10A_MAIN_S1311,"accrued, net borrowing = -B.9",20260910T102726Z,ggfiscal.debt.chains,,A,
DEU,2021,C_s13_nlb,social_security_funds_net_borrowing,-2436.0,official,EUROSTAT_GOV10A_MAIN_S1311,"accrued, net borrowing = -B.9",20260910T102726Z,ggfiscal.debt.chains,,A,
DEU,2021,C_s13_nlb,official_total,116630.0,official,package_NLB,"accrued, net borrowing = -B.9",20260910T102726Z,ggfiscal.debt.chains,,A,
DEU,2021,C_s13_nlb,residual,0.0,residual,,"accrued, net borrowing = -B.9",20260910T102726Z,ggfiscal.debt.chains,,B,
DEU,2022,register,sum_bill,65500.0,computed,ggfiscal.debt.register,nominal,20260910T102726Z,ggfiscal.debt.chains,,A,computed from the per-security register (debt_interest_by_security / debt_flows)
DEU,2022,register,sum_fixed_bullet,126000.0,computed,ggfiscal.debt.register,nominal,20260910T102726Z,ggfiscal.debt.chains,,A,computed from the per-security register (debt_interest_by_security / debt_flows)
DEU,2022,register,sum_inflation_linked,7250.0,computed,ggfiscal.debt.register,nominal,20260910T102726Z,ggfiscal.debt.chains,,A,computed from the per-security register (debt_interest_by_security / debt_flows)
DEU,2022,register,official_total,198750.0,computed,,nominal,20260910T102726Z,ggfiscal.debt.chains,,B,
DEU,2022,A_cg_cash_requirement,carried_from_previous_step,198750.0,computed,,,20260910T102726Z,ggfiscal.debt.chains,,B,
DEU,2022,A_cg_cash_requirement,out_of_register_geldmarkt,36555.644006,official,BMF_DATENPORTAL,cash,20260910T102726Z,ggfiscal.debt.chains,,A,
DEU,2022,A_cg_cash_requirement,out_of_register_schuldschein,-335.024925,official,BMF_DATENPORTAL,cash,20260910T102726Z,ggfiscal.debt.chains,,A,
DEU,2022,A_cg_cash_requirement,less_sondervermoegen_ausgleichsfonds_steinkohle,-0.0,official,BMF_DATENPORTAL,cash,20260910T102726Z,ggfiscal.debt.chains,,A,
DEU,2022,A_cg_cash_requirement,less_sondervermoegen_bundeseisenbahnvermogen,-0.0,official,BMF_DATENPORTAL,cash,20260910T102726Z,ggfiscal.debt.chains,,A,
DEU,2022,A_cg_cash_requirement,less_sondervermoegen_entschadigungsfonds,-0.0,official,BMF_DATENPORTAL,cash,20260910T102726Z,ggfiscal.debt.chains,,A,
DEU,2022,A_cg_cash_requirement,less_sondervermoegen_erblastentilgungsfonds,-0.0,official,BMF_DATENPORTAL,cash,20260910T102726Z,ggfiscal.debt.chains,,A,
DEU,2022,A_cg_cash_requirement,less_sondervermoegen_erp_sondervermogen,-0.0,official,BMF_DATENPORTAL,cash,20260910T102726Z,ggfiscal.debt.chains,,A,
DEU,2022,A_cg_cash_requirement,less_sondervermoegen_finanzmarktstabilisierungsfonds_kredite_fur_abwicklungsanstalten_gem_9_abs_5_stfg,-4400.0,official,BMF_DATENPORTAL,cash,20260910T102726Z,ggfiscal.debt.chains,,A,
DEU,2022,A_cg_cash_requirement,less_sondervermoegen_finanzmarktstabilisierungsfonds_kredite_fur_aufwendungen_gem_9_abs_1_stfg,-189.82168600000023,official,BMF_DATENPORTAL,cash,20260910T102726Z,ggfiscal.debt.chains,,A,
DEU,2022,A_cg_cash_requirement,less_sondervermoegen_fonds_deutsche_einheit,-0.0,official,BMF_DATENPORTAL,cash,20260910T102726Z,ggfiscal.debt.chains,,A,
DEU,2022,A_cg_cash_requirement,less_sondervermoegen_investitions_und_tilgungsfonds,-168.2606590000005,official,BMF_DATENPORTAL,cash,20260910T102726Z,ggfiscal.debt.chains,,A,
DEU,2022,A_cg_cash_requirement,less_sondervermoegen_lastenausgleichsfonds,-0.0,official,BMF_DATENPORTAL,cash,20260910T102726Z,ggfiscal.debt.chains,,A,
DEU,2022,A_cg_cash_requirement,less_sondervermoegen_restrukturierungsfonds,-0.0,official,BMF_DATENPORTAL,cash,20260910T102726Z,ggfiscal.debt.chains,,A,
DEU,2022,A_cg_cash_requirement,less_sondervermoegen_sondervermogen_bundeswehr,-0.0,official,BMF_DATENPORTAL,cash,20260910T102726Z,ggfiscal.debt.chains,,A,
DEU,2022,A_cg_cash_requirement,less_sondervermoegen_sondervermogen_infrastruktur_und_klimaneutralitat,-0.0,official,BMF_DATENPORTAL,cash,20260910T102726Z,ggfiscal.debt.chains,,A,
DEU,2022,A_cg_cash_requirement,less_sondervermoegen_wirtschaftsstabilisierungsfonds_kredite_fur_die_kreditanstalt_fur_wiederaufbau_gem_23_stfg,-14914.628139999997,official,BMF_DATENPORTAL,cash,20260910T102726Z,ggfiscal.debt.chains,,A,
DEU,2022,A_cg_cash_requirement,less_sondervermoegen_wirtschaftsstabilisierungsfonds_kredite_fur_die_kreditanstalt_fur_wiederaufbau_gem_26a_abs_1_nr_5_stfg,-0.0,official,BMF_DATENPORTAL,cash,20260910T102726Z,ggfiscal.debt.chains,,A,
DEU,2022,A_cg_cash_requirement,less_sondervermoegen_wirtschaftsstabilisierungsfonds_kredite_fur_rekapitalisierungsmanahmen_gem_22_stfg,619.3679610000002,official,BMF_DATENPORTAL,cash,20260910T102726Z,ggfiscal.debt.chains,,A,
DEU,2022,A_cg_cash_requirement,less_sondervermoegen_wirtschaftsstabilisierungsfonds_kredite_zur_abfederung_der_folgen_der_energiekrise_gem_26a_stfg_ohne_darlehensgewahrung,-30224.653103,official,BMF_DATENPORTAL,cash,20260910T102726Z,ggfiscal.debt.chains,,A,
DEU,2022,A_cg_cash_requirement,out_of_register_sonstige_kredite,0.0,official,BMF_DATENPORTAL,cash,20260910T102726Z,ggfiscal.debt.chains,,A,
DEU,2022,A_cg_cash_requirement,nka_3_2_sonstige_einnahmen_zur_schuldentilgung_a,0.06074576,official,BMF_KREDITAUFNAHMEBERICHT,cash,20260910T102726Z,ggfiscal.debt.chains,,A,
DEU,2022,A_cg_cash_requirement,nka_3_4_eigenbestandsveranderung_marktpflege,0.0,official,BMF_KREDITAUFNAHMEBERICHT,cash,20260910T102726Z,ggfiscal.debt.chains,,A,
DEU,2022,A_cg_cash_requirement,nka_3_5_selbstbewirtschaftungsmittel,880.36097417,official,BMF_KREDITAUFNAHMEBERICHT,cash,20260910T102726Z,ggfiscal.debt.chains,,A,
DEU,2022,A_cg_cash_requirement,nka_3_6_sondervermogen_vorsorge_fur_schlusszahlu,4805.8875,official,BMF_KREDITAUFNAHMEBERICHT,cash,20260910T102726Z,ggfiscal.debt.chains,,A,
DEU,2022,A_cg_cash_requirement,nka_3_7_sondervermogen_kinderbetreuungsausbau,-357.53351055,official,BMF_KREDITAUFNAHMEBERICHT,cash,20260910T102726Z,ggfiscal.debt.chains,,A,
DEU,2022,A_cg_cash_requirement,nka_3_8_sondervermogen_ausbau_ganztagiger_bildun,-57.163353289999996,official,BMF_KREDITAUFNAHMEBERICHT,cash,20260910T102726Z,ggfiscal.debt.chains,,A,
DEU,2022,A_cg_cash_requirement,nka_3_9_sondervermogen_aufbauhilfe_2013,-168.25368898,official,BMF_KREDITAUFNAHMEBERICHT,cash,20260910T102726Z,ggfiscal.debt.chains,,A,
DEU,2022,A_cg_cash_requirement,nka_3_10_sondervermogen_aufbauhilfe_2021,-1571.44043452,official,BMF_KREDITAUFNAHMEBERICHT,cash,20260910T102726Z,ggfiscal.debt.chains,,A,
DEU,2022,A_cg_cash_requirement,nka_3_11_sondervermogen_kommunalinvestitionsforde,-738.3882459299999,official,BMF_KREDITAUFNAHMEBERICHT,cash,20260910T102726Z,ggfiscal.debt.chains,,A,
DEU,2022,A_cg_cash_requirement,nka_3_12_sondervermogen_klima_und_transformations,5340.52776445,official,BMF_KREDITAUFNAHMEBERICHT,cash,20260910T102726Z,ggfiscal.debt.chains,,A,
DEU,2022,A_cg_cash_requirement,nka_3_13_sondervermogen_digitale_infrastruktur,2118.68989254,official,BMF_KREDITAUFNAHMEBERICHT,cash,20260910T102726Z,ggfiscal.debt.chains,,A,
DEU,2022,A_cg_cash_requirement,nka_3_14_rucklage,0.0,official,BMF_KREDITAUFNAHMEBERICHT,cash,20260910T102726Z,ggfiscal.debt.chains,,A,
DEU,2022,A_cg_cash_requirement,nka_3_15_rucklage_zur_gewahrung_uberjahriger_plan,-500.0,official,BMF_KREDITAUFNAHMEBERICHT,cash,20260910T102726Z,ggfiscal.debt.chains,,A,
DEU,2022,A_cg_cash_requirement,nka_3_16_umbuchung_zum_haushaltsausgleich_gema_de,41649.006175589995,official,BMF_KREDITAUFNAHMEBERICHT,cash,20260910T102726Z,ggfiscal.debt.chains,,A,
DEU,2022,A_cg_cash_requirement,own_holdings_change,-39568.06689700001,official,BMF_DATENPORTAL,nominal,20260910T102726Z,ggfiscal.debt.chains,,A,
DEU,2022,A_cg_cash_requirement,official_total,115441.64839878,official,BMF_DATENPORTAL,cash,20260910T102726Z,ggfiscal.debt.chains,,A,
DEU,2022,A_cg_cash_requirement,residual,-82084.66197746005,residual,,cash,20260910T102726Z,ggfiscal.debt.chains,,B,
DEU,2022,B_s1311_b9,carried_from_previous_step,115441.64839878,computed,,,20260910T102726Z,ggfiscal.debt.chains,,B,
DEU,2022,B_s1311_b9,net_issuance_other_liabilities_currency_and_deposits,-721.3000000000029,official,EUROSTAT_GOV10DD,"nominal (face value); gov_10q_ggdebt S1311 F2 end-Q4 stock, 2022 less 2021; sign +1 (debt not issued as securities still adds to net borrowing)",20260910T102726Z,ggfiscal.debt.chains,,A,
DEU,2022,B_s1311_b9,net_issuance_other_liabilities_loans,35763.70000000001,official,EUROSTAT_GOV10DD,"nominal (face value); gov_10q_ggdebt S1311 F4 end-Q4 stock, 2022 less 2021; sign +1 (debt not issued as securities still adds to net borrowing)",20260910T102726Z,ggfiscal.debt.chains,,A,
DEU,2022,B_s1311_b9,less_net_acquisition_currency_and_deposits,53371.0,official,EUROSTAT_GOV10DD,"accrual/valuation; gov_10dd_edpt3 S1311 F2_ASS 'Net acquisition (+) of financial assets - currency and deposits', sign -1 (gov_10dd_edpt3 identity GD_CH = B9_T3 + F_ASS + ORADJ + YA3, solved for B9_T3)",20260910T102726Z,ggfiscal.debt.chains,,A,
DEU,2022,B_s1311_b9,less_net_acquisition_debt_securities,1418.0,official,EUROSTAT_GOV10DD,"accrual/valuation; gov_10dd_edpt3 S1311 F3_ASS 'Net acquisition (+) of financial assets - debt securities', sign -1 (gov_10dd_edpt3 identity GD_CH = B9_T3 + F_ASS + ORADJ + YA3, solved for B9_T3)",20260910T102726Z,ggfiscal.debt.chains,,A,
DEU,2022,B_s1311_b9,less_net_acquisition_loans,-16175.4,official,EUROSTAT_GOV10DD,"accrual/valuation; gov_10dd_edpt3 S1311 F4_ASS 'Net acquisition (+) of financial assets - loans', sign -1 (gov_10dd_edpt3 identity GD_CH = B9_T3 + F_ASS + ORADJ + YA3, solved for B9_T3)",20260910T102726Z,ggfiscal.debt.chains,,A,
DEU,2022,B_s1311_b9,less_net_acquisition_equity_and_investment_fund_shares,-44.7,official,EUROSTAT_GOV10DD,"accrual/valuation; gov_10dd_edpt3 S1311 F5_ASS 'Net acquisition (+) of financial assets - equity and investment fund shares/units', sign -1 (gov_10dd_edpt3 identity GD_CH = B9_T3 + F_ASS + ORADJ + YA3, solved for B9_T3)",20260910T102726Z,ggfiscal.debt.chains,,A,
DEU,2022,B_s1311_b9,less_net_acquisition_financial_derivatives,-1038.9,official,EUROSTAT_GOV10DD,"accrual/valuation; gov_10dd_edpt3 S1311 F71_ASS 'Net acquisition (+) of financial assets - financial derivatives', sign -1 (gov_10dd_edpt3 identity GD_CH = B9_T3 + F_ASS + ORADJ + YA3, solved for B9_T3)",20260910T102726Z,ggfiscal.debt.chains,,A,
DEU,2022,B_s1311_b9,less_net_acquisition_other_accounts_receivable,-21850.8,official,EUROSTAT_GOV10DD,"accrual/valuation; gov_10dd_edpt3 S1311 F8_ASS 'Net acquisition (+) of financial assets - other accounts receivable (+)', sign -1 (gov_10dd_edpt3 identity GD_CH = B9_T3 + F_ASS + ORADJ + YA3, solved for B9_T3)",20260910T102726Z,ggfiscal.debt.chains,,A,
DEU,2022,B_s1311_b9,less_net_acquisition_other_financial_assets,-11.0,official,EUROSTAT_GOV10DD,"accrual/valuation; gov_10dd_edpt3 S1311 FN_ASS 'Net acquisition (+) of financial assets - other financial assets (F.1, F.6)', sign -1 (gov_10dd_edpt3 identity GD_CH = B9_T3 + F_ASS + ORADJ + YA3, solved for B9_T3)",20260910T102726Z,ggfiscal.debt.chains,,A,
DEU,2022,B_s1311_b9,less_sfa_adjustment_issuance_above_below_par,-1865.9,official,EUROSTAT_GOV10DD,"accrual/valuation; gov_10dd_edpt3 S1311 ORINV 'Adjustments: issuances above (-)/below (+) nominal value', sign -1 (component of ORADJ in GD_CH = B9_T3 + F_ASS + ORADJ + YA3, solved for B9_T3)",20260910T102726Z,ggfiscal.debt.chains,,A,
DEU,2022,B_s1311_b9,less_sfa_adjustment_redemption_above_below_nominal,2331.7,official,EUROSTAT_GOV10DD,"accrual/valuation; gov_10dd_edpt3 S1311 ORRNV 'Adjustments: redemptions/repurchase of debt above (+)/below (-) nominal value', sign -1 (component of ORADJ in GD_CH = B9_T3 + F_ASS + ORADJ + YA3, solved for B9_T3)",20260910T102726Z,ggfiscal.debt.chains,,A,
DEU,2022,B_s1311_b9,less_sfa_adjustment_foreign_currency_debt_revaluation,-1722.6,official,EUROSTAT_GOV10DD,"accrual/valuation; gov_10dd_edpt3 S1311 ORFCD 'Adjustments: appreciation (+)/depreciation (-) of foreign currency debt', sign -1 (component of ORADJ in GD_CH = B9_T3 + F_ASS + ORADJ + YA3, solved for B9_T3)",20260910T102726Z,ggfiscal.debt.chains,,A,
DEU,2022,B_s1311_b9,less_sfa_adjustment_interest_accrued_less_paid,-6059.6,official,EUROSTAT_GOV10DD,"accrual/valuation; gov_10dd_edpt3 S1311 ORD41A_ADJ 'Adjustments: difference between interest expenditure (D.41) accrued (-) and paid (+)', sign -1 (component of ORADJ in GD_CH = B9_T3 + F_ASS + ORADJ + YA3, solved for B9_T3)",20260910T102726Z,ggfiscal.debt.chains,,A,
DEU,2022,B_s1311_b9,less_sfa_adjustment_other_accounts_payable,6147.8,official,EUROSTAT_GOV10DD,"accrual/valuation; gov_10dd_edpt3 S1311 F8_ADJ_LIAB 'Adjustments: net incurrence (-) of other accounts payable', sign -1 (component of ORADJ in GD_CH = B9_T3 + F_ASS + ORADJ + YA3, solved for B9_T3)",20260910T102726Z,ggfiscal.debt.chains,,A,
DEU,2022,B_s1311_b9,less_sfa_adjustment_derivative_liabilities,0.0,official,EUROSTAT_GOV10DD,"accrual/valuation; gov_10dd_edpt3 S1311 F71_ADJ_LIAB 'Adjustments: net incurrence (-) of liabilities in financial derivatives', sign -1 (component of ORADJ in GD_CH = B9_T3 + F_ASS + ORADJ + YA3, solved for B9_T3)",20260910T102726Z,ggfiscal.debt.chains,,A,
DEU,2022,B_s1311_b9,less_sfa_adjustment_other_liabilities,0.0,official,EUROSTAT_GOV10DD,"accrual/valuation; gov_10dd_edpt3 S1311 FV_ADJ_LIAB 'Adjustments: net incurrence (-) of other liabilities (F.1, F.5, F.6 and F.72)', sign -1 (component of ORADJ in GD_CH = B9_T3 + F_ASS + ORADJ + YA3, solved for B9_T3)",20260910T102726Z,ggfiscal.debt.chains,,A,
DEU,2022,B_s1311_b9,less_sfa_adjustment_other_volume_changes,0.0,official,EUROSTAT_GOV10DD,"accrual/valuation; gov_10dd_edpt3 S1311 KX 'Adjustments: other volume changes in financial liabilities (-)', sign -1 (component of ORADJ in GD_CH = B9_T3 + F_ASS + ORADJ + YA3, solved for B9_T3)",20260910T102726Z,ggfiscal.debt.chains,,A,
DEU,2022,B_s1311_b9,less_sfa_adjustment_sector_reclassification,0.0,official,EUROSTAT_GOV10DD,"accrual/valuation; gov_10dd_edpt3 S1311 K61 'Changes in sector classification and structure (+/-)', sign -1 (component of ORADJ in GD_CH = B9_T3 + F_ASS + ORADJ + YA3, solved for B9_T3)",20260910T102726Z,ggfiscal.debt.chains,,A,
DEU,2022,B_s1311_b9,less_statistical_discrepancy,-249.6,official,EUROSTAT_GOV10DD,"accrual/valuation; gov_10dd_edpt3 S1311 YA3 'Total statistical discrepancies', sign -1 (gov_10dd_edpt3 identity GD_CH = B9_T3 + F_ASS + ORADJ + YA3, solved for B9_T3)",20260910T102726Z,ggfiscal.debt.chains,,A,
DEU,2022,B_s1311_b9,special_funds_net_borrowing_added_back,49277.995627,official,BMF_DATENPORTAL,cash,20260910T102726Z,ggfiscal.debt.chains,,A,
DEU,2022,B_s1311_b9,official_total,111159.0,official,EUROSTAT_GOV10A_MAIN_S1311,"accrued, net borrowing = -B.9",20260910T102726Z,ggfiscal.debt.chains,,A,
DEU,2022,B_s1311_b9,residual,-102853.04402578,residual,,"accrued, net borrowing = -B.9",20260910T102726Z,ggfiscal.debt.chains,,B,
DEU,2022,C_s13_nlb,carried_from_previous_step,111159.0,computed,,,20260910T102726Z,ggfiscal.debt.chains,,B,
DEU,2022,C_s13_nlb,state_government_net_borrowing,-19417.0,official,EUROSTAT_GOV10A_MAIN_S1311,"accrued, net borrowing = -B.9",20260910T102726Z,ggfiscal.debt.chains,,A,
DEU,2022,C_s13_nlb,local_government_net_borrowing,-6823.0,official,EUROSTAT_GOV10A_MAIN_S1311,"accrued, net borrowing = -B.9",20260910T102726Z,ggfiscal.debt.chains,,A,
DEU,2022,C_s13_nlb,social_security_funds_net_borrowing,-8781.0,official,EUROSTAT_GOV10A_MAIN_S1311,"accrued, net borrowing = -B.9",20260910T102726Z,ggfiscal.debt.chains,,A,
DEU,2022,C_s13_nlb,official_total,76138.0,official,package_NLB,"accrued, net borrowing = -B.9",20260910T102726Z,ggfiscal.debt.chains,,A,
DEU,2022,C_s13_nlb,residual,0.0,residual,,"accrued, net borrowing = -B.9",20260910T102726Z,ggfiscal.debt.chains,,B,
DEU,2023,register,sum_bill,57000.0,computed,ggfiscal.debt.register,nominal,20260910T102726Z,ggfiscal.debt.chains,,A,computed from the per-security register (debt_interest_by_security / debt_flows)
DEU,2023,register,sum_fixed_bullet,135000.0,computed,ggfiscal.debt.register,nominal,20260910T102726Z,ggfiscal.debt.chains,,A,computed from the per-security register (debt_interest_by_security / debt_flows)
DEU,2023,register,sum_inflation_linked,-10900.0,computed,ggfiscal.debt.register,nominal,20260910T102726Z,ggfiscal.debt.chains,,A,computed from the per-security register (debt_interest_by_security / debt_flows)
DEU,2023,register,official_total,181100.0,computed,,nominal,20260910T102726Z,ggfiscal.debt.chains,,B,
DEU,2023,A_cg_cash_requirement,carried_from_previous_step,181100.0,computed,,,20260910T102726Z,ggfiscal.debt.chains,,B,
DEU,2023,A_cg_cash_requirement,out_of_register_geldmarkt,-36555.644006,official,BMF_DATENPORTAL,cash,20260910T102726Z,ggfiscal.debt.chains,,A,
DEU,2023,A_cg_cash_requirement,out_of_register_schuldschein,-1063.0,official,BMF_DATENPORTAL,cash,20260910T102726Z,ggfiscal.debt.chains,,A,
DEU,2023,A_cg_cash_requirement,less_sondervermoegen_ausgleichsfonds_steinkohle,-0.0,official,BMF_DATENPORTAL,cash,20260910T102726Z,ggfiscal.debt.chains,,A,
DEU,2023,A_cg_cash_requirement,less_sondervermoegen_bundeseisenbahnvermogen,-0.0,official,BMF_DATENPORTAL,cash,20260910T102726Z,ggfiscal.debt.chains,,A,
DEU,2023,A_cg_cash_requirement,less_sondervermoegen_entschadigungsfonds,-0.0,official,BMF_DATENPORTAL,cash,20260910T102726Z,ggfiscal.debt.chains,,A,
DEU,2023,A_cg_cash_requirement,less_sondervermoegen_erblastentilgungsfonds,-0.0,official,BMF_DATENPORTAL,cash,20260910T102726Z,ggfiscal.debt.chains,,A,
DEU,2023,A_cg_cash_requirement,less_sondervermoegen_erp_sondervermogen,-0.0,official,BMF_DATENPORTAL,cash,20260910T102726Z,ggfiscal.debt.chains,,A,
DEU,2023,A_cg_cash_requirement,less_sondervermoegen_finanzmarktstabilisierungsfonds_kredite_fur_abwicklungsanstalten_gem_9_abs_5_stfg,4000.0,official,BMF_DATENPORTAL,cash,20260910T102726Z,ggfiscal.debt.chains,,A,
DEU,2023,A_cg_cash_requirement,less_sondervermoegen_finanzmarktstabilisierungsfonds_kredite_fur_aufwendungen_gem_9_abs_1_stfg,324.6946539999999,official,BMF_DATENPORTAL,cash,20260910T102726Z,ggfiscal.debt.chains,,A,
DEU,2023,A_cg_cash_requirement,less_sondervermoegen_fonds_deutsche_einheit,-0.0,official,BMF_DATENPORTAL,cash,20260910T102726Z,ggfiscal.debt.chains,,A,
DEU,2023,A_cg_cash_requirement,less_sondervermoegen_investitions_und_tilgungsfonds,-392.37393000000066,official,BMF_DATENPORTAL,cash,20260910T102726Z,ggfiscal.debt.chains,,A,
DEU,2023,A_cg_cash_requirement,less_sondervermoegen_lastenausgleichsfonds,-0.0,official,BMF_DATENPORTAL,cash,20260910T102726Z,ggfiscal.debt.chains,,A,
DEU,2023,A_cg_cash_requirement,less_sondervermoegen_restrukturierungsfonds,-0.0,official,BMF_DATENPORTAL,cash,20260910T102726Z,ggfiscal.debt.chains,,A,
DEU,2023,A_cg_cash_requirement,less_sondervermoegen_sondervermogen_bundeswehr,-5807.646251,official,BMF_DATENPORTAL,cash,20260910T102726Z,ggfiscal.debt.chains,,A,
DEU,2023,A_cg_cash_requirement,less_sondervermoegen_sondervermogen_infrastruktur_und_klimaneutralitat,-0.0,official,BMF_DATENPORTAL,cash,20260910T102726Z,ggfiscal.debt.chains,,A,
DEU,2023,A_cg_cash_requirement,less_sondervermoegen_wirtschaftsstabilisierungsfonds_kredite_fur_die_kreditanstalt_fur_wiederaufbau_gem_23_stfg,14510.846847999997,official,BMF_DATENPORTAL,cash,20260910T102726Z,ggfiscal.debt.chains,,A,
DEU,2023,A_cg_cash_requirement,less_sondervermoegen_wirtschaftsstabilisierungsfonds_kredite_fur_die_kreditanstalt_fur_wiederaufbau_gem_26a_abs_1_nr_5_stfg,-0.0,official,BMF_DATENPORTAL,cash,20260910T102726Z,ggfiscal.debt.chains,,A,
DEU,2023,A_cg_cash_requirement,less_sondervermoegen_wirtschaftsstabilisierungsfonds_kredite_fur_rekapitalisierungsmanahmen_gem_22_stfg,964.278897,official,BMF_DATENPORTAL,cash,20260910T102726Z,ggfiscal.debt.chains,,A,
DEU,2023,A_cg_cash_requirement,less_sondervermoegen_wirtschaftsstabilisierungsfonds_kredite_zur_abfederung_der_folgen_der_energiekrise_gem_26a_stfg_ohne_darlehensgewahrung,-41518.93982100001,official,BMF_DATENPORTAL,cash,20260910T102726Z,ggfiscal.debt.chains,,A,
DEU,2023,A_cg_cash_requirement,out_of_register_sonstige_kredite,0.0,official,BMF_DATENPORTAL,cash,20260910T102726Z,ggfiscal.debt.chains,,A,
DEU,2023,A_cg_cash_requirement,nka_3_2_sonstige_einnahmen_zur_schuldentilgung_a,76264.13449422001,official,BMF_KREDITAUFNAHMEBERICHT,cash,20260910T102726Z,ggfiscal.debt.chains,,A,
DEU,2023,A_cg_cash_requirement,nka_3_4_eigenbestandsveranderung_marktpflege,0.0,official,BMF_KREDITAUFNAHMEBERICHT,cash,20260910T102726Z,ggfiscal.debt.chains,,A,
DEU,2023,A_cg_cash_requirement,nka_3_5_selbstbewirtschaftungsmittel,405.21370842,official,BMF_KREDITAUFNAHMEBERICHT,cash,20260910T102726Z,ggfiscal.debt.chains,,A,
DEU,2023,A_cg_cash_requirement,nka_3_6_sondervermogen_vorsorge_fur_schlusszahlu,4445.5325,official,BMF_KREDITAUFNAHMEBERICHT,cash,20260910T102726Z,ggfiscal.debt.chains,,A,
DEU,2023,A_cg_cash_requirement,nka_3_7_sondervermogen_kinderbetreuungsausbau,-407.70607405,official,BMF_KREDITAUFNAHMEBERICHT,cash,20260910T102726Z,ggfiscal.debt.chains,,A,
DEU,2023,A_cg_cash_requirement,nka_3_8_sondervermogen_ausbau_ganztagiger_bildun,-962.25418927,official,BMF_KREDITAUFNAHMEBERICHT,cash,20260910T102726Z,ggfiscal.debt.chains,,A,
DEU,2023,A_cg_cash_requirement,nka_3_9_sondervermogen_aufbauhilfe_2013,-160.91604248,official,BMF_KREDITAUFNAHMEBERICHT,cash,20260910T102726Z,ggfiscal.debt.chains,,A,
DEU,2023,A_cg_cash_requirement,nka_3_10_sondervermogen_aufbauhilfe_2021,-14040.74835018,official,BMF_KREDITAUFNAHMEBERICHT,cash,20260910T102726Z,ggfiscal.debt.chains,,A,
DEU,2023,A_cg_cash_requirement,nka_3_11_sondervermogen_kommunalinvestitionsforde,-597.21328482,official,BMF_KREDITAUFNAHMEBERICHT,cash,20260910T102726Z,ggfiscal.debt.chains,,A,
DEU,2023,A_cg_cash_requirement,nka_3_12_sondervermogen_klima_und_transformations,-61738.12995043,official,BMF_KREDITAUFNAHMEBERICHT,cash,20260910T102726Z,ggfiscal.debt.chains,,A,
DEU,2023,A_cg_cash_requirement,nka_3_13_sondervermogen_digitale_infrastruktur,-2300.00065706,official,BMF_KREDITAUFNAHMEBERICHT,cash,20260910T102726Z,ggfiscal.debt.chains,,A,
DEU,2023,A_cg_cash_requirement,nka_3_14_rucklage,-37542.66224503,official,BMF_KREDITAUFNAHMEBERICHT,cash,20260910T102726Z,ggfiscal.debt.chains,,A,
DEU,2023,A_cg_cash_requirement,nka_3_15_rucklage_zur_gewahrung_uberjahriger_plan,0.0,official,BMF_KREDITAUFNAHMEBERICHT,cash,20260910T102726Z,ggfiscal.debt.chains,,A,
DEU,2023,A_cg_cash_requirement,nka_3_16_umbuchung_zum_haushaltsausgleich_gema_de,3707.30779992,official,BMF_KREDITAUFNAHMEBERICHT,cash,20260910T102726Z,ggfiscal.debt.chains,,A,
DEU,2023,A_cg_cash_requirement,own_holdings_change,-3880.610375999997,official,BMF_DATENPORTAL,nominal,20260910T102726Z,ggfiscal.debt.chains,,A,
DEU,2023,A_cg_cash_requirement,official_total,27176.57300384,official,BMF_DATENPORTAL,cash,20260910T102726Z,ggfiscal.debt.chains,,A,
DEU,2023,A_cg_cash_requirement,residual,-51577.59072040003,residual,,cash,20260910T102726Z,ggfiscal.debt.chains,,B,
DEU,2023,B_s1311_b9,carried_from_previous_step,27176.57300384,computed,,,20260910T102726Z,ggfiscal.debt.chains,,B,
DEU,2023,B_s1311_b9,net_issuance_other_liabilities_currency_and_deposits,-432.59999999999854,official,EUROSTAT_GOV10DD,"nominal (face value); gov_10q_ggdebt S1311 F2 end-Q4 stock, 2023 less 2022; sign +1 (debt not issued as securities still adds to net borrowing)",20260910T102726Z,ggfiscal.debt.chains,,A,
DEU,2023,B_s1311_b9,net_issuance_other_liabilities_loans,-39748.30000000002,official,EUROSTAT_GOV10DD,"nominal (face value); gov_10q_ggdebt S1311 F4 end-Q4 stock, 2023 less 2022; sign +1 (debt not issued as securities still adds to net borrowing)",20260910T102726Z,ggfiscal.debt.chains,,A,
DEU,2023,B_s1311_b9,less_net_acquisition_currency_and_deposits,16567.0,official,EUROSTAT_GOV10DD,"accrual/valuation; gov_10dd_edpt3 S1311 F2_ASS 'Net acquisition (+) of financial assets - currency and deposits', sign -1 (gov_10dd_edpt3 identity GD_CH = B9_T3 + F_ASS + ORADJ + YA3, solved for B9_T3)",20260910T102726Z,ggfiscal.debt.chains,,A,
DEU,2023,B_s1311_b9,less_net_acquisition_debt_securities,-2539.0,official,EUROSTAT_GOV10DD,"accrual/valuation; gov_10dd_edpt3 S1311 F3_ASS 'Net acquisition (+) of financial assets - debt securities', sign -1 (gov_10dd_edpt3 identity GD_CH = B9_T3 + F_ASS + ORADJ + YA3, solved for B9_T3)",20260910T102726Z,ggfiscal.debt.chains,,A,
DEU,2023,B_s1311_b9,less_net_acquisition_loans,20876.2,official,EUROSTAT_GOV10DD,"accrual/valuation; gov_10dd_edpt3 S1311 F4_ASS 'Net acquisition (+) of financial assets - loans', sign -1 (gov_10dd_edpt3 identity GD_CH = B9_T3 + F_ASS + ORADJ + YA3, solved for B9_T3)",20260910T102726Z,ggfiscal.debt.chains,,A,
DEU,2023,B_s1311_b9,less_net_acquisition_equity_and_investment_fund_shares,-523.3,official,EUROSTAT_GOV10DD,"accrual/valuation; gov_10dd_edpt3 S1311 F5_ASS 'Net acquisition (+) of financial assets - equity and investment fund shares/units', sign -1 (gov_10dd_edpt3 identity GD_CH = B9_T3 + F_ASS + ORADJ + YA3, solved for B9_T3)",20260910T102726Z,ggfiscal.debt.chains,,A,
DEU,2023,B_s1311_b9,less_net_acquisition_financial_derivatives,-1984.8,official,EUROSTAT_GOV10DD,"accrual/valuation; gov_10dd_edpt3 S1311 F71_ASS 'Net acquisition (+) of financial assets - financial derivatives', sign -1 (gov_10dd_edpt3 identity GD_CH = B9_T3 + F_ASS + ORADJ + YA3, solved for B9_T3)",20260910T102726Z,ggfiscal.debt.chains,,A,
DEU,2023,B_s1311_b9,less_net_acquisition_other_accounts_receivable,3873.9,official,EUROSTAT_GOV10DD,"accrual/valuation; gov_10dd_edpt3 S1311 F8_ASS 'Net acquisition (+) of financial assets - other accounts receivable (+)', sign -1 (gov_10dd_edpt3 identity GD_CH = B9_T3 + F_ASS + ORADJ + YA3, solved for B9_T3)",20260910T102726Z,ggfiscal.debt.chains,,A,
DEU,2023,B_s1311_b9,less_net_acquisition_other_financial_assets,-10.0,official,EUROSTAT_GOV10DD,"accrual/valuation; gov_10dd_edpt3 S1311 FN_ASS 'Net acquisition (+) of financial assets - other financial assets (F.1, F.6)', sign -1 (gov_10dd_edpt3 identity GD_CH = B9_T3 + F_ASS + ORADJ + YA3, solved for B9_T3)",20260910T102726Z,ggfiscal.debt.chains,,A,
DEU,2023,B_s1311_b9,less_sfa_adjustment_issuance_above_below_par,-29720.6,official,EUROSTAT_GOV10DD,"accrual/valuation; gov_10dd_edpt3 S1311 ORINV 'Adjustments: issuances above (-)/below (+) nominal value', sign -1 (component of ORADJ in GD_CH = B9_T3 + F_ASS + ORADJ + YA3, solved for B9_T3)",20260910T102726Z,ggfiscal.debt.chains,,A,
DEU,2023,B_s1311_b9,less_sfa_adjustment_redemption_above_below_nominal,12060.8,official,EUROSTAT_GOV10DD,"accrual/valuation; gov_10dd_edpt3 S1311 ORRNV 'Adjustments: redemptions/repurchase of debt above (+)/below (-) nominal value', sign -1 (component of ORADJ in GD_CH = B9_T3 + F_ASS + ORADJ + YA3, solved for B9_T3)",20260910T102726Z,ggfiscal.debt.chains,,A,
DEU,2023,B_s1311_b9,less_sfa_adjustment_foreign_currency_debt_revaluation,163.7,official,EUROSTAT_GOV10DD,"accrual/valuation; gov_10dd_edpt3 S1311 ORFCD 'Adjustments: appreciation (+)/depreciation (-) of foreign currency debt', sign -1 (component of ORADJ in GD_CH = B9_T3 + F_ASS + ORADJ + YA3, solved for B9_T3)",20260910T102726Z,ggfiscal.debt.chains,,A,
DEU,2023,B_s1311_b9,less_sfa_adjustment_interest_accrued_less_paid,2335.8,official,EUROSTAT_GOV10DD,"accrual/valuation; gov_10dd_edpt3 S1311 ORD41A_ADJ 'Adjustments: difference between interest expenditure (D.41) accrued (-) and paid (+)', sign -1 (component of ORADJ in GD_CH = B9_T3 + F_ASS + ORADJ + YA3, solved for B9_T3)",20260910T102726Z,ggfiscal.debt.chains,,A,
DEU,2023,B_s1311_b9,less_sfa_adjustment_other_accounts_payable,-1699.1,official,EUROSTAT_GOV10DD,"accrual/valuation; gov_10dd_edpt3 S1311 F8_ADJ_LIAB 'Adjustments: net incurrence (-) of other accounts payable', sign -1 (component of ORADJ in GD_CH = B9_T3 + F_ASS + ORADJ + YA3, solved for B9_T3)",20260910T102726Z,ggfiscal.debt.chains,,A,
DEU,2023,B_s1311_b9,less_sfa_adjustment_derivative_liabilities,0.0,official,EUROSTAT_GOV10DD,"accrual/valuation; gov_10dd_edpt3 S1311 F71_ADJ_LIAB 'Adjustments: net incurrence (-) of liabilities in financial derivatives', sign -1 (component of ORADJ in GD_CH = B9_T3 + F_ASS + ORADJ + YA3, solved for B9_T3)",20260910T102726Z,ggfiscal.debt.chains,,A,
DEU,2023,B_s1311_b9,less_sfa_adjustment_other_liabilities,0.0,official,EUROSTAT_GOV10DD,"accrual/valuation; gov_10dd_edpt3 S1311 FV_ADJ_LIAB 'Adjustments: net incurrence (-) of other liabilities (F.1, F.5, F.6 and F.72)', sign -1 (component of ORADJ in GD_CH = B9_T3 + F_ASS + ORADJ + YA3, solved for B9_T3)",20260910T102726Z,ggfiscal.debt.chains,,A,
DEU,2023,B_s1311_b9,less_sfa_adjustment_other_volume_changes,0.0,official,EUROSTAT_GOV10DD,"accrual/valuation; gov_10dd_edpt3 S1311 KX 'Adjustments: other volume changes in financial liabilities (-)', sign -1 (component of ORADJ in GD_CH = B9_T3 + F_ASS + ORADJ + YA3, solved for B9_T3)",20260910T102726Z,ggfiscal.debt.chains,,A,
DEU,2023,B_s1311_b9,less_sfa_adjustment_sector_reclassification,0.0,official,EUROSTAT_GOV10DD,"accrual/valuation; gov_10dd_edpt3 S1311 K61 'Changes in sector classification and structure (+/-)', sign -1 (component of ORADJ in GD_CH = B9_T3 + F_ASS + ORADJ + YA3, solved for B9_T3)",20260910T102726Z,ggfiscal.debt.chains,,A,
DEU,2023,B_s1311_b9,less_statistical_discrepancy,-3598.4,official,EUROSTAT_GOV10DD,"accrual/valuation; gov_10dd_edpt3 S1311 YA3 'Total statistical discrepancies', sign -1 (gov_10dd_edpt3 identity GD_CH = B9_T3 + F_ASS + ORADJ + YA3, solved for B9_T3)",20260910T102726Z,ggfiscal.debt.chains,,A,
DEU,2023,B_s1311_b9,special_funds_net_borrowing_added_back,27919.13960300001,official,BMF_DATENPORTAL,cash,20260910T102726Z,ggfiscal.debt.chains,,A,
DEU,2023,B_s1311_b9,official_total,92720.0,official,EUROSTAT_GOV10A_MAIN_S1311,"accrued, net borrowing = -B.9",20260910T102726Z,ggfiscal.debt.chains,,A,
DEU,2023,B_s1311_b9,residual,62002.98739316,residual,,"accrued, net borrowing = -B.9",20260910T102726Z,ggfiscal.debt.chains,,B,
DEU,2023,C_s13_nlb,carried_from_previous_step,92720.0,computed,,,20260910T102726Z,ggfiscal.debt.chains,,B,
DEU,2023,C_s13_nlb,state_government_net_borrowing,7789.0,official,EUROSTAT_GOV10A_MAIN_S1311,"accrued, net borrowing = -B.9",20260910T102726Z,ggfiscal.debt.chains,,A,
DEU,2023,C_s13_nlb,local_government_net_borrowing,13535.0,official,EUROSTAT_GOV10A_MAIN_S1311,"accrued, net borrowing = -B.9",20260910T102726Z,ggfiscal.debt.chains,,A,
DEU,2023,C_s13_nlb,social_security_funds_net_borrowing,-8795.0,official,EUROSTAT_GOV10A_MAIN_S1311,"accrued, net borrowing = -B.9",20260910T102726Z,ggfiscal.debt.chains,,A,
DEU,2023,C_s13_nlb,official_total,105249.0,official,package_NLB,"accrued, net borrowing = -B.9",20260910T102726Z,ggfiscal.debt.chains,,A,
DEU,2023,C_s13_nlb,residual,0.0,residual,,"accrued, net borrowing = -B.9",20260910T102726Z,ggfiscal.debt.chains,,B,
DEU,2024,register,sum_bill,2500.0,computed,ggfiscal.debt.register,nominal,20260910T102726Z,ggfiscal.debt.chains,,A,computed from the per-security register (debt_interest_by_security / debt_flows)
DEU,2024,register,sum_fixed_bullet,80750.0,computed,ggfiscal.debt.register,nominal,20260910T102726Z,ggfiscal.debt.chains,,A,computed from the per-security register (debt_interest_by_security / debt_flows)
DEU,2024,register,official_total,83250.0,computed,,nominal,20260910T102726Z,ggfiscal.debt.chains,,B,
DEU,2024,A_cg_cash_requirement,carried_from_previous_step,83250.0,computed,,,20260910T102726Z,ggfiscal.debt.chains,,B,
DEU,2024,A_cg_cash_requirement,out_of_register_geldmarkt,5987.472918,official,BMF_DATENPORTAL,cash,20260910T102726Z,ggfiscal.debt.chains,,A,
DEU,2024,A_cg_cash_requirement,out_of_register_schuldschein,-166.9,official,BMF_DATENPORTAL,cash,20260910T102726Z,ggfiscal.debt.chains,,A,
DEU,2024,A_cg_cash_requirement,less_sondervermoegen_ausgleichsfonds_steinkohle,-0.0,official,BMF_DATENPORTAL,cash,20260910T102726Z,ggfiscal.debt.chains,,A,
DEU,2024,A_cg_cash_requirement,less_sondervermoegen_bundeseisenbahnvermogen,-0.0,official,BMF_DATENPORTAL,cash,20260910T102726Z,ggfiscal.debt.chains,,A,
DEU,2024,A_cg_cash_requirement,less_sondervermoegen_entschadigungsfonds,-0.0,official,BMF_DATENPORTAL,cash,20260910T102726Z,ggfiscal.debt.chains,,A,
DEU,2024,A_cg_cash_requirement,less_sondervermoegen_erblastentilgungsfonds,-0.0,official,BMF_DATENPORTAL,cash,20260910T102726Z,ggfiscal.debt.chains,,A,
DEU,2024,A_cg_cash_requirement,less_sondervermoegen_erp_sondervermogen,-0.0,official,BMF_DATENPORTAL,cash,20260910T102726Z,ggfiscal.debt.chains,,A,
DEU,2024,A_cg_cash_requirement,less_sondervermoegen_finanzmarktstabilisierungsfonds_kredite_fur_abwicklungsanstalten_gem_9_abs_5_stfg,-500.0,official,BMF_DATENPORTAL,cash,20260910T102726Z,ggfiscal.debt.chains,,A,
DEU,2024,A_cg_cash_requirement,less_sondervermoegen_finanzmarktstabilisierungsfonds_kredite_fur_aufwendungen_gem_9_abs_1_stfg,440.27403799999956,official,BMF_DATENPORTAL,cash,20260910T102726Z,ggfiscal.debt.chains,,A,
DEU,2024,A_cg_cash_requirement,less_sondervermoegen_fonds_deutsche_einheit,-0.0,official,BMF_DATENPORTAL,cash,20260910T102726Z,ggfiscal.debt.chains,,A,
DEU,2024,A_cg_cash_requirement,less_sondervermoegen_investitions_und_tilgungsfonds,-275.9221150000003,official,BMF_DATENPORTAL,cash,20260910T102726Z,ggfiscal.debt.chains,,A,
DEU,2024,A_cg_cash_requirement,less_sondervermoegen_lastenausgleichsfonds,-0.0,official,BMF_DATENPORTAL,cash,20260910T102726Z,ggfiscal.debt.chains,,A,
DEU,2024,A_cg_cash_requirement,less_sondervermoegen_restrukturierungsfonds,-0.0,official,BMF_DATENPORTAL,cash,20260910T102726Z,ggfiscal.debt.chains,,A,
DEU,2024,A_cg_cash_requirement,less_sondervermoegen_sondervermogen_bundeswehr,-17169.935628,official,BMF_DATENPORTAL,cash,20260910T102726Z,ggfiscal.debt.chains,,A,
DEU,2024,A_cg_cash_requirement,less_sondervermoegen_sondervermogen_infrastruktur_und_klimaneutralitat,-0.0,official,BMF_DATENPORTAL,cash,20260910T102726Z,ggfiscal.debt.chains,,A,
DEU,2024,A_cg_cash_requirement,less_sondervermoegen_wirtschaftsstabilisierungsfonds_kredite_fur_die_kreditanstalt_fur_wiederaufbau_gem_23_stfg,14416.652287,official,BMF_DATENPORTAL,cash,20260910T102726Z,ggfiscal.debt.chains,,A,
DEU,2024,A_cg_cash_requirement,less_sondervermoegen_wirtschaftsstabilisierungsfonds_kredite_fur_die_kreditanstalt_fur_wiederaufbau_gem_26a_abs_1_nr_5_stfg,-0.0,official,BMF_DATENPORTAL,cash,20260910T102726Z,ggfiscal.debt.chains,,A,
DEU,2024,A_cg_cash_requirement,less_sondervermoegen_wirtschaftsstabilisierungsfonds_kredite_fur_rekapitalisierungsmanahmen_gem_22_stfg,436.125877,official,BMF_DATENPORTAL,cash,20260910T102726Z,ggfiscal.debt.chains,,A,
DEU,2024,A_cg_cash_requirement,less_sondervermoegen_wirtschaftsstabilisierungsfonds_kredite_zur_abfederung_der_folgen_der_energiekrise_gem_26a_stfg_ohne_darlehensgewahrung,-0.0,official,BMF_DATENPORTAL,cash,20260910T102726Z,ggfiscal.debt.chains,,A,
DEU,2024,A_cg_cash_requirement,out_of_register_sonstige_kredite,-444.823937,official,BMF_DATENPORTAL,cash,20260910T102726Z,ggfiscal.debt.chains,,A,
DEU,2024,A_cg_cash_requirement,nka_3_2_sonstige_einnahmen_zur_schuldentilgung_a,8493.84970864,official,BMF_KREDITAUFNAHMEBERICHT,cash,20260910T102726Z,ggfiscal.debt.chains,,A,
DEU,2024,A_cg_cash_requirement,nka_3_4_eigenbestandsveranderung_marktpflege,0.0,official,BMF_KREDITAUFNAHMEBERICHT,cash,20260910T102726Z,ggfiscal.debt.chains,,A,
DEU,2024,A_cg_cash_requirement,nka_3_5_selbstbewirtschaftungsmittel,-2126.4103816800002,official,BMF_KREDITAUFNAHMEBERICHT,cash,20260910T102726Z,ggfiscal.debt.chains,,A,
DEU,2024,A_cg_cash_requirement,nka_3_6_sondervermogen_vorsorge_fur_schlusszahlu,2050.112,official,BMF_KREDITAUFNAHMEBERICHT,cash,20260910T102726Z,ggfiscal.debt.chains,,A,
DEU,2024,A_cg_cash_requirement,nka_3_7_sondervermogen_kinderbetreuungsausbau,-268.59624222,official,BMF_KREDITAUFNAHMEBERICHT,cash,20260910T102726Z,ggfiscal.debt.chains,,A,
DEU,2024,A_cg_cash_requirement,nka_3_8_sondervermogen_ausbau_ganztagiger_bildun,-53.02558462,official,BMF_KREDITAUFNAHMEBERICHT,cash,20260910T102726Z,ggfiscal.debt.chains,,A,
DEU,2024,A_cg_cash_requirement,nka_3_9_sondervermogen_aufbauhilfe_2013,-117.58822506,official,BMF_KREDITAUFNAHMEBERICHT,cash,20260910T102726Z,ggfiscal.debt.chains,,A,
DEU,2024,A_cg_cash_requirement,nka_3_10_sondervermogen_aufbauhilfe_2021,0.0,official,BMF_KREDITAUFNAHMEBERICHT,cash,20260910T102726Z,ggfiscal.debt.chains,,A,
DEU,2024,A_cg_cash_requirement,nka_3_11_sondervermogen_kommunalinvestitionsforde,-529.04910536,official,BMF_KREDITAUFNAHMEBERICHT,cash,20260910T102726Z,ggfiscal.debt.chains,,A,
DEU,2024,A_cg_cash_requirement,nka_3_12_sondervermogen_klima_und_transformations,-23054.85412935,official,BMF_KREDITAUFNAHMEBERICHT,cash,20260910T102726Z,ggfiscal.debt.chains,,A,
DEU,2024,A_cg_cash_requirement,nka_3_13_sondervermogen_digitale_infrastruktur,-4071.84451633,official,BMF_KREDITAUFNAHMEBERICHT,cash,20260910T102726Z,ggfiscal.debt.chains,,A,
DEU,2024,A_cg_cash_requirement,nka_3_14_rucklage,0.0,official,BMF_KREDITAUFNAHMEBERICHT,cash,20260910T102726Z,ggfiscal.debt.chains,,A,
DEU,2024,A_cg_cash_requirement,nka_3_15_umbuchung_zum_haushaltsausgleich_gema_de,4298.38706275,official,BMF_KREDITAUFNAHMEBERICHT,cash,20260910T102726Z,ggfiscal.debt.chains,,A,
DEU,2024,A_cg_cash_requirement,own_holdings_change,4421.740506000002,official,BMF_DATENPORTAL,nominal,20260910T102726Z,ggfiscal.debt.chains,,A,
DEU,2024,A_cg_cash_requirement,official_total,33320.159861830005,official,BMF_DATENPORTAL,cash,20260910T102726Z,ggfiscal.debt.chains,,A,
DEU,2024,A_cg_cash_requirement,residual,-41695.50467094002,residual,,cash,20260910T102726Z,ggfiscal.debt.chains,,B,
DEU,2024,B_s1311_b9,carried_from_previous_step,33320.159861830005,computed,,,20260910T102726Z,ggfiscal.debt.chains,,B,
DEU,2024,B_s1311_b9,net_issuance_other_liabilities_currency_and_deposits,-2070.2000000000007,official,EUROSTAT_GOV10DD,"nominal (face value); gov_10q_ggdebt S1311 F2 end-Q4 stock, 2024 less 2023; sign +1 (debt not issued as securities still adds to net borrowing)",20260910T102726Z,ggfiscal.debt.chains,,A,
DEU,2024,B_s1311_b9,net_issuance_other_liabilities_loans,-2621.899999999994,official,EUROSTAT_GOV10DD,"nominal (face value); gov_10q_ggdebt S1311 F4 end-Q4 stock, 2024 less 2023; sign +1 (debt not issued as securities still adds to net borrowing)",20260910T102726Z,ggfiscal.debt.chains,,A,
DEU,2024,B_s1311_b9,less_net_acquisition_currency_and_deposits,18093.0,official,EUROSTAT_GOV10DD,"accrual/valuation; gov_10dd_edpt3 S1311 F2_ASS 'Net acquisition (+) of financial assets - currency and deposits', sign -1 (gov_10dd_edpt3 identity GD_CH = B9_T3 + F_ASS + ORADJ + YA3, solved for B9_T3)",20260910T102726Z,ggfiscal.debt.chains,,A,
DEU,2024,B_s1311_b9,less_net_acquisition_debt_securities,-1256.0,official,EUROSTAT_GOV10DD,"accrual/valuation; gov_10dd_edpt3 S1311 F3_ASS 'Net acquisition (+) of financial assets - debt securities', sign -1 (gov_10dd_edpt3 identity GD_CH = B9_T3 + F_ASS + ORADJ + YA3, solved for B9_T3)",20260910T102726Z,ggfiscal.debt.chains,,A,
DEU,2024,B_s1311_b9,less_net_acquisition_loans,15397.6,official,EUROSTAT_GOV10DD,"accrual/valuation; gov_10dd_edpt3 S1311 F4_ASS 'Net acquisition (+) of financial assets - loans', sign -1 (gov_10dd_edpt3 identity GD_CH = B9_T3 + F_ASS + ORADJ + YA3, solved for B9_T3)",20260910T102726Z,ggfiscal.debt.chains,,A,
DEU,2024,B_s1311_b9,less_net_acquisition_equity_and_investment_fund_shares,4688.6,official,EUROSTAT_GOV10DD,"accrual/valuation; gov_10dd_edpt3 S1311 F5_ASS 'Net acquisition (+) of financial assets - equity and investment fund shares/units', sign -1 (gov_10dd_edpt3 identity GD_CH = B9_T3 + F_ASS + ORADJ + YA3, solved for B9_T3)",20260910T102726Z,ggfiscal.debt.chains,,A,
DEU,2024,B_s1311_b9,less_net_acquisition_financial_derivatives,-1747.4,official,EUROSTAT_GOV10DD,"accrual/valuation; gov_10dd_edpt3 S1311 F71_ASS 'Net acquisition (+) of financial assets - financial derivatives', sign -1 (gov_10dd_edpt3 identity GD_CH = B9_T3 + F_ASS + ORADJ + YA3, solved for B9_T3)",20260910T102726Z,ggfiscal.debt.chains,,A,
DEU,2024,B_s1311_b9,less_net_acquisition_other_accounts_receivable,5421.8,official,EUROSTAT_GOV10DD,"accrual/valuation; gov_10dd_edpt3 S1311 F8_ASS 'Net acquisition (+) of financial assets - other accounts receivable (+)', sign -1 (gov_10dd_edpt3 identity GD_CH = B9_T3 + F_ASS + ORADJ + YA3, solved for B9_T3)",20260910T102726Z,ggfiscal.debt.chains,,A,
DEU,2024,B_s1311_b9,less_net_acquisition_other_financial_assets,-34.0,official,EUROSTAT_GOV10DD,"accrual/valuation; gov_10dd_edpt3 S1311 FN_ASS 'Net acquisition (+) of financial assets - other financial assets (F.1, F.6)', sign -1 (gov_10dd_edpt3 identity GD_CH = B9_T3 + F_ASS + ORADJ + YA3, solved for B9_T3)",20260910T102726Z,ggfiscal.debt.chains,,A,
DEU,2024,B_s1311_b9,less_sfa_adjustment_issuance_above_below_par,-10914.6,official,EUROSTAT_GOV10DD,"accrual/valuation; gov_10dd_edpt3 S1311 ORINV 'Adjustments: issuances above (-)/below (+) nominal value', sign -1 (component of ORADJ in GD_CH = B9_T3 + F_ASS + ORADJ + YA3, solved for B9_T3)",20260910T102726Z,ggfiscal.debt.chains,,A,
DEU,2024,B_s1311_b9,less_sfa_adjustment_redemption_above_below_nominal,3818.0,official,EUROSTAT_GOV10DD,"accrual/valuation; gov_10dd_edpt3 S1311 ORRNV 'Adjustments: redemptions/repurchase of debt above (+)/below (-) nominal value', sign -1 (component of ORADJ in GD_CH = B9_T3 + F_ASS + ORADJ + YA3, solved for B9_T3)",20260910T102726Z,ggfiscal.debt.chains,,A,
DEU,2024,B_s1311_b9,less_sfa_adjustment_foreign_currency_debt_revaluation,-332.7,official,EUROSTAT_GOV10DD,"accrual/valuation; gov_10dd_edpt3 S1311 ORFCD 'Adjustments: appreciation (+)/depreciation (-) of foreign currency debt', sign -1 (component of ORADJ in GD_CH = B9_T3 + F_ASS + ORADJ + YA3, solved for B9_T3)",20260910T102726Z,ggfiscal.debt.chains,,A,
DEU,2024,B_s1311_b9,less_sfa_adjustment_interest_accrued_less_paid,-229.0,official,EUROSTAT_GOV10DD,"accrual/valuation; gov_10dd_edpt3 S1311 ORD41A_ADJ 'Adjustments: difference between interest expenditure (D.41) accrued (-) and paid (+)', sign -1 (component of ORADJ in GD_CH = B9_T3 + F_ASS + ORADJ + YA3, solved for B9_T3)",20260910T102726Z,ggfiscal.debt.chains,,A,
DEU,2024,B_s1311_b9,less_sfa_adjustment_other_accounts_payable,-2927.3,official,EUROSTAT_GOV10DD,"accrual/valuation; gov_10dd_edpt3 S1311 F8_ADJ_LIAB 'Adjustments: net incurrence (-) of other accounts payable', sign -1 (component of ORADJ in GD_CH = B9_T3 + F_ASS + ORADJ + YA3, solved for B9_T3)",20260910T102726Z,ggfiscal.debt.chains,,A,
DEU,2024,B_s1311_b9,less_sfa_adjustment_derivative_liabilities,0.0,official,EUROSTAT_GOV10DD,"accrual/valuation; gov_10dd_edpt3 S1311 F71_ADJ_LIAB 'Adjustments: net incurrence (-) of liabilities in financial derivatives', sign -1 (component of ORADJ in GD_CH = B9_T3 + F_ASS + ORADJ + YA3, solved for B9_T3)",20260910T102726Z,ggfiscal.debt.chains,,A,
DEU,2024,B_s1311_b9,less_sfa_adjustment_other_liabilities,0.0,official,EUROSTAT_GOV10DD,"accrual/valuation; gov_10dd_edpt3 S1311 FV_ADJ_LIAB 'Adjustments: net incurrence (-) of other liabilities (F.1, F.5, F.6 and F.72)', sign -1 (component of ORADJ in GD_CH = B9_T3 + F_ASS + ORADJ + YA3, solved for B9_T3)",20260910T102726Z,ggfiscal.debt.chains,,A,
DEU,2024,B_s1311_b9,less_sfa_adjustment_other_volume_changes,0.0,official,EUROSTAT_GOV10DD,"accrual/valuation; gov_10dd_edpt3 S1311 KX 'Adjustments: other volume changes in financial liabilities (-)', sign -1 (component of ORADJ in GD_CH = B9_T3 + F_ASS + ORADJ + YA3, solved for B9_T3)",20260910T102726Z,ggfiscal.debt.chains,,A,
DEU,2024,B_s1311_b9,less_sfa_adjustment_sector_reclassification,0.0,official,EUROSTAT_GOV10DD,"accrual/valuation; gov_10dd_edpt3 S1311 K61 'Changes in sector classification and structure (+/-)', sign -1 (component of ORADJ in GD_CH = B9_T3 + F_ASS + ORADJ + YA3, solved for B9_T3)",20260910T102726Z,ggfiscal.debt.chains,,A,
DEU,2024,B_s1311_b9,less_statistical_discrepancy,-5418.0,official,EUROSTAT_GOV10DD,"accrual/valuation; gov_10dd_edpt3 S1311 YA3 'Total statistical discrepancies', sign -1 (gov_10dd_edpt3 identity GD_CH = B9_T3 + F_ASS + ORADJ + YA3, solved for B9_T3)",20260910T102726Z,ggfiscal.debt.chains,,A,
DEU,2024,B_s1311_b9,special_funds_net_borrowing_added_back,2652.805541,official,BMF_DATENPORTAL,cash,20260910T102726Z,ggfiscal.debt.chains,,A,
DEU,2024,B_s1311_b9,official_total,60916.0,official,EUROSTAT_GOV10A_MAIN_S1311,"accrued, net borrowing = -B.9",20260910T102726Z,ggfiscal.debt.chains,,A,
DEU,2024,B_s1311_b9,residual,5075.134597169992,residual,,"accrued, net borrowing = -B.9",20260910T102726Z,ggfiscal.debt.chains,,B,
DEU,2024,C_s13_nlb,carried_from_previous_step,60916.0,computed,,,20260910T102726Z,ggfiscal.debt.chains,,B,
DEU,2024,C_s13_nlb,state_government_net_borrowing,21599.0,official,EUROSTAT_GOV10A_MAIN_S1311,"accrued, net borrowing = -B.9",20260910T102726Z,ggfiscal.debt.chains,,A,
DEU,2024,C_s13_nlb,local_government_net_borrowing,20956.0,official,EUROSTAT_GOV10A_MAIN_S1311,"accrued, net borrowing = -B.9",20260910T102726Z,ggfiscal.debt.chains,,A,
DEU,2024,C_s13_nlb,social_security_funds_net_borrowing,11824.0,official,EUROSTAT_GOV10A_MAIN_S1311,"accrued, net borrowing = -B.9",20260910T102726Z,ggfiscal.debt.chains,,A,
DEU,2024,C_s13_nlb,official_total,115295.0,official,package_NLB,"accrued, net borrowing = -B.9",20260910T102726Z,ggfiscal.debt.chains,,A,
DEU,2024,C_s13_nlb,residual,0.0,residual,,"accrued, net borrowing = -B.9",20260910T102726Z,ggfiscal.debt.chains,,B,
DEU,2025,register,sum_bill,18000.0,computed,ggfiscal.debt.register,nominal,20260910T102726Z,ggfiscal.debt.chains,,A,computed from the per-security register (debt_interest_by_security / debt_flows)
DEU,2025,register,sum_fixed_bullet,100500.0,computed,ggfiscal.debt.register,nominal,20260910T102726Z,ggfiscal.debt.chains,,A,computed from the per-security register (debt_interest_by_security / debt_flows)
DEU,2025,register,official_total,118500.0,computed,,nominal,20260910T102726Z,ggfiscal.debt.chains,,B,
DEU,2025,A_cg_cash_requirement,carried_from_previous_step,118500.0,computed,,,20260910T102726Z,ggfiscal.debt.chains,,B,
DEU,2025,A_cg_cash_requirement,out_of_register_geldmarkt,7008.987678,official,BMF_DATENPORTAL,cash,20260910T102726Z,ggfiscal.debt.chains,,A,
DEU,2025,A_cg_cash_requirement,out_of_register_schuldschein,-235.0,official,BMF_DATENPORTAL,cash,20260910T102726Z,ggfiscal.debt.chains,,A,
DEU,2025,A_cg_cash_requirement,less_sondervermoegen_ausgleichsfonds_steinkohle,-0.0,official,BMF_DATENPORTAL,cash,20260910T102726Z,ggfiscal.debt.chains,,A,
DEU,2025,A_cg_cash_requirement,less_sondervermoegen_bundeseisenbahnvermogen,-0.0,official,BMF_DATENPORTAL,cash,20260910T102726Z,ggfiscal.debt.chains,,A,
DEU,2025,A_cg_cash_requirement,less_sondervermoegen_entschadigungsfonds,-0.0,official,BMF_DATENPORTAL,cash,20260910T102726Z,ggfiscal.debt.chains,,A,
DEU,2025,A_cg_cash_requirement,less_sondervermoegen_erblastentilgungsfonds,-0.0,official,BMF_DATENPORTAL,cash,20260910T102726Z,ggfiscal.debt.chains,,A,
DEU,2025,A_cg_cash_requirement,less_sondervermoegen_erp_sondervermogen,-0.0,official,BMF_DATENPORTAL,cash,20260910T102726Z,ggfiscal.debt.chains,,A,
DEU,2025,A_cg_cash_requirement,less_sondervermoegen_finanzmarktstabilisierungsfonds_kredite_fur_abwicklungsanstalten_gem_9_abs_5_stfg,4496.04637,official,BMF_DATENPORTAL,cash,20260910T102726Z,ggfiscal.debt.chains,,A,
DEU,2025,A_cg_cash_requirement,less_sondervermoegen_finanzmarktstabilisierungsfonds_kredite_fur_aufwendungen_gem_9_abs_1_stfg,-220.98925299999974,official,BMF_DATENPORTAL,cash,20260910T102726Z,ggfiscal.debt.chains,,A,
DEU,2025,A_cg_cash_requirement,less_sondervermoegen_fonds_deutsche_einheit,-0.0,official,BMF_DATENPORTAL,cash,20260910T102726Z,ggfiscal.debt.chains,,A,
DEU,2025,A_cg_cash_requirement,less_sondervermoegen_investitions_und_tilgungsfonds,-283.4805419999998,official,BMF_DATENPORTAL,cash,20260910T102726Z,ggfiscal.debt.chains,,A,
DEU,2025,A_cg_cash_requirement,less_sondervermoegen_lastenausgleichsfonds,-0.0,official,BMF_DATENPORTAL,cash,20260910T102726Z,ggfiscal.debt.chains,,A,
DEU,2025,A_cg_cash_requirement,less_sondervermoegen_restrukturierungsfonds,-0.0,official,BMF_DATENPORTAL,cash,20260910T102726Z,ggfiscal.debt.chains,,A,
DEU,2025,A_cg_cash_requirement,less_sondervermoegen_sondervermogen_bundeswehr,-19498.442384,official,BMF_DATENPORTAL,cash,20260910T102726Z,ggfiscal.debt.chains,,A,
DEU,2025,A_cg_cash_requirement,less_sondervermoegen_sondervermogen_infrastruktur_und_klimaneutralitat,-23992.105502,official,BMF_DATENPORTAL,cash,20260910T102726Z,ggfiscal.debt.chains,,A,
DEU,2025,A_cg_cash_requirement,less_sondervermoegen_wirtschaftsstabilisierungsfonds_kredite_fur_die_kreditanstalt_fur_wiederaufbau_gem_23_stfg,8479.8553,official,BMF_DATENPORTAL,cash,20260910T102726Z,ggfiscal.debt.chains,,A,
DEU,2025,A_cg_cash_requirement,less_sondervermoegen_wirtschaftsstabilisierungsfonds_kredite_fur_die_kreditanstalt_fur_wiederaufbau_gem_26a_abs_1_nr_5_stfg,-0.0,official,BMF_DATENPORTAL,cash,20260910T102726Z,ggfiscal.debt.chains,,A,
DEU,2025,A_cg_cash_requirement,less_sondervermoegen_wirtschaftsstabilisierungsfonds_kredite_fur_rekapitalisierungsmanahmen_gem_22_stfg,-0.0,official,BMF_DATENPORTAL,cash,20260910T102726Z,ggfiscal.debt.chains,,A,
DEU,2025,A_cg_cash_requirement,less_sondervermoegen_wirtschaftsstabilisierungsfonds_kredite_zur_abfederung_der_folgen_der_energiekrise_gem_26a_stfg_ohne_darlehensgewahrung,-0.0,official,BMF_DATENPORTAL,cash,20260910T102726Z,ggfiscal.debt.chains,,A,
DEU,2025,A_cg_cash_requirement,out_of_register_sonstige_kredite,-444.823937,official,BMF_DATENPORTAL,cash,20260910T102726Z,ggfiscal.debt.chains,,A,
DEU,2025,A_cg_cash_requirement,nka_3_2_sonstige_einnahmen_zur_schuldentilgung_a,1656.94478046,official,BMF_KREDITAUFNAHMEBERICHT,cash,20260910T102726Z,ggfiscal.debt.chains,,A,
DEU,2025,A_cg_cash_requirement,nka_3_4_eigenbestandsaufbau,0.0,official,BMF_KREDITAUFNAHMEBERICHT,cash,20260910T102726Z,ggfiscal.debt.chains,,A,
DEU,2025,A_cg_cash_requirement,nka_3_5_selbstbewirtschaftungsmittel,150.87002378,official,BMF_KREDITAUFNAHMEBERICHT,cash,20260910T102726Z,ggfiscal.debt.chains,,A,
DEU,2025,A_cg_cash_requirement,nka_3_6_sondervermogen_vorsorge_fur_schlusszahlu,1890.4815,official,BMF_KREDITAUFNAHMEBERICHT,cash,20260910T102726Z,ggfiscal.debt.chains,,A,
DEU,2025,A_cg_cash_requirement,nka_3_7_sondervermogen_kinderbetreuungsausbau,0.0,official,BMF_KREDITAUFNAHMEBERICHT,cash,20260910T102726Z,ggfiscal.debt.chains,,A,
DEU,2025,A_cg_cash_requirement,nka_3_8_sondervermogen_ausbau_ganztagiger_bildun,-320.61350531,official,BMF_KREDITAUFNAHMEBERICHT,cash,20260910T102726Z,ggfiscal.debt.chains,,A,
DEU,2025,A_cg_cash_requirement,nka_3_9_sondervermogen_aufbauhilfe,-103.79259278,official,BMF_KREDITAUFNAHMEBERICHT,cash,20260910T102726Z,ggfiscal.debt.chains,,A,
DEU,2025,A_cg_cash_requirement,nka_3_10_sondervermogen_aufbauhilfe_2021,1397.2693547899999,official,BMF_KREDITAUFNAHMEBERICHT,cash,20260910T102726Z,ggfiscal.debt.chains,,A,
DEU,2025,A_cg_cash_requirement,nka_3_11_sondervermogen_kommunalinvestitionsforde,-472.60434743999997,official,BMF_KREDITAUFNAHMEBERICHT,cash,20260910T102726Z,ggfiscal.debt.chains,,A,
DEU,2025,A_cg_cash_requirement,nka_3_12_sondervermogen_klima_und_transformations,4848.62258878,official,BMF_KREDITAUFNAHMEBERICHT,cash,20260910T102726Z,ggfiscal.debt.chains,,A,
DEU,2025,A_cg_cash_requirement,nka_3_13_rucklage,0.0,official,BMF_KREDITAUFNAHMEBERICHT,cash,20260910T102726Z,ggfiscal.debt.chains,,A,
DEU,2025,A_cg_cash_requirement,nka_3_14_umbuchung_zum_haushaltsausgleich_gema_de,-3909.65630078,official,BMF_KREDITAUFNAHMEBERICHT,cash,20260910T102726Z,ggfiscal.debt.chains,,A,
DEU,2025,A_cg_cash_requirement,own_holdings_change,5090.677161,official,BMF_DATENPORTAL,nominal,20260910T102726Z,ggfiscal.debt.chains,,A,
DEU,2025,A_cg_cash_requirement,official_total,66892.54104298001,official,BMF_DATENPORTAL,cash,20260910T102726Z,ggfiscal.debt.chains,,A,
DEU,2025,A_cg_cash_requirement,residual,-37145.70534951998,residual,,cash,20260910T102726Z,ggfiscal.debt.chains,,B,
DEU,2025,B_s1311_b9,carried_from_previous_step,66892.54104298001,computed,,,20260910T102726Z,ggfiscal.debt.chains,,B,
DEU,2025,B_s1311_b9,net_issuance_other_liabilities_currency_and_deposits,3462.4000000000015,official,EUROSTAT_GOV10DD,"nominal (face value); gov_10q_ggdebt S1311 F2 end-Q4 stock, 2025 less 2024; sign +1 (debt not issued as securities still adds to net borrowing)",20260910T102726Z,ggfiscal.debt.chains,,A,
DEU,2025,B_s1311_b9,net_issuance_other_liabilities_loans,11251.799999999988,official,EUROSTAT_GOV10DD,"nominal (face value); gov_10q_ggdebt S1311 F4 end-Q4 stock, 2025 less 2024; sign +1 (debt not issued as securities still adds to net borrowing)",20260910T102726Z,ggfiscal.debt.chains,,A,
DEU,2025,B_s1311_b9,less_net_acquisition_currency_and_deposits,-11069.0,official,EUROSTAT_GOV10DD,"accrual/valuation; gov_10dd_edpt3 S1311 F2_ASS 'Net acquisition (+) of financial assets - currency and deposits', sign -1 (gov_10dd_edpt3 identity GD_CH = B9_T3 + F_ASS + ORADJ + YA3, solved for B9_T3)",20260910T102726Z,ggfiscal.debt.chains,,A,
DEU,2025,B_s1311_b9,less_net_acquisition_debt_securities,-1461.0,official,EUROSTAT_GOV10DD,"accrual/valuation; gov_10dd_edpt3 S1311 F3_ASS 'Net acquisition (+) of financial assets - debt securities', sign -1 (gov_10dd_edpt3 identity GD_CH = B9_T3 + F_ASS + ORADJ + YA3, solved for B9_T3)",20260910T102726Z,ggfiscal.debt.chains,,A,
DEU,2025,B_s1311_b9,less_net_acquisition_loans,5518.4,official,EUROSTAT_GOV10DD,"accrual/valuation; gov_10dd_edpt3 S1311 F4_ASS 'Net acquisition (+) of financial assets - loans', sign -1 (gov_10dd_edpt3 identity GD_CH = B9_T3 + F_ASS + ORADJ + YA3, solved for B9_T3)",20260910T102726Z,ggfiscal.debt.chains,,A,
DEU,2025,B_s1311_b9,less_net_acquisition_equity_and_investment_fund_shares,1207.0,official,EUROSTAT_GOV10DD,"accrual/valuation; gov_10dd_edpt3 S1311 F5_ASS 'Net acquisition (+) of financial assets - equity and investment fund shares/units', sign -1 (gov_10dd_edpt3 identity GD_CH = B9_T3 + F_ASS + ORADJ + YA3, solved for B9_T3)",20260910T102726Z,ggfiscal.debt.chains,,A,
DEU,2025,B_s1311_b9,less_net_acquisition_financial_derivatives,-1441.3,official,EUROSTAT_GOV10DD,"accrual/valuation; gov_10dd_edpt3 S1311 F71_ASS 'Net acquisition (+) of financial assets - financial derivatives', sign -1 (gov_10dd_edpt3 identity GD_CH = B9_T3 + F_ASS + ORADJ + YA3, solved for B9_T3)",20260910T102726Z,ggfiscal.debt.chains,,A,
DEU,2025,B_s1311_b9,less_net_acquisition_other_accounts_receivable,-9782.1,official,EUROSTAT_GOV10DD,"accrual/valuation; gov_10dd_edpt3 S1311 F8_ASS 'Net acquisition (+) of financial assets - other accounts receivable (+)', sign -1 (gov_10dd_edpt3 identity GD_CH = B9_T3 + F_ASS + ORADJ + YA3, solved for B9_T3)",20260910T102726Z,ggfiscal.debt.chains,,A,
DEU,2025,B_s1311_b9,less_net_acquisition_other_financial_assets,-26.0,official,EUROSTAT_GOV10DD,"accrual/valuation; gov_10dd_edpt3 S1311 FN_ASS 'Net acquisition (+) of financial assets - other financial assets (F.1, F.6)', sign -1 (gov_10dd_edpt3 identity GD_CH = B9_T3 + F_ASS + ORADJ + YA3, solved for B9_T3)",20260910T102726Z,ggfiscal.debt.chains,,A,
DEU,2025,B_s1311_b9,less_sfa_adjustment_issuance_above_below_par,-14831.1,official,EUROSTAT_GOV10DD,"accrual/valuation; gov_10dd_edpt3 S1311 ORINV 'Adjustments: issuances above (-)/below (+) nominal value', sign -1 (component of ORADJ in GD_CH = B9_T3 + F_ASS + ORADJ + YA3, solved for B9_T3)",20260910T102726Z,ggfiscal.debt.chains,,A,
DEU,2025,B_s1311_b9,less_sfa_adjustment_redemption_above_below_nominal,3816.0,official,EUROSTAT_GOV10DD,"accrual/valuation; gov_10dd_edpt3 S1311 ORRNV 'Adjustments: redemptions/repurchase of debt above (+)/below (-) nominal value', sign -1 (component of ORADJ in GD_CH = B9_T3 + F_ASS + ORADJ + YA3, solved for B9_T3)",20260910T102726Z,ggfiscal.debt.chains,,A,
DEU,2025,B_s1311_b9,less_sfa_adjustment_foreign_currency_debt_revaluation,0.0,official,EUROSTAT_GOV10DD,"accrual/valuation; gov_10dd_edpt3 S1311 ORFCD 'Adjustments: appreciation (+)/depreciation (-) of foreign currency debt', sign -1 (component of ORADJ in GD_CH = B9_T3 + F_ASS + ORADJ + YA3, solved for B9_T3)",20260910T102726Z,ggfiscal.debt.chains,,A,
DEU,2025,B_s1311_b9,less_sfa_adjustment_interest_accrued_less_paid,-464.7,official,EUROSTAT_GOV10DD,"accrual/valuation; gov_10dd_edpt3 S1311 ORD41A_ADJ 'Adjustments: difference between interest expenditure (D.41) accrued (-) and paid (+)', sign -1 (component of ORADJ in GD_CH = B9_T3 + F_ASS + ORADJ + YA3, solved for B9_T3)",20260910T102726Z,ggfiscal.debt.chains,,A,
DEU,2025,B_s1311_b9,less_sfa_adjustment_other_accounts_payable,-605.5,official,EUROSTAT_GOV10DD,"accrual/valuation; gov_10dd_edpt3 S1311 F8_ADJ_LIAB 'Adjustments: net incurrence (-) of other accounts payable', sign -1 (component of ORADJ in GD_CH = B9_T3 + F_ASS + ORADJ + YA3, solved for B9_T3)",20260910T102726Z,ggfiscal.debt.chains,,A,
DEU,2025,B_s1311_b9,less_sfa_adjustment_derivative_liabilities,0.0,official,EUROSTAT_GOV10DD,"accrual/valuation; gov_10dd_edpt3 S1311 F71_ADJ_LIAB 'Adjustments: net incurrence (-) of liabilities in financial derivatives', sign -1 (component of ORADJ in GD_CH = B9_T3 + F_ASS + ORADJ + YA3, solved for B9_T3)",20260910T102726Z,ggfiscal.debt.chains,,A,
DEU,2025,B_s1311_b9,less_sfa_adjustment_other_liabilities,0.0,official,EUROSTAT_GOV10DD,"accrual/valuation; gov_10dd_edpt3 S1311 FV_ADJ_LIAB 'Adjustments: net incurrence (-) of other liabilities (F.1, F.5, F.6 and F.72)', sign -1 (component of ORADJ in GD_CH = B9_T3 + F_ASS + ORADJ + YA3, solved for B9_T3)",20260910T102726Z,ggfiscal.debt.chains,,A,
DEU,2025,B_s1311_b9,less_sfa_adjustment_other_volume_changes,0.0,official,EUROSTAT_GOV10DD,"accrual/valuation; gov_10dd_edpt3 S1311 KX 'Adjustments: other volume changes in financial liabilities (-)', sign -1 (component of ORADJ in GD_CH = B9_T3 + F_ASS + ORADJ + YA3, solved for B9_T3)",20260910T102726Z,ggfiscal.debt.chains,,A,
DEU,2025,B_s1311_b9,less_sfa_adjustment_sector_reclassification,0.0,official,EUROSTAT_GOV10DD,"accrual/valuation; gov_10dd_edpt3 S1311 K61 'Changes in sector classification and structure (+/-)', sign -1 (component of ORADJ in GD_CH = B9_T3 + F_ASS + ORADJ + YA3, solved for B9_T3)",20260910T102726Z,ggfiscal.debt.chains,,A,
DEU,2025,B_s1311_b9,less_statistical_discrepancy,1843.8,official,EUROSTAT_GOV10DD,"accrual/valuation; gov_10dd_edpt3 S1311 YA3 'Total statistical discrepancies', sign -1 (gov_10dd_edpt3 identity GD_CH = B9_T3 + F_ASS + ORADJ + YA3, solved for B9_T3)",20260910T102726Z,ggfiscal.debt.chains,,A,
DEU,2025,B_s1311_b9,special_funds_net_borrowing_added_back,31019.116011000002,official,BMF_DATENPORTAL,cash,20260910T102726Z,ggfiscal.debt.chains,,A,
DEU,2025,B_s1311_b9,official_total,79561.0,official,EUROSTAT_GOV10A_MAIN_S1311,"accrued, net borrowing = -B.9",20260910T102726Z,ggfiscal.debt.chains,,A,
DEU,2025,B_s1311_b9,residual,-5769.357053979998,residual,,"accrued, net borrowing = -B.9",20260910T102726Z,ggfiscal.debt.chains,,B,
DEU,2025,C_s13_nlb,carried_from_previous_step,79561.0,computed,,,20260910T102726Z,ggfiscal.debt.chains,,B,
DEU,2025,C_s13_nlb,state_government_net_borrowing,9772.0,official,EUROSTAT_GOV10A_MAIN_S1311,"accrued, net borrowing = -B.9",20260910T102726Z,ggfiscal.debt.chains,,A,
DEU,2025,C_s13_nlb,local_government_net_borrowing,28080.0,official,EUROSTAT_GOV10A_MAIN_S1311,"accrued, net borrowing = -B.9",20260910T102726Z,ggfiscal.debt.chains,,A,
DEU,2025,C_s13_nlb,social_security_funds_net_borrowing,1734.0,official,EUROSTAT_GOV10A_MAIN_S1311,"accrued, net borrowing = -B.9",20260910T102726Z,ggfiscal.debt.chains,,A,
DEU,2025,C_s13_nlb,official_total,119147.0,official,package_NLB,"accrued, net borrowing = -B.9",20260910T102726Z,ggfiscal.debt.chains,,A,
DEU,2025,C_s13_nlb,residual,0.0,residual,,"accrued, net borrowing = -B.9",20260910T102726Z,ggfiscal.debt.chains,,B,
DEU,2026,register,sum_bill,39000.0,computed,ggfiscal.debt.register,nominal,20260910T102726Z,ggfiscal.debt.chains,,A,computed from the per-security register (debt_interest_by_security / debt_flows)
DEU,2026,register,sum_fixed_bullet,138000.0,computed,ggfiscal.debt.register,nominal,20260910T102726Z,ggfiscal.debt.chains,,A,computed from the per-security register (debt_interest_by_security / debt_flows)
DEU,2026,register,sum_inflation_linked,-19200.0,computed,ggfiscal.debt.register,nominal,20260910T102726Z,ggfiscal.debt.chains,,A,computed from the per-security register (debt_interest_by_security / debt_flows)
DEU,2026,register,official_total,157800.0,computed,,nominal,20260910T102726Z,ggfiscal.debt.chains,,B,
DEU,2026,A_cg_cash_requirement,carried_from_previous_step,157800.0,computed,,,20260910T102726Z,ggfiscal.debt.chains,,B,
DEU,2026,A_cg_cash_requirement,official_total,,official,,,20260910T102726Z,ggfiscal.debt.chains,,A,
DEU,2026,A_cg_cash_requirement,residual,,residual,,,20260910T102726Z,ggfiscal.debt.chains,,B,
DEU,2026,B_s1311_b9,carried_from_previous_step,157800.0,computed,,,20260910T102726Z,ggfiscal.debt.chains,,B,
DEU,2026,B_s1311_b9,special_funds_net_borrowing_added_back,0.0,official,BMF_DATENPORTAL,cash,20260910T102726Z,ggfiscal.debt.chains,,A,
DEU,2026,B_s1311_b9,official_total,,official,,,20260910T102726Z,ggfiscal.debt.chains,,A,
DEU,2026,B_s1311_b9,residual,,residual,,,20260910T102726Z,ggfiscal.debt.chains,,B,
DEU,2026,C_s13_nlb,carried_from_previous_step,157800.0,computed,,,20260910T102726Z,ggfiscal.debt.chains,,B,
DEU,2026,C_s13_nlb,official_total,,official,,,20260910T102726Z,ggfiscal.debt.chains,,A,
DEU,2026,C_s13_nlb,residual,,residual,,,20260910T102726Z,ggfiscal.debt.chains,,B,
