iso3,year,instrument_class,bucket,gross_nominal_lcu_mn,gross_cash_lcu_mn,n_operations,weighted_residual_years_at_issue,run_id,source_id,snapshot_sha256,quality_grade,notes
GBR,1981,inflation_linked,15-20,1000.0,1000.0,1,15.474332648870636,20260910T112045Z,ggfiscal.debt.maturity,,A,
GBR,1981,inflation_linked,20-30,1000.0,860.0,1,25.02943189596167,20260910T112045Z,ggfiscal.debt.maturity,,A,
GBR,1982,inflation_linked,5-7,1000.0,992.5,2,5.8494182067077345,20260910T112045Z,ggfiscal.debt.maturity,,A,
GBR,1982,inflation_linked,15-20,250.0,235.0,1,19.080082135523615,20260910T112045Z,ggfiscal.debt.maturity,,A,
GBR,1982,inflation_linked,20-30,1400.0,1314.0,3,27.106189498386623,20260910T112045Z,ggfiscal.debt.maturity,,A,
GBR,1983,inflation_linked,15-20,1200.0,1166.0,3,16.937485740360486,20260910T112045Z,ggfiscal.debt.maturity,,A,
GBR,1983,inflation_linked,20-30,100.0,95.75,1,25.70020533880903,20260910T112045Z,ggfiscal.debt.maturity,,A,
GBR,1983,inflation_linked,30+,1500.0,1428.75,2,35.01437371663245,20260910T112045Z,ggfiscal.debt.maturity,,A,
GBR,1984,inflation_linked,5-7,400.0,361.5,2,5.873374401095139,20260910T112045Z,ggfiscal.debt.maturity,,A,
GBR,1984,inflation_linked,15-20,250.0,250.25,2,17.501984941820673,20260910T112045Z,ggfiscal.debt.maturity,,A,
GBR,1984,inflation_linked,20-30,200.0,199.0,2,25.66050650239562,20260910T112045Z,ggfiscal.debt.maturity,,A,
GBR,1984,inflation_linked,30+,200.0,189.75,1,31.786447638603693,20260910T112045Z,ggfiscal.debt.maturity,,A,
GBR,1985,fixed_bullet,15-20,400.0,382.0,1,19.498973305954827,20260910T112045Z,ggfiscal.debt.maturity,,A,
GBR,1985,inflation_linked,3-5,100.0,98.25,1,4.692676249144422,20260910T112045Z,ggfiscal.debt.maturity,,A,
GBR,1985,inflation_linked,15-20,400.0,400.25,3,17.003764544832308,20260910T112045Z,ggfiscal.debt.maturity,,A,
GBR,1985,inflation_linked,20-30,900.0,838.75,4,27.333485436154838,20260910T112045Z,ggfiscal.debt.maturity,,A,
GBR,1985,inflation_linked,30+,400.0,381.5,3,33.54585900068446,20260910T112045Z,ggfiscal.debt.maturity,,A,
GBR,1986,fixed_bullet,15-20,1850.0,1753.625,3,18.303420463584736,20260910T112045Z,ggfiscal.debt.maturity,,A,
GBR,1986,fixed_bullet,20-30,1050.0,975.5,3,20.95016459698185,20260910T112045Z,ggfiscal.debt.maturity,,A,
GBR,1986,inflation_linked,10-15,50.0,49.5625,1,14.850102669404516,20260910T112045Z,ggfiscal.debt.maturity,,A,
GBR,1986,inflation_linked,15-20,100.0,106.75,1,17.010266940451746,20260910T112045Z,ggfiscal.debt.maturity,,A,
GBR,1986,inflation_linked,20-30,850.0,814.9375,5,27.711398317027015,20260910T112045Z,ggfiscal.debt.maturity,,A,
GBR,1986,inflation_linked,30+,850.0,705.59375,4,35.996134798888754,20260910T112045Z,ggfiscal.debt.maturity,,A,
GBR,1987,fixed_bullet,15-20,200.0,187.5,1,19.709787816564,20260910T112045Z,ggfiscal.debt.maturity,,A,
GBR,1987,inflation_linked,5-7,400.0,374.0,1,5.092402464065708,20260910T112045Z,ggfiscal.debt.maturity,,A,
GBR,1987,inflation_linked,10-15,100.0,108.625,1,13.872689938398358,20260910T112045Z,ggfiscal.debt.maturity,,A,
GBR,1987,inflation_linked,15-20,150.0,161.1875,2,17.53867214236824,20260910T112045Z,ggfiscal.debt.maturity,,A,
GBR,1987,inflation_linked,20-30,250.0,265.1875,3,24.078850102669406,20260910T112045Z,ggfiscal.debt.maturity,,A,
GBR,1987,inflation_linked,30+,200.0,179.3125,2,34.87063655030801,20260910T112045Z,ggfiscal.debt.maturity,,A,
GBR,1988,fixed_bullet,15-20,500.0,496.625,3,17.844490075290896,20260910T112045Z,ggfiscal.debt.maturity,,A,
GBR,1988,inflation_linked,3-5,250.0,253.59375,1,3.980835044490075,20260910T112045Z,ggfiscal.debt.maturity,,A,
GBR,1988,inflation_linked,5-7,400.0,381.0,1,5.952087611225188,20260910T112045Z,ggfiscal.debt.maturity,,A,
GBR,1988,inflation_linked,15-20,150.0,165.0625,2,17.088751996349533,20260910T112045Z,ggfiscal.debt.maturity,,A,
GBR,1988,inflation_linked,20-30,650.0,635.09375,6,25.04796503975149,20260910T112045Z,ggfiscal.debt.maturity,,A,
GBR,1988,inflation_linked,30+,350.0,299.71875,4,34.44646523907304,20260910T112045Z,ggfiscal.debt.maturity,,A,
GBR,1991,fixed_bullet,10-15,550.0,527.03125,3,13.810466056872627,20260910T112045Z,ggfiscal.debt.maturity,,A,
GBR,1991,fixed_bullet,15-20,3750.0,3480.78125,5,18.40025553274013,20260910T112045Z,ggfiscal.debt.maturity,,A,
GBR,1991,inflation_linked,3-5,200.0,293.9375,2,4.057494866529774,20260910T112045Z,ggfiscal.debt.maturity,,A,
GBR,1991,inflation_linked,10-15,100.0,141.9375,1,10.376454483230663,20260910T112045Z,ggfiscal.debt.maturity,,A,
GBR,1991,inflation_linked,20-30,200.0,243.375,2,21.082819986310746,20260910T112045Z,ggfiscal.debt.maturity,,A,
GBR,1992,fixed_bullet,10-15,4700.0,4704.859375,8,11.416808656268659,20260910T112045Z,ggfiscal.debt.maturity,,A,
GBR,1992,fixed_bullet,15-20,400.0,381.75,2,17.2580424366872,20260910T112045Z,ggfiscal.debt.maturity,,A,
GBR,1992,fixed_bullet,20-30,5000.0,4853.125,2,25.156741957563312,20260910T112045Z,ggfiscal.debt.maturity,,A,
GBR,1992,inflation_linked,5-7,500.0,500.0,1,5.604380561259411,20260910T112045Z,ggfiscal.debt.maturity,,A,
GBR,1992,inflation_linked,7-10,250.0,374.34375,2,9.376043805612593,20260910T112045Z,ggfiscal.debt.maturity,,A,
GBR,1992,inflation_linked,10-15,750.0,833.25,2,12.4145106091718,20260910T112045Z,ggfiscal.debt.maturity,,A,
GBR,1992,inflation_linked,15-20,400.0,552.65625,3,17.52498288843258,20260910T112045Z,ggfiscal.debt.maturity,,A,
GBR,1992,inflation_linked,20-30,850.0,985.375,6,23.212304223537465,20260910T112045Z,ggfiscal.debt.maturity,,A,
GBR,1992,inflation_linked,30+,650.0,659.75,2,36.63223292792081,20260910T112045Z,ggfiscal.debt.maturity,,A,
GBR,1993,fixed_bullet,7-10,3450.0,3515.390625,2,9.934628852582605,20260910T112045Z,ggfiscal.debt.maturity,,A,
GBR,1993,fixed_bullet,10-15,15600.0,15539.9375,11,12.294064479896102,20260910T112045Z,ggfiscal.debt.maturity,,A,
GBR,1993,fixed_bullet,15-20,2950.0,3267.125,3,18.473346558544762,20260910T112045Z,ggfiscal.debt.maturity,,A,
GBR,1993,fixed_bullet,20-30,6300.0,6292.39095,8,21.566115837163064,20260910T112045Z,ggfiscal.debt.maturity,,A,
GBR,1993,inflation_linked,3-5,400.0,533.1875,3,4.322381930184805,20260910T112045Z,ggfiscal.debt.maturity,,A,
GBR,1993,inflation_linked,7-10,500.0,843.09375,4,8.895277207392198,20260910T112045Z,ggfiscal.debt.maturity,,A,
GBR,1993,inflation_linked,10-15,600.0,892.15625,3,11.335614875655944,20260910T112045Z,ggfiscal.debt.maturity,,A,
GBR,1993,inflation_linked,15-20,700.0,1092.90625,4,17.48723965972426,20260910T112045Z,ggfiscal.debt.maturity,,A,
GBR,1993,inflation_linked,20-30,1850.0,2583.6875,9,24.752390994690792,20260910T112045Z,ggfiscal.debt.maturity,,A,
GBR,1993,inflation_linked,30+,1650.0,1924.625,9,33.87700412751748,20260910T112045Z,ggfiscal.debt.maturity,,A,
GBR,1994,fixed_bullet,7-10,650.0,634.09375,2,8.734586426578213,20260910T112045Z,ggfiscal.debt.maturity,,A,
GBR,1994,fixed_bullet,10-15,5250.0,5136.984375,6,11.264795801962126,20260910T112045Z,ggfiscal.debt.maturity,,A,
GBR,1994,fixed_bullet,15-20,5600.0,5164.046875,5,16.980981715067955,20260910T112045Z,ggfiscal.debt.maturity,,A,
GBR,1994,fixed_bullet,20-30,600.0,622.625,2,22.910335386721425,20260910T112045Z,ggfiscal.debt.maturity,,A,
GBR,1994,inflation_linked,5-7,100.0,167.1875,1,6.822724161533197,20260910T112045Z,ggfiscal.debt.maturity,,A,
GBR,1994,inflation_linked,7-10,250.0,404.875,2,8.6362765229295,20260910T112045Z,ggfiscal.debt.maturity,,A,
GBR,1994,inflation_linked,10-15,450.0,641.28125,4,12.634572971328618,20260910T112045Z,ggfiscal.debt.maturity,,A,
GBR,1994,inflation_linked,15-20,450.0,675.75,3,17.782340862423,20260910T112045Z,ggfiscal.debt.maturity,,A,
GBR,1994,inflation_linked,20-30,850.0,1076.5625,7,25.63175906913073,20260910T112045Z,ggfiscal.debt.maturity,,A,
GBR,1994,inflation_linked,30+,100.0,116.3125,1,30.255989048596852,20260910T112045Z,ggfiscal.debt.maturity,,A,
GBR,1995,fixed_bullet,7-10,350.0,356.5,2,7.63234575144226,20260910T112045Z,ggfiscal.debt.maturity,,A,
GBR,1995,fixed_bullet,10-15,10500.0,10334.84375,4,10.881131644992015,20260910T112045Z,ggfiscal.debt.maturity,,A,
GBR,1995,fixed_bullet,15-20,300.0,306.5625,1,18.321697467488022,20260910T112045Z,ggfiscal.debt.maturity,,A,
GBR,1995,fixed_bullet,20-30,9500.0,9128.125,4,20.458950250369252,20260910T112045Z,ggfiscal.debt.maturity,,A,
GBR,1995,inflation_linked,5-7,100.0,177.4375,1,6.04517453798768,20260910T112045Z,ggfiscal.debt.maturity,,A,
GBR,1995,inflation_linked,7-10,250.0,419.78125,2,7.899794661190965,20260910T112045Z,ggfiscal.debt.maturity,,A,
GBR,1995,inflation_linked,10-15,600.0,1015.0625,5,12.43212411590235,20260910T112045Z,ggfiscal.debt.maturity,,A,
GBR,1995,inflation_linked,15-20,700.0,1091.25,5,16.87337440109514,20260910T112045Z,ggfiscal.debt.maturity,,A,
GBR,1995,inflation_linked,20-30,850.0,1136.28125,7,25.358940290695337,20260910T112045Z,ggfiscal.debt.maturity,,A,
GBR,1996,fixed_bullet,7-10,100.0,101.875,1,9.776865160848734,20260910T112045Z,ggfiscal.debt.maturity,,A,
GBR,1996,fixed_bullet,10-15,5700.0,5498.78125,3,10.451193006472376,20260910T112045Z,ggfiscal.debt.maturity,,A,
GBR,1996,fixed_bullet,15-20,3000.0,2986.875,2,19.240246406570844,20260910T112045Z,ggfiscal.debt.maturity,,A,
GBR,1996,fixed_bullet,20-30,9000.0,8803.125,3,24.99566506958704,20260910T112045Z,ggfiscal.debt.maturity,,A,
GBR,1996,inflation_linked,3-5,150.0,278.34375,1,4.941820670773443,20260910T112045Z,ggfiscal.debt.maturity,,A,
GBR,1996,inflation_linked,5-7,650.0,1155.78125,4,6.106881482651503,20260910T112045Z,ggfiscal.debt.maturity,,A,
GBR,1996,inflation_linked,7-10,400.0,627.75,3,8.794661190965092,20260910T112045Z,ggfiscal.debt.maturity,,A,
GBR,1996,inflation_linked,10-15,500.0,843.21875,3,12.172484599589323,20260910T112045Z,ggfiscal.debt.maturity,,A,
GBR,1996,inflation_linked,15-20,1250.0,1891.84375,7,17.183189596167008,20260910T112045Z,ggfiscal.debt.maturity,,A,
GBR,1996,inflation_linked,20-30,1000.0,1297.28125,6,25.881724845995894,20260910T112045Z,ggfiscal.debt.maturity,,A,
GBR,1997,fixed_bullet,5-7,2000.0,1994.375,1,5.987679671457905,20260910T112045Z,ggfiscal.debt.maturity,,A,
GBR,1997,fixed_bullet,10-15,9000.0,8965.9375,4,10.553350064643698,20260910T112045Z,ggfiscal.debt.maturity,,A,
GBR,1997,fixed_bullet,20-30,7500.0,8311.5625,4,24.004380561259413,20260910T112045Z,ggfiscal.debt.maturity,,A,
GBR,1997,inflation_linked,5-7,350.0,648.96875,3,5.914539943287377,20260910T112045Z,ggfiscal.debt.maturity,,A,
GBR,1997,inflation_linked,7-10,250.0,497.953125,2,9.050239561943872,20260910T112045Z,ggfiscal.debt.maturity,,A,
GBR,1997,inflation_linked,10-15,475.0,841.375,4,13.149609135775783,20260910T112045Z,ggfiscal.debt.maturity,,A,
GBR,1997,inflation_linked,15-20,925.0,1447.0,5,17.944096046765452,20260910T112045Z,ggfiscal.debt.maturity,,A,
GBR,1997,inflation_linked,20-30,1050.0,1480.15625,7,25.162934715296114,20260910T112045Z,ggfiscal.debt.maturity,,A,
GBR,1998,fixed_bullet,7-10,2000.0,2196.875,1,9.700205338809035,20260910T112045Z,ggfiscal.debt.maturity,,A,
GBR,1998,fixed_bullet,10-15,2500.0,2506.25,1,11.356605065023956,20260910T112045Z,ggfiscal.debt.maturity,,A,
GBR,1998,fixed_bullet,30+,5000.0,5087.8125,2,30.671594798083504,20260910T112045Z,ggfiscal.debt.maturity,,A,
GBR,1998,inflation_linked,5-7,350.0,579.09375,2,5.702943189596167,20260910T112045Z,ggfiscal.debt.maturity,,A,
GBR,1998,inflation_linked,10-15,450.0,824.4,1,14.72142368240931,20260910T112045Z,ggfiscal.debt.maturity,,A,
GBR,1998,inflation_linked,15-20,150.0,277.875,1,18.182067077344286,20260910T112045Z,ggfiscal.debt.maturity,,A,
GBR,1998,inflation_linked,20-30,150.0,227.0625,1,26.288843258042437,20260910T112045Z,ggfiscal.debt.maturity,,A,
GBR,1998,inflation_linked,30+,350.0,529.5,2,32.251882272416154,20260910T112045Z,ggfiscal.debt.maturity,,A,
GBR,1999,fixed_bullet,3-5,2500.0,2469.7500000000005,1,4.958247775496235,20260910T112045Z,ggfiscal.debt.maturity,,A,
GBR,1999,fixed_bullet,10-15,2750.0,2761.275,1,10.190280629705681,20260910T112045Z,ggfiscal.debt.maturity,,A,
GBR,1999,fixed_bullet,20-30,4900.0,6094.949999999999,3,29.31394487979997,20260910T112045Z,ggfiscal.debt.maturity,,A,
GBR,1999,inflation_linked,10-15,375.0,845.625,1,12.068446269678304,20260910T112045Z,ggfiscal.debt.maturity,,A,
GBR,1999,inflation_linked,15-20,370.0,757.0570000000001,1,16.744695414099933,20260910T112045Z,ggfiscal.debt.maturity,,A,
GBR,1999,inflation_linked,20-30,450.0,817.2,1,25.467488021902806,20260910T112045Z,ggfiscal.debt.maturity,,A,
GBR,1999,inflation_linked,30+,500.0,896.7,1,31.23066392881588,20260910T112045Z,ggfiscal.debt.maturity,,A,
GBR,2000,bill,0-1,15650.0,13353.330137105195,80,0.1135289628312701,20260910T112045Z,ggfiscal.debt.maturity,,A,
GBR,2000,fixed_bullet,30+,4750.0,4593.824999999999,2,31.8008573795886,20260910T112045Z,ggfiscal.debt.maturity,,A,
GBR,2000,inflation_linked,10-15,435.0,850.2075,1,13.05407255304586,20260910T112045Z,ggfiscal.debt.maturity,,A,
GBR,2000,inflation_linked,15-20,375.0,821.25,1,19.95071868583162,20260910T112045Z,ggfiscal.debt.maturity,,A,
GBR,2000,inflation_linked,20-30,820.0,1542.437,2,27.36017762641692,20260910T112045Z,ggfiscal.debt.maturity,,A,
GBR,2001,bill,0-1,33200.0,32989.48936454962,106,0.1432217576672192,20260910T112045Z,ggfiscal.debt.maturity,,A,
GBR,2001,fixed_bullet,10-15,2525.0,2494.9525,1,10.784394250513348,20260910T112045Z,ggfiscal.debt.maturity,,A,
GBR,2001,fixed_bullet,20-30,5250.0,5391.825,2,23.33965646491314,20260910T112045Z,ggfiscal.debt.maturity,,A,
GBR,2001,fixed_bullet,30+,2000.0,1936.4,1,31.19233401779603,20260910T112045Z,ggfiscal.debt.maturity,,A,
GBR,2001,inflation_linked,10-15,845.0,1849.0500000000002,2,12.655869166373035,20260910T112045Z,ggfiscal.debt.maturity,,A,
GBR,2001,inflation_linked,15-20,470.0,1028.125,1,15.498973305954825,20260910T112045Z,ggfiscal.debt.maturity,,A,
GBR,2001,inflation_linked,20-30,500.0,910.25,1,22.976043805612594,20260910T112045Z,ggfiscal.debt.maturity,,A,
GBR,2002,bill,0-1,82000.0,81416.75232202493,113,0.18468472980417688,20260910T112045Z,ggfiscal.debt.maturity,,A,
GBR,2002,fixed_bullet,1-2,315.0,,6,1.2985235161826538,20260910T112045Z,ggfiscal.debt.maturity,,A,
GBR,2002,fixed_bullet,2-3,274.0,,5,2.4548429482855956,20260910T112045Z,ggfiscal.debt.maturity,,A,
GBR,2002,fixed_bullet,3-5,332.0,,7,4.0818551413044375,20260910T112045Z,ggfiscal.debt.maturity,,A,
GBR,2002,fixed_bullet,5-7,3261.0,3038.715,5,5.675578954482705,20260910T112045Z,ggfiscal.debt.maturity,,A,
GBR,2002,fixed_bullet,7-10,2802.0,2254.23,8,9.705702536713533,20260910T112045Z,ggfiscal.debt.maturity,,A,
GBR,2002,fixed_bullet,10-15,5726.0,5635.775,7,12.010828998363076,20260910T112045Z,ggfiscal.debt.maturity,,A,
GBR,2002,fixed_bullet,15-20,442.0,,4,17.303805426767138,20260910T112045Z,ggfiscal.debt.maturity,,A,
GBR,2002,fixed_bullet,20-30,5416.0,5034.725,6,22.67963708311723,20260910T112045Z,ggfiscal.debt.maturity,,A,
GBR,2002,fixed_bullet,30+,249.0,,2,30.026504374788683,20260910T112045Z,ggfiscal.debt.maturity,,A,
GBR,2002,inflation_linked,0-1,29.0,,1,0.9527720739219713,20260910T112045Z,ggfiscal.debt.maturity,,A,
GBR,2002,inflation_linked,1-2,5.0,,1,1.218343600273785,20260910T112045Z,ggfiscal.debt.maturity,,A,
GBR,2002,inflation_linked,2-3,38.0,,2,2.439353002629778,20260910T112045Z,ggfiscal.debt.maturity,,A,
GBR,2002,inflation_linked,3-5,37.0,,2,4.160793236768596,20260910T112045Z,ggfiscal.debt.maturity,,A,
GBR,2002,inflation_linked,5-7,39.0,,1,6.9541409993155385,20260910T112045Z,ggfiscal.debt.maturity,,A,
GBR,2002,inflation_linked,7-10,76.0,,3,9.015274325443999,20260910T112045Z,ggfiscal.debt.maturity,,A,
GBR,2002,inflation_linked,10-15,621.0,889.74,5,11.325849433637428,20260910T112045Z,ggfiscal.debt.maturity,,A,
GBR,2002,inflation_linked,15-20,493.0,893.2225,3,17.967870515762772,20260910T112045Z,ggfiscal.debt.maturity,,A,
GBR,2002,inflation_linked,20-30,652.0,881.75,5,27.666339132370044,20260910T112045Z,ggfiscal.debt.maturity,,A,
GBR,2002,inflation_linked,30+,1850.0,1820.1,2,32.44227389607266,20260910T112045Z,ggfiscal.debt.maturity,,A,
GBR,2003,bill,0-1,85548.1742,84913.33136939703,113,0.20715023474043692,20260910T112045Z,ggfiscal.debt.maturity,,A,
GBR,2003,fixed_bullet,3-5,2500.0,2590.75,1,4.947296372347707,20260910T112045Z,ggfiscal.debt.maturity,,A,
GBR,2003,fixed_bullet,5-7,16000.0,15920.475,5,5.536575975359343,20260910T112045Z,ggfiscal.debt.maturity,,A,
GBR,2003,fixed_bullet,10-15,12750.0,13107.650000000001,5,11.512072043054046,20260910T112045Z,ggfiscal.debt.maturity,,A,
GBR,2003,fixed_bullet,30+,12250.0,11538.8,5,32.653340597019096,20260910T112045Z,ggfiscal.debt.maturity,,A,
GBR,2003,inflation_linked,5-7,425.0,995.6475,1,6.091718001368925,20260910T112045Z,ggfiscal.debt.maturity,,A,
GBR,2003,inflation_linked,7-10,400.0,990.0,1,7.83025325119781,20260910T112045Z,ggfiscal.debt.maturity,,A,
GBR,2003,inflation_linked,10-15,425.0,906.3125,1,10.08350444900753,20260910T112045Z,ggfiscal.debt.maturity,,A,
GBR,2003,inflation_linked,15-20,425.0,960.5425,1,17.229295003422312,20260910T112045Z,ggfiscal.debt.maturity,,A,
GBR,2003,inflation_linked,20-30,350.0,700.0,1,21.062286105407257,20260910T112045Z,ggfiscal.debt.maturity,,A,
GBR,2003,inflation_linked,30+,1325.0,1336.3,2,31.242545168080788,20260910T112045Z,ggfiscal.debt.maturity,,A,
GBR,2004,bill,0-1,97196.481635,96332.44168444781,115,0.2004496383183829,20260910T112045Z,ggfiscal.debt.maturity,,A,
GBR,2004,fixed_bullet,2-3,8500.0,8422.8,3,2.788662076740347,20260910T112045Z,ggfiscal.debt.maturity,,A,
GBR,2004,fixed_bullet,3-5,3000.0,3001.5,1,3.0609171800136887,20260910T112045Z,ggfiscal.debt.maturity,,A,
GBR,2004,fixed_bullet,5-7,6000.0,6112.6,2,5.451060917180014,20260910T112045Z,ggfiscal.debt.maturity,,A,
GBR,2004,fixed_bullet,10-15,7750.0,7602.325,3,11.021880726855226,20260910T112045Z,ggfiscal.debt.maturity,,A,
GBR,2004,fixed_bullet,20-30,2500.0,2574.75,1,21.10335386721424,20260910T112045Z,ggfiscal.debt.maturity,,A,
GBR,2004,fixed_bullet,30+,12000.0,12133.6,5,34.33572895277208,20260910T112045Z,ggfiscal.debt.maturity,,A,
GBR,2004,inflation_linked,7-10,425.0,894.285,1,9.051334702258726,20260910T112045Z,ggfiscal.debt.maturity,,A,
GBR,2004,inflation_linked,10-15,750.0,1791.995,2,12.164453570613734,20260910T112045Z,ggfiscal.debt.maturity,,A,
GBR,2004,inflation_linked,15-20,475.0,1111.785,1,15.904175222450377,20260910T112045Z,ggfiscal.debt.maturity,,A,
GBR,2004,inflation_linked,20-30,350.0,717.15,1,25.809719370294317,20260910T112045Z,ggfiscal.debt.maturity,,A,
GBR,2004,inflation_linked,30+,2375.0,2653.8325,4,30.602917972549445,20260910T112045Z,ggfiscal.debt.maturity,,A,
GBR,2005,bill,0-1,94047.146565,93148.9689591467,115,0.20956041276390808,20260910T112045Z,ggfiscal.debt.maturity,,A,
GBR,2005,fixed_bullet,1-2,1370.0,,6,1.5355685786657476,20260910T112045Z,ggfiscal.debt.maturity,,A,
GBR,2005,fixed_bullet,2-3,1387.0,,5,2.520145262032751,20260910T112045Z,ggfiscal.debt.maturity,,A,
GBR,2005,fixed_bullet,3-5,4562.0,2975.4,6,3.762055440578226,20260910T112045Z,ggfiscal.debt.maturity,,A,
GBR,2005,fixed_bullet,5-7,13433.0,12026.125,11,5.3536504566761804,20260910T112045Z,ggfiscal.debt.maturity,,A,
GBR,2005,fixed_bullet,7-10,1245.0,,5,9.094342049924544,20260910T112045Z,ggfiscal.debt.maturity,,A,
GBR,2005,fixed_bullet,10-15,9354.0,8242.675,10,14.256635900236745,20260910T112045Z,ggfiscal.debt.maturity,,A,
GBR,2005,fixed_bullet,15-20,4098.0,2616.0,5,19.040468147097013,20260910T112045Z,ggfiscal.debt.maturity,,A,
GBR,2005,fixed_bullet,20-30,4081.0,2711.5,5,26.228528693679213,20260910T112045Z,ggfiscal.debt.maturity,,A,
GBR,2005,fixed_bullet,30+,13478.0,12237.825,10,41.658990913678984,20260910T112045Z,ggfiscal.debt.maturity,,A,
GBR,2005,inflation_linked,1-2,72.0,,1,1.2457221081451062,20260910T112045Z,ggfiscal.debt.maturity,,A,
GBR,2005,inflation_linked,3-5,206.0,,2,3.8499232471441958,20260910T112045Z,ggfiscal.debt.maturity,,A,
GBR,2005,inflation_linked,5-7,289.0,,2,6.108097738431041,20260910T112045Z,ggfiscal.debt.maturity,,A,
GBR,2005,inflation_linked,7-10,1325.0,2023.0275,4,8.069545542598117,20260910T112045Z,ggfiscal.debt.maturity,,A,
GBR,2005,inflation_linked,10-15,1673.0,2072.4925000000003,6,12.796089439186533,20260910T112045Z,ggfiscal.debt.maturity,,A,
GBR,2005,inflation_linked,15-20,382.0,,2,19.00812396300318,20260910T112045Z,ggfiscal.debt.maturity,,A,
GBR,2005,inflation_linked,20-30,2764.0,3589.6175,8,27.16172932323379,20260910T112045Z,ggfiscal.debt.maturity,,A,
GBR,2005,inflation_linked,30+,2588.0,2778.68,4,45.27723172394678,20260910T112045Z,ggfiscal.debt.maturity,,A,
GBR,2006,bill,0-1,85945.8832,85046.96620331181,115,0.22568049818718827,20260910T112045Z,ggfiscal.debt.maturity,,A,
GBR,2006,fixed_bullet,3-5,7500.0,7327.0,3,4.474560803102898,20260910T112045Z,ggfiscal.debt.maturity,,A,
GBR,2006,fixed_bullet,5-7,3000.0,2997.6,1,5.106091718001369,20260910T112045Z,ggfiscal.debt.maturity,,A,
GBR,2006,fixed_bullet,7-10,2500.0,2388.75,1,9.787816563997263,20260910T112045Z,ggfiscal.debt.maturity,,A,
GBR,2006,fixed_bullet,10-15,10750.0,10632.75,4,11.206787323114147,20260910T112045Z,ggfiscal.debt.maturity,,A,
GBR,2006,fixed_bullet,20-30,6750.0,6739.200000000001,3,21.142596395163128,20260910T112045Z,ggfiscal.debt.maturity,,A,
GBR,2006,fixed_bullet,30+,14000.0,14547.3,6,43.40290407744207,20260910T112045Z,ggfiscal.debt.maturity,,A,
GBR,2006,inflation_linked,10-15,5800.0,5660.04,5,11.396728740352618,20260910T112045Z,ggfiscal.debt.maturity,,A,
GBR,2006,inflation_linked,15-20,450.0,1068.66,1,17.976728268309376,20260910T112045Z,ggfiscal.debt.maturity,,A,
GBR,2006,inflation_linked,20-30,5950.0,6747.875,7,23.642031761369847,20260910T112045Z,ggfiscal.debt.maturity,,A,
GBR,2006,inflation_linked,30+,2000.0,2380.7799999999997,3,49.46646132785763,20260910T112045Z,ggfiscal.debt.maturity,,A,
GBR,2007,bill,0-1,72547.67033,71650.78204669885,119,0.22383972226337717,20260910T112045Z,ggfiscal.debt.maturity,,A,
GBR,2007,fixed_bullet,3-5,7500.0,7536.25,3,4.73283139402236,20260910T112045Z,ggfiscal.debt.maturity,,A,
GBR,2007,fixed_bullet,5-7,2750.0,2781.625,1,5.229295003422314,20260910T112045Z,ggfiscal.debt.maturity,,A,
GBR,2007,fixed_bullet,7-10,2750.0,2563.2749999999996,1,9.538672142368242,20260910T112045Z,ggfiscal.debt.maturity,,A,
GBR,2007,fixed_bullet,10-15,7500.0,7421.5,3,10.567191421400866,20260910T112045Z,ggfiscal.debt.maturity,,A,
GBR,2007,fixed_bullet,20-30,11250.0,10994.4,5,21.702943189596166,20260910T112045Z,ggfiscal.debt.maturity,,A,
GBR,2007,fixed_bullet,30+,12750.0,12719.525,6,36.79113151078364,20260910T112045Z,ggfiscal.debt.maturity,,A,
GBR,2007,inflation_linked,10-15,3250.0,3197.375,3,11.962891591639025,20260910T112045Z,ggfiscal.debt.maturity,,A,
GBR,2007,inflation_linked,15-20,2400.0,2455.08,2,15.24161533196441,20260910T112045Z,ggfiscal.debt.maturity,,A,
GBR,2007,inflation_linked,20-30,1950.0,1896.2350000000001,2,20.57572087962232,20260910T112045Z,ggfiscal.debt.maturity,,A,
GBR,2007,inflation_linked,30+,6850.0,7016.825,8,34.96513237108869,20260910T112045Z,ggfiscal.debt.maturity,,A,
GBR,2008,bill,0-1,70440.60526,69633.90431822314,144,0.2704776031767323,20260910T112045Z,ggfiscal.debt.maturity,,A,
GBR,2008,fixed_bullet,0-1,1000.0,1003.6,1,0.3750855578370979,20260910T112045Z,ggfiscal.debt.maturity,,A,
GBR,2008,fixed_bullet,1-2,4477.0,,5,1.434088933062239,20260910T112045Z,ggfiscal.debt.maturity,,A,
GBR,2008,fixed_bullet,2-3,17155.0,12164.475,11,2.462599509923911,20260910T112045Z,ggfiscal.debt.maturity,,A,
GBR,2008,fixed_bullet,3-5,33490.0,26082.325,19,3.9391843142159986,20260910T112045Z,ggfiscal.debt.maturity,,A,
GBR,2008,fixed_bullet,5-7,10479.0,6182.9,8,6.178528172018233,20260910T112045Z,ggfiscal.debt.maturity,,A,
GBR,2008,fixed_bullet,7-10,19937.0,12062.949999999999,17,8.773093286288496,20260910T112045Z,ggfiscal.debt.maturity,,A,
GBR,2008,fixed_bullet,10-15,13325.0,8143.0,11,11.016273672071737,20260910T112045Z,ggfiscal.debt.maturity,,A,
GBR,2008,fixed_bullet,15-20,5168.0,,6,17.7548050128946,20260910T112045Z,ggfiscal.debt.maturity,,A,
GBR,2008,fixed_bullet,20-30,18434.0,8831.3,16,23.162605746590476,20260910T112045Z,ggfiscal.debt.maturity,,A,
GBR,2008,fixed_bullet,30+,27028.0,16453.925,21,38.983291796567194,20260910T112045Z,ggfiscal.debt.maturity,,A,
GBR,2008,inflation_linked,1-2,123.0,,2,1.1551949605738356,20260910T112045Z,ggfiscal.debt.maturity,,A,
GBR,2008,inflation_linked,3-5,172.0,,2,3.413415468856947,20260910T112045Z,ggfiscal.debt.maturity,,A,
GBR,2008,inflation_linked,5-7,273.0,,2,5.396303901437372,20260910T112045Z,ggfiscal.debt.maturity,,A,
GBR,2008,inflation_linked,7-10,1820.0,1205.88,5,9.426305932260759,20260910T112045Z,ggfiscal.debt.maturity,,A,
GBR,2008,inflation_linked,10-15,3789.0,3592.2799999999997,7,14.310510503675307,20260910T112045Z,ggfiscal.debt.maturity,,A,
GBR,2008,inflation_linked,15-20,2516.0,2085.8925,6,19.192935779117686,20260910T112045Z,ggfiscal.debt.maturity,,A,
GBR,2008,inflation_linked,20-30,6537.0,6092.375,12,27.248463100110282,20260910T112045Z,ggfiscal.debt.maturity,,A,
GBR,2008,inflation_linked,30+,3944.0,3932.2025,11,41.70239895150867,20260910T112045Z,ggfiscal.debt.maturity,,A,
GBR,2009,bill,0-1,163997.025165,163755.1012657529,153,0.27557611239650165,20260910T112045Z,ggfiscal.debt.maturity,,A,
GBR,2009,fixed_bullet,0-1,1500.0,1566.15,1,0.9144421629021219,20260910T112045Z,ggfiscal.debt.maturity,,A,
GBR,2009,fixed_bullet,1-2,2537.0,,2,1.486784635984284,20260910T112045Z,ggfiscal.debt.maturity,,A,
GBR,2009,fixed_bullet,2-3,16150.569,13318.841028900002,6,2.686370928079294,20260910T112045Z,ggfiscal.debt.maturity,,A,
GBR,2009,fixed_bullet,3-5,52383.795,46828.674783,14,4.334618150875748,20260910T112045Z,ggfiscal.debt.maturity,,A,
GBR,2009,fixed_bullet,5-7,24104.409,20620.2961206,7,5.584287182384731,20260910T112045Z,ggfiscal.debt.maturity,,A,
GBR,2009,fixed_bullet,7-10,34673.843,30909.2537172,11,9.33809905978166,20260910T112045Z,ggfiscal.debt.maturity,,A,
GBR,2009,fixed_bullet,10-15,42422.119,39168.6364451,14,11.395581858823553,20260910T112045Z,ggfiscal.debt.maturity,,A,
GBR,2009,fixed_bullet,15-20,11111.239,6551.4296614,7,18.121846897295804,20260910T112045Z,ggfiscal.debt.maturity,,A,
GBR,2009,fixed_bullet,20-30,29003.681,22270.1963783,13,25.400355288155993,20260910T112045Z,ggfiscal.debt.maturity,,A,
GBR,2009,fixed_bullet,30+,29049.997,22506.5530996,13,39.67967553480612,20260910T112045Z,ggfiscal.debt.maturity,,A,
GBR,2009,inflation_linked,7-10,600.0,637.98,1,8.101300479123887,20260910T112045Z,ggfiscal.debt.maturity,,A,
GBR,2009,inflation_linked,10-15,2200.0,2332.1099999999997,2,13.608487337440108,20260910T112045Z,ggfiscal.debt.maturity,,A,
GBR,2009,inflation_linked,15-20,3006.2219999999998,3118.282428,3,18.383539576108294,20260910T112045Z,ggfiscal.debt.maturity,,A,
GBR,2009,inflation_linked,20-30,8978.47,9517.491251,10,24.82986754868051,20260910T112045Z,ggfiscal.debt.maturity,,A,
GBR,2009,inflation_linked,30+,13443.26,12976.9092,7,36.9972471364354,20260910T112045Z,ggfiscal.debt.maturity,,A,
GBR,2010,bill,0-1,202997.472025,202679.4368709243,153,0.3013653661512861,20260910T112045Z,ggfiscal.debt.maturity,,A,
GBR,2010,fixed_bullet,2-3,8529.7,9197.1854,2,2.6124102811774557,20260910T112045Z,ggfiscal.debt.maturity,,A,
GBR,2010,fixed_bullet,3-5,25744.92,27619.5500479,6,4.522034119112138,20260910T112045Z,ggfiscal.debt.maturity,,A,
GBR,2010,fixed_bullet,5-7,20979.012,21549.5807445,5,5.365911888252542,20260910T112045Z,ggfiscal.debt.maturity,,A,
GBR,2010,fixed_bullet,7-10,30951.731,32207.6413436,9,9.640252292744671,20260910T112045Z,ggfiscal.debt.maturity,,A,
GBR,2010,fixed_bullet,10-15,13912.505000000001,14094.7928795,4,10.952977869211498,20260910T112045Z,ggfiscal.debt.maturity,,A,
GBR,2010,fixed_bullet,15-20,4674.969999999999,4877.153307,3,17.70973746028365,20260910T112045Z,ggfiscal.debt.maturity,,A,
GBR,2010,fixed_bullet,20-30,16790.036,17121.0997279,9,25.289482745399262,20260910T112045Z,ggfiscal.debt.maturity,,A,
GBR,2010,fixed_bullet,30+,24538.411,23994.8539362,6,36.23036001977707,20260910T112045Z,ggfiscal.debt.maturity,,A,
GBR,2010,inflation_linked,7-10,1750.0,1863.02,3,7.62569668524494,20260910T112045Z,ggfiscal.debt.maturity,,A,
GBR,2010,inflation_linked,10-15,3290.68,3649.0558,3,12.528586403529212,20260910T112045Z,ggfiscal.debt.maturity,,A,
GBR,2010,inflation_linked,15-20,3250.0,3461.685,4,17.258653188016638,20260910T112045Z,ggfiscal.debt.maturity,,A,
GBR,2010,inflation_linked,20-30,9249.982,8905.310878600001,4,27.111110080098626,20260910T112045Z,ggfiscal.debt.maturity,,A,
GBR,2010,inflation_linked,30+,13134.846,12933.6234782,9,35.5807787092615,20260910T112045Z,ggfiscal.debt.maturity,,A,
GBR,2011,bill,0-1,186998.057815,186693.38480138444,153,0.3020860981728009,20260910T112045Z,ggfiscal.debt.maturity,,A,
GBR,2011,fixed_bullet,1-2,914.0,,2,1.4938301004827184,20260910T112045Z,ggfiscal.debt.maturity,,A,
GBR,2011,fixed_bullet,2-3,6533.0,5108.5,3,2.761579944834381,20260910T112045Z,ggfiscal.debt.maturity,,A,
GBR,2011,fixed_bullet,3-5,25818.556,22613.2541876,10,4.658603958809083,20260910T112045Z,ggfiscal.debt.maturity,,A,
GBR,2011,fixed_bullet,5-7,23490.52,23681.918184000002,8,5.491038479048906,20260910T112045Z,ggfiscal.debt.maturity,,A,
GBR,2011,fixed_bullet,7-10,16192.425,13771.1974913,10,9.504520342546963,20260910T112045Z,ggfiscal.debt.maturity,,A,
GBR,2011,fixed_bullet,10-15,24363.78,24639.5166109,9,10.813497041118076,20260910T112045Z,ggfiscal.debt.maturity,,A,
GBR,2011,fixed_bullet,15-20,5737.948,4641.44644,6,17.145225951789158,20260910T112045Z,ggfiscal.debt.maturity,,A,
GBR,2011,fixed_bullet,20-30,21974.168,20109.800988,15,26.898308997742557,20260910T112045Z,ggfiscal.debt.maturity,,A,
GBR,2011,fixed_bullet,30+,14175.9,11770.43423,9,44.006525656216944,20260910T112045Z,ggfiscal.debt.maturity,,A,
GBR,2011,inflation_linked,10-15,3431.31,3991.8521055,3,11.521414708400023,20260910T112045Z,ggfiscal.debt.maturity,,A,
GBR,2011,inflation_linked,15-20,4600.0,4732.81,2,17.100675534922477,20260910T112045Z,ggfiscal.debt.maturity,,A,
GBR,2011,inflation_linked,20-30,13277.447,14078.191791,8,23.954779452222983,20260910T112045Z,ggfiscal.debt.maturity,,A,
GBR,2011,inflation_linked,30+,11851.488000000001,12362.6168754,7,43.56701838623755,20260910T112045Z,ggfiscal.debt.maturity,,A,
GBR,2012,bill,0-1,172998.851945,172806.64991391983,156,0.31732964128654695,20260910T112045Z,ggfiscal.debt.maturity,,A,
GBR,2012,fixed_bullet,1-2,602.0,,2,1.550101077630804,20260910T112045Z,ggfiscal.debt.maturity,,A,
GBR,2012,fixed_bullet,2-3,5438.0,5000.25,5,2.391304227431925,20260910T112045Z,ggfiscal.debt.maturity,,A,
GBR,2012,fixed_bullet,3-5,19463.352,18348.8770552,9,4.734245164609207,20260910T112045Z,ggfiscal.debt.maturity,,A,
GBR,2012,fixed_bullet,5-7,35458.403,36870.7121143,12,5.629784393799879,20260910T112045Z,ggfiscal.debt.maturity,,A,
GBR,2012,fixed_bullet,7-10,23977.325,22612.9815082,12,9.711517503290112,20260910T112045Z,ggfiscal.debt.maturity,,A,
GBR,2012,fixed_bullet,10-15,16372.229,17935.0969321,7,11.172850650278477,20260910T112045Z,ggfiscal.debt.maturity,,A,
GBR,2012,fixed_bullet,15-20,5124.957,4714.0572677,6,18.628040227625075,20260910T112045Z,ggfiscal.debt.maturity,,A,
GBR,2012,fixed_bullet,20-30,6947.18,6621.92458,8,22.415370185343733,20260910T112045Z,ggfiscal.debt.maturity,,A,
GBR,2012,fixed_bullet,30+,27150.438,28755.9960633,15,36.95969253097351,20260910T112045Z,ggfiscal.debt.maturity,,A,
GBR,2012,inflation_linked,10-15,2779.276,2982.2937520000005,2,11.371338358064346,20260910T112045Z,ggfiscal.debt.maturity,,A,
GBR,2012,inflation_linked,15-20,5388.761,5585.7692045,4,16.839892117894454,20260910T112045Z,ggfiscal.debt.maturity,,A,
GBR,2012,inflation_linked,20-30,3555.8999999999996,4073.707118,3,21.79029451183108,20260910T112045Z,ggfiscal.debt.maturity,,A,
GBR,2012,inflation_linked,30+,22472.852,23953.6961242,9,39.79303915786544,20260910T112045Z,ggfiscal.debt.maturity,,A,
GBR,2013,bill,0-1,120999.15401500001,120868.71184077657,153,0.31733010474779044,20260910T112045Z,ggfiscal.debt.maturity,,A,
GBR,2013,fixed_bullet,2-3,1750.0,1922.9,1,2.272416153319644,20260910T112045Z,ggfiscal.debt.maturity,,A,
GBR,2013,fixed_bullet,3-5,18990.067,18786.7237266,4,4.813337554036216,20260910T112045Z,ggfiscal.debt.maturity,,A,
GBR,2013,fixed_bullet,5-7,28076.637,28055.0967021,6,5.385082013524856,20260910T112045Z,ggfiscal.debt.maturity,,A,
GBR,2013,fixed_bullet,7-10,20620.372,20264.5249338,6,9.699582124394027,20260910T112045Z,ggfiscal.debt.maturity,,A,
GBR,2013,fixed_bullet,10-15,9849.777,10241.5136231,4,10.517051461930146,20260910T112045Z,ggfiscal.debt.maturity,,A,
GBR,2013,fixed_bullet,15-20,3899.15,4756.750910000001,2,18.527592462257893,20260910T112045Z,ggfiscal.debt.maturity,,A,
GBR,2013,fixed_bullet,20-30,4724.959,5338.5967316999995,2,21.713498312493424,20260910T112045Z,ggfiscal.debt.maturity,,A,
GBR,2013,fixed_bullet,30+,28546.716,27727.7948988,9,39.15771220391398,20260910T112045Z,ggfiscal.debt.maturity,,A,
GBR,2013,inflation_linked,5-7,3580.835,3832.346567,2,6.186329987405659,20260910T112045Z,ggfiscal.debt.maturity,,A,
GBR,2013,inflation_linked,10-15,6036.096,6642.7501502,4,10.827519617794998,20260910T112045Z,ggfiscal.debt.maturity,,A,
GBR,2013,inflation_linked,15-20,3871.772,4169.5705485,3,15.895581621010352,20260910T112045Z,ggfiscal.debt.maturity,,A,
GBR,2013,inflation_linked,20-30,1408.087,1600.994919,1,20.61601642710472,20260910T112045Z,ggfiscal.debt.maturity,,A,
GBR,2013,inflation_linked,30+,17663.782,18547.2542796,8,40.47123845715142,20260910T112045Z,ggfiscal.debt.maturity,,A,
GBR,2014,bill,0-1,180998.721915,180758.9046463805,153,0.3027974761767386,20260910T112045Z,ggfiscal.debt.maturity,,A,
GBR,2014,fixed_bullet,1-2,1079.0,,3,1.329080656855823,20260910T112045Z,ggfiscal.debt.maturity,,A,
GBR,2014,fixed_bullet,2-3,2349.0,1530.75,3,2.692902946453105,20260910T112045Z,ggfiscal.debt.maturity,,A,
GBR,2014,fixed_bullet,3-5,1963.0,,5,3.828699524362932,20260910T112045Z,ggfiscal.debt.maturity,,A,
GBR,2014,fixed_bullet,5-7,34690.485,32773.7155665,13,5.4661402265578936,20260910T112045Z,ggfiscal.debt.maturity,,A,
GBR,2014,fixed_bullet,7-10,14487.698,12886.2646596,8,9.51912190834354,20260910T112045Z,ggfiscal.debt.maturity,,A,
GBR,2014,fixed_bullet,10-15,19407.116,18323.934139,10,10.525778165213913,20260910T112045Z,ggfiscal.debt.maturity,,A,
GBR,2014,fixed_bullet,15-20,3280.98,2996.8943339999996,3,16.550821786026777,20260910T112045Z,ggfiscal.debt.maturity,,A,
GBR,2014,fixed_bullet,20-30,7243.3240000000005,5164.1004636,9,25.40745972667362,20260910T112045Z,ggfiscal.debt.maturity,,A,
GBR,2014,fixed_bullet,30+,23255.362,23159.7267535,15,36.92584482158832,20260910T112045Z,ggfiscal.debt.maturity,,A,
GBR,2014,inflation_linked,5-7,4602.066,4868.8535046,3,5.478696652022055,20260910T112045Z,ggfiscal.debt.maturity,,A,
GBR,2014,inflation_linked,7-10,3028.4849999999997,3205.6530665,2,9.563128711185266,20260910T112045Z,ggfiscal.debt.maturity,,A,
GBR,2014,inflation_linked,10-15,1300.0,1330.55,1,10.105407255304586,20260910T112045Z,ggfiscal.debt.maturity,,A,
GBR,2014,inflation_linked,15-20,3587.85,4024.928568,3,17.84412365114267,20260910T112045Z,ggfiscal.debt.maturity,,A,
GBR,2014,inflation_linked,20-30,3229.12,3853.5023840000003,3,28.009321361442495,20260910T112045Z,ggfiscal.debt.maturity,,A,
GBR,2014,inflation_linked,30+,13583.945,14811.083842,6,45.506588686187044,20260910T112045Z,ggfiscal.debt.maturity,,A,
GBR,2015,bill,0-1,224748.379955,224398.01374865175,156,0.31339382996956455,20260910T112045Z,ggfiscal.debt.maturity,,A,
GBR,2015,fixed_bullet,5-7,31381.031,32094.294343499998,8,5.277348669511729,20260910T112045Z,ggfiscal.debt.maturity,,A,
GBR,2015,fixed_bullet,7-10,12922.369999999999,13313.884511,4,9.828863897386478,20260910T112045Z,ggfiscal.debt.maturity,,A,
GBR,2015,fixed_bullet,10-15,12274.874,12397.1776822,4,10.295398929829743,20260910T112045Z,ggfiscal.debt.maturity,,A,
GBR,2015,fixed_bullet,15-20,5139.84,6913.54244,3,18.035867004406523,20260910T112045Z,ggfiscal.debt.maturity,,A,
GBR,2015,fixed_bullet,20-30,15143.966,18422.006792700002,8,27.999129213791026,20260910T112045Z,ggfiscal.debt.maturity,,A,
GBR,2015,fixed_bullet,30+,11149.985,12610.7712335,4,50.83097113536292,20260910T112045Z,ggfiscal.debt.maturity,,A,
GBR,2015,inflation_linked,7-10,2100.0,2308.02,2,8.978586095629217,20260910T112045Z,ggfiscal.debt.maturity,,A,
GBR,2015,inflation_linked,10-15,3000.0,3267.6,2,10.557152635181383,20260910T112045Z,ggfiscal.debt.maturity,,A,
GBR,2015,inflation_linked,15-20,700.0,948.8500000000001,1,16.930869267624914,20260910T112045Z,ggfiscal.debt.maturity,,A,
GBR,2015,inflation_linked,20-30,3257.9300000000003,4527.4144240000005,3,25.655362707233596,20260910T112045Z,ggfiscal.debt.maturity,,A,
GBR,2015,inflation_linked,30+,14197.158,20267.45072,7,38.92676596130411,20260910T112045Z,ggfiscal.debt.maturity,,A,
GBR,2016,bill,0-1,247247.98025,246954.4736790681,156,0.3429511086309374,20260910T112045Z,ggfiscal.debt.maturity,,A,
GBR,2016,fixed_bullet,1-2,837.0,,3,1.3729258613231146,20260910T112045Z,ggfiscal.debt.maturity,,A,
GBR,2016,fixed_bullet,2-3,760.0,,2,2.3446954140999314,20260910T112045Z,ggfiscal.debt.maturity,,A,
GBR,2016,fixed_bullet,3-5,18407.405,16754.2632863,12,4.629111864429023,20260910T112045Z,ggfiscal.debt.maturity,,A,
GBR,2016,fixed_bullet,5-7,19361.39,18355.998886600002,9,5.6236900830128915,20260910T112045Z,ggfiscal.debt.maturity,,A,
GBR,2016,fixed_bullet,7-10,15143.563,14326.5597825,9,9.599089119431415,20260910T112045Z,ggfiscal.debt.maturity,,A,
GBR,2016,fixed_bullet,10-15,12096.292,11159.8809768,8,10.431556651553361,20260910T112045Z,ggfiscal.debt.maturity,,A,
GBR,2016,fixed_bullet,15-20,2534.0,2017.35,4,18.980347223010046,20260910T112045Z,ggfiscal.debt.maturity,,A,
GBR,2016,fixed_bullet,20-30,9505.563,9534.6055848,10,25.093552672044034,20260910T112045Z,ggfiscal.debt.maturity,,A,
GBR,2016,fixed_bullet,30+,23732.172,27101.6679005,17,39.91621184216489,20260910T112045Z,ggfiscal.debt.maturity,,A,
GBR,2016,inflation_linked,7-10,3774.803,4377.1204238,3,9.671998155938418,20260910T112045Z,ggfiscal.debt.maturity,,A,
GBR,2016,inflation_linked,10-15,1429.965,1585.9741814999998,1,10.11088295687885,20260910T112045Z,ggfiscal.debt.maturity,,A,
GBR,2016,inflation_linked,15-20,800.0,1107.44,1,19.93702943189596,20260910T112045Z,ggfiscal.debt.maturity,,A,
GBR,2016,inflation_linked,20-30,8460.4,11681.687401000001,7,25.301313937969123,20260910T112045Z,ggfiscal.debt.maturity,,A,
GBR,2016,inflation_linked,30+,9996.117,17607.7058636,7,44.415348328352756,20260910T112045Z,ggfiscal.debt.maturity,,A,
GBR,2017,bill,0-1,174999.24144,174871.68732044497,153,0.3224090812725935,20260910T112045Z,ggfiscal.debt.maturity,,A,
GBR,2017,fixed_bullet,2-3,5966.365,6188.076454,2,2.3117112055382028,20260910T112045Z,ggfiscal.debt.maturity,,A,
GBR,2017,fixed_bullet,5-7,29278.07,29162.9324408,10,5.568101504108043,20260910T112045Z,ggfiscal.debt.maturity,,A,
GBR,2017,fixed_bullet,7-10,17065.603,17275.144000599998,7,9.549840008410884,20260910T112045Z,ggfiscal.debt.maturity,,A,
GBR,2017,fixed_bullet,10-15,10793.462,10802.0326887,4,10.203511915068063,20260910T112045Z,ggfiscal.debt.maturity,,A,
GBR,2017,fixed_bullet,15-20,2500.0,2421.5,1,19.906913073237508,20260910T112045Z,ggfiscal.debt.maturity,,A,
GBR,2017,fixed_bullet,20-30,11900.202000000001,11250.7299046,5,26.200912120650244,20260910T112045Z,ggfiscal.debt.maturity,,A,
GBR,2017,fixed_bullet,30+,23136.784,24741.3699817,8,38.99410449419029,20260910T112045Z,ggfiscal.debt.maturity,,A,
GBR,2017,inflation_linked,7-10,4250.0,5064.0,4,8.71554535571929,20260910T112045Z,ggfiscal.debt.maturity,,A,
GBR,2017,inflation_linked,15-20,3466.037,4878.1262957,4,19.324151057000446,20260910T112045Z,ggfiscal.debt.maturity,,A,
GBR,2017,inflation_linked,20-30,2345.591,3870.5988493,3,27.944505114531292,20260910T112045Z,ggfiscal.debt.maturity,,A,
GBR,2017,inflation_linked,30+,7500.0,13815.150000000001,3,38.422632899840295,20260910T112045Z,ggfiscal.debt.maturity,,A,
GBR,2018,bill,0-1,205999.828,205604.91886717812,153,0.314906005985261,20260910T112045Z,ggfiscal.debt.maturity,,A,
GBR,2018,fixed_bullet,1-2,1055.0,,3,1.662384071158169,20260910T112045Z,ggfiscal.debt.maturity,,A,
GBR,2018,fixed_bullet,2-3,995.0,,3,2.584121153336842,20260910T112045Z,ggfiscal.debt.maturity,,A,
GBR,2018,fixed_bullet,3-5,1787.0,,5,4.090759676988762,20260910T112045Z,ggfiscal.debt.maturity,,A,
GBR,2018,fixed_bullet,5-7,26647.694,25176.972061599998,13,5.4603516028352725,20260910T112045Z,ggfiscal.debt.maturity,,A,
GBR,2018,fixed_bullet,7-10,5790.496999999999,4855.9245101999995,5,9.538350631851781,20260910T112045Z,ggfiscal.debt.maturity,,A,
GBR,2018,fixed_bullet,10-15,17522.807,16421.5593657,10,10.47255750670031,20260910T112045Z,ggfiscal.debt.maturity,,A,
GBR,2018,fixed_bullet,15-20,8031.492,7046.6621055,6,18.975296670733687,20260910T112045Z,ggfiscal.debt.maturity,,A,
GBR,2018,fixed_bullet,20-30,4614.0,2030.175,9,26.86995950484894,20260910T112045Z,ggfiscal.debt.maturity,,A,
GBR,2018,fixed_bullet,30+,24649.336,22067.6455646,16,44.0402133470817,20260910T112045Z,ggfiscal.debt.maturity,,A,
GBR,2018,inflation_linked,7-10,3200.0,3819.13,3,9.342830253251197,20260910T112045Z,ggfiscal.debt.maturity,,A,
GBR,2018,inflation_linked,10-15,1381.4,1663.0674600000002,1,10.13826146475017,20260910T112045Z,ggfiscal.debt.maturity,,A,
GBR,2018,inflation_linked,15-20,2096.874,2832.2527166,2,18.6097961329101,20260910T112045Z,ggfiscal.debt.maturity,,A,
GBR,2018,inflation_linked,20-30,4622.72,7073.715303999999,3,25.07405373719191,20260910T112045Z,ggfiscal.debt.maturity,,A,
GBR,2018,inflation_linked,30+,4730.305,7927.0578275,4,32.515131892149114,20260910T112045Z,ggfiscal.debt.maturity,,A,
GBR,2019,bill,0-1,264499.732,263840.31995489204,153,0.33032762834354135,20260910T112045Z,ggfiscal.debt.maturity,,A,
GBR,2019,fixed_bullet,3-5,6000.0,6077.700000000001,2,4.917180013689253,20260910T112045Z,ggfiscal.debt.maturity,,A,
GBR,2019,fixed_bullet,5-7,29099.662,29556.8213054,9,5.533308265327401,20260910T112045Z,ggfiscal.debt.maturity,,A,
GBR,2019,fixed_bullet,7-10,14269.215,14687.708145499999,5,9.768446254352595,20260910T112045Z,ggfiscal.debt.maturity,,A,
GBR,2019,fixed_bullet,10-15,12237.494999999999,12421.9099528,4,10.18603540860402,20260910T112045Z,ggfiscal.debt.maturity,,A,
GBR,2019,fixed_bullet,15-20,8762.498,9266.641755,4,18.263620579209665,20260910T112045Z,ggfiscal.debt.maturity,,A,
GBR,2019,fixed_bullet,20-30,11214.119999999999,12641.3015606,6,29.326361683802023,20260910T112045Z,ggfiscal.debt.maturity,,A,
GBR,2019,fixed_bullet,30+,10438.5,11147.25325,3,35.79484636341858,20260910T112045Z,ggfiscal.debt.maturity,,A,
GBR,2019,inflation_linked,7-10,5057.064,6386.9678377,4,9.118376393215051,20260910T112045Z,ggfiscal.debt.maturity,,A,
GBR,2019,inflation_linked,15-20,1219.998,1893.7868340000002,2,17.244375823917007,20260910T112045Z,ggfiscal.debt.maturity,,A,
GBR,2019,inflation_linked,20-30,9349.994999999999,15101.7979025,7,23.66356366581622,20260910T112045Z,ggfiscal.debt.maturity,,A,
GBR,2020,bill,0-1,211995.67,211863.36193828893,156,0.3420749392976371,20260910T112045Z,ggfiscal.debt.maturity,,A,
GBR,2020,fixed_bullet,1-2,902.2270000000001,,3,1.5208185028827674,20260910T112045Z,ggfiscal.debt.maturity,,A,
GBR,2020,fixed_bullet,2-3,34399.509,33873.0530363,12,2.5703400806238794,20260910T112045Z,ggfiscal.debt.maturity,,A,
GBR,2020,fixed_bullet,3-5,48932.054,49460.5745416,18,3.7440077438375705,20260910T112045Z,ggfiscal.debt.maturity,,A,
GBR,2020,fixed_bullet,5-7,79636.15,81888.0914558,26,5.674957584946529,20260910T112045Z,ggfiscal.debt.maturity,,A,
GBR,2020,fixed_bullet,7-10,66566.745,68040.0200963,25,8.404993999607846,20260910T112045Z,ggfiscal.debt.maturity,,A,
GBR,2020,fixed_bullet,10-15,69458.866,74199.5247584,22,11.63577953175694,20260910T112045Z,ggfiscal.debt.maturity,,A,
GBR,2020,fixed_bullet,15-20,5552.251,5325.667565,6,17.283866433127848,20260910T112045Z,ggfiscal.debt.maturity,,A,
GBR,2020,fixed_bullet,20-30,45057.544,48021.849595399995,27,24.63772804650427,20260910T112045Z,ggfiscal.debt.maturity,,A,
GBR,2020,fixed_bullet,30+,59483.747,64634.3016373,31,36.235589674643855,20260910T112045Z,ggfiscal.debt.maturity,,A,
GBR,2020,inflation_linked,7-10,10528.097,13350.1129724,8,8.210997612055506,20260910T112045Z,ggfiscal.debt.maturity,,A,
GBR,2020,inflation_linked,10-15,1197.049,1935.2284947,2,12.190533733306896,20260910T112045Z,ggfiscal.debt.maturity,,A,
GBR,2020,inflation_linked,15-20,2561.4,3874.1495000000004,3,16.415812558017258,20260910T112045Z,ggfiscal.debt.maturity,,A,
GBR,2020,inflation_linked,20-30,3755.0989999999997,6733.7048012000005,6,24.419700771301084,20260910T112045Z,ggfiscal.debt.maturity,,A,
GBR,2020,inflation_linked,30+,459.05,985.809875,1,36.21902806297056,20260910T112045Z,ggfiscal.debt.maturity,,A,
GBR,2021,bill,0-1,148499.708,148483.5401671556,153,0.351707910217,20260910T112045Z,ggfiscal.debt.maturity,,A,
GBR,2021,fixed_bullet,2-3,15749.993,15737.2742604,4,2.8213552793368506,20260910T112045Z,ggfiscal.debt.maturity,,A,
GBR,2021,fixed_bullet,3-5,22482.497,22383.2162533,7,3.754304020538738,20260910T112045Z,ggfiscal.debt.maturity,,A,
GBR,2021,fixed_bullet,5-7,25622.879,25484.0209766,8,5.512233681280756,20260910T112045Z,ggfiscal.debt.maturity,,A,
GBR,2021,fixed_bullet,7-10,20591.915,19896.2383627,7,8.414770072926306,20260910T112045Z,ggfiscal.debt.maturity,,A,
GBR,2021,fixed_bullet,10-15,52916.744999999995,50869.0118514,15,11.905375335741171,20260910T112045Z,ggfiscal.debt.maturity,,A,
GBR,2021,fixed_bullet,15-20,9288.125,9249.1525,2,17.4929682177823,20260910T112045Z,ggfiscal.debt.maturity,,A,
GBR,2021,fixed_bullet,20-30,37444.622,36707.4938698,15,25.43642108296886,20260910T112045Z,ggfiscal.debt.maturity,,A,
GBR,2021,fixed_bullet,30+,32804.873,34136.7375898,16,37.95343431445656,20260910T112045Z,ggfiscal.debt.maturity,,A,
GBR,2021,inflation_linked,7-10,1910.725,2630.6728425,2,9.835250924146434,20260910T112045Z,ggfiscal.debt.maturity,,A,
GBR,2021,inflation_linked,10-15,4201.363,5606.3685332,4,10.338060746243505,20260910T112045Z,ggfiscal.debt.maturity,,A,
GBR,2021,inflation_linked,15-20,4705.0,7235.8855,2,17.788671960523743,20260910T112045Z,ggfiscal.debt.maturity,,A,
GBR,2021,inflation_linked,20-30,1982.275,3843.516015,3,29.708959686708734,20260910T112045Z,ggfiscal.debt.maturity,,A,
GBR,2021,inflation_linked,30+,4932.25,11980.242725,6,38.17221697602792,20260910T112045Z,ggfiscal.debt.maturity,,A,
GBR,2022,bill,0-1,150299.884,149195.1759824618,153,0.32584795759796165,20260910T112045Z,ggfiscal.debt.maturity,,A,
GBR,2022,fixed_bullet,1-2,4639.0,,10,1.4878079621056428,20260910T112045Z,ggfiscal.debt.maturity,,A,
GBR,2022,fixed_bullet,2-3,29284.156,22289.538073,19,2.4917063044583263,20260910T112045Z,ggfiscal.debt.maturity,,A,
GBR,2022,fixed_bullet,3-5,25634.746,18877.3859364,19,4.238043851287362,20260910T112045Z,ggfiscal.debt.maturity,,A,
GBR,2022,fixed_bullet,5-7,15079.5,7744.97235,20,6.169428699124392,20260910T112045Z,ggfiscal.debt.maturity,,A,
GBR,2022,fixed_bullet,7-10,44782.369,30950.617481100002,28,9.09075253550146,20260910T112045Z,ggfiscal.debt.maturity,,A,
GBR,2022,fixed_bullet,10-15,10688.0,4071.7,16,11.906184294655045,20260910T112045Z,ggfiscal.debt.maturity,,A,
GBR,2022,fixed_bullet,15-20,19390.498,11900.610790800001,21,16.359222767983272,20260910T112045Z,ggfiscal.debt.maturity,,A,
GBR,2022,fixed_bullet,20-30,29967.746,12707.361402999999,39,26.58051438261055,20260910T112045Z,ggfiscal.debt.maturity,,A,
GBR,2022,fixed_bullet,30+,25788.0,10467.225,36,42.18095263575469,20260910T112045Z,ggfiscal.debt.maturity,,A,
GBR,2022,inflation_linked,7-10,4196.025,4766.689165,4,9.049254753878914,20260910T112045Z,ggfiscal.debt.maturity,,A,
GBR,2022,inflation_linked,15-20,2496.55,2961.3990750000003,3,16.597444487081425,20260910T112045Z,ggfiscal.debt.maturity,,A,
GBR,2022,inflation_linked,20-30,2406.299,2770.439227,3,28.67745324630511,20260910T112045Z,ggfiscal.debt.maturity,,A,
GBR,2022,inflation_linked,30+,3300.0,6280.92,2,50.639288158795345,20260910T112045Z,ggfiscal.debt.maturity,,A,
GBR,2023,bill,0-1,224499.787,220830.03117190234,153,0.32962137566289906,20260910T112045Z,ggfiscal.debt.maturity,,A,
GBR,2023,fixed_bullet,1-2,4678.875,4589.976374999999,1,1.8945927446954138,20260910T112045Z,ggfiscal.debt.maturity,,A,
GBR,2023,fixed_bullet,2-3,30972.470999999998,30190.6336082,7,2.3912149029641223,20260910T112045Z,ggfiscal.debt.maturity,,A,
GBR,2023,fixed_bullet,3-5,41775.305,41952.126748099996,10,4.326376403315123,20260910T112045Z,ggfiscal.debt.maturity,,A,
GBR,2023,fixed_bullet,5-7,7874.997,6614.3849701,2,5.8757320147612235,20260910T112045Z,ggfiscal.debt.maturity,,A,
GBR,2023,fixed_bullet,7-10,35689.619999999995,32325.014828,10,9.685788380473676,20260910T112045Z,ggfiscal.debt.maturity,,A,
GBR,2023,fixed_bullet,10-15,34565.14,32312.8201195,10,11.834741928174607,20260910T112045Z,ggfiscal.debt.maturity,,A,
GBR,2023,fixed_bullet,15-20,13750.0,11530.900000000001,4,17.871196565241743,20260910T112045Z,ggfiscal.debt.maturity,,A,
GBR,2023,fixed_bullet,20-30,7500.0,5615.725,3,29.861464750171116,20260910T112045Z,ggfiscal.debt.maturity,,A,
GBR,2023,fixed_bullet,30+,40139.997,33636.5149485,13,33.86299363551152,20260910T112045Z,ggfiscal.debt.maturity,,A,
GBR,2023,inflation_linked,7-10,2763.375,2779.3724675000003,2,9.352826479216711,20260910T112045Z,ggfiscal.debt.maturity,,A,
GBR,2023,inflation_linked,10-15,5030.375,5003.0466625,3,10.250600211517902,20260910T112045Z,ggfiscal.debt.maturity,,A,
GBR,2023,inflation_linked,15-20,3128.524,2811.2662723999997,3,15.683153389306685,20260910T112045Z,ggfiscal.debt.maturity,,A,
GBR,2023,inflation_linked,20-30,11439.275,10160.654495,6,23.566662669875175,20260910T112045Z,ggfiscal.debt.maturity,,A,
GBR,2024,bill,0-1,277999.682,273073.5394370284,153,0.3587914685265309,20260910T112045Z,ggfiscal.debt.maturity,,A,
GBR,2024,fixed_bullet,1-2,5136.0,3819.4,5,1.2899046016789593,20260910T112045Z,ggfiscal.debt.maturity,,A,
GBR,2024,fixed_bullet,2-3,24298.254,22600.0279106,9,2.6332792516496877,20260910T112045Z,ggfiscal.debt.maturity,,A,
GBR,2024,fixed_bullet,3-5,51893.493,49756.8499481,19,4.063304573652268,20260910T112045Z,ggfiscal.debt.maturity,,A,
GBR,2024,fixed_bullet,5-7,22991.748,21519.3176462,9,5.473240051526903,20260910T112045Z,ggfiscal.debt.maturity,,A,
GBR,2024,fixed_bullet,7-10,63133.133,60282.0651402,23,8.910582997467479,20260910T112045Z,ggfiscal.debt.maturity,,A,
GBR,2024,fixed_bullet,10-15,30451.746,27595.790775999998,14,11.802505996019997,20260910T112045Z,ggfiscal.debt.maturity,,A,
GBR,2024,fixed_bullet,15-20,30934.487,29998.3972392,15,18.243436663682452,20260910T112045Z,ggfiscal.debt.maturity,,A,
GBR,2024,fixed_bullet,20-30,18597.749,11698.7132073,17,28.796263903419298,20260910T112045Z,ggfiscal.debt.maturity,,A,
GBR,2024,fixed_bullet,30+,21901.748,18319.1310624,16,32.841520869875204,20260910T112045Z,ggfiscal.debt.maturity,,A,
GBR,2024,inflation_linked,7-10,11511.898000000001,11746.0422352,7,9.429388567804802,20260910T112045Z,ggfiscal.debt.maturity,,A,
GBR,2024,inflation_linked,10-15,3390.946,2966.6895320000003,3,14.631264057260431,20260910T112045Z,ggfiscal.debt.maturity,,A,
GBR,2024,inflation_linked,15-20,900.0,781.2,1,15.06091718001369,20260910T112045Z,ggfiscal.debt.maturity,,A,
GBR,2024,inflation_linked,20-30,8365.824,7405.769245400001,5,26.10787239719492,20260910T112045Z,ggfiscal.debt.maturity,,A,
GBR,2024,inflation_linked,30+,9472.85,8951.556970000001,4,32.38212648051407,20260910T112045Z,ggfiscal.debt.maturity,,A,
GBR,2025,bill,0-1,295999.729,291709.9150271751,156,0.3517583320477185,20260910T112045Z,ggfiscal.debt.maturity,,A,
GBR,2025,fixed_bullet,0-1,1500.0,1445.25,1,0.996577686516085,20260910T112045Z,ggfiscal.debt.maturity,,A,
GBR,2025,fixed_bullet,1-2,1918.0,,4,1.5976372833040349,20260910T112045Z,ggfiscal.debt.maturity,,A,
GBR,2025,fixed_bullet,2-3,39704.941,37969.0955203,13,2.7118179954991364,20260910T112045Z,ggfiscal.debt.maturity,,A,
GBR,2025,fixed_bullet,3-5,62743.256,59926.505772000004,20,4.088564030726951,20260910T112045Z,ggfiscal.debt.maturity,,A,
GBR,2025,fixed_bullet,5-7,48677.618,46088.9658119,18,5.622900548237238,20260910T112045Z,ggfiscal.debt.maturity,,A,
GBR,2025,fixed_bullet,7-10,58879.655,54014.165732099995,21,9.33711938736336,20260910T112045Z,ggfiscal.debt.maturity,,A,
GBR,2025,fixed_bullet,10-15,53583.498,49280.729391,18,11.823626022318365,20260910T112045Z,ggfiscal.debt.maturity,,A,
GBR,2025,fixed_bullet,15-20,25836.5,22747.68175,11,16.15623652836197,20260910T112045Z,ggfiscal.debt.maturity,,A,
GBR,2025,fixed_bullet,20-30,18921.872,10550.6991155,20,27.76692239775305,20260910T112045Z,ggfiscal.debt.maturity,,A,
GBR,2025,fixed_bullet,30+,11807.249,8410.5542566,13,34.63589270597828,20260910T112045Z,ggfiscal.debt.maturity,,A,
GBR,2025,inflation_linked,5-7,3750.0,3586.7,3,5.907004334930413,20260910T112045Z,ggfiscal.debt.maturity,,A,
GBR,2025,inflation_linked,7-10,3593.525,3430.755045,2,9.932682166891349,20260910T112045Z,ggfiscal.debt.maturity,,A,
GBR,2025,inflation_linked,10-15,20807.575,20505.8811575,8,11.637946887305592,20260910T112045Z,ggfiscal.debt.maturity,,A,
GBR,2025,inflation_linked,15-20,2182.524,1602.5643098,2,19.720686081529696,20260910T112045Z,ggfiscal.debt.maturity,,A,
GBR,2025,inflation_linked,20-30,9500.075,8512.8028325,6,25.345016298846428,20260910T112045Z,ggfiscal.debt.maturity,,A,
GBR,2026,bill,0-1,185499.842,183047.5655102232,105,0.3412498726066889,20260910T112045Z,ggfiscal.debt.maturity,,A,
GBR,2026,fixed_bullet,1-2,3000.0,2814.65,4,1.6787588409765004,20260910T112045Z,ggfiscal.debt.maturity,,A,
GBR,2026,fixed_bullet,2-3,13999.999,13656.4990115,4,2.783318654856192,20260910T112045Z,ggfiscal.debt.maturity,,A,
GBR,2026,fixed_bullet,3-5,30522.339,30231.728735599998,8,4.036399721101579,20260910T112045Z,ggfiscal.debt.maturity,,A,
GBR,2026,fixed_bullet,5-7,34635.038,34197.5608557,9,6.097337759663819,20260910T112045Z,ggfiscal.debt.maturity,,A,
GBR,2026,fixed_bullet,7-10,24883.71,24932.3665586,6,8.940896430605944,20260910T112045Z,ggfiscal.debt.maturity,,A,
GBR,2026,fixed_bullet,10-15,52332.998,51425.3397974,10,11.234784898995374,20260910T112045Z,ggfiscal.debt.maturity,,A,
GBR,2026,fixed_bullet,15-20,7250.0,7472.575,1,15.028062970568104,20260910T112045Z,ggfiscal.debt.maturity,,A,
GBR,2026,fixed_bullet,20-30,4850.0,4539.52,3,29.076709216254933,20260910T112045Z,ggfiscal.debt.maturity,,A,
GBR,2026,fixed_bullet,30+,500.0,367.9,1,37.24572210814511,20260910T112045Z,ggfiscal.debt.maturity,,A,
GBR,2026,inflation_linked,5-7,2500.0,2416.0,2,5.1649555099247095,20260910T112045Z,ggfiscal.debt.maturity,,A,
GBR,2026,inflation_linked,7-10,6186.85,5960.4378625,4,9.321338428394945,20260910T112045Z,ggfiscal.debt.maturity,,A,
GBR,2026,inflation_linked,10-15,4750.0,4582.325,1,12.188911704312115,20260910T112045Z,ggfiscal.debt.maturity,,A,
GBR,2026,inflation_linked,20-30,2524.999,2354.414053,3,23.315618578924987,20260910T112045Z,ggfiscal.debt.maturity,,A,
FRA,1999,bill,0-1,94133.0,93030.61734031282,108,0.4164580132674208,20260910T112045Z,ggfiscal.debt.maturity,,A,
FRA,1999,fixed_bullet,1-2,5877.0,5853.1194,4,1.8134476363908678,20260910T112045Z,ggfiscal.debt.maturity,,A,
FRA,1999,fixed_bullet,2-3,13326.0,13317.3895,7,2.190124486331959,20260910T112045Z,ggfiscal.debt.maturity,,A,
FRA,1999,fixed_bullet,3-5,5257.0,5065.1686,5,4.803466243047144,20260910T112045Z,ggfiscal.debt.maturity,,A,
FRA,1999,fixed_bullet,5-7,13342.0,13492.238500000001,6,5.355115684045618,20260910T112045Z,ggfiscal.debt.maturity,,A,
FRA,1999,fixed_bullet,7-10,5245.0,4840.7724,4,9.879210669005193,20260910T112045Z,ggfiscal.debt.maturity,,A,
FRA,1999,fixed_bullet,10-15,29957.0,29132.2377,12,10.272825592566775,20260910T112045Z,ggfiscal.debt.maturity,,A,
FRA,1999,fixed_bullet,20-30,1546.0,1506.5753,3,29.67940227723307,20260910T112045Z,ggfiscal.debt.maturity,,A,
FRA,1999,fixed_bullet,30+,872.0,985.2712000000001,2,30.23375970963711,20260910T112045Z,ggfiscal.debt.maturity,,A,
FRA,1999,inflation_linked,10-15,2562.0,2578.3171,4,10.260691056193801,20260910T112045Z,ggfiscal.debt.maturity,,A,
FRA,1999,inflation_linked,20-30,2800.0,2838.08,1,29.815195071868583,20260910T112045Z,ggfiscal.debt.maturity,,A,
FRA,2000,bill,0-1,95387.0,93504.81817217813,108,0.45388486846195847,20260910T112045Z,ggfiscal.debt.maturity,,A,
FRA,2000,fixed_bullet,1-2,9252.0,9148.809,6,1.773271213830822,20260910T112045Z,ggfiscal.debt.maturity,,A,
FRA,2000,fixed_bullet,2-3,9029.0,9002.3922,5,2.2329148703216473,20260910T112045Z,ggfiscal.debt.maturity,,A,
FRA,2000,fixed_bullet,3-5,4368.0,4321.477999999999,2,4.886879376612437,20260910T112045Z,ggfiscal.debt.maturity,,A,
FRA,2000,fixed_bullet,5-7,21335.0,21332.1246,11,5.286617013846614,20260910T112045Z,ggfiscal.debt.maturity,,A,
FRA,2000,fixed_bullet,7-10,18795.0,18867.892399999997,13,9.676644381114802,20260910T112045Z,ggfiscal.debt.maturity,,A,
FRA,2000,fixed_bullet,10-15,17002.0,17084.1557,6,10.148749742450883,20260910T112045Z,ggfiscal.debt.maturity,,A,
FRA,2000,fixed_bullet,20-30,7111.0,6837.4308,9,28.835394469876373,20260910T112045Z,ggfiscal.debt.maturity,,A,
FRA,2000,inflation_linked,7-10,1801.0,1695.3231,4,9.133778823157416,20260910T112045Z,ggfiscal.debt.maturity,,A,
FRA,2000,inflation_linked,20-30,789.0,744.1903,4,29.10375986029674,20260910T112045Z,ggfiscal.debt.maturity,,A,
FRA,2001,bill,0-1,120204.0,118068.51968312477,107,0.44201965943772836,20260910T112045Z,ggfiscal.debt.maturity,,A,
FRA,2001,fixed_bullet,1-2,7414.0,7481.507299999999,6,1.850918596207076,20260910T112045Z,ggfiscal.debt.maturity,,A,
FRA,2001,fixed_bullet,2-3,8250.0,8322.4093,4,2.2175008400224003,20260910T112045Z,ggfiscal.debt.maturity,,A,
FRA,2001,fixed_bullet,3-5,12714.0,12867.0026,6,4.884855974814529,20260910T112045Z,ggfiscal.debt.maturity,,A,
FRA,2001,fixed_bullet,5-7,13598.0,13427.8428,5,5.129869623899879,20260910T112045Z,ggfiscal.debt.maturity,,A,
FRA,2001,fixed_bullet,7-10,13760.0,14688.9097,8,9.672564785190136,20260910T112045Z,ggfiscal.debt.maturity,,A,
FRA,2001,fixed_bullet,10-15,10821.0,11041.889,4,10.7610194161339,20260910T112045Z,ggfiscal.debt.maturity,,A,
FRA,2001,fixed_bullet,15-20,10211.0,9916.496,6,15.560998724315978,20260910T112045Z,ggfiscal.debt.maturity,,A,
FRA,2001,fixed_bullet,20-30,615.0,625.5165,1,28.290212183436,20260910T112045Z,ggfiscal.debt.maturity,,A,
FRA,2001,fixed_bullet,30+,6518.0,6527.6416,3,31.298112592538452,20260910T112045Z,ggfiscal.debt.maturity,,A,
FRA,2001,inflation_linked,7-10,2082.0,2022.7905,4,8.260709934440179,20260910T112045Z,ggfiscal.debt.maturity,,A,
FRA,2001,inflation_linked,10-15,6500.0,6511.05,2,10.732375085557837,20260910T112045Z,ggfiscal.debt.maturity,,A,
FRA,2001,inflation_linked,20-30,282.0,275.2602,1,28.079397672826833,20260910T112045Z,ggfiscal.debt.maturity,,A,
FRA,2002,bill,0-1,185421.0,182879.4147995497,105,0.42200467263795316,20260910T112045Z,ggfiscal.debt.maturity,,A,
FRA,2002,fixed_bullet,1-2,7469.0,7464.0028,4,1.892747838682342,20260910T112045Z,ggfiscal.debt.maturity,,A,
FRA,2002,fixed_bullet,2-3,10825.0,10844.2881,4,2.220009010247971,20260910T112045Z,ggfiscal.debt.maturity,,A,
FRA,2002,fixed_bullet,3-5,16883.0,16763.256,6,4.833903975677027,20260910T112045Z,ggfiscal.debt.maturity,,A,
FRA,2002,fixed_bullet,5-7,7840.0,7811.9692,2,5.112422997946611,20260910T112045Z,ggfiscal.debt.maturity,,A,
FRA,2002,fixed_bullet,7-10,16940.0,16862.435899999997,5,9.874483925631957,20260910T112045Z,ggfiscal.debt.maturity,,A,
FRA,2002,fixed_bullet,10-15,20001.0,19976.3442,5,10.864569434088185,20260910T112045Z,ggfiscal.debt.maturity,,A,
FRA,2002,fixed_bullet,30+,5952.0,6358.991699999999,2,30.554479642754632,20260910T112045Z,ggfiscal.debt.maturity,,A,
FRA,2002,inflation_linked,7-10,2297.0,2237.0362,5,7.327901137006667,20260910T112045Z,ggfiscal.debt.maturity,,A,
FRA,2002,inflation_linked,10-15,3395.0,3340.1816,5,10.327799769964082,20260910T112045Z,ggfiscal.debt.maturity,,A,
FRA,2002,inflation_linked,20-30,4703.0,4657.039699999999,4,29.36221029494186,20260910T112045Z,ggfiscal.debt.maturity,,A,
FRA,2003,bill,0-1,237851.0,235412.02527503762,104,0.46445945195139693,20260910T112045Z,ggfiscal.debt.maturity,,A,
FRA,2003,fixed_bullet,1-2,13247.0,13591.9372,6,1.810433232800453,20260910T112045Z,ggfiscal.debt.maturity,,A,
FRA,2003,fixed_bullet,2-3,2663.0,2788.8068999999996,2,2.187840930149592,20260910T112045Z,ggfiscal.debt.maturity,,A,
FRA,2003,fixed_bullet,3-5,30711.0,30714.7362,9,4.8171053314564825,20260910T112045Z,ggfiscal.debt.maturity,,A,
FRA,2003,fixed_bullet,5-7,5960.0,5979.071999999999,1,5.0513347022587265,20260910T112045Z,ggfiscal.debt.maturity,,A,
FRA,2003,fixed_bullet,7-10,19340.0,19562.445600000003,6,9.835986174844473,20260910T112045Z,ggfiscal.debt.maturity,,A,
FRA,2003,fixed_bullet,10-15,19304.0,19078.0263,5,10.332873100956403,20260910T112045Z,ggfiscal.debt.maturity,,A,
FRA,2003,fixed_bullet,15-20,7895.0,7756.2942,3,15.759576474076463,20260910T112045Z,ggfiscal.debt.maturity,,A,
FRA,2003,fixed_bullet,20-30,3205.0,3625.1646,2,29.61571124857315,20260910T112045Z,ggfiscal.debt.maturity,,A,
FRA,2003,inflation_linked,5-7,2950.0,3105.7305000000006,4,6.141416953792967,20260910T112045Z,ggfiscal.debt.maturity,,A,
FRA,2003,inflation_linked,7-10,4854.0,5002.071199999999,6,9.685827955915752,20260910T112045Z,ggfiscal.debt.maturity,,A,
FRA,2003,inflation_linked,10-15,6478.0,6658.144,5,10.278022027484589,20260910T112045Z,ggfiscal.debt.maturity,,A,
FRA,2003,inflation_linked,20-30,1735.0,1894.8504,3,28.166464483881594,20260910T112045Z,ggfiscal.debt.maturity,,A,
FRA,2004,bill,0-1,220697.0,218583.82947667167,102,0.4595705168626097,20260910T112045Z,ggfiscal.debt.maturity,,A,
FRA,2004,fixed_bullet,1-2,16218.0,16315.8623,6,1.8698715625880744,20260910T112045Z,ggfiscal.debt.maturity,,A,
FRA,2004,fixed_bullet,2-3,1860.0,1911.336,1,2.212183436002738,20260910T112045Z,ggfiscal.debt.maturity,,A,
FRA,2004,fixed_bullet,3-5,26023.0,26173.3453,7,4.84564838828012,20260910T112045Z,ggfiscal.debt.maturity,,A,
FRA,2004,fixed_bullet,5-7,11092.0,11000.5146,2,5.0923856795495235,20260910T112045Z,ggfiscal.debt.maturity,,A,
FRA,2004,fixed_bullet,7-10,19564.0,19165.6234,6,9.843710759023088,20260910T112045Z,ggfiscal.debt.maturity,,A,
FRA,2004,fixed_bullet,10-15,18119.0,17883.4797,5,11.119777874307958,20260910T112045Z,ggfiscal.debt.maturity,,A,
FRA,2004,fixed_bullet,15-20,3938.0,3779.6924,1,15.203285420944558,20260910T112045Z,ggfiscal.debt.maturity,,A,
FRA,2004,fixed_bullet,20-30,3063.0,3428.7221999999997,1,28.783025325119784,20260910T112045Z,ggfiscal.debt.maturity,,A,
FRA,2004,fixed_bullet,30+,8163.0,8056.218599999999,3,30.874290539699214,20260910T112045Z,ggfiscal.debt.maturity,,A,
FRA,2004,inflation_linked,5-7,1204.0,1215.5364,2,6.778345510402241,20260910T112045Z,ggfiscal.debt.maturity,,A,
FRA,2004,inflation_linked,7-10,9941.0,10328.8656,8,7.956356879304528,20260910T112045Z,ggfiscal.debt.maturity,,A,
FRA,2004,inflation_linked,10-15,3527.0,3538.2864,1,10.666666666666666,20260910T112045Z,ggfiscal.debt.maturity,,A,
FRA,2004,inflation_linked,15-20,5666.0,5618.5863,5,16.38306668763785,20260910T112045Z,ggfiscal.debt.maturity,,A,
FRA,2004,inflation_linked,20-30,2522.0,2928.2057999999997,4,27.21513894701303,20260910T112045Z,ggfiscal.debt.maturity,,A,
FRA,2005,bill,0-1,202196.0,200148.83002054892,103,0.472202499241423,20260910T112045Z,ggfiscal.debt.maturity,,A,
FRA,2005,fixed_bullet,1-2,11188.0,11216.3401,5,1.8531226744602909,20260910T112045Z,ggfiscal.debt.maturity,,A,
FRA,2005,fixed_bullet,2-3,12894.0,12898.0212,3,2.177166804312996,20260910T112045Z,ggfiscal.debt.maturity,,A,
FRA,2005,fixed_bullet,3-5,20514.0,20494.9791,7,4.819462470230344,20260910T112045Z,ggfiscal.debt.maturity,,A,
FRA,2005,fixed_bullet,5-7,6274.0,6195.575,1,5.0568104038329915,20260910T112045Z,ggfiscal.debt.maturity,,A,
FRA,2005,fixed_bullet,7-10,10289.0,10299.572400000001,3,9.872366899147158,20260910T112045Z,ggfiscal.debt.maturity,,A,
FRA,2005,fixed_bullet,10-15,26029.0,25630.601,6,10.155692241231803,20260910T112045Z,ggfiscal.debt.maturity,,A,
FRA,2005,fixed_bullet,15-20,6525.0,6605.3144,2,15.849981301842805,20260910T112045Z,ggfiscal.debt.maturity,,A,
FRA,2005,fixed_bullet,20-30,3872.0,4565.8387999999995,2,29.755103772464235,20260910T112045Z,ggfiscal.debt.maturity,,A,
FRA,2005,fixed_bullet,30+,11409.0,11497.4647,3,45.484196374861426,20260910T112045Z,ggfiscal.debt.maturity,,A,
FRA,2005,inflation_linked,5-7,3019.0,3120.3241,4,6.028649490937954,20260910T112045Z,ggfiscal.debt.maturity,,A,
FRA,2005,inflation_linked,7-10,2184.0,2340.9002,3,8.697936332433251,20260910T112045Z,ggfiscal.debt.maturity,,A,
FRA,2005,inflation_linked,10-15,9422.0,9517.8784,8,11.421265940709054,20260910T112045Z,ggfiscal.debt.maturity,,A,
FRA,2005,inflation_linked,15-20,788.0,858.4472000000001,1,15.419575633127996,20260910T112045Z,ggfiscal.debt.maturity,,A,
FRA,2005,inflation_linked,20-30,1719.0,2302.2763999999997,3,25.28173464109906,20260910T112045Z,ggfiscal.debt.maturity,,A,
FRA,2006,bill,0-1,164425.0,162204.6385615618,97,0.44457380099088384,20260910T112045Z,ggfiscal.debt.maturity,,A,
FRA,2006,fixed_bullet,1-2,10890.0,10826.7009,5,1.9093806586806399,20260910T112045Z,ggfiscal.debt.maturity,,A,
FRA,2006,fixed_bullet,2-3,10901.0,10857.134300000002,3,2.116844645176635,20260910T112045Z,ggfiscal.debt.maturity,,A,
FRA,2006,fixed_bullet,3-5,26669.0,26297.9001,8,4.790678351578529,20260910T112045Z,ggfiscal.debt.maturity,,A,
FRA,2006,fixed_bullet,5-7,5049.0,5002.0443000000005,1,5.059548254620124,20260910T112045Z,ggfiscal.debt.maturity,,A,
FRA,2006,fixed_bullet,7-10,14255.0,13965.6504,5,9.879758222135154,20260910T112045Z,ggfiscal.debt.maturity,,A,
FRA,2006,fixed_bullet,10-15,22316.0,22002.396399999998,8,11.601346670234362,20260910T112045Z,ggfiscal.debt.maturity,,A,
FRA,2006,fixed_bullet,15-20,5059.0,5161.4839,2,15.219514993440171,20260910T112045Z,ggfiscal.debt.maturity,,A,
FRA,2006,fixed_bullet,20-30,950.0,1022.0100000000001,1,28.958247775496236,20260910T112045Z,ggfiscal.debt.maturity,,A,
FRA,2006,fixed_bullet,30+,6800.0,6853.282,3,38.405581591979704,20260910T112045Z,ggfiscal.debt.maturity,,A,
FRA,2006,inflation_linked,3-5,5850.0,5817.2028,4,4.30313296711654,20260910T112045Z,ggfiscal.debt.maturity,,A,
FRA,2006,inflation_linked,5-7,797.0,812.2227,1,5.42094455852156,20260910T112045Z,ggfiscal.debt.maturity,,A,
FRA,2006,inflation_linked,7-10,1691.0,1702.6270999999997,2,9.131373527605785,20260910T112045Z,ggfiscal.debt.maturity,,A,
FRA,2006,inflation_linked,10-15,8438.0,8273.0697,10,12.077377542582617,20260910T112045Z,ggfiscal.debt.maturity,,A,
FRA,2006,inflation_linked,20-30,1467.0,1850.0435999999997,3,25.597512605637977,20260910T112045Z,ggfiscal.debt.maturity,,A,
FRA,2007,bill,0-1,183556.0,180151.31624397993,101,0.4699121674569035,20260910T112045Z,ggfiscal.debt.maturity,,A,
FRA,2007,fixed_bullet,1-2,6167.0,6145.503699999999,4,1.8928320318331202,20260910T112045Z,ggfiscal.debt.maturity,,A,
FRA,2007,fixed_bullet,2-3,10674.0,10613.2385,4,2.3192125229100067,20260910T112045Z,ggfiscal.debt.maturity,,A,
FRA,2007,fixed_bullet,3-5,21884.0,21815.1247,8,4.817766404679217,20260910T112045Z,ggfiscal.debt.maturity,,A,
FRA,2007,fixed_bullet,5-7,5613.0,5577.6381,1,5.045859000684462,20260910T112045Z,ggfiscal.debt.maturity,,A,
FRA,2007,fixed_bullet,7-10,8135.0,7783.351,3,9.8767100524306,20260910T112045Z,ggfiscal.debt.maturity,,A,
FRA,2007,fixed_bullet,10-15,23069.0,22582.5446,7,10.536235474156646,20260910T112045Z,ggfiscal.debt.maturity,,A,
FRA,2007,fixed_bullet,15-20,7630.0,7654.562,3,16.669022366590326,20260910T112045Z,ggfiscal.debt.maturity,,A,
FRA,2007,fixed_bullet,30+,6496.0,6096.6519,5,37.4794130142321,20260910T112045Z,ggfiscal.debt.maturity,,A,
FRA,2007,inflation_linked,2-3,873.0,856.7622,1,2.754277891854894,20260910T112045Z,ggfiscal.debt.maturity,,A,
FRA,2007,inflation_linked,3-5,5327.0,5225.973999999999,6,3.860514545828099,20260910T112045Z,ggfiscal.debt.maturity,,A,
FRA,2007,inflation_linked,7-10,1573.0,1433.5506,3,9.409189031365623,20260910T112045Z,ggfiscal.debt.maturity,,A,
FRA,2007,inflation_linked,10-15,4805.0,4497.6437000000005,5,11.504583478452245,20260910T112045Z,ggfiscal.debt.maturity,,A,
FRA,2007,inflation_linked,20-30,545.0,634.2165,1,22.0041067761807,20260910T112045Z,ggfiscal.debt.maturity,,A,
FRA,2007,inflation_linked,30+,4831.0,4694.2244,3,33.25707191930509,20260910T112045Z,ggfiscal.debt.maturity,,A,
FRA,2008,bill,0-1,314440.0,310043.7072525097,152,0.3849186598671423,20260910T112045Z,ggfiscal.debt.maturity,,A,
FRA,2008,fixed_bullet,1-2,9247.0,9305.673200000001,6,1.7841884009664937,20260910T112045Z,ggfiscal.debt.maturity,,A,
FRA,2008,fixed_bullet,2-3,11754.0,11615.8377,5,2.2649074449672546,20260910T112045Z,ggfiscal.debt.maturity,,A,
FRA,2008,fixed_bullet,3-5,33548.0,33645.2236,14,4.674286751431663,20260910T112045Z,ggfiscal.debt.maturity,,A,
FRA,2008,fixed_bullet,5-7,5511.0,5462.3035,4,6.190972668563688,20260910T112045Z,ggfiscal.debt.maturity,,A,
FRA,2008,fixed_bullet,7-10,27636.0,26955.715500000002,10,9.54816258569777,20260910T112045Z,ggfiscal.debt.maturity,,A,
FRA,2008,fixed_bullet,10-15,13093.0,12896.6764,4,10.242553024425433,20260910T112045Z,ggfiscal.debt.maturity,,A,
FRA,2008,fixed_bullet,15-20,5550.0,5304.9492,3,15.48549420056607,20260910T112045Z,ggfiscal.debt.maturity,,A,
FRA,2008,fixed_bullet,20-30,963.0,866.5074000000001,1,29.949349760438057,20260910T112045Z,ggfiscal.debt.maturity,,A,
FRA,2008,fixed_bullet,30+,7005.0,6185.9835,5,33.62529649057752,20260910T112045Z,ggfiscal.debt.maturity,,A,
FRA,2008,inflation_linked,2-3,1972.0,1973.0254,2,2.422498136123387,20260910T112045Z,ggfiscal.debt.maturity,,A,
FRA,2008,inflation_linked,3-5,1451.0,1447.1979,2,3.309291758003048,20260910T112045Z,ggfiscal.debt.maturity,,A,
FRA,2008,inflation_linked,5-7,1204.0,1250.4744,1,5.256673511293634,20260910T112045Z,ggfiscal.debt.maturity,,A,
FRA,2008,inflation_linked,7-10,3794.0,3515.3819,7,8.439513089762753,20260910T112045Z,ggfiscal.debt.maturity,,A,
FRA,2008,inflation_linked,10-15,2954.0,2961.3329999999996,6,12.390321688199204,20260910T112045Z,ggfiscal.debt.maturity,,A,
FRA,2008,inflation_linked,15-20,3994.0,3908.1808,2,15.339879086254298,20260910T112045Z,ggfiscal.debt.maturity,,A,
FRA,2008,inflation_linked,20-30,112.0,124.75679999999998,1,20.758384668035593,20260910T112045Z,ggfiscal.debt.maturity,,A,
FRA,2009,bill,0-1,501636.0,499953.9937692967,202,0.43133873767906156,20260910T112045Z,ggfiscal.debt.maturity,,A,
FRA,2009,fixed_bullet,1-2,15395.0,15568.3702,6,1.8064857008651263,20260910T112045Z,ggfiscal.debt.maturity,,A,
FRA,2009,fixed_bullet,2-3,23928.0,24676.0568,11,2.3492730072489882,20260910T112045Z,ggfiscal.debt.maturity,,A,
FRA,2009,fixed_bullet,3-5,38636.0,39076.8797,15,4.56739314385076,20260910T112045Z,ggfiscal.debt.maturity,,A,
FRA,2009,fixed_bullet,5-7,18125.0,18260.478,8,5.987724232339683,20260910T112045Z,ggfiscal.debt.maturity,,A,
FRA,2009,fixed_bullet,7-10,21270.0,22257.436,8,9.355090816003749,20260910T112045Z,ggfiscal.debt.maturity,,A,
FRA,2009,fixed_bullet,10-15,26898.0,27226.4525,9,11.269632956688001,20260910T112045Z,ggfiscal.debt.maturity,,A,
FRA,2009,fixed_bullet,15-20,5628.0,6729.5956,4,17.959860422148573,20260910T112045Z,ggfiscal.debt.maturity,,A,
FRA,2009,fixed_bullet,20-30,8204.0,8140.138499999999,5,29.03811032230484,20260910T112045Z,ggfiscal.debt.maturity,,A,
FRA,2009,fixed_bullet,30+,8175.0,8221.6275,2,31.722422118820212,20260910T112045Z,ggfiscal.debt.maturity,,A,
FRA,2009,inflation_linked,3-5,452.0,478.8487999999999,1,4.336755646817249,20260910T112045Z,ggfiscal.debt.maturity,,A,
FRA,2009,inflation_linked,5-7,1984.0,2027.694,3,6.066884149168708,20260910T112045Z,ggfiscal.debt.maturity,,A,
FRA,2009,inflation_linked,7-10,2172.0,2126.8394000000003,3,7.921541415035238,20260910T112045Z,ggfiscal.debt.maturity,,A,
FRA,2009,inflation_linked,10-15,5366.0,5543.4424,10,12.077945581261384,20260910T112045Z,ggfiscal.debt.maturity,,A,
FRA,2009,inflation_linked,20-30,1066.0,1294.9924,4,21.934206825878086,20260910T112045Z,ggfiscal.debt.maturity,,A,
FRA,2009,inflation_linked,30+,1265.0,1241.8251,3,30.927734266150477,20260910T112045Z,ggfiscal.debt.maturity,,A,
FRA,2010,bill,0-1,428905.0,427875.82899588085,158,0.45818417578514276,20260910T112045Z,ggfiscal.debt.maturity,,A,
FRA,2010,fixed_bullet,1-2,7167.0,7206.8247,3,1.9565307453824554,20260910T112045Z,ggfiscal.debt.maturity,,A,
FRA,2010,fixed_bullet,2-3,26295.0,27517.8484,12,2.383167241477372,20260910T112045Z,ggfiscal.debt.maturity,,A,
FRA,2010,fixed_bullet,3-5,50305.0,51322.646700000005,15,4.52468731973837,20260910T112045Z,ggfiscal.debt.maturity,,A,
FRA,2010,fixed_bullet,5-7,12346.0,12924.288199999999,6,5.892864789622246,20260910T112045Z,ggfiscal.debt.maturity,,A,
FRA,2010,fixed_bullet,7-10,27332.0,28124.3661,9,9.629710589378176,20260910T112045Z,ggfiscal.debt.maturity,,A,
FRA,2010,fixed_bullet,10-15,34403.0,35638.551,11,11.088519073844358,20260910T112045Z,ggfiscal.debt.maturity,,A,
FRA,2010,fixed_bullet,15-20,15074.0,16448.5894,6,16.132455019757877,20260910T112045Z,ggfiscal.debt.maturity,,A,
FRA,2010,fixed_bullet,20-30,4038.0,4695.9806,2,24.054892620041162,20260910T112045Z,ggfiscal.debt.maturity,,A,
FRA,2010,fixed_bullet,30+,13290.0,14203.5501,5,42.59951989757266,20260910T112045Z,ggfiscal.debt.maturity,,A,
FRA,2010,inflation_linked,5-7,635.0,661.8605,1,5.415468856947296,20260910T112045Z,ggfiscal.debt.maturity,,A,
FRA,2010,inflation_linked,7-10,6977.0,7057.1774,6,8.932634331813036,20260910T112045Z,ggfiscal.debt.maturity,,A,
FRA,2010,inflation_linked,10-15,11757.0,11961.082199999999,11,11.97858901481908,20260910T112045Z,ggfiscal.debt.maturity,,A,
FRA,2010,inflation_linked,20-30,350.0,382.27,1,29.67008898015058,20260910T112045Z,ggfiscal.debt.maturity,,A,
FRA,2010,inflation_linked,30+,718.0,743.0801,2,30.24335604071695,20260910T112045Z,ggfiscal.debt.maturity,,A,
FRA,2011,bill,0-1,407259.0,405648.11518841,167,0.44016295724402327,20260910T112045Z,ggfiscal.debt.maturity,,A,
FRA,2011,fixed_bullet,1-2,8088.0,8301.3789,4,1.9151994047679495,20260910T112045Z,ggfiscal.debt.maturity,,A,
FRA,2011,fixed_bullet,2-3,31520.0,32544.8559,12,2.491941320352863,20260910T112045Z,ggfiscal.debt.maturity,,A,
FRA,2011,fixed_bullet,3-5,36699.0,36742.9482,13,4.585358899215232,20260910T112045Z,ggfiscal.debt.maturity,,A,
FRA,2011,fixed_bullet,5-7,29296.0,30501.23,11,5.445979314348558,20260910T112045Z,ggfiscal.debt.maturity,,A,
FRA,2011,fixed_bullet,7-10,31066.0,29638.5361,10,9.410042420118735,20260910T112045Z,ggfiscal.debt.maturity,,A,
FRA,2011,fixed_bullet,10-15,32127.0,32393.3857,11,11.395726836768867,20260910T112045Z,ggfiscal.debt.maturity,,A,
FRA,2011,fixed_bullet,15-20,11944.0,12300.599900000001,5,16.026907681890346,20260910T112045Z,ggfiscal.debt.maturity,,A,
FRA,2011,fixed_bullet,20-30,5429.0,6336.702700000001,3,25.783247595838965,20260910T112045Z,ggfiscal.debt.maturity,,A,
FRA,2011,fixed_bullet,30+,1543.0,1592.9932,1,30.036960985626283,20260910T112045Z,ggfiscal.debt.maturity,,A,
FRA,2011,inflation_linked,3-5,2452.0,2404.4683000000005,3,4.797833390837133,20260910T112045Z,ggfiscal.debt.maturity,,A,
FRA,2011,inflation_linked,5-7,5914.0,5874.1738000000005,4,5.358540170923553,20260910T112045Z,ggfiscal.debt.maturity,,A,
FRA,2011,inflation_linked,7-10,2246.0,2295.4415000000004,4,8.11888928099723,20260910T112045Z,ggfiscal.debt.maturity,,A,
FRA,2011,inflation_linked,10-15,5013.0,4834.7901,7,11.006850498082125,20260910T112045Z,ggfiscal.debt.maturity,,A,
FRA,2011,inflation_linked,15-20,3732.0,3730.7904,3,16.34775400131904,20260910T112045Z,ggfiscal.debt.maturity,,A,
FRA,2011,inflation_linked,20-30,695.0,730.2908,2,29.14077772689446,20260910T112045Z,ggfiscal.debt.maturity,,A,
FRA,2012,bill,0-1,392979.0,392773.45775995456,156,0.45635115080238486,20260910T112045Z,ggfiscal.debt.maturity,,A,
FRA,2012,fixed_bullet,1-2,6833.0,6910.1039,3,1.9297572786893096,20260910T112045Z,ggfiscal.debt.maturity,,A,
FRA,2012,fixed_bullet,2-3,26250.0,27281.851199999997,12,2.4502508783937946,20260910T112045Z,ggfiscal.debt.maturity,,A,
FRA,2012,fixed_bullet,3-5,46333.0,47295.689099999996,17,4.390467347548466,20260910T112045Z,ggfiscal.debt.maturity,,A,
FRA,2012,fixed_bullet,5-7,24926.0,27156.7543,12,5.667440318757622,20260910T112045Z,ggfiscal.debt.maturity,,A,
FRA,2012,fixed_bullet,7-10,33114.0,34146.3144,10,9.510545301843834,20260910T112045Z,ggfiscal.debt.maturity,,A,
FRA,2012,fixed_bullet,10-15,33219.0,34258.0656,11,11.264834851713863,20260910T112045Z,ggfiscal.debt.maturity,,A,
FRA,2012,fixed_bullet,15-20,3796.0,3751.2072,1,15.118412046543463,20260910T112045Z,ggfiscal.debt.maturity,,A,
FRA,2012,fixed_bullet,20-30,9233.0,10893.0784,5,26.71559125663956,20260910T112045Z,ggfiscal.debt.maturity,,A,
FRA,2012,fixed_bullet,30+,685.0,805.834,1,47.86858316221766,20260910T112045Z,ggfiscal.debt.maturity,,A,
FRA,2012,inflation_linked,3-5,1540.0,1587.7268,2,4.1671084562255,20260910T112045Z,ggfiscal.debt.maturity,,A,
FRA,2012,inflation_linked,5-7,2520.0,2475.648,1,6.250513347022587,20260910T112045Z,ggfiscal.debt.maturity,,A,
FRA,2012,inflation_linked,7-10,4637.0,4859.9526,5,8.731197461362251,20260910T112045Z,ggfiscal.debt.maturity,,A,
FRA,2012,inflation_linked,10-15,5908.0,6295.5817,11,11.206367125029601,20260910T112045Z,ggfiscal.debt.maturity,,A,
FRA,2012,inflation_linked,15-20,1991.0,2309.3278,6,16.0180579892198,20260910T112045Z,ggfiscal.debt.maturity,,A,
FRA,2012,inflation_linked,20-30,515.0,593.1175000000001,2,28.273652173335194,20260910T112045Z,ggfiscal.debt.maturity,,A,
FRA,2013,bill,0-1,389714.0,389556.50302512996,157,0.4582859947871634,20260910T112045Z,ggfiscal.debt.maturity,,A,
FRA,2013,fixed_bullet,1-2,2350.0,2454.8099999999995,1,1.979466119096509,20260910T112045Z,ggfiscal.debt.maturity,,A,
FRA,2013,fixed_bullet,2-3,30997.0,31488.7334,10,2.456621213282502,20260910T112045Z,ggfiscal.debt.maturity,,A,
FRA,2013,fixed_bullet,3-5,11665.0,12719.68,6,4.448512063765049,20260910T112045Z,ggfiscal.debt.maturity,,A,
FRA,2013,fixed_bullet,5-7,44104.0,44962.5473,12,5.357802222933214,20260910T112045Z,ggfiscal.debt.maturity,,A,
FRA,2013,fixed_bullet,7-10,50858.0,51944.5305,15,9.121952174067404,20260910T112045Z,ggfiscal.debt.maturity,,A,
FRA,2013,fixed_bullet,10-15,21278.0,21152.8571,7,12.765185804376198,20260910T112045Z,ggfiscal.debt.maturity,,A,
FRA,2013,fixed_bullet,15-20,5059.0,6938.628599999999,3,17.291782835234176,20260910T112045Z,ggfiscal.debt.maturity,,A,
FRA,2013,fixed_bullet,30+,8860.0,8639.676,3,31.882386750779872,20260910T112045Z,ggfiscal.debt.maturity,,A,
FRA,2013,inflation_linked,2-3,571.0,591.0420999999999,1,2.6611909650924024,20260910T112045Z,ggfiscal.debt.maturity,,A,
FRA,2013,inflation_linked,3-5,1658.0,1712.0948000000003,3,3.934587163310818,20260910T112045Z,ggfiscal.debt.maturity,,A,
FRA,2013,inflation_linked,5-7,3275.0,3516.2863,6,5.730026594771958,20260910T112045Z,ggfiscal.debt.maturity,,A,
FRA,2013,inflation_linked,7-10,2299.0,2412.1722,4,8.593818280661859,20260910T112045Z,ggfiscal.debt.maturity,,A,
FRA,2013,inflation_linked,10-15,8225.0,8517.134900000001,12,12.315652059941458,20260910T112045Z,ggfiscal.debt.maturity,,A,
FRA,2013,inflation_linked,20-30,747.0,849.5685000000001,2,26.832059243132697,20260910T112045Z,ggfiscal.debt.maturity,,A,
FRA,2014,bill,0-1,408141.0,407998.9310833039,153,0.4550412641162895,20260910T112045Z,ggfiscal.debt.maturity,,A,
FRA,2014,fixed_bullet,2-3,31640.0,32488.609599999996,11,2.4177446305156143,20260910T112045Z,ggfiscal.debt.maturity,,A,
FRA,2014,fixed_bullet,3-5,12961.0,13859.8383,7,3.767569543781135,20260910T112045Z,ggfiscal.debt.maturity,,A,
FRA,2014,fixed_bullet,5-7,42942.0,43080.3695,11,5.262324608227114,20260910T112045Z,ggfiscal.debt.maturity,,A,
FRA,2014,fixed_bullet,7-10,7483.0,8149.5368,5,8.156371782428488,20260910T112045Z,ggfiscal.debt.maturity,,A,
FRA,2014,fixed_bullet,10-15,65089.0,67200.2386,16,11.000969524915964,20260910T112045Z,ggfiscal.debt.maturity,,A,
FRA,2014,fixed_bullet,15-20,19190.0,20230.066899999998,6,16.032624509614045,20260910T112045Z,ggfiscal.debt.maturity,,A,
FRA,2014,fixed_bullet,20-30,714.0,1041.9402,1,20.45448323066393,20260910T112045Z,ggfiscal.debt.maturity,,A,
FRA,2014,fixed_bullet,30+,5339.0,5779.1143999999995,3,36.16086039999339,20260910T112045Z,ggfiscal.debt.maturity,,A,
FRA,2014,inflation_linked,2-3,786.0,812.0165999999999,1,2.48870636550308,20260910T112045Z,ggfiscal.debt.maturity,,A,
FRA,2014,inflation_linked,3-5,4694.0,4835.6813,7,4.242196556572285,20260910T112045Z,ggfiscal.debt.maturity,,A,
FRA,2014,inflation_linked,5-7,1221.0,1291.7618,2,6.244938984158697,20260910T112045Z,ggfiscal.debt.maturity,,A,
FRA,2014,inflation_linked,7-10,2871.0,3219.621,6,8.620337291582777,20260910T112045Z,ggfiscal.debt.maturity,,A,
FRA,2014,inflation_linked,10-15,3626.0,3691.2169000000004,8,10.687030658869908,20260910T112045Z,ggfiscal.debt.maturity,,A,
FRA,2014,inflation_linked,15-20,4253.0,4349.9736,3,16.014495223647746,20260910T112045Z,ggfiscal.debt.maturity,,A,
FRA,2014,inflation_linked,20-30,268.0,351.37479999999994,1,25.66735112936345,20260910T112045Z,ggfiscal.debt.maturity,,A,
FRA,2015,bill,0-1,353735.0,354037.42007930705,152,0.44111753282055577,20260910T112045Z,ggfiscal.debt.maturity,,A,
FRA,2015,fixed_bullet,2-3,33448.0,34821.5979,10,2.649372401239531,20260910T112045Z,ggfiscal.debt.maturity,,A,
FRA,2015,fixed_bullet,3-5,20956.0,21524.221400000002,7,4.800678165483196,20260910T112045Z,ggfiscal.debt.maturity,,A,
FRA,2015,fixed_bullet,5-7,35042.0,36932.768,12,5.520517571150855,20260910T112045Z,ggfiscal.debt.maturity,,A,
FRA,2015,fixed_bullet,7-10,31141.0,34121.773799999995,10,9.063196670919034,20260910T112045Z,ggfiscal.debt.maturity,,A,
FRA,2015,fixed_bullet,10-15,54692.0,60067.6073,15,11.023767069830365,20260910T112045Z,ggfiscal.debt.maturity,,A,
FRA,2015,fixed_bullet,15-20,18989.0,22862.458899999998,7,16.347305938749294,20260910T112045Z,ggfiscal.debt.maturity,,A,
FRA,2015,fixed_bullet,20-30,3657.0,5426.6463,2,25.65782068350067,20260910T112045Z,ggfiscal.debt.maturity,,A,
FRA,2015,fixed_bullet,30+,4288.0,6384.8475,3,34.47884997497114,20260910T112045Z,ggfiscal.debt.maturity,,A,
FRA,2015,inflation_linked,3-5,2053.0,2188.1846,4,3.649957842032144,20260910T112045Z,ggfiscal.debt.maturity,,A,
FRA,2015,inflation_linked,5-7,1303.0,1412.9792,2,6.178131548162169,20260910T112045Z,ggfiscal.debt.maturity,,A,
FRA,2015,inflation_linked,7-10,7023.0,7805.137,11,8.793510089026931,20260910T112045Z,ggfiscal.debt.maturity,,A,
FRA,2015,inflation_linked,10-15,5356.0,6233.5672,6,11.658645315928863,20260910T112045Z,ggfiscal.debt.maturity,,A,
FRA,2015,inflation_linked,15-20,1400.0,1804.4392,3,15.69866040872201,20260910T112045Z,ggfiscal.debt.maturity,,A,
FRA,2015,inflation_linked,20-30,666.0,905.5672000000001,2,24.986160698686366,20260910T112045Z,ggfiscal.debt.maturity,,A,
FRA,2016,bill,0-1,324719.0,325471.6361352026,150,0.43349524471386314,20260910T112045Z,ggfiscal.debt.maturity,,A,
FRA,2016,fixed_bullet,2-3,9833.0,9950.9431,3,2.5951528792296097,20260910T112045Z,ggfiscal.debt.maturity,,A,
FRA,2016,fixed_bullet,3-5,42326.0,43468.4201,12,4.250372528113085,20260910T112045Z,ggfiscal.debt.maturity,,A,
FRA,2016,fixed_bullet,5-7,21140.0,22587.830500000004,8,5.6493217214269205,20260910T112045Z,ggfiscal.debt.maturity,,A,
FRA,2016,fixed_bullet,7-10,33860.0,36852.162000000004,10,9.345983158093903,20260910T112045Z,ggfiscal.debt.maturity,,A,
FRA,2016,fixed_bullet,10-15,41564.0,42912.960900000005,10,11.184265381028217,20260910T112045Z,ggfiscal.debt.maturity,,A,
FRA,2016,fixed_bullet,15-20,21224.0,25232.7074,9,17.35804210129274,20260910T112045Z,ggfiscal.debt.maturity,,A,
FRA,2016,fixed_bullet,20-30,19428.0,26304.5858,7,24.544531295249477,20260910T112045Z,ggfiscal.debt.maturity,,A,
FRA,2016,fixed_bullet,30+,4439.0,4439.794599999999,2,49.94276263576886,20260910T112045Z,ggfiscal.debt.maturity,,A,
FRA,2016,inflation_linked,3-5,4082.0,4291.8539,3,4.793253028856424,20260910T112045Z,ggfiscal.debt.maturity,,A,
FRA,2016,inflation_linked,5-7,1437.0,1613.056,2,5.840292990044568,20260910T112045Z,ggfiscal.debt.maturity,,A,
FRA,2016,inflation_linked,7-10,4547.0,4883.394,6,8.478533205623162,20260910T112045Z,ggfiscal.debt.maturity,,A,
FRA,2016,inflation_linked,10-15,4912.0,5983.1621,10,12.801243291931142,20260910T112045Z,ggfiscal.debt.maturity,,A,
FRA,2016,inflation_linked,20-30,931.0,1344.0546,2,24.277161075172533,20260910T112045Z,ggfiscal.debt.maturity,,A,
FRA,2016,inflation_linked,30+,4556.0,5034.7664,2,30.78511777385569,20260910T112045Z,ggfiscal.debt.maturity,,A,
FRA,2017,bill,0-1,322568.0,323417.41534756956,150,0.4295564457310847,20260910T112045Z,ggfiscal.debt.maturity,,A,
FRA,2017,fixed_bullet,2-3,20934.0,21251.7782,7,2.730495183617728,20260910T112045Z,ggfiscal.debt.maturity,,A,
FRA,2017,fixed_bullet,3-5,17408.0,17827.0579,6,3.8926371819261583,20260910T112045Z,ggfiscal.debt.maturity,,A,
FRA,2017,fixed_bullet,5-7,28994.0,29752.9775,11,5.351424829239612,20260910T112045Z,ggfiscal.debt.maturity,,A,
FRA,2017,fixed_bullet,7-10,48394.0,49599.80729999999,13,9.228601347421547,20260910T112045Z,ggfiscal.debt.maturity,,A,
FRA,2017,fixed_bullet,10-15,34767.0,36364.6824,10,11.576197125099178,20260910T112045Z,ggfiscal.debt.maturity,,A,
FRA,2017,fixed_bullet,15-20,10124.0,11013.9509,5,18.41932629507725,20260910T112045Z,ggfiscal.debt.maturity,,A,
FRA,2017,fixed_bullet,20-30,13874.0,15877.683,5,23.517004956212443,20260910T112045Z,ggfiscal.debt.maturity,,A,
FRA,2017,fixed_bullet,30+,18683.0,19544.7079,8,33.93841403732134,20260910T112045Z,ggfiscal.debt.maturity,,A,
FRA,2017,inflation_linked,3-5,3290.0,3488.3878,4,3.771280444547079,20260910T112045Z,ggfiscal.debt.maturity,,A,
FRA,2017,inflation_linked,5-7,1800.0,2062.1624,2,6.5243090729333035,20260910T112045Z,ggfiscal.debt.maturity,,A,
FRA,2017,inflation_linked,7-10,2417.0,2701.4641,4,8.150224977819386,20260910T112045Z,ggfiscal.debt.maturity,,A,
FRA,2017,inflation_linked,10-15,9691.0,11059.493,11,11.314163716329446,20260910T112045Z,ggfiscal.debt.maturity,,A,
FRA,2017,inflation_linked,20-30,1009.0,1216.0537,2,26.62171598664721,20260910T112045Z,ggfiscal.debt.maturity,,A,
FRA,2017,inflation_linked,30+,1756.0,1726.4562,5,30.199228537261117,20260910T112045Z,ggfiscal.debt.maturity,,A,
FRA,2018,bill,0-1,281447.0,282159.0482034279,148,0.4231001319384309,20260910T112045Z,ggfiscal.debt.maturity,,A,
FRA,2018,fixed_bullet,2-3,23232.0,23459.3154,6,2.6279149767226113,20260910T112045Z,ggfiscal.debt.maturity,,A,
FRA,2018,fixed_bullet,3-5,28755.0,29217.1787,9,3.7615033471546955,20260910T112045Z,ggfiscal.debt.maturity,,A,
FRA,2018,fixed_bullet,5-7,33577.0,33742.9395,11,5.520345004913467,20260910T112045Z,ggfiscal.debt.maturity,,A,
FRA,2018,fixed_bullet,7-10,15320.0,16412.7477,9,7.716473033420723,20260910T112045Z,ggfiscal.debt.maturity,,A,
FRA,2018,fixed_bullet,10-15,63621.0,67057.0099,17,10.734686945163727,20260910T112045Z,ggfiscal.debt.maturity,,A,
FRA,2018,fixed_bullet,15-20,16623.0,16611.0071,9,16.788443874902967,20260910T112045Z,ggfiscal.debt.maturity,,A,
FRA,2018,fixed_bullet,20-30,11265.0,13725.447600000001,5,23.64358991418545,20260910T112045Z,ggfiscal.debt.maturity,,A,
FRA,2018,fixed_bullet,30+,10614.0,10991.4134,6,36.483792988661804,20260910T112045Z,ggfiscal.debt.maturity,,A,
FRA,2018,inflation_linked,2-3,1144.0,1203.5816,2,2.5724597100367124,20260910T112045Z,ggfiscal.debt.maturity,,A,
FRA,2018,inflation_linked,3-5,1084.0,1213.1044,1,4.177960301163586,20260910T112045Z,ggfiscal.debt.maturity,,A,
FRA,2018,inflation_linked,5-7,3233.0,3588.2064,5,6.110113174520204,20260910T112045Z,ggfiscal.debt.maturity,,A,
FRA,2018,inflation_linked,7-10,7515.0,8726.5926,10,9.017989391966694,20260910T112045Z,ggfiscal.debt.maturity,,A,
FRA,2018,inflation_linked,10-15,3377.0,3878.8428,5,11.770788299559143,20260910T112045Z,ggfiscal.debt.maturity,,A,
FRA,2018,inflation_linked,15-20,3916.0,4251.02,2,18.25279815202063,20260910T112045Z,ggfiscal.debt.maturity,,A,
FRA,2018,inflation_linked,20-30,2108.0,2446.2693,6,27.603561024330244,20260910T112045Z,ggfiscal.debt.maturity,,A,
FRA,2019,bill,0-1,253938.0,254601.8608389349,161,0.44018159422994857,20260910T112045Z,ggfiscal.debt.maturity,,A,
FRA,2019,fixed_bullet,2-3,20611.0,20911.2577,6,2.7130787567798285,20260910T112045Z,ggfiscal.debt.maturity,,A,
FRA,2019,fixed_bullet,3-5,33244.0,34621.6532,11,3.4738362878222055,20260910T112045Z,ggfiscal.debt.maturity,,A,
FRA,2019,fixed_bullet,5-7,46249.0,48012.7767,15,5.697157763804767,20260910T112045Z,ggfiscal.debt.maturity,,A,
FRA,2019,fixed_bullet,7-10,33372.0,36390.5866,9,9.573912003349214,20260910T112045Z,ggfiscal.debt.maturity,,A,
FRA,2019,fixed_bullet,10-15,42969.0,45513.3845,10,10.778941933035497,20260910T112045Z,ggfiscal.debt.maturity,,A,
FRA,2019,fixed_bullet,15-20,17022.0,19890.3404,7,15.921280114931186,20260910T112045Z,ggfiscal.debt.maturity,,A,
FRA,2019,fixed_bullet,20-30,6718.0,7702.146199999999,4,23.21253901427183,20260910T112045Z,ggfiscal.debt.maturity,,A,
FRA,2019,fixed_bullet,30+,28138.0,34246.0559,10,32.19508106351171,20260910T112045Z,ggfiscal.debt.maturity,,A,
FRA,2019,inflation_linked,3-5,3046.0,3403.5267,4,4.0969591070615605,20260910T112045Z,ggfiscal.debt.maturity,,A,
FRA,2019,inflation_linked,5-7,1033.0,1110.3439,3,5.366566548260583,20260910T112045Z,ggfiscal.debt.maturity,,A,
FRA,2019,inflation_linked,7-10,9886.0,11054.0255,12,9.316975187223324,20260910T112045Z,ggfiscal.debt.maturity,,A,
FRA,2019,inflation_linked,10-15,557.0,660.9919,1,11.085557837097879,20260910T112045Z,ggfiscal.debt.maturity,,A,
FRA,2019,inflation_linked,15-20,1779.0,1997.4876999999997,4,17.07277119670165,20260910T112045Z,ggfiscal.debt.maturity,,A,
FRA,2019,inflation_linked,20-30,992.0,1111.3413,4,28.129978914133048,20260910T112045Z,ggfiscal.debt.maturity,,A,
FRA,2020,bill,0-1,353011.0,353967.5035269469,169,0.4736968997855936,20260910T112045Z,ggfiscal.debt.maturity,,A,
FRA,2020,fixed_bullet,2-3,16032.0,16543.4834,6,2.684829519605553,20260910T112045Z,ggfiscal.debt.maturity,,A,
FRA,2020,fixed_bullet,3-5,27369.0,28088.4712,9,3.8069706657379445,20260910T112045Z,ggfiscal.debt.maturity,,A,
FRA,2020,fixed_bullet,5-7,58156.0,61593.7138,16,5.704834159617604,20260910T112045Z,ggfiscal.debt.maturity,,A,
FRA,2020,fixed_bullet,7-10,66492.0,72925.0545,17,8.935680147283625,20260910T112045Z,ggfiscal.debt.maturity,,A,
FRA,2020,fixed_bullet,10-15,43599.0,47887.735700000005,11,11.303381029703239,20260910T112045Z,ggfiscal.debt.maturity,,A,
FRA,2020,fixed_bullet,15-20,22918.0,25806.3402,8,18.558213107362086,20260910T112045Z,ggfiscal.debt.maturity,,A,
FRA,2020,fixed_bullet,20-30,8515.0,12386.767100000001,4,27.519217968210867,20260910T112045Z,ggfiscal.debt.maturity,,A,
FRA,2020,fixed_bullet,30+,26305.0,32430.0615,12,33.449525930545974,20260910T112045Z,ggfiscal.debt.maturity,,A,
FRA,2020,inflation_linked,3-5,260.0,266.99399999999997,1,4.766598220396989,20260910T112045Z,ggfiscal.debt.maturity,,A,
FRA,2020,inflation_linked,5-7,5734.0,6080.6084,5,5.5205920136787485,20260910T112045Z,ggfiscal.debt.maturity,,A,
FRA,2020,inflation_linked,7-10,5990.0,6657.3416,10,8.807340091116954,20260910T112045Z,ggfiscal.debt.maturity,,A,
FRA,2020,inflation_linked,10-15,1538.0,1827.2903,3,10.46683382153592,20260910T112045Z,ggfiscal.debt.maturity,,A,
FRA,2020,inflation_linked,15-20,5736.0,6569.9848,7,15.706098686728966,20260910T112045Z,ggfiscal.debt.maturity,,A,
FRA,2020,inflation_linked,20-30,865.0,1059.3521,4,27.171624471321802,20260910T112045Z,ggfiscal.debt.maturity,,A,
FRA,2021,bill,0-1,319632.0,320666.47335359635,162,0.4841725838924208,20260910T112045Z,ggfiscal.debt.maturity,,A,
FRA,2021,fixed_bullet,2-3,29427.0,30113.8553,7,2.688317431036842,20260910T112045Z,ggfiscal.debt.maturity,,A,
FRA,2021,fixed_bullet,3-5,28626.0,29506.216,9,3.9659999981828,20260910T112045Z,ggfiscal.debt.maturity,,A,
FRA,2021,fixed_bullet,5-7,36830.0,38741.6841,12,5.619847373924963,20260910T112045Z,ggfiscal.debt.maturity,,A,
FRA,2021,fixed_bullet,7-10,50597.0,54151.8431,15,8.860614340070455,20260910T112045Z,ggfiscal.debt.maturity,,A,
FRA,2021,fixed_bullet,10-15,51869.0,52830.6898,10,10.700006910738866,20260910T112045Z,ggfiscal.debt.maturity,,A,
FRA,2021,fixed_bullet,15-20,16672.0,18776.6212,8,18.543482923246906,20260910T112045Z,ggfiscal.debt.maturity,,A,
FRA,2021,fixed_bullet,20-30,14759.0,15851.1839,5,23.890616934207223,20260910T112045Z,ggfiscal.debt.maturity,,A,
FRA,2021,fixed_bullet,30+,32664.0,34162.8307,12,37.217961303634056,20260910T112045Z,ggfiscal.debt.maturity,,A,
FRA,2021,inflation_linked,3-5,5838.0,6404.4753,6,4.4997449971967285,20260910T112045Z,ggfiscal.debt.maturity,,A,
FRA,2021,inflation_linked,5-7,2179.0,2408.7776000000003,4,5.916607376931,20260910T112045Z,ggfiscal.debt.maturity,,A,
FRA,2021,inflation_linked,7-10,2597.0,3116.2731000000003,4,8.705555849863094,20260910T112045Z,ggfiscal.debt.maturity,,A,
FRA,2021,inflation_linked,10-15,7739.0,8945.011,6,10.676663943497468,20260910T112045Z,ggfiscal.debt.maturity,,A,
FRA,2021,inflation_linked,15-20,2792.0,3482.4674,4,15.54176006934843,20260910T112045Z,ggfiscal.debt.maturity,,A,
FRA,2021,inflation_linked,20-30,2474.0,3257.9389,4,26.068261459216924,20260910T112045Z,ggfiscal.debt.maturity,,A,
FRA,2022,bill,0-1,308938.0,308430.27641138405,166,0.45327220195990675,20260910T112045Z,ggfiscal.debt.maturity,,A,
FRA,2022,fixed_bullet,2-3,20557.0,19976.307399999998,6,2.65531398198768,20260910T112045Z,ggfiscal.debt.maturity,,A,
FRA,2022,fixed_bullet,3-5,32499.0,31824.1187,8,3.9565488868093217,20260910T112045Z,ggfiscal.debt.maturity,,A,
FRA,2022,fixed_bullet,5-7,65721.0,63017.950300000004,16,5.712629834906298,20260910T112045Z,ggfiscal.debt.maturity,,A,
FRA,2022,fixed_bullet,7-10,27772.0,25962.9045,7,8.58011560449748,20260910T112045Z,ggfiscal.debt.maturity,,A,
FRA,2022,fixed_bullet,10-15,63529.0,59952.7961,13,10.548287857973943,20260910T112045Z,ggfiscal.debt.maturity,,A,
FRA,2022,fixed_bullet,15-20,10834.0,9560.3016,5,16.945163507233865,20260910T112045Z,ggfiscal.debt.maturity,,A,
FRA,2022,fixed_bullet,20-30,18371.0,17387.9676,8,23.584496903151866,20260910T112045Z,ggfiscal.debt.maturity,,A,
FRA,2022,fixed_bullet,30+,21584.0,15723.5712,9,33.11855627079962,20260910T112045Z,ggfiscal.debt.maturity,,A,
FRA,2022,inflation_linked,2-3,655.0,675.3704999999999,1,2.4476386036960984,20260910T112045Z,ggfiscal.debt.maturity,,A,
FRA,2022,inflation_linked,3-5,1465.0,1667.5965,2,4.464201199328152,20260910T112045Z,ggfiscal.debt.maturity,,A,
FRA,2022,inflation_linked,5-7,1321.0,1468.4418,2,5.2715151081798215,20260910T112045Z,ggfiscal.debt.maturity,,A,
FRA,2022,inflation_linked,7-10,7361.0,8402.0047,11,9.29607721326885,20260910T112045Z,ggfiscal.debt.maturity,,A,
FRA,2022,inflation_linked,10-15,4589.0,4968.1177,9,12.845949357516389,20260910T112045Z,ggfiscal.debt.maturity,,A,
FRA,2022,inflation_linked,15-20,5198.0,5699.7443,3,16.359423239444222,20260910T112045Z,ggfiscal.debt.maturity,,A,
FRA,2022,inflation_linked,20-30,228.0,215.84760000000003,1,24.673511293634498,20260910T112045Z,ggfiscal.debt.maturity,,A,
FRA,2022,inflation_linked,30+,4546.0,5827.578200000001,6,31.323008275283485,20260910T112045Z,ggfiscal.debt.maturity,,A,
FRA,2023,bill,0-1,345426.0,339757.66658070177,182,0.48862601158855157,20260910T112045Z,ggfiscal.debt.maturity,,A,
FRA,2023,fixed_bullet,2-3,18532.0,18046.7686,4,2.7624731249038788,20260910T112045Z,ggfiscal.debt.maturity,,A,
FRA,2023,fixed_bullet,3-5,53981.0,52045.6994,14,3.7842164177699305,20260910T112045Z,ggfiscal.debt.maturity,,A,
FRA,2023,fixed_bullet,5-7,50260.0,48291.997,14,5.596254221375338,20260910T112045Z,ggfiscal.debt.maturity,,A,
FRA,2023,fixed_bullet,7-10,63746.0,59482.6476,12,9.31989511848798,20260910T112045Z,ggfiscal.debt.maturity,,A,
FRA,2023,fixed_bullet,10-15,36912.0,34977.4566,8,10.874602324799651,20260910T112045Z,ggfiscal.debt.maturity,,A,
FRA,2023,fixed_bullet,15-20,14071.0,11465.4962,6,17.506825242532845,20260910T112045Z,ggfiscal.debt.maturity,,A,
FRA,2023,fixed_bullet,20-30,7880.0,5236.719300000001,3,20.762596719443255,20260910T112045Z,ggfiscal.debt.maturity,,A,
FRA,2023,fixed_bullet,30+,33175.0,27947.8846,14,33.72136490217651,20260910T112045Z,ggfiscal.debt.maturity,,A,
FRA,2023,inflation_linked,2-3,836.0,825.0484,1,2.3545516769336072,20260910T112045Z,ggfiscal.debt.maturity,,A,
FRA,2023,inflation_linked,3-5,1581.0,1625.7765,2,4.406874758911977,20260910T112045Z,ggfiscal.debt.maturity,,A,
FRA,2023,inflation_linked,5-7,7039.0,6914.1722,9,5.662017007230372,20260910T112045Z,ggfiscal.debt.maturity,,A,
FRA,2023,inflation_linked,7-10,2652.0,2602.8103,4,8.60353608088842,20260910T112045Z,ggfiscal.debt.maturity,,A,
FRA,2023,inflation_linked,10-15,6683.0,6335.4915,8,12.360250036281744,20260910T112045Z,ggfiscal.debt.maturity,,A,
FRA,2023,inflation_linked,15-20,4194.0,4060.7928,3,15.60181309174444,20260910T112045Z,ggfiscal.debt.maturity,,A,
FRA,2023,inflation_linked,20-30,267.0,204.7356,1,29.678302532511978,20260910T112045Z,ggfiscal.debt.maturity,,A,
FRA,2023,inflation_linked,30+,1285.0,1117.8591999999999,4,30.20943280147652,20260910T112045Z,ggfiscal.debt.maturity,,A,
FRA,2024,bill,0-1,413280.0,406842.3660385681,198,0.4751975746754632,20260910T112045Z,ggfiscal.debt.maturity,,A,
FRA,2024,fixed_bullet,2-3,17230.0,16739.9068999504,5,2.8254423086930736,20260910T112045Z,ggfiscal.debt.maturity,,A,
FRA,2024,fixed_bullet,3-5,61255.0,61030.63099999919,16,3.837883610724817,20260910T112045Z,ggfiscal.debt.maturity,,A,
FRA,2024,fixed_bullet,5-7,45125.0,44676.8307000294,13,5.475696417093744,20260910T112045Z,ggfiscal.debt.maturity,,A,
FRA,2024,fixed_bullet,7-10,60245.0,59075.6300000348,15,9.164365062147269,20260910T112045Z,ggfiscal.debt.maturity,,A,
FRA,2024,fixed_bullet,10-15,63264.0,59593.086599999995,14,11.167605292831977,20260910T112045Z,ggfiscal.debt.maturity,,A,
FRA,2024,fixed_bullet,15-20,17819.0,13820.821,8,17.440216606573077,20260910T112045Z,ggfiscal.debt.maturity,,A,
FRA,2024,fixed_bullet,20-30,14417.0,12528.075499999999,5,25.54711016165274,20260910T112045Z,ggfiscal.debt.maturity,,A,
FRA,2024,fixed_bullet,30+,31018.0,29034.5165,13,32.32916790405288,20260910T112045Z,ggfiscal.debt.maturity,,A,
FRA,2024,inflation_linked,3-5,8225.0,8084.941000000001,10,4.280404519534232,20260910T112045Z,ggfiscal.debt.maturity,,A,
FRA,2024,inflation_linked,5-7,1432.0,1510.3916,2,5.227704296819733,20260910T112045Z,ggfiscal.debt.maturity,,A,
FRA,2024,inflation_linked,7-10,4779.0,5021.7747,7,8.382327485395193,20260910T112045Z,ggfiscal.debt.maturity,,A,
FRA,2024,inflation_linked,10-15,7251.0,6755.0468,13,11.667513678634426,20260910T112045Z,ggfiscal.debt.maturity,,A,
FRA,2024,inflation_linked,15-20,5600.0,5757.7966,5,18.226082917766696,20260910T112045Z,ggfiscal.debt.maturity,,A,
FRA,2024,inflation_linked,20-30,2144.0,1703.7314999999999,7,29.09841066740221,20260910T112045Z,ggfiscal.debt.maturity,,A,
FRA,2025,bill,0-1,397984.0,393628.5880237517,195,0.5196653144166931,20260910T112045Z,ggfiscal.debt.maturity,,A,
FRA,2025,fixed_bullet,2-3,14470.0,14417.421999999999,4,2.7980324180832494,20260910T112045Z,ggfiscal.debt.maturity,,A,
FRA,2025,fixed_bullet,3-5,54792.0,54732.534,15,3.807585533602581,20260910T112045Z,ggfiscal.debt.maturity,,A,
FRA,2025,fixed_bullet,5-7,64720.0,63558.1901,13,5.524141227751788,20260910T112045Z,ggfiscal.debt.maturity,,A,
FRA,2025,fixed_bullet,7-10,50884.0,49203.6971,11,8.977271221935132,20260910T112045Z,ggfiscal.debt.maturity,,A,
FRA,2025,fixed_bullet,10-15,78462.0,73918.4077,18,10.688246738621872,20260910T112045Z,ggfiscal.debt.maturity,,A,
FRA,2025,fixed_bullet,15-20,27605.0,25632.863400000002,9,17.281733697768498,20260910T112045Z,ggfiscal.debt.maturity,,A,
FRA,2025,fixed_bullet,20-30,8705.0,7626.2725,4,25.415099302131114,20260910T112045Z,ggfiscal.debt.maturity,,A,
FRA,2025,fixed_bullet,30+,24746.0,23443.8846,8,31.156764306462488,20260910T112045Z,ggfiscal.debt.maturity,,A,
FRA,2025,inflation_linked,2-3,714.0,700.791,1,2.6885694729637235,20260910T112045Z,ggfiscal.debt.maturity,,A,
FRA,2025,inflation_linked,5-7,2164.0,2150.8496,3,6.398821610802618,20260910T112045Z,ggfiscal.debt.maturity,,A,
FRA,2025,inflation_linked,7-10,7249.0,6923.141100000001,9,8.64039950186903,20260910T112045Z,ggfiscal.debt.maturity,,A,
FRA,2025,inflation_linked,10-15,6144.0,5412.9954,14,12.93371228325348,20260910T112045Z,ggfiscal.debt.maturity,,A,
FRA,2025,inflation_linked,15-20,4662.0,4320.2528,5,17.674414807885032,20260910T112045Z,ggfiscal.debt.maturity,,A,
FRA,2025,inflation_linked,20-30,2357.0,1505.7099,7,28.113360032315235,20260910T112045Z,ggfiscal.debt.maturity,,A,
FRA,2026,bill,0-1,254495.0,251359.0391403649,117,0.5204600610254186,20260910T112045Z,ggfiscal.debt.maturity,,A,
FRA,2026,fixed_bullet,2-3,3713.0,3718.5695,1,2.6611909650924024,20260910T112045Z,ggfiscal.debt.maturity,,A,
FRA,2026,fixed_bullet,3-5,52135.0,51405.0645,12,3.8102038966257172,20260910T112045Z,ggfiscal.debt.maturity,,A,
FRA,2026,fixed_bullet,5-7,32843.0,32068.4853,8,5.731139893292343,20260910T112045Z,ggfiscal.debt.maturity,,A,
FRA,2026,fixed_bullet,7-10,67409.0,65362.0206,15,9.14739525283301,20260910T112045Z,ggfiscal.debt.maturity,,A,
FRA,2026,fixed_bullet,10-15,48266.0,45515.0905,9,11.156311137177775,20260910T112045Z,ggfiscal.debt.maturity,,A,
FRA,2026,fixed_bullet,15-20,16883.0,15013.884600000001,8,17.479140469234995,20260910T112045Z,ggfiscal.debt.maturity,,A,
FRA,2026,fixed_bullet,20-30,16667.0,15873.566200000001,5,20.645717024057877,20260910T112045Z,ggfiscal.debt.maturity,,A,
FRA,2026,fixed_bullet,30+,12199.0,11953.712100000002,4,31.11325032588986,20260910T112045Z,ggfiscal.debt.maturity,,A,
FRA,2026,inflation_linked,3-5,1339.0,1359.2377999999999,2,3.1664604077434766,20260910T112045Z,ggfiscal.debt.maturity,,A,
FRA,2026,inflation_linked,5-7,2388.0,2451.5633,4,5.8876575439368874,20260910T112045Z,ggfiscal.debt.maturity,,A,
FRA,2026,inflation_linked,7-10,1523.0,1397.5348,3,8.765039640861568,20260910T112045Z,ggfiscal.debt.maturity,,A,
FRA,2026,inflation_linked,10-15,4753.0,4225.9643,10,12.246748154161217,20260910T112045Z,ggfiscal.debt.maturity,,A,
FRA,2026,inflation_linked,15-20,424.0,366.8024,1,17.2621492128679,20260910T112045Z,ggfiscal.debt.maturity,,A,
FRA,2026,inflation_linked,20-30,1673.0,1014.777,5,25.736900394517264,20260910T112045Z,ggfiscal.debt.maturity,,A,
DEU,1999,bill,0-1,20000.0,19528.0471,4,0.5037645448323066,20260910T112045Z,ggfiscal.debt.maturity,,A,
DEU,1999,fixed_bullet,1-2,21000.0,17256.328820000002,5,1.9934161207261825,20260910T112045Z,ggfiscal.debt.maturity,,A,
DEU,1999,fixed_bullet,3-5,13000.0,10152.923780000001,3,4.733744010951403,20260910T112045Z,ggfiscal.debt.maturity,,A,
DEU,1999,fixed_bullet,5-7,10000.0,7864.37926,2,5.017111567419575,20260910T112045Z,ggfiscal.debt.maturity,,A,
DEU,1999,fixed_bullet,7-10,34000.0,27841.510674999998,6,9.964891089906189,20260910T112045Z,ggfiscal.debt.maturity,,A,
DEU,1999,fixed_bullet,10-15,22000.0,17388.406430000003,5,10.187293883392448,20260910T112045Z,ggfiscal.debt.maturity,,A,
DEU,1999,fixed_bullet,20-30,5987.08,4462.3796,2,29.459286285996903,20260910T112045Z,ggfiscal.debt.maturity,,A,
DEU,2000,bill,0-1,20000.0,19256.01534,4,0.5085557837097878,20260910T112045Z,ggfiscal.debt.maturity,,A,
DEU,2000,fixed_bullet,1-2,24000.0,19660.54348,5,1.99543691535478,20260910T112045Z,ggfiscal.debt.maturity,,A,
DEU,2000,fixed_bullet,3-5,10000.0,6909.62,3,4.784941820670774,20260910T112045Z,ggfiscal.debt.maturity,,A,
DEU,2000,fixed_bullet,5-7,18000.0,14634.304799999998,3,5.007529089664613,20260910T112045Z,ggfiscal.debt.maturity,,A,
DEU,2000,fixed_bullet,7-10,21000.0,13924.4341,3,9.978553502167465,20260910T112045Z,ggfiscal.debt.maturity,,A,
DEU,2000,fixed_bullet,10-15,23000.0,18797.02573,3,10.159450049102759,20260910T112045Z,ggfiscal.debt.maturity,,A,
DEU,2000,fixed_bullet,20-30,9000.0,2568.5402000000004,3,29.79420488250057,20260910T112045Z,ggfiscal.debt.maturity,,A,
DEU,2000,fixed_bullet,30+,5000.0,3936.7764,1,30.193018480492814,20260910T112045Z,ggfiscal.debt.maturity,,A,
DEU,2001,bill,0-1,33000.0,30813.464170000003,4,0.5095721071080415,20260910T112045Z,ggfiscal.debt.maturity,,A,
DEU,2001,fixed_bullet,1-2,40000.0,32822.37062,4,1.998631074606434,20260910T112045Z,ggfiscal.debt.maturity,,A,
DEU,2001,fixed_bullet,3-5,21000.0,16367.992999999999,3,4.8350444900752905,20260910T112045Z,ggfiscal.debt.maturity,,A,
DEU,2001,fixed_bullet,5-7,7000.0,5649.576,1,5.007529089664613,20260910T112045Z,ggfiscal.debt.maturity,,A,
DEU,2001,fixed_bullet,7-10,16000.0,12337.6088,2,9.893223819301848,20260910T112045Z,ggfiscal.debt.maturity,,A,
DEU,2001,fixed_bullet,10-15,16000.0,11990.1027,2,10.057494866529774,20260910T112045Z,ggfiscal.debt.maturity,,A,
DEU,2001,fixed_bullet,20-30,6000.0,4496.6438,2,29.914214008669862,20260910T112045Z,ggfiscal.debt.maturity,,A,
DEU,2002,bill,0-1,50000.0,47792.87947,10,0.5037645448323067,20260910T112045Z,ggfiscal.debt.maturity,,A,
DEU,2002,fixed_bullet,1-2,45000.0,37599.026,7,1.981595558597612,20260910T112045Z,ggfiscal.debt.maturity,,A,
DEU,2002,fixed_bullet,3-5,28000.0,22590.047775,3,4.833675564681725,20260910T112045Z,ggfiscal.debt.maturity,,A,
DEU,2002,fixed_bullet,5-7,10000.0,8567.6886,1,5.007529089664613,20260910T112045Z,ggfiscal.debt.maturity,,A,
DEU,2002,fixed_bullet,7-10,32000.0,27651.398479999996,4,9.778918548939084,20260910T112045Z,ggfiscal.debt.maturity,,A,
DEU,2002,fixed_bullet,10-15,20000.0,17511.47225,2,10.004106776180699,20260910T112045Z,ggfiscal.debt.maturity,,A,
DEU,2002,fixed_bullet,20-30,6000.0,4154.409,2,28.89892767510837,20260910T112045Z,ggfiscal.debt.maturity,,A,
DEU,2003,bill,0-1,66000.0,59025.0688,12,0.5104432414494017,20260910T112045Z,ggfiscal.debt.maturity,,A,
DEU,2003,fixed_bullet,1-2,41000.0,36272.63563,7,1.9420710839551927,20260910T112045Z,ggfiscal.debt.maturity,,A,
DEU,2003,fixed_bullet,2-3,7000.0,6188.7001,1,2.0177960301163584,20260910T112045Z,ggfiscal.debt.maturity,,A,
DEU,2003,fixed_bullet,3-5,28000.0,20611.778225000002,4,4.897330595482546,20260910T112045Z,ggfiscal.debt.maturity,,A,
DEU,2003,fixed_bullet,5-7,14000.0,12957.34185,2,5.017111567419575,20260910T112045Z,ggfiscal.debt.maturity,,A,
DEU,2003,fixed_bullet,7-10,38000.0,30759.04956,6,9.841997190100509,20260910T112045Z,ggfiscal.debt.maturity,,A,
DEU,2003,fixed_bullet,10-15,16000.0,13662.3963,2,10.095824777549623,20260910T112045Z,ggfiscal.debt.maturity,,A,
DEU,2003,fixed_bullet,30+,10000.0,8666.779680000001,2,31.236139630390145,20260910T112045Z,ggfiscal.debt.maturity,,A,
DEU,2004,bill,0-1,72000.0,58231.274915,12,0.5037645448323067,20260910T112045Z,ggfiscal.debt.maturity,,A,
DEU,2004,fixed_bullet,1-2,52000.0,47147.91689,7,1.9569841520560207,20260910T112045Z,ggfiscal.debt.maturity,,A,
DEU,2004,fixed_bullet,2-3,7000.0,6687.03824,1,2.0177960301163584,20260910T112045Z,ggfiscal.debt.maturity,,A,
DEU,2004,fixed_bullet,3-5,10000.0,9119.866525000001,2,4.911704312114989,20260910T112045Z,ggfiscal.debt.maturity,,A,
DEU,2004,fixed_bullet,5-7,26000.0,22989.921000000002,4,5.114410572316117,20260910T112045Z,ggfiscal.debt.maturity,,A,
DEU,2004,fixed_bullet,7-10,32000.0,26730.0314,4,9.933692676249144,20260910T112045Z,ggfiscal.debt.maturity,,A,
DEU,2004,fixed_bullet,10-15,17000.0,14096.23024,2,10.107984056045415,20260910T112045Z,ggfiscal.debt.maturity,,A,
DEU,2004,fixed_bullet,20-30,5000.0,4439.0631,1,29.95208761122519,20260910T112045Z,ggfiscal.debt.maturity,,A,
DEU,2004,fixed_bullet,30+,5000.0,4429.4912,1,30.431211498973305,20260910T112045Z,ggfiscal.debt.maturity,,A,
DEU,2005,bill,0-1,72000.0,59461.848687699996,12,0.5053616244581337,20260910T112045Z,ggfiscal.debt.maturity,,A,
DEU,2005,fixed_bullet,0-1,948.27643223,,6,0.5130900925064954,20260910T112045Z,ggfiscal.debt.maturity,,A,
DEU,2005,fixed_bullet,1-2,49411.24356285,42400.018076,9,1.9525621083085987,20260910T112045Z,ggfiscal.debt.maturity,,A,
DEU,2005,fixed_bullet,2-3,8322.48712775,6949.653149999999,3,2.0282988090086698,20260910T112045Z,ggfiscal.debt.maturity,,A,
DEU,2005,fixed_bullet,3-5,21253.15722737,16713.60624,10,4.8168393738466975,20260910T112045Z,ggfiscal.debt.maturity,,A,
DEU,2005,fixed_bullet,5-7,18468.253968253972,15616.552321031748,5,5.039897380599203,20260910T112045Z,ggfiscal.debt.maturity,,A,
DEU,2005,fixed_bullet,7-10,21000.0,17847.7607,3,9.917538541768522,20260910T112045Z,ggfiscal.debt.maturity,,A,
DEU,2005,fixed_bullet,10-15,23409.66494845,19349.3468,5,10.106099807555514,20260910T112045Z,ggfiscal.debt.maturity,,A,
DEU,2005,fixed_bullet,15-20,24.16237504,,1,18.54072553045859,20260910T112045Z,ggfiscal.debt.maturity,,A,
DEU,2005,fixed_bullet,20-30,585.4059397799999,,4,23.521737627119318,20260910T112045Z,ggfiscal.debt.maturity,,A,
DEU,2005,fixed_bullet,30+,11000.0,10126.95421,2,31.721983697343035,20260910T112045Z,ggfiscal.debt.maturity,,A,
DEU,2006,bill,0-1,72000.0,52930.8989316,12,0.5053616244581337,20260910T112045Z,ggfiscal.debt.maturity,,A,
DEU,2006,fixed_bullet,1-2,51000.0,41404.31958,7,1.945645609373113,20260910T112045Z,ggfiscal.debt.maturity,,A,
DEU,2006,fixed_bullet,2-3,9000.0,7670.775,1,2.0177960301163584,20260910T112045Z,ggfiscal.debt.maturity,,A,
DEU,2006,fixed_bullet,3-5,20000.0,16899.486875000002,4,4.89637234770705,20260910T112045Z,ggfiscal.debt.maturity,,A,
DEU,2006,fixed_bullet,5-7,16000.0,13161.0861,2,5.045859000684462,20260910T112045Z,ggfiscal.debt.maturity,,A,
DEU,2006,fixed_bullet,7-10,30000.0,24880.9871,4,9.944969199178644,20260910T112045Z,ggfiscal.debt.maturity,,A,
DEU,2006,fixed_bullet,10-15,15000.0,11994.751799999998,2,10.135341090577231,20260910T112045Z,ggfiscal.debt.maturity,,A,
DEU,2006,fixed_bullet,30+,12000.0,10497.3158,2,30.694045174537987,20260910T112045Z,ggfiscal.debt.maturity,,A,
DEU,2006,inflation_linked,7-10,3500.0,2934.18,1,9.607118412046544,20260910T112045Z,ggfiscal.debt.maturity,,A,
DEU,2006,inflation_linked,10-15,5500.0,4980.0,1,10.105407255304586,20260910T112045Z,ggfiscal.debt.maturity,,A,
DEU,2007,bill,0-1,72000.0,58162.0560349,12,0.5085557837097878,20260910T112045Z,ggfiscal.debt.maturity,,A,
DEU,2007,fixed_bullet,1-2,56000.0,49328.69636,8,1.9568788501026695,20260910T112045Z,ggfiscal.debt.maturity,,A,
DEU,2007,fixed_bullet,3-5,20000.0,17766.7047,4,4.897330595482546,20260910T112045Z,ggfiscal.debt.maturity,,A,
DEU,2007,fixed_bullet,5-7,12000.0,10471.0472,2,5.045859000684462,20260910T112045Z,ggfiscal.debt.maturity,,A,
DEU,2007,fixed_bullet,7-10,12000.0,9962.145100000002,2,9.887748117727584,20260910T112045Z,ggfiscal.debt.maturity,,A,
DEU,2007,fixed_bullet,10-15,27000.0,23003.73798,4,10.068091363094785,20260910T112045Z,ggfiscal.debt.maturity,,A,
DEU,2007,fixed_bullet,30+,10000.0,8284.61925,2,32.24147843942505,20260910T112045Z,ggfiscal.debt.maturity,,A,
DEU,2007,inflation_linked,5-7,4000.0,3733.6419999999994,1,5.475701574264202,20260910T112045Z,ggfiscal.debt.maturity,,A,
DEU,2007,inflation_linked,7-10,2000.0,1828.8180000000002,1,8.974674880219029,20260910T112045Z,ggfiscal.debt.maturity,,A,
DEU,2008,bill,0-1,75000.0,52175.586234675,15,0.5009901893680129,20260910T112045Z,ggfiscal.debt.maturity,,A,
DEU,2008,fixed_bullet,1-2,59000.0,46678.93808,8,1.9577025255513405,20260910T112045Z,ggfiscal.debt.maturity,,A,
DEU,2008,fixed_bullet,3-5,19000.0,15620.127,4,4.9026261752944995,20260910T112045Z,ggfiscal.debt.maturity,,A,
DEU,2008,fixed_bullet,5-7,14000.0,10923.864249999999,2,5.045859000684462,20260910T112045Z,ggfiscal.debt.maturity,,A,
DEU,2008,fixed_bullet,7-10,12000.0,9985.92625,2,9.890485968514717,20260910T112045Z,ggfiscal.debt.maturity,,A,
DEU,2008,fixed_bullet,10-15,29000.0,20515.594399999998,4,10.064905945384599,20260910T112045Z,ggfiscal.debt.maturity,,A,
DEU,2008,fixed_bullet,30+,8000.0,6283.3928,2,31.696098562628336,20260910T112045Z,ggfiscal.debt.maturity,,A,
DEU,2008,inflation_linked,3-5,2000.0,1780.5584999999999,1,4.766598220396989,20260910T112045Z,ggfiscal.debt.maturity,,A,
DEU,2008,inflation_linked,5-7,3000.0,2991.702,1,5.111567419575633,20260910T112045Z,ggfiscal.debt.maturity,,A,
DEU,2008,inflation_linked,7-10,2000.0,1834.5185249999997,1,7.84394250513347,20260910T112045Z,ggfiscal.debt.maturity,,A,
DEU,2009,bill,0-1,128000.0,98626.34993195,22,0.5512277549623544,20260910T112045Z,ggfiscal.debt.maturity,,A,
DEU,2009,bill,1-2,48000.0,35561.37078556,10,1.0020533880903493,20260910T112045Z,ggfiscal.debt.maturity,,A,
DEU,2009,fixed_bullet,1-2,38000.0,31034.27937,6,1.9466839583558486,20260910T112045Z,ggfiscal.debt.maturity,,A,
DEU,2009,fixed_bullet,2-3,26000.0,21185.689885,4,2.0369609856262834,20260910T112045Z,ggfiscal.debt.maturity,,A,
DEU,2009,fixed_bullet,3-5,24735.9781121751,20580.367411491105,5,4.688505425243175,20260910T112045Z,ggfiscal.debt.maturity,,A,
DEU,2009,fixed_bullet,5-7,14000.0,11238.335649999999,2,5.045859000684462,20260910T112045Z,ggfiscal.debt.maturity,,A,
DEU,2009,fixed_bullet,7-10,28000.0,21706.77222,5,9.879827906521951,20260910T112045Z,ggfiscal.debt.maturity,,A,
DEU,2009,fixed_bullet,10-15,19000.0,15517.52815,3,10.093303072877266,20260910T112045Z,ggfiscal.debt.maturity,,A,
DEU,2009,fixed_bullet,30+,6000.0,5377.1142,2,30.970568104038332,20260910T112045Z,ggfiscal.debt.maturity,,A,
DEU,2009,inflation_linked,10-15,5000.0,4668.24376,2,10.694045174537989,20260910T112045Z,ggfiscal.debt.maturity,,A,
DEU,2010,bill,0-1,76000.0,67051.292095325,19,0.5668071616412694,20260910T112045Z,ggfiscal.debt.maturity,,A,
DEU,2010,bill,1-2,40000.0,34071.0263257,11,1.0020533880903488,20260910T112045Z,ggfiscal.debt.maturity,,A,
DEU,2010,fixed_bullet,1-2,24000.0,20198.282065,4,1.9347478895733516,20260910T112045Z,ggfiscal.debt.maturity,,A,
DEU,2010,fixed_bullet,2-3,50000.0,41407.961194999996,8,2.056509240246407,20260910T112045Z,ggfiscal.debt.maturity,,A,
DEU,2010,fixed_bullet,3-5,34000.0,27888.09245,6,4.899867133711801,20260910T112045Z,ggfiscal.debt.maturity,,A,
DEU,2010,fixed_bullet,5-7,18000.0,14590.948525,3,5.077800593201004,20260910T112045Z,ggfiscal.debt.maturity,,A,
DEU,2010,fixed_bullet,7-10,31000.0,25889.081875,6,9.927358636373674,20260910T112045Z,ggfiscal.debt.maturity,,A,
DEU,2010,fixed_bullet,10-15,29000.0,23605.23124,5,10.106728976374237,20260910T112045Z,ggfiscal.debt.maturity,,A,
DEU,2010,fixed_bullet,30+,10000.0,8872.62201,3,30.97275838466804,20260910T112045Z,ggfiscal.debt.maturity,,A,
DEU,2010,inflation_linked,3-5,2000.0,2090.563,1,3.02258726899384,20260910T112045Z,ggfiscal.debt.maturity,,A,
DEU,2010,inflation_linked,5-7,2000.0,2124.8206,1,5.601642710472279,20260910T112045Z,ggfiscal.debt.maturity,,A,
DEU,2010,inflation_linked,7-10,4000.0,4258.32985,4,9.635181382614649,20260910T112045Z,ggfiscal.debt.maturity,,A,
DEU,2010,inflation_linked,10-15,3000.0,2906.0204999999996,2,10.202144649783254,20260910T112045Z,ggfiscal.debt.maturity,,A,
DEU,2011,bill,0-1,65000.0,60029.66276489,18,0.5553625019744116,20260910T112045Z,ggfiscal.debt.maturity,,A,
DEU,2011,bill,1-2,29000.0,24530.8234953,10,1.002053388090349,20260910T112045Z,ggfiscal.debt.maturity,,A,
DEU,2011,fixed_bullet,1-2,42000.0,34741.051725,8,1.9657768651608487,20260910T112045Z,ggfiscal.debt.maturity,,A,
DEU,2011,fixed_bullet,2-3,27000.0,21910.37184,4,2.075290896646133,20260910T112045Z,ggfiscal.debt.maturity,,A,
DEU,2011,fixed_bullet,3-5,33000.0,26903.270324999998,6,4.902992968701388,20260910T112045Z,ggfiscal.debt.maturity,,A,
DEU,2011,fixed_bullet,5-7,17000.0,13812.3474,3,5.07291540846318,20260910T112045Z,ggfiscal.debt.maturity,,A,
DEU,2011,fixed_bullet,7-10,27000.0,22087.884430000002,6,9.91669835475448,20260910T112045Z,ggfiscal.debt.maturity,,A,
DEU,2011,fixed_bullet,10-15,27000.0,21140.305005000002,5,10.100134357492331,20260910T112045Z,ggfiscal.debt.maturity,,A,
DEU,2011,fixed_bullet,30+,8000.0,6340.83434,4,31.086242299794662,20260910T112045Z,ggfiscal.debt.maturity,,A,
DEU,2011,inflation_linked,5-7,2000.0,1639.8325,1,6.431211498973306,20260910T112045Z,ggfiscal.debt.maturity,,A,
DEU,2011,inflation_linked,7-10,6000.0,5878.114449999999,3,8.080310289755875,20260910T112045Z,ggfiscal.debt.maturity,,A,
DEU,2012,bill,0-1,47000.0,39488.7458636,12,0.5049878398648551,20260910T112045Z,ggfiscal.debt.maturity,,A,
DEU,2012,bill,1-2,33000.0,25224.5804602,11,1.002053388090349,20260910T112045Z,ggfiscal.debt.maturity,,A,
DEU,2012,fixed_bullet,1-2,34000.0,28200.419147999997,7,1.936626806780207,20260910T112045Z,ggfiscal.debt.maturity,,A,
DEU,2012,fixed_bullet,2-3,24000.0,20549.672323,5,2.0537303216974676,20260910T112045Z,ggfiscal.debt.maturity,,A,
DEU,2012,fixed_bullet,3-5,33000.0,27171.62054,8,4.857113226723083,20260910T112045Z,ggfiscal.debt.maturity,,A,
DEU,2012,fixed_bullet,5-7,17000.0,13453.871360000001,4,5.066151306518501,20260910T112045Z,ggfiscal.debt.maturity,,A,
DEU,2012,fixed_bullet,7-10,36000.0,28705.835445,8,9.91063959236444,20260910T112045Z,ggfiscal.debt.maturity,,A,
DEU,2012,fixed_bullet,10-15,20000.0,16287.39483,4,10.104722792607802,20260910T112045Z,ggfiscal.debt.maturity,,A,
DEU,2012,fixed_bullet,30+,11000.0,9495.08756,4,31.551739157488647,20260910T112045Z,ggfiscal.debt.maturity,,A,
DEU,2012,inflation_linked,5-7,2000.0,1738.7375000000002,2,5.616700889801505,20260910T112045Z,ggfiscal.debt.maturity,,A,
DEU,2012,inflation_linked,10-15,7000.0,5353.2618999999995,5,10.792607802874743,20260910T112045Z,ggfiscal.debt.maturity,,A,
DEU,2013,bill,0-1,41000.0,36436.520692525,11,0.5075040483464383,20260910T112045Z,ggfiscal.debt.maturity,,A,
DEU,2013,bill,1-2,33000.0,26237.3443951,11,1.002053388090349,20260910T112045Z,ggfiscal.debt.maturity,,A,
DEU,2013,fixed_bullet,1-2,40000.0,33667.966868,8,1.9579055441478441,20260910T112045Z,ggfiscal.debt.maturity,,A,
DEU,2013,fixed_bullet,2-3,20000.0,16648.9819335,4,2.070499657768652,20260910T112045Z,ggfiscal.debt.maturity,,A,
DEU,2013,fixed_bullet,3-5,33000.0,27008.588525,8,4.863501545226391,20260910T112045Z,ggfiscal.debt.maturity,,A,
DEU,2013,fixed_bullet,5-7,18000.0,14738.13349,4,5.07460643394935,20260910T112045Z,ggfiscal.debt.maturity,,A,
DEU,2013,fixed_bullet,7-10,49000.0,40616.28447,11,9.868890471999888,20260910T112045Z,ggfiscal.debt.maturity,,A,
DEU,2013,fixed_bullet,10-15,5000.0,3983.110175,1,10.080766598220396,20260910T112045Z,ggfiscal.debt.maturity,,A,
DEU,2013,fixed_bullet,30+,8000.0,6719.534535000001,4,31.06091718001369,20260910T112045Z,ggfiscal.debt.maturity,,A,
DEU,2013,inflation_linked,3-5,2000.0,1729.7595000000001,2,4.6420260095824775,20260910T112045Z,ggfiscal.debt.maturity,,A,
DEU,2013,inflation_linked,5-7,2000.0,1976.623,2,5.092402464065708,20260910T112045Z,ggfiscal.debt.maturity,,A,
DEU,2013,inflation_linked,7-10,4000.0,3214.469,4,9.698836413415469,20260910T112045Z,ggfiscal.debt.maturity,,A,
DEU,2013,inflation_linked,10-15,2000.0,1743.438,2,10.158795345653662,20260910T112045Z,ggfiscal.debt.maturity,,A,
DEU,2014,bill,0-1,22000.0,20359.968637949998,11,0.5455789932175968,20260910T112045Z,ggfiscal.debt.maturity,,A,
DEU,2014,bill,1-2,18000.0,16050.2874577,9,1.002053388090349,20260910T112045Z,ggfiscal.debt.maturity,,A,
DEU,2014,fixed_bullet,1-2,28000.0,23735.803953000002,7,1.949349760438056,20260910T112045Z,ggfiscal.debt.maturity,,A,
DEU,2014,fixed_bullet,2-3,24000.0,19715.586283999997,5,2.0697011179557383,20260910T112045Z,ggfiscal.debt.maturity,,A,
DEU,2014,fixed_bullet,3-5,30000.0,24540.42168,8,4.868902578142825,20260910T112045Z,ggfiscal.debt.maturity,,A,
DEU,2014,fixed_bullet,5-7,18000.0,14720.71659,4,5.069282835196593,20260910T112045Z,ggfiscal.debt.maturity,,A,
DEU,2014,fixed_bullet,7-10,49000.0,40299.97681,11,9.873639804997975,20260910T112045Z,ggfiscal.debt.maturity,,A,
DEU,2014,fixed_bullet,10-15,5000.0,4165.61544,1,10.04517453798768,20260910T112045Z,ggfiscal.debt.maturity,,A,
DEU,2014,fixed_bullet,30+,7000.0,5817.704,3,32.20807665982204,20260910T112045Z,ggfiscal.debt.maturity,,A,
DEU,2014,inflation_linked,3-5,4000.0,3878.0643999999998,4,3.9904175222450378,20260910T112045Z,ggfiscal.debt.maturity,,A,
DEU,2014,inflation_linked,7-10,3000.0,2610.80578,3,8.865160848733744,20260910T112045Z,ggfiscal.debt.maturity,,A,
DEU,2014,inflation_linked,15-20,4000.0,3648.7622,3,15.765229295003422,20260910T112045Z,ggfiscal.debt.maturity,,A,
DEU,2015,bill,0-1,20000.0,17379.8690977,10,0.505681040383299,20260910T112045Z,ggfiscal.debt.maturity,,A,
DEU,2015,bill,1-2,10500.0,9539.9809107,7,1.002053388090349,20260910T112045Z,ggfiscal.debt.maturity,,A,
DEU,2015,fixed_bullet,1-2,25000.0,20643.6281525,6,1.9495687885010267,20260910T112045Z,ggfiscal.debt.maturity,,A,
DEU,2015,fixed_bullet,2-3,28000.0,22837.967223,6,2.06570841889117,20260910T112045Z,ggfiscal.debt.maturity,,A,
DEU,2015,fixed_bullet,3-5,10000.0,8250.4626,3,4.928952772073922,20260910T112045Z,ggfiscal.debt.maturity,,A,
DEU,2015,fixed_bullet,5-7,29000.0,22872.58164,7,5.162831315348486,20260910T112045Z,ggfiscal.debt.maturity,,A,
DEU,2015,fixed_bullet,7-10,32000.0,26532.656,9,9.844028062970569,20260910T112045Z,ggfiscal.debt.maturity,,A,
DEU,2015,fixed_bullet,10-15,14000.0,11621.06324,3,10.065317297350152,20260910T112045Z,ggfiscal.debt.maturity,,A,
DEU,2015,fixed_bullet,30+,6000.0,5140.841,3,31.226100844170656,20260910T112045Z,ggfiscal.debt.maturity,,A,
DEU,2015,inflation_linked,5-7,1000.0,846.365,1,5.177275838466803,20260910T112045Z,ggfiscal.debt.maturity,,A,
DEU,2015,inflation_linked,10-15,7000.0,6358.5476,6,11.992959812261661,20260910T112045Z,ggfiscal.debt.maturity,,A,
DEU,2015,inflation_linked,15-20,1000.0,853.9864,1,15.252566735112936,20260910T112045Z,ggfiscal.debt.maturity,,A,
DEU,2015,inflation_linked,30+,3000.0,2841.562092,2,30.795801962126397,20260910T112045Z,ggfiscal.debt.maturity,,A,
DEU,2016,bill,0-1,28000.0,19662.012303299998,10,0.5058179329226556,20260910T112045Z,ggfiscal.debt.maturity,,A,
DEU,2016,bill,1-2,13500.0,10793.3717619,9,1.002053388090349,20260910T112045Z,ggfiscal.debt.maturity,,A,
DEU,2016,fixed_bullet,1-2,17000.0,14057.8993705,4,1.9456456093731125,20260910T112045Z,ggfiscal.debt.maturity,,A,
DEU,2016,fixed_bullet,2-3,36000.0,29166.7873025,8,2.065176059015895,20260910T112045Z,ggfiscal.debt.maturity,,A,
DEU,2016,fixed_bullet,3-5,14000.0,11613.775440000001,4,4.896646132785763,20260910T112045Z,ggfiscal.debt.maturity,,A,
DEU,2016,fixed_bullet,5-7,26000.0,20684.73076,6,5.122518822724161,20260910T112045Z,ggfiscal.debt.maturity,,A,
DEU,2016,fixed_bullet,7-10,36000.0,29290.42225,9,9.840368088828047,20260910T112045Z,ggfiscal.debt.maturity,,A,
DEU,2016,fixed_bullet,10-15,15000.0,11920.334439999999,3,10.064339493497604,20260910T112045Z,ggfiscal.debt.maturity,,A,
DEU,2016,fixed_bullet,20-30,4000.0,4797.21775,4,28.522929500342233,20260910T112045Z,ggfiscal.debt.maturity,,A,
DEU,2016,fixed_bullet,30+,5000.0,5866.55793,5,30.28829568788501,20260910T112045Z,ggfiscal.debt.maturity,,A,
DEU,2016,inflation_linked,7-10,2000.0,1736.1367999999998,3,9.685831622176591,20260910T112045Z,ggfiscal.debt.maturity,,A,
DEU,2016,inflation_linked,10-15,2500.0,2089.369,3,11.695003422313485,20260910T112045Z,ggfiscal.debt.maturity,,A,
DEU,2016,inflation_linked,20-30,1000.0,943.711,2,29.64271047227926,20260910T112045Z,ggfiscal.debt.maturity,,A,
DEU,2016,inflation_linked,30+,1000.0,845.8806,2,30.09308692676249,20260910T112045Z,ggfiscal.debt.maturity,,A,
DEU,2017,bill,0-1,20000.0,14363.210613,10,0.505681040383299,20260910T112045Z,ggfiscal.debt.maturity,,A,
DEU,2017,fixed_bullet,1-2,29000.0,23259.844222,7,1.9214048006797422,20260910T112045Z,ggfiscal.debt.maturity,,A,
DEU,2017,fixed_bullet,2-3,23000.0,18850.287565,5,2.0471981668303427,20260910T112045Z,ggfiscal.debt.maturity,,A,
DEU,2017,fixed_bullet,3-5,12000.0,9873.69301,4,4.911704312114989,20260910T112045Z,ggfiscal.debt.maturity,,A,
DEU,2017,fixed_bullet,5-7,23000.0,18598.353135,6,5.130851412076303,20260910T112045Z,ggfiscal.debt.maturity,,A,
DEU,2017,fixed_bullet,7-10,35000.0,28575.945765,12,9.828649652879632,20260910T112045Z,ggfiscal.debt.maturity,,A,
DEU,2017,fixed_bullet,10-15,16000.0,12830.68033,4,10.067932922655714,20260910T112045Z,ggfiscal.debt.maturity,,A,
DEU,2017,fixed_bullet,20-30,7000.0,7263.72501,7,28.413806590397964,20260910T112045Z,ggfiscal.debt.maturity,,A,
DEU,2017,fixed_bullet,30+,4000.0,3282.11992,3,30.839835728952774,20260910T112045Z,ggfiscal.debt.maturity,,A,
DEU,2017,inflation_linked,7-10,3500.0,3102.24018,4,8.922655715263518,20260910T112045Z,ggfiscal.debt.maturity,,A,
DEU,2017,inflation_linked,10-15,1500.0,1394.0691199999999,3,12.773899155829339,20260910T112045Z,ggfiscal.debt.maturity,,A,
DEU,2017,inflation_linked,20-30,1500.0,1323.650975,3,28.901665525895506,20260910T112045Z,ggfiscal.debt.maturity,,A,
DEU,2018,bill,0-1,35000.0,29236.17166765,15,0.41232032854209444,20260910T112045Z,ggfiscal.debt.maturity,,A,
DEU,2018,fixed_bullet,1-2,28000.0,22476.8115415,7,1.9322381930184804,20260910T112045Z,ggfiscal.debt.maturity,,A,
DEU,2018,fixed_bullet,2-3,21000.0,16784.9530795,5,2.053648838043089,20260910T112045Z,ggfiscal.debt.maturity,,A,
DEU,2018,fixed_bullet,3-5,11000.0,9019.07522,4,4.922157924211312,20260910T112045Z,ggfiscal.debt.maturity,,A,
DEU,2018,fixed_bullet,5-7,21000.0,17067.904175,6,5.127081907369382,20260910T112045Z,ggfiscal.debt.maturity,,A,
DEU,2018,fixed_bullet,7-10,27000.0,21500.73253,10,9.848049281314168,20260910T112045Z,ggfiscal.debt.maturity,,A,
DEU,2018,fixed_bullet,10-15,15000.0,11933.009455,4,10.070362765229296,20260910T112045Z,ggfiscal.debt.maturity,,A,
DEU,2018,fixed_bullet,20-30,9500.0,9071.726709999999,7,27.608199142620414,20260910T112045Z,ggfiscal.debt.maturity,,A,
DEU,2018,fixed_bullet,30+,5500.0,4331.3764200000005,4,30.360276274033975,20260910T112045Z,ggfiscal.debt.maturity,,A,
DEU,2018,inflation_linked,7-10,2500.0,2188.89975,4,8.002190280629707,20260910T112045Z,ggfiscal.debt.maturity,,A,
DEU,2018,inflation_linked,10-15,2550.0,2403.8525200000004,5,11.851726590704729,20260910T112045Z,ggfiscal.debt.maturity,,A,
DEU,2018,inflation_linked,20-30,1450.0,1337.4457,5,27.96148127168449,20260910T112045Z,ggfiscal.debt.maturity,,A,
DEU,2019,bill,0-1,43000.0,32084.91771868,18,0.3990258344873692,20260910T112045Z,ggfiscal.debt.maturity,,A,
DEU,2019,fixed_bullet,1-2,30000.0,24184.929564,7,1.913848961898243,20260910T112045Z,ggfiscal.debt.maturity,,A,
DEU,2019,fixed_bullet,2-3,24000.0,19328.039337500002,5,2.0412959160392425,20260910T112045Z,ggfiscal.debt.maturity,,A,
DEU,2019,fixed_bullet,3-5,15000.0,12606.4246,5,4.923203285420944,20260910T112045Z,ggfiscal.debt.maturity,,A,
DEU,2019,fixed_bullet,5-7,26000.0,20642.87672,7,5.1520033696625065,20260910T112045Z,ggfiscal.debt.maturity,,A,
DEU,2019,fixed_bullet,7-10,30000.0,25353.890075,10,9.821492128678987,20260910T112045Z,ggfiscal.debt.maturity,,A,
DEU,2019,fixed_bullet,10-15,14000.0,11191.305165,4,10.076659822039696,20260910T112045Z,ggfiscal.debt.maturity,,A,
DEU,2019,fixed_bullet,20-30,9000.0,9448.20837,8,28.287626435470376,20260910T112045Z,ggfiscal.debt.maturity,,A,
DEU,2019,fixed_bullet,30+,5000.0,2907.9849999999997,3,30.886516084873374,20260910T112045Z,ggfiscal.debt.maturity,,A,
DEU,2019,inflation_linked,3-5,500.0,405.39685999999995,1,3.7672826830937716,20260910T112045Z,ggfiscal.debt.maturity,,A,
DEU,2019,inflation_linked,5-7,500.0,438.23956000000004,1,6.940451745379876,20260910T112045Z,ggfiscal.debt.maturity,,A,
DEU,2019,inflation_linked,7-10,1300.0,1161.4534549999998,2,7.145369346601378,20260910T112045Z,ggfiscal.debt.maturity,,A,
DEU,2019,inflation_linked,10-15,3000.0,2714.7108599999997,6,10.833447410449462,20260910T112045Z,ggfiscal.debt.maturity,,A,
DEU,2019,inflation_linked,20-30,900.0,666.8963,3,26.8041676173093,20260910T112045Z,ggfiscal.debt.maturity,,A,
DEU,2020,bill,0-1,166000.0,127152.979015745,52,0.577356654544255,20260910T112045Z,ggfiscal.debt.maturity,,A,
DEU,2020,bill,1-2,15000.0,12527.44987,4,1.002053388090349,20260910T112045Z,ggfiscal.debt.maturity,,A,
DEU,2020,fixed_bullet,1-2,42000.0,26050.7990295,11,1.8731788403246308,20260910T112045Z,ggfiscal.debt.maturity,,A,
DEU,2020,fixed_bullet,2-3,36500.0,19868.425486,10,2.2334111558043377,20260910T112045Z,ggfiscal.debt.maturity,,A,
DEU,2020,fixed_bullet,3-5,57000.0,13358.457565,21,4.272752380609292,20260910T112045Z,ggfiscal.debt.maturity,,A,
DEU,2020,fixed_bullet,5-7,48000.0,24875.85799,15,5.498003650467716,20260910T112045Z,ggfiscal.debt.maturity,,A,
DEU,2020,fixed_bullet,7-10,93500.0,47410.63755,29,8.732528815147488,20260910T112045Z,ggfiscal.debt.maturity,,A,
DEU,2020,fixed_bullet,10-15,47000.0,32105.017685,14,12.021320284852987,20260910T112045Z,ggfiscal.debt.maturity,,A,
DEU,2020,fixed_bullet,15-20,16500.0,7326.13,5,16.63866591998009,20260910T112045Z,ggfiscal.debt.maturity,,A,
DEU,2020,fixed_bullet,20-30,24000.0,10480.805295,14,25.479409080538442,20260910T112045Z,ggfiscal.debt.maturity,,A,
DEU,2020,fixed_bullet,30+,9000.0,7857.4372,3,30.284736481861742,20260910T112045Z,ggfiscal.debt.maturity,,A,
DEU,2020,inflation_linked,5-7,500.0,398.15134,2,5.867214236824093,20260910T112045Z,ggfiscal.debt.maturity,,A,
DEU,2020,inflation_linked,7-10,2650.0,2323.052565,5,9.707024136995855,20260910T112045Z,ggfiscal.debt.maturity,,A,
DEU,2020,inflation_linked,10-15,1400.0,1317.33166,4,10.157426420260096,20260910T112045Z,ggfiscal.debt.maturity,,A,
DEU,2020,inflation_linked,20-30,950.0,763.2651,5,25.820814870852697,20260910T112045Z,ggfiscal.debt.maturity,,A,
DEU,2021,bill,0-1,220000.0,191022.78004276002,67,0.6456287723228176,20260910T112045Z,ggfiscal.debt.maturity,,A,
DEU,2021,bill,1-2,18000.0,13017.073113800001,5,1.002053388090349,20260910T112045Z,ggfiscal.debt.maturity,,A,
DEU,2021,fixed_bullet,1-2,26000.0,21051.681659500002,5,1.932185542041805,20260910T112045Z,ggfiscal.debt.maturity,,A,
DEU,2021,fixed_bullet,2-3,38000.0,30865.36126,7,2.0578551100543967,20260910T112045Z,ggfiscal.debt.maturity,,A,
DEU,2021,fixed_bullet,3-5,15000.0,12726.69942,4,4.895094684006388,20260910T112045Z,ggfiscal.debt.maturity,,A,
DEU,2021,fixed_bullet,5-7,37000.0,30997.981825,9,5.284421999001055,20260910T112045Z,ggfiscal.debt.maturity,,A,
DEU,2021,fixed_bullet,7-10,60000.0,44729.900195,17,8.959753593429157,20260910T112045Z,ggfiscal.debt.maturity,,A,
DEU,2021,fixed_bullet,10-15,36000.0,28909.299905,11,11.895885618678228,20260910T112045Z,ggfiscal.debt.maturity,,A,
DEU,2021,fixed_bullet,15-20,8000.0,6736.90483,3,15.128678986995208,20260910T112045Z,ggfiscal.debt.maturity,,A,
DEU,2021,fixed_bullet,20-30,22000.0,14240.45119,9,28.873872192147346,20260910T112045Z,ggfiscal.debt.maturity,,A,
DEU,2021,fixed_bullet,30+,7500.0,6168.64708,3,30.910700433493044,20260910T112045Z,ggfiscal.debt.maturity,,A,
DEU,2021,inflation_linked,3-5,500.0,467.0987,1,4.947296372347707,20260910T112045Z,ggfiscal.debt.maturity,,A,
DEU,2021,inflation_linked,7-10,2200.0,2304.2695,5,8.8357911766536,20260910T112045Z,ggfiscal.debt.maturity,,A,
DEU,2021,inflation_linked,10-15,3900.0,3432.6783,6,11.916039242527948,20260910T112045Z,ggfiscal.debt.maturity,,A,
DEU,2021,inflation_linked,20-30,1100.0,1067.0938,6,24.8950283118661,20260910T112045Z,ggfiscal.debt.maturity,,A,
DEU,2022,bill,0-1,187000.0,148071.75891329,63,0.5475921187963705,20260910T112045Z,ggfiscal.debt.maturity,,A,
DEU,2022,bill,1-2,33000.0,24990.0318088,11,1.002302283616452,20260910T112045Z,ggfiscal.debt.maturity,,A,
DEU,2022,fixed_bullet,1-2,24500.0,17194.69207,5,1.8337454078140498,20260910T112045Z,ggfiscal.debt.maturity,,A,
DEU,2022,fixed_bullet,2-3,57000.0,35285.257022,12,2.1288951331099826,20260910T112045Z,ggfiscal.debt.maturity,,A,
DEU,2022,fixed_bullet,3-5,29000.0,13496.2445,9,4.490830560079303,20260910T112045Z,ggfiscal.debt.maturity,,A,
DEU,2022,fixed_bullet,5-7,52000.0,26146.602600000002,14,5.425051334702259,20260910T112045Z,ggfiscal.debt.maturity,,A,
DEU,2022,fixed_bullet,7-10,67000.0,40680.58403,23,9.105969127667617,20260910T112045Z,ggfiscal.debt.maturity,,A,
DEU,2022,fixed_bullet,10-15,20000.0,16771.300445,6,10.711909650924024,20260910T112045Z,ggfiscal.debt.maturity,,A,
DEU,2022,fixed_bullet,15-20,11500.0,8996.720155,7,15.803469928280213,20260910T112045Z,ggfiscal.debt.maturity,,A,
DEU,2022,fixed_bullet,20-30,19000.0,7178.0027900000005,8,27.39291761230592,20260910T112045Z,ggfiscal.debt.maturity,,A,
DEU,2022,fixed_bullet,30+,13500.0,10120.028610000001,6,30.542956371840702,20260910T112045Z,ggfiscal.debt.maturity,,A,
DEU,2022,inflation_linked,3-5,1400.0,1248.142675,3,3.9000684462696777,20260910T112045Z,ggfiscal.debt.maturity,,A,
DEU,2022,inflation_linked,7-10,850.0,973.5124,2,8.05894431694649,20260910T112045Z,ggfiscal.debt.maturity,,A,
DEU,2022,inflation_linked,10-15,3100.0,2789.3822400000004,6,10.914927910622419,20260910T112045Z,ggfiscal.debt.maturity,,A,
DEU,2022,inflation_linked,20-30,1900.0,963.0429550000001,7,23.919737742714076,20260910T112045Z,ggfiscal.debt.maturity,,A,
DEU,2023,bill,0-1,161000.0,134096.70759155,60,0.6280306605277589,20260910T112045Z,ggfiscal.debt.maturity,,A,
DEU,2023,bill,1-2,48000.0,37017.1468768,11,1.002053388090349,20260910T112045Z,ggfiscal.debt.maturity,,A,
DEU,2023,fixed_bullet,1-2,16000.0,13345.797019999998,3,1.960044490075291,20260910T112045Z,ggfiscal.debt.maturity,,A,
DEU,2023,fixed_bullet,2-3,60500.0,47320.9292305,14,2.1281925093760075,20260910T112045Z,ggfiscal.debt.maturity,,A,
DEU,2023,fixed_bullet,3-5,18500.0,12818.331665,7,4.750541095510295,20260910T112045Z,ggfiscal.debt.maturity,,A,
DEU,2023,fixed_bullet,5-7,60000.0,48893.89248,14,5.606890257814283,20260910T112045Z,ggfiscal.debt.maturity,,A,
DEU,2023,fixed_bullet,7-10,68000.0,50948.623839,18,9.319503160607159,20260910T112045Z,ggfiscal.debt.maturity,,A,
DEU,2023,fixed_bullet,10-15,27750.0,22014.773036,12,11.139648889135541,20260910T112045Z,ggfiscal.debt.maturity,,A,
DEU,2023,fixed_bullet,15-20,6750.0,5152.350955,5,15.596521915481532,20260910T112045Z,ggfiscal.debt.maturity,,A,
DEU,2023,fixed_bullet,20-30,27000.0,13813.275586,22,28.264709610363276,20260910T112045Z,ggfiscal.debt.maturity,,A,
DEU,2023,fixed_bullet,30+,19000.0,11310.83906,7,30.287834576173495,20260910T112045Z,ggfiscal.debt.maturity,,A,
DEU,2023,inflation_linked,3-5,500.0,373.9875,1,3.184120465434634,20260910T112045Z,ggfiscal.debt.maturity,,A,
DEU,2023,inflation_linked,7-10,2200.0,1737.12424,5,9.755335697840831,20260910T112045Z,ggfiscal.debt.maturity,,A,
DEU,2023,inflation_linked,10-15,1450.0,1059.3549,3,10.137222969624016,20260910T112045Z,ggfiscal.debt.maturity,,A,
DEU,2023,inflation_linked,20-30,1450.0,784.529327,6,22.982652410960842,20260910T112045Z,ggfiscal.debt.maturity,,A,
DEU,2024,bill,0-1,130000.0,107213.832739425,60,0.5718001368925395,20260910T112045Z,ggfiscal.debt.maturity,,A,
DEU,2024,bill,1-2,33000.0,26390.201774195,11,1.002053388090349,20260910T112045Z,ggfiscal.debt.maturity,,A,
DEU,2024,fixed_bullet,1-2,19000.0,15561.7337151,5,1.9427933282899241,20260910T112045Z,ggfiscal.debt.maturity,,A,
DEU,2024,fixed_bullet,2-3,58000.0,47401.5128157,12,2.0868559560055697,20260910T112045Z,ggfiscal.debt.maturity,,A,
DEU,2024,fixed_bullet,3-5,22500.0,18347.426352000002,9,4.836443836033158,20260910T112045Z,ggfiscal.debt.maturity,,A,
DEU,2024,fixed_bullet,5-7,47500.0,39201.084987,14,5.562304117583486,20260910T112045Z,ggfiscal.debt.maturity,,A,
DEU,2024,fixed_bullet,7-10,54250.0,45320.953671999996,16,9.758999738200904,20260910T112045Z,ggfiscal.debt.maturity,,A,
DEU,2024,fixed_bullet,10-15,25750.0,20113.297181,12,10.945954028029742,20260910T112045Z,ggfiscal.debt.maturity,,A,
DEU,2024,fixed_bullet,15-20,9000.0,7351.4665,7,16.924024640657084,20260910T112045Z,ggfiscal.debt.maturity,,A,
DEU,2024,fixed_bullet,20-30,23000.0,14298.534623,23,27.55986072672082,20260910T112045Z,ggfiscal.debt.maturity,,A,
DEU,2024,fixed_bullet,30+,17500.0,14629.112446,8,30.383572895277204,20260910T112045Z,ggfiscal.debt.maturity,,A,
DEU,2025,bill,0-1,101500.0,81668.19976779,45,0.5547047538125921,20260910T112045Z,ggfiscal.debt.maturity,,A,
DEU,2025,bill,1-2,33000.0,23867.67899935,11,1.002053388090349,20260910T112045Z,ggfiscal.debt.maturity,,A,
DEU,2025,fixed_bullet,1-2,22750.0,17759.900340300002,6,1.9610232341238503,20260910T112045Z,ggfiscal.debt.maturity,,A,
DEU,2025,fixed_bullet,2-3,53000.0,41178.5066595,11,2.0975294770963284,20260910T112045Z,ggfiscal.debt.maturity,,A,
DEU,2025,fixed_bullet,3-5,18500.0,14630.031647000002,6,4.812253732171597,20260910T112045Z,ggfiscal.debt.maturity,,A,
DEU,2025,fixed_bullet,5-7,48000.0,36909.318205999996,12,5.143908281998631,20260910T112045Z,ggfiscal.debt.maturity,,A,
DEU,2025,fixed_bullet,7-10,61750.0,46466.317941,21,9.285393233518167,20260910T112045Z,ggfiscal.debt.maturity,,A,
DEU,2025,fixed_bullet,10-15,31500.0,23638.668792,10,10.654107319405062,20260910T112045Z,ggfiscal.debt.maturity,,A,
DEU,2025,fixed_bullet,15-20,15000.0,11516.011735,14,16.620123203285424,20260910T112045Z,ggfiscal.debt.maturity,,A,
DEU,2025,fixed_bullet,20-30,23000.0,15009.842507,20,26.294378478112073,20260910T112045Z,ggfiscal.debt.maturity,,A,
DEU,2025,fixed_bullet,30+,18000.0,14134.890959,7,31.211270819073693,20260910T112045Z,ggfiscal.debt.maturity,,A,
DEU,2026,bill,0-1,94000.0,75397.834853711,42,0.5908223746486669,20260910T112045Z,ggfiscal.debt.maturity,,A,
DEU,2026,bill,1-2,24000.0,18746.466129688,8,1.002053388090349,20260910T112045Z,ggfiscal.debt.maturity,,A,
DEU,2026,fixed_bullet,1-2,16750.0,12849.694829999999,4,1.9267522755830702,20260910T112045Z,ggfiscal.debt.maturity,,A,
DEU,2026,fixed_bullet,2-3,52500.0,39865.3606634,11,2.1167758547635347,20260910T112045Z,ggfiscal.debt.maturity,,A,
DEU,2026,fixed_bullet,3-5,10000.0,7582.474532,2,4.870636550308008,20260910T112045Z,ggfiscal.debt.maturity,,A,
DEU,2026,fixed_bullet,5-7,60750.0,46653.476588,15,5.556507606549435,20260910T112045Z,ggfiscal.debt.maturity,,A,
DEU,2026,fixed_bullet,7-10,45750.0,34454.357423,13,9.787532306265264,20260910T112045Z,ggfiscal.debt.maturity,,A,
DEU,2026,fixed_bullet,10-15,31500.0,23160.04625,12,10.88888888888889,20260910T112045Z,ggfiscal.debt.maturity,,A,
DEU,2026,fixed_bullet,15-20,10000.0,6705.3739,7,15.320465434633812,20260910T112045Z,ggfiscal.debt.maturity,,A,
DEU,2026,fixed_bullet,20-30,31250.0,21420.167192,22,24.652309377138955,20260910T112045Z,ggfiscal.debt.maturity,,A,
DEU,2026,fixed_bullet,30+,11500.0,8638.595637,8,30.360384489480108,20260910T112045Z,ggfiscal.debt.maturity,,A,
