iso3,year,step,item,value_lcu_mn,item_type,item_source_id,basis,run_id,source_id,snapshot_sha256,quality_grade,notes
GBR,1982,register,sum_fixed_bullet,19532.93286682542,computed,ggfiscal.debt.register,accrued,20260910T102726Z,ggfiscal.debt.chains,,A,computed from the per-security register (debt_interest_by_security / debt_flows)
GBR,1982,register,sum_inflation_linked,424.85877384140616,computed,ggfiscal.debt.register,accrued,20260910T102726Z,ggfiscal.debt.chains,,A,computed from the per-security register (debt_interest_by_security / debt_flows)
GBR,1982,register,official_total,19957.791640666826,computed,,accrued,20260910T102726Z,ggfiscal.debt.chains,,B,
GBR,1982,A_cg_cash,carried_from_previous_step,19957.791640666826,computed,,,20260910T102726Z,ggfiscal.debt.chains,,B,
GBR,1982,A_cg_cash,official_total,,official,,,20260910T102726Z,ggfiscal.debt.chains,,A,
GBR,1982,A_cg_cash,residual,,residual,,,20260910T102726Z,ggfiscal.debt.chains,,B,
GBR,1982,B_s1311_d41,carried_from_previous_step,19957.791640666826,computed,,,20260910T102726Z,ggfiscal.debt.chains,,B,
GBR,1982,B_s1311_d41,official_total,,official,,,20260910T102726Z,ggfiscal.debt.chains,,A,
GBR,1982,B_s1311_d41,residual,,residual,,,20260910T102726Z,ggfiscal.debt.chains,,B,
GBR,1982,C_s13_gf01_7,carried_from_previous_step,19957.791640666826,computed,,,20260910T102726Z,ggfiscal.debt.chains,,B,
GBR,1982,C_s13_gf01_7,official_total,,official,,,20260910T102726Z,ggfiscal.debt.chains,,A,
GBR,1982,C_s13_gf01_7,residual,,residual,,,20260910T102726Z,ggfiscal.debt.chains,,B,
GBR,1983,register,sum_fixed_bullet,19066.548449172005,computed,ggfiscal.debt.register,accrued,20260910T102726Z,ggfiscal.debt.chains,,A,computed from the per-security register (debt_interest_by_security / debt_flows)
GBR,1983,register,sum_inflation_linked,390.80260347990384,computed,ggfiscal.debt.register,accrued,20260910T102726Z,ggfiscal.debt.chains,,A,computed from the per-security register (debt_interest_by_security / debt_flows)
GBR,1983,register,official_total,19457.35105265191,computed,,accrued,20260910T102726Z,ggfiscal.debt.chains,,B,
GBR,1983,A_cg_cash,carried_from_previous_step,19457.35105265191,computed,,,20260910T102726Z,ggfiscal.debt.chains,,B,
GBR,1983,A_cg_cash,official_total,,official,,,20260910T102726Z,ggfiscal.debt.chains,,A,
GBR,1983,A_cg_cash,residual,,residual,,,20260910T102726Z,ggfiscal.debt.chains,,B,
GBR,1983,B_s1311_d41,carried_from_previous_step,19457.35105265191,computed,,,20260910T102726Z,ggfiscal.debt.chains,,B,
GBR,1983,B_s1311_d41,official_total,,official,,,20260910T102726Z,ggfiscal.debt.chains,,A,
GBR,1983,B_s1311_d41,residual,,residual,,,20260910T102726Z,ggfiscal.debt.chains,,B,
GBR,1983,C_s13_gf01_7,carried_from_previous_step,19457.35105265191,computed,,,20260910T102726Z,ggfiscal.debt.chains,,B,
GBR,1983,C_s13_gf01_7,official_total,,official,,,20260910T102726Z,ggfiscal.debt.chains,,A,
GBR,1983,C_s13_gf01_7,residual,,residual,,,20260910T102726Z,ggfiscal.debt.chains,,B,
GBR,1984,register,sum_fixed_bullet,18534.078357958257,computed,ggfiscal.debt.register,accrued,20260910T102726Z,ggfiscal.debt.chains,,A,computed from the per-security register (debt_interest_by_security / debt_flows)
GBR,1984,register,sum_inflation_linked,544.2563370125582,computed,ggfiscal.debt.register,accrued,20260910T102726Z,ggfiscal.debt.chains,,A,computed from the per-security register (debt_interest_by_security / debt_flows)
GBR,1984,register,official_total,19078.334694970814,computed,,accrued,20260910T102726Z,ggfiscal.debt.chains,,B,
GBR,1984,A_cg_cash,carried_from_previous_step,19078.334694970814,computed,,,20260910T102726Z,ggfiscal.debt.chains,,B,
GBR,1984,A_cg_cash,official_total,,official,,,20260910T102726Z,ggfiscal.debt.chains,,A,
GBR,1984,A_cg_cash,residual,,residual,,,20260910T102726Z,ggfiscal.debt.chains,,B,
GBR,1984,B_s1311_d41,carried_from_previous_step,19078.334694970814,computed,,,20260910T102726Z,ggfiscal.debt.chains,,B,
GBR,1984,B_s1311_d41,official_total,,official,,,20260910T102726Z,ggfiscal.debt.chains,,A,
GBR,1984,B_s1311_d41,residual,,residual,,,20260910T102726Z,ggfiscal.debt.chains,,B,
GBR,1984,C_s13_gf01_7,carried_from_previous_step,19078.334694970814,computed,,,20260910T102726Z,ggfiscal.debt.chains,,B,
GBR,1984,C_s13_gf01_7,official_total,,official,,,20260910T102726Z,ggfiscal.debt.chains,,A,
GBR,1984,C_s13_gf01_7,residual,,residual,,,20260910T102726Z,ggfiscal.debt.chains,,B,
GBR,1985,register,sum_fixed_bullet,18061.482867762366,computed,ggfiscal.debt.register,accrued,20260910T102726Z,ggfiscal.debt.chains,,A,computed from the per-security register (debt_interest_by_security / debt_flows)
GBR,1985,register,sum_inflation_linked,905.4489811610872,computed,ggfiscal.debt.register,accrued,20260910T102726Z,ggfiscal.debt.chains,,A,computed from the per-security register (debt_interest_by_security / debt_flows)
GBR,1985,register,official_total,18966.931848923454,computed,,accrued,20260910T102726Z,ggfiscal.debt.chains,,B,
GBR,1985,A_cg_cash,carried_from_previous_step,18966.931848923454,computed,,,20260910T102726Z,ggfiscal.debt.chains,,B,
GBR,1985,A_cg_cash,official_total,,official,,,20260910T102726Z,ggfiscal.debt.chains,,A,
GBR,1985,A_cg_cash,residual,,residual,,,20260910T102726Z,ggfiscal.debt.chains,,B,
GBR,1985,B_s1311_d41,carried_from_previous_step,18966.931848923454,computed,,,20260910T102726Z,ggfiscal.debt.chains,,B,
GBR,1985,B_s1311_d41,official_total,,official,,,20260910T102726Z,ggfiscal.debt.chains,,A,
GBR,1985,B_s1311_d41,residual,,residual,,,20260910T102726Z,ggfiscal.debt.chains,,B,
GBR,1985,C_s13_gf01_7,carried_from_previous_step,18966.931848923454,computed,,,20260910T102726Z,ggfiscal.debt.chains,,B,
GBR,1985,C_s13_gf01_7,official_total,,official,,,20260910T102726Z,ggfiscal.debt.chains,,A,
GBR,1985,C_s13_gf01_7,residual,,residual,,,20260910T102726Z,ggfiscal.debt.chains,,B,
GBR,1986,register,sum_fixed_bullet,17618.174648598877,computed,ggfiscal.debt.register,accrued,20260910T102726Z,ggfiscal.debt.chains,,A,computed from the per-security register (debt_interest_by_security / debt_flows)
GBR,1986,register,sum_inflation_linked,577.8168170768658,computed,ggfiscal.debt.register,accrued,20260910T102726Z,ggfiscal.debt.chains,,A,computed from the per-security register (debt_interest_by_security / debt_flows)
GBR,1986,register,official_total,18195.991465675743,computed,,accrued,20260910T102726Z,ggfiscal.debt.chains,,B,
GBR,1986,A_cg_cash,carried_from_previous_step,18195.991465675743,computed,,,20260910T102726Z,ggfiscal.debt.chains,,B,
GBR,1986,A_cg_cash,official_total,,official,,,20260910T102726Z,ggfiscal.debt.chains,,A,
GBR,1986,A_cg_cash,residual,,residual,,,20260910T102726Z,ggfiscal.debt.chains,,B,
GBR,1986,B_s1311_d41,carried_from_previous_step,18195.991465675743,computed,,,20260910T102726Z,ggfiscal.debt.chains,,B,
GBR,1986,B_s1311_d41,official_total,,official,,,20260910T102726Z,ggfiscal.debt.chains,,A,
GBR,1986,B_s1311_d41,residual,,residual,,,20260910T102726Z,ggfiscal.debt.chains,,B,
GBR,1986,C_s13_gf01_7,carried_from_previous_step,18195.991465675743,computed,,,20260910T102726Z,ggfiscal.debt.chains,,B,
GBR,1986,C_s13_gf01_7,official_total,,official,,,20260910T102726Z,ggfiscal.debt.chains,,A,
GBR,1986,C_s13_gf01_7,residual,,residual,,,20260910T102726Z,ggfiscal.debt.chains,,B,
GBR,1987,register,sum_fixed_bullet,16850.67022051311,computed,ggfiscal.debt.register,accrued,20260910T102726Z,ggfiscal.debt.chains,,A,computed from the per-security register (debt_interest_by_security / debt_flows)
GBR,1987,register,sum_inflation_linked,900.6345235158694,computed,ggfiscal.debt.register,accrued,20260910T102726Z,ggfiscal.debt.chains,,A,computed from the per-security register (debt_interest_by_security / debt_flows)
GBR,1987,register,official_total,17751.30474402898,computed,,accrued,20260910T102726Z,ggfiscal.debt.chains,,B,
GBR,1987,A_cg_cash,carried_from_previous_step,17751.30474402898,computed,,,20260910T102726Z,ggfiscal.debt.chains,,B,
GBR,1987,A_cg_cash,official_total,,official,HMT_NLF,accrued_nlf_finance_costs,20260910T102726Z,ggfiscal.debt.chains,,A,
GBR,1987,A_cg_cash,residual,,residual,,,20260910T102726Z,ggfiscal.debt.chains,,B,
GBR,1987,B_s1311_d41,carried_from_previous_step,17751.30474402898,computed,,,20260910T102726Z,ggfiscal.debt.chains,,B,
GBR,1987,B_s1311_d41,official_total,18604.0,official,ONS_PSF_TIMESERIES,accrued,20260910T102726Z,ggfiscal.debt.chains,,A,
GBR,1987,B_s1311_d41,residual,852.6952559710189,residual,,accrued,20260910T102726Z,ggfiscal.debt.chains,,B,
GBR,1987,C_s13_gf01_7,carried_from_previous_step,18604.0,computed,,,20260910T102726Z,ggfiscal.debt.chains,,B,
GBR,1987,C_s13_gf01_7,official_total,18977.121867607886,official,package_GF01_7,accrued,20260910T102726Z,ggfiscal.debt.chains,,A,
GBR,1987,C_s13_gf01_7,residual,373.1218676078861,residual,,accrued,20260910T102726Z,ggfiscal.debt.chains,,B,
GBR,1988,register,sum_fixed_bullet,16331.211839688067,computed,ggfiscal.debt.register,accrued,20260910T102726Z,ggfiscal.debt.chains,,A,computed from the per-security register (debt_interest_by_security / debt_flows)
GBR,1988,register,sum_inflation_linked,947.1467293902873,computed,ggfiscal.debt.register,accrued,20260910T102726Z,ggfiscal.debt.chains,,A,computed from the per-security register (debt_interest_by_security / debt_flows)
GBR,1988,register,official_total,17278.358569078355,computed,,accrued,20260910T102726Z,ggfiscal.debt.chains,,B,
GBR,1988,A_cg_cash,carried_from_previous_step,17278.358569078355,computed,,,20260910T102726Z,ggfiscal.debt.chains,,B,
GBR,1988,A_cg_cash,official_total,,official,HMT_NLF,accrued_nlf_finance_costs,20260910T102726Z,ggfiscal.debt.chains,,A,
GBR,1988,A_cg_cash,residual,,residual,,,20260910T102726Z,ggfiscal.debt.chains,,B,
GBR,1988,B_s1311_d41,carried_from_previous_step,17278.358569078355,computed,,,20260910T102726Z,ggfiscal.debt.chains,,B,
GBR,1988,B_s1311_d41,official_total,18941.0,official,ONS_PSF_TIMESERIES,accrued,20260910T102726Z,ggfiscal.debt.chains,,A,
GBR,1988,B_s1311_d41,residual,1662.6414309216452,residual,,accrued,20260910T102726Z,ggfiscal.debt.chains,,B,
GBR,1988,C_s13_gf01_7,carried_from_previous_step,18941.0,computed,,,20260910T102726Z,ggfiscal.debt.chains,,B,
GBR,1988,C_s13_gf01_7,official_total,19543.053040648196,official,package_GF01_7,accrued,20260910T102726Z,ggfiscal.debt.chains,,A,
GBR,1988,C_s13_gf01_7,residual,602.0530406481957,residual,,accrued,20260910T102726Z,ggfiscal.debt.chains,,B,
GBR,1989,register,sum_fixed_bullet,15510.496094353644,computed,ggfiscal.debt.register,accrued,20260910T102726Z,ggfiscal.debt.chains,,A,computed from the per-security register (debt_interest_by_security / debt_flows)
GBR,1989,register,sum_inflation_linked,1655.3913054693462,computed,ggfiscal.debt.register,accrued,20260910T102726Z,ggfiscal.debt.chains,,A,computed from the per-security register (debt_interest_by_security / debt_flows)
GBR,1989,register,official_total,17165.88739982299,computed,,accrued,20260910T102726Z,ggfiscal.debt.chains,,B,
GBR,1989,A_cg_cash,carried_from_previous_step,17165.88739982299,computed,,,20260910T102726Z,ggfiscal.debt.chains,,B,
GBR,1989,A_cg_cash,official_total,,official,HMT_NLF,accrued_nlf_finance_costs,20260910T102726Z,ggfiscal.debt.chains,,A,
GBR,1989,A_cg_cash,residual,,residual,,,20260910T102726Z,ggfiscal.debt.chains,,B,
GBR,1989,B_s1311_d41,carried_from_previous_step,17165.88739982299,computed,,,20260910T102726Z,ggfiscal.debt.chains,,B,
GBR,1989,B_s1311_d41,official_total,19947.0,official,ONS_PSF_TIMESERIES,accrued,20260910T102726Z,ggfiscal.debt.chains,,A,
GBR,1989,B_s1311_d41,residual,2781.11260017701,residual,,accrued,20260910T102726Z,ggfiscal.debt.chains,,B,
GBR,1989,C_s13_gf01_7,carried_from_previous_step,19947.0,computed,,,20260910T102726Z,ggfiscal.debt.chains,,B,
GBR,1989,C_s13_gf01_7,official_total,21000.87863834972,official,package_GF01_7,accrued,20260910T102726Z,ggfiscal.debt.chains,,A,
GBR,1989,C_s13_gf01_7,residual,1053.8786383497209,residual,,accrued,20260910T102726Z,ggfiscal.debt.chains,,B,
GBR,1990,register,sum_fixed_bullet,14567.422644301461,computed,ggfiscal.debt.register,accrued,20260910T102726Z,ggfiscal.debt.chains,,A,computed from the per-security register (debt_interest_by_security / debt_flows)
GBR,1990,register,sum_inflation_linked,1904.9869499311249,computed,ggfiscal.debt.register,accrued,20260910T102726Z,ggfiscal.debt.chains,,A,computed from the per-security register (debt_interest_by_security / debt_flows)
GBR,1990,register,official_total,16472.409594232588,computed,,accrued,20260910T102726Z,ggfiscal.debt.chains,,B,
GBR,1990,A_cg_cash,carried_from_previous_step,16472.409594232588,computed,,,20260910T102726Z,ggfiscal.debt.chains,,B,
GBR,1990,A_cg_cash,official_total,,official,HMT_NLF,accrued_nlf_finance_costs,20260910T102726Z,ggfiscal.debt.chains,,A,
GBR,1990,A_cg_cash,residual,,residual,,,20260910T102726Z,ggfiscal.debt.chains,,B,
GBR,1990,B_s1311_d41,carried_from_previous_step,16472.409594232588,computed,,,20260910T102726Z,ggfiscal.debt.chains,,B,
GBR,1990,B_s1311_d41,official_total,20071.0,official,ONS_PSF_TIMESERIES,accrued,20260910T102726Z,ggfiscal.debt.chains,,A,
GBR,1990,B_s1311_d41,residual,3598.5904057674124,residual,,accrued,20260910T102726Z,ggfiscal.debt.chains,,B,
GBR,1990,C_s13_gf01_7,carried_from_previous_step,20071.0,computed,,,20260910T102726Z,ggfiscal.debt.chains,,B,
GBR,1990,C_s13_gf01_7,official_total,21241.665562913906,official,package_GF01_7,accrued,20260910T102726Z,ggfiscal.debt.chains,,A,
GBR,1990,C_s13_gf01_7,residual,1170.665562913906,residual,,accrued,20260910T102726Z,ggfiscal.debt.chains,,B,
GBR,1991,register,sum_fixed_bullet,14159.553649210106,computed,ggfiscal.debt.register,accrued,20260910T102726Z,ggfiscal.debt.chains,,A,computed from the per-security register (debt_interest_by_security / debt_flows)
GBR,1991,register,sum_inflation_linked,1421.027442512021,computed,ggfiscal.debt.register,accrued,20260910T102726Z,ggfiscal.debt.chains,,A,computed from the per-security register (debt_interest_by_security / debt_flows)
GBR,1991,register,official_total,15580.581091722126,computed,,accrued,20260910T102726Z,ggfiscal.debt.chains,,B,
GBR,1991,A_cg_cash,carried_from_previous_step,15580.581091722126,computed,,,20260910T102726Z,ggfiscal.debt.chains,,B,
GBR,1991,A_cg_cash,official_total,,official,HMT_NLF,accrued_nlf_finance_costs,20260910T102726Z,ggfiscal.debt.chains,,A,
GBR,1991,A_cg_cash,residual,,residual,,,20260910T102726Z,ggfiscal.debt.chains,,B,
GBR,1991,B_s1311_d41,carried_from_previous_step,15580.581091722126,computed,,,20260910T102726Z,ggfiscal.debt.chains,,B,
GBR,1991,B_s1311_d41,official_total,18146.0,official,ONS_PSF_TIMESERIES,accrued,20260910T102726Z,ggfiscal.debt.chains,,A,
GBR,1991,B_s1311_d41,residual,2565.418908277874,residual,,accrued,20260910T102726Z,ggfiscal.debt.chains,,B,
GBR,1991,C_s13_gf01_7,carried_from_previous_step,18146.0,computed,,,20260910T102726Z,ggfiscal.debt.chains,,B,
GBR,1991,C_s13_gf01_7,official_total,19108.179409993976,official,package_GF01_7,accrued,20260910T102726Z,ggfiscal.debt.chains,,A,
GBR,1991,C_s13_gf01_7,residual,962.1794099939762,residual,,accrued,20260910T102726Z,ggfiscal.debt.chains,,B,
GBR,1992,register,sum_fixed_bullet,14046.342788188476,computed,ggfiscal.debt.register,accrued,20260910T102726Z,ggfiscal.debt.chains,,A,computed from the per-security register (debt_interest_by_security / debt_flows)
GBR,1992,register,sum_inflation_linked,1271.2664901775324,computed,ggfiscal.debt.register,accrued,20260910T102726Z,ggfiscal.debt.chains,,A,computed from the per-security register (debt_interest_by_security / debt_flows)
GBR,1992,register,official_total,15317.60927836601,computed,,accrued,20260910T102726Z,ggfiscal.debt.chains,,B,
GBR,1992,A_cg_cash,carried_from_previous_step,15317.60927836601,computed,,,20260910T102726Z,ggfiscal.debt.chains,,B,
GBR,1992,A_cg_cash,official_total,,official,HMT_NLF,accrued_nlf_finance_costs,20260910T102726Z,ggfiscal.debt.chains,,A,
GBR,1992,A_cg_cash,residual,,residual,,,20260910T102726Z,ggfiscal.debt.chains,,B,
GBR,1992,B_s1311_d41,carried_from_previous_step,15317.60927836601,computed,,,20260910T102726Z,ggfiscal.debt.chains,,B,
GBR,1992,B_s1311_d41,official_total,18556.0,official,ONS_PSF_TIMESERIES,accrued,20260910T102726Z,ggfiscal.debt.chains,,A,
GBR,1992,B_s1311_d41,residual,3238.3907216339903,residual,,accrued,20260910T102726Z,ggfiscal.debt.chains,,B,
GBR,1992,C_s13_gf01_7,carried_from_previous_step,18556.0,computed,,,20260910T102726Z,ggfiscal.debt.chains,,B,
GBR,1992,C_s13_gf01_7,official_total,19261.501806140877,official,package_GF01_7,accrued,20260910T102726Z,ggfiscal.debt.chains,,A,
GBR,1992,C_s13_gf01_7,residual,705.5018061408773,residual,,accrued,20260910T102726Z,ggfiscal.debt.chains,,B,
GBR,1993,register,sum_fixed_bullet,14947.12174386809,computed,ggfiscal.debt.register,accrued,20260910T102726Z,ggfiscal.debt.chains,,A,computed from the per-security register (debt_interest_by_security / debt_flows)
GBR,1993,register,sum_inflation_linked,693.8088232470144,computed,ggfiscal.debt.register,accrued,20260910T102726Z,ggfiscal.debt.chains,,A,computed from the per-security register (debt_interest_by_security / debt_flows)
GBR,1993,register,official_total,15640.930567115105,computed,,accrued,20260910T102726Z,ggfiscal.debt.chains,,B,
GBR,1993,A_cg_cash,carried_from_previous_step,15640.930567115105,computed,,,20260910T102726Z,ggfiscal.debt.chains,,B,
GBR,1993,A_cg_cash,official_total,,official,HMT_NLF,accrued_nlf_finance_costs,20260910T102726Z,ggfiscal.debt.chains,,A,
GBR,1993,A_cg_cash,residual,,residual,,,20260910T102726Z,ggfiscal.debt.chains,,B,
GBR,1993,B_s1311_d41,carried_from_previous_step,15640.930567115105,computed,,,20260910T102726Z,ggfiscal.debt.chains,,B,
GBR,1993,B_s1311_d41,official_total,19827.0,official,ONS_PSF_TIMESERIES,accrued,20260910T102726Z,ggfiscal.debt.chains,,A,
GBR,1993,B_s1311_d41,residual,4186.069432884895,residual,,accrued,20260910T102726Z,ggfiscal.debt.chains,,B,
GBR,1993,C_s13_gf01_7,carried_from_previous_step,19827.0,computed,,,20260910T102726Z,ggfiscal.debt.chains,,B,
GBR,1993,C_s13_gf01_7,official_total,20350.792293798917,official,package_GF01_7,accrued,20260910T102726Z,ggfiscal.debt.chains,,A,
GBR,1993,C_s13_gf01_7,residual,523.792293798917,residual,,accrued,20260910T102726Z,ggfiscal.debt.chains,,B,
GBR,1994,register,sum_fixed_bullet,15553.678400993349,computed,ggfiscal.debt.register,accrued,20260910T102726Z,ggfiscal.debt.chains,,A,computed from the per-security register (debt_interest_by_security / debt_flows)
GBR,1994,register,sum_inflation_linked,1199.2238921097166,computed,ggfiscal.debt.register,accrued,20260910T102726Z,ggfiscal.debt.chains,,A,computed from the per-security register (debt_interest_by_security / debt_flows)
GBR,1994,register,official_total,16752.902293103067,computed,,accrued,20260910T102726Z,ggfiscal.debt.chains,,B,
GBR,1994,A_cg_cash,carried_from_previous_step,16752.902293103067,computed,,,20260910T102726Z,ggfiscal.debt.chains,,B,
GBR,1994,A_cg_cash,official_total,,official,HMT_NLF,accrued_nlf_finance_costs,20260910T102726Z,ggfiscal.debt.chains,,A,
GBR,1994,A_cg_cash,residual,,residual,,,20260910T102726Z,ggfiscal.debt.chains,,B,
GBR,1994,B_s1311_d41,carried_from_previous_step,16752.902293103067,computed,,,20260910T102726Z,ggfiscal.debt.chains,,B,
GBR,1994,B_s1311_d41,official_total,22658.0,official,ONS_PSF_TIMESERIES,accrued,20260910T102726Z,ggfiscal.debt.chains,,A,
GBR,1994,B_s1311_d41,residual,5905.097706896933,residual,,accrued,20260910T102726Z,ggfiscal.debt.chains,,B,
GBR,1994,C_s13_gf01_7,carried_from_previous_step,22658.0,computed,,,20260910T102726Z,ggfiscal.debt.chains,,B,
GBR,1994,C_s13_gf01_7,official_total,23224.835641180012,official,package_GF01_7,accrued,20260910T102726Z,ggfiscal.debt.chains,,A,
GBR,1994,C_s13_gf01_7,residual,566.8356411800123,residual,,accrued,20260910T102726Z,ggfiscal.debt.chains,,B,
GBR,1995,register,sum_fixed_bullet,16087.534995579363,computed,ggfiscal.debt.register,accrued,20260910T102726Z,ggfiscal.debt.chains,,A,computed from the per-security register (debt_interest_by_security / debt_flows)
GBR,1995,register,sum_inflation_linked,1605.2506218156313,computed,ggfiscal.debt.register,accrued,20260910T102726Z,ggfiscal.debt.chains,,A,computed from the per-security register (debt_interest_by_security / debt_flows)
GBR,1995,register,official_total,17692.785617394995,computed,,accrued,20260910T102726Z,ggfiscal.debt.chains,,B,
GBR,1995,A_cg_cash,carried_from_previous_step,17692.785617394995,computed,,,20260910T102726Z,ggfiscal.debt.chains,,B,
GBR,1995,A_cg_cash,official_total,,official,HMT_NLF,accrued_nlf_finance_costs,20260910T102726Z,ggfiscal.debt.chains,,A,
GBR,1995,A_cg_cash,residual,,residual,,,20260910T102726Z,ggfiscal.debt.chains,,B,
GBR,1995,B_s1311_d41,carried_from_previous_step,17692.785617394995,computed,,,20260910T102726Z,ggfiscal.debt.chains,,B,
GBR,1995,B_s1311_d41,official_total,25899.0,official,ONS_PSF_TIMESERIES,accrued,20260910T102726Z,ggfiscal.debt.chains,,A,
GBR,1995,B_s1311_d41,residual,8206.214382605005,residual,,accrued,20260910T102726Z,ggfiscal.debt.chains,,B,
GBR,1995,C_s13_gf01_7,carried_from_previous_step,25899.0,computed,,,20260910T102726Z,ggfiscal.debt.chains,,B,
GBR,1995,C_s13_gf01_7,official_total,26632.0,official,package_GF01_7,accrued,20260910T102726Z,ggfiscal.debt.chains,,A,
GBR,1995,C_s13_gf01_7,residual,733.0,residual,,accrued,20260910T102726Z,ggfiscal.debt.chains,,B,
GBR,1996,register,sum_fixed_bullet,17182.70687681471,computed,ggfiscal.debt.register,accrued,20260910T102726Z,ggfiscal.debt.chains,,A,computed from the per-security register (debt_interest_by_security / debt_flows)
GBR,1996,register,sum_inflation_linked,1262.828893055094,computed,ggfiscal.debt.register,accrued,20260910T102726Z,ggfiscal.debt.chains,,A,computed from the per-security register (debt_interest_by_security / debt_flows)
GBR,1996,register,official_total,18445.535769869806,computed,,accrued,20260910T102726Z,ggfiscal.debt.chains,,B,
GBR,1996,A_cg_cash,carried_from_previous_step,18445.535769869806,computed,,,20260910T102726Z,ggfiscal.debt.chains,,B,
GBR,1996,A_cg_cash,official_total,,official,HMT_NLF,accrued_nlf_finance_costs,20260910T102726Z,ggfiscal.debt.chains,,A,
GBR,1996,A_cg_cash,residual,,residual,,,20260910T102726Z,ggfiscal.debt.chains,,B,
GBR,1996,B_s1311_d41,carried_from_previous_step,18445.535769869806,computed,,,20260910T102726Z,ggfiscal.debt.chains,,B,
GBR,1996,B_s1311_d41,official_total,27402.0,official,ONS_PSF_TIMESERIES,accrued,20260910T102726Z,ggfiscal.debt.chains,,A,
GBR,1996,B_s1311_d41,residual,8956.464230130194,residual,,accrued,20260910T102726Z,ggfiscal.debt.chains,,B,
GBR,1996,C_s13_gf01_7,carried_from_previous_step,27402.0,computed,,,20260910T102726Z,ggfiscal.debt.chains,,B,
GBR,1996,C_s13_gf01_7,official_total,28333.0,official,package_GF01_7,accrued,20260910T102726Z,ggfiscal.debt.chains,,A,
GBR,1996,C_s13_gf01_7,residual,931.0,residual,,accrued,20260910T102726Z,ggfiscal.debt.chains,,B,
GBR,1997,register,sum_fixed_bullet,17607.54072658015,computed,ggfiscal.debt.register,accrued,20260910T102726Z,ggfiscal.debt.chains,,A,computed from the per-security register (debt_interest_by_security / debt_flows)
GBR,1997,register,sum_inflation_linked,1399.2577389660626,computed,ggfiscal.debt.register,accrued,20260910T102726Z,ggfiscal.debt.chains,,A,computed from the per-security register (debt_interest_by_security / debt_flows)
GBR,1997,register,official_total,19006.798465546213,computed,,accrued,20260910T102726Z,ggfiscal.debt.chains,,B,
GBR,1997,A_cg_cash,carried_from_previous_step,19006.798465546213,computed,,,20260910T102726Z,ggfiscal.debt.chains,,B,
GBR,1997,A_cg_cash,official_total,,official,HMT_NLF,accrued_nlf_finance_costs,20260910T102726Z,ggfiscal.debt.chains,,A,
GBR,1997,A_cg_cash,residual,,residual,,,20260910T102726Z,ggfiscal.debt.chains,,B,
GBR,1997,B_s1311_d41,carried_from_previous_step,19006.798465546213,computed,,,20260910T102726Z,ggfiscal.debt.chains,,B,
GBR,1997,B_s1311_d41,official_total,29335.0,official,ONS_PSF_TIMESERIES,accrued,20260910T102726Z,ggfiscal.debt.chains,,A,
GBR,1997,B_s1311_d41,residual,10328.201534453787,residual,,accrued,20260910T102726Z,ggfiscal.debt.chains,,B,
GBR,1997,C_s13_gf01_7,carried_from_previous_step,29335.0,computed,,,20260910T102726Z,ggfiscal.debt.chains,,B,
GBR,1997,C_s13_gf01_7,official_total,30131.0,official,package_GF01_7,accrued,20260910T102726Z,ggfiscal.debt.chains,,A,
GBR,1997,C_s13_gf01_7,residual,796.0,residual,,accrued,20260910T102726Z,ggfiscal.debt.chains,,B,
GBR,1998,register,sum_fixed_bullet,17177.638688334988,computed,ggfiscal.debt.register,accrued,20260910T102726Z,ggfiscal.debt.chains,,A,computed from the per-security register (debt_interest_by_security / debt_flows)
GBR,1998,register,sum_inflation_linked,2232.154014370211,computed,ggfiscal.debt.register,accrued,20260910T102726Z,ggfiscal.debt.chains,,A,computed from the per-security register (debt_interest_by_security / debt_flows)
GBR,1998,register,official_total,19409.7927027052,computed,,accrued,20260910T102726Z,ggfiscal.debt.chains,,B,
GBR,1998,A_cg_cash,carried_from_previous_step,19409.7927027052,computed,,,20260910T102726Z,ggfiscal.debt.chains,,B,
GBR,1998,A_cg_cash,official_total,,official,HMT_NLF,accrued_nlf_finance_costs,20260910T102726Z,ggfiscal.debt.chains,,A,
GBR,1998,A_cg_cash,residual,,residual,,,20260910T102726Z,ggfiscal.debt.chains,,B,
GBR,1998,B_s1311_d41,carried_from_previous_step,19409.7927027052,computed,,,20260910T102726Z,ggfiscal.debt.chains,,B,
GBR,1998,B_s1311_d41,official_total,30109.0,official,ONS_PSF_TIMESERIES,accrued,20260910T102726Z,ggfiscal.debt.chains,,A,
GBR,1998,B_s1311_d41,residual,10699.2072972948,residual,,accrued,20260910T102726Z,ggfiscal.debt.chains,,B,
GBR,1998,C_s13_gf01_7,carried_from_previous_step,30109.0,computed,,,20260910T102726Z,ggfiscal.debt.chains,,B,
GBR,1998,C_s13_gf01_7,local_government_d41,413.0,official,ONS_PSF_APPENDIX_A,"accrued; Appendix A PSA6J_1 NUGW 'Interest', calendar-year block; sign +1 (S.13 = S.1311 + S.1313; UK has no state government or social security funds subsector)",20260910T102726Z,ggfiscal.debt.chains,,A,
GBR,1998,C_s13_gf01_7,official_total,31128.0,official,package_GF01_7,accrued,20260910T102726Z,ggfiscal.debt.chains,,A,
GBR,1998,C_s13_gf01_7,residual,606.0,residual,,accrued,20260910T102726Z,ggfiscal.debt.chains,,B,
GBR,1999,register,sum_fixed_bullet,16650.926548072664,computed,ggfiscal.debt.register,accrued,20260910T102726Z,ggfiscal.debt.chains,,A,computed from the per-security register (debt_interest_by_security / debt_flows)
GBR,1999,register,sum_inflation_linked,739.3875582136191,computed,ggfiscal.debt.register,accrued,20260910T102726Z,ggfiscal.debt.chains,,A,computed from the per-security register (debt_interest_by_security / debt_flows)
GBR,1999,register,official_total,17390.314106286285,computed,,accrued,20260910T102726Z,ggfiscal.debt.chains,,B,
GBR,1999,A_cg_cash,carried_from_previous_step,17390.314106286285,computed,,,20260910T102726Z,ggfiscal.debt.chains,,B,
GBR,1999,A_cg_cash,official_total,,official,HMT_NLF,accrued_nlf_finance_costs,20260910T102726Z,ggfiscal.debt.chains,,A,
GBR,1999,A_cg_cash,residual,,residual,,,20260910T102726Z,ggfiscal.debt.chains,,B,
GBR,1999,B_s1311_d41,carried_from_previous_step,17390.314106286285,computed,,,20260910T102726Z,ggfiscal.debt.chains,,B,
GBR,1999,B_s1311_d41,official_total,26577.0,official,ONS_PSF_TIMESERIES,accrued,20260910T102726Z,ggfiscal.debt.chains,,A,
GBR,1999,B_s1311_d41,residual,9186.685893713715,residual,,accrued,20260910T102726Z,ggfiscal.debt.chains,,B,
GBR,1999,C_s13_gf01_7,carried_from_previous_step,26577.0,computed,,,20260910T102726Z,ggfiscal.debt.chains,,B,
GBR,1999,C_s13_gf01_7,local_government_d41,277.0,official,ONS_PSF_APPENDIX_A,"accrued; Appendix A PSA6J_1 NUGW 'Interest', calendar-year block; sign +1 (S.13 = S.1311 + S.1313; UK has no state government or social security funds subsector)",20260910T102726Z,ggfiscal.debt.chains,,A,
GBR,1999,C_s13_gf01_7,official_total,27315.0,official,package_GF01_7,accrued,20260910T102726Z,ggfiscal.debt.chains,,A,
GBR,1999,C_s13_gf01_7,residual,461.0,residual,,accrued,20260910T102726Z,ggfiscal.debt.chains,,B,
GBR,2000,register,sum_bill,172.38605251173038,computed,ggfiscal.debt.register,accrued,20260910T102726Z,ggfiscal.debt.chains,,A,computed from the per-security register (debt_interest_by_security / debt_flows)
GBR,2000,register,sum_fixed_bullet,15835.347954266745,computed,ggfiscal.debt.register,accrued,20260910T102726Z,ggfiscal.debt.chains,,A,computed from the per-security register (debt_interest_by_security / debt_flows)
GBR,2000,register,sum_inflation_linked,1859.464259515733,computed,ggfiscal.debt.register,accrued,20260910T102726Z,ggfiscal.debt.chains,,A,computed from the per-security register (debt_interest_by_security / debt_flows)
GBR,2000,register,official_total,17867.19826629421,computed,,accrued,20260910T102726Z,ggfiscal.debt.chains,,B,
GBR,2000,A_cg_cash,carried_from_previous_step,17867.19826629421,computed,,,20260910T102726Z,ggfiscal.debt.chains,,B,
GBR,2000,A_cg_cash,official_total,,official,HMT_NLF,accrued_nlf_finance_costs,20260910T102726Z,ggfiscal.debt.chains,,A,
GBR,2000,A_cg_cash,residual,,residual,,,20260910T102726Z,ggfiscal.debt.chains,,B,
GBR,2000,B_s1311_d41,carried_from_previous_step,17867.19826629421,computed,,,20260910T102726Z,ggfiscal.debt.chains,,B,
GBR,2000,B_s1311_d41,official_total,26615.0,official,ONS_PSF_TIMESERIES,accrued,20260910T102726Z,ggfiscal.debt.chains,,A,
GBR,2000,B_s1311_d41,residual,8747.80173370579,residual,,accrued,20260910T102726Z,ggfiscal.debt.chains,,B,
GBR,2000,C_s13_gf01_7,carried_from_previous_step,26615.0,computed,,,20260910T102726Z,ggfiscal.debt.chains,,B,
GBR,2000,C_s13_gf01_7,local_government_d41,304.0,official,ONS_PSF_APPENDIX_A,"accrued; Appendix A PSA6J_1 NUGW 'Interest', calendar-year block; sign +1 (S.13 = S.1311 + S.1313; UK has no state government or social security funds subsector)",20260910T102726Z,ggfiscal.debt.chains,,A,
GBR,2000,C_s13_gf01_7,official_total,27323.0,official,package_GF01_7,accrued,20260910T102726Z,ggfiscal.debt.chains,,A,
GBR,2000,C_s13_gf01_7,residual,404.0,residual,,accrued,20260910T102726Z,ggfiscal.debt.chains,,B,
GBR,2001,register,sum_bill,342.7771913819289,computed,ggfiscal.debt.register,accrued,20260910T102726Z,ggfiscal.debt.chains,,A,computed from the per-security register (debt_interest_by_security / debt_flows)
GBR,2001,register,sum_fixed_bullet,14263.265095337993,computed,ggfiscal.debt.register,accrued,20260910T102726Z,ggfiscal.debt.chains,,A,computed from the per-security register (debt_interest_by_security / debt_flows)
GBR,2001,register,sum_inflation_linked,946.1009309178169,computed,ggfiscal.debt.register,accrued,20260910T102726Z,ggfiscal.debt.chains,,A,computed from the per-security register (debt_interest_by_security / debt_flows)
GBR,2001,register,official_total,15552.143217637738,computed,,accrued,20260910T102726Z,ggfiscal.debt.chains,,B,
GBR,2001,A_cg_cash,carried_from_previous_step,15552.143217637738,computed,,,20260910T102726Z,ggfiscal.debt.chains,,B,
GBR,2001,A_cg_cash,official_total,,official,HMT_NLF,accrued_nlf_finance_costs,20260910T102726Z,ggfiscal.debt.chains,,A,
GBR,2001,A_cg_cash,residual,,residual,,,20260910T102726Z,ggfiscal.debt.chains,,B,
GBR,2001,B_s1311_d41,carried_from_previous_step,15552.143217637738,computed,,,20260910T102726Z,ggfiscal.debt.chains,,B,
GBR,2001,B_s1311_d41,official_total,24106.0,official,ONS_PSF_TIMESERIES,accrued,20260910T102726Z,ggfiscal.debt.chains,,A,
GBR,2001,B_s1311_d41,residual,8553.856782362262,residual,,accrued,20260910T102726Z,ggfiscal.debt.chains,,B,
GBR,2001,C_s13_gf01_7,carried_from_previous_step,24106.0,computed,,,20260910T102726Z,ggfiscal.debt.chains,,B,
GBR,2001,C_s13_gf01_7,local_government_d41,298.0,official,ONS_PSF_APPENDIX_A,"accrued; Appendix A PSA6J_1 NUGW 'Interest', calendar-year block; sign +1 (S.13 = S.1311 + S.1313; UK has no state government or social security funds subsector)",20260910T102726Z,ggfiscal.debt.chains,,A,
GBR,2001,C_s13_gf01_7,official_total,24766.0,official,package_GF01_7,accrued,20260910T102726Z,ggfiscal.debt.chains,,A,
GBR,2001,C_s13_gf01_7,residual,362.0,residual,,accrued,20260910T102726Z,ggfiscal.debt.chains,,B,
GBR,2002,register,sum_bill,1036.247207191692,computed,ggfiscal.debt.register,accrued,20260910T102726Z,ggfiscal.debt.chains,,A,computed from the per-security register (debt_interest_by_security / debt_flows)
GBR,2002,register,sum_fixed_bullet,13808.337906606994,computed,ggfiscal.debt.register,accrued,20260910T102726Z,ggfiscal.debt.chains,,A,computed from the per-security register (debt_interest_by_security / debt_flows)
GBR,2002,register,sum_inflation_linked,687.3640556970743,computed,ggfiscal.debt.register,accrued,20260910T102726Z,ggfiscal.debt.chains,,A,computed from the per-security register (debt_interest_by_security / debt_flows)
GBR,2002,register,official_total,15531.949169495761,computed,,accrued,20260910T102726Z,ggfiscal.debt.chains,,B,
GBR,2002,A_cg_cash,carried_from_previous_step,15531.949169495761,computed,,,20260910T102726Z,ggfiscal.debt.chains,,B,
GBR,2002,A_cg_cash,official_total,,official,HMT_NLF,accrued_nlf_finance_costs,20260910T102726Z,ggfiscal.debt.chains,,A,
GBR,2002,A_cg_cash,residual,,residual,,,20260910T102726Z,ggfiscal.debt.chains,,B,
GBR,2002,B_s1311_d41,carried_from_previous_step,15531.949169495761,computed,,,20260910T102726Z,ggfiscal.debt.chains,,B,
GBR,2002,B_s1311_d41,official_total,21907.0,official,ONS_PSF_TIMESERIES,accrued,20260910T102726Z,ggfiscal.debt.chains,,A,
GBR,2002,B_s1311_d41,residual,6375.050830504239,residual,,accrued,20260910T102726Z,ggfiscal.debt.chains,,B,
GBR,2002,C_s13_gf01_7,carried_from_previous_step,21907.0,computed,,,20260910T102726Z,ggfiscal.debt.chains,,B,
GBR,2002,C_s13_gf01_7,local_government_d41,262.0,official,ONS_PSF_APPENDIX_A,"accrued; Appendix A PSA6J_1 NUGW 'Interest', calendar-year block; sign +1 (S.13 = S.1311 + S.1313; UK has no state government or social security funds subsector)",20260910T102726Z,ggfiscal.debt.chains,,A,
GBR,2002,C_s13_gf01_7,official_total,22404.0,official,package_GF01_7,accrued,20260910T102726Z,ggfiscal.debt.chains,,A,
GBR,2002,C_s13_gf01_7,residual,235.0,residual,,accrued,20260910T102726Z,ggfiscal.debt.chains,,B,
GBR,2003,register,sum_bill,1270.5519895867064,computed,ggfiscal.debt.register,accrued,20260910T102726Z,ggfiscal.debt.chains,,A,computed from the per-security register (debt_interest_by_security / debt_flows)
GBR,2003,register,sum_fixed_bullet,14164.495726618597,computed,ggfiscal.debt.register,accrued,20260910T102726Z,ggfiscal.debt.chains,,A,computed from the per-security register (debt_interest_by_security / debt_flows)
GBR,2003,register,sum_inflation_linked,2151.626742616502,computed,ggfiscal.debt.register,accrued,20260910T102726Z,ggfiscal.debt.chains,,A,computed from the per-security register (debt_interest_by_security / debt_flows)
GBR,2003,register,official_total,17586.674458821806,computed,,accrued,20260910T102726Z,ggfiscal.debt.chains,,B,
GBR,2003,A_cg_cash,carried_from_previous_step,17586.674458821806,computed,,,20260910T102726Z,ggfiscal.debt.chains,,B,
GBR,2003,A_cg_cash,official_total,,official,HMT_NLF,accrued_nlf_finance_costs,20260910T102726Z,ggfiscal.debt.chains,,A,
GBR,2003,A_cg_cash,residual,,residual,,,20260910T102726Z,ggfiscal.debt.chains,,B,
GBR,2003,B_s1311_d41,carried_from_previous_step,17586.674458821806,computed,,,20260910T102726Z,ggfiscal.debt.chains,,B,
GBR,2003,B_s1311_d41,official_total,22996.0,official,ONS_PSF_TIMESERIES,accrued,20260910T102726Z,ggfiscal.debt.chains,,A,
GBR,2003,B_s1311_d41,residual,5409.325541178194,residual,,accrued,20260910T102726Z,ggfiscal.debt.chains,,B,
GBR,2003,C_s13_gf01_7,carried_from_previous_step,22996.0,computed,,,20260910T102726Z,ggfiscal.debt.chains,,B,
GBR,2003,C_s13_gf01_7,local_government_d41,209.0,official,ONS_PSF_APPENDIX_A,"accrued; Appendix A PSA6J_1 NUGW 'Interest', calendar-year block; sign +1 (S.13 = S.1311 + S.1313; UK has no state government or social security funds subsector)",20260910T102726Z,ggfiscal.debt.chains,,A,
GBR,2003,C_s13_gf01_7,official_total,23450.0,official,package_GF01_7,accrued,20260910T102726Z,ggfiscal.debt.chains,,A,
GBR,2003,C_s13_gf01_7,residual,245.0,residual,,accrued,20260910T102726Z,ggfiscal.debt.chains,,B,
GBR,2004,register,sum_bill,1675.2304186341757,computed,ggfiscal.debt.register,accrued,20260910T102726Z,ggfiscal.debt.chains,,A,computed from the per-security register (debt_interest_by_security / debt_flows)
GBR,2004,register,sum_fixed_bullet,14912.257977643969,computed,ggfiscal.debt.register,accrued,20260910T102726Z,ggfiscal.debt.chains,,A,computed from the per-security register (debt_interest_by_security / debt_flows)
GBR,2004,register,sum_inflation_linked,1809.1280645359661,computed,ggfiscal.debt.register,accrued,20260910T102726Z,ggfiscal.debt.chains,,A,computed from the per-security register (debt_interest_by_security / debt_flows)
GBR,2004,register,official_total,18396.61646081411,computed,,accrued,20260910T102726Z,ggfiscal.debt.chains,,B,
GBR,2004,A_cg_cash,carried_from_previous_step,18396.61646081411,computed,,,20260910T102726Z,ggfiscal.debt.chains,,B,
GBR,2004,A_cg_cash,official_total,,official,HMT_NLF,accrued_nlf_finance_costs,20260910T102726Z,ggfiscal.debt.chains,,A,
GBR,2004,A_cg_cash,residual,,residual,,,20260910T102726Z,ggfiscal.debt.chains,,B,
GBR,2004,B_s1311_d41,carried_from_previous_step,18396.61646081411,computed,,,20260910T102726Z,ggfiscal.debt.chains,,B,
GBR,2004,B_s1311_d41,official_total,24697.0,official,ONS_PSF_TIMESERIES,accrued,20260910T102726Z,ggfiscal.debt.chains,,A,
GBR,2004,B_s1311_d41,residual,6300.383539185888,residual,,accrued,20260910T102726Z,ggfiscal.debt.chains,,B,
GBR,2004,C_s13_gf01_7,carried_from_previous_step,24697.0,computed,,,20260910T102726Z,ggfiscal.debt.chains,,B,
GBR,2004,C_s13_gf01_7,local_government_d41,344.0,official,ONS_PSF_APPENDIX_A,"accrued; Appendix A PSA6J_1 NUGW 'Interest', calendar-year block; sign +1 (S.13 = S.1311 + S.1313; UK has no state government or social security funds subsector)",20260910T102726Z,ggfiscal.debt.chains,,A,
GBR,2004,C_s13_gf01_7,official_total,25382.0,official,package_GF01_7,accrued,20260910T102726Z,ggfiscal.debt.chains,,A,
GBR,2004,C_s13_gf01_7,residual,341.0,residual,,accrued,20260910T102726Z,ggfiscal.debt.chains,,B,
GBR,2005,register,sum_bill,1848.8027677569153,computed,ggfiscal.debt.register,accrued,20260910T102726Z,ggfiscal.debt.chains,,A,computed from the per-security register (debt_interest_by_security / debt_flows)
GBR,2005,register,sum_fixed_bullet,16196.244395969628,computed,ggfiscal.debt.register,accrued,20260910T102726Z,ggfiscal.debt.chains,,A,computed from the per-security register (debt_interest_by_security / debt_flows)
GBR,2005,register,sum_inflation_linked,2350.8641619241794,computed,ggfiscal.debt.register,accrued,20260910T102726Z,ggfiscal.debt.chains,,A,computed from the per-security register (debt_interest_by_security / debt_flows)
GBR,2005,register,official_total,20395.911325650723,computed,,accrued,20260910T102726Z,ggfiscal.debt.chains,,B,
GBR,2005,A_cg_cash,carried_from_previous_step,20395.911325650723,computed,,,20260910T102726Z,ggfiscal.debt.chains,,B,
GBR,2005,A_cg_cash,official_total,,official,HMT_NLF,accrued_nlf_finance_costs,20260910T102726Z,ggfiscal.debt.chains,,A,
GBR,2005,A_cg_cash,residual,,residual,,,20260910T102726Z,ggfiscal.debt.chains,,B,
GBR,2005,B_s1311_d41,carried_from_previous_step,20395.911325650723,computed,,,20260910T102726Z,ggfiscal.debt.chains,,B,
GBR,2005,B_s1311_d41,official_total,27721.0,official,ONS_PSF_TIMESERIES,accrued,20260910T102726Z,ggfiscal.debt.chains,,A,
GBR,2005,B_s1311_d41,residual,7325.088674349277,residual,,accrued,20260910T102726Z,ggfiscal.debt.chains,,B,
GBR,2005,C_s13_gf01_7,carried_from_previous_step,27721.0,computed,,,20260910T102726Z,ggfiscal.debt.chains,,B,
GBR,2005,C_s13_gf01_7,local_government_d41,439.0,official,ONS_PSF_APPENDIX_A,"accrued; Appendix A PSA6J_1 NUGW 'Interest', calendar-year block; sign +1 (S.13 = S.1311 + S.1313; UK has no state government or social security funds subsector)",20260910T102726Z,ggfiscal.debt.chains,,A,
GBR,2005,C_s13_gf01_7,official_total,28542.0,official,package_GF01_7,accrued,20260910T102726Z,ggfiscal.debt.chains,,A,
GBR,2005,C_s13_gf01_7,residual,382.0,residual,,accrued,20260910T102726Z,ggfiscal.debt.chains,,B,
GBR,2006,register,sum_bill,1781.4351405708428,computed,ggfiscal.debt.register,accrued,20260910T102726Z,ggfiscal.debt.chains,,A,computed from the per-security register (debt_interest_by_security / debt_flows)
GBR,2006,register,sum_fixed_bullet,17284.593625249323,computed,ggfiscal.debt.register,accrued,20260910T102726Z,ggfiscal.debt.chains,,A,computed from the per-security register (debt_interest_by_security / debt_flows)
GBR,2006,register,sum_inflation_linked,2451.9306069969803,computed,ggfiscal.debt.register,accrued,20260910T102726Z,ggfiscal.debt.chains,,A,computed from the per-security register (debt_interest_by_security / debt_flows)
GBR,2006,register,official_total,21517.959372817146,computed,,accrued,20260910T102726Z,ggfiscal.debt.chains,,B,
GBR,2006,A_cg_cash,carried_from_previous_step,21517.959372817146,computed,,,20260910T102726Z,ggfiscal.debt.chains,,B,
GBR,2006,A_cg_cash,official_total,,official,HMT_NLF,accrued_nlf_finance_costs,20260910T102726Z,ggfiscal.debt.chains,,A,
GBR,2006,A_cg_cash,residual,,residual,,,20260910T102726Z,ggfiscal.debt.chains,,B,
GBR,2006,B_s1311_d41,carried_from_previous_step,21517.959372817146,computed,,,20260910T102726Z,ggfiscal.debt.chains,,B,
GBR,2006,B_s1311_d41,official_total,29413.0,official,ONS_PSF_TIMESERIES,accrued,20260910T102726Z,ggfiscal.debt.chains,,A,
GBR,2006,B_s1311_d41,residual,7895.040627182854,residual,,accrued,20260910T102726Z,ggfiscal.debt.chains,,B,
GBR,2006,C_s13_gf01_7,carried_from_previous_step,29413.0,computed,,,20260910T102726Z,ggfiscal.debt.chains,,B,
GBR,2006,C_s13_gf01_7,local_government_d41,398.0,official,ONS_PSF_APPENDIX_A,"accrued; Appendix A PSA6J_1 NUGW 'Interest', calendar-year block; sign +1 (S.13 = S.1311 + S.1313; UK has no state government or social security funds subsector)",20260910T102726Z,ggfiscal.debt.chains,,A,
GBR,2006,C_s13_gf01_7,official_total,30077.0,official,package_GF01_7,accrued,20260910T102726Z,ggfiscal.debt.chains,,A,
GBR,2006,C_s13_gf01_7,residual,266.0,residual,,accrued,20260910T102726Z,ggfiscal.debt.chains,,B,
GBR,2007,register,sum_bill,1776.1180583816113,computed,ggfiscal.debt.register,accrued,20260910T102726Z,ggfiscal.debt.chains,,A,computed from the per-security register (debt_interest_by_security / debt_flows)
GBR,2007,register,sum_fixed_bullet,17476.40958463946,computed,ggfiscal.debt.register,accrued,20260910T102726Z,ggfiscal.debt.chains,,A,computed from the per-security register (debt_interest_by_security / debt_flows)
GBR,2007,register,sum_inflation_linked,4822.6729944660365,computed,ggfiscal.debt.register,accrued,20260910T102726Z,ggfiscal.debt.chains,,A,computed from the per-security register (debt_interest_by_security / debt_flows)
GBR,2007,register,official_total,24075.20063748711,computed,,accrued,20260910T102726Z,ggfiscal.debt.chains,,B,
GBR,2007,A_cg_cash,carried_from_previous_step,24075.20063748711,computed,,,20260910T102726Z,ggfiscal.debt.chains,,B,
GBR,2007,A_cg_cash,official_total,,official,HMT_NLF,accrued_nlf_finance_costs,20260910T102726Z,ggfiscal.debt.chains,,A,
GBR,2007,A_cg_cash,residual,,residual,,,20260910T102726Z,ggfiscal.debt.chains,,B,
GBR,2007,B_s1311_d41,carried_from_previous_step,24075.20063748711,computed,,,20260910T102726Z,ggfiscal.debt.chains,,B,
GBR,2007,B_s1311_d41,official_total,33944.0,official,ONS_PSF_TIMESERIES,accrued,20260910T102726Z,ggfiscal.debt.chains,,A,
GBR,2007,B_s1311_d41,residual,9868.799362512891,residual,,accrued,20260910T102726Z,ggfiscal.debt.chains,,B,
GBR,2007,C_s13_gf01_7,carried_from_previous_step,33944.0,computed,,,20260910T102726Z,ggfiscal.debt.chains,,B,
GBR,2007,C_s13_gf01_7,local_government_d41,475.0,official,ONS_PSF_APPENDIX_A,"accrued; Appendix A PSA6J_1 NUGW 'Interest', calendar-year block; sign +1 (S.13 = S.1311 + S.1313; UK has no state government or social security funds subsector)",20260910T102726Z,ggfiscal.debt.chains,,A,
GBR,2007,C_s13_gf01_7,official_total,34617.0,official,package_GF01_7,accrued,20260910T102726Z,ggfiscal.debt.chains,,A,
GBR,2007,C_s13_gf01_7,residual,198.0,residual,,accrued,20260910T102726Z,ggfiscal.debt.chains,,B,
GBR,2008,register,sum_bill,1660.9676850076585,computed,ggfiscal.debt.register,accrued,20260910T102726Z,ggfiscal.debt.chains,,A,computed from the per-security register (debt_interest_by_security / debt_flows)
GBR,2008,register,sum_fixed_bullet,19301.05700524748,computed,ggfiscal.debt.register,accrued,20260910T102726Z,ggfiscal.debt.chains,,A,computed from the per-security register (debt_interest_by_security / debt_flows)
GBR,2008,register,sum_inflation_linked,6197.428017065744,computed,ggfiscal.debt.register,accrued,20260910T102726Z,ggfiscal.debt.chains,,A,computed from the per-security register (debt_interest_by_security / debt_flows)
GBR,2008,register,official_total,27159.45270732088,computed,,accrued,20260910T102726Z,ggfiscal.debt.chains,,B,
GBR,2008,A_cg_cash,carried_from_previous_step,27159.45270732088,computed,,,20260910T102726Z,ggfiscal.debt.chains,,B,
GBR,2008,A_cg_cash,official_total,,official,HMT_NLF,accrued_nlf_finance_costs,20260910T102726Z,ggfiscal.debt.chains,,A,
GBR,2008,A_cg_cash,residual,,residual,,,20260910T102726Z,ggfiscal.debt.chains,,B,
GBR,2008,B_s1311_d41,carried_from_previous_step,27159.45270732088,computed,,,20260910T102726Z,ggfiscal.debt.chains,,B,
GBR,2008,B_s1311_d41,official_total,34990.0,official,ONS_PSF_TIMESERIES,accrued,20260910T102726Z,ggfiscal.debt.chains,,A,
GBR,2008,B_s1311_d41,residual,7830.547292679119,residual,,accrued,20260910T102726Z,ggfiscal.debt.chains,,B,
GBR,2008,C_s13_gf01_7,carried_from_previous_step,34990.0,computed,,,20260910T102726Z,ggfiscal.debt.chains,,B,
GBR,2008,C_s13_gf01_7,local_government_d41,595.0,official,ONS_PSF_APPENDIX_A,"accrued; Appendix A PSA6J_1 NUGW 'Interest', calendar-year block; sign +1 (S.13 = S.1311 + S.1313; UK has no state government or social security funds subsector)",20260910T102726Z,ggfiscal.debt.chains,,A,
GBR,2008,C_s13_gf01_7,official_total,36033.0,official,package_GF01_7,accrued,20260910T102726Z,ggfiscal.debt.chains,,A,
GBR,2008,C_s13_gf01_7,residual,448.0,residual,,accrued,20260910T102726Z,ggfiscal.debt.chains,,B,
GBR,2009,register,sum_bill,625.0792565361422,computed,ggfiscal.debt.register,accrued,20260910T102726Z,ggfiscal.debt.chains,,A,computed from the per-security register (debt_interest_by_security / debt_flows)
GBR,2009,register,sum_fixed_bullet,28426.919942577257,computed,ggfiscal.debt.register,accrued,20260910T102726Z,ggfiscal.debt.chains,,A,computed from the per-security register (debt_interest_by_security / debt_flows)
GBR,2009,register,sum_inflation_linked,-1300.550137481953,computed,ggfiscal.debt.register,accrued,20260910T102726Z,ggfiscal.debt.chains,,A,computed from the per-security register (debt_interest_by_security / debt_flows)
GBR,2009,register,official_total,27751.449061631443,computed,,accrued,20260910T102726Z,ggfiscal.debt.chains,,B,
GBR,2009,A_cg_cash,carried_from_previous_step,27751.449061631443,computed,,,20260910T102726Z,ggfiscal.debt.chains,,B,
GBR,2009,A_cg_cash,out_of_register_national_savings,2071.75,official,HMT_NLF,accrued_nlf_finance_costs,20260910T102726Z,ggfiscal.debt.chains,,A,
GBR,2009,A_cg_cash,official_total,38181.75,official,HMT_NLF,accrued_nlf_finance_costs,20260910T102726Z,ggfiscal.debt.chains,,A,
GBR,2009,A_cg_cash,residual,8358.550938368557,residual,,accrued_nlf_finance_costs,20260910T102726Z,ggfiscal.debt.chains,,B,
GBR,2009,B_s1311_d41,carried_from_previous_step,38181.75,computed,,,20260910T102726Z,ggfiscal.debt.chains,,B,
GBR,2009,B_s1311_d41,official_total,29793.0,official,ONS_PSF_TIMESERIES,accrued,20260910T102726Z,ggfiscal.debt.chains,,A,
GBR,2009,B_s1311_d41,residual,-8388.75,residual,,accrued,20260910T102726Z,ggfiscal.debt.chains,,B,
GBR,2009,C_s13_gf01_7,carried_from_previous_step,29793.0,computed,,,20260910T102726Z,ggfiscal.debt.chains,,B,
GBR,2009,C_s13_gf01_7,local_government_d41,329.0,official,ONS_PSF_APPENDIX_A,"accrued; Appendix A PSA6J_1 NUGW 'Interest', calendar-year block; sign +1 (S.13 = S.1311 + S.1313; UK has no state government or social security funds subsector)",20260910T102726Z,ggfiscal.debt.chains,,A,
GBR,2009,C_s13_gf01_7,official_total,30321.0,official,package_GF01_7,accrued,20260910T102726Z,ggfiscal.debt.chains,,A,
GBR,2009,C_s13_gf01_7,residual,199.0,residual,,accrued,20260910T102726Z,ggfiscal.debt.chains,,B,
GBR,2010,register,sum_bill,600.7531298479955,computed,ggfiscal.debt.register,accrued,20260910T102726Z,ggfiscal.debt.chains,,A,computed from the per-security register (debt_interest_by_security / debt_flows)
GBR,2010,register,sum_fixed_bullet,33355.2782085099,computed,ggfiscal.debt.register,accrued,20260910T102726Z,ggfiscal.debt.chains,,A,computed from the per-security register (debt_interest_by_security / debt_flows)
GBR,2010,register,sum_inflation_linked,9729.159222404223,computed,ggfiscal.debt.register,accrued,20260910T102726Z,ggfiscal.debt.chains,,A,computed from the per-security register (debt_interest_by_security / debt_flows)
GBR,2010,register,official_total,43685.19056076212,computed,,accrued,20260910T102726Z,ggfiscal.debt.chains,,B,
GBR,2010,A_cg_cash,carried_from_previous_step,43685.19056076212,computed,,,20260910T102726Z,ggfiscal.debt.chains,,B,
GBR,2010,A_cg_cash,out_of_register_national_savings,2413.5,official,HMT_NLF,accrued_nlf_finance_costs,20260910T102726Z,ggfiscal.debt.chains,,A,
GBR,2010,A_cg_cash,official_total,47858.0,official,HMT_NLF,accrued_nlf_finance_costs,20260910T102726Z,ggfiscal.debt.chains,,A,
GBR,2010,A_cg_cash,residual,1759.309439237877,residual,,accrued_nlf_finance_costs,20260910T102726Z,ggfiscal.debt.chains,,B,
GBR,2010,B_s1311_d41,carried_from_previous_step,47858.0,computed,,,20260910T102726Z,ggfiscal.debt.chains,,B,
GBR,2010,B_s1311_d41,official_total,46883.0,official,ONS_PSF_TIMESERIES,accrued,20260910T102726Z,ggfiscal.debt.chains,,A,
GBR,2010,B_s1311_d41,residual,-975.0,residual,,accrued,20260910T102726Z,ggfiscal.debt.chains,,B,
GBR,2010,C_s13_gf01_7,carried_from_previous_step,46883.0,computed,,,20260910T102726Z,ggfiscal.debt.chains,,B,
GBR,2010,C_s13_gf01_7,local_government_d41,336.0,official,ONS_PSF_APPENDIX_A,"accrued; Appendix A PSA6J_1 NUGW 'Interest', calendar-year block; sign +1 (S.13 = S.1311 + S.1313; UK has no state government or social security funds subsector)",20260910T102726Z,ggfiscal.debt.chains,,A,
GBR,2010,C_s13_gf01_7,official_total,47373.0,official,package_GF01_7,accrued,20260910T102726Z,ggfiscal.debt.chains,,A,
GBR,2010,C_s13_gf01_7,residual,154.0,residual,,accrued,20260910T102726Z,ggfiscal.debt.chains,,B,
GBR,2011,register,sum_bill,626.675861068823,computed,ggfiscal.debt.register,accrued,20260910T102726Z,ggfiscal.debt.chains,,A,computed from the per-security register (debt_interest_by_security / debt_flows)
GBR,2011,register,sum_fixed_bullet,35500.992522299384,computed,ggfiscal.debt.register,accrued,20260910T102726Z,ggfiscal.debt.chains,,A,computed from the per-security register (debt_interest_by_security / debt_flows)
GBR,2011,register,sum_inflation_linked,12916.406229898514,computed,ggfiscal.debt.register,accrued,20260910T102726Z,ggfiscal.debt.chains,,A,computed from the per-security register (debt_interest_by_security / debt_flows)
GBR,2011,register,official_total,49044.07461326672,computed,,accrued,20260910T102726Z,ggfiscal.debt.chains,,B,
GBR,2011,A_cg_cash,carried_from_previous_step,49044.07461326672,computed,,,20260910T102726Z,ggfiscal.debt.chains,,B,
GBR,2011,A_cg_cash,out_of_register_national_savings,2449.0,official,HMT_NLF,accrued_nlf_finance_costs,20260910T102726Z,ggfiscal.debt.chains,,A,
GBR,2011,A_cg_cash,out_of_register_other_nlf_finance_costs,332.75,official,HMT_NLF,accrued_nlf_finance_costs,20260910T102726Z,ggfiscal.debt.chains,,A,
GBR,2011,A_cg_cash,official_total,52553.0,official,HMT_NLF,accrued_nlf_finance_costs,20260910T102726Z,ggfiscal.debt.chains,,A,
GBR,2011,A_cg_cash,residual,727.1753867332809,residual,,accrued_nlf_finance_costs,20260910T102726Z,ggfiscal.debt.chains,,B,
GBR,2011,B_s1311_d41,carried_from_previous_step,52553.0,computed,,,20260910T102726Z,ggfiscal.debt.chains,,B,
GBR,2011,B_s1311_d41,official_total,53587.0,official,ONS_PSF_TIMESERIES,accrued,20260910T102726Z,ggfiscal.debt.chains,,A,
GBR,2011,B_s1311_d41,residual,1034.0,residual,,accrued,20260910T102726Z,ggfiscal.debt.chains,,B,
GBR,2011,C_s13_gf01_7,carried_from_previous_step,53587.0,computed,,,20260910T102726Z,ggfiscal.debt.chains,,B,
GBR,2011,C_s13_gf01_7,local_government_d41,365.0,official,ONS_PSF_APPENDIX_A,"accrued; Appendix A PSA6J_1 NUGW 'Interest', calendar-year block; sign +1 (S.13 = S.1311 + S.1313; UK has no state government or social security funds subsector)",20260910T102726Z,ggfiscal.debt.chains,,A,
GBR,2011,C_s13_gf01_7,official_total,54161.0,official,package_GF01_7,accrued,20260910T102726Z,ggfiscal.debt.chains,,A,
GBR,2011,C_s13_gf01_7,residual,209.0,residual,,accrued,20260910T102726Z,ggfiscal.debt.chains,,B,
GBR,2012,register,sum_bill,415.7386517895783,computed,ggfiscal.debt.register,accrued,20260910T102726Z,ggfiscal.debt.chains,,A,computed from the per-security register (debt_interest_by_security / debt_flows)
GBR,2012,register,sum_fixed_bullet,36993.9557891902,computed,ggfiscal.debt.register,accrued,20260910T102726Z,ggfiscal.debt.chains,,A,computed from the per-security register (debt_interest_by_security / debt_flows)
GBR,2012,register,sum_inflation_linked,8854.111351184276,computed,ggfiscal.debt.register,accrued,20260910T102726Z,ggfiscal.debt.chains,,A,computed from the per-security register (debt_interest_by_security / debt_flows)
GBR,2012,register,official_total,46263.80579216406,computed,,accrued,20260910T102726Z,ggfiscal.debt.chains,,B,
GBR,2012,A_cg_cash,carried_from_previous_step,46263.80579216406,computed,,,20260910T102726Z,ggfiscal.debt.chains,,B,
GBR,2012,A_cg_cash,out_of_register_national_savings,2272.25,official,HMT_NLF,accrued_nlf_finance_costs,20260910T102726Z,ggfiscal.debt.chains,,A,
GBR,2012,A_cg_cash,out_of_register_other_nlf_finance_costs,219.5,official,HMT_NLF,accrued_nlf_finance_costs,20260910T102726Z,ggfiscal.debt.chains,,A,
GBR,2012,A_cg_cash,official_total,53531.75,official,HMT_NLF,accrued_nlf_finance_costs,20260910T102726Z,ggfiscal.debt.chains,,A,
GBR,2012,A_cg_cash,residual,4776.1942078359425,residual,,accrued_nlf_finance_costs,20260910T102726Z,ggfiscal.debt.chains,,B,
GBR,2012,B_s1311_d41,carried_from_previous_step,53531.75,computed,,,20260910T102726Z,ggfiscal.debt.chains,,B,
GBR,2012,B_s1311_d41,official_total,49824.0,official,ONS_PSF_TIMESERIES,accrued,20260910T102726Z,ggfiscal.debt.chains,,A,
GBR,2012,B_s1311_d41,residual,-3707.75,residual,,accrued,20260910T102726Z,ggfiscal.debt.chains,,B,
GBR,2012,C_s13_gf01_7,carried_from_previous_step,49824.0,computed,,,20260910T102726Z,ggfiscal.debt.chains,,B,
GBR,2012,C_s13_gf01_7,local_government_d41,395.0,official,ONS_PSF_APPENDIX_A,"accrued; Appendix A PSA6J_1 NUGW 'Interest', calendar-year block; sign +1 (S.13 = S.1311 + S.1313; UK has no state government or social security funds subsector)",20260910T102726Z,ggfiscal.debt.chains,,A,
GBR,2012,C_s13_gf01_7,official_total,50404.0,official,package_GF01_7,accrued,20260910T102726Z,ggfiscal.debt.chains,,A,
GBR,2012,C_s13_gf01_7,residual,185.0,residual,,accrued,20260910T102726Z,ggfiscal.debt.chains,,B,
GBR,2013,register,sum_bill,273.8237862771491,computed,ggfiscal.debt.register,accrued,20260910T102726Z,ggfiscal.debt.chains,,A,computed from the per-security register (debt_interest_by_security / debt_flows)
GBR,2013,register,sum_fixed_bullet,37670.687246303736,computed,ggfiscal.debt.register,accrued,20260910T102726Z,ggfiscal.debt.chains,,A,computed from the per-security register (debt_interest_by_security / debt_flows)
GBR,2013,register,sum_inflation_linked,9323.252174414705,computed,ggfiscal.debt.register,accrued,20260910T102726Z,ggfiscal.debt.chains,,A,computed from the per-security register (debt_interest_by_security / debt_flows)
GBR,2013,register,official_total,47267.76320699559,computed,,accrued,20260910T102726Z,ggfiscal.debt.chains,,B,
GBR,2013,A_cg_cash,carried_from_previous_step,47267.76320699559,computed,,,20260910T102726Z,ggfiscal.debt.chains,,B,
GBR,2013,A_cg_cash,out_of_register_national_savings,2053.25,official,HMT_NLF,accrued_nlf_finance_costs,20260910T102726Z,ggfiscal.debt.chains,,A,
GBR,2013,A_cg_cash,out_of_register_other_nlf_finance_costs,172.0,official,HMT_NLF,accrued_nlf_finance_costs,20260910T102726Z,ggfiscal.debt.chains,,A,
GBR,2013,A_cg_cash,official_total,52384.0,official,HMT_NLF,accrued_nlf_finance_costs,20260910T102726Z,ggfiscal.debt.chains,,A,
GBR,2013,A_cg_cash,residual,2890.986793004413,residual,,accrued_nlf_finance_costs,20260910T102726Z,ggfiscal.debt.chains,,B,
GBR,2013,B_s1311_d41,carried_from_previous_step,52384.0,computed,,,20260910T102726Z,ggfiscal.debt.chains,,B,
GBR,2013,B_s1311_d41,official_total,50827.0,official,ONS_PSF_TIMESERIES,accrued,20260910T102726Z,ggfiscal.debt.chains,,A,
GBR,2013,B_s1311_d41,residual,-1557.0,residual,,accrued,20260910T102726Z,ggfiscal.debt.chains,,B,
GBR,2013,C_s13_gf01_7,carried_from_previous_step,50827.0,computed,,,20260910T102726Z,ggfiscal.debt.chains,,B,
GBR,2013,C_s13_gf01_7,local_government_d41,389.0,official,ONS_PSF_APPENDIX_A,"accrued; Appendix A PSA6J_1 NUGW 'Interest', calendar-year block; sign +1 (S.13 = S.1311 + S.1313; UK has no state government or social security funds subsector)",20260910T102726Z,ggfiscal.debt.chains,,A,
GBR,2013,C_s13_gf01_7,official_total,51305.0,official,package_GF01_7,accrued,20260910T102726Z,ggfiscal.debt.chains,,A,
GBR,2013,C_s13_gf01_7,residual,89.0,residual,,accrued,20260910T102726Z,ggfiscal.debt.chains,,B,
GBR,2014,register,sum_bill,400.57066617052305,computed,ggfiscal.debt.register,accrued,20260910T102726Z,ggfiscal.debt.chains,,A,computed from the per-security register (debt_interest_by_security / debt_flows)
GBR,2014,register,sum_fixed_bullet,38758.316727695536,computed,ggfiscal.debt.register,accrued,20260910T102726Z,ggfiscal.debt.chains,,A,computed from the per-security register (debt_interest_by_security / debt_flows)
GBR,2014,register,sum_inflation_linked,8736.309459639626,computed,ggfiscal.debt.register,accrued,20260910T102726Z,ggfiscal.debt.chains,,A,computed from the per-security register (debt_interest_by_security / debt_flows)
GBR,2014,register,official_total,47895.19685350569,computed,,accrued,20260910T102726Z,ggfiscal.debt.chains,,B,
GBR,2014,A_cg_cash,carried_from_previous_step,47895.19685350569,computed,,,20260910T102726Z,ggfiscal.debt.chains,,B,
GBR,2014,A_cg_cash,out_of_register_national_savings,1734.0,official,HMT_NLF,accrued_nlf_finance_costs,20260910T102726Z,ggfiscal.debt.chains,,A,
GBR,2014,A_cg_cash,out_of_register_other_nlf_finance_costs,168.0,official,HMT_NLF,accrued_nlf_finance_costs,20260910T102726Z,ggfiscal.debt.chains,,A,
GBR,2014,A_cg_cash,official_total,49264.25,official,HMT_NLF,accrued_nlf_finance_costs,20260910T102726Z,ggfiscal.debt.chains,,A,
GBR,2014,A_cg_cash,residual,-532.9468535056876,residual,,accrued_nlf_finance_costs,20260910T102726Z,ggfiscal.debt.chains,,B,
GBR,2014,B_s1311_d41,carried_from_previous_step,49264.25,computed,,,20260910T102726Z,ggfiscal.debt.chains,,B,
GBR,2014,B_s1311_d41,official_total,49760.0,official,ONS_PSF_TIMESERIES,accrued,20260910T102726Z,ggfiscal.debt.chains,,A,
GBR,2014,B_s1311_d41,residual,495.75,residual,,accrued,20260910T102726Z,ggfiscal.debt.chains,,B,
GBR,2014,C_s13_gf01_7,carried_from_previous_step,49760.0,computed,,,20260910T102726Z,ggfiscal.debt.chains,,B,
GBR,2014,C_s13_gf01_7,local_government_d41,513.0,official,ONS_PSF_APPENDIX_A,"accrued; Appendix A PSA6J_1 NUGW 'Interest', calendar-year block; sign +1 (S.13 = S.1311 + S.1313; UK has no state government or social security funds subsector)",20260910T102726Z,ggfiscal.debt.chains,,A,
GBR,2014,C_s13_gf01_7,official_total,50379.0,official,package_GF01_7,accrued,20260910T102726Z,ggfiscal.debt.chains,,A,
GBR,2014,C_s13_gf01_7,residual,106.0,residual,,accrued,20260910T102726Z,ggfiscal.debt.chains,,B,
GBR,2015,register,sum_bill,659.1949682482655,computed,ggfiscal.debt.register,accrued,20260910T102726Z,ggfiscal.debt.chains,,A,computed from the per-security register (debt_interest_by_security / debt_flows)
GBR,2015,register,sum_fixed_bullet,38690.68149527522,computed,ggfiscal.debt.register,accrued,20260910T102726Z,ggfiscal.debt.chains,,A,computed from the per-security register (debt_interest_by_security / debt_flows)
GBR,2015,register,sum_inflation_linked,3893.8213887705756,computed,ggfiscal.debt.register,accrued,20260910T102726Z,ggfiscal.debt.chains,,A,computed from the per-security register (debt_interest_by_security / debt_flows)
GBR,2015,register,official_total,43243.69785229406,computed,,accrued,20260910T102726Z,ggfiscal.debt.chains,,B,
GBR,2015,A_cg_cash,carried_from_previous_step,43243.69785229406,computed,,,20260910T102726Z,ggfiscal.debt.chains,,B,
GBR,2015,A_cg_cash,out_of_register_national_savings,1962.75,official,HMT_NLF,accrued_nlf_finance_costs,20260910T102726Z,ggfiscal.debt.chains,,A,
GBR,2015,A_cg_cash,out_of_register_other_nlf_finance_costs,168.75,official,HMT_NLF,accrued_nlf_finance_costs,20260910T102726Z,ggfiscal.debt.chains,,A,
GBR,2015,A_cg_cash,official_total,48289.5,official,HMT_NLF,accrued_nlf_finance_costs,20260910T102726Z,ggfiscal.debt.chains,,A,
GBR,2015,A_cg_cash,residual,2914.3021477059374,residual,,accrued_nlf_finance_costs,20260910T102726Z,ggfiscal.debt.chains,,B,
GBR,2015,B_s1311_d41,carried_from_previous_step,48289.5,computed,,,20260910T102726Z,ggfiscal.debt.chains,,B,
GBR,2015,B_s1311_d41,official_total,44529.0,official,ONS_PSF_TIMESERIES,accrued,20260910T102726Z,ggfiscal.debt.chains,,A,
GBR,2015,B_s1311_d41,residual,-3760.5,residual,,accrued,20260910T102726Z,ggfiscal.debt.chains,,B,
GBR,2015,C_s13_gf01_7,carried_from_previous_step,44529.0,computed,,,20260910T102726Z,ggfiscal.debt.chains,,B,
GBR,2015,C_s13_gf01_7,local_government_d41,574.0,official,ONS_PSF_APPENDIX_A,"accrued; Appendix A PSA6J_1 NUGW 'Interest', calendar-year block; sign +1 (S.13 = S.1311 + S.1313; UK has no state government or social security funds subsector)",20260910T102726Z,ggfiscal.debt.chains,,A,
GBR,2015,C_s13_gf01_7,official_total,45225.0,official,package_GF01_7,accrued,20260910T102726Z,ggfiscal.debt.chains,,A,
GBR,2015,C_s13_gf01_7,residual,122.0,residual,,accrued,20260910T102726Z,ggfiscal.debt.chains,,B,
GBR,2016,register,sum_bill,681.5948048861547,computed,ggfiscal.debt.register,accrued,20260910T102726Z,ggfiscal.debt.chains,,A,computed from the per-security register (debt_interest_by_security / debt_flows)
GBR,2016,register,sum_fixed_bullet,37670.202812885684,computed,ggfiscal.debt.register,accrued,20260910T102726Z,ggfiscal.debt.chains,,A,computed from the per-security register (debt_interest_by_security / debt_flows)
GBR,2016,register,sum_inflation_linked,8082.056336979824,computed,ggfiscal.debt.register,accrued,20260910T102726Z,ggfiscal.debt.chains,,A,computed from the per-security register (debt_interest_by_security / debt_flows)
GBR,2016,register,official_total,46433.85395475166,computed,,accrued,20260910T102726Z,ggfiscal.debt.chains,,B,
GBR,2016,A_cg_cash,carried_from_previous_step,46433.85395475166,computed,,,20260910T102726Z,ggfiscal.debt.chains,,B,
GBR,2016,A_cg_cash,out_of_register_national_savings,2267.5,official,HMT_NLF,accrued_nlf_finance_costs,20260910T102726Z,ggfiscal.debt.chains,,A,
GBR,2016,A_cg_cash,out_of_register_other_nlf_finance_costs,140.5,official,HMT_NLF,accrued_nlf_finance_costs,20260910T102726Z,ggfiscal.debt.chains,,A,
GBR,2016,A_cg_cash,official_total,50709.25,official,HMT_NLF,accrued_nlf_finance_costs,20260910T102726Z,ggfiscal.debt.chains,,A,
GBR,2016,A_cg_cash,residual,1867.396045248337,residual,,accrued_nlf_finance_costs,20260910T102726Z,ggfiscal.debt.chains,,B,
GBR,2016,B_s1311_d41,carried_from_previous_step,50709.25,computed,,,20260910T102726Z,ggfiscal.debt.chains,,B,
GBR,2016,B_s1311_d41,official_total,48612.0,official,ONS_PSF_TIMESERIES,accrued,20260910T102726Z,ggfiscal.debt.chains,,A,
GBR,2016,B_s1311_d41,residual,-2097.25,residual,,accrued,20260910T102726Z,ggfiscal.debt.chains,,B,
GBR,2016,C_s13_gf01_7,carried_from_previous_step,48612.0,computed,,,20260910T102726Z,ggfiscal.debt.chains,,B,
GBR,2016,C_s13_gf01_7,local_government_d41,688.0,official,ONS_PSF_APPENDIX_A,"accrued; Appendix A PSA6J_1 NUGW 'Interest', calendar-year block; sign +1 (S.13 = S.1311 + S.1313; UK has no state government or social security funds subsector)",20260910T102726Z,ggfiscal.debt.chains,,A,
GBR,2016,C_s13_gf01_7,official_total,49623.0,official,package_GF01_7,accrued,20260910T102726Z,ggfiscal.debt.chains,,A,
GBR,2016,C_s13_gf01_7,residual,323.0,residual,,accrued,20260910T102726Z,ggfiscal.debt.chains,,B,
GBR,2017,register,sum_bill,228.13184930836684,computed,ggfiscal.debt.register,accrued,20260910T102726Z,ggfiscal.debt.chains,,A,computed from the per-security register (debt_interest_by_security / debt_flows)
GBR,2017,register,sum_fixed_bullet,37432.51785669403,computed,ggfiscal.debt.register,accrued,20260910T102726Z,ggfiscal.debt.chains,,A,computed from the per-security register (debt_interest_by_security / debt_flows)
GBR,2017,register,sum_inflation_linked,15452.039647759646,computed,ggfiscal.debt.register,accrued,20260910T102726Z,ggfiscal.debt.chains,,A,computed from the per-security register (debt_interest_by_security / debt_flows)
GBR,2017,register,official_total,53112.68935376204,computed,,accrued,20260910T102726Z,ggfiscal.debt.chains,,B,
GBR,2017,A_cg_cash,carried_from_previous_step,53112.68935376204,computed,,,20260910T102726Z,ggfiscal.debt.chains,,B,
GBR,2017,A_cg_cash,out_of_register_national_savings,2448.75,official,HMT_NLF,accrued_nlf_finance_costs,20260910T102726Z,ggfiscal.debt.chains,,A,
GBR,2017,A_cg_cash,out_of_register_other_nlf_finance_costs,131.75,official,HMT_NLF,accrued_nlf_finance_costs,20260910T102726Z,ggfiscal.debt.chains,,A,
GBR,2017,A_cg_cash,official_total,55488.0,official,HMT_NLF,accrued_nlf_finance_costs,20260910T102726Z,ggfiscal.debt.chains,,A,
GBR,2017,A_cg_cash,residual,-205.18935376204172,residual,,accrued_nlf_finance_costs,20260910T102726Z,ggfiscal.debt.chains,,B,
GBR,2017,B_s1311_d41,carried_from_previous_step,55488.0,computed,,,20260910T102726Z,ggfiscal.debt.chains,,B,
GBR,2017,B_s1311_d41,official_total,55835.0,official,ONS_PSF_TIMESERIES,accrued,20260910T102726Z,ggfiscal.debt.chains,,A,
GBR,2017,B_s1311_d41,residual,347.0,residual,,accrued,20260910T102726Z,ggfiscal.debt.chains,,B,
GBR,2017,C_s13_gf01_7,carried_from_previous_step,55835.0,computed,,,20260910T102726Z,ggfiscal.debt.chains,,B,
GBR,2017,C_s13_gf01_7,local_government_d41,713.0,official,ONS_PSF_APPENDIX_A,"accrued; Appendix A PSA6J_1 NUGW 'Interest', calendar-year block; sign +1 (S.13 = S.1311 + S.1313; UK has no state government or social security funds subsector)",20260910T102726Z,ggfiscal.debt.chains,,A,
GBR,2017,C_s13_gf01_7,official_total,56693.0,official,package_GF01_7,accrued,20260910T102726Z,ggfiscal.debt.chains,,A,
GBR,2017,C_s13_gf01_7,residual,145.0,residual,,accrued,20260910T102726Z,ggfiscal.debt.chains,,B,
GBR,2018,register,sum_bill,701.3876467489105,computed,ggfiscal.debt.register,accrued,20260910T102726Z,ggfiscal.debt.chains,,A,computed from the per-security register (debt_interest_by_security / debt_flows)
GBR,2018,register,sum_fixed_bullet,36455.118838369504,computed,ggfiscal.debt.register,accrued,20260910T102726Z,ggfiscal.debt.chains,,A,computed from the per-security register (debt_interest_by_security / debt_flows)
GBR,2018,register,sum_inflation_linked,13088.366039546063,computed,ggfiscal.debt.register,accrued,20260910T102726Z,ggfiscal.debt.chains,,A,computed from the per-security register (debt_interest_by_security / debt_flows)
GBR,2018,register,official_total,50244.872524664475,computed,,accrued,20260910T102726Z,ggfiscal.debt.chains,,B,
GBR,2018,A_cg_cash,carried_from_previous_step,50244.872524664475,computed,,,20260910T102726Z,ggfiscal.debt.chains,,B,
GBR,2018,A_cg_cash,out_of_register_national_savings,2457.75,official,HMT_NLF,accrued_nlf_finance_costs,20260910T102726Z,ggfiscal.debt.chains,,A,
GBR,2018,A_cg_cash,out_of_register_other_nlf_finance_costs,246.0,official,HMT_NLF,accrued_nlf_finance_costs,20260910T102726Z,ggfiscal.debt.chains,,A,
GBR,2018,A_cg_cash,official_total,52492.0,official,HMT_NLF,accrued_nlf_finance_costs,20260910T102726Z,ggfiscal.debt.chains,,A,
GBR,2018,A_cg_cash,residual,-456.62252466447535,residual,,accrued_nlf_finance_costs,20260910T102726Z,ggfiscal.debt.chains,,B,
GBR,2018,B_s1311_d41,carried_from_previous_step,52492.0,computed,,,20260910T102726Z,ggfiscal.debt.chains,,B,
GBR,2018,B_s1311_d41,official_total,53208.0,official,ONS_PSF_TIMESERIES,accrued,20260910T102726Z,ggfiscal.debt.chains,,A,
GBR,2018,B_s1311_d41,residual,716.0,residual,,accrued,20260910T102726Z,ggfiscal.debt.chains,,B,
GBR,2018,C_s13_gf01_7,carried_from_previous_step,53208.0,computed,,,20260910T102726Z,ggfiscal.debt.chains,,B,
GBR,2018,C_s13_gf01_7,local_government_d41,559.0,official,ONS_PSF_APPENDIX_A,"accrued; Appendix A PSA6J_1 NUGW 'Interest', calendar-year block; sign +1 (S.13 = S.1311 + S.1313; UK has no state government or social security funds subsector)",20260910T102726Z,ggfiscal.debt.chains,,A,
GBR,2018,C_s13_gf01_7,official_total,53891.0,official,package_GF01_7,accrued,20260910T102726Z,ggfiscal.debt.chains,,A,
GBR,2018,C_s13_gf01_7,residual,124.0,residual,,accrued,20260910T102726Z,ggfiscal.debt.chains,,B,
GBR,2019,register,sum_bill,1208.4590032404967,computed,ggfiscal.debt.register,accrued,20260910T102726Z,ggfiscal.debt.chains,,A,computed from the per-security register (debt_interest_by_security / debt_flows)
GBR,2019,register,sum_fixed_bullet,35642.33170879517,computed,ggfiscal.debt.register,accrued,20260910T102726Z,ggfiscal.debt.chains,,A,computed from the per-security register (debt_interest_by_security / debt_flows)
GBR,2019,register,sum_inflation_linked,10108.779294773172,computed,ggfiscal.debt.register,accrued,20260910T102726Z,ggfiscal.debt.chains,,A,computed from the per-security register (debt_interest_by_security / debt_flows)
GBR,2019,register,official_total,46959.57000680884,computed,,accrued,20260910T102726Z,ggfiscal.debt.chains,,B,
GBR,2019,A_cg_cash,carried_from_previous_step,46959.57000680884,computed,,,20260910T102726Z,ggfiscal.debt.chains,,B,
GBR,2019,A_cg_cash,out_of_register_national_savings,2537.25,official,HMT_NLF,accrued_nlf_finance_costs,20260910T102726Z,ggfiscal.debt.chains,,A,
GBR,2019,A_cg_cash,out_of_register_other_nlf_finance_costs,369.5,official,HMT_NLF,accrued_nlf_finance_costs,20260910T102726Z,ggfiscal.debt.chains,,A,
GBR,2019,A_cg_cash,official_total,50690.75,official,HMT_NLF,accrued_nlf_finance_costs,20260910T102726Z,ggfiscal.debt.chains,,A,
GBR,2019,A_cg_cash,residual,824.4299931911592,residual,,accrued_nlf_finance_costs,20260910T102726Z,ggfiscal.debt.chains,,B,
GBR,2019,B_s1311_d41,carried_from_previous_step,50690.75,computed,,,20260910T102726Z,ggfiscal.debt.chains,,B,
GBR,2019,B_s1311_d41,official_total,48572.0,official,ONS_PSF_TIMESERIES,accrued,20260910T102726Z,ggfiscal.debt.chains,,A,
GBR,2019,B_s1311_d41,residual,-2118.75,residual,,accrued,20260910T102726Z,ggfiscal.debt.chains,,B,
GBR,2019,C_s13_gf01_7,carried_from_previous_step,48572.0,computed,,,20260910T102726Z,ggfiscal.debt.chains,,B,
GBR,2019,C_s13_gf01_7,local_government_d41,751.0,official,ONS_PSF_APPENDIX_A,"accrued; Appendix A PSA6J_1 NUGW 'Interest', calendar-year block; sign +1 (S.13 = S.1311 + S.1313; UK has no state government or social security funds subsector)",20260910T102726Z,ggfiscal.debt.chains,,A,
GBR,2019,C_s13_gf01_7,official_total,49450.0,official,package_GF01_7,accrued,20260910T102726Z,ggfiscal.debt.chains,,A,
GBR,2019,C_s13_gf01_7,residual,127.0,residual,,accrued,20260910T102726Z,ggfiscal.debt.chains,,B,
GBR,2020,register,sum_bill,573.7487966808774,computed,ggfiscal.debt.register,accrued,20260910T102726Z,ggfiscal.debt.chains,,A,computed from the per-security register (debt_interest_by_security / debt_flows)
GBR,2020,register,sum_fixed_bullet,33997.012678414954,computed,ggfiscal.debt.register,accrued,20260910T102726Z,ggfiscal.debt.chains,,A,computed from the per-security register (debt_interest_by_security / debt_flows)
GBR,2020,register,sum_inflation_linked,5261.37231348115,computed,ggfiscal.debt.register,accrued,20260910T102726Z,ggfiscal.debt.chains,,A,computed from the per-security register (debt_interest_by_security / debt_flows)
GBR,2020,register,official_total,39832.13378857698,computed,,accrued,20260910T102726Z,ggfiscal.debt.chains,,B,
GBR,2020,A_cg_cash,carried_from_previous_step,39832.13378857698,computed,,,20260910T102726Z,ggfiscal.debt.chains,,B,
GBR,2020,A_cg_cash,out_of_register_national_savings,2319.5,official,HMT_NLF,accrued_nlf_finance_costs,20260910T102726Z,ggfiscal.debt.chains,,A,
GBR,2020,A_cg_cash,out_of_register_other_nlf_finance_costs,131.75,official,HMT_NLF,accrued_nlf_finance_costs,20260910T102726Z,ggfiscal.debt.chains,,A,
GBR,2020,A_cg_cash,official_total,43883.75,official,HMT_NLF,accrued_nlf_finance_costs,20260910T102726Z,ggfiscal.debt.chains,,A,
GBR,2020,A_cg_cash,residual,1600.3662114230174,residual,,accrued_nlf_finance_costs,20260910T102726Z,ggfiscal.debt.chains,,B,
GBR,2020,B_s1311_d41,carried_from_previous_step,43883.75,computed,,,20260910T102726Z,ggfiscal.debt.chains,,B,
GBR,2020,B_s1311_d41,official_total,41836.0,official,ONS_PSF_TIMESERIES,accrued,20260910T102726Z,ggfiscal.debt.chains,,A,
GBR,2020,B_s1311_d41,residual,-2047.75,residual,,accrued,20260910T102726Z,ggfiscal.debt.chains,,B,
GBR,2020,C_s13_gf01_7,carried_from_previous_step,41836.0,computed,,,20260910T102726Z,ggfiscal.debt.chains,,B,
GBR,2020,C_s13_gf01_7,local_government_d41,644.0,official,ONS_PSF_APPENDIX_A,"accrued; Appendix A PSA6J_1 NUGW 'Interest', calendar-year block; sign +1 (S.13 = S.1311 + S.1313; UK has no state government or social security funds subsector)",20260910T102726Z,ggfiscal.debt.chains,,A,
GBR,2020,C_s13_gf01_7,official_total,42622.0,official,package_GF01_7,accrued,20260910T102726Z,ggfiscal.debt.chains,,A,
GBR,2020,C_s13_gf01_7,residual,142.0,residual,,accrued,20260910T102726Z,ggfiscal.debt.chains,,B,
GBR,2021,register,sum_bill,15.45582231857394,computed,ggfiscal.debt.register,accrued,20260910T102726Z,ggfiscal.debt.chains,,A,computed from the per-security register (debt_interest_by_security / debt_flows)
GBR,2021,register,sum_fixed_bullet,32796.38436528575,computed,ggfiscal.debt.register,accrued,20260910T102726Z,ggfiscal.debt.chains,,A,computed from the per-security register (debt_interest_by_security / debt_flows)
GBR,2021,register,sum_inflation_linked,20523.727166135046,computed,ggfiscal.debt.register,accrued,20260910T102726Z,ggfiscal.debt.chains,,A,computed from the per-security register (debt_interest_by_security / debt_flows)
GBR,2021,register,official_total,53335.56735373937,computed,,accrued,20260910T102726Z,ggfiscal.debt.chains,,B,
GBR,2021,A_cg_cash,carried_from_previous_step,53335.56735373937,computed,,,20260910T102726Z,ggfiscal.debt.chains,,B,
GBR,2021,A_cg_cash,out_of_register_national_savings,2458.25,official,HMT_NLF,accrued_nlf_finance_costs,20260910T102726Z,ggfiscal.debt.chains,,A,
GBR,2021,A_cg_cash,out_of_register_other_nlf_finance_costs,73.0,official,HMT_NLF,accrued_nlf_finance_costs,20260910T102726Z,ggfiscal.debt.chains,,A,
GBR,2021,A_cg_cash,official_total,62171.25,official,HMT_NLF,accrued_nlf_finance_costs,20260910T102726Z,ggfiscal.debt.chains,,A,
GBR,2021,A_cg_cash,residual,6304.432646260633,residual,,accrued_nlf_finance_costs,20260910T102726Z,ggfiscal.debt.chains,,B,
GBR,2021,B_s1311_d41,carried_from_previous_step,62171.25,computed,,,20260910T102726Z,ggfiscal.debt.chains,,B,
GBR,2021,B_s1311_d41,official_total,62175.0,official,ONS_PSF_TIMESERIES,accrued,20260910T102726Z,ggfiscal.debt.chains,,A,
GBR,2021,B_s1311_d41,residual,3.75,residual,,accrued,20260910T102726Z,ggfiscal.debt.chains,,B,
GBR,2021,C_s13_gf01_7,carried_from_previous_step,62175.0,computed,,,20260910T102726Z,ggfiscal.debt.chains,,B,
GBR,2021,C_s13_gf01_7,local_government_d41,765.0,official,ONS_PSF_APPENDIX_A,"accrued; Appendix A PSA6J_1 NUGW 'Interest', calendar-year block; sign +1 (S.13 = S.1311 + S.1313; UK has no state government or social security funds subsector)",20260910T102726Z,ggfiscal.debt.chains,,A,
GBR,2021,C_s13_gf01_7,official_total,63115.0,official,package_GF01_7,accrued,20260910T102726Z,ggfiscal.debt.chains,,A,
GBR,2021,C_s13_gf01_7,residual,175.0,residual,,accrued,20260910T102726Z,ggfiscal.debt.chains,,B,
GBR,2022,register,sum_bill,1206.0536065525728,computed,ggfiscal.debt.register,accrued,20260910T102726Z,ggfiscal.debt.chains,,A,computed from the per-security register (debt_interest_by_security / debt_flows)
GBR,2022,register,sum_fixed_bullet,32374.474162217793,computed,ggfiscal.debt.register,accrued,20260910T102726Z,ggfiscal.debt.chains,,A,computed from the per-security register (debt_interest_by_security / debt_flows)
GBR,2022,register,sum_inflation_linked,55548.486858017364,computed,ggfiscal.debt.register,accrued,20260910T102726Z,ggfiscal.debt.chains,,A,computed from the per-security register (debt_interest_by_security / debt_flows)
GBR,2022,register,official_total,89129.01462678773,computed,,accrued,20260910T102726Z,ggfiscal.debt.chains,,B,
GBR,2022,A_cg_cash,carried_from_previous_step,89129.01462678773,computed,,,20260910T102726Z,ggfiscal.debt.chains,,B,
GBR,2022,A_cg_cash,out_of_register_national_savings,4744.5,official,HMT_NLF,accrued_nlf_finance_costs,20260910T102726Z,ggfiscal.debt.chains,,A,
GBR,2022,A_cg_cash,out_of_register_other_nlf_finance_costs,1042.25,official,HMT_NLF,accrued_nlf_finance_costs,20260910T102726Z,ggfiscal.debt.chains,,A,
GBR,2022,A_cg_cash,official_total,97719.25,official,HMT_NLF,accrued_nlf_finance_costs,20260910T102726Z,ggfiscal.debt.chains,,A,
GBR,2022,A_cg_cash,residual,2803.485373212272,residual,,accrued_nlf_finance_costs,20260910T102726Z,ggfiscal.debt.chains,,B,
GBR,2022,B_s1311_d41,carried_from_previous_step,97719.25,computed,,,20260910T102726Z,ggfiscal.debt.chains,,B,
GBR,2022,B_s1311_d41,official_total,107845.0,official,ONS_PSF_TIMESERIES,accrued,20260910T102726Z,ggfiscal.debt.chains,,A,
GBR,2022,B_s1311_d41,residual,10125.75,residual,,accrued,20260910T102726Z,ggfiscal.debt.chains,,B,
GBR,2022,C_s13_gf01_7,carried_from_previous_step,107845.0,computed,,,20260910T102726Z,ggfiscal.debt.chains,,B,
GBR,2022,C_s13_gf01_7,local_government_d41,871.0,official,ONS_PSF_APPENDIX_A,"accrued; Appendix A PSA6J_1 NUGW 'Interest', calendar-year block; sign +1 (S.13 = S.1311 + S.1313; UK has no state government or social security funds subsector)",20260910T102726Z,ggfiscal.debt.chains,,A,
GBR,2022,C_s13_gf01_7,official_total,108924.0,official,package_GF01_7,accrued,20260910T102726Z,ggfiscal.debt.chains,,A,
GBR,2022,C_s13_gf01_7,residual,208.0,residual,,accrued,20260910T102726Z,ggfiscal.debt.chains,,B,
GBR,2023,register,sum_bill,6716.745509830582,computed,ggfiscal.debt.register,accrued,20260910T102726Z,ggfiscal.debt.chains,,A,computed from the per-security register (debt_interest_by_security / debt_flows)
GBR,2023,register,sum_fixed_bullet,39003.17700822976,computed,ggfiscal.debt.register,accrued,20260910T102726Z,ggfiscal.debt.chains,,A,computed from the per-security register (debt_interest_by_security / debt_flows)
GBR,2023,register,sum_inflation_linked,36105.41974948946,computed,ggfiscal.debt.register,accrued,20260910T102726Z,ggfiscal.debt.chains,,A,computed from the per-security register (debt_interest_by_security / debt_flows)
GBR,2023,register,official_total,81825.3422675498,computed,,accrued,20260910T102726Z,ggfiscal.debt.chains,,B,
GBR,2023,A_cg_cash,carried_from_previous_step,81825.3422675498,computed,,,20260910T102726Z,ggfiscal.debt.chains,,B,
GBR,2023,A_cg_cash,out_of_register_national_savings,7891.0,official,HMT_NLF,accrued_nlf_finance_costs,20260910T102726Z,ggfiscal.debt.chains,,A,
GBR,2023,A_cg_cash,out_of_register_other_nlf_finance_costs,3530.25,official,HMT_NLF,accrued_nlf_finance_costs,20260910T102726Z,ggfiscal.debt.chains,,A,
GBR,2023,A_cg_cash,official_total,89947.5,official,HMT_NLF,accrued_nlf_finance_costs,20260910T102726Z,ggfiscal.debt.chains,,A,
GBR,2023,A_cg_cash,residual,-3299.0922675498005,residual,,accrued_nlf_finance_costs,20260910T102726Z,ggfiscal.debt.chains,,B,
GBR,2023,B_s1311_d41,carried_from_previous_step,89947.5,computed,,,20260910T102726Z,ggfiscal.debt.chains,,B,
GBR,2023,B_s1311_d41,official_total,86281.0,official,ONS_PSF_TIMESERIES,accrued,20260910T102726Z,ggfiscal.debt.chains,,A,
GBR,2023,B_s1311_d41,residual,-3666.5,residual,,accrued,20260910T102726Z,ggfiscal.debt.chains,,B,
GBR,2023,C_s13_gf01_7,carried_from_previous_step,86281.0,computed,,,20260910T102726Z,ggfiscal.debt.chains,,B,
GBR,2023,C_s13_gf01_7,local_government_d41,1024.0,official,ONS_PSF_APPENDIX_A,"accrued; Appendix A PSA6J_1 NUGW 'Interest', calendar-year block; sign +1 (S.13 = S.1311 + S.1313; UK has no state government or social security funds subsector)",20260910T102726Z,ggfiscal.debt.chains,,A,
GBR,2023,C_s13_gf01_7,official_total,87436.0,official,package_GF01_7,accrued,20260910T102726Z,ggfiscal.debt.chains,,A,
GBR,2023,C_s13_gf01_7,residual,131.0,residual,,accrued,20260910T102726Z,ggfiscal.debt.chains,,B,
GBR,2024,register,sum_bill,9755.782829452135,computed,ggfiscal.debt.register,accrued,20260910T102726Z,ggfiscal.debt.chains,,A,computed from the per-security register (debt_interest_by_security / debt_flows)
GBR,2024,register,sum_fixed_bullet,48041.921830589126,computed,ggfiscal.debt.register,accrued,20260910T102726Z,ggfiscal.debt.chains,,A,computed from the per-security register (debt_interest_by_security / debt_flows)
GBR,2024,register,sum_inflation_linked,15255.957033503535,computed,ggfiscal.debt.register,accrued,20260910T102726Z,ggfiscal.debt.chains,,A,computed from the per-security register (debt_interest_by_security / debt_flows)
GBR,2024,register,official_total,73053.6616935448,computed,,accrued,20260910T102726Z,ggfiscal.debt.chains,,B,
GBR,2024,A_cg_cash,carried_from_previous_step,73053.6616935448,computed,,,20260910T102726Z,ggfiscal.debt.chains,,B,
GBR,2024,A_cg_cash,out_of_register_national_savings,9160.5,official,HMT_NLF,accrued_nlf_finance_costs,20260910T102726Z,ggfiscal.debt.chains,,A,
GBR,2024,A_cg_cash,out_of_register_other_nlf_finance_costs,5591.75,official,HMT_NLF,accrued_nlf_finance_costs,20260910T102726Z,ggfiscal.debt.chains,,A,
GBR,2024,A_cg_cash,official_total,86253.5,official,HMT_NLF,accrued_nlf_finance_costs,20260910T102726Z,ggfiscal.debt.chains,,A,
GBR,2024,A_cg_cash,residual,-1552.4116935447964,residual,,accrued_nlf_finance_costs,20260910T102726Z,ggfiscal.debt.chains,,B,
GBR,2024,B_s1311_d41,carried_from_previous_step,86253.5,computed,,,20260910T102726Z,ggfiscal.debt.chains,,B,
GBR,2024,B_s1311_d41,official_total,81920.0,official,ONS_PSF_TIMESERIES,accrued,20260910T102726Z,ggfiscal.debt.chains,,A,
GBR,2024,B_s1311_d41,residual,-4333.5,residual,,accrued,20260910T102726Z,ggfiscal.debt.chains,,B,
GBR,2024,C_s13_gf01_7,carried_from_previous_step,81920.0,computed,,,20260910T102726Z,ggfiscal.debt.chains,,B,
GBR,2024,C_s13_gf01_7,local_government_d41,1105.0,official,ONS_PSF_APPENDIX_A,"accrued; Appendix A PSA6J_1 NUGW 'Interest', calendar-year block; sign +1 (S.13 = S.1311 + S.1313; UK has no state government or social security funds subsector)",20260910T102726Z,ggfiscal.debt.chains,,A,
GBR,2024,C_s13_gf01_7,official_total,83231.0,official,package_GF01_7,accrued,20260910T102726Z,ggfiscal.debt.chains,,A,
GBR,2024,C_s13_gf01_7,residual,206.0,residual,,accrued,20260910T102726Z,ggfiscal.debt.chains,,B,
GBR,2025,register,sum_bill,8568.64605773105,computed,ggfiscal.debt.register,accrued,20260910T102726Z,ggfiscal.debt.chains,,A,computed from the per-security register (debt_interest_by_security / debt_flows)
GBR,2025,register,sum_fixed_bullet,57641.53679794258,computed,ggfiscal.debt.register,accrued,20260910T102726Z,ggfiscal.debt.chains,,A,computed from the per-security register (debt_interest_by_security / debt_flows)
GBR,2025,register,sum_inflation_linked,24492.745913775765,computed,ggfiscal.debt.register,accrued,20260910T102726Z,ggfiscal.debt.chains,,A,computed from the per-security register (debt_interest_by_security / debt_flows)
GBR,2025,register,official_total,90702.9287694494,computed,,accrued,20260910T102726Z,ggfiscal.debt.chains,,B,
GBR,2025,A_cg_cash,carried_from_previous_step,90702.9287694494,computed,,,20260910T102726Z,ggfiscal.debt.chains,,B,
GBR,2025,A_cg_cash,official_total,,official,HMT_NLF,accrued_nlf_finance_costs,20260910T102726Z,ggfiscal.debt.chains,,A,
GBR,2025,A_cg_cash,residual,,residual,,,20260910T102726Z,ggfiscal.debt.chains,,B,
GBR,2025,B_s1311_d41,carried_from_previous_step,90702.9287694494,computed,,,20260910T102726Z,ggfiscal.debt.chains,,B,
GBR,2025,B_s1311_d41,official_total,97759.0,official,ONS_PSF_TIMESERIES,accrued,20260910T102726Z,ggfiscal.debt.chains,,A,
GBR,2025,B_s1311_d41,residual,7056.071230550602,residual,,accrued,20260910T102726Z,ggfiscal.debt.chains,,B,
GBR,2025,C_s13_gf01_7,carried_from_previous_step,97759.0,computed,,,20260910T102726Z,ggfiscal.debt.chains,,B,
GBR,2025,C_s13_gf01_7,local_government_d41,1294.0,official,ONS_PSF_APPENDIX_A,"accrued; Appendix A PSA6J_1 NUGW 'Interest', calendar-year block; sign +1 (S.13 = S.1311 + S.1313; UK has no state government or social security funds subsector)",20260910T102726Z,ggfiscal.debt.chains,,A,
GBR,2025,C_s13_gf01_7,official_total,98889.79636087423,official,package_GF01_7,accrued,20260910T102726Z,ggfiscal.debt.chains,,A,
GBR,2025,C_s13_gf01_7,residual,-163.2036391257716,residual,,accrued,20260910T102726Z,ggfiscal.debt.chains,,B,
GBR,2026,register,sum_bill,6447.085292524868,computed,ggfiscal.debt.register,accrued,20260910T102726Z,ggfiscal.debt.chains,,A,computed from the per-security register (debt_interest_by_security / debt_flows)
GBR,2026,register,sum_fixed_bullet,66705.5740103297,computed,ggfiscal.debt.register,accrued,20260910T102726Z,ggfiscal.debt.chains,,A,computed from the per-security register (debt_interest_by_security / debt_flows)
GBR,2026,register,sum_inflation_linked,18612.478944917442,computed,ggfiscal.debt.register,accrued,20260910T102726Z,ggfiscal.debt.chains,,A,computed from the per-security register (debt_interest_by_security / debt_flows)
GBR,2026,register,official_total,91765.138247772,computed,,accrued,20260910T102726Z,ggfiscal.debt.chains,,B,
GBR,2026,A_cg_cash,carried_from_previous_step,91765.138247772,computed,,,20260910T102726Z,ggfiscal.debt.chains,,B,
GBR,2026,A_cg_cash,official_total,,official,,,20260910T102726Z,ggfiscal.debt.chains,,A,
GBR,2026,A_cg_cash,residual,,residual,,,20260910T102726Z,ggfiscal.debt.chains,,B,
GBR,2026,B_s1311_d41,carried_from_previous_step,91765.138247772,computed,,,20260910T102726Z,ggfiscal.debt.chains,,B,
GBR,2026,B_s1311_d41,official_total,,official,,,20260910T102726Z,ggfiscal.debt.chains,,A,
GBR,2026,B_s1311_d41,residual,,residual,,,20260910T102726Z,ggfiscal.debt.chains,,B,
GBR,2026,C_s13_gf01_7,carried_from_previous_step,91765.138247772,computed,,,20260910T102726Z,ggfiscal.debt.chains,,B,
GBR,2026,C_s13_gf01_7,official_total,,official,,,20260910T102726Z,ggfiscal.debt.chains,,A,
GBR,2026,C_s13_gf01_7,residual,,residual,,,20260910T102726Z,ggfiscal.debt.chains,,B,
GBR,2027,register,sum_bill,198.5742827356181,computed,ggfiscal.debt.register,accrued,20260910T102726Z,ggfiscal.debt.chains,,A,computed from the per-security register (debt_interest_by_security / debt_flows)
GBR,2027,register,sum_fixed_bullet,68918.40328845105,computed,ggfiscal.debt.register,accrued,20260910T102726Z,ggfiscal.debt.chains,,A,computed from the per-security register (debt_interest_by_security / debt_flows)
GBR,2027,register,sum_inflation_linked,-234.0767986113408,computed,ggfiscal.debt.register,accrued,20260910T102726Z,ggfiscal.debt.chains,,A,computed from the per-security register (debt_interest_by_security / debt_flows)
GBR,2027,register,official_total,68882.90077257533,computed,,accrued,20260910T102726Z,ggfiscal.debt.chains,,B,
GBR,2027,A_cg_cash,carried_from_previous_step,68882.90077257533,computed,,,20260910T102726Z,ggfiscal.debt.chains,,B,
GBR,2027,A_cg_cash,official_total,,official,,,20260910T102726Z,ggfiscal.debt.chains,,A,
GBR,2027,A_cg_cash,residual,,residual,,,20260910T102726Z,ggfiscal.debt.chains,,B,
GBR,2027,B_s1311_d41,carried_from_previous_step,68882.90077257533,computed,,,20260910T102726Z,ggfiscal.debt.chains,,B,
GBR,2027,B_s1311_d41,official_total,,official,,,20260910T102726Z,ggfiscal.debt.chains,,A,
GBR,2027,B_s1311_d41,residual,,residual,,,20260910T102726Z,ggfiscal.debt.chains,,B,
GBR,2027,C_s13_gf01_7,carried_from_previous_step,68882.90077257533,computed,,,20260910T102726Z,ggfiscal.debt.chains,,B,
GBR,2027,C_s13_gf01_7,official_total,,official,,,20260910T102726Z,ggfiscal.debt.chains,,A,
GBR,2027,C_s13_gf01_7,residual,,residual,,,20260910T102726Z,ggfiscal.debt.chains,,B,
FRA,1978,register,official_total,,computed,,,20260910T102726Z,ggfiscal.debt.chains,,B,
FRA,1978,A_cg_cash,carried_from_previous_step,,computed,,,20260910T102726Z,ggfiscal.debt.chains,,B,
FRA,1978,A_cg_cash,official_total,,official,FRA_PLF_P117,cash_budgetaire,20260910T102726Z,ggfiscal.debt.chains,,A,
FRA,1978,A_cg_cash,residual,,residual,,,20260910T102726Z,ggfiscal.debt.chains,,B,
FRA,1978,B_s1311_d41,carried_from_previous_step,,computed,,,20260910T102726Z,ggfiscal.debt.chains,,B,
FRA,1978,B_s1311_d41,official_total,,official,EUROSTAT_GOV10A_MAIN_S1311,accrued,20260910T102726Z,ggfiscal.debt.chains,,A,
FRA,1978,B_s1311_d41,residual,,residual,,,20260910T102726Z,ggfiscal.debt.chains,,B,
FRA,1978,C_s13_gf01_7,carried_from_previous_step,,computed,,,20260910T102726Z,ggfiscal.debt.chains,,B,
FRA,1978,C_s13_gf01_7,official_total,3763.370224807419,official,package_GF01_7,accrued,20260910T102726Z,ggfiscal.debt.chains,,A,
FRA,1978,C_s13_gf01_7,residual,,residual,,accrued,20260910T102726Z,ggfiscal.debt.chains,,B,
FRA,1979,register,official_total,,computed,,,20260910T102726Z,ggfiscal.debt.chains,,B,
FRA,1979,A_cg_cash,carried_from_previous_step,,computed,,,20260910T102726Z,ggfiscal.debt.chains,,B,
FRA,1979,A_cg_cash,official_total,,official,FRA_PLF_P117,cash_budgetaire,20260910T102726Z,ggfiscal.debt.chains,,A,
FRA,1979,A_cg_cash,residual,,residual,,,20260910T102726Z,ggfiscal.debt.chains,,B,
FRA,1979,B_s1311_d41,carried_from_previous_step,,computed,,,20260910T102726Z,ggfiscal.debt.chains,,B,
FRA,1979,B_s1311_d41,official_total,,official,EUROSTAT_GOV10A_MAIN_S1311,accrued,20260910T102726Z,ggfiscal.debt.chains,,A,
FRA,1979,B_s1311_d41,residual,,residual,,,20260910T102726Z,ggfiscal.debt.chains,,B,
FRA,1979,C_s13_gf01_7,carried_from_previous_step,,computed,,,20260910T102726Z,ggfiscal.debt.chains,,B,
FRA,1979,C_s13_gf01_7,official_total,4721.737510301886,official,package_GF01_7,accrued,20260910T102726Z,ggfiscal.debt.chains,,A,
FRA,1979,C_s13_gf01_7,residual,,residual,,accrued,20260910T102726Z,ggfiscal.debt.chains,,B,
FRA,1980,register,official_total,,computed,,,20260910T102726Z,ggfiscal.debt.chains,,B,
FRA,1980,A_cg_cash,carried_from_previous_step,,computed,,,20260910T102726Z,ggfiscal.debt.chains,,B,
FRA,1980,A_cg_cash,official_total,,official,FRA_PLF_P117,cash_budgetaire,20260910T102726Z,ggfiscal.debt.chains,,A,
FRA,1980,A_cg_cash,residual,,residual,,,20260910T102726Z,ggfiscal.debt.chains,,B,
FRA,1980,B_s1311_d41,carried_from_previous_step,,computed,,,20260910T102726Z,ggfiscal.debt.chains,,B,
FRA,1980,B_s1311_d41,official_total,,official,EUROSTAT_GOV10A_MAIN_S1311,accrued,20260910T102726Z,ggfiscal.debt.chains,,A,
FRA,1980,B_s1311_d41,residual,,residual,,,20260910T102726Z,ggfiscal.debt.chains,,B,
FRA,1980,C_s13_gf01_7,carried_from_previous_step,,computed,,,20260910T102726Z,ggfiscal.debt.chains,,B,
FRA,1980,C_s13_gf01_7,official_total,5762.758742907775,official,package_GF01_7,accrued,20260910T102726Z,ggfiscal.debt.chains,,A,
FRA,1980,C_s13_gf01_7,residual,,residual,,accrued,20260910T102726Z,ggfiscal.debt.chains,,B,
FRA,1981,register,official_total,,computed,,,20260910T102726Z,ggfiscal.debt.chains,,B,
FRA,1981,A_cg_cash,carried_from_previous_step,,computed,,,20260910T102726Z,ggfiscal.debt.chains,,B,
FRA,1981,A_cg_cash,official_total,,official,FRA_PLF_P117,cash_budgetaire,20260910T102726Z,ggfiscal.debt.chains,,A,
FRA,1981,A_cg_cash,residual,,residual,,,20260910T102726Z,ggfiscal.debt.chains,,B,
FRA,1981,B_s1311_d41,carried_from_previous_step,,computed,,,20260910T102726Z,ggfiscal.debt.chains,,B,
FRA,1981,B_s1311_d41,official_total,,official,EUROSTAT_GOV10A_MAIN_S1311,accrued,20260910T102726Z,ggfiscal.debt.chains,,A,
FRA,1981,B_s1311_d41,residual,,residual,,,20260910T102726Z,ggfiscal.debt.chains,,B,
FRA,1981,C_s13_gf01_7,carried_from_previous_step,,computed,,,20260910T102726Z,ggfiscal.debt.chains,,B,
FRA,1981,C_s13_gf01_7,official_total,9069.96287985975,official,package_GF01_7,accrued,20260910T102726Z,ggfiscal.debt.chains,,A,
FRA,1981,C_s13_gf01_7,residual,,residual,,accrued,20260910T102726Z,ggfiscal.debt.chains,,B,
FRA,1982,register,official_total,,computed,,,20260910T102726Z,ggfiscal.debt.chains,,B,
FRA,1982,A_cg_cash,carried_from_previous_step,,computed,,,20260910T102726Z,ggfiscal.debt.chains,,B,
FRA,1982,A_cg_cash,official_total,,official,FRA_PLF_P117,cash_budgetaire,20260910T102726Z,ggfiscal.debt.chains,,A,
FRA,1982,A_cg_cash,residual,,residual,,,20260910T102726Z,ggfiscal.debt.chains,,B,
FRA,1982,B_s1311_d41,carried_from_previous_step,,computed,,,20260910T102726Z,ggfiscal.debt.chains,,B,
FRA,1982,B_s1311_d41,official_total,,official,EUROSTAT_GOV10A_MAIN_S1311,accrued,20260910T102726Z,ggfiscal.debt.chains,,A,
FRA,1982,B_s1311_d41,residual,,residual,,,20260910T102726Z,ggfiscal.debt.chains,,B,
FRA,1982,C_s13_gf01_7,carried_from_previous_step,,computed,,,20260910T102726Z,ggfiscal.debt.chains,,B,
FRA,1982,C_s13_gf01_7,official_total,10727.226832068522,official,package_GF01_7,accrued,20260910T102726Z,ggfiscal.debt.chains,,A,
FRA,1982,C_s13_gf01_7,residual,,residual,,accrued,20260910T102726Z,ggfiscal.debt.chains,,B,
FRA,1983,register,official_total,,computed,,,20260910T102726Z,ggfiscal.debt.chains,,B,
FRA,1983,A_cg_cash,carried_from_previous_step,,computed,,,20260910T102726Z,ggfiscal.debt.chains,,B,
FRA,1983,A_cg_cash,official_total,,official,FRA_PLF_P117,cash_budgetaire,20260910T102726Z,ggfiscal.debt.chains,,A,
FRA,1983,A_cg_cash,residual,,residual,,,20260910T102726Z,ggfiscal.debt.chains,,B,
FRA,1983,B_s1311_d41,carried_from_previous_step,,computed,,,20260910T102726Z,ggfiscal.debt.chains,,B,
FRA,1983,B_s1311_d41,official_total,,official,EUROSTAT_GOV10A_MAIN_S1311,accrued,20260910T102726Z,ggfiscal.debt.chains,,A,
FRA,1983,B_s1311_d41,residual,,residual,,,20260910T102726Z,ggfiscal.debt.chains,,B,
FRA,1983,C_s13_gf01_7,carried_from_previous_step,,computed,,,20260910T102726Z,ggfiscal.debt.chains,,B,
FRA,1983,C_s13_gf01_7,official_total,15018.954566891996,official,package_GF01_7,accrued,20260910T102726Z,ggfiscal.debt.chains,,A,
FRA,1983,C_s13_gf01_7,residual,,residual,,accrued,20260910T102726Z,ggfiscal.debt.chains,,B,
FRA,1984,register,official_total,,computed,,,20260910T102726Z,ggfiscal.debt.chains,,B,
FRA,1984,A_cg_cash,carried_from_previous_step,,computed,,,20260910T102726Z,ggfiscal.debt.chains,,B,
FRA,1984,A_cg_cash,official_total,,official,FRA_PLF_P117,cash_budgetaire,20260910T102726Z,ggfiscal.debt.chains,,A,
FRA,1984,A_cg_cash,residual,,residual,,,20260910T102726Z,ggfiscal.debt.chains,,B,
FRA,1984,B_s1311_d41,carried_from_previous_step,,computed,,,20260910T102726Z,ggfiscal.debt.chains,,B,
FRA,1984,B_s1311_d41,official_total,,official,EUROSTAT_GOV10A_MAIN_S1311,accrued,20260910T102726Z,ggfiscal.debt.chains,,A,
FRA,1984,B_s1311_d41,residual,,residual,,,20260910T102726Z,ggfiscal.debt.chains,,B,
FRA,1984,C_s13_gf01_7,carried_from_previous_step,,computed,,,20260910T102726Z,ggfiscal.debt.chains,,B,
FRA,1984,C_s13_gf01_7,official_total,17247.472381415155,official,package_GF01_7,accrued,20260910T102726Z,ggfiscal.debt.chains,,A,
FRA,1984,C_s13_gf01_7,residual,,residual,,accrued,20260910T102726Z,ggfiscal.debt.chains,,B,
FRA,1985,register,official_total,,computed,,,20260910T102726Z,ggfiscal.debt.chains,,B,
FRA,1985,A_cg_cash,carried_from_previous_step,,computed,,,20260910T102726Z,ggfiscal.debt.chains,,B,
FRA,1985,A_cg_cash,official_total,,official,FRA_PLF_P117,cash_budgetaire,20260910T102726Z,ggfiscal.debt.chains,,A,
FRA,1985,A_cg_cash,residual,,residual,,,20260910T102726Z,ggfiscal.debt.chains,,B,
FRA,1985,B_s1311_d41,carried_from_previous_step,,computed,,,20260910T102726Z,ggfiscal.debt.chains,,B,
FRA,1985,B_s1311_d41,official_total,,official,EUROSTAT_GOV10A_MAIN_S1311,accrued,20260910T102726Z,ggfiscal.debt.chains,,A,
FRA,1985,B_s1311_d41,residual,,residual,,,20260910T102726Z,ggfiscal.debt.chains,,B,
FRA,1985,C_s13_gf01_7,carried_from_previous_step,,computed,,,20260910T102726Z,ggfiscal.debt.chains,,B,
FRA,1985,C_s13_gf01_7,official_total,20029.45776583632,official,package_GF01_7,accrued,20260910T102726Z,ggfiscal.debt.chains,,A,
FRA,1985,C_s13_gf01_7,residual,,residual,,accrued,20260910T102726Z,ggfiscal.debt.chains,,B,
FRA,1986,register,official_total,,computed,,,20260910T102726Z,ggfiscal.debt.chains,,B,
FRA,1986,A_cg_cash,carried_from_previous_step,,computed,,,20260910T102726Z,ggfiscal.debt.chains,,B,
FRA,1986,A_cg_cash,official_total,,official,FRA_PLF_P117,cash_budgetaire,20260910T102726Z,ggfiscal.debt.chains,,A,
FRA,1986,A_cg_cash,residual,,residual,,,20260910T102726Z,ggfiscal.debt.chains,,B,
FRA,1986,B_s1311_d41,carried_from_previous_step,,computed,,,20260910T102726Z,ggfiscal.debt.chains,,B,
FRA,1986,B_s1311_d41,official_total,,official,EUROSTAT_GOV10A_MAIN_S1311,accrued,20260910T102726Z,ggfiscal.debt.chains,,A,
FRA,1986,B_s1311_d41,residual,,residual,,,20260910T102726Z,ggfiscal.debt.chains,,B,
FRA,1986,C_s13_gf01_7,carried_from_previous_step,,computed,,,20260910T102726Z,ggfiscal.debt.chains,,B,
FRA,1986,C_s13_gf01_7,official_total,21773.560675136843,official,package_GF01_7,accrued,20260910T102726Z,ggfiscal.debt.chains,,A,
FRA,1986,C_s13_gf01_7,residual,,residual,,accrued,20260910T102726Z,ggfiscal.debt.chains,,B,
FRA,1987,register,official_total,,computed,,,20260910T102726Z,ggfiscal.debt.chains,,B,
FRA,1987,A_cg_cash,carried_from_previous_step,,computed,,,20260910T102726Z,ggfiscal.debt.chains,,B,
FRA,1987,A_cg_cash,official_total,,official,FRA_PLF_P117,cash_budgetaire,20260910T102726Z,ggfiscal.debt.chains,,A,
FRA,1987,A_cg_cash,residual,,residual,,,20260910T102726Z,ggfiscal.debt.chains,,B,
FRA,1987,B_s1311_d41,carried_from_previous_step,,computed,,,20260910T102726Z,ggfiscal.debt.chains,,B,
FRA,1987,B_s1311_d41,official_total,,official,EUROSTAT_GOV10A_MAIN_S1311,accrued,20260910T102726Z,ggfiscal.debt.chains,,A,
FRA,1987,B_s1311_d41,residual,,residual,,,20260910T102726Z,ggfiscal.debt.chains,,B,
FRA,1987,C_s13_gf01_7,carried_from_previous_step,,computed,,,20260910T102726Z,ggfiscal.debt.chains,,B,
FRA,1987,C_s13_gf01_7,official_total,22057.095101303876,official,package_GF01_7,accrued,20260910T102726Z,ggfiscal.debt.chains,,A,
FRA,1987,C_s13_gf01_7,residual,,residual,,accrued,20260910T102726Z,ggfiscal.debt.chains,,B,
FRA,1988,register,official_total,,computed,,,20260910T102726Z,ggfiscal.debt.chains,,B,
FRA,1988,A_cg_cash,carried_from_previous_step,,computed,,,20260910T102726Z,ggfiscal.debt.chains,,B,
FRA,1988,A_cg_cash,official_total,,official,FRA_PLF_P117,cash_budgetaire,20260910T102726Z,ggfiscal.debt.chains,,A,
FRA,1988,A_cg_cash,residual,,residual,,,20260910T102726Z,ggfiscal.debt.chains,,B,
FRA,1988,B_s1311_d41,carried_from_previous_step,,computed,,,20260910T102726Z,ggfiscal.debt.chains,,B,
FRA,1988,B_s1311_d41,official_total,,official,EUROSTAT_GOV10A_MAIN_S1311,accrued,20260910T102726Z,ggfiscal.debt.chains,,A,
FRA,1988,B_s1311_d41,residual,,residual,,,20260910T102726Z,ggfiscal.debt.chains,,B,
FRA,1988,C_s13_gf01_7,carried_from_previous_step,,computed,,,20260910T102726Z,ggfiscal.debt.chains,,B,
FRA,1988,C_s13_gf01_7,official_total,22941.17845964757,official,package_GF01_7,accrued,20260910T102726Z,ggfiscal.debt.chains,,A,
FRA,1988,C_s13_gf01_7,residual,,residual,,accrued,20260910T102726Z,ggfiscal.debt.chains,,B,
FRA,1989,register,official_total,,computed,,,20260910T102726Z,ggfiscal.debt.chains,,B,
FRA,1989,A_cg_cash,carried_from_previous_step,,computed,,,20260910T102726Z,ggfiscal.debt.chains,,B,
FRA,1989,A_cg_cash,official_total,,official,FRA_PLF_P117,cash_budgetaire,20260910T102726Z,ggfiscal.debt.chains,,A,
FRA,1989,A_cg_cash,residual,,residual,,,20260910T102726Z,ggfiscal.debt.chains,,B,
FRA,1989,B_s1311_d41,carried_from_previous_step,,computed,,,20260910T102726Z,ggfiscal.debt.chains,,B,
FRA,1989,B_s1311_d41,official_total,,official,EUROSTAT_GOV10A_MAIN_S1311,accrued,20260910T102726Z,ggfiscal.debt.chains,,A,
FRA,1989,B_s1311_d41,residual,,residual,,,20260910T102726Z,ggfiscal.debt.chains,,B,
FRA,1989,C_s13_gf01_7,carried_from_previous_step,,computed,,,20260910T102726Z,ggfiscal.debt.chains,,B,
FRA,1989,C_s13_gf01_7,official_total,25587.151019708166,official,package_GF01_7,accrued,20260910T102726Z,ggfiscal.debt.chains,,A,
FRA,1989,C_s13_gf01_7,residual,,residual,,accrued,20260910T102726Z,ggfiscal.debt.chains,,B,
FRA,1990,register,official_total,,computed,,,20260910T102726Z,ggfiscal.debt.chains,,B,
FRA,1990,A_cg_cash,carried_from_previous_step,,computed,,,20260910T102726Z,ggfiscal.debt.chains,,B,
FRA,1990,A_cg_cash,official_total,,official,FRA_PLF_P117,cash_budgetaire,20260910T102726Z,ggfiscal.debt.chains,,A,
FRA,1990,A_cg_cash,residual,,residual,,,20260910T102726Z,ggfiscal.debt.chains,,B,
FRA,1990,B_s1311_d41,carried_from_previous_step,,computed,,,20260910T102726Z,ggfiscal.debt.chains,,B,
FRA,1990,B_s1311_d41,official_total,,official,EUROSTAT_GOV10A_MAIN_S1311,accrued,20260910T102726Z,ggfiscal.debt.chains,,A,
FRA,1990,B_s1311_d41,residual,,residual,,,20260910T102726Z,ggfiscal.debt.chains,,B,
FRA,1990,C_s13_gf01_7,carried_from_previous_step,,computed,,,20260910T102726Z,ggfiscal.debt.chains,,B,
FRA,1990,C_s13_gf01_7,official_total,29415.388899210626,official,package_GF01_7,accrued,20260910T102726Z,ggfiscal.debt.chains,,A,
FRA,1990,C_s13_gf01_7,residual,,residual,,accrued,20260910T102726Z,ggfiscal.debt.chains,,B,
FRA,1991,register,official_total,,computed,,,20260910T102726Z,ggfiscal.debt.chains,,B,
FRA,1991,A_cg_cash,carried_from_previous_step,,computed,,,20260910T102726Z,ggfiscal.debt.chains,,B,
FRA,1991,A_cg_cash,official_total,,official,FRA_PLF_P117,cash_budgetaire,20260910T102726Z,ggfiscal.debt.chains,,A,
FRA,1991,A_cg_cash,residual,,residual,,,20260910T102726Z,ggfiscal.debt.chains,,B,
FRA,1991,B_s1311_d41,carried_from_previous_step,,computed,,,20260910T102726Z,ggfiscal.debt.chains,,B,
FRA,1991,B_s1311_d41,official_total,,official,EUROSTAT_GOV10A_MAIN_S1311,accrued,20260910T102726Z,ggfiscal.debt.chains,,A,
FRA,1991,B_s1311_d41,residual,,residual,,,20260910T102726Z,ggfiscal.debt.chains,,B,
FRA,1991,C_s13_gf01_7,carried_from_previous_step,,computed,,,20260910T102726Z,ggfiscal.debt.chains,,B,
FRA,1991,C_s13_gf01_7,official_total,31956.736209763094,official,package_GF01_7,accrued,20260910T102726Z,ggfiscal.debt.chains,,A,
FRA,1991,C_s13_gf01_7,residual,,residual,,accrued,20260910T102726Z,ggfiscal.debt.chains,,B,
FRA,1992,register,official_total,,computed,,,20260910T102726Z,ggfiscal.debt.chains,,B,
FRA,1992,A_cg_cash,carried_from_previous_step,,computed,,,20260910T102726Z,ggfiscal.debt.chains,,B,
FRA,1992,A_cg_cash,official_total,,official,FRA_PLF_P117,cash_budgetaire,20260910T102726Z,ggfiscal.debt.chains,,A,
FRA,1992,A_cg_cash,residual,,residual,,,20260910T102726Z,ggfiscal.debt.chains,,B,
FRA,1992,B_s1311_d41,carried_from_previous_step,,computed,,,20260910T102726Z,ggfiscal.debt.chains,,B,
FRA,1992,B_s1311_d41,official_total,,official,EUROSTAT_GOV10A_MAIN_S1311,accrued,20260910T102726Z,ggfiscal.debt.chains,,A,
FRA,1992,B_s1311_d41,residual,,residual,,,20260910T102726Z,ggfiscal.debt.chains,,B,
FRA,1992,C_s13_gf01_7,carried_from_previous_step,,computed,,,20260910T102726Z,ggfiscal.debt.chains,,B,
FRA,1992,C_s13_gf01_7,official_total,35221.04399441674,official,package_GF01_7,accrued,20260910T102726Z,ggfiscal.debt.chains,,A,
FRA,1992,C_s13_gf01_7,residual,,residual,,accrued,20260910T102726Z,ggfiscal.debt.chains,,B,
FRA,1993,register,official_total,,computed,,,20260910T102726Z,ggfiscal.debt.chains,,B,
FRA,1993,A_cg_cash,carried_from_previous_step,,computed,,,20260910T102726Z,ggfiscal.debt.chains,,B,
FRA,1993,A_cg_cash,official_total,,official,FRA_PLF_P117,cash_budgetaire,20260910T102726Z,ggfiscal.debt.chains,,A,
FRA,1993,A_cg_cash,residual,,residual,,,20260910T102726Z,ggfiscal.debt.chains,,B,
FRA,1993,B_s1311_d41,carried_from_previous_step,,computed,,,20260910T102726Z,ggfiscal.debt.chains,,B,
FRA,1993,B_s1311_d41,official_total,,official,EUROSTAT_GOV10A_MAIN_S1311,accrued,20260910T102726Z,ggfiscal.debt.chains,,A,
FRA,1993,B_s1311_d41,residual,,residual,,,20260910T102726Z,ggfiscal.debt.chains,,B,
FRA,1993,C_s13_gf01_7,carried_from_previous_step,,computed,,,20260910T102726Z,ggfiscal.debt.chains,,B,
FRA,1993,C_s13_gf01_7,official_total,38459.195466693345,official,package_GF01_7,accrued,20260910T102726Z,ggfiscal.debt.chains,,A,
FRA,1993,C_s13_gf01_7,residual,,residual,,accrued,20260910T102726Z,ggfiscal.debt.chains,,B,
FRA,1994,register,official_total,,computed,,,20260910T102726Z,ggfiscal.debt.chains,,B,
FRA,1994,A_cg_cash,carried_from_previous_step,,computed,,,20260910T102726Z,ggfiscal.debt.chains,,B,
FRA,1994,A_cg_cash,official_total,,official,FRA_PLF_P117,cash_budgetaire,20260910T102726Z,ggfiscal.debt.chains,,A,
FRA,1994,A_cg_cash,residual,,residual,,,20260910T102726Z,ggfiscal.debt.chains,,B,
FRA,1994,B_s1311_d41,carried_from_previous_step,,computed,,,20260910T102726Z,ggfiscal.debt.chains,,B,
FRA,1994,B_s1311_d41,official_total,,official,EUROSTAT_GOV10A_MAIN_S1311,accrued,20260910T102726Z,ggfiscal.debt.chains,,A,
FRA,1994,B_s1311_d41,residual,,residual,,,20260910T102726Z,ggfiscal.debt.chains,,B,
FRA,1994,C_s13_gf01_7,carried_from_previous_step,,computed,,,20260910T102726Z,ggfiscal.debt.chains,,B,
FRA,1994,C_s13_gf01_7,official_total,40979.617727344186,official,package_GF01_7,accrued,20260910T102726Z,ggfiscal.debt.chains,,A,
FRA,1994,C_s13_gf01_7,residual,,residual,,accrued,20260910T102726Z,ggfiscal.debt.chains,,B,
FRA,1995,register,official_total,,computed,,,20260910T102726Z,ggfiscal.debt.chains,,B,
FRA,1995,A_cg_cash,carried_from_previous_step,,computed,,,20260910T102726Z,ggfiscal.debt.chains,,B,
FRA,1995,A_cg_cash,official_total,,official,FRA_PLF_P117,cash_budgetaire,20260910T102726Z,ggfiscal.debt.chains,,A,
FRA,1995,A_cg_cash,residual,,residual,,,20260910T102726Z,ggfiscal.debt.chains,,B,
FRA,1995,B_s1311_d41,carried_from_previous_step,,computed,,,20260910T102726Z,ggfiscal.debt.chains,,B,
FRA,1995,B_s1311_d41,official_total,34088.3,official,EUROSTAT_GOV10A_MAIN_S1311,accrued,20260910T102726Z,ggfiscal.debt.chains,,A,
FRA,1995,B_s1311_d41,residual,,residual,,accrued,20260910T102726Z,ggfiscal.debt.chains,,B,
FRA,1995,C_s13_gf01_7,carried_from_previous_step,34088.3,computed,,,20260910T102726Z,ggfiscal.debt.chains,,B,
FRA,1995,C_s13_gf01_7,local_government_d41,6045.3,official,EUROSTAT_GOV10A_MAIN_S1311,accrued,20260910T102726Z,ggfiscal.debt.chains,,A,
FRA,1995,C_s13_gf01_7,social_security_funds_d41,2045.0,official,EUROSTAT_GOV10A_MAIN_S1311,accrued,20260910T102726Z,ggfiscal.debt.chains,,A,
FRA,1995,C_s13_gf01_7,official_total,43924.4,official,package_GF01_7,accrued,20260910T102726Z,ggfiscal.debt.chains,,A,
FRA,1995,C_s13_gf01_7,residual,1745.7999999999956,residual,,accrued,20260910T102726Z,ggfiscal.debt.chains,,B,
FRA,1996,register,official_total,,computed,,,20260910T102726Z,ggfiscal.debt.chains,,B,
FRA,1996,A_cg_cash,carried_from_previous_step,,computed,,,20260910T102726Z,ggfiscal.debt.chains,,B,
FRA,1996,A_cg_cash,official_total,,official,FRA_PLF_P117,cash_budgetaire,20260910T102726Z,ggfiscal.debt.chains,,A,
FRA,1996,A_cg_cash,residual,,residual,,,20260910T102726Z,ggfiscal.debt.chains,,B,
FRA,1996,B_s1311_d41,carried_from_previous_step,,computed,,,20260910T102726Z,ggfiscal.debt.chains,,B,
FRA,1996,B_s1311_d41,official_total,36494.7,official,EUROSTAT_GOV10A_MAIN_S1311,accrued,20260910T102726Z,ggfiscal.debt.chains,,A,
FRA,1996,B_s1311_d41,residual,,residual,,accrued,20260910T102726Z,ggfiscal.debt.chains,,B,
FRA,1996,C_s13_gf01_7,carried_from_previous_step,36494.7,computed,,,20260910T102726Z,ggfiscal.debt.chains,,B,
FRA,1996,C_s13_gf01_7,local_government_d41,6351.8,official,EUROSTAT_GOV10A_MAIN_S1311,accrued,20260910T102726Z,ggfiscal.debt.chains,,A,
FRA,1996,C_s13_gf01_7,social_security_funds_d41,2297.9,official,EUROSTAT_GOV10A_MAIN_S1311,accrued,20260910T102726Z,ggfiscal.debt.chains,,A,
FRA,1996,C_s13_gf01_7,official_total,47142.4,official,package_GF01_7,accrued,20260910T102726Z,ggfiscal.debt.chains,,A,
FRA,1996,C_s13_gf01_7,residual,1998.0,residual,,accrued,20260910T102726Z,ggfiscal.debt.chains,,B,
FRA,1997,register,official_total,,computed,,,20260910T102726Z,ggfiscal.debt.chains,,B,
FRA,1997,A_cg_cash,carried_from_previous_step,,computed,,,20260910T102726Z,ggfiscal.debt.chains,,B,
FRA,1997,A_cg_cash,official_total,,official,FRA_PLF_P117,cash_budgetaire,20260910T102726Z,ggfiscal.debt.chains,,A,
FRA,1997,A_cg_cash,residual,,residual,,,20260910T102726Z,ggfiscal.debt.chains,,B,
FRA,1997,B_s1311_d41,carried_from_previous_step,,computed,,,20260910T102726Z,ggfiscal.debt.chains,,B,
FRA,1997,B_s1311_d41,official_total,37532.8,official,EUROSTAT_GOV10A_MAIN_S1311,accrued,20260910T102726Z,ggfiscal.debt.chains,,A,
FRA,1997,B_s1311_d41,residual,,residual,,accrued,20260910T102726Z,ggfiscal.debt.chains,,B,
FRA,1997,C_s13_gf01_7,carried_from_previous_step,37532.8,computed,,,20260910T102726Z,ggfiscal.debt.chains,,B,
FRA,1997,C_s13_gf01_7,local_government_d41,5737.9,official,EUROSTAT_GOV10A_MAIN_S1311,accrued,20260910T102726Z,ggfiscal.debt.chains,,A,
FRA,1997,C_s13_gf01_7,social_security_funds_d41,2601.6,official,EUROSTAT_GOV10A_MAIN_S1311,accrued,20260910T102726Z,ggfiscal.debt.chains,,A,
FRA,1997,C_s13_gf01_7,official_total,47293.7,official,package_GF01_7,accrued,20260910T102726Z,ggfiscal.debt.chains,,A,
FRA,1997,C_s13_gf01_7,residual,1421.3999999999942,residual,,accrued,20260910T102726Z,ggfiscal.debt.chains,,B,
FRA,1998,register,official_total,,computed,,,20260910T102726Z,ggfiscal.debt.chains,,B,
FRA,1998,A_cg_cash,carried_from_previous_step,,computed,,,20260910T102726Z,ggfiscal.debt.chains,,B,
FRA,1998,A_cg_cash,official_total,,official,FRA_PLF_P117,cash_budgetaire,20260910T102726Z,ggfiscal.debt.chains,,A,
FRA,1998,A_cg_cash,residual,,residual,,,20260910T102726Z,ggfiscal.debt.chains,,B,
FRA,1998,B_s1311_d41,carried_from_previous_step,,computed,,,20260910T102726Z,ggfiscal.debt.chains,,B,
FRA,1998,B_s1311_d41,official_total,37662.3,official,EUROSTAT_GOV10A_MAIN_S1311,accrued,20260910T102726Z,ggfiscal.debt.chains,,A,
FRA,1998,B_s1311_d41,residual,,residual,,accrued,20260910T102726Z,ggfiscal.debt.chains,,B,
FRA,1998,C_s13_gf01_7,carried_from_previous_step,37662.3,computed,,,20260910T102726Z,ggfiscal.debt.chains,,B,
FRA,1998,C_s13_gf01_7,local_government_d41,5164.7,official,EUROSTAT_GOV10A_MAIN_S1311,accrued,20260910T102726Z,ggfiscal.debt.chains,,A,
FRA,1998,C_s13_gf01_7,social_security_funds_d41,2834.8,official,EUROSTAT_GOV10A_MAIN_S1311,accrued,20260910T102726Z,ggfiscal.debt.chains,,A,
FRA,1998,C_s13_gf01_7,official_total,47297.8,official,package_GF01_7,accrued,20260910T102726Z,ggfiscal.debt.chains,,A,
FRA,1998,C_s13_gf01_7,residual,1636.0,residual,,accrued,20260910T102726Z,ggfiscal.debt.chains,,B,
FRA,1999,register,official_total,,computed,,,20260910T102726Z,ggfiscal.debt.chains,,B,
FRA,1999,A_cg_cash,carried_from_previous_step,,computed,,,20260910T102726Z,ggfiscal.debt.chains,,B,
FRA,1999,A_cg_cash,official_total,,official,FRA_PLF_P117,cash_budgetaire,20260910T102726Z,ggfiscal.debt.chains,,A,
FRA,1999,A_cg_cash,residual,,residual,,,20260910T102726Z,ggfiscal.debt.chains,,B,
FRA,1999,B_s1311_d41,carried_from_previous_step,,computed,,,20260910T102726Z,ggfiscal.debt.chains,,B,
FRA,1999,B_s1311_d41,official_total,36492.4,official,EUROSTAT_GOV10A_MAIN_S1311,accrued,20260910T102726Z,ggfiscal.debt.chains,,A,
FRA,1999,B_s1311_d41,residual,,residual,,accrued,20260910T102726Z,ggfiscal.debt.chains,,B,
FRA,1999,C_s13_gf01_7,carried_from_previous_step,36492.4,computed,,,20260910T102726Z,ggfiscal.debt.chains,,B,
FRA,1999,C_s13_gf01_7,local_government_d41,3969.0,official,EUROSTAT_GOV10A_MAIN_S1311,accrued,20260910T102726Z,ggfiscal.debt.chains,,A,
FRA,1999,C_s13_gf01_7,social_security_funds_d41,2562.9,official,EUROSTAT_GOV10A_MAIN_S1311,accrued,20260910T102726Z,ggfiscal.debt.chains,,A,
FRA,1999,C_s13_gf01_7,official_total,45415.3,official,package_GF01_7,accrued,20260910T102726Z,ggfiscal.debt.chains,,A,
FRA,1999,C_s13_gf01_7,residual,2391.0,residual,,accrued,20260910T102726Z,ggfiscal.debt.chains,,B,
FRA,2000,register,official_total,,computed,,,20260910T102726Z,ggfiscal.debt.chains,,B,
FRA,2000,A_cg_cash,carried_from_previous_step,,computed,,,20260910T102726Z,ggfiscal.debt.chains,,B,
FRA,2000,A_cg_cash,official_total,,official,FRA_PLF_P117,cash_budgetaire,20260910T102726Z,ggfiscal.debt.chains,,A,
FRA,2000,A_cg_cash,residual,,residual,,,20260910T102726Z,ggfiscal.debt.chains,,B,
FRA,2000,B_s1311_d41,carried_from_previous_step,,computed,,,20260910T102726Z,ggfiscal.debt.chains,,B,
FRA,2000,B_s1311_d41,official_total,37117.8,official,EUROSTAT_GOV10A_MAIN_S1311,accrued,20260910T102726Z,ggfiscal.debt.chains,,A,
FRA,2000,B_s1311_d41,residual,,residual,,accrued,20260910T102726Z,ggfiscal.debt.chains,,B,
FRA,2000,C_s13_gf01_7,carried_from_previous_step,37117.8,computed,,,20260910T102726Z,ggfiscal.debt.chains,,B,
FRA,2000,C_s13_gf01_7,local_government_d41,3972.7,official,EUROSTAT_GOV10A_MAIN_S1311,accrued,20260910T102726Z,ggfiscal.debt.chains,,A,
FRA,2000,C_s13_gf01_7,social_security_funds_d41,2596.4,official,EUROSTAT_GOV10A_MAIN_S1311,accrued,20260910T102726Z,ggfiscal.debt.chains,,A,
FRA,2000,C_s13_gf01_7,official_total,46181.9,official,package_GF01_7,accrued,20260910T102726Z,ggfiscal.debt.chains,,A,
FRA,2000,C_s13_gf01_7,residual,2495.0,residual,,accrued,20260910T102726Z,ggfiscal.debt.chains,,B,
FRA,2001,register,official_total,,computed,,,20260910T102726Z,ggfiscal.debt.chains,,B,
FRA,2001,A_cg_cash,carried_from_previous_step,,computed,,,20260910T102726Z,ggfiscal.debt.chains,,B,
FRA,2001,A_cg_cash,official_total,,official,FRA_PLF_P117,cash_budgetaire,20260910T102726Z,ggfiscal.debt.chains,,A,
FRA,2001,A_cg_cash,residual,,residual,,,20260910T102726Z,ggfiscal.debt.chains,,B,
FRA,2001,B_s1311_d41,carried_from_previous_step,,computed,,,20260910T102726Z,ggfiscal.debt.chains,,B,
FRA,2001,B_s1311_d41,official_total,39262.1,official,EUROSTAT_GOV10A_MAIN_S1311,accrued,20260910T102726Z,ggfiscal.debt.chains,,A,
FRA,2001,B_s1311_d41,residual,,residual,,accrued,20260910T102726Z,ggfiscal.debt.chains,,B,
FRA,2001,C_s13_gf01_7,carried_from_previous_step,39262.1,computed,,,20260910T102726Z,ggfiscal.debt.chains,,B,
FRA,2001,C_s13_gf01_7,local_government_d41,4873.5,official,EUROSTAT_GOV10A_MAIN_S1311,accrued,20260910T102726Z,ggfiscal.debt.chains,,A,
FRA,2001,C_s13_gf01_7,social_security_funds_d41,2651.8,official,EUROSTAT_GOV10A_MAIN_S1311,accrued,20260910T102726Z,ggfiscal.debt.chains,,A,
FRA,2001,C_s13_gf01_7,official_total,49127.9,official,package_GF01_7,accrued,20260910T102726Z,ggfiscal.debt.chains,,A,
FRA,2001,C_s13_gf01_7,residual,2340.5,residual,,accrued,20260910T102726Z,ggfiscal.debt.chains,,B,
FRA,2002,register,official_total,,computed,,,20260910T102726Z,ggfiscal.debt.chains,,B,
FRA,2002,A_cg_cash,carried_from_previous_step,,computed,,,20260910T102726Z,ggfiscal.debt.chains,,B,
FRA,2002,A_cg_cash,official_total,,official,FRA_PLF_P117,cash_budgetaire,20260910T102726Z,ggfiscal.debt.chains,,A,
FRA,2002,A_cg_cash,residual,,residual,,,20260910T102726Z,ggfiscal.debt.chains,,B,
FRA,2002,B_s1311_d41,carried_from_previous_step,,computed,,,20260910T102726Z,ggfiscal.debt.chains,,B,
FRA,2002,B_s1311_d41,official_total,41039.7,official,EUROSTAT_GOV10A_MAIN_S1311,accrued,20260910T102726Z,ggfiscal.debt.chains,,A,
FRA,2002,B_s1311_d41,residual,,residual,,accrued,20260910T102726Z,ggfiscal.debt.chains,,B,
FRA,2002,C_s13_gf01_7,carried_from_previous_step,41039.7,computed,,,20260910T102726Z,ggfiscal.debt.chains,,B,
FRA,2002,C_s13_gf01_7,local_government_d41,4410.6,official,EUROSTAT_GOV10A_MAIN_S1311,accrued,20260910T102726Z,ggfiscal.debt.chains,,A,
FRA,2002,C_s13_gf01_7,social_security_funds_d41,2447.2,official,EUROSTAT_GOV10A_MAIN_S1311,accrued,20260910T102726Z,ggfiscal.debt.chains,,A,
FRA,2002,C_s13_gf01_7,official_total,49844.7,official,package_GF01_7,accrued,20260910T102726Z,ggfiscal.debt.chains,,A,
FRA,2002,C_s13_gf01_7,residual,1947.2000000000044,residual,,accrued,20260910T102726Z,ggfiscal.debt.chains,,B,
FRA,2003,register,official_total,,computed,,,20260910T102726Z,ggfiscal.debt.chains,,B,
FRA,2003,A_cg_cash,carried_from_previous_step,,computed,,,20260910T102726Z,ggfiscal.debt.chains,,B,
FRA,2003,A_cg_cash,official_total,,official,FRA_PLF_P117,cash_budgetaire,20260910T102726Z,ggfiscal.debt.chains,,A,
FRA,2003,A_cg_cash,residual,,residual,,,20260910T102726Z,ggfiscal.debt.chains,,B,
FRA,2003,B_s1311_d41,carried_from_previous_step,,computed,,,20260910T102726Z,ggfiscal.debt.chains,,B,
FRA,2003,B_s1311_d41,official_total,40585.0,official,EUROSTAT_GOV10A_MAIN_S1311,accrued,20260910T102726Z,ggfiscal.debt.chains,,A,
FRA,2003,B_s1311_d41,residual,,residual,,accrued,20260910T102726Z,ggfiscal.debt.chains,,B,
FRA,2003,C_s13_gf01_7,carried_from_previous_step,40585.0,computed,,,20260910T102726Z,ggfiscal.debt.chains,,B,
FRA,2003,C_s13_gf01_7,local_government_d41,3882.0,official,EUROSTAT_GOV10A_MAIN_S1311,accrued,20260910T102726Z,ggfiscal.debt.chains,,A,
FRA,2003,C_s13_gf01_7,social_security_funds_d41,2274.1,official,EUROSTAT_GOV10A_MAIN_S1311,accrued,20260910T102726Z,ggfiscal.debt.chains,,A,
FRA,2003,C_s13_gf01_7,official_total,48094.7,official,package_GF01_7,accrued,20260910T102726Z,ggfiscal.debt.chains,,A,
FRA,2003,C_s13_gf01_7,residual,1353.5999999999985,residual,,accrued,20260910T102726Z,ggfiscal.debt.chains,,B,
FRA,2004,register,official_total,,computed,,,20260910T102726Z,ggfiscal.debt.chains,,B,
FRA,2004,A_cg_cash,carried_from_previous_step,,computed,,,20260910T102726Z,ggfiscal.debt.chains,,B,
FRA,2004,A_cg_cash,official_total,,official,FRA_PLF_P117,cash_budgetaire,20260910T102726Z,ggfiscal.debt.chains,,A,
FRA,2004,A_cg_cash,residual,,residual,,,20260910T102726Z,ggfiscal.debt.chains,,B,
FRA,2004,B_s1311_d41,carried_from_previous_step,,computed,,,20260910T102726Z,ggfiscal.debt.chains,,B,
FRA,2004,B_s1311_d41,official_total,41072.8,official,EUROSTAT_GOV10A_MAIN_S1311,accrued,20260910T102726Z,ggfiscal.debt.chains,,A,
FRA,2004,B_s1311_d41,residual,,residual,,accrued,20260910T102726Z,ggfiscal.debt.chains,,B,
FRA,2004,C_s13_gf01_7,carried_from_previous_step,41072.8,computed,,,20260910T102726Z,ggfiscal.debt.chains,,B,
FRA,2004,C_s13_gf01_7,local_government_d41,3743.8,official,EUROSTAT_GOV10A_MAIN_S1311,accrued,20260910T102726Z,ggfiscal.debt.chains,,A,
FRA,2004,C_s13_gf01_7,social_security_funds_d41,2837.0,official,EUROSTAT_GOV10A_MAIN_S1311,accrued,20260910T102726Z,ggfiscal.debt.chains,,A,
FRA,2004,C_s13_gf01_7,official_total,49389.1,official,package_GF01_7,accrued,20260910T102726Z,ggfiscal.debt.chains,,A,
FRA,2004,C_s13_gf01_7,residual,1735.4999999999927,residual,,accrued,20260910T102726Z,ggfiscal.debt.chains,,B,
FRA,2005,register,official_total,,computed,,,20260910T102726Z,ggfiscal.debt.chains,,B,
FRA,2005,A_cg_cash,carried_from_previous_step,,computed,,,20260910T102726Z,ggfiscal.debt.chains,,B,
FRA,2005,A_cg_cash,official_total,,official,FRA_PLF_P117,cash_budgetaire,20260910T102726Z,ggfiscal.debt.chains,,A,
FRA,2005,A_cg_cash,residual,,residual,,,20260910T102726Z,ggfiscal.debt.chains,,B,
FRA,2005,B_s1311_d41,carried_from_previous_step,,computed,,,20260910T102726Z,ggfiscal.debt.chains,,B,
FRA,2005,B_s1311_d41,official_total,41166.6,official,EUROSTAT_GOV10A_MAIN_S1311,accrued,20260910T102726Z,ggfiscal.debt.chains,,A,
FRA,2005,B_s1311_d41,residual,,residual,,accrued,20260910T102726Z,ggfiscal.debt.chains,,B,
FRA,2005,C_s13_gf01_7,carried_from_previous_step,41166.6,computed,,,20260910T102726Z,ggfiscal.debt.chains,,B,
FRA,2005,C_s13_gf01_7,local_government_d41,3430.3,official,EUROSTAT_GOV10A_MAIN_S1311,accrued,20260910T102726Z,ggfiscal.debt.chains,,A,
FRA,2005,C_s13_gf01_7,social_security_funds_d41,3322.2,official,EUROSTAT_GOV10A_MAIN_S1311,accrued,20260910T102726Z,ggfiscal.debt.chains,,A,
FRA,2005,C_s13_gf01_7,official_total,50038.4,official,package_GF01_7,accrued,20260910T102726Z,ggfiscal.debt.chains,,A,
FRA,2005,C_s13_gf01_7,residual,2119.300000000003,residual,,accrued,20260910T102726Z,ggfiscal.debt.chains,,B,
FRA,2006,register,official_total,,computed,,,20260910T102726Z,ggfiscal.debt.chains,,B,
FRA,2006,A_cg_cash,carried_from_previous_step,,computed,,,20260910T102726Z,ggfiscal.debt.chains,,B,
FRA,2006,A_cg_cash,official_total,,official,FRA_PLF_P117,cash_budgetaire,20260910T102726Z,ggfiscal.debt.chains,,A,
FRA,2006,A_cg_cash,residual,,residual,,,20260910T102726Z,ggfiscal.debt.chains,,B,
FRA,2006,B_s1311_d41,carried_from_previous_step,,computed,,,20260910T102726Z,ggfiscal.debt.chains,,B,
FRA,2006,B_s1311_d41,official_total,40766.3,official,EUROSTAT_GOV10A_MAIN_S1311,accrued,20260910T102726Z,ggfiscal.debt.chains,,A,
FRA,2006,B_s1311_d41,residual,,residual,,accrued,20260910T102726Z,ggfiscal.debt.chains,,B,
FRA,2006,C_s13_gf01_7,carried_from_previous_step,40766.3,computed,,,20260910T102726Z,ggfiscal.debt.chains,,B,
FRA,2006,C_s13_gf01_7,local_government_d41,4158.5,official,EUROSTAT_GOV10A_MAIN_S1311,accrued,20260910T102726Z,ggfiscal.debt.chains,,A,
FRA,2006,C_s13_gf01_7,social_security_funds_d41,3625.3,official,EUROSTAT_GOV10A_MAIN_S1311,accrued,20260910T102726Z,ggfiscal.debt.chains,,A,
FRA,2006,C_s13_gf01_7,official_total,49762.7,official,package_GF01_7,accrued,20260910T102726Z,ggfiscal.debt.chains,,A,
FRA,2006,C_s13_gf01_7,residual,1212.5999999999913,residual,,accrued,20260910T102726Z,ggfiscal.debt.chains,,B,
FRA,2007,register,official_total,,computed,,,20260910T102726Z,ggfiscal.debt.chains,,B,
FRA,2007,A_cg_cash,carried_from_previous_step,,computed,,,20260910T102726Z,ggfiscal.debt.chains,,B,
FRA,2007,A_cg_cash,official_total,,official,FRA_PLF_P117,cash_budgetaire,20260910T102726Z,ggfiscal.debt.chains,,A,
FRA,2007,A_cg_cash,residual,,residual,,,20260910T102726Z,ggfiscal.debt.chains,,B,
FRA,2007,B_s1311_d41,carried_from_previous_step,,computed,,,20260910T102726Z,ggfiscal.debt.chains,,B,
FRA,2007,B_s1311_d41,official_total,43403.4,official,EUROSTAT_GOV10A_MAIN_S1311,accrued,20260910T102726Z,ggfiscal.debt.chains,,A,
FRA,2007,B_s1311_d41,residual,,residual,,accrued,20260910T102726Z,ggfiscal.debt.chains,,B,
FRA,2007,C_s13_gf01_7,carried_from_previous_step,43403.4,computed,,,20260910T102726Z,ggfiscal.debt.chains,,B,
FRA,2007,C_s13_gf01_7,local_government_d41,5204.8,official,EUROSTAT_GOV10A_MAIN_S1311,accrued,20260910T102726Z,ggfiscal.debt.chains,,A,
FRA,2007,C_s13_gf01_7,social_security_funds_d41,4226.0,official,EUROSTAT_GOV10A_MAIN_S1311,accrued,20260910T102726Z,ggfiscal.debt.chains,,A,
FRA,2007,C_s13_gf01_7,official_total,53162.1,official,package_GF01_7,accrued,20260910T102726Z,ggfiscal.debt.chains,,A,
FRA,2007,C_s13_gf01_7,residual,327.8999999999942,residual,,accrued,20260910T102726Z,ggfiscal.debt.chains,,B,
FRA,2008,register,official_total,,computed,,,20260910T102726Z,ggfiscal.debt.chains,,B,
FRA,2008,A_cg_cash,carried_from_previous_step,,computed,,,20260910T102726Z,ggfiscal.debt.chains,,B,
FRA,2008,A_cg_cash,official_total,,official,FRA_PLF_P117,cash_budgetaire,20260910T102726Z,ggfiscal.debt.chains,,A,
FRA,2008,A_cg_cash,residual,,residual,,,20260910T102726Z,ggfiscal.debt.chains,,B,
FRA,2008,B_s1311_d41,carried_from_previous_step,,computed,,,20260910T102726Z,ggfiscal.debt.chains,,B,
FRA,2008,B_s1311_d41,official_total,46760.4,official,EUROSTAT_GOV10A_MAIN_S1311,accrued,20260910T102726Z,ggfiscal.debt.chains,,A,
FRA,2008,B_s1311_d41,residual,,residual,,accrued,20260910T102726Z,ggfiscal.debt.chains,,B,
FRA,2008,C_s13_gf01_7,carried_from_previous_step,46760.4,computed,,,20260910T102726Z,ggfiscal.debt.chains,,B,
FRA,2008,C_s13_gf01_7,local_government_d41,6302.1,official,EUROSTAT_GOV10A_MAIN_S1311,accrued,20260910T102726Z,ggfiscal.debt.chains,,A,
FRA,2008,C_s13_gf01_7,social_security_funds_d41,4739.8,official,EUROSTAT_GOV10A_MAIN_S1311,accrued,20260910T102726Z,ggfiscal.debt.chains,,A,
FRA,2008,C_s13_gf01_7,official_total,57855.0,official,package_GF01_7,accrued,20260910T102726Z,ggfiscal.debt.chains,,A,
FRA,2008,C_s13_gf01_7,residual,52.69999999999709,residual,,accrued,20260910T102726Z,ggfiscal.debt.chains,,B,
FRA,2009,register,official_total,,computed,,,20260910T102726Z,ggfiscal.debt.chains,,B,
FRA,2009,A_cg_cash,carried_from_previous_step,,computed,,,20260910T102726Z,ggfiscal.debt.chains,,B,
FRA,2009,A_cg_cash,official_total,,official,FRA_PLF_P117,cash_budgetaire,20260910T102726Z,ggfiscal.debt.chains,,A,
FRA,2009,A_cg_cash,residual,,residual,,,20260910T102726Z,ggfiscal.debt.chains,,B,
FRA,2009,B_s1311_d41,carried_from_previous_step,,computed,,,20260910T102726Z,ggfiscal.debt.chains,,B,
FRA,2009,B_s1311_d41,official_total,42100.4,official,EUROSTAT_GOV10A_MAIN_S1311,accrued,20260910T102726Z,ggfiscal.debt.chains,,A,
FRA,2009,B_s1311_d41,residual,,residual,,accrued,20260910T102726Z,ggfiscal.debt.chains,,B,
FRA,2009,C_s13_gf01_7,carried_from_previous_step,42100.4,computed,,,20260910T102726Z,ggfiscal.debt.chains,,B,
FRA,2009,C_s13_gf01_7,local_government_d41,4373.7,official,EUROSTAT_GOV10A_MAIN_S1311,accrued,20260910T102726Z,ggfiscal.debt.chains,,A,
FRA,2009,C_s13_gf01_7,social_security_funds_d41,3230.4,official,EUROSTAT_GOV10A_MAIN_S1311,accrued,20260910T102726Z,ggfiscal.debt.chains,,A,
FRA,2009,C_s13_gf01_7,official_total,51352.6,official,package_GF01_7,accrued,20260910T102726Z,ggfiscal.debt.chains,,A,
FRA,2009,C_s13_gf01_7,residual,1648.0999999999985,residual,,accrued,20260910T102726Z,ggfiscal.debt.chains,,B,
FRA,2010,register,official_total,,computed,,,20260910T102726Z,ggfiscal.debt.chains,,B,
FRA,2010,A_cg_cash,carried_from_previous_step,,computed,,,20260910T102726Z,ggfiscal.debt.chains,,B,
FRA,2010,A_cg_cash,official_total,,official,FRA_PLF_P117,cash_budgetaire,20260910T102726Z,ggfiscal.debt.chains,,A,
FRA,2010,A_cg_cash,residual,,residual,,,20260910T102726Z,ggfiscal.debt.chains,,B,
FRA,2010,B_s1311_d41,carried_from_previous_step,,computed,,,20260910T102726Z,ggfiscal.debt.chains,,B,
FRA,2010,B_s1311_d41,official_total,44799.1,official,EUROSTAT_GOV10A_MAIN_S1311,accrued,20260910T102726Z,ggfiscal.debt.chains,,A,
FRA,2010,B_s1311_d41,residual,,residual,,accrued,20260910T102726Z,ggfiscal.debt.chains,,B,
FRA,2010,C_s13_gf01_7,carried_from_previous_step,44799.1,computed,,,20260910T102726Z,ggfiscal.debt.chains,,B,
FRA,2010,C_s13_gf01_7,local_government_d41,3244.1,official,EUROSTAT_GOV10A_MAIN_S1311,accrued,20260910T102726Z,ggfiscal.debt.chains,,A,
FRA,2010,C_s13_gf01_7,social_security_funds_d41,2979.7,official,EUROSTAT_GOV10A_MAIN_S1311,accrued,20260910T102726Z,ggfiscal.debt.chains,,A,
FRA,2010,C_s13_gf01_7,official_total,54392.3,official,package_GF01_7,accrued,20260910T102726Z,ggfiscal.debt.chains,,A,
FRA,2010,C_s13_gf01_7,residual,3369.4000000000087,residual,,accrued,20260910T102726Z,ggfiscal.debt.chains,,B,
FRA,2011,register,official_total,,computed,,,20260910T102726Z,ggfiscal.debt.chains,,B,
FRA,2011,A_cg_cash,carried_from_previous_step,,computed,,,20260910T102726Z,ggfiscal.debt.chains,,B,
FRA,2011,A_cg_cash,official_total,,official,FRA_PLF_P117,cash_budgetaire,20260910T102726Z,ggfiscal.debt.chains,,A,
FRA,2011,A_cg_cash,residual,,residual,,,20260910T102726Z,ggfiscal.debt.chains,,B,
FRA,2011,B_s1311_d41,carried_from_previous_step,,computed,,,20260910T102726Z,ggfiscal.debt.chains,,B,
FRA,2011,B_s1311_d41,official_total,48544.4,official,EUROSTAT_GOV10A_MAIN_S1311,accrued,20260910T102726Z,ggfiscal.debt.chains,,A,
FRA,2011,B_s1311_d41,residual,,residual,,accrued,20260910T102726Z,ggfiscal.debt.chains,,B,
FRA,2011,C_s13_gf01_7,carried_from_previous_step,48544.4,computed,,,20260910T102726Z,ggfiscal.debt.chains,,B,
FRA,2011,C_s13_gf01_7,local_government_d41,3704.0,official,EUROSTAT_GOV10A_MAIN_S1311,accrued,20260910T102726Z,ggfiscal.debt.chains,,A,
FRA,2011,C_s13_gf01_7,social_security_funds_d41,4269.3,official,EUROSTAT_GOV10A_MAIN_S1311,accrued,20260910T102726Z,ggfiscal.debt.chains,,A,
FRA,2011,C_s13_gf01_7,official_total,59001.9,official,package_GF01_7,accrued,20260910T102726Z,ggfiscal.debt.chains,,A,
FRA,2011,C_s13_gf01_7,residual,2484.199999999997,residual,,accrued,20260910T102726Z,ggfiscal.debt.chains,,B,
FRA,2012,register,official_total,,computed,,,20260910T102726Z,ggfiscal.debt.chains,,B,
FRA,2012,A_cg_cash,carried_from_previous_step,,computed,,,20260910T102726Z,ggfiscal.debt.chains,,B,
FRA,2012,A_cg_cash,official_total,,official,FRA_PLF_P117,cash_budgetaire,20260910T102726Z,ggfiscal.debt.chains,,A,
FRA,2012,A_cg_cash,residual,,residual,,,20260910T102726Z,ggfiscal.debt.chains,,B,
FRA,2012,B_s1311_d41,carried_from_previous_step,,computed,,,20260910T102726Z,ggfiscal.debt.chains,,B,
FRA,2012,B_s1311_d41,official_total,46843.5,official,EUROSTAT_GOV10A_MAIN_S1311,accrued,20260910T102726Z,ggfiscal.debt.chains,,A,
FRA,2012,B_s1311_d41,residual,,residual,,accrued,20260910T102726Z,ggfiscal.debt.chains,,B,
FRA,2012,C_s13_gf01_7,carried_from_previous_step,46843.5,computed,,,20260910T102726Z,ggfiscal.debt.chains,,B,
FRA,2012,C_s13_gf01_7,local_government_d41,3682.1,official,EUROSTAT_GOV10A_MAIN_S1311,accrued,20260910T102726Z,ggfiscal.debt.chains,,A,
FRA,2012,C_s13_gf01_7,social_security_funds_d41,4884.2,official,EUROSTAT_GOV10A_MAIN_S1311,accrued,20260910T102726Z,ggfiscal.debt.chains,,A,
FRA,2012,C_s13_gf01_7,official_total,57857.7,official,package_GF01_7,accrued,20260910T102726Z,ggfiscal.debt.chains,,A,
FRA,2012,C_s13_gf01_7,residual,2447.9000000000015,residual,,accrued,20260910T102726Z,ggfiscal.debt.chains,,B,
FRA,2013,register,official_total,,computed,,,20260910T102726Z,ggfiscal.debt.chains,,B,
FRA,2013,A_cg_cash,carried_from_previous_step,,computed,,,20260910T102726Z,ggfiscal.debt.chains,,B,
FRA,2013,A_cg_cash,official_total,,official,FRA_PLF_P117,cash_budgetaire,20260910T102726Z,ggfiscal.debt.chains,,A,
FRA,2013,A_cg_cash,residual,,residual,,,20260910T102726Z,ggfiscal.debt.chains,,B,
FRA,2013,B_s1311_d41,carried_from_previous_step,,computed,,,20260910T102726Z,ggfiscal.debt.chains,,B,
FRA,2013,B_s1311_d41,official_total,42094.5,official,EUROSTAT_GOV10A_MAIN_S1311,accrued,20260910T102726Z,ggfiscal.debt.chains,,A,
FRA,2013,B_s1311_d41,residual,,residual,,accrued,20260910T102726Z,ggfiscal.debt.chains,,B,
FRA,2013,C_s13_gf01_7,carried_from_previous_step,42094.5,computed,,,20260910T102726Z,ggfiscal.debt.chains,,B,
FRA,2013,C_s13_gf01_7,local_government_d41,3446.7,official,EUROSTAT_GOV10A_MAIN_S1311,accrued,20260910T102726Z,ggfiscal.debt.chains,,A,
FRA,2013,C_s13_gf01_7,social_security_funds_d41,4279.8,official,EUROSTAT_GOV10A_MAIN_S1311,accrued,20260910T102726Z,ggfiscal.debt.chains,,A,
FRA,2013,C_s13_gf01_7,official_total,52770.9,official,package_GF01_7,accrued,20260910T102726Z,ggfiscal.debt.chains,,A,
FRA,2013,C_s13_gf01_7,residual,2949.9000000000015,residual,,accrued,20260910T102726Z,ggfiscal.debt.chains,,B,
FRA,2014,register,official_total,,computed,,,20260910T102726Z,ggfiscal.debt.chains,,B,
FRA,2014,A_cg_cash,carried_from_previous_step,,computed,,,20260910T102726Z,ggfiscal.debt.chains,,B,
FRA,2014,A_cg_cash,official_total,,official,FRA_PLF_P117,cash_budgetaire,20260910T102726Z,ggfiscal.debt.chains,,A,
FRA,2014,A_cg_cash,residual,,residual,,,20260910T102726Z,ggfiscal.debt.chains,,B,
FRA,2014,B_s1311_d41,carried_from_previous_step,,computed,,,20260910T102726Z,ggfiscal.debt.chains,,B,
FRA,2014,B_s1311_d41,official_total,40480.3,official,EUROSTAT_GOV10A_MAIN_S1311,accrued,20260910T102726Z,ggfiscal.debt.chains,,A,
FRA,2014,B_s1311_d41,residual,,residual,,accrued,20260910T102726Z,ggfiscal.debt.chains,,B,
FRA,2014,C_s13_gf01_7,carried_from_previous_step,40480.3,computed,,,20260910T102726Z,ggfiscal.debt.chains,,B,
FRA,2014,C_s13_gf01_7,local_government_d41,2983.6,official,EUROSTAT_GOV10A_MAIN_S1311,accrued,20260910T102726Z,ggfiscal.debt.chains,,A,
FRA,2014,C_s13_gf01_7,social_security_funds_d41,4098.9,official,EUROSTAT_GOV10A_MAIN_S1311,accrued,20260910T102726Z,ggfiscal.debt.chains,,A,
FRA,2014,C_s13_gf01_7,official_total,51417.9,official,package_GF01_7,accrued,20260910T102726Z,ggfiscal.debt.chains,,A,
FRA,2014,C_s13_gf01_7,residual,3855.0999999999985,residual,,accrued,20260910T102726Z,ggfiscal.debt.chains,,B,
FRA,2015,register,official_total,,computed,,,20260910T102726Z,ggfiscal.debt.chains,,B,
FRA,2015,A_cg_cash,carried_from_previous_step,,computed,,,20260910T102726Z,ggfiscal.debt.chains,,B,
FRA,2015,A_cg_cash,official_total,,official,FRA_PLF_P117,cash_budgetaire,20260910T102726Z,ggfiscal.debt.chains,,A,
FRA,2015,A_cg_cash,residual,,residual,,,20260910T102726Z,ggfiscal.debt.chains,,B,
FRA,2015,B_s1311_d41,carried_from_previous_step,,computed,,,20260910T102726Z,ggfiscal.debt.chains,,B,
FRA,2015,B_s1311_d41,official_total,38487.8,official,EUROSTAT_GOV10A_MAIN_S1311,accrued,20260910T102726Z,ggfiscal.debt.chains,,A,
FRA,2015,B_s1311_d41,residual,,residual,,accrued,20260910T102726Z,ggfiscal.debt.chains,,B,
FRA,2015,C_s13_gf01_7,carried_from_previous_step,38487.8,computed,,,20260910T102726Z,ggfiscal.debt.chains,,B,
FRA,2015,C_s13_gf01_7,local_government_d41,2575.7,official,EUROSTAT_GOV10A_MAIN_S1311,accrued,20260910T102726Z,ggfiscal.debt.chains,,A,
FRA,2015,C_s13_gf01_7,social_security_funds_d41,3775.9,official,EUROSTAT_GOV10A_MAIN_S1311,accrued,20260910T102726Z,ggfiscal.debt.chains,,A,
FRA,2015,C_s13_gf01_7,official_total,48847.6,official,package_GF01_7,accrued,20260910T102726Z,ggfiscal.debt.chains,,A,
FRA,2015,C_s13_gf01_7,residual,4008.199999999997,residual,,accrued,20260910T102726Z,ggfiscal.debt.chains,,B,
FRA,2016,register,official_total,,computed,,,20260910T102726Z,ggfiscal.debt.chains,,B,
FRA,2016,A_cg_cash,carried_from_previous_step,,computed,,,20260910T102726Z,ggfiscal.debt.chains,,B,
FRA,2016,A_cg_cash,official_total,,official,FRA_PLF_P117,cash_budgetaire,20260910T102726Z,ggfiscal.debt.chains,,A,
FRA,2016,A_cg_cash,residual,,residual,,,20260910T102726Z,ggfiscal.debt.chains,,B,
FRA,2016,B_s1311_d41,carried_from_previous_step,,computed,,,20260910T102726Z,ggfiscal.debt.chains,,B,
FRA,2016,B_s1311_d41,official_total,36434.9,official,EUROSTAT_GOV10A_MAIN_S1311,accrued,20260910T102726Z,ggfiscal.debt.chains,,A,
FRA,2016,B_s1311_d41,residual,,residual,,accrued,20260910T102726Z,ggfiscal.debt.chains,,B,
FRA,2016,C_s13_gf01_7,carried_from_previous_step,36434.9,computed,,,20260910T102726Z,ggfiscal.debt.chains,,B,
FRA,2016,C_s13_gf01_7,local_government_d41,2404.1,official,EUROSTAT_GOV10A_MAIN_S1311,accrued,20260910T102726Z,ggfiscal.debt.chains,,A,
FRA,2016,C_s13_gf01_7,social_security_funds_d41,3678.7,official,EUROSTAT_GOV10A_MAIN_S1311,accrued,20260910T102726Z,ggfiscal.debt.chains,,A,
FRA,2016,C_s13_gf01_7,official_total,46741.8,official,package_GF01_7,accrued,20260910T102726Z,ggfiscal.debt.chains,,A,
FRA,2016,C_s13_gf01_7,residual,4224.100000000006,residual,,accrued,20260910T102726Z,ggfiscal.debt.chains,,B,
FRA,2017,register,official_total,,computed,,,20260910T102726Z,ggfiscal.debt.chains,,B,
FRA,2017,A_cg_cash,carried_from_previous_step,,computed,,,20260910T102726Z,ggfiscal.debt.chains,,B,
FRA,2017,A_cg_cash,official_total,,official,FRA_PLF_P117,cash_budgetaire,20260910T102726Z,ggfiscal.debt.chains,,A,
FRA,2017,A_cg_cash,residual,,residual,,,20260910T102726Z,ggfiscal.debt.chains,,B,
FRA,2017,B_s1311_d41,carried_from_previous_step,,computed,,,20260910T102726Z,ggfiscal.debt.chains,,B,
FRA,2017,B_s1311_d41,official_total,35459.4,official,EUROSTAT_GOV10A_MAIN_S1311,accrued,20260910T102726Z,ggfiscal.debt.chains,,A,
FRA,2017,B_s1311_d41,residual,,residual,,accrued,20260910T102726Z,ggfiscal.debt.chains,,B,
FRA,2017,C_s13_gf01_7,carried_from_previous_step,35459.4,computed,,,20260910T102726Z,ggfiscal.debt.chains,,B,
FRA,2017,C_s13_gf01_7,local_government_d41,1998.6,official,EUROSTAT_GOV10A_MAIN_S1311,accrued,20260910T102726Z,ggfiscal.debt.chains,,A,
FRA,2017,C_s13_gf01_7,social_security_funds_d41,3738.1,official,EUROSTAT_GOV10A_MAIN_S1311,accrued,20260910T102726Z,ggfiscal.debt.chains,,A,
FRA,2017,C_s13_gf01_7,official_total,44979.8,official,package_GF01_7,accrued,20260910T102726Z,ggfiscal.debt.chains,,A,
FRA,2017,C_s13_gf01_7,residual,3783.7000000000044,residual,,accrued,20260910T102726Z,ggfiscal.debt.chains,,B,
FRA,2018,register,official_total,,computed,,,20260910T102726Z,ggfiscal.debt.chains,,B,
FRA,2018,A_cg_cash,carried_from_previous_step,,computed,,,20260910T102726Z,ggfiscal.debt.chains,,B,
FRA,2018,A_cg_cash,official_total,,official,FRA_PLF_P117,cash_budgetaire,20260910T102726Z,ggfiscal.debt.chains,,A,
FRA,2018,A_cg_cash,residual,,residual,,,20260910T102726Z,ggfiscal.debt.chains,,B,
FRA,2018,B_s1311_d41,carried_from_previous_step,,computed,,,20260910T102726Z,ggfiscal.debt.chains,,B,
FRA,2018,B_s1311_d41,official_total,36039.2,official,EUROSTAT_GOV10A_MAIN_S1311,accrued,20260910T102726Z,ggfiscal.debt.chains,,A,
FRA,2018,B_s1311_d41,residual,,residual,,accrued,20260910T102726Z,ggfiscal.debt.chains,,B,
FRA,2018,C_s13_gf01_7,carried_from_previous_step,36039.2,computed,,,20260910T102726Z,ggfiscal.debt.chains,,B,
FRA,2018,C_s13_gf01_7,local_government_d41,1973.1,official,EUROSTAT_GOV10A_MAIN_S1311,accrued,20260910T102726Z,ggfiscal.debt.chains,,A,
FRA,2018,C_s13_gf01_7,social_security_funds_d41,3679.3,official,EUROSTAT_GOV10A_MAIN_S1311,accrued,20260910T102726Z,ggfiscal.debt.chains,,A,
FRA,2018,C_s13_gf01_7,official_total,45221.8,official,package_GF01_7,accrued,20260910T102726Z,ggfiscal.debt.chains,,A,
FRA,2018,C_s13_gf01_7,residual,3530.2000000000044,residual,,accrued,20260910T102726Z,ggfiscal.debt.chains,,B,
FRA,2019,register,official_total,,computed,,,20260910T102726Z,ggfiscal.debt.chains,,B,
FRA,2019,A_cg_cash,carried_from_previous_step,,computed,,,20260910T102726Z,ggfiscal.debt.chains,,B,
FRA,2019,A_cg_cash,official_total,,official,FRA_PLF_P117,cash_budgetaire,20260910T102726Z,ggfiscal.debt.chains,,A,
FRA,2019,A_cg_cash,residual,,residual,,,20260910T102726Z,ggfiscal.debt.chains,,B,
FRA,2019,B_s1311_d41,carried_from_previous_step,,computed,,,20260910T102726Z,ggfiscal.debt.chains,,B,
FRA,2019,B_s1311_d41,official_total,31612.2,official,EUROSTAT_GOV10A_MAIN_S1311,accrued,20260910T102726Z,ggfiscal.debt.chains,,A,
FRA,2019,B_s1311_d41,residual,,residual,,accrued,20260910T102726Z,ggfiscal.debt.chains,,B,
FRA,2019,C_s13_gf01_7,carried_from_previous_step,31612.2,computed,,,20260910T102726Z,ggfiscal.debt.chains,,B,
FRA,2019,C_s13_gf01_7,local_government_d41,2050.9,official,EUROSTAT_GOV10A_MAIN_S1311,accrued,20260910T102726Z,ggfiscal.debt.chains,,A,
FRA,2019,C_s13_gf01_7,social_security_funds_d41,3218.1,official,EUROSTAT_GOV10A_MAIN_S1311,accrued,20260910T102726Z,ggfiscal.debt.chains,,A,
FRA,2019,C_s13_gf01_7,official_total,40027.5,official,package_GF01_7,accrued,20260910T102726Z,ggfiscal.debt.chains,,A,
FRA,2019,C_s13_gf01_7,residual,3146.300000000003,residual,,accrued,20260910T102726Z,ggfiscal.debt.chains,,B,
FRA,2020,register,official_total,,computed,,,20260910T102726Z,ggfiscal.debt.chains,,B,
FRA,2020,A_cg_cash,carried_from_previous_step,,computed,,,20260910T102726Z,ggfiscal.debt.chains,,B,
FRA,2020,A_cg_cash,official_total,,official,FRA_PLF_P117,cash_budgetaire,20260910T102726Z,ggfiscal.debt.chains,,A,
FRA,2020,A_cg_cash,residual,,residual,,,20260910T102726Z,ggfiscal.debt.chains,,B,
FRA,2020,B_s1311_d41,carried_from_previous_step,,computed,,,20260910T102726Z,ggfiscal.debt.chains,,B,
FRA,2020,B_s1311_d41,official_total,25390.6,official,EUROSTAT_GOV10A_MAIN_S1311,accrued,20260910T102726Z,ggfiscal.debt.chains,,A,
FRA,2020,B_s1311_d41,residual,,residual,,accrued,20260910T102726Z,ggfiscal.debt.chains,,B,
FRA,2020,C_s13_gf01_7,carried_from_previous_step,25390.6,computed,,,20260910T102726Z,ggfiscal.debt.chains,,B,
FRA,2020,C_s13_gf01_7,local_government_d41,1807.8,official,EUROSTAT_GOV10A_MAIN_S1311,accrued,20260910T102726Z,ggfiscal.debt.chains,,A,
FRA,2020,C_s13_gf01_7,social_security_funds_d41,2532.7,official,EUROSTAT_GOV10A_MAIN_S1311,accrued,20260910T102726Z,ggfiscal.debt.chains,,A,
FRA,2020,C_s13_gf01_7,official_total,32912.6,official,package_GF01_7,accrued,20260910T102726Z,ggfiscal.debt.chains,,A,
FRA,2020,C_s13_gf01_7,residual,3181.5,residual,,accrued,20260910T102726Z,ggfiscal.debt.chains,,B,
FRA,2021,register,official_total,,computed,,,20260910T102726Z,ggfiscal.debt.chains,,B,
FRA,2021,A_cg_cash,carried_from_previous_step,,computed,,,20260910T102726Z,ggfiscal.debt.chains,,B,
FRA,2021,A_cg_cash,official_total,,official,FRA_PLF_P117,cash_budgetaire,20260910T102726Z,ggfiscal.debt.chains,,A,
FRA,2021,A_cg_cash,residual,,residual,,,20260910T102726Z,ggfiscal.debt.chains,,B,
FRA,2021,B_s1311_d41,carried_from_previous_step,,computed,,,20260910T102726Z,ggfiscal.debt.chains,,B,
FRA,2021,B_s1311_d41,official_total,30966.0,official,EUROSTAT_GOV10A_MAIN_S1311,accrued,20260910T102726Z,ggfiscal.debt.chains,,A,
FRA,2021,B_s1311_d41,residual,,residual,,accrued,20260910T102726Z,ggfiscal.debt.chains,,B,
FRA,2021,C_s13_gf01_7,carried_from_previous_step,30966.0,computed,,,20260910T102726Z,ggfiscal.debt.chains,,B,
FRA,2021,C_s13_gf01_7,local_government_d41,1770.7,official,EUROSTAT_GOV10A_MAIN_S1311,accrued,20260910T102726Z,ggfiscal.debt.chains,,A,
FRA,2021,C_s13_gf01_7,social_security_funds_d41,2099.2,official,EUROSTAT_GOV10A_MAIN_S1311,accrued,20260910T102726Z,ggfiscal.debt.chains,,A,
FRA,2021,C_s13_gf01_7,official_total,37739.9,official,package_GF01_7,accrued,20260910T102726Z,ggfiscal.debt.chains,,A,
FRA,2021,C_s13_gf01_7,residual,2904.0,residual,,accrued,20260910T102726Z,ggfiscal.debt.chains,,B,
FRA,2022,register,official_total,,computed,,,20260910T102726Z,ggfiscal.debt.chains,,B,
FRA,2022,A_cg_cash,carried_from_previous_step,,computed,,,20260910T102726Z,ggfiscal.debt.chains,,B,
FRA,2022,A_cg_cash,official_total,,official,FRA_PLF_P117,cash_budgetaire,20260910T102726Z,ggfiscal.debt.chains,,A,
FRA,2022,A_cg_cash,residual,,residual,,,20260910T102726Z,ggfiscal.debt.chains,,B,
FRA,2022,B_s1311_d41,carried_from_previous_step,,computed,,,20260910T102726Z,ggfiscal.debt.chains,,B,
FRA,2022,B_s1311_d41,official_total,46051.1,official,EUROSTAT_GOV10A_MAIN_S1311,accrued,20260910T102726Z,ggfiscal.debt.chains,,A,
FRA,2022,B_s1311_d41,residual,,residual,,accrued,20260910T102726Z,ggfiscal.debt.chains,,B,
FRA,2022,C_s13_gf01_7,carried_from_previous_step,46051.1,computed,,,20260910T102726Z,ggfiscal.debt.chains,,B,
FRA,2022,C_s13_gf01_7,local_government_d41,2447.9,official,EUROSTAT_GOV10A_MAIN_S1311,accrued,20260910T102726Z,ggfiscal.debt.chains,,A,
FRA,2022,C_s13_gf01_7,social_security_funds_d41,2623.0,official,EUROSTAT_GOV10A_MAIN_S1311,accrued,20260910T102726Z,ggfiscal.debt.chains,,A,
FRA,2022,C_s13_gf01_7,official_total,53023.1,official,package_GF01_7,accrued,20260910T102726Z,ggfiscal.debt.chains,,A,
FRA,2022,C_s13_gf01_7,residual,1901.0999999999985,residual,,accrued,20260910T102726Z,ggfiscal.debt.chains,,B,
FRA,2023,register,official_total,,computed,,,20260910T102726Z,ggfiscal.debt.chains,,B,
FRA,2023,A_cg_cash,carried_from_previous_step,,computed,,,20260910T102726Z,ggfiscal.debt.chains,,B,
FRA,2023,A_cg_cash,official_total,,official,FRA_PLF_P117,cash_budgetaire,20260910T102726Z,ggfiscal.debt.chains,,A,
FRA,2023,A_cg_cash,residual,,residual,,,20260910T102726Z,ggfiscal.debt.chains,,B,
FRA,2023,B_s1311_d41,carried_from_previous_step,,computed,,,20260910T102726Z,ggfiscal.debt.chains,,B,
FRA,2023,B_s1311_d41,official_total,41416.0,official,EUROSTAT_GOV10A_MAIN_S1311,accrued,20260910T102726Z,ggfiscal.debt.chains,,A,
FRA,2023,B_s1311_d41,residual,,residual,,accrued,20260910T102726Z,ggfiscal.debt.chains,,B,
FRA,2023,C_s13_gf01_7,carried_from_previous_step,41416.0,computed,,,20260910T102726Z,ggfiscal.debt.chains,,B,
FRA,2023,C_s13_gf01_7,local_government_d41,7053.9,official,EUROSTAT_GOV10A_MAIN_S1311,accrued,20260910T102726Z,ggfiscal.debt.chains,,A,
FRA,2023,C_s13_gf01_7,social_security_funds_d41,5115.0,official,EUROSTAT_GOV10A_MAIN_S1311,accrued,20260910T102726Z,ggfiscal.debt.chains,,A,
FRA,2023,C_s13_gf01_7,official_total,51706.4,official,package_GF01_7,accrued,20260910T102726Z,ggfiscal.debt.chains,,A,
FRA,2023,C_s13_gf01_7,residual,-1878.5,residual,,accrued,20260910T102726Z,ggfiscal.debt.chains,,B,
FRA,2024,register,official_total,,computed,,,20260910T102726Z,ggfiscal.debt.chains,,B,
FRA,2024,A_cg_cash,carried_from_previous_step,,computed,,,20260910T102726Z,ggfiscal.debt.chains,,B,
FRA,2024,A_cg_cash,official_total,,official,FRA_PLF_P117,cash_budgetaire,20260910T102726Z,ggfiscal.debt.chains,,A,
FRA,2024,A_cg_cash,residual,,residual,,,20260910T102726Z,ggfiscal.debt.chains,,B,
FRA,2024,B_s1311_d41,carried_from_previous_step,,computed,,,20260910T102726Z,ggfiscal.debt.chains,,B,
FRA,2024,B_s1311_d41,official_total,46851.0,official,EUROSTAT_GOV10A_MAIN_S1311,accrued,20260910T102726Z,ggfiscal.debt.chains,,A,
FRA,2024,B_s1311_d41,residual,,residual,,accrued,20260910T102726Z,ggfiscal.debt.chains,,B,
FRA,2024,C_s13_gf01_7,carried_from_previous_step,46851.0,computed,,,20260910T102726Z,ggfiscal.debt.chains,,B,
FRA,2024,C_s13_gf01_7,local_government_d41,7431.9,official,EUROSTAT_GOV10A_MAIN_S1311,accrued,20260910T102726Z,ggfiscal.debt.chains,,A,
FRA,2024,C_s13_gf01_7,social_security_funds_d41,6045.0,official,EUROSTAT_GOV10A_MAIN_S1311,accrued,20260910T102726Z,ggfiscal.debt.chains,,A,
FRA,2024,C_s13_gf01_7,official_total,58870.2,official,package_GF01_7,accrued,20260910T102726Z,ggfiscal.debt.chains,,A,
FRA,2024,C_s13_gf01_7,residual,-1457.7000000000044,residual,,accrued,20260910T102726Z,ggfiscal.debt.chains,,B,
FRA,2025,register,official_total,,computed,,,20260910T102726Z,ggfiscal.debt.chains,,B,
FRA,2025,A_cg_cash,carried_from_previous_step,,computed,,,20260910T102726Z,ggfiscal.debt.chains,,B,
FRA,2025,A_cg_cash,official_total,,official,FRA_PLF_P117,cash_budgetaire,20260910T102726Z,ggfiscal.debt.chains,,A,
FRA,2025,A_cg_cash,residual,,residual,,,20260910T102726Z,ggfiscal.debt.chains,,B,
FRA,2025,B_s1311_d41,carried_from_previous_step,,computed,,,20260910T102726Z,ggfiscal.debt.chains,,B,
FRA,2025,B_s1311_d41,official_total,53510.0,official,EUROSTAT_GOV10A_MAIN_S1311,accrued,20260910T102726Z,ggfiscal.debt.chains,,A,
FRA,2025,B_s1311_d41,residual,,residual,,accrued,20260910T102726Z,ggfiscal.debt.chains,,B,
FRA,2025,C_s13_gf01_7,carried_from_previous_step,53510.0,computed,,,20260910T102726Z,ggfiscal.debt.chains,,B,
FRA,2025,C_s13_gf01_7,local_government_d41,7426.9,official,EUROSTAT_GOV10A_MAIN_S1311,accrued,20260910T102726Z,ggfiscal.debt.chains,,A,
FRA,2025,C_s13_gf01_7,social_security_funds_d41,5890.0,official,EUROSTAT_GOV10A_MAIN_S1311,accrued,20260910T102726Z,ggfiscal.debt.chains,,A,
FRA,2025,C_s13_gf01_7,official_total,65238.81665133901,official,package_GF01_7,accrued,20260910T102726Z,ggfiscal.debt.chains,,A,
FRA,2025,C_s13_gf01_7,residual,-1588.0833486609845,residual,,accrued,20260910T102726Z,ggfiscal.debt.chains,,B,
DEU,1991,register,official_total,,computed,,,20260910T102726Z,ggfiscal.debt.chains,,B,
DEU,1991,A_cg_cash,carried_from_previous_step,,computed,,,20260910T102726Z,ggfiscal.debt.chains,,B,
DEU,1991,A_cg_cash,official_total,,official,BMF_DATENPORTAL,cash,20260910T102726Z,ggfiscal.debt.chains,,A,
DEU,1991,A_cg_cash,residual,,residual,,,20260910T102726Z,ggfiscal.debt.chains,,B,
DEU,1991,B_s1311_d41,carried_from_previous_step,,computed,,,20260910T102726Z,ggfiscal.debt.chains,,B,
DEU,1991,B_s1311_d41,official_total,,official,EUROSTAT_GOV10A_MAIN_S1311,accrued,20260910T102726Z,ggfiscal.debt.chains,,A,
DEU,1991,B_s1311_d41,residual,,residual,,,20260910T102726Z,ggfiscal.debt.chains,,B,
DEU,1991,C_s13_gf01_7,carried_from_previous_step,,computed,,,20260910T102726Z,ggfiscal.debt.chains,,B,
DEU,1991,C_s13_gf01_7,official_total,42517.0,official,package_GF01_7,accrued,20260910T102726Z,ggfiscal.debt.chains,,A,
DEU,1991,C_s13_gf01_7,residual,,residual,,accrued,20260910T102726Z,ggfiscal.debt.chains,,B,
DEU,1992,register,official_total,,computed,,,20260910T102726Z,ggfiscal.debt.chains,,B,
DEU,1992,A_cg_cash,carried_from_previous_step,,computed,,,20260910T102726Z,ggfiscal.debt.chains,,B,
DEU,1992,A_cg_cash,official_total,,official,BMF_DATENPORTAL,cash,20260910T102726Z,ggfiscal.debt.chains,,A,
DEU,1992,A_cg_cash,residual,,residual,,,20260910T102726Z,ggfiscal.debt.chains,,B,
DEU,1992,B_s1311_d41,carried_from_previous_step,,computed,,,20260910T102726Z,ggfiscal.debt.chains,,B,
DEU,1992,B_s1311_d41,official_total,,official,EUROSTAT_GOV10A_MAIN_S1311,accrued,20260910T102726Z,ggfiscal.debt.chains,,A,
DEU,1992,B_s1311_d41,residual,,residual,,,20260910T102726Z,ggfiscal.debt.chains,,B,
DEU,1992,C_s13_gf01_7,carried_from_previous_step,,computed,,,20260910T102726Z,ggfiscal.debt.chains,,B,
DEU,1992,C_s13_gf01_7,official_total,52619.99999999999,official,package_GF01_7,accrued,20260910T102726Z,ggfiscal.debt.chains,,A,
DEU,1992,C_s13_gf01_7,residual,,residual,,accrued,20260910T102726Z,ggfiscal.debt.chains,,B,
DEU,1993,register,official_total,,computed,,,20260910T102726Z,ggfiscal.debt.chains,,B,
DEU,1993,A_cg_cash,carried_from_previous_step,,computed,,,20260910T102726Z,ggfiscal.debt.chains,,B,
DEU,1993,A_cg_cash,official_total,,official,BMF_DATENPORTAL,cash,20260910T102726Z,ggfiscal.debt.chains,,A,
DEU,1993,A_cg_cash,residual,,residual,,,20260910T102726Z,ggfiscal.debt.chains,,B,
DEU,1993,B_s1311_d41,carried_from_previous_step,,computed,,,20260910T102726Z,ggfiscal.debt.chains,,B,
DEU,1993,B_s1311_d41,official_total,,official,EUROSTAT_GOV10A_MAIN_S1311,accrued,20260910T102726Z,ggfiscal.debt.chains,,A,
DEU,1993,B_s1311_d41,residual,,residual,,,20260910T102726Z,ggfiscal.debt.chains,,B,
DEU,1993,C_s13_gf01_7,carried_from_previous_step,,computed,,,20260910T102726Z,ggfiscal.debt.chains,,B,
DEU,1993,C_s13_gf01_7,official_total,55595.99999999999,official,package_GF01_7,accrued,20260910T102726Z,ggfiscal.debt.chains,,A,
DEU,1993,C_s13_gf01_7,residual,,residual,,accrued,20260910T102726Z,ggfiscal.debt.chains,,B,
DEU,1994,register,official_total,,computed,,,20260910T102726Z,ggfiscal.debt.chains,,B,
DEU,1994,A_cg_cash,carried_from_previous_step,,computed,,,20260910T102726Z,ggfiscal.debt.chains,,B,
DEU,1994,A_cg_cash,official_total,,official,BMF_DATENPORTAL,cash,20260910T102726Z,ggfiscal.debt.chains,,A,
DEU,1994,A_cg_cash,residual,,residual,,,20260910T102726Z,ggfiscal.debt.chains,,B,
DEU,1994,B_s1311_d41,carried_from_previous_step,,computed,,,20260910T102726Z,ggfiscal.debt.chains,,B,
DEU,1994,B_s1311_d41,official_total,,official,EUROSTAT_GOV10A_MAIN_S1311,accrued,20260910T102726Z,ggfiscal.debt.chains,,A,
DEU,1994,B_s1311_d41,residual,,residual,,,20260910T102726Z,ggfiscal.debt.chains,,B,
DEU,1994,C_s13_gf01_7,carried_from_previous_step,,computed,,,20260910T102726Z,ggfiscal.debt.chains,,B,
DEU,1994,C_s13_gf01_7,official_total,60627.0,official,package_GF01_7,accrued,20260910T102726Z,ggfiscal.debt.chains,,A,
DEU,1994,C_s13_gf01_7,residual,,residual,,accrued,20260910T102726Z,ggfiscal.debt.chains,,B,
DEU,1995,register,official_total,,computed,,,20260910T102726Z,ggfiscal.debt.chains,,B,
DEU,1995,A_cg_cash,carried_from_previous_step,,computed,,,20260910T102726Z,ggfiscal.debt.chains,,B,
DEU,1995,A_cg_cash,official_total,,official,BMF_DATENPORTAL,cash,20260910T102726Z,ggfiscal.debt.chains,,A,
DEU,1995,A_cg_cash,residual,,residual,,,20260910T102726Z,ggfiscal.debt.chains,,B,
DEU,1995,B_s1311_d41,carried_from_previous_step,,computed,,,20260910T102726Z,ggfiscal.debt.chains,,B,
DEU,1995,B_s1311_d41,official_total,44200.0,official,EUROSTAT_GOV10A_MAIN_S1311,accrued,20260910T102726Z,ggfiscal.debt.chains,,A,
DEU,1995,B_s1311_d41,residual,,residual,,accrued,20260910T102726Z,ggfiscal.debt.chains,,B,
DEU,1995,C_s13_gf01_7,carried_from_previous_step,44200.0,computed,,,20260910T102726Z,ggfiscal.debt.chains,,B,
DEU,1995,C_s13_gf01_7,state_government_d41,16479.0,official,EUROSTAT_GOV10A_MAIN_S1311,accrued,20260910T102726Z,ggfiscal.debt.chains,,A,
DEU,1995,C_s13_gf01_7,local_government_d41,6185.0,official,EUROSTAT_GOV10A_MAIN_S1311,accrued,20260910T102726Z,ggfiscal.debt.chains,,A,
DEU,1995,C_s13_gf01_7,social_security_funds_d41,139.0,official,EUROSTAT_GOV10A_MAIN_S1311,accrued,20260910T102726Z,ggfiscal.debt.chains,,A,
DEU,1995,C_s13_gf01_7,official_total,66581.0,official,package_GF01_7,accrued,20260910T102726Z,ggfiscal.debt.chains,,A,
DEU,1995,C_s13_gf01_7,residual,-422.0,residual,,accrued,20260910T102726Z,ggfiscal.debt.chains,,B,
DEU,1996,register,sum_bill,0.0,computed,ggfiscal.debt.register,cash,20260910T102726Z,ggfiscal.debt.chains,,A,computed from the per-security register (debt_interest_by_security / debt_flows)
DEU,1996,register,sum_fixed_bullet,6432.051866268737,computed,ggfiscal.debt.register,cash,20260910T102726Z,ggfiscal.debt.chains,,A,computed from the per-security register (debt_interest_by_security / debt_flows)
DEU,1996,register,sum_floating,290.92508040849003,computed,ggfiscal.debt.register,cash,20260910T102726Z,ggfiscal.debt.chains,,A,computed from the per-security register (debt_interest_by_security / debt_flows)
DEU,1996,register,sum_other,0.0,computed,ggfiscal.debt.register,cash,20260910T102726Z,ggfiscal.debt.chains,,A,computed from the per-security register (debt_interest_by_security / debt_flows)
DEU,1996,register,official_total,6722.976946677228,computed,,cash,20260910T102726Z,ggfiscal.debt.chains,,B,
DEU,1996,A_cg_cash,carried_from_previous_step,6722.976946677228,computed,,,20260910T102726Z,ggfiscal.debt.chains,,B,
DEU,1996,A_cg_cash,out_of_register_geldmarkt,0.0,official,BMF_DATENPORTAL,cash,20260910T102726Z,ggfiscal.debt.chains,,A,
DEU,1996,A_cg_cash,out_of_register_mitfinanzierung_abwicklungsanstalten_kfw,0.0,official,BMF_DATENPORTAL,cash,20260910T102726Z,ggfiscal.debt.chains,,A,
DEU,1996,A_cg_cash,out_of_register_schuldschein,6569.669423,official,BMF_DATENPORTAL,cash,20260910T102726Z,ggfiscal.debt.chains,,A,
DEU,1996,A_cg_cash,out_of_register_sonstige_kredite,112.531759,official,BMF_DATENPORTAL,cash,20260910T102726Z,ggfiscal.debt.chains,,A,
DEU,1996,A_cg_cash,official_total,38785.0,official,BMF_DATENPORTAL,cash,20260910T102726Z,ggfiscal.debt.chains,,A,
DEU,1996,A_cg_cash,residual,25379.821871322772,residual,,cash,20260910T102726Z,ggfiscal.debt.chains,,B,
DEU,1996,B_s1311_d41,carried_from_previous_step,38785.0,computed,,,20260910T102726Z,ggfiscal.debt.chains,,B,
DEU,1996,B_s1311_d41,official_total,44133.0,official,EUROSTAT_GOV10A_MAIN_S1311,accrued,20260910T102726Z,ggfiscal.debt.chains,,A,
DEU,1996,B_s1311_d41,residual,5348.0,residual,,accrued,20260910T102726Z,ggfiscal.debt.chains,,B,
DEU,1996,C_s13_gf01_7,carried_from_previous_step,44133.0,computed,,,20260910T102726Z,ggfiscal.debt.chains,,B,
DEU,1996,C_s13_gf01_7,state_government_d41,16980.0,official,EUROSTAT_GOV10A_MAIN_S1311,accrued,20260910T102726Z,ggfiscal.debt.chains,,A,
DEU,1996,C_s13_gf01_7,local_government_d41,5956.0,official,EUROSTAT_GOV10A_MAIN_S1311,accrued,20260910T102726Z,ggfiscal.debt.chains,,A,
DEU,1996,C_s13_gf01_7,social_security_funds_d41,114.0,official,EUROSTAT_GOV10A_MAIN_S1311,accrued,20260910T102726Z,ggfiscal.debt.chains,,A,
DEU,1996,C_s13_gf01_7,official_total,66769.0,official,package_GF01_7,accrued,20260910T102726Z,ggfiscal.debt.chains,,A,
DEU,1996,C_s13_gf01_7,residual,-414.0,residual,,accrued,20260910T102726Z,ggfiscal.debt.chains,,B,
DEU,1997,register,sum_bill,0.0,computed,ggfiscal.debt.register,cash,20260910T102726Z,ggfiscal.debt.chains,,A,computed from the per-security register (debt_interest_by_security / debt_flows)
DEU,1997,register,sum_fixed_bullet,8014.5002386934875,computed,ggfiscal.debt.register,cash,20260910T102726Z,ggfiscal.debt.chains,,A,computed from the per-security register (debt_interest_by_security / debt_flows)
DEU,1997,register,sum_floating,237.75072476265004,computed,ggfiscal.debt.register,cash,20260910T102726Z,ggfiscal.debt.chains,,A,computed from the per-security register (debt_interest_by_security / debt_flows)
DEU,1997,register,sum_other,0.0,computed,ggfiscal.debt.register,cash,20260910T102726Z,ggfiscal.debt.chains,,A,computed from the per-security register (debt_interest_by_security / debt_flows)
DEU,1997,register,official_total,8252.250963456137,computed,,cash,20260910T102726Z,ggfiscal.debt.chains,,B,
DEU,1997,A_cg_cash,carried_from_previous_step,8252.250963456137,computed,,,20260910T102726Z,ggfiscal.debt.chains,,B,
DEU,1997,A_cg_cash,out_of_register_geldmarkt,0.0,official,BMF_DATENPORTAL,cash,20260910T102726Z,ggfiscal.debt.chains,,A,
DEU,1997,A_cg_cash,out_of_register_mitfinanzierung_abwicklungsanstalten_kfw,0.0,official,BMF_DATENPORTAL,cash,20260910T102726Z,ggfiscal.debt.chains,,A,
DEU,1997,A_cg_cash,out_of_register_schuldschein,6641.539597,official,BMF_DATENPORTAL,cash,20260910T102726Z,ggfiscal.debt.chains,,A,
DEU,1997,A_cg_cash,out_of_register_sonstige_kredite,108.102078,official,BMF_DATENPORTAL,cash,20260910T102726Z,ggfiscal.debt.chains,,A,
DEU,1997,A_cg_cash,official_total,40135.0,official,BMF_DATENPORTAL,cash,20260910T102726Z,ggfiscal.debt.chains,,A,
DEU,1997,A_cg_cash,residual,25133.10736154386,residual,,cash,20260910T102726Z,ggfiscal.debt.chains,,B,
DEU,1997,B_s1311_d41,carried_from_previous_step,40135.0,computed,,,20260910T102726Z,ggfiscal.debt.chains,,B,
DEU,1997,B_s1311_d41,official_total,44052.0,official,EUROSTAT_GOV10A_MAIN_S1311,accrued,20260910T102726Z,ggfiscal.debt.chains,,A,
DEU,1997,B_s1311_d41,residual,3917.0,residual,,accrued,20260910T102726Z,ggfiscal.debt.chains,,B,
DEU,1997,C_s13_gf01_7,carried_from_previous_step,44052.0,computed,,,20260910T102726Z,ggfiscal.debt.chains,,B,
DEU,1997,C_s13_gf01_7,state_government_d41,17540.0,official,EUROSTAT_GOV10A_MAIN_S1311,accrued,20260910T102726Z,ggfiscal.debt.chains,,A,
DEU,1997,C_s13_gf01_7,local_government_d41,5485.0,official,EUROSTAT_GOV10A_MAIN_S1311,accrued,20260910T102726Z,ggfiscal.debt.chains,,A,
DEU,1997,C_s13_gf01_7,social_security_funds_d41,93.0,official,EUROSTAT_GOV10A_MAIN_S1311,accrued,20260910T102726Z,ggfiscal.debt.chains,,A,
DEU,1997,C_s13_gf01_7,official_total,66801.0,official,package_GF01_7,accrued,20260910T102726Z,ggfiscal.debt.chains,,A,
DEU,1997,C_s13_gf01_7,residual,-369.0,residual,,accrued,20260910T102726Z,ggfiscal.debt.chains,,B,
DEU,1998,register,sum_bill,0.0,computed,ggfiscal.debt.register,cash,20260910T102726Z,ggfiscal.debt.chains,,A,computed from the per-security register (debt_interest_by_security / debt_flows)
DEU,1998,register,sum_fixed_bullet,11521.672817943838,computed,ggfiscal.debt.register,cash,20260910T102726Z,ggfiscal.debt.chains,,A,computed from the per-security register (debt_interest_by_security / debt_flows)
DEU,1998,register,sum_floating,222.79543723725754,computed,ggfiscal.debt.register,cash,20260910T102726Z,ggfiscal.debt.chains,,A,computed from the per-security register (debt_interest_by_security / debt_flows)
DEU,1998,register,sum_other,0.0,computed,ggfiscal.debt.register,cash,20260910T102726Z,ggfiscal.debt.chains,,A,computed from the per-security register (debt_interest_by_security / debt_flows)
DEU,1998,register,official_total,11744.468255181095,computed,,cash,20260910T102726Z,ggfiscal.debt.chains,,B,
DEU,1998,A_cg_cash,carried_from_previous_step,11744.468255181095,computed,,,20260910T102726Z,ggfiscal.debt.chains,,B,
DEU,1998,A_cg_cash,out_of_register_geldmarkt,0.0,official,BMF_DATENPORTAL,cash,20260910T102726Z,ggfiscal.debt.chains,,A,
DEU,1998,A_cg_cash,out_of_register_mitfinanzierung_abwicklungsanstalten_kfw,0.0,official,BMF_DATENPORTAL,cash,20260910T102726Z,ggfiscal.debt.chains,,A,
DEU,1998,A_cg_cash,out_of_register_schuldschein,7054.058445,official,BMF_DATENPORTAL,cash,20260910T102726Z,ggfiscal.debt.chains,,A,
DEU,1998,A_cg_cash,out_of_register_sonstige_kredite,103.699229,official,BMF_DATENPORTAL,cash,20260910T102726Z,ggfiscal.debt.chains,,A,
DEU,1998,A_cg_cash,official_total,41319.0,official,BMF_DATENPORTAL,cash,20260910T102726Z,ggfiscal.debt.chains,,A,
DEU,1998,A_cg_cash,residual,22416.774070818905,residual,,cash,20260910T102726Z,ggfiscal.debt.chains,,B,
DEU,1998,B_s1311_d41,carried_from_previous_step,41319.0,computed,,,20260910T102726Z,ggfiscal.debt.chains,,B,
DEU,1998,B_s1311_d41,official_total,44937.0,official,EUROSTAT_GOV10A_MAIN_S1311,accrued,20260910T102726Z,ggfiscal.debt.chains,,A,
DEU,1998,B_s1311_d41,residual,3618.0,residual,,accrued,20260910T102726Z,ggfiscal.debt.chains,,B,
DEU,1998,C_s13_gf01_7,carried_from_previous_step,44937.0,computed,,,20260910T102726Z,ggfiscal.debt.chains,,B,
DEU,1998,C_s13_gf01_7,state_government_d41,17830.0,official,EUROSTAT_GOV10A_MAIN_S1311,accrued,20260910T102726Z,ggfiscal.debt.chains,,A,
DEU,1998,C_s13_gf01_7,local_government_d41,5269.0,official,EUROSTAT_GOV10A_MAIN_S1311,accrued,20260910T102726Z,ggfiscal.debt.chains,,A,
DEU,1998,C_s13_gf01_7,social_security_funds_d41,92.0,official,EUROSTAT_GOV10A_MAIN_S1311,accrued,20260910T102726Z,ggfiscal.debt.chains,,A,
DEU,1998,C_s13_gf01_7,official_total,67765.0,official,package_GF01_7,accrued,20260910T102726Z,ggfiscal.debt.chains,,A,
DEU,1998,C_s13_gf01_7,residual,-363.0,residual,,accrued,20260910T102726Z,ggfiscal.debt.chains,,B,
DEU,1999,register,sum_bill,134.00000000000023,computed,ggfiscal.debt.register,cash,20260910T102726Z,ggfiscal.debt.chains,,A,computed from the per-security register (debt_interest_by_security / debt_flows)
DEU,1999,register,sum_fixed_bullet,17188.330871062375,computed,ggfiscal.debt.register,cash,20260910T102726Z,ggfiscal.debt.chains,,A,computed from the per-security register (debt_interest_by_security / debt_flows)
DEU,1999,register,sum_floating,163.23070001411435,computed,ggfiscal.debt.register,cash,20260910T102726Z,ggfiscal.debt.chains,,A,computed from the per-security register (debt_interest_by_security / debt_flows)
DEU,1999,register,sum_other,0.0,computed,ggfiscal.debt.register,cash,20260910T102726Z,ggfiscal.debt.chains,,A,computed from the per-security register (debt_interest_by_security / debt_flows)
DEU,1999,register,official_total,17485.56157107649,computed,,cash,20260910T102726Z,ggfiscal.debt.chains,,B,
DEU,1999,A_cg_cash,carried_from_previous_step,17485.56157107649,computed,,,20260910T102726Z,ggfiscal.debt.chains,,B,
DEU,1999,A_cg_cash,issue_premium_at_value_date,303.66022614000093,computed,ggfiscal.debt.register,cash,20260910T102726Z,ggfiscal.debt.chains,,B,
DEU,1999,A_cg_cash,accrued_interest_received_at_issue,-1210.1860525660602,computed,ggfiscal.debt.register,cash,20260910T102726Z,ggfiscal.debt.chains,,B,
DEU,1999,A_cg_cash,out_of_register_geldmarkt,0.0,official,BMF_DATENPORTAL,cash,20260910T102726Z,ggfiscal.debt.chains,,A,
DEU,1999,A_cg_cash,out_of_register_mitfinanzierung_abwicklungsanstalten_kfw,0.0,official,BMF_DATENPORTAL,cash,20260910T102726Z,ggfiscal.debt.chains,,A,
DEU,1999,A_cg_cash,out_of_register_schuldschein,6271.930473,official,BMF_DATENPORTAL,cash,20260910T102726Z,ggfiscal.debt.chains,,A,
DEU,1999,A_cg_cash,out_of_register_sonstige_kredite,99.187894,official,BMF_DATENPORTAL,cash,20260910T102726Z,ggfiscal.debt.chains,,A,
DEU,1999,A_cg_cash,official_total,42918.0,official,BMF_DATENPORTAL,cash,20260910T102726Z,ggfiscal.debt.chains,,A,
DEU,1999,A_cg_cash,residual,19967.84588834957,residual,,cash,20260910T102726Z,ggfiscal.debt.chains,,B,
DEU,1999,B_s1311_d41,carried_from_previous_step,42918.0,computed,,,20260910T102726Z,ggfiscal.debt.chains,,B,
DEU,1999,B_s1311_d41,official_total,42882.0,official,EUROSTAT_GOV10A_MAIN_S1311,accrued,20260910T102726Z,ggfiscal.debt.chains,,A,
DEU,1999,B_s1311_d41,residual,-36.0,residual,,accrued,20260910T102726Z,ggfiscal.debt.chains,,B,
DEU,1999,C_s13_gf01_7,carried_from_previous_step,42882.0,computed,,,20260910T102726Z,ggfiscal.debt.chains,,B,
DEU,1999,C_s13_gf01_7,state_government_d41,17156.0,official,EUROSTAT_GOV10A_MAIN_S1311,accrued,20260910T102726Z,ggfiscal.debt.chains,,A,
DEU,1999,C_s13_gf01_7,local_government_d41,4459.0,official,EUROSTAT_GOV10A_MAIN_S1311,accrued,20260910T102726Z,ggfiscal.debt.chains,,A,
DEU,1999,C_s13_gf01_7,social_security_funds_d41,112.0,official,EUROSTAT_GOV10A_MAIN_S1311,accrued,20260910T102726Z,ggfiscal.debt.chains,,A,
DEU,1999,C_s13_gf01_7,official_total,64274.0,official,package_GF01_7,accrued,20260910T102726Z,ggfiscal.debt.chains,,A,
DEU,1999,C_s13_gf01_7,residual,-335.0,residual,,accrued,20260910T102726Z,ggfiscal.debt.chains,,B,
DEU,2000,register,sum_bill,320.5000000000002,computed,ggfiscal.debt.register,cash,20260910T102726Z,ggfiscal.debt.chains,,A,computed from the per-security register (debt_interest_by_security / debt_flows)
DEU,2000,register,sum_fixed_bullet,21585.10200447792,computed,ggfiscal.debt.register,cash,20260910T102726Z,ggfiscal.debt.chains,,A,computed from the per-security register (debt_interest_by_security / debt_flows)
DEU,2000,register,sum_floating,224.29901883692588,computed,ggfiscal.debt.register,cash,20260910T102726Z,ggfiscal.debt.chains,,A,computed from the per-security register (debt_interest_by_security / debt_flows)
DEU,2000,register,sum_other,0.0,computed,ggfiscal.debt.register,cash,20260910T102726Z,ggfiscal.debt.chains,,A,computed from the per-security register (debt_interest_by_security / debt_flows)
DEU,2000,register,official_total,22129.901023314847,computed,,cash,20260910T102726Z,ggfiscal.debt.chains,,B,
DEU,2000,A_cg_cash,carried_from_previous_step,22129.901023314847,computed,,,20260910T102726Z,ggfiscal.debt.chains,,B,
DEU,2000,A_cg_cash,issue_premium_at_value_date,715.67960822,computed,ggfiscal.debt.register,cash,20260910T102726Z,ggfiscal.debt.chains,,B,
DEU,2000,A_cg_cash,accrued_interest_received_at_issue,-1859.0651907402837,computed,ggfiscal.debt.register,cash,20260910T102726Z,ggfiscal.debt.chains,,B,
DEU,2000,A_cg_cash,out_of_register_geldmarkt,0.0,official,BMF_DATENPORTAL,cash,20260910T102726Z,ggfiscal.debt.chains,,A,
DEU,2000,A_cg_cash,out_of_register_mitfinanzierung_abwicklungsanstalten_kfw,0.0,official,BMF_DATENPORTAL,cash,20260910T102726Z,ggfiscal.debt.chains,,A,
DEU,2000,A_cg_cash,out_of_register_schuldschein,5385.994214,official,BMF_DATENPORTAL,cash,20260910T102726Z,ggfiscal.debt.chains,,A,
DEU,2000,A_cg_cash,out_of_register_sonstige_kredite,84.783869,official,BMF_DATENPORTAL,cash,20260910T102726Z,ggfiscal.debt.chains,,A,
DEU,2000,A_cg_cash,official_total,40410.0,official,BMF_DATENPORTAL,cash,20260910T102726Z,ggfiscal.debt.chains,,A,
DEU,2000,A_cg_cash,residual,13952.706476205436,residual,,cash,20260910T102726Z,ggfiscal.debt.chains,,B,
DEU,2000,B_s1311_d41,carried_from_previous_step,40410.0,computed,,,20260910T102726Z,ggfiscal.debt.chains,,B,
DEU,2000,B_s1311_d41,official_total,44287.0,official,EUROSTAT_GOV10A_MAIN_S1311,accrued,20260910T102726Z,ggfiscal.debt.chains,,A,
DEU,2000,B_s1311_d41,residual,3877.0,residual,,accrued,20260910T102726Z,ggfiscal.debt.chains,,B,
DEU,2000,C_s13_gf01_7,carried_from_previous_step,44287.0,computed,,,20260910T102726Z,ggfiscal.debt.chains,,B,
DEU,2000,C_s13_gf01_7,state_government_d41,18423.0,official,EUROSTAT_GOV10A_MAIN_S1311,accrued,20260910T102726Z,ggfiscal.debt.chains,,A,
DEU,2000,C_s13_gf01_7,local_government_d41,4959.0,official,EUROSTAT_GOV10A_MAIN_S1311,accrued,20260910T102726Z,ggfiscal.debt.chains,,A,
DEU,2000,C_s13_gf01_7,social_security_funds_d41,157.0,official,EUROSTAT_GOV10A_MAIN_S1311,accrued,20260910T102726Z,ggfiscal.debt.chains,,A,
DEU,2000,C_s13_gf01_7,official_total,71481.0,official,package_GF01_7,accrued,20260910T102726Z,ggfiscal.debt.chains,,A,
DEU,2000,C_s13_gf01_7,residual,3655.0,residual,,accrued,20260910T102726Z,ggfiscal.debt.chains,,B,
DEU,2001,register,sum_bill,532.0899999999995,computed,ggfiscal.debt.register,cash,20260910T102726Z,ggfiscal.debt.chains,,A,computed from the per-security register (debt_interest_by_security / debt_flows)
DEU,2001,register,sum_fixed_bullet,26981.002254061976,computed,ggfiscal.debt.register,cash,20260910T102726Z,ggfiscal.debt.chains,,A,computed from the per-security register (debt_interest_by_security / debt_flows)
DEU,2001,register,sum_floating,243.94016863063771,computed,ggfiscal.debt.register,cash,20260910T102726Z,ggfiscal.debt.chains,,A,computed from the per-security register (debt_interest_by_security / debt_flows)
DEU,2001,register,sum_other,0.0,computed,ggfiscal.debt.register,cash,20260910T102726Z,ggfiscal.debt.chains,,A,computed from the per-security register (debt_interest_by_security / debt_flows)
DEU,2001,register,official_total,27757.032422692613,computed,,cash,20260910T102726Z,ggfiscal.debt.chains,,B,
DEU,2001,A_cg_cash,carried_from_previous_step,27757.032422692613,computed,,,20260910T102726Z,ggfiscal.debt.chains,,B,
DEU,2001,A_cg_cash,issue_premium_at_value_date,-53.4770480000004,computed,ggfiscal.debt.register,cash,20260910T102726Z,ggfiscal.debt.chains,,B,
DEU,2001,A_cg_cash,accrued_interest_received_at_issue,-1104.3804785841005,computed,ggfiscal.debt.register,cash,20260910T102726Z,ggfiscal.debt.chains,,B,
DEU,2001,A_cg_cash,out_of_register_geldmarkt,0.0,official,BMF_DATENPORTAL,cash,20260910T102726Z,ggfiscal.debt.chains,,A,
DEU,2001,A_cg_cash,out_of_register_mitfinanzierung_abwicklungsanstalten_kfw,0.0,official,BMF_DATENPORTAL,cash,20260910T102726Z,ggfiscal.debt.chains,,A,
DEU,2001,A_cg_cash,out_of_register_schuldschein,4579.571483,official,BMF_DATENPORTAL,cash,20260910T102726Z,ggfiscal.debt.chains,,A,
DEU,2001,A_cg_cash,out_of_register_sonstige_kredite,68.187428,official,BMF_DATENPORTAL,cash,20260910T102726Z,ggfiscal.debt.chains,,A,
DEU,2001,A_cg_cash,official_total,39147.0,official,BMF_DATENPORTAL,cash,20260910T102726Z,ggfiscal.debt.chains,,A,
DEU,2001,A_cg_cash,residual,7900.066192891489,residual,,cash,20260910T102726Z,ggfiscal.debt.chains,,B,
DEU,2001,B_s1311_d41,carried_from_previous_step,39147.0,computed,,,20260910T102726Z,ggfiscal.debt.chains,,B,
DEU,2001,B_s1311_d41,official_total,42501.0,official,EUROSTAT_GOV10A_MAIN_S1311,accrued,20260910T102726Z,ggfiscal.debt.chains,,A,
DEU,2001,B_s1311_d41,residual,3354.0,residual,,accrued,20260910T102726Z,ggfiscal.debt.chains,,B,
DEU,2001,C_s13_gf01_7,carried_from_previous_step,42501.0,computed,,,20260910T102726Z,ggfiscal.debt.chains,,B,
DEU,2001,C_s13_gf01_7,state_government_d41,18917.0,official,EUROSTAT_GOV10A_MAIN_S1311,accrued,20260910T102726Z,ggfiscal.debt.chains,,A,
DEU,2001,C_s13_gf01_7,local_government_d41,4859.0,official,EUROSTAT_GOV10A_MAIN_S1311,accrued,20260910T102726Z,ggfiscal.debt.chains,,A,
DEU,2001,C_s13_gf01_7,social_security_funds_d41,209.0,official,EUROSTAT_GOV10A_MAIN_S1311,accrued,20260910T102726Z,ggfiscal.debt.chains,,A,
DEU,2001,C_s13_gf01_7,official_total,70194.0,official,package_GF01_7,accrued,20260910T102726Z,ggfiscal.debt.chains,,A,
DEU,2001,C_s13_gf01_7,residual,3708.0,residual,,accrued,20260910T102726Z,ggfiscal.debt.chains,,B,
DEU,2002,register,sum_bill,727.449999999999,computed,ggfiscal.debt.register,cash,20260910T102726Z,ggfiscal.debt.chains,,A,computed from the per-security register (debt_interest_by_security / debt_flows)
DEU,2002,register,sum_fixed_bullet,31355.594955862078,computed,ggfiscal.debt.register,cash,20260910T102726Z,ggfiscal.debt.chains,,A,computed from the per-security register (debt_interest_by_security / debt_flows)
DEU,2002,register,sum_floating,185.4689569184324,computed,ggfiscal.debt.register,cash,20260910T102726Z,ggfiscal.debt.chains,,A,computed from the per-security register (debt_interest_by_security / debt_flows)
DEU,2002,register,sum_other,0.0,computed,ggfiscal.debt.register,cash,20260910T102726Z,ggfiscal.debt.chains,,A,computed from the per-security register (debt_interest_by_security / debt_flows)
DEU,2002,register,official_total,32268.513912780512,computed,,cash,20260910T102726Z,ggfiscal.debt.chains,,B,
DEU,2002,A_cg_cash,carried_from_previous_step,32268.513912780512,computed,,,20260910T102726Z,ggfiscal.debt.chains,,B,
DEU,2002,A_cg_cash,issue_premium_at_value_date,-17.60417699999896,computed,ggfiscal.debt.register,cash,20260910T102726Z,ggfiscal.debt.chains,,B,
DEU,2002,A_cg_cash,accrued_interest_received_at_issue,-1725.8542807534247,computed,ggfiscal.debt.register,cash,20260910T102726Z,ggfiscal.debt.chains,,B,
DEU,2002,A_cg_cash,out_of_register_geldmarkt,0.0,official,BMF_DATENPORTAL,cash,20260910T102726Z,ggfiscal.debt.chains,,A,
DEU,2002,A_cg_cash,out_of_register_mitfinanzierung_abwicklungsanstalten_kfw,0.0,official,BMF_DATENPORTAL,cash,20260910T102726Z,ggfiscal.debt.chains,,A,
DEU,2002,A_cg_cash,out_of_register_schuldschein,3613.362145,official,BMF_DATENPORTAL,cash,20260910T102726Z,ggfiscal.debt.chains,,A,
DEU,2002,A_cg_cash,out_of_register_sonstige_kredite,52.390982,official,BMF_DATENPORTAL,cash,20260910T102726Z,ggfiscal.debt.chains,,A,
DEU,2002,A_cg_cash,official_total,39471.0,official,BMF_DATENPORTAL,cash,20260910T102726Z,ggfiscal.debt.chains,,A,
DEU,2002,A_cg_cash,residual,5280.191417972914,residual,,cash,20260910T102726Z,ggfiscal.debt.chains,,B,
DEU,2002,B_s1311_d41,carried_from_previous_step,39471.0,computed,,,20260910T102726Z,ggfiscal.debt.chains,,B,
DEU,2002,B_s1311_d41,official_total,42127.0,official,EUROSTAT_GOV10A_MAIN_S1311,accrued,20260910T102726Z,ggfiscal.debt.chains,,A,
DEU,2002,B_s1311_d41,residual,2656.0,residual,,accrued,20260910T102726Z,ggfiscal.debt.chains,,B,
DEU,2002,C_s13_gf01_7,carried_from_previous_step,42127.0,computed,,,20260910T102726Z,ggfiscal.debt.chains,,B,
DEU,2002,C_s13_gf01_7,state_government_d41,19426.0,official,EUROSTAT_GOV10A_MAIN_S1311,accrued,20260910T102726Z,ggfiscal.debt.chains,,A,
DEU,2002,C_s13_gf01_7,local_government_d41,4624.0,official,EUROSTAT_GOV10A_MAIN_S1311,accrued,20260910T102726Z,ggfiscal.debt.chains,,A,
DEU,2002,C_s13_gf01_7,social_security_funds_d41,234.0,official,EUROSTAT_GOV10A_MAIN_S1311,accrued,20260910T102726Z,ggfiscal.debt.chains,,A,
DEU,2002,C_s13_gf01_7,official_total,70437.0,official,package_GF01_7,accrued,20260910T102726Z,ggfiscal.debt.chains,,A,
DEU,2002,C_s13_gf01_7,residual,4026.0,residual,,accrued,20260910T102726Z,ggfiscal.debt.chains,,B,
DEU,2003,register,sum_bill,814.6500000000001,computed,ggfiscal.debt.register,cash,20260910T102726Z,ggfiscal.debt.chains,,A,computed from the per-security register (debt_interest_by_security / debt_flows)
DEU,2003,register,sum_fixed_bullet,33505.6366103765,computed,ggfiscal.debt.register,cash,20260910T102726Z,ggfiscal.debt.chains,,A,computed from the per-security register (debt_interest_by_security / debt_flows)
DEU,2003,register,sum_floating,137.66763982925795,computed,ggfiscal.debt.register,cash,20260910T102726Z,ggfiscal.debt.chains,,A,computed from the per-security register (debt_interest_by_security / debt_flows)
DEU,2003,register,sum_other,0.0,computed,ggfiscal.debt.register,cash,20260910T102726Z,ggfiscal.debt.chains,,A,computed from the per-security register (debt_interest_by_security / debt_flows)
DEU,2003,register,official_total,34457.95425020576,computed,,cash,20260910T102726Z,ggfiscal.debt.chains,,B,
DEU,2003,A_cg_cash,carried_from_previous_step,34457.95425020576,computed,,,20260910T102726Z,ggfiscal.debt.chains,,B,
DEU,2003,A_cg_cash,issue_premium_at_value_date,177.44338800000008,computed,ggfiscal.debt.register,cash,20260910T102726Z,ggfiscal.debt.chains,,B,
DEU,2003,A_cg_cash,accrued_interest_received_at_issue,-1603.0238353020436,computed,ggfiscal.debt.register,cash,20260910T102726Z,ggfiscal.debt.chains,,B,
DEU,2003,A_cg_cash,out_of_register_geldmarkt,0.0,official,BMF_DATENPORTAL,cash,20260910T102726Z,ggfiscal.debt.chains,,A,
DEU,2003,A_cg_cash,out_of_register_mitfinanzierung_abwicklungsanstalten_kfw,0.0,official,BMF_DATENPORTAL,cash,20260910T102726Z,ggfiscal.debt.chains,,A,
DEU,2003,A_cg_cash,out_of_register_schuldschein,2870.811587,official,BMF_DATENPORTAL,cash,20260910T102726Z,ggfiscal.debt.chains,,A,
DEU,2003,A_cg_cash,out_of_register_sonstige_kredite,47.34175,official,BMF_DATENPORTAL,cash,20260910T102726Z,ggfiscal.debt.chains,,A,
DEU,2003,A_cg_cash,official_total,38327.0,official,BMF_DATENPORTAL,cash,20260910T102726Z,ggfiscal.debt.chains,,A,
DEU,2003,A_cg_cash,residual,2376.4728600962917,residual,,cash,20260910T102726Z,ggfiscal.debt.chains,,B,
DEU,2003,B_s1311_d41,carried_from_previous_step,38327.0,computed,,,20260910T102726Z,ggfiscal.debt.chains,,B,
DEU,2003,B_s1311_d41,official_total,40040.0,official,EUROSTAT_GOV10A_MAIN_S1311,accrued,20260910T102726Z,ggfiscal.debt.chains,,A,
DEU,2003,B_s1311_d41,residual,1713.0,residual,,accrued,20260910T102726Z,ggfiscal.debt.chains,,B,
DEU,2003,C_s13_gf01_7,carried_from_previous_step,40040.0,computed,,,20260910T102726Z,ggfiscal.debt.chains,,B,
DEU,2003,C_s13_gf01_7,state_government_d41,20278.0,official,EUROSTAT_GOV10A_MAIN_S1311,accrued,20260910T102726Z,ggfiscal.debt.chains,,A,
DEU,2003,C_s13_gf01_7,local_government_d41,4807.0,official,EUROSTAT_GOV10A_MAIN_S1311,accrued,20260910T102726Z,ggfiscal.debt.chains,,A,
DEU,2003,C_s13_gf01_7,social_security_funds_d41,219.0,official,EUROSTAT_GOV10A_MAIN_S1311,accrued,20260910T102726Z,ggfiscal.debt.chains,,A,
DEU,2003,C_s13_gf01_7,official_total,68178.0,official,package_GF01_7,accrued,20260910T102726Z,ggfiscal.debt.chains,,A,
DEU,2003,C_s13_gf01_7,residual,2834.0,residual,,accrued,20260910T102726Z,ggfiscal.debt.chains,,B,
DEU,2004,register,sum_bill,740.5799999999989,computed,ggfiscal.debt.register,cash,20260910T102726Z,ggfiscal.debt.chains,,A,computed from the per-security register (debt_interest_by_security / debt_flows)
DEU,2004,register,sum_fixed_bullet,35306.832006880075,computed,ggfiscal.debt.register,cash,20260910T102726Z,ggfiscal.debt.chains,,A,computed from the per-security register (debt_interest_by_security / debt_flows)
DEU,2004,register,sum_floating,89.95976133137466,computed,ggfiscal.debt.register,cash,20260910T102726Z,ggfiscal.debt.chains,,A,computed from the per-security register (debt_interest_by_security / debt_flows)
DEU,2004,register,sum_other,0.0,computed,ggfiscal.debt.register,cash,20260910T102726Z,ggfiscal.debt.chains,,A,computed from the per-security register (debt_interest_by_security / debt_flows)
DEU,2004,register,official_total,36137.37176821145,computed,,cash,20260910T102726Z,ggfiscal.debt.chains,,B,
DEU,2004,A_cg_cash,carried_from_previous_step,36137.37176821145,computed,,,20260910T102726Z,ggfiscal.debt.chains,,B,
DEU,2004,A_cg_cash,issue_premium_at_value_date,686.1664899999973,computed,ggfiscal.debt.register,cash,20260910T102726Z,ggfiscal.debt.chains,,B,
DEU,2004,A_cg_cash,accrued_interest_received_at_issue,-1622.0769232221724,computed,ggfiscal.debt.register,cash,20260910T102726Z,ggfiscal.debt.chains,,B,
DEU,2004,A_cg_cash,out_of_register_geldmarkt,0.0,official,BMF_DATENPORTAL,cash,20260910T102726Z,ggfiscal.debt.chains,,A,
DEU,2004,A_cg_cash,out_of_register_mitfinanzierung_abwicklungsanstalten_kfw,0.0,official,BMF_DATENPORTAL,cash,20260910T102726Z,ggfiscal.debt.chains,,A,
DEU,2004,A_cg_cash,out_of_register_schuldschein,2798.959737,official,BMF_DATENPORTAL,cash,20260910T102726Z,ggfiscal.debt.chains,,A,
DEU,2004,A_cg_cash,out_of_register_sonstige_kredite,44.395758,official,BMF_DATENPORTAL,cash,20260910T102726Z,ggfiscal.debt.chains,,A,
DEU,2004,A_cg_cash,official_total,38702.0,official,BMF_DATENPORTAL,cash,20260910T102726Z,ggfiscal.debt.chains,,A,
DEU,2004,A_cg_cash,residual,657.1831700107286,residual,,cash,20260910T102726Z,ggfiscal.debt.chains,,B,
DEU,2004,B_s1311_d41,carried_from_previous_step,38702.0,computed,,,20260910T102726Z,ggfiscal.debt.chains,,B,
DEU,2004,B_s1311_d41,official_total,39120.0,official,EUROSTAT_GOV10A_MAIN_S1311,accrued,20260910T102726Z,ggfiscal.debt.chains,,A,
DEU,2004,B_s1311_d41,residual,418.0,residual,,accrued,20260910T102726Z,ggfiscal.debt.chains,,B,
DEU,2004,C_s13_gf01_7,carried_from_previous_step,39120.0,computed,,,20260910T102726Z,ggfiscal.debt.chains,,B,
DEU,2004,C_s13_gf01_7,state_government_d41,20097.0,official,EUROSTAT_GOV10A_MAIN_S1311,accrued,20260910T102726Z,ggfiscal.debt.chains,,A,
DEU,2004,C_s13_gf01_7,local_government_d41,4627.0,official,EUROSTAT_GOV10A_MAIN_S1311,accrued,20260910T102726Z,ggfiscal.debt.chains,,A,
DEU,2004,C_s13_gf01_7,social_security_funds_d41,228.0,official,EUROSTAT_GOV10A_MAIN_S1311,accrued,20260910T102726Z,ggfiscal.debt.chains,,A,
DEU,2004,C_s13_gf01_7,official_total,67100.0,official,package_GF01_7,accrued,20260910T102726Z,ggfiscal.debt.chains,,A,
DEU,2004,C_s13_gf01_7,residual,3028.0,residual,,accrued,20260910T102726Z,ggfiscal.debt.chains,,B,
DEU,2005,register,sum_bill,741.7613999999999,computed,ggfiscal.debt.register,cash,20260910T102726Z,ggfiscal.debt.chains,,A,computed from the per-security register (debt_interest_by_security / debt_flows)
DEU,2005,register,sum_fixed_bullet,36882.8415002369,computed,ggfiscal.debt.register,cash,20260910T102726Z,ggfiscal.debt.chains,,A,computed from the per-security register (debt_interest_by_security / debt_flows)
DEU,2005,register,sum_other,0.0,computed,ggfiscal.debt.register,cash,20260910T102726Z,ggfiscal.debt.chains,,A,computed from the per-security register (debt_interest_by_security / debt_flows)
DEU,2005,register,official_total,37624.6029002369,computed,,cash,20260910T102726Z,ggfiscal.debt.chains,,B,
DEU,2005,A_cg_cash,carried_from_previous_step,37624.6029002369,computed,,,20260910T102726Z,ggfiscal.debt.chains,,B,
DEU,2005,A_cg_cash,issue_premium_at_value_date,440.51378352222264,computed,ggfiscal.debt.register,cash,20260910T102726Z,ggfiscal.debt.chains,,B,
DEU,2005,A_cg_cash,accrued_interest_received_at_issue,-1491.5638714611873,computed,ggfiscal.debt.register,cash,20260910T102726Z,ggfiscal.debt.chains,,B,
DEU,2005,A_cg_cash,out_of_register_geldmarkt,0.0,official,BMF_DATENPORTAL,cash,20260910T102726Z,ggfiscal.debt.chains,,A,
DEU,2005,A_cg_cash,out_of_register_mitfinanzierung_abwicklungsanstalten_kfw,0.0,official,BMF_DATENPORTAL,cash,20260910T102726Z,ggfiscal.debt.chains,,A,
DEU,2005,A_cg_cash,out_of_register_schuldschein,2594.375818,official,BMF_DATENPORTAL,cash,20260910T102726Z,ggfiscal.debt.chains,,A,
DEU,2005,A_cg_cash,out_of_register_sonstige_kredite,41.600842,official,BMF_DATENPORTAL,cash,20260910T102726Z,ggfiscal.debt.chains,,A,
DEU,2005,A_cg_cash,official_total,38210.0,official,BMF_DATENPORTAL,cash,20260910T102726Z,ggfiscal.debt.chains,,A,
DEU,2005,A_cg_cash,residual,-999.5294722979379,residual,,cash,20260910T102726Z,ggfiscal.debt.chains,,B,
DEU,2005,B_s1311_d41,carried_from_previous_step,38210.0,computed,,,20260910T102726Z,ggfiscal.debt.chains,,B,
DEU,2005,B_s1311_d41,official_total,38565.0,official,EUROSTAT_GOV10A_MAIN_S1311,accrued,20260910T102726Z,ggfiscal.debt.chains,,A,
DEU,2005,B_s1311_d41,residual,355.0,residual,,accrued,20260910T102726Z,ggfiscal.debt.chains,,B,
DEU,2005,C_s13_gf01_7,carried_from_previous_step,38565.0,computed,,,20260910T102726Z,ggfiscal.debt.chains,,B,
DEU,2005,C_s13_gf01_7,state_government_d41,20392.0,official,EUROSTAT_GOV10A_MAIN_S1311,accrued,20260910T102726Z,ggfiscal.debt.chains,,A,
DEU,2005,C_s13_gf01_7,local_government_d41,4583.0,official,EUROSTAT_GOV10A_MAIN_S1311,accrued,20260910T102726Z,ggfiscal.debt.chains,,A,
DEU,2005,C_s13_gf01_7,social_security_funds_d41,189.0,official,EUROSTAT_GOV10A_MAIN_S1311,accrued,20260910T102726Z,ggfiscal.debt.chains,,A,
DEU,2005,C_s13_gf01_7,official_total,66597.0,official,package_GF01_7,accrued,20260910T102726Z,ggfiscal.debt.chains,,A,
DEU,2005,C_s13_gf01_7,residual,2868.0,residual,,accrued,20260910T102726Z,ggfiscal.debt.chains,,B,
DEU,2006,register,sum_bill,883.3007999999995,computed,ggfiscal.debt.register,cash,20260910T102726Z,ggfiscal.debt.chains,,A,computed from the per-security register (debt_interest_by_security / debt_flows)
DEU,2006,register,sum_fixed_bullet,36860.01984126984,computed,ggfiscal.debt.register,cash,20260910T102726Z,ggfiscal.debt.chains,,A,computed from the per-security register (debt_interest_by_security / debt_flows)
DEU,2006,register,sum_inflation_linked,82.395225,computed,ggfiscal.debt.register,cash,20260910T102726Z,ggfiscal.debt.chains,,A,computed from the per-security register (debt_interest_by_security / debt_flows)
DEU,2006,register,sum_other,0.0,computed,ggfiscal.debt.register,cash,20260910T102726Z,ggfiscal.debt.chains,,A,computed from the per-security register (debt_interest_by_security / debt_flows)
DEU,2006,register,official_total,37825.715866269835,computed,,cash,20260910T102726Z,ggfiscal.debt.chains,,B,
DEU,2006,A_cg_cash,carried_from_previous_step,37825.715866269835,computed,,,20260910T102726Z,ggfiscal.debt.chains,,B,
DEU,2006,A_cg_cash,issue_premium_at_value_date,1043.6988133999973,computed,ggfiscal.debt.register,cash,20260910T102726Z,ggfiscal.debt.chains,,B,
DEU,2006,A_cg_cash,accrued_interest_received_at_issue,-1463.37963869863,computed,ggfiscal.debt.register,cash,20260910T102726Z,ggfiscal.debt.chains,,B,
DEU,2006,A_cg_cash,out_of_register_geldmarkt,26.173319,official,BMF_DATENPORTAL,cash,20260910T102726Z,ggfiscal.debt.chains,,A,
DEU,2006,A_cg_cash,out_of_register_mitfinanzierung_abwicklungsanstalten_kfw,0.0,official,BMF_DATENPORTAL,cash,20260910T102726Z,ggfiscal.debt.chains,,A,
DEU,2006,A_cg_cash,out_of_register_schuldschein,1753.650553,official,BMF_DATENPORTAL,cash,20260910T102726Z,ggfiscal.debt.chains,,A,
DEU,2006,A_cg_cash,out_of_register_sonstige_kredite,41.600842,official,BMF_DATENPORTAL,cash,20260910T102726Z,ggfiscal.debt.chains,,A,
DEU,2006,A_cg_cash,official_total,37906.0,official,BMF_DATENPORTAL,cash,20260910T102726Z,ggfiscal.debt.chains,,A,
DEU,2006,A_cg_cash,residual,-1321.4597549712053,residual,,cash,20260910T102726Z,ggfiscal.debt.chains,,B,
DEU,2006,B_s1311_d41,carried_from_previous_step,37906.0,computed,,,20260910T102726Z,ggfiscal.debt.chains,,B,
DEU,2006,B_s1311_d41,official_total,38998.0,official,EUROSTAT_GOV10A_MAIN_S1311,accrued,20260910T102726Z,ggfiscal.debt.chains,,A,
DEU,2006,B_s1311_d41,residual,1092.0,residual,,accrued,20260910T102726Z,ggfiscal.debt.chains,,B,
DEU,2006,C_s13_gf01_7,carried_from_previous_step,38998.0,computed,,,20260910T102726Z,ggfiscal.debt.chains,,B,
DEU,2006,C_s13_gf01_7,state_government_d41,21162.0,official,EUROSTAT_GOV10A_MAIN_S1311,accrued,20260910T102726Z,ggfiscal.debt.chains,,A,
DEU,2006,C_s13_gf01_7,local_government_d41,5059.0,official,EUROSTAT_GOV10A_MAIN_S1311,accrued,20260910T102726Z,ggfiscal.debt.chains,,A,
DEU,2006,C_s13_gf01_7,social_security_funds_d41,185.0,official,EUROSTAT_GOV10A_MAIN_S1311,accrued,20260910T102726Z,ggfiscal.debt.chains,,A,
DEU,2006,C_s13_gf01_7,official_total,67296.0,official,package_GF01_7,accrued,20260910T102726Z,ggfiscal.debt.chains,,A,
DEU,2006,C_s13_gf01_7,residual,1892.0,residual,,accrued,20260910T102726Z,ggfiscal.debt.chains,,B,
DEU,2007,register,sum_bill,1304.443799999999,computed,ggfiscal.debt.register,cash,20260910T102726Z,ggfiscal.debt.chains,,A,computed from the per-security register (debt_interest_by_security / debt_flows)
DEU,2007,register,sum_fixed_bullet,38038.14484126984,computed,ggfiscal.debt.register,cash,20260910T102726Z,ggfiscal.debt.chains,,A,computed from the per-security register (debt_interest_by_security / debt_flows)
DEU,2007,register,sum_inflation_linked,137.20319999999998,computed,ggfiscal.debt.register,cash,20260910T102726Z,ggfiscal.debt.chains,,A,computed from the per-security register (debt_interest_by_security / debt_flows)
DEU,2007,register,sum_other,0.0,computed,ggfiscal.debt.register,cash,20260910T102726Z,ggfiscal.debt.chains,,A,computed from the per-security register (debt_interest_by_security / debt_flows)
DEU,2007,register,official_total,39479.79184126984,computed,,cash,20260910T102726Z,ggfiscal.debt.chains,,B,
DEU,2007,A_cg_cash,carried_from_previous_step,39479.79184126984,computed,,,20260910T102726Z,ggfiscal.debt.chains,,B,
DEU,2007,A_cg_cash,issue_premium_at_value_date,1826.6333751000004,computed,ggfiscal.debt.register,cash,20260910T102726Z,ggfiscal.debt.chains,,B,
DEU,2007,A_cg_cash,accrued_interest_received_at_issue,-1452.1495185193503,computed,ggfiscal.debt.register,cash,20260910T102726Z,ggfiscal.debt.chains,,B,
DEU,2007,A_cg_cash,out_of_register_geldmarkt,0.0,official,BMF_DATENPORTAL,cash,20260910T102726Z,ggfiscal.debt.chains,,A,
DEU,2007,A_cg_cash,out_of_register_mitfinanzierung_abwicklungsanstalten_kfw,0.0,official,BMF_DATENPORTAL,cash,20260910T102726Z,ggfiscal.debt.chains,,A,
DEU,2007,A_cg_cash,out_of_register_schuldschein,1481.985814,official,BMF_DATENPORTAL,cash,20260910T102726Z,ggfiscal.debt.chains,,A,
DEU,2007,A_cg_cash,out_of_register_sonstige_kredite,41.600842,official,BMF_DATENPORTAL,cash,20260910T102726Z,ggfiscal.debt.chains,,A,
DEU,2007,A_cg_cash,official_total,38448.0,official,BMF_DATENPORTAL,cash,20260910T102726Z,ggfiscal.debt.chains,,A,
DEU,2007,A_cg_cash,residual,-2929.8623538504908,residual,,cash,20260910T102726Z,ggfiscal.debt.chains,,B,
DEU,2007,B_s1311_d41,carried_from_previous_step,38448.0,computed,,,20260910T102726Z,ggfiscal.debt.chains,,B,
DEU,2007,B_s1311_d41,official_total,40792.0,official,EUROSTAT_GOV10A_MAIN_S1311,accrued,20260910T102726Z,ggfiscal.debt.chains,,A,
DEU,2007,B_s1311_d41,residual,2344.0,residual,,accrued,20260910T102726Z,ggfiscal.debt.chains,,B,
DEU,2007,C_s13_gf01_7,carried_from_previous_step,40792.0,computed,,,20260910T102726Z,ggfiscal.debt.chains,,B,
DEU,2007,C_s13_gf01_7,state_government_d41,21451.0,official,EUROSTAT_GOV10A_MAIN_S1311,accrued,20260910T102726Z,ggfiscal.debt.chains,,A,
DEU,2007,C_s13_gf01_7,local_government_d41,5498.0,official,EUROSTAT_GOV10A_MAIN_S1311,accrued,20260910T102726Z,ggfiscal.debt.chains,,A,
DEU,2007,C_s13_gf01_7,social_security_funds_d41,142.0,official,EUROSTAT_GOV10A_MAIN_S1311,accrued,20260910T102726Z,ggfiscal.debt.chains,,A,
DEU,2007,C_s13_gf01_7,official_total,68806.0,official,package_GF01_7,accrued,20260910T102726Z,ggfiscal.debt.chains,,A,
DEU,2007,C_s13_gf01_7,residual,923.0,residual,,accrued,20260910T102726Z,ggfiscal.debt.chains,,B,
DEU,2008,register,sum_bill,1434.2958000000008,computed,ggfiscal.debt.register,cash,20260910T102726Z,ggfiscal.debt.chains,,A,computed from the per-security register (debt_interest_by_security / debt_flows)
DEU,2008,register,sum_fixed_bullet,39068.14484126984,computed,ggfiscal.debt.register,cash,20260910T102726Z,ggfiscal.debt.chains,,A,computed from the per-security register (debt_interest_by_security / debt_flows)
DEU,2008,register,sum_inflation_linked,335.7018,computed,ggfiscal.debt.register,cash,20260910T102726Z,ggfiscal.debt.chains,,A,computed from the per-security register (debt_interest_by_security / debt_flows)
DEU,2008,register,sum_other,0.0,computed,ggfiscal.debt.register,cash,20260910T102726Z,ggfiscal.debt.chains,,A,computed from the per-security register (debt_interest_by_security / debt_flows)
DEU,2008,register,official_total,40838.14244126984,computed,,cash,20260910T102726Z,ggfiscal.debt.chains,,B,
DEU,2008,A_cg_cash,carried_from_previous_step,40838.14244126984,computed,,,20260910T102726Z,ggfiscal.debt.chains,,B,
DEU,2008,A_cg_cash,issue_premium_at_value_date,1259.7919603249998,computed,ggfiscal.debt.register,cash,20260910T102726Z,ggfiscal.debt.chains,,B,
DEU,2008,A_cg_cash,accrued_interest_received_at_issue,-1521.2169415375404,computed,ggfiscal.debt.register,cash,20260910T102726Z,ggfiscal.debt.chains,,B,
DEU,2008,A_cg_cash,out_of_register_geldmarkt,0.0,official,BMF_DATENPORTAL,cash,20260910T102726Z,ggfiscal.debt.chains,,A,
DEU,2008,A_cg_cash,out_of_register_mitfinanzierung_abwicklungsanstalten_kfw,0.0,official,BMF_DATENPORTAL,cash,20260910T102726Z,ggfiscal.debt.chains,,A,
DEU,2008,A_cg_cash,out_of_register_schuldschein,765.769856,official,BMF_DATENPORTAL,cash,20260910T102726Z,ggfiscal.debt.chains,,A,
DEU,2008,A_cg_cash,out_of_register_sonstige_kredite,41.600842,official,BMF_DATENPORTAL,cash,20260910T102726Z,ggfiscal.debt.chains,,A,
DEU,2008,A_cg_cash,official_total,39217.0,official,BMF_DATENPORTAL,cash,20260910T102726Z,ggfiscal.debt.chains,,A,
DEU,2008,A_cg_cash,residual,-2167.088158057297,residual,,cash,20260910T102726Z,ggfiscal.debt.chains,,B,
DEU,2008,B_s1311_d41,carried_from_previous_step,39217.0,computed,,,20260910T102726Z,ggfiscal.debt.chains,,B,
DEU,2008,B_s1311_d41,official_total,41781.0,official,EUROSTAT_GOV10A_MAIN_S1311,accrued,20260910T102726Z,ggfiscal.debt.chains,,A,
DEU,2008,B_s1311_d41,residual,2564.0,residual,,accrued,20260910T102726Z,ggfiscal.debt.chains,,B,
DEU,2008,C_s13_gf01_7,carried_from_previous_step,41781.0,computed,,,20260910T102726Z,ggfiscal.debt.chains,,B,
DEU,2008,C_s13_gf01_7,state_government_d41,21991.0,official,EUROSTAT_GOV10A_MAIN_S1311,accrued,20260910T102726Z,ggfiscal.debt.chains,,A,
DEU,2008,C_s13_gf01_7,local_government_d41,5366.0,official,EUROSTAT_GOV10A_MAIN_S1311,accrued,20260910T102726Z,ggfiscal.debt.chains,,A,
DEU,2008,C_s13_gf01_7,social_security_funds_d41,149.0,official,EUROSTAT_GOV10A_MAIN_S1311,accrued,20260910T102726Z,ggfiscal.debt.chains,,A,
DEU,2008,C_s13_gf01_7,official_total,70254.0,official,package_GF01_7,accrued,20260910T102726Z,ggfiscal.debt.chains,,A,
DEU,2008,C_s13_gf01_7,residual,967.0,residual,,accrued,20260910T102726Z,ggfiscal.debt.chains,,B,
DEU,2009,register,sum_bill,921.3265000000009,computed,ggfiscal.debt.register,cash,20260910T102726Z,ggfiscal.debt.chains,,A,computed from the per-security register (debt_interest_by_security / debt_flows)
DEU,2009,register,sum_fixed_bullet,38869.809512952466,computed,ggfiscal.debt.register,cash,20260910T102726Z,ggfiscal.debt.chains,,A,computed from the per-security register (debt_interest_by_security / debt_flows)
DEU,2009,register,sum_inflation_linked,418.251225,computed,ggfiscal.debt.register,cash,20260910T102726Z,ggfiscal.debt.chains,,A,computed from the per-security register (debt_interest_by_security / debt_flows)
DEU,2009,register,sum_other,0.0,computed,ggfiscal.debt.register,cash,20260910T102726Z,ggfiscal.debt.chains,,A,computed from the per-security register (debt_interest_by_security / debt_flows)
DEU,2009,register,official_total,40209.38723795247,computed,,cash,20260910T102726Z,ggfiscal.debt.chains,,B,
DEU,2009,A_cg_cash,carried_from_previous_step,40209.38723795247,computed,,,20260910T102726Z,ggfiscal.debt.chains,,B,
DEU,2009,A_cg_cash,issue_premium_at_value_date,-239.37325182600352,computed,ggfiscal.debt.register,cash,20260910T102726Z,ggfiscal.debt.chains,,B,
DEU,2009,A_cg_cash,accrued_interest_received_at_issue,-1400.9709670202199,computed,ggfiscal.debt.register,cash,20260910T102726Z,ggfiscal.debt.chains,,B,
DEU,2009,A_cg_cash,out_of_register_geldmarkt,0.0,official,BMF_DATENPORTAL,cash,20260910T102726Z,ggfiscal.debt.chains,,A,
DEU,2009,A_cg_cash,out_of_register_mitfinanzierung_abwicklungsanstalten_kfw,0.0,official,BMF_DATENPORTAL,cash,20260910T102726Z,ggfiscal.debt.chains,,A,
DEU,2009,A_cg_cash,out_of_register_schuldschein,607.794224,official,BMF_DATENPORTAL,cash,20260910T102726Z,ggfiscal.debt.chains,,A,
DEU,2009,A_cg_cash,out_of_register_sonstige_kredite,79.965947,official,BMF_DATENPORTAL,cash,20260910T102726Z,ggfiscal.debt.chains,,A,
DEU,2009,A_cg_cash,official_total,38210.0,official,BMF_DATENPORTAL,cash,20260910T102726Z,ggfiscal.debt.chains,,A,
DEU,2009,A_cg_cash,residual,-1046.8031901062423,residual,,cash,20260910T102726Z,ggfiscal.debt.chains,,B,
DEU,2009,B_s1311_d41,carried_from_previous_step,38210.0,computed,,,20260910T102726Z,ggfiscal.debt.chains,,B,
DEU,2009,B_s1311_d41,official_total,39470.0,official,EUROSTAT_GOV10A_MAIN_S1311,accrued,20260910T102726Z,ggfiscal.debt.chains,,A,
DEU,2009,B_s1311_d41,residual,1260.0,residual,,accrued,20260910T102726Z,ggfiscal.debt.chains,,B,
DEU,2009,C_s13_gf01_7,carried_from_previous_step,39470.0,computed,,,20260910T102726Z,ggfiscal.debt.chains,,B,
DEU,2009,C_s13_gf01_7,state_government_d41,20872.0,official,EUROSTAT_GOV10A_MAIN_S1311,accrued,20260910T102726Z,ggfiscal.debt.chains,,A,
DEU,2009,C_s13_gf01_7,local_government_d41,4870.0,official,EUROSTAT_GOV10A_MAIN_S1311,accrued,20260910T102726Z,ggfiscal.debt.chains,,A,
DEU,2009,C_s13_gf01_7,social_security_funds_d41,162.0,official,EUROSTAT_GOV10A_MAIN_S1311,accrued,20260910T102726Z,ggfiscal.debt.chains,,A,
DEU,2009,C_s13_gf01_7,official_total,67894.0,official,package_GF01_7,accrued,20260910T102726Z,ggfiscal.debt.chains,,A,
DEU,2009,C_s13_gf01_7,residual,2520.0,residual,,accrued,20260910T102726Z,ggfiscal.debt.chains,,B,
DEU,2010,register,sum_bill,671.4233000000029,computed,ggfiscal.debt.register,cash,20260910T102726Z,ggfiscal.debt.chains,,A,computed from the per-security register (debt_interest_by_security / debt_flows)
DEU,2010,register,sum_fixed_bullet,37549.184512952466,computed,ggfiscal.debt.register,cash,20260910T102726Z,ggfiscal.debt.chains,,A,computed from the per-security register (debt_interest_by_security / debt_flows)
DEU,2010,register,sum_inflation_linked,610.037525,computed,ggfiscal.debt.register,cash,20260910T102726Z,ggfiscal.debt.chains,,A,computed from the per-security register (debt_interest_by_security / debt_flows)
DEU,2010,register,sum_other,0.0,computed,ggfiscal.debt.register,cash,20260910T102726Z,ggfiscal.debt.chains,,A,computed from the per-security register (debt_interest_by_security / debt_flows)
DEU,2010,register,official_total,38830.64533795247,computed,,cash,20260910T102726Z,ggfiscal.debt.chains,,B,
DEU,2010,A_cg_cash,carried_from_previous_step,38830.64533795247,computed,,,20260910T102726Z,ggfiscal.debt.chains,,B,
DEU,2010,A_cg_cash,issue_premium_at_value_date,-1821.9717310250003,computed,ggfiscal.debt.register,cash,20260910T102726Z,ggfiscal.debt.chains,,B,
DEU,2010,A_cg_cash,accrued_interest_received_at_issue,-1598.988605821918,computed,ggfiscal.debt.register,cash,20260910T102726Z,ggfiscal.debt.chains,,B,
DEU,2010,A_cg_cash,out_of_register_geldmarkt,0.0,official,BMF_DATENPORTAL,cash,20260910T102726Z,ggfiscal.debt.chains,,A,
DEU,2010,A_cg_cash,out_of_register_mitfinanzierung_abwicklungsanstalten_kfw,0.0,official,BMF_DATENPORTAL,cash,20260910T102726Z,ggfiscal.debt.chains,,A,
DEU,2010,A_cg_cash,out_of_register_schuldschein,578.461012,official,BMF_DATENPORTAL,cash,20260910T102726Z,ggfiscal.debt.chains,,A,
DEU,2010,A_cg_cash,out_of_register_sonstige_kredite,46.134352,official,BMF_DATENPORTAL,cash,20260910T102726Z,ggfiscal.debt.chains,,A,
DEU,2010,A_cg_cash,official_total,34011.0,official,BMF_DATENPORTAL,cash,20260910T102726Z,ggfiscal.debt.chains,,A,
DEU,2010,A_cg_cash,residual,-2023.280365105551,residual,,cash,20260910T102726Z,ggfiscal.debt.chains,,B,
DEU,2010,B_s1311_d41,carried_from_previous_step,34011.0,computed,,,20260910T102726Z,ggfiscal.debt.chains,,B,
DEU,2010,B_s1311_d41,official_total,37418.0,official,EUROSTAT_GOV10A_MAIN_S1311,accrued,20260910T102726Z,ggfiscal.debt.chains,,A,
DEU,2010,B_s1311_d41,residual,3407.0,residual,,accrued,20260910T102726Z,ggfiscal.debt.chains,,B,
DEU,2010,C_s13_gf01_7,carried_from_previous_step,37418.0,computed,,,20260910T102726Z,ggfiscal.debt.chains,,B,
DEU,2010,C_s13_gf01_7,state_government_d41,21461.0,official,EUROSTAT_GOV10A_MAIN_S1311,accrued,20260910T102726Z,ggfiscal.debt.chains,,A,
DEU,2010,C_s13_gf01_7,local_government_d41,4984.0,official,EUROSTAT_GOV10A_MAIN_S1311,accrued,20260910T102726Z,ggfiscal.debt.chains,,A,
DEU,2010,C_s13_gf01_7,social_security_funds_d41,167.0,official,EUROSTAT_GOV10A_MAIN_S1311,accrued,20260910T102726Z,ggfiscal.debt.chains,,A,
DEU,2010,C_s13_gf01_7,official_total,66405.0,official,package_GF01_7,accrued,20260910T102726Z,ggfiscal.debt.chains,,A,
DEU,2010,C_s13_gf01_7,residual,2375.0,residual,,accrued,20260910T102726Z,ggfiscal.debt.chains,,B,
DEU,2011,register,sum_bill,564.8705,computed,ggfiscal.debt.register,cash,20260910T102726Z,ggfiscal.debt.chains,,A,computed from the per-security register (debt_interest_by_security / debt_flows)
DEU,2011,register,sum_fixed_bullet,35621.35217168263,computed,ggfiscal.debt.register,cash,20260910T102726Z,ggfiscal.debt.chains,,A,computed from the per-security register (debt_interest_by_security / debt_flows)
DEU,2011,register,sum_inflation_linked,805.46805,computed,ggfiscal.debt.register,cash,20260910T102726Z,ggfiscal.debt.chains,,A,computed from the per-security register (debt_interest_by_security / debt_flows)
DEU,2011,register,sum_other,0.0,computed,ggfiscal.debt.register,cash,20260910T102726Z,ggfiscal.debt.chains,,A,computed from the per-security register (debt_interest_by_security / debt_flows)
DEU,2011,register,official_total,36991.69072168263,computed,,cash,20260910T102726Z,ggfiscal.debt.chains,,B,
DEU,2011,A_cg_cash,carried_from_previous_step,36991.69072168263,computed,,,20260910T102726Z,ggfiscal.debt.chains,,B,
DEU,2011,A_cg_cash,issue_premium_at_value_date,284.80172481000017,computed,ggfiscal.debt.register,cash,20260910T102726Z,ggfiscal.debt.chains,,B,
DEU,2011,A_cg_cash,accrued_interest_received_at_issue,-1252.1580883159293,computed,ggfiscal.debt.register,cash,20260910T102726Z,ggfiscal.debt.chains,,B,
DEU,2011,A_cg_cash,out_of_register_geldmarkt,0.0,official,BMF_DATENPORTAL,cash,20260910T102726Z,ggfiscal.debt.chains,,A,
DEU,2011,A_cg_cash,out_of_register_mitfinanzierung_abwicklungsanstalten_kfw,0.0,official,BMF_DATENPORTAL,cash,20260910T102726Z,ggfiscal.debt.chains,,A,
DEU,2011,A_cg_cash,out_of_register_schuldschein,552.015038,official,BMF_DATENPORTAL,cash,20260910T102726Z,ggfiscal.debt.chains,,A,
DEU,2011,A_cg_cash,out_of_register_sonstige_kredite,47.888296,official,BMF_DATENPORTAL,cash,20260910T102726Z,ggfiscal.debt.chains,,A,
DEU,2011,A_cg_cash,official_total,35816.0,official,BMF_DATENPORTAL,cash,20260910T102726Z,ggfiscal.debt.chains,,A,
DEU,2011,A_cg_cash,residual,-808.237692176699,residual,,cash,20260910T102726Z,ggfiscal.debt.chains,,B,
DEU,2011,B_s1311_d41,carried_from_previous_step,35816.0,computed,,,20260910T102726Z,ggfiscal.debt.chains,,B,
DEU,2011,B_s1311_d41,official_total,41171.0,official,EUROSTAT_GOV10A_MAIN_S1311,accrued,20260910T102726Z,ggfiscal.debt.chains,,A,
DEU,2011,B_s1311_d41,residual,5355.0,residual,,accrued,20260910T102726Z,ggfiscal.debt.chains,,B,
DEU,2011,C_s13_gf01_7,carried_from_previous_step,41171.0,computed,,,20260910T102726Z,ggfiscal.debt.chains,,B,
DEU,2011,C_s13_gf01_7,state_government_d41,21898.0,official,EUROSTAT_GOV10A_MAIN_S1311,accrued,20260910T102726Z,ggfiscal.debt.chains,,A,
DEU,2011,C_s13_gf01_7,local_government_d41,4913.0,official,EUROSTAT_GOV10A_MAIN_S1311,accrued,20260910T102726Z,ggfiscal.debt.chains,,A,
DEU,2011,C_s13_gf01_7,social_security_funds_d41,132.0,official,EUROSTAT_GOV10A_MAIN_S1311,accrued,20260910T102726Z,ggfiscal.debt.chains,,A,
DEU,2011,C_s13_gf01_7,official_total,71353.0,official,package_GF01_7,accrued,20260910T102726Z,ggfiscal.debt.chains,,A,
DEU,2011,C_s13_gf01_7,residual,3239.0,residual,,accrued,20260910T102726Z,ggfiscal.debt.chains,,B,
DEU,2012,register,sum_bill,398.42469999999827,computed,ggfiscal.debt.register,cash,20260910T102726Z,ggfiscal.debt.chains,,A,computed from the per-security register (debt_interest_by_security / debt_flows)
DEU,2012,register,sum_fixed_bullet,33743.22717168262,computed,ggfiscal.debt.register,cash,20260910T102726Z,ggfiscal.debt.chains,,A,computed from the per-security register (debt_interest_by_security / debt_flows)
DEU,2012,register,sum_inflation_linked,844.0457450000002,computed,ggfiscal.debt.register,cash,20260910T102726Z,ggfiscal.debt.chains,,A,computed from the per-security register (debt_interest_by_security / debt_flows)
DEU,2012,register,sum_other,0.0,computed,ggfiscal.debt.register,cash,20260910T102726Z,ggfiscal.debt.chains,,A,computed from the per-security register (debt_interest_by_security / debt_flows)
DEU,2012,register,official_total,34985.69761668262,computed,,cash,20260910T102726Z,ggfiscal.debt.chains,,B,
DEU,2012,A_cg_cash,carried_from_previous_step,34985.69761668262,computed,,,20260910T102726Z,ggfiscal.debt.chains,,B,
DEU,2012,A_cg_cash,issue_premium_at_value_date,-1469.9269297999995,computed,ggfiscal.debt.register,cash,20260910T102726Z,ggfiscal.debt.chains,,B,
DEU,2012,A_cg_cash,accrued_interest_received_at_issue,-453.3376906738903,computed,ggfiscal.debt.register,cash,20260910T102726Z,ggfiscal.debt.chains,,B,
DEU,2012,A_cg_cash,out_of_register_geldmarkt,0.0,official,BMF_DATENPORTAL,cash,20260910T102726Z,ggfiscal.debt.chains,,A,
DEU,2012,A_cg_cash,out_of_register_mitfinanzierung_abwicklungsanstalten_kfw,0.0,official,BMF_DATENPORTAL,cash,20260910T102726Z,ggfiscal.debt.chains,,A,
DEU,2012,A_cg_cash,out_of_register_schuldschein,532.055604,official,BMF_DATENPORTAL,cash,20260910T102726Z,ggfiscal.debt.chains,,A,
DEU,2012,A_cg_cash,out_of_register_sonstige_kredite,46.018592,official,BMF_DATENPORTAL,cash,20260910T102726Z,ggfiscal.debt.chains,,A,
DEU,2012,A_cg_cash,official_total,32986.0,official,BMF_DATENPORTAL,cash,20260910T102726Z,ggfiscal.debt.chains,,A,
DEU,2012,A_cg_cash,residual,-654.50719220873,residual,,cash,20260910T102726Z,ggfiscal.debt.chains,,B,
DEU,2012,B_s1311_d41,carried_from_previous_step,32986.0,computed,,,20260910T102726Z,ggfiscal.debt.chains,,B,
DEU,2012,B_s1311_d41,official_total,38059.0,official,EUROSTAT_GOV10A_MAIN_S1311,accrued,20260910T102726Z,ggfiscal.debt.chains,,A,
DEU,2012,B_s1311_d41,residual,5073.0,residual,,accrued,20260910T102726Z,ggfiscal.debt.chains,,B,
DEU,2012,C_s13_gf01_7,carried_from_previous_step,38059.0,computed,,,20260910T102726Z,ggfiscal.debt.chains,,B,
DEU,2012,C_s13_gf01_7,state_government_d41,21437.0,official,EUROSTAT_GOV10A_MAIN_S1311,accrued,20260910T102726Z,ggfiscal.debt.chains,,A,
DEU,2012,C_s13_gf01_7,local_government_d41,4681.0,official,EUROSTAT_GOV10A_MAIN_S1311,accrued,20260910T102726Z,ggfiscal.debt.chains,,A,
DEU,2012,C_s13_gf01_7,social_security_funds_d41,119.0,official,EUROSTAT_GOV10A_MAIN_S1311,accrued,20260910T102726Z,ggfiscal.debt.chains,,A,
DEU,2012,C_s13_gf01_7,official_total,67907.0,official,package_GF01_7,accrued,20260910T102726Z,ggfiscal.debt.chains,,A,
DEU,2012,C_s13_gf01_7,residual,3611.0,residual,,accrued,20260910T102726Z,ggfiscal.debt.chains,,B,
DEU,2013,register,sum_bill,4.89499999999865,computed,ggfiscal.debt.register,cash,20260910T102726Z,ggfiscal.debt.chains,,A,computed from the per-security register (debt_interest_by_security / debt_flows)
DEU,2013,register,sum_fixed_bullet,30569.6875,computed,ggfiscal.debt.register,cash,20260910T102726Z,ggfiscal.debt.chains,,A,computed from the per-security register (debt_interest_by_security / debt_flows)
DEU,2013,register,sum_inflation_linked,2271.0968900000007,computed,ggfiscal.debt.register,cash,20260910T102726Z,ggfiscal.debt.chains,,A,computed from the per-security register (debt_interest_by_security / debt_flows)
DEU,2013,register,sum_other,0.0,computed,ggfiscal.debt.register,cash,20260910T102726Z,ggfiscal.debt.chains,,A,computed from the per-security register (debt_interest_by_security / debt_flows)
DEU,2013,register,official_total,32845.679390000005,computed,,cash,20260910T102726Z,ggfiscal.debt.chains,,B,
DEU,2013,A_cg_cash,carried_from_previous_step,32845.679390000005,computed,,,20260910T102726Z,ggfiscal.debt.chains,,B,
DEU,2013,A_cg_cash,issue_premium_at_value_date,-533.6545841250004,computed,ggfiscal.debt.register,cash,20260910T102726Z,ggfiscal.debt.chains,,B,
DEU,2013,A_cg_cash,accrued_interest_received_at_issue,-379.8923254360356,computed,ggfiscal.debt.register,cash,20260910T102726Z,ggfiscal.debt.chains,,B,
DEU,2013,A_cg_cash,out_of_register_geldmarkt,0.0,official,BMF_DATENPORTAL,cash,20260910T102726Z,ggfiscal.debt.chains,,A,
DEU,2013,A_cg_cash,out_of_register_mitfinanzierung_abwicklungsanstalten_kfw,0.0,official,BMF_DATENPORTAL,cash,20260910T102726Z,ggfiscal.debt.chains,,A,
DEU,2013,A_cg_cash,out_of_register_schuldschein,541.151854,official,BMF_DATENPORTAL,cash,20260910T102726Z,ggfiscal.debt.chains,,A,
DEU,2013,A_cg_cash,out_of_register_sonstige_kredite,41.70741,official,BMF_DATENPORTAL,cash,20260910T102726Z,ggfiscal.debt.chains,,A,
DEU,2013,A_cg_cash,official_total,31757.0,official,BMF_DATENPORTAL,cash,20260910T102726Z,ggfiscal.debt.chains,,A,
DEU,2013,A_cg_cash,residual,-757.9917444389685,residual,,cash,20260910T102726Z,ggfiscal.debt.chains,,B,
DEU,2013,B_s1311_d41,carried_from_previous_step,31757.0,computed,,,20260910T102726Z,ggfiscal.debt.chains,,B,
DEU,2013,B_s1311_d41,official_total,28808.0,official,EUROSTAT_GOV10A_MAIN_S1311,accrued,20260910T102726Z,ggfiscal.debt.chains,,A,
DEU,2013,B_s1311_d41,residual,-2949.0,residual,,accrued,20260910T102726Z,ggfiscal.debt.chains,,B,
DEU,2013,C_s13_gf01_7,carried_from_previous_step,28808.0,computed,,,20260910T102726Z,ggfiscal.debt.chains,,B,
DEU,2013,C_s13_gf01_7,state_government_d41,18805.0,official,EUROSTAT_GOV10A_MAIN_S1311,accrued,20260910T102726Z,ggfiscal.debt.chains,,A,
DEU,2013,C_s13_gf01_7,local_government_d41,4284.0,official,EUROSTAT_GOV10A_MAIN_S1311,accrued,20260910T102726Z,ggfiscal.debt.chains,,A,
DEU,2013,C_s13_gf01_7,social_security_funds_d41,86.0,official,EUROSTAT_GOV10A_MAIN_S1311,accrued,20260910T102726Z,ggfiscal.debt.chains,,A,
DEU,2013,C_s13_gf01_7,official_total,55311.0,official,package_GF01_7,accrued,20260910T102726Z,ggfiscal.debt.chains,,A,
DEU,2013,C_s13_gf01_7,residual,3328.0,residual,,accrued,20260910T102726Z,ggfiscal.debt.chains,,B,
DEU,2014,register,sum_bill,30.594000000000676,computed,ggfiscal.debt.register,cash,20260910T102726Z,ggfiscal.debt.chains,,A,computed from the per-security register (debt_interest_by_security / debt_flows)
DEU,2014,register,sum_fixed_bullet,28229.6875,computed,ggfiscal.debt.register,cash,20260910T102726Z,ggfiscal.debt.chains,,A,computed from the per-security register (debt_interest_by_security / debt_flows)
DEU,2014,register,sum_inflation_linked,670.62151,computed,ggfiscal.debt.register,cash,20260910T102726Z,ggfiscal.debt.chains,,A,computed from the per-security register (debt_interest_by_security / debt_flows)
DEU,2014,register,sum_other,0.0,computed,ggfiscal.debt.register,cash,20260910T102726Z,ggfiscal.debt.chains,,A,computed from the per-security register (debt_interest_by_security / debt_flows)
DEU,2014,register,official_total,28930.90301,computed,,cash,20260910T102726Z,ggfiscal.debt.chains,,B,
DEU,2014,A_cg_cash,carried_from_previous_step,28930.90301,computed,,,20260910T102726Z,ggfiscal.debt.chains,,B,
DEU,2014,A_cg_cash,issue_premium_at_value_date,-1627.0132326500002,computed,ggfiscal.debt.register,cash,20260910T102726Z,ggfiscal.debt.chains,,B,
DEU,2014,A_cg_cash,accrued_interest_received_at_issue,-357.957821780822,computed,ggfiscal.debt.register,cash,20260910T102726Z,ggfiscal.debt.chains,,B,
DEU,2014,A_cg_cash,out_of_register_geldmarkt,0.0,official,BMF_DATENPORTAL,cash,20260910T102726Z,ggfiscal.debt.chains,,A,
DEU,2014,A_cg_cash,out_of_register_mitfinanzierung_abwicklungsanstalten_kfw,0.0,official,BMF_DATENPORTAL,cash,20260910T102726Z,ggfiscal.debt.chains,,A,
DEU,2014,A_cg_cash,out_of_register_schuldschein,535.346854,official,BMF_DATENPORTAL,cash,20260910T102726Z,ggfiscal.debt.chains,,A,
DEU,2014,A_cg_cash,out_of_register_sonstige_kredite,41.76686,official,BMF_DATENPORTAL,cash,20260910T102726Z,ggfiscal.debt.chains,,A,
DEU,2014,A_cg_cash,official_total,26590.0,official,BMF_DATENPORTAL,cash,20260910T102726Z,ggfiscal.debt.chains,,A,
DEU,2014,A_cg_cash,residual,-933.0456695691792,residual,,cash,20260910T102726Z,ggfiscal.debt.chains,,B,
DEU,2014,B_s1311_d41,carried_from_previous_step,26590.0,computed,,,20260910T102726Z,ggfiscal.debt.chains,,B,
DEU,2014,B_s1311_d41,official_total,26605.0,official,EUROSTAT_GOV10A_MAIN_S1311,accrued,20260910T102726Z,ggfiscal.debt.chains,,A,
DEU,2014,B_s1311_d41,residual,15.0,residual,,accrued,20260910T102726Z,ggfiscal.debt.chains,,B,
DEU,2014,C_s13_gf01_7,carried_from_previous_step,26605.0,computed,,,20260910T102726Z,ggfiscal.debt.chains,,B,
DEU,2014,C_s13_gf01_7,state_government_d41,17017.0,official,EUROSTAT_GOV10A_MAIN_S1311,accrued,20260910T102726Z,ggfiscal.debt.chains,,A,
DEU,2014,C_s13_gf01_7,local_government_d41,3885.0,official,EUROSTAT_GOV10A_MAIN_S1311,accrued,20260910T102726Z,ggfiscal.debt.chains,,A,
DEU,2014,C_s13_gf01_7,social_security_funds_d41,95.0,official,EUROSTAT_GOV10A_MAIN_S1311,accrued,20260910T102726Z,ggfiscal.debt.chains,,A,
DEU,2014,C_s13_gf01_7,official_total,51416.0,official,package_GF01_7,accrued,20260910T102726Z,ggfiscal.debt.chains,,A,
DEU,2014,C_s13_gf01_7,residual,3814.0,residual,,accrued,20260910T102726Z,ggfiscal.debt.chains,,B,
DEU,2015,register,sum_bill,-7.21780000000094,computed,ggfiscal.debt.register,cash,20260910T102726Z,ggfiscal.debt.chains,,A,computed from the per-security register (debt_interest_by_security / debt_flows)
DEU,2015,register,sum_fixed_bullet,26447.1875,computed,ggfiscal.debt.register,cash,20260910T102726Z,ggfiscal.debt.chains,,A,computed from the per-security register (debt_interest_by_security / debt_flows)
DEU,2015,register,sum_inflation_linked,721.576225,computed,ggfiscal.debt.register,cash,20260910T102726Z,ggfiscal.debt.chains,,A,computed from the per-security register (debt_interest_by_security / debt_flows)
DEU,2015,register,sum_other,0.0,computed,ggfiscal.debt.register,cash,20260910T102726Z,ggfiscal.debt.chains,,A,computed from the per-security register (debt_interest_by_security / debt_flows)
DEU,2015,register,official_total,27161.545925,computed,,cash,20260910T102726Z,ggfiscal.debt.chains,,B,
DEU,2015,A_cg_cash,carried_from_previous_step,27161.545925,computed,,,20260910T102726Z,ggfiscal.debt.chains,,B,
DEU,2015,A_cg_cash,issue_premium_at_value_date,-3185.960955900002,computed,ggfiscal.debt.register,cash,20260910T102726Z,ggfiscal.debt.chains,,B,
DEU,2015,A_cg_cash,accrued_interest_received_at_issue,-205.6787247005764,computed,ggfiscal.debt.register,cash,20260910T102726Z,ggfiscal.debt.chains,,B,
DEU,2015,A_cg_cash,out_of_register_geldmarkt,0.0,official,BMF_DATENPORTAL,cash,20260910T102726Z,ggfiscal.debt.chains,,A,
DEU,2015,A_cg_cash,out_of_register_mitfinanzierung_abwicklungsanstalten_kfw,0.0,official,BMF_DATENPORTAL,cash,20260910T102726Z,ggfiscal.debt.chains,,A,
DEU,2015,A_cg_cash,out_of_register_schuldschein,526.874159,official,BMF_DATENPORTAL,cash,20260910T102726Z,ggfiscal.debt.chains,,A,
DEU,2015,A_cg_cash,out_of_register_sonstige_kredite,40.375593,official,BMF_DATENPORTAL,cash,20260910T102726Z,ggfiscal.debt.chains,,A,
DEU,2015,A_cg_cash,official_total,22101.0,official,BMF_DATENPORTAL,cash,20260910T102726Z,ggfiscal.debt.chains,,A,
DEU,2015,A_cg_cash,residual,-2236.1559963994187,residual,,cash,20260910T102726Z,ggfiscal.debt.chains,,B,
DEU,2015,B_s1311_d41,carried_from_previous_step,22101.0,computed,,,20260910T102726Z,ggfiscal.debt.chains,,B,
DEU,2015,B_s1311_d41,official_total,23752.0,official,EUROSTAT_GOV10A_MAIN_S1311,accrued,20260910T102726Z,ggfiscal.debt.chains,,A,
DEU,2015,B_s1311_d41,residual,1651.0,residual,,accrued,20260910T102726Z,ggfiscal.debt.chains,,B,
DEU,2015,C_s13_gf01_7,carried_from_previous_step,23752.0,computed,,,20260910T102726Z,ggfiscal.debt.chains,,B,
DEU,2015,C_s13_gf01_7,state_government_d41,15279.0,official,EUROSTAT_GOV10A_MAIN_S1311,accrued,20260910T102726Z,ggfiscal.debt.chains,,A,
DEU,2015,C_s13_gf01_7,local_government_d41,3782.0,official,EUROSTAT_GOV10A_MAIN_S1311,accrued,20260910T102726Z,ggfiscal.debt.chains,,A,
DEU,2015,C_s13_gf01_7,social_security_funds_d41,139.0,official,EUROSTAT_GOV10A_MAIN_S1311,accrued,20260910T102726Z,ggfiscal.debt.chains,,A,
DEU,2015,C_s13_gf01_7,official_total,46629.0,official,package_GF01_7,accrued,20260910T102726Z,ggfiscal.debt.chains,,A,
DEU,2015,C_s13_gf01_7,residual,3677.0,residual,,accrued,20260910T102726Z,ggfiscal.debt.chains,,B,
DEU,2016,register,sum_bill,-80.97249999999934,computed,ggfiscal.debt.register,cash,20260910T102726Z,ggfiscal.debt.chains,,A,computed from the per-security register (debt_interest_by_security / debt_flows)
DEU,2016,register,sum_fixed_bullet,24182.1875,computed,ggfiscal.debt.register,cash,20260910T102726Z,ggfiscal.debt.chains,,A,computed from the per-security register (debt_interest_by_security / debt_flows)
DEU,2016,register,sum_inflation_linked,2920.8061200000016,computed,ggfiscal.debt.register,cash,20260910T102726Z,ggfiscal.debt.chains,,A,computed from the per-security register (debt_interest_by_security / debt_flows)
DEU,2016,register,sum_other,0.0,computed,ggfiscal.debt.register,cash,20260910T102726Z,ggfiscal.debt.chains,,A,computed from the per-security register (debt_interest_by_security / debt_flows)
DEU,2016,register,official_total,27022.02112,computed,,cash,20260910T102726Z,ggfiscal.debt.chains,,B,
DEU,2016,A_cg_cash,carried_from_previous_step,27022.02112,computed,,,20260910T102726Z,ggfiscal.debt.chains,,B,
DEU,2016,A_cg_cash,issue_premium_at_value_date,-5754.856708199999,computed,ggfiscal.debt.register,cash,20260910T102726Z,ggfiscal.debt.chains,,B,
DEU,2016,A_cg_cash,accrued_interest_received_at_issue,-145.56903045886668,computed,ggfiscal.debt.register,cash,20260910T102726Z,ggfiscal.debt.chains,,B,
DEU,2016,A_cg_cash,out_of_register_geldmarkt,0.0,official,BMF_DATENPORTAL,cash,20260910T102726Z,ggfiscal.debt.chains,,A,
DEU,2016,A_cg_cash,out_of_register_mitfinanzierung_abwicklungsanstalten_kfw,0.0,official,BMF_DATENPORTAL,cash,20260910T102726Z,ggfiscal.debt.chains,,A,
DEU,2016,A_cg_cash,out_of_register_schuldschein,655.609677,official,BMF_DATENPORTAL,cash,20260910T102726Z,ggfiscal.debt.chains,,A,
DEU,2016,A_cg_cash,out_of_register_sonstige_kredite,39.95556,official,BMF_DATENPORTAL,cash,20260910T102726Z,ggfiscal.debt.chains,,A,
DEU,2016,A_cg_cash,official_total,18592.0,official,BMF_DATENPORTAL,cash,20260910T102726Z,ggfiscal.debt.chains,,A,
DEU,2016,A_cg_cash,residual,-3225.160618341135,residual,,cash,20260910T102726Z,ggfiscal.debt.chains,,B,
DEU,2016,B_s1311_d41,carried_from_previous_step,18592.0,computed,,,20260910T102726Z,ggfiscal.debt.chains,,B,
DEU,2016,B_s1311_d41,official_total,20609.0,official,EUROSTAT_GOV10A_MAIN_S1311,accrued,20260910T102726Z,ggfiscal.debt.chains,,A,
DEU,2016,B_s1311_d41,residual,2017.0,residual,,accrued,20260910T102726Z,ggfiscal.debt.chains,,B,
DEU,2016,C_s13_gf01_7,carried_from_previous_step,20609.0,computed,,,20260910T102726Z,ggfiscal.debt.chains,,B,
DEU,2016,C_s13_gf01_7,state_government_d41,13723.0,official,EUROSTAT_GOV10A_MAIN_S1311,accrued,20260910T102726Z,ggfiscal.debt.chains,,A,
DEU,2016,C_s13_gf01_7,local_government_d41,3512.0,official,EUROSTAT_GOV10A_MAIN_S1311,accrued,20260910T102726Z,ggfiscal.debt.chains,,A,
DEU,2016,C_s13_gf01_7,social_security_funds_d41,88.0,official,EUROSTAT_GOV10A_MAIN_S1311,accrued,20260910T102726Z,ggfiscal.debt.chains,,A,
DEU,2016,C_s13_gf01_7,official_total,41212.0,official,package_GF01_7,accrued,20260910T102726Z,ggfiscal.debt.chains,,A,
DEU,2016,C_s13_gf01_7,residual,3280.0,residual,,accrued,20260910T102726Z,ggfiscal.debt.chains,,B,
DEU,2017,register,sum_bill,-150.45090000000005,computed,ggfiscal.debt.register,cash,20260910T102726Z,ggfiscal.debt.chains,,A,computed from the per-security register (debt_interest_by_security / debt_flows)
DEU,2017,register,sum_fixed_bullet,21500.0,computed,ggfiscal.debt.register,cash,20260910T102726Z,ggfiscal.debt.chains,,A,computed from the per-security register (debt_interest_by_security / debt_flows)
DEU,2017,register,sum_inflation_linked,503.86106,computed,ggfiscal.debt.register,cash,20260910T102726Z,ggfiscal.debt.chains,,A,computed from the per-security register (debt_interest_by_security / debt_flows)
DEU,2017,register,sum_other,0.0,computed,ggfiscal.debt.register,cash,20260910T102726Z,ggfiscal.debt.chains,,A,computed from the per-security register (debt_interest_by_security / debt_flows)
DEU,2017,register,official_total,21853.41016,computed,,cash,20260910T102726Z,ggfiscal.debt.chains,,B,
DEU,2017,A_cg_cash,carried_from_previous_step,21853.41016,computed,,,20260910T102726Z,ggfiscal.debt.chains,,B,
DEU,2017,A_cg_cash,issue_premium_at_value_date,-3556.7698450000016,computed,ggfiscal.debt.register,cash,20260910T102726Z,ggfiscal.debt.chains,,B,
DEU,2017,A_cg_cash,accrued_interest_received_at_issue,-174.56458289729767,computed,ggfiscal.debt.register,cash,20260910T102726Z,ggfiscal.debt.chains,,B,
DEU,2017,A_cg_cash,out_of_register_geldmarkt,0.0,official,BMF_DATENPORTAL,cash,20260910T102726Z,ggfiscal.debt.chains,,A,
DEU,2017,A_cg_cash,out_of_register_mitfinanzierung_abwicklungsanstalten_kfw,0.0,official,BMF_DATENPORTAL,cash,20260910T102726Z,ggfiscal.debt.chains,,A,
DEU,2017,A_cg_cash,out_of_register_schuldschein,452.98567,official,BMF_DATENPORTAL,cash,20260910T102726Z,ggfiscal.debt.chains,,A,
DEU,2017,A_cg_cash,out_of_register_sonstige_kredite,41.253765,official,BMF_DATENPORTAL,cash,20260910T102726Z,ggfiscal.debt.chains,,A,
DEU,2017,A_cg_cash,official_total,18112.0,official,BMF_DATENPORTAL,cash,20260910T102726Z,ggfiscal.debt.chains,,A,
DEU,2017,A_cg_cash,residual,-504.3151671027008,residual,,cash,20260910T102726Z,ggfiscal.debt.chains,,B,
DEU,2017,B_s1311_d41,carried_from_previous_step,18112.0,computed,,,20260910T102726Z,ggfiscal.debt.chains,,B,
DEU,2017,B_s1311_d41,official_total,18254.0,official,EUROSTAT_GOV10A_MAIN_S1311,accrued,20260910T102726Z,ggfiscal.debt.chains,,A,
DEU,2017,B_s1311_d41,residual,142.0,residual,,accrued,20260910T102726Z,ggfiscal.debt.chains,,B,
DEU,2017,C_s13_gf01_7,carried_from_previous_step,18254.0,computed,,,20260910T102726Z,ggfiscal.debt.chains,,B,
DEU,2017,C_s13_gf01_7,state_government_d41,13050.0,official,EUROSTAT_GOV10A_MAIN_S1311,accrued,20260910T102726Z,ggfiscal.debt.chains,,A,
DEU,2017,C_s13_gf01_7,local_government_d41,3120.0,official,EUROSTAT_GOV10A_MAIN_S1311,accrued,20260910T102726Z,ggfiscal.debt.chains,,A,
DEU,2017,C_s13_gf01_7,social_security_funds_d41,93.0,official,EUROSTAT_GOV10A_MAIN_S1311,accrued,20260910T102726Z,ggfiscal.debt.chains,,A,
DEU,2017,C_s13_gf01_7,official_total,37300.0,official,package_GF01_7,accrued,20260910T102726Z,ggfiscal.debt.chains,,A,
DEU,2017,C_s13_gf01_7,residual,2783.0,residual,,accrued,20260910T102726Z,ggfiscal.debt.chains,,B,
DEU,2018,register,sum_bill,-89.08509999999947,computed,ggfiscal.debt.register,cash,20260910T102726Z,ggfiscal.debt.chains,,A,computed from the per-security register (debt_interest_by_security / debt_flows)
DEU,2018,register,sum_fixed_bullet,20071.25,computed,ggfiscal.debt.register,cash,20260910T102726Z,ggfiscal.debt.chains,,A,computed from the per-security register (debt_interest_by_security / debt_flows)
DEU,2018,register,sum_inflation_linked,1709.0235199999995,computed,ggfiscal.debt.register,cash,20260910T102726Z,ggfiscal.debt.chains,,A,computed from the per-security register (debt_interest_by_security / debt_flows)
DEU,2018,register,sum_other,0.0,computed,ggfiscal.debt.register,cash,20260910T102726Z,ggfiscal.debt.chains,,A,computed from the per-security register (debt_interest_by_security / debt_flows)
DEU,2018,register,official_total,21691.18842,computed,,cash,20260910T102726Z,ggfiscal.debt.chains,,B,
DEU,2018,A_cg_cash,carried_from_previous_step,21691.18842,computed,,,20260910T102726Z,ggfiscal.debt.chains,,B,
DEU,2018,A_cg_cash,issue_premium_at_value_date,-2796.558768649999,computed,ggfiscal.debt.register,cash,20260910T102726Z,ggfiscal.debt.chains,,B,
DEU,2018,A_cg_cash,accrued_interest_received_at_issue,-168.96692397260276,computed,ggfiscal.debt.register,cash,20260910T102726Z,ggfiscal.debt.chains,,B,
DEU,2018,A_cg_cash,out_of_register_geldmarkt,0.0,official,BMF_DATENPORTAL,cash,20260910T102726Z,ggfiscal.debt.chains,,A,
DEU,2018,A_cg_cash,out_of_register_mitfinanzierung_abwicklungsanstalten_kfw,0.0,official,BMF_DATENPORTAL,cash,20260910T102726Z,ggfiscal.debt.chains,,A,
DEU,2018,A_cg_cash,out_of_register_schuldschein,417.563055,official,BMF_DATENPORTAL,cash,20260910T102726Z,ggfiscal.debt.chains,,A,
DEU,2018,A_cg_cash,out_of_register_sonstige_kredite,41.600842,official,BMF_DATENPORTAL,cash,20260910T102726Z,ggfiscal.debt.chains,,A,
DEU,2018,A_cg_cash,official_total,17109.0,official,BMF_DATENPORTAL,cash,20260910T102726Z,ggfiscal.debt.chains,,A,
DEU,2018,A_cg_cash,residual,-2075.826624377394,residual,,cash,20260910T102726Z,ggfiscal.debt.chains,,B,
DEU,2018,B_s1311_d41,carried_from_previous_step,17109.0,computed,,,20260910T102726Z,ggfiscal.debt.chains,,B,
DEU,2018,B_s1311_d41,official_total,17154.0,official,EUROSTAT_GOV10A_MAIN_S1311,accrued,20260910T102726Z,ggfiscal.debt.chains,,A,
DEU,2018,B_s1311_d41,residual,45.0,residual,,accrued,20260910T102726Z,ggfiscal.debt.chains,,B,
DEU,2018,C_s13_gf01_7,carried_from_previous_step,17154.0,computed,,,20260910T102726Z,ggfiscal.debt.chains,,B,
DEU,2018,C_s13_gf01_7,state_government_d41,11771.0,official,EUROSTAT_GOV10A_MAIN_S1311,accrued,20260910T102726Z,ggfiscal.debt.chains,,A,
DEU,2018,C_s13_gf01_7,local_government_d41,2834.0,official,EUROSTAT_GOV10A_MAIN_S1311,accrued,20260910T102726Z,ggfiscal.debt.chains,,A,
DEU,2018,C_s13_gf01_7,social_security_funds_d41,53.0,official,EUROSTAT_GOV10A_MAIN_S1311,accrued,20260910T102726Z,ggfiscal.debt.chains,,A,
DEU,2018,C_s13_gf01_7,official_total,34282.0,official,package_GF01_7,accrued,20260910T102726Z,ggfiscal.debt.chains,,A,
DEU,2018,C_s13_gf01_7,residual,2470.0,residual,,accrued,20260910T102726Z,ggfiscal.debt.chains,,B,
DEU,2019,register,sum_bill,-100.91620000000056,computed,ggfiscal.debt.register,cash,20260910T102726Z,ggfiscal.debt.chains,,A,computed from the per-security register (debt_interest_by_security / debt_flows)
DEU,2019,register,sum_fixed_bullet,18436.25,computed,ggfiscal.debt.register,cash,20260910T102726Z,ggfiscal.debt.chains,,A,computed from the per-security register (debt_interest_by_security / debt_flows)
DEU,2019,register,sum_inflation_linked,425.8464645,computed,ggfiscal.debt.register,cash,20260910T102726Z,ggfiscal.debt.chains,,A,computed from the per-security register (debt_interest_by_security / debt_flows)
DEU,2019,register,sum_other,0.0,computed,ggfiscal.debt.register,cash,20260910T102726Z,ggfiscal.debt.chains,,A,computed from the per-security register (debt_interest_by_security / debt_flows)
DEU,2019,register,official_total,18761.1802645,computed,,cash,20260910T102726Z,ggfiscal.debt.chains,,B,
DEU,2019,A_cg_cash,carried_from_previous_step,18761.1802645,computed,,,20260910T102726Z,ggfiscal.debt.chains,,B,
DEU,2019,A_cg_cash,issue_premium_at_value_date,-5601.273585180001,computed,ggfiscal.debt.register,cash,20260910T102726Z,ggfiscal.debt.chains,,B,
DEU,2019,A_cg_cash,accrued_interest_received_at_issue,-104.68799150684931,computed,ggfiscal.debt.register,cash,20260910T102726Z,ggfiscal.debt.chains,,B,
DEU,2019,A_cg_cash,out_of_register_geldmarkt,0.0,official,BMF_DATENPORTAL,cash,20260910T102726Z,ggfiscal.debt.chains,,A,
DEU,2019,A_cg_cash,out_of_register_mitfinanzierung_abwicklungsanstalten_kfw,648.4454519999999,official,BMF_DATENPORTAL,cash,20260910T102726Z,ggfiscal.debt.chains,,A,
DEU,2019,A_cg_cash,out_of_register_schuldschein,355.564123,official,BMF_DATENPORTAL,cash,20260910T102726Z,ggfiscal.debt.chains,,A,
DEU,2019,A_cg_cash,out_of_register_sonstige_kredite,41.600842,official,BMF_DATENPORTAL,cash,20260910T102726Z,ggfiscal.debt.chains,,A,
DEU,2019,A_cg_cash,official_total,13049.0,official,BMF_DATENPORTAL,cash,20260910T102726Z,ggfiscal.debt.chains,,A,
DEU,2019,A_cg_cash,residual,-1051.8291048131487,residual,,cash,20260910T102726Z,ggfiscal.debt.chains,,B,
DEU,2019,B_s1311_d41,carried_from_previous_step,13049.0,computed,,,20260910T102726Z,ggfiscal.debt.chains,,B,
DEU,2019,B_s1311_d41,official_total,15074.0,official,EUROSTAT_GOV10A_MAIN_S1311,accrued,20260910T102726Z,ggfiscal.debt.chains,,A,
DEU,2019,B_s1311_d41,residual,2025.0,residual,,accrued,20260910T102726Z,ggfiscal.debt.chains,,B,
DEU,2019,C_s13_gf01_7,carried_from_previous_step,15074.0,computed,,,20260910T102726Z,ggfiscal.debt.chains,,B,
DEU,2019,C_s13_gf01_7,state_government_d41,10239.0,official,EUROSTAT_GOV10A_MAIN_S1311,accrued,20260910T102726Z,ggfiscal.debt.chains,,A,
DEU,2019,C_s13_gf01_7,local_government_d41,2677.0,official,EUROSTAT_GOV10A_MAIN_S1311,accrued,20260910T102726Z,ggfiscal.debt.chains,,A,
DEU,2019,C_s13_gf01_7,social_security_funds_d41,79.0,official,EUROSTAT_GOV10A_MAIN_S1311,accrued,20260910T102726Z,ggfiscal.debt.chains,,A,
DEU,2019,C_s13_gf01_7,official_total,30593.0,official,package_GF01_7,accrued,20260910T102726Z,ggfiscal.debt.chains,,A,
DEU,2019,C_s13_gf01_7,residual,2524.0,residual,,accrued,20260910T102726Z,ggfiscal.debt.chains,,B,
DEU,2020,register,sum_bill,-182.94369999999992,computed,ggfiscal.debt.register,cash,20260910T102726Z,ggfiscal.debt.chains,,A,computed from the per-security register (debt_interest_by_security / debt_flows)
DEU,2020,register,sum_fixed_bullet,18111.25,computed,ggfiscal.debt.register,cash,20260910T102726Z,ggfiscal.debt.chains,,A,computed from the per-security register (debt_interest_by_security / debt_flows)
DEU,2020,register,sum_inflation_linked,2667.7501894999987,computed,ggfiscal.debt.register,cash,20260910T102726Z,ggfiscal.debt.chains,,A,computed from the per-security register (debt_interest_by_security / debt_flows)
DEU,2020,register,sum_other,0.0,computed,ggfiscal.debt.register,cash,20260910T102726Z,ggfiscal.debt.chains,,A,computed from the per-security register (debt_interest_by_security / debt_flows)
DEU,2020,register,official_total,20596.0564895,computed,,cash,20260910T102726Z,ggfiscal.debt.chains,,B,
DEU,2020,A_cg_cash,carried_from_previous_step,20596.0564895,computed,,,20260910T102726Z,ggfiscal.debt.chains,,B,
DEU,2020,A_cg_cash,issue_premium_at_value_date,-8862.647351245,computed,ggfiscal.debt.register,cash,20260910T102726Z,ggfiscal.debt.chains,,B,
DEU,2020,A_cg_cash,accrued_interest_received_at_issue,-54.44640887603863,computed,ggfiscal.debt.register,cash,20260910T102726Z,ggfiscal.debt.chains,,B,
DEU,2020,A_cg_cash,out_of_register_geldmarkt,0.0,official,BMF_DATENPORTAL,cash,20260910T102726Z,ggfiscal.debt.chains,,A,
DEU,2020,A_cg_cash,out_of_register_mitfinanzierung_abwicklungsanstalten_kfw,1106.970378,official,BMF_DATENPORTAL,cash,20260910T102726Z,ggfiscal.debt.chains,,A,
DEU,2020,A_cg_cash,out_of_register_schuldschein,313.378998,official,BMF_DATENPORTAL,cash,20260910T102726Z,ggfiscal.debt.chains,,A,
DEU,2020,A_cg_cash,out_of_register_sonstige_kredite,41.600842,official,BMF_DATENPORTAL,cash,20260910T102726Z,ggfiscal.debt.chains,,A,
DEU,2020,A_cg_cash,official_total,5287.0,official,BMF_DATENPORTAL,cash,20260910T102726Z,ggfiscal.debt.chains,,A,
DEU,2020,A_cg_cash,residual,-7853.912947378962,residual,,cash,20260910T102726Z,ggfiscal.debt.chains,,B,
DEU,2020,B_s1311_d41,carried_from_previous_step,5287.0,computed,,,20260910T102726Z,ggfiscal.debt.chains,,B,
DEU,2020,B_s1311_d41,official_total,10721.0,official,EUROSTAT_GOV10A_MAIN_S1311,accrued,20260910T102726Z,ggfiscal.debt.chains,,A,
DEU,2020,B_s1311_d41,residual,5434.0,residual,,accrued,20260910T102726Z,ggfiscal.debt.chains,,B,
DEU,2020,C_s13_gf01_7,carried_from_previous_step,10721.0,computed,,,20260910T102726Z,ggfiscal.debt.chains,,B,
DEU,2020,C_s13_gf01_7,state_government_d41,9067.0,official,EUROSTAT_GOV10A_MAIN_S1311,accrued,20260910T102726Z,ggfiscal.debt.chains,,A,
DEU,2020,C_s13_gf01_7,local_government_d41,2551.0,official,EUROSTAT_GOV10A_MAIN_S1311,accrued,20260910T102726Z,ggfiscal.debt.chains,,A,
DEU,2020,C_s13_gf01_7,social_security_funds_d41,65.0,official,EUROSTAT_GOV10A_MAIN_S1311,accrued,20260910T102726Z,ggfiscal.debt.chains,,A,
DEU,2020,C_s13_gf01_7,official_total,24721.0,official,package_GF01_7,accrued,20260910T102726Z,ggfiscal.debt.chains,,A,
DEU,2020,C_s13_gf01_7,residual,2317.0,residual,,accrued,20260910T102726Z,ggfiscal.debt.chains,,B,
DEU,2021,register,sum_bill,-778.7669999999987,computed,ggfiscal.debt.register,cash,20260910T102726Z,ggfiscal.debt.chains,,A,computed from the per-security register (debt_interest_by_security / debt_flows)
DEU,2021,register,sum_fixed_bullet,17495.625,computed,ggfiscal.debt.register,cash,20260910T102726Z,ggfiscal.debt.chains,,A,computed from the per-security register (debt_interest_by_security / debt_flows)
DEU,2021,register,sum_inflation_linked,154.05073,computed,ggfiscal.debt.register,cash,20260910T102726Z,ggfiscal.debt.chains,,A,computed from the per-security register (debt_interest_by_security / debt_flows)
DEU,2021,register,sum_other,0.0,computed,ggfiscal.debt.register,cash,20260910T102726Z,ggfiscal.debt.chains,,A,computed from the per-security register (debt_interest_by_security / debt_flows)
DEU,2021,register,official_total,16870.90873,computed,,cash,20260910T102726Z,ggfiscal.debt.chains,,B,
DEU,2021,A_cg_cash,carried_from_previous_step,16870.90873,computed,,,20260910T102726Z,ggfiscal.debt.chains,,B,
DEU,2021,A_cg_cash,issue_premium_at_value_date,-6600.520821060001,computed,ggfiscal.debt.register,cash,20260910T102726Z,ggfiscal.debt.chains,,B,
DEU,2021,A_cg_cash,accrued_interest_received_at_issue,-39.933379452054794,computed,ggfiscal.debt.register,cash,20260910T102726Z,ggfiscal.debt.chains,,B,
DEU,2021,A_cg_cash,out_of_register_geldmarkt,-0.014284,official,BMF_DATENPORTAL,cash,20260910T102726Z,ggfiscal.debt.chains,,A,
DEU,2021,A_cg_cash,out_of_register_mitfinanzierung_abwicklungsanstalten_kfw,899.1036389999999,official,BMF_DATENPORTAL,cash,20260910T102726Z,ggfiscal.debt.chains,,A,
DEU,2021,A_cg_cash,out_of_register_schuldschein,287.488348,official,BMF_DATENPORTAL,cash,20260910T102726Z,ggfiscal.debt.chains,,A,
DEU,2021,A_cg_cash,out_of_register_sonstige_kredite,41.600842,official,BMF_DATENPORTAL,cash,20260910T102726Z,ggfiscal.debt.chains,,A,
DEU,2021,A_cg_cash,official_total,3490.0,official,BMF_DATENPORTAL,cash,20260910T102726Z,ggfiscal.debt.chains,,A,
DEU,2021,A_cg_cash,residual,-7968.633074487943,residual,,cash,20260910T102726Z,ggfiscal.debt.chains,,B,
DEU,2021,B_s1311_d41,carried_from_previous_step,3490.0,computed,,,20260910T102726Z,ggfiscal.debt.chains,,B,
DEU,2021,B_s1311_d41,official_total,10555.0,official,EUROSTAT_GOV10A_MAIN_S1311,accrued,20260910T102726Z,ggfiscal.debt.chains,,A,
DEU,2021,B_s1311_d41,residual,7065.0,residual,,accrued,20260910T102726Z,ggfiscal.debt.chains,,B,
DEU,2021,C_s13_gf01_7,carried_from_previous_step,10555.0,computed,,,20260910T102726Z,ggfiscal.debt.chains,,B,
DEU,2021,C_s13_gf01_7,state_government_d41,8764.0,official,EUROSTAT_GOV10A_MAIN_S1311,accrued,20260910T102726Z,ggfiscal.debt.chains,,A,
DEU,2021,C_s13_gf01_7,local_government_d41,2386.0,official,EUROSTAT_GOV10A_MAIN_S1311,accrued,20260910T102726Z,ggfiscal.debt.chains,,A,
DEU,2021,C_s13_gf01_7,social_security_funds_d41,68.0,official,EUROSTAT_GOV10A_MAIN_S1311,accrued,20260910T102726Z,ggfiscal.debt.chains,,A,
DEU,2021,C_s13_gf01_7,official_total,23515.0,official,package_GF01_7,accrued,20260910T102726Z,ggfiscal.debt.chains,,A,
DEU,2021,C_s13_gf01_7,residual,1742.0,residual,,accrued,20260910T102726Z,ggfiscal.debt.chains,,B,
DEU,2022,register,sum_bill,-998.9823999999983,computed,ggfiscal.debt.register,cash,20260910T102726Z,ggfiscal.debt.chains,,A,computed from the per-security register (debt_interest_by_security / debt_flows)
DEU,2022,register,sum_fixed_bullet,16946.875,computed,ggfiscal.debt.register,cash,20260910T102726Z,ggfiscal.debt.chains,,A,computed from the per-security register (debt_interest_by_security / debt_flows)
DEU,2022,register,sum_inflation_linked,180.963206,computed,ggfiscal.debt.register,cash,20260910T102726Z,ggfiscal.debt.chains,,A,computed from the per-security register (debt_interest_by_security / debt_flows)
DEU,2022,register,sum_other,0.0,computed,ggfiscal.debt.register,cash,20260910T102726Z,ggfiscal.debt.chains,,A,computed from the per-security register (debt_interest_by_security / debt_flows)
DEU,2022,register,official_total,16128.855806000001,computed,,cash,20260910T102726Z,ggfiscal.debt.chains,,B,
DEU,2022,A_cg_cash,carried_from_previous_step,16128.855806000001,computed,,,20260910T102726Z,ggfiscal.debt.chains,,B,
DEU,2022,A_cg_cash,issue_premium_at_value_date,5049.24678591,computed,ggfiscal.debt.register,cash,20260910T102726Z,ggfiscal.debt.chains,,B,
DEU,2022,A_cg_cash,accrued_interest_received_at_issue,-663.0394063013699,computed,ggfiscal.debt.register,cash,20260910T102726Z,ggfiscal.debt.chains,,B,
DEU,2022,A_cg_cash,out_of_register_geldmarkt,0.0,official,BMF_DATENPORTAL,cash,20260910T102726Z,ggfiscal.debt.chains,,A,
DEU,2022,A_cg_cash,out_of_register_mitfinanzierung_abwicklungsanstalten_kfw,-299.71788099999867,official,BMF_DATENPORTAL,cash,20260910T102726Z,ggfiscal.debt.chains,,A,
DEU,2022,A_cg_cash,out_of_register_schuldschein,265.024648,official,BMF_DATENPORTAL,cash,20260910T102726Z,ggfiscal.debt.chains,,A,
DEU,2022,A_cg_cash,out_of_register_sonstige_kredite,41.600842,official,BMF_DATENPORTAL,cash,20260910T102726Z,ggfiscal.debt.chains,,A,
DEU,2022,A_cg_cash,official_total,15894.0,official,BMF_DATENPORTAL,cash,20260910T102726Z,ggfiscal.debt.chains,,A,
DEU,2022,A_cg_cash,residual,-4627.970794608627,residual,,cash,20260910T102726Z,ggfiscal.debt.chains,,B,
DEU,2022,B_s1311_d41,carried_from_previous_step,15894.0,computed,,,20260910T102726Z,ggfiscal.debt.chains,,B,
DEU,2022,B_s1311_d41,d41_accrued_less_paid_adjustment,-6059.6,official,EUROSTAT_GOV10DD,"accrued less paid; gov_10dd_edpt3 S1311 ORD41A_ADJ 'Adjustments: difference between interest expenditure (D.41) accrued (-) and paid (+)' = paid - accrued, sign -1 (accrued = paid - ORD41A_ADJ)",20260910T102726Z,ggfiscal.debt.chains,,A,
DEU,2022,B_s1311_d41,official_total,16835.0,official,EUROSTAT_GOV10A_MAIN_S1311,accrued,20260910T102726Z,ggfiscal.debt.chains,,A,
DEU,2022,B_s1311_d41,residual,7000.6,residual,,accrued,20260910T102726Z,ggfiscal.debt.chains,,B,
DEU,2022,C_s13_gf01_7,carried_from_previous_step,16835.0,computed,,,20260910T102726Z,ggfiscal.debt.chains,,B,
DEU,2022,C_s13_gf01_7,state_government_d41,8589.0,official,EUROSTAT_GOV10A_MAIN_S1311,accrued,20260910T102726Z,ggfiscal.debt.chains,,A,
DEU,2022,C_s13_gf01_7,local_government_d41,2547.0,official,EUROSTAT_GOV10A_MAIN_S1311,accrued,20260910T102726Z,ggfiscal.debt.chains,,A,
DEU,2022,C_s13_gf01_7,social_security_funds_d41,66.0,official,EUROSTAT_GOV10A_MAIN_S1311,accrued,20260910T102726Z,ggfiscal.debt.chains,,A,
DEU,2022,C_s13_gf01_7,official_total,29957.0,official,package_GF01_7,accrued,20260910T102726Z,ggfiscal.debt.chains,,A,
DEU,2022,C_s13_gf01_7,residual,1920.0,residual,,accrued,20260910T102726Z,ggfiscal.debt.chains,,B,
DEU,2023,register,sum_bill,1576.4547000000016,computed,ggfiscal.debt.register,cash,20260910T102726Z,ggfiscal.debt.chains,,A,computed from the per-security register (debt_interest_by_security / debt_flows)
DEU,2023,register,sum_fixed_bullet,21112.0,computed,ggfiscal.debt.register,cash,20260910T102726Z,ggfiscal.debt.chains,,A,computed from the per-security register (debt_interest_by_security / debt_flows)
DEU,2023,register,sum_inflation_linked,4237.942124000001,computed,ggfiscal.debt.register,cash,20260910T102726Z,ggfiscal.debt.chains,,A,computed from the per-security register (debt_interest_by_security / debt_flows)
DEU,2023,register,sum_other,0.0,computed,ggfiscal.debt.register,cash,20260910T102726Z,ggfiscal.debt.chains,,A,computed from the per-security register (debt_interest_by_security / debt_flows)
DEU,2023,register,official_total,26926.396824000003,computed,,cash,20260910T102726Z,ggfiscal.debt.chains,,B,
DEU,2023,A_cg_cash,carried_from_previous_step,26926.396824000003,computed,,,20260910T102726Z,ggfiscal.debt.chains,,B,
DEU,2023,A_cg_cash,issue_premium_at_value_date,16998.13669315,computed,ggfiscal.debt.register,cash,20260910T102726Z,ggfiscal.debt.chains,,B,
DEU,2023,A_cg_cash,accrued_interest_received_at_issue,-3086.4528303368515,computed,ggfiscal.debt.register,cash,20260910T102726Z,ggfiscal.debt.chains,,B,
DEU,2023,A_cg_cash,out_of_register_geldmarkt,9.853442,official,BMF_DATENPORTAL,cash,20260910T102726Z,ggfiscal.debt.chains,,A,
DEU,2023,A_cg_cash,out_of_register_mitfinanzierung_abwicklungsanstalten_kfw,-355.3977569999988,official,BMF_DATENPORTAL,cash,20260910T102726Z,ggfiscal.debt.chains,,A,
DEU,2023,A_cg_cash,out_of_register_schuldschein,249.811398,official,BMF_DATENPORTAL,cash,20260910T102726Z,ggfiscal.debt.chains,,A,
DEU,2023,A_cg_cash,out_of_register_sonstige_kredite,41.600842,official,BMF_DATENPORTAL,cash,20260910T102726Z,ggfiscal.debt.chains,,A,
DEU,2023,A_cg_cash,official_total,39858.0,official,BMF_DATENPORTAL,cash,20260910T102726Z,ggfiscal.debt.chains,,A,
DEU,2023,A_cg_cash,residual,-925.9486118131535,residual,,cash,20260910T102726Z,ggfiscal.debt.chains,,B,
DEU,2023,B_s1311_d41,carried_from_previous_step,39858.0,computed,,,20260910T102726Z,ggfiscal.debt.chains,,B,
DEU,2023,B_s1311_d41,d41_accrued_less_paid_adjustment,2335.8,official,EUROSTAT_GOV10DD,"accrued less paid; gov_10dd_edpt3 S1311 ORD41A_ADJ 'Adjustments: difference between interest expenditure (D.41) accrued (-) and paid (+)' = paid - accrued, sign -1 (accrued = paid - ORD41A_ADJ)",20260910T102726Z,ggfiscal.debt.chains,,A,
DEU,2023,B_s1311_d41,official_total,24620.0,official,EUROSTAT_GOV10A_MAIN_S1311,accrued,20260910T102726Z,ggfiscal.debt.chains,,A,
DEU,2023,B_s1311_d41,residual,-17573.800000000003,residual,,accrued,20260910T102726Z,ggfiscal.debt.chains,,B,
DEU,2023,C_s13_gf01_7,carried_from_previous_step,24620.0,computed,,,20260910T102726Z,ggfiscal.debt.chains,,B,
DEU,2023,C_s13_gf01_7,state_government_d41,9000.0,official,EUROSTAT_GOV10A_MAIN_S1311,accrued,20260910T102726Z,ggfiscal.debt.chains,,A,
DEU,2023,C_s13_gf01_7,local_government_d41,2980.0,official,EUROSTAT_GOV10A_MAIN_S1311,accrued,20260910T102726Z,ggfiscal.debt.chains,,A,
DEU,2023,C_s13_gf01_7,social_security_funds_d41,282.0,official,EUROSTAT_GOV10A_MAIN_S1311,accrued,20260910T102726Z,ggfiscal.debt.chains,,A,
DEU,2023,C_s13_gf01_7,official_total,40250.0,official,package_GF01_7,accrued,20260910T102726Z,ggfiscal.debt.chains,,A,
DEU,2023,C_s13_gf01_7,residual,3368.0,residual,,accrued,20260910T102726Z,ggfiscal.debt.chains,,B,
DEU,2024,register,sum_bill,4860.63665,computed,ggfiscal.debt.register,cash,20260910T102726Z,ggfiscal.debt.chains,,A,computed from the per-security register (debt_interest_by_security / debt_flows)
DEU,2024,register,sum_fixed_bullet,26045.5,computed,ggfiscal.debt.register,cash,20260910T102726Z,ggfiscal.debt.chains,,A,computed from the per-security register (debt_interest_by_security / debt_flows)
DEU,2024,register,sum_inflation_linked,192.23029400000001,computed,ggfiscal.debt.register,cash,20260910T102726Z,ggfiscal.debt.chains,,A,computed from the per-security register (debt_interest_by_security / debt_flows)
DEU,2024,register,sum_other,0.0,computed,ggfiscal.debt.register,cash,20260910T102726Z,ggfiscal.debt.chains,,A,computed from the per-security register (debt_interest_by_security / debt_flows)
DEU,2024,register,official_total,31098.366944,computed,,cash,20260910T102726Z,ggfiscal.debt.chains,,B,
DEU,2024,A_cg_cash,carried_from_previous_step,31098.366944,computed,,,20260910T102726Z,ggfiscal.debt.chains,,B,
DEU,2024,A_cg_cash,issue_premium_at_value_date,8750.343194579998,computed,ggfiscal.debt.register,cash,20260910T102726Z,ggfiscal.debt.chains,,B,
DEU,2024,A_cg_cash,accrued_interest_received_at_issue,-2813.7105652945206,computed,ggfiscal.debt.register,cash,20260910T102726Z,ggfiscal.debt.chains,,B,
DEU,2024,A_cg_cash,out_of_register_geldmarkt,0.0,official,BMF_DATENPORTAL,cash,20260910T102726Z,ggfiscal.debt.chains,,A,
DEU,2024,A_cg_cash,out_of_register_mitfinanzierung_abwicklungsanstalten_kfw,-465.4389319999973,official,BMF_DATENPORTAL,cash,20260910T102726Z,ggfiscal.debt.chains,,A,
DEU,2024,A_cg_cash,out_of_register_schuldschein,201.628648,official,BMF_DATENPORTAL,cash,20260910T102726Z,ggfiscal.debt.chains,,A,
DEU,2024,A_cg_cash,out_of_register_sonstige_kredite,41.600842,official,BMF_DATENPORTAL,cash,20260910T102726Z,ggfiscal.debt.chains,,A,
DEU,2024,A_cg_cash,official_total,33238.0,official,BMF_DATENPORTAL,cash,20260910T102726Z,ggfiscal.debt.chains,,A,
DEU,2024,A_cg_cash,residual,-3574.790131285481,residual,,cash,20260910T102726Z,ggfiscal.debt.chains,,B,
DEU,2024,B_s1311_d41,carried_from_previous_step,33238.0,computed,,,20260910T102726Z,ggfiscal.debt.chains,,B,
DEU,2024,B_s1311_d41,d41_accrued_less_paid_adjustment,-229.0,official,EUROSTAT_GOV10DD,"accrued less paid; gov_10dd_edpt3 S1311 ORD41A_ADJ 'Adjustments: difference between interest expenditure (D.41) accrued (-) and paid (+)' = paid - accrued, sign -1 (accrued = paid - ORD41A_ADJ)",20260910T102726Z,ggfiscal.debt.chains,,A,
DEU,2024,B_s1311_d41,official_total,31644.0,official,EUROSTAT_GOV10A_MAIN_S1311,accrued,20260910T102726Z,ggfiscal.debt.chains,,A,
DEU,2024,B_s1311_d41,residual,-1365.0,residual,,accrued,20260910T102726Z,ggfiscal.debt.chains,,B,
DEU,2024,C_s13_gf01_7,carried_from_previous_step,31644.0,computed,,,20260910T102726Z,ggfiscal.debt.chains,,B,
DEU,2024,C_s13_gf01_7,state_government_d41,10330.0,official,EUROSTAT_GOV10A_MAIN_S1311,accrued,20260910T102726Z,ggfiscal.debt.chains,,A,
DEU,2024,C_s13_gf01_7,local_government_d41,3612.0,official,EUROSTAT_GOV10A_MAIN_S1311,accrued,20260910T102726Z,ggfiscal.debt.chains,,A,
DEU,2024,C_s13_gf01_7,social_security_funds_d41,300.0,official,EUROSTAT_GOV10A_MAIN_S1311,accrued,20260910T102726Z,ggfiscal.debt.chains,,A,
DEU,2024,C_s13_gf01_7,official_total,49280.0,official,package_GF01_7,accrued,20260910T102726Z,ggfiscal.debt.chains,,A,
DEU,2024,C_s13_gf01_7,residual,3394.0,residual,,accrued,20260910T102726Z,ggfiscal.debt.chains,,B,
DEU,2025,register,sum_bill,2797.9129499999995,computed,ggfiscal.debt.register,cash,20260910T102726Z,ggfiscal.debt.chains,,A,computed from the per-security register (debt_interest_by_security / debt_flows)
DEU,2025,register,sum_fixed_bullet,30291.625,computed,ggfiscal.debt.register,cash,20260910T102726Z,ggfiscal.debt.chains,,A,computed from the per-security register (debt_interest_by_security / debt_flows)
DEU,2025,register,sum_inflation_linked,196.66979750000002,computed,ggfiscal.debt.register,cash,20260910T102726Z,ggfiscal.debt.chains,,A,computed from the per-security register (debt_interest_by_security / debt_flows)
DEU,2025,register,sum_other,0.0,computed,ggfiscal.debt.register,cash,20260910T102726Z,ggfiscal.debt.chains,,A,computed from the per-security register (debt_interest_by_security / debt_flows)
DEU,2025,register,official_total,33286.2077475,computed,,cash,20260910T102726Z,ggfiscal.debt.chains,,B,
DEU,2025,A_cg_cash,carried_from_previous_step,33286.2077475,computed,,,20260910T102726Z,ggfiscal.debt.chains,,B,
DEU,2025,A_cg_cash,issue_premium_at_value_date,7737.352446059998,computed,ggfiscal.debt.register,cash,20260910T102726Z,ggfiscal.debt.chains,,B,
DEU,2025,A_cg_cash,accrued_interest_received_at_issue,-2897.3372504622353,computed,ggfiscal.debt.register,cash,20260910T102726Z,ggfiscal.debt.chains,,B,
DEU,2025,A_cg_cash,out_of_register_geldmarkt,3.558004,official,BMF_DATENPORTAL,cash,20260910T102726Z,ggfiscal.debt.chains,,A,
DEU,2025,A_cg_cash,out_of_register_mitfinanzierung_abwicklungsanstalten_kfw,-574.6453540000002,official,BMF_DATENPORTAL,cash,20260910T102726Z,ggfiscal.debt.chains,,A,
DEU,2025,A_cg_cash,out_of_register_schuldschein,193.964255,official,BMF_DATENPORTAL,cash,20260910T102726Z,ggfiscal.debt.chains,,A,
DEU,2025,A_cg_cash,out_of_register_sonstige_kredite,37.432894,official,BMF_DATENPORTAL,cash,20260910T102726Z,ggfiscal.debt.chains,,A,
DEU,2025,A_cg_cash,official_total,29853.0,official,BMF_DATENPORTAL,cash,20260910T102726Z,ggfiscal.debt.chains,,A,
DEU,2025,A_cg_cash,residual,-7933.5327420977555,residual,,cash,20260910T102726Z,ggfiscal.debt.chains,,B,
DEU,2025,B_s1311_d41,carried_from_previous_step,29853.0,computed,,,20260910T102726Z,ggfiscal.debt.chains,,B,
DEU,2025,B_s1311_d41,d41_accrued_less_paid_adjustment,-464.7,official,EUROSTAT_GOV10DD,"accrued less paid; gov_10dd_edpt3 S1311 ORD41A_ADJ 'Adjustments: difference between interest expenditure (D.41) accrued (-) and paid (+)' = paid - accrued, sign -1 (accrued = paid - ORD41A_ADJ)",20260910T102726Z,ggfiscal.debt.chains,,A,
DEU,2025,B_s1311_d41,official_total,33064.0,official,EUROSTAT_GOV10A_MAIN_S1311,accrued,20260910T102726Z,ggfiscal.debt.chains,,A,
DEU,2025,B_s1311_d41,residual,3675.7000000000007,residual,,accrued,20260910T102726Z,ggfiscal.debt.chains,,B,
DEU,2025,C_s13_gf01_7,carried_from_previous_step,33064.0,computed,,,20260910T102726Z,ggfiscal.debt.chains,,B,
DEU,2025,C_s13_gf01_7,state_government_d41,11942.0,official,EUROSTAT_GOV10A_MAIN_S1311,accrued,20260910T102726Z,ggfiscal.debt.chains,,A,
DEU,2025,C_s13_gf01_7,local_government_d41,4389.0,official,EUROSTAT_GOV10A_MAIN_S1311,accrued,20260910T102726Z,ggfiscal.debt.chains,,A,
DEU,2025,C_s13_gf01_7,social_security_funds_d41,197.0,official,EUROSTAT_GOV10A_MAIN_S1311,accrued,20260910T102726Z,ggfiscal.debt.chains,,A,
DEU,2025,C_s13_gf01_7,official_total,53275.90817840622,official,package_GF01_7,accrued,20260910T102726Z,ggfiscal.debt.chains,,A,
DEU,2025,C_s13_gf01_7,residual,3683.908178406222,residual,,accrued,20260910T102726Z,ggfiscal.debt.chains,,B,
DEU,2026,register,sum_bill,1909.44635,computed,ggfiscal.debt.register,cash,20260910T102726Z,ggfiscal.debt.chains,,A,computed from the per-security register (debt_interest_by_security / debt_flows)
DEU,2026,register,sum_fixed_bullet,35125.125,computed,ggfiscal.debt.register,cash,20260910T102726Z,ggfiscal.debt.chains,,A,computed from the per-security register (debt_interest_by_security / debt_flows)
DEU,2026,register,sum_inflation_linked,5818.124634500002,computed,ggfiscal.debt.register,cash,20260910T102726Z,ggfiscal.debt.chains,,A,computed from the per-security register (debt_interest_by_security / debt_flows)
DEU,2026,register,sum_other,0.0,computed,ggfiscal.debt.register,cash,20260910T102726Z,ggfiscal.debt.chains,,A,computed from the per-security register (debt_interest_by_security / debt_flows)
DEU,2026,register,official_total,42852.6959845,computed,,cash,20260910T102726Z,ggfiscal.debt.chains,,B,
DEU,2026,A_cg_cash,carried_from_previous_step,42852.6959845,computed,,,20260910T102726Z,ggfiscal.debt.chains,,B,
DEU,2026,A_cg_cash,issue_premium_at_value_date,9735.582001201,computed,ggfiscal.debt.register,cash,20260910T102726Z,ggfiscal.debt.chains,,B,
DEU,2026,A_cg_cash,accrued_interest_received_at_issue,-3137.6218545890406,computed,ggfiscal.debt.register,cash,20260910T102726Z,ggfiscal.debt.chains,,B,
DEU,2026,A_cg_cash,official_total,,official,,,20260910T102726Z,ggfiscal.debt.chains,,A,
DEU,2026,A_cg_cash,residual,,residual,,,20260910T102726Z,ggfiscal.debt.chains,,B,
DEU,2026,B_s1311_d41,carried_from_previous_step,49450.65613111196,computed,,,20260910T102726Z,ggfiscal.debt.chains,,B,
DEU,2026,B_s1311_d41,official_total,,official,,,20260910T102726Z,ggfiscal.debt.chains,,A,
DEU,2026,B_s1311_d41,residual,,residual,,,20260910T102726Z,ggfiscal.debt.chains,,B,
DEU,2026,C_s13_gf01_7,carried_from_previous_step,49450.65613111196,computed,,,20260910T102726Z,ggfiscal.debt.chains,,B,
DEU,2026,C_s13_gf01_7,official_total,,official,,,20260910T102726Z,ggfiscal.debt.chains,,A,
DEU,2026,C_s13_gf01_7,residual,,residual,,,20260910T102726Z,ggfiscal.debt.chains,,B,
