iso3,country,classification,line_code,line_label,method,year,pct_gdp,se,lo80,hi80,lo95,hi95,model,fit_first_year,fit_last_year,n_obs,run_id
DEU,Germany,COFOG,GF01,General public services,auto.arima,2025,6.44058746881981,0.15975736622408918,6.235850096620596,6.645324841019025,6.12746878228578,6.753706155353841,"ARIMA(0, 1, 1)",1991,2024,34,20260919T085500Z
DEU,Germany,COFOG,GF01,General public services,auto.arima,2026,6.44058746881981,0.30722375938168495,6.046864245536693,6.834310692102927,5.838439960487046,7.042734977152575,"ARIMA(0, 1, 1)",1991,2024,34,20260919T085500Z
DEU,Germany,COFOG,GF01,General public services,auto.arima,2027,6.44058746881981,0.4040426469995127,5.922785806472291,6.95838913116733,5.648678426236057,7.232496511403563,"ARIMA(0, 1, 1)",1991,2024,34,20260919T085500Z
DEU,Germany,COFOG,GF01,General public services,auto.arima,2028,6.44058746881981,0.481782609545146,5.8231580019920095,7.058016935647611,5.496310898285268,7.384864039354353,"ARIMA(0, 1, 1)",1991,2024,34,20260919T085500Z
DEU,Germany,COFOG,GF01,General public services,auto.arima,2029,6.44058746881981,0.5486150792002421,5.737508716840582,7.143666220799039,5.365321663730187,7.515853273909434,"ARIMA(0, 1, 1)",1991,2024,34,20260919T085500Z
DEU,Germany,COFOG,GF01,General public services,auto.arima,2030,6.44058746881981,0.6081467975675326,5.661215724103544,7.219959213536077,5.248641638872159,7.632533298767462,"ARIMA(0, 1, 1)",1991,2024,34,20260919T085500Z
DEU,Germany,COFOG,GF01,General public services,auto.arima,2031,6.44058746881981,0.662349265612489,5.591752442775594,7.289422494864027,5.142406752792894,7.738768184846727,"ARIMA(0, 1, 1)",1991,2024,34,20260919T085500Z
DEU,Germany,COFOG,GF01,General public services,combination,2025,6.222796305875383,0.44190685811467995,5.656469688044798,6.789122923705967,5.356674772617502,7.088917839133263,mean of 4 + between-model variance,1991,2024,34,20260919T085500Z
DEU,Germany,COFOG,GF01,General public services,combination,2026,6.2549671949359515,0.549442244998056,5.550828386974203,6.9591060028977,5.178080174660582,7.3318542152113215,mean of 4 + between-model variance,1991,2024,34,20260919T085500Z
DEU,Germany,COFOG,GF01,General public services,combination,2027,6.311243169911655,0.692366051525776,5.423940071846693,7.198546267976616,4.954230634098988,7.668255705724321,mean of 4 + between-model variance,1991,2024,34,20260919T085500Z
DEU,Germany,COFOG,GF01,General public services,combination,2028,6.356448662063415,0.8397221466043361,5.280301065638335,7.432596258488495,4.710623484716194,8.002273839410636,mean of 4 + between-model variance,1991,2024,34,20260919T085500Z
DEU,Germany,COFOG,GF01,General public services,combination,2029,6.38969097650314,0.9910844440307607,5.119564725086631,7.65981722791965,4.447201145242834,8.332180807763446,mean of 4 + between-model variance,1991,2024,34,20260919T085500Z
DEU,Germany,COFOG,GF01,General public services,combination,2030,6.432106206015995,1.1586512885167812,4.947234329914736,7.916978082117253,4.16119139196949,8.703021020062499,mean of 4 + between-model variance,1991,2024,34,20260919T085500Z
DEU,Germany,COFOG,GF01,General public services,combination,2031,6.479696488716398,1.341099480771376,4.761007766934879,8.198385210497916,3.851189785985808,9.108203191446988,mean of 4 + between-model variance,1991,2024,34,20260919T085500Z
DEU,Germany,COFOG,GF01,General public services,ets,2025,6.334452909529035,0.1804526027468423,6.103193515573614,6.565712303484456,5.980772304438923,6.688133514619147,"ETS(A,N,N)",1991,2024,34,20260919T085500Z
DEU,Germany,COFOG,GF01,General public services,ets,2026,6.334452909529035,0.2551857585632145,6.00741909027083,6.6614867287872395,5.834298009432443,6.834607809625627,"ETS(A,N,N)",1991,2024,34,20260919T085500Z
DEU,Germany,COFOG,GF01,General public services,ets,2027,6.334452909529035,0.3125322397911242,5.9339265925602405,6.734979226497829,5.721900970699064,6.947004848359006,"ETS(A,N,N)",1991,2024,34,20260919T085500Z
DEU,Germany,COFOG,GF01,General public services,ets,2028,6.334452909529035,0.3608781379416464,5.871968810093642,6.796937008964428,5.627144750776374,7.041761068281696,"ETS(A,N,N)",1991,2024,34,20260919T085500Z
DEU,Germany,COFOG,GF01,General public services,ets,2029,6.334452909529035,0.40347200643861725,5.817382552733612,6.851523266324458,5.543662301901577,7.125243517156493,"ETS(A,N,N)",1991,2024,34,20260919T085500Z
DEU,Germany,COFOG,GF01,General public services,ets,2030,6.334452909529035,0.4419799650606088,5.7680326013456815,6.900873217712388,5.468188089288984,7.200717729769086,"ETS(A,N,N)",1991,2024,34,20260919T085500Z
DEU,Germany,COFOG,GF01,General public services,ets,2031,6.334452909529035,0.4773917877910666,5.722650509101818,6.946255309956252,5.398782191562905,7.270123627495165,"ETS(A,N,N)",1991,2024,34,20260919T085500Z
DEU,Germany,COFOG,GF01,General public services,prophet,2025,5.645006233148986,0.28694601056210245,5.277269999421103,6.012742466876869,5.082602382503645,6.2074100837943265,Prophet(linear trend),1991,2024,34,20260919T085500Z
DEU,Germany,COFOG,GF01,General public services,prophet,2026,5.5979008384376066,0.2919130639352881,5.22379906752521,5.972002609350003,5.025761741994744,6.170039934880469,Prophet(linear trend),1991,2024,34,20260919T085500Z
DEU,Germany,COFOG,GF01,General public services,prophet,2027,5.550795443726227,0.28815081359990474,5.181515192255642,5.920075695196813,4.9860302224997035,6.115560664952751,Prophet(linear trend),1991,2024,34,20260919T085500Z
DEU,Germany,COFOG,GF01,General public services,prophet,2028,5.503560993138926,0.27196109262036844,5.155028710969107,5.852093275308745,4.970527042202338,6.036594944075514,Prophet(linear trend),1991,2024,34,20260919T085500Z
DEU,Germany,COFOG,GF01,General public services,prophet,2029,5.456455598427548,0.3078545154091114,5.06192402849597,5.850987168359125,4.8530718309882435,6.059839365866852,Prophet(linear trend),1991,2024,34,20260919T085500Z
DEU,Germany,COFOG,GF01,General public services,prophet,2030,5.409350203716168,0.29678009051221277,5.029011085160061,5.789689322272276,4.827671910395489,5.991028497036847,Prophet(linear trend),1991,2024,34,20260919T085500Z
DEU,Germany,COFOG,GF01,General public services,prophet,2031,5.362244809004788,0.28741160761560913,4.993911888441789,5.730577729567787,4.798928404896069,5.925561213113507,Prophet(linear trend),1991,2024,34,20260919T085500Z
DEU,Germany,COFOG,GF01,General public services,uc,2025,6.471138612003699,0.18298225282632571,6.236637339929616,6.705639884077782,6.112499983825202,6.829777240182196,UC(local linear trend + damped cycle),1991,2024,34,20260919T085500Z
DEU,Germany,COFOG,GF01,General public services,uc,2026,6.646927562957355,0.35773130507742,6.188476293472777,7.105378832441933,5.945787083332595,7.348068042582115,UC(local linear trend + damped cycle),1991,2024,34,20260919T085500Z
DEU,Germany,COFOG,GF01,General public services,uc,2027,6.919136857571548,0.5354870852156486,6.232882312539263,7.605391402603833,5.8696014480839445,7.968672267059151,UC(local linear trend + damped cycle),1991,2024,34,20260919T085500Z
DEU,Germany,COFOG,GF01,General public services,uc,2028,7.147193276765889,0.7553449677017842,6.179179422717732,8.115207130814046,5.6667443324892295,8.62764222104255,UC(local linear trend + damped cycle),1991,2024,34,20260919T085500Z
DEU,Germany,COFOG,GF01,General public services,uc,2029,7.327267929236167,1.0147036937718081,6.026872381075519,8.627663477396815,5.338485218776399,9.316050639695936,UC(local linear trend + damped cycle),1991,2024,34,20260919T085500Z
DEU,Germany,COFOG,GF01,General public services,uc,2030,7.544034241998966,1.2886406793168843,5.892574202139054,9.195494281858878,5.018344901602328,10.069723582395604,UC(local linear trend + damped cycle),1991,2024,34,20260919T085500Z
DEU,Germany,COFOG,GF01,General public services,uc,2031,7.7815007675119565,1.5780639728425279,5.75912972698767,9.803871808036243,4.688552191043624,10.874449343980288,UC(local linear trend + damped cycle),1991,2024,34,20260919T085500Z
DEU,Germany,COFOG,GF01_X,General public services excluding interest,auto.arima,2025,5.442066486080597,0.1642077924323805,5.231625661273295,5.6525073108878985,5.1202251243936585,5.763907847767535,"ARIMA(2, 2, 2)+drift",1991,2024,34,20260919T085500Z
DEU,Germany,COFOG,GF01_X,General public services excluding interest,auto.arima,2026,5.656402401944526,0.24422513965436807,5.343415185770191,5.969389618118861,5.177729920326992,6.135074883562059,"ARIMA(2, 2, 2)+drift",1991,2024,34,20260919T085500Z
DEU,Germany,COFOG,GF01_X,General public services excluding interest,auto.arima,2027,5.837383010554892,0.2837230154082325,5.473777212712441,6.2009888083973435,5.281296114383311,6.393469906726473,"ARIMA(2, 2, 2)+drift",1991,2024,34,20260919T085500Z
DEU,Germany,COFOG,GF01_X,General public services excluding interest,auto.arima,2028,6.009104093045833,0.3083939912366366,5.613881156788539,6.404327029303127,5.40466297240571,6.613545213685956,"ARIMA(2, 2, 2)+drift",1991,2024,34,20260919T085500Z
DEU,Germany,COFOG,GF01_X,General public services excluding interest,auto.arima,2029,6.190695823957048,0.33117355193505676,5.766279696127572,6.615111951786524,5.541607584412207,6.83978406350189,"ARIMA(2, 2, 2)+drift",1991,2024,34,20260919T085500Z
DEU,Germany,COFOG,GF01_X,General public services excluding interest,auto.arima,2030,6.386207638687506,0.35592730045938853,5.930068294929176,6.842346982445837,5.688602943169921,7.083812334205091,"ARIMA(2, 2, 2)+drift",1991,2024,34,20260919T085500Z
DEU,Germany,COFOG,GF01_X,General public services excluding interest,auto.arima,2031,6.592319853667261,0.38206621599805635,6.10268213042252,7.081957576912003,5.843483824694847,7.341155882639676,"ARIMA(2, 2, 2)+drift",1991,2024,34,20260919T085500Z
DEU,Germany,COFOG,GF01_X,General public services excluding interest,combination,2025,5.329187066296969,0.19702538351501997,5.076688792002528,5.5816853405914095,4.943024407521336,5.715349725072602,mean of 4 + between-model variance,1991,2024,34,20260919T085500Z
DEU,Germany,COFOG,GF01_X,General public services excluding interest,combination,2026,5.425508713720642,0.29824759093796804,5.0432889170589075,5.807728510382377,4.840954172395499,6.010063255045786,mean of 4 + between-model variance,1991,2024,34,20260919T085500Z
DEU,Germany,COFOG,GF01_X,General public services excluding interest,combination,2027,5.513493232373698,0.3849093830033566,5.0202118427669795,6.006774621980416,4.759084698424907,6.267901766322488,mean of 4 + between-model variance,1991,2024,34,20260919T085500Z
DEU,Germany,COFOG,GF01_X,General public services excluding interest,combination,2028,5.599227109186792,0.4677166585222183,4.999823890024326,6.198630328349258,4.682519296282951,6.515934922090633,mean of 4 + between-model variance,1991,2024,34,20260919T085500Z
DEU,Germany,COFOG,GF01_X,General public services excluding interest,combination,2029,5.687364067360863,0.5505489141295368,4.981807005360327,6.392921129361399,4.6083080154278795,6.766420119293847,mean of 4 + between-model variance,1991,2024,34,20260919T085500Z
DEU,Germany,COFOG,GF01_X,General public services excluding interest,combination,2030,5.7789804082121625,0.6399500002645292,4.958851205473154,6.599109610951171,4.524701445893695,7.03325937053063,mean of 4 + between-model variance,1991,2024,34,20260919T085500Z
DEU,Germany,COFOG,GF01_X,General public services excluding interest,combination,2031,5.873247309767483,0.7333384263636369,4.933435982784311,6.813058636750655,4.435930394278103,7.310564225256862,mean of 4 + between-model variance,1991,2024,34,20260919T085500Z
DEU,Germany,COFOG,GF01_X,General public services excluding interest,ets,2025,5.211135648819369,0.18057008417217119,4.979725696308355,5.442545601330384,4.857224784364944,5.565046513273795,"ETS(A,N,N)",1991,2024,34,20260919T085500Z
DEU,Germany,COFOG,GF01_X,General public services excluding interest,ets,2026,5.211135648819369,0.2553518940812582,4.883888918255745,5.538382379382994,4.71065512908829,5.7116161685504485,"ETS(A,N,N)",1991,2024,34,20260919T085500Z
DEU,Germany,COFOG,GF01_X,General public services excluding interest,ets,2027,5.211135648819369,0.31273571002337897,4.810348574167488,5.611922723471251,4.5981849156591075,5.824086381979631,"ETS(A,N,N)",1991,2024,34,20260919T085500Z
DEU,Germany,COFOG,GF01_X,General public services excluding interest,ets,2028,5.211135648819369,0.3611130831703109,4.748350454856292,5.673920842782447,4.503367005876554,5.918904291762185,"ETS(A,N,N)",1991,2024,34,20260919T085500Z
DEU,Germany,COFOG,GF01_X,General public services excluding interest,ets,2029,5.211135648819369,0.4037346818762402,4.69372865979151,5.728542637847228,4.419830206790486,6.002441090848253,"ETS(A,N,N)",1991,2024,34,20260919T085500Z
DEU,Germany,COFOG,GF01_X,General public services excluding interest,ets,2030,5.211135648819369,0.44226771062632425,4.644346579730782,5.777924717907957,4.344306857629356,6.077964440009382,"ETS(A,N,N)",1991,2024,34,20260919T085500Z
DEU,Germany,COFOG,GF01_X,General public services excluding interest,ets,2031,5.211135648819369,0.47770258778406366,4.598934942039527,5.823336355599212,4.274855774055765,6.147415523582974,"ETS(A,N,N)",1991,2024,34,20260919T085500Z
DEU,Germany,COFOG,GF01_X,General public services excluding interest,prophet,2025,5.37701617687573,0.155353576360763,5.177922490383442,5.576109863368019,5.072528759937384,5.681503593814076,Prophet(linear trend),1991,2024,34,20260919T085500Z
DEU,Germany,COFOG,GF01_X,General public services excluding interest,prophet,2026,5.472595308661355,0.14191428539564507,5.290724772383996,5.654465844938715,5.194448418200166,5.750742199122545,Prophet(linear trend),1991,2024,34,20260919T085500Z
DEU,Germany,COFOG,GF01_X,General public services excluding interest,prophet,2027,5.568174440446983,0.14454563099879864,5.382931697949211,5.753417182944755,5.2848702073320535,5.851478673561912,Prophet(linear trend),1991,2024,34,20260919T085500Z
DEU,Germany,COFOG,GF01_X,General public services excluding interest,prophet,2028,5.664015432867638,0.16721424480453473,5.449721683009897,5.878309182725379,5.336281532763563,5.991749332971713,Prophet(linear trend),1991,2024,34,20260919T085500Z
DEU,Germany,COFOG,GF01_X,General public services excluding interest,prophet,2029,5.7595945646532645,0.15643983134040731,5.559108785919303,5.960080343387226,5.452978127059994,6.0662110022465345,Prophet(linear trend),1991,2024,34,20260919T085500Z
DEU,Germany,COFOG,GF01_X,General public services excluding interest,prophet,2030,5.85517369643889,0.1618589666821857,5.647743013969402,6.062604378908379,5.537935948664607,6.172411444213173,Prophet(linear trend),1991,2024,34,20260919T085500Z
DEU,Germany,COFOG,GF01_X,General public services excluding interest,prophet,2031,5.950752828224517,0.16077280163087962,5.74471412274886,6.156791533700174,5.635643924848852,6.265861731600182,Prophet(linear trend),1991,2024,34,20260919T085500Z
DEU,Germany,COFOG,GF01_X,General public services excluding interest,uc,2025,5.2865299534121775,0.17471304285975825,5.062626103909168,5.510433802915187,4.944098679076594,5.6289612277477605,UC(local linear trend + damped cycle),1991,2024,34,20260919T085500Z
DEU,Germany,COFOG,GF01_X,General public services excluding interest,uc,2026,5.361901495457321,0.26478044957718994,5.022571580740774,5.701231410173868,4.842941346382213,5.880861644532429,UC(local linear trend + damped cycle),1991,2024,34,20260919T085500Z
DEU,Germany,COFOG,GF01_X,General public services excluding interest,uc,2027,5.437279829673544,0.3463055018020022,4.993471321228185,5.881088338118904,4.758533513139685,6.116026146207403,UC(local linear trend + damped cycle),1991,2024,34,20260919T085500Z
DEU,Germany,COFOG,GF01_X,General public services excluding interest,uc,2028,5.512653262014325,0.42562479457939334,4.967192955271514,6.058113568757136,4.678443987131319,6.346862536897332,UC(local linear trend + damped cycle),1991,2024,34,20260919T085500Z
DEU,Germany,COFOG,GF01_X,General public services excluding interest,uc,2029,5.588030232013768,0.5049464979954836,4.94091503761466,6.235145426412876,4.598353274016548,6.5777071900109885,UC(local linear trend + damped cycle),1991,2024,34,20260919T085500Z
DEU,Germany,COFOG,GF01_X,General public services excluding interest,uc,2030,5.663404648902884,0.5852746168840665,4.913344793085875,6.413464504719894,4.516287469696322,6.810521828109446,UC(local linear trend + damped cycle),1991,2024,34,20260919T085500Z
DEU,Germany,COFOG,GF01_X,General public services excluding interest,uc,2031,5.738780908358783,0.6671267367312237,4.88382330464741,6.593738512070156,4.431236520928107,7.046325295789459,UC(local linear trend + damped cycle),1991,2024,34,20260919T085500Z
DEU,Germany,COFOG,GF02,Defence,auto.arima,2025,1.3890403733695798,0.06769910603821742,1.3022804486280901,1.4758002981110694,1.256352562702491,1.5217281840366685,"ARIMA(2, 0, 0)+drift",1991,2024,34,20260919T085500Z
DEU,Germany,COFOG,GF02,Defence,auto.arima,2026,1.4178867932091024,0.12158949862930887,1.2620635280617143,1.5737100583564905,1.1795757531176077,1.656197833300597,"ARIMA(2, 0, 0)+drift",1991,2024,34,20260919T085500Z
DEU,Germany,COFOG,GF02,Defence,auto.arima,2027,1.4326351820929963,0.16734569629939142,1.2181729703091186,1.647097393876874,1.104643641791256,1.7606267223947367,"ARIMA(2, 0, 0)+drift",1991,2024,34,20260919T085500Z
DEU,Germany,COFOG,GF02,Defence,auto.arima,2028,1.4394271110986512,0.20492631599975605,1.1768033809765317,1.7020508412207707,1.0377789090865053,1.841075313110797,"ARIMA(2, 0, 0)+drift",1991,2024,34,20260919T085500Z
DEU,Germany,COFOG,GF02,Defence,auto.arima,2029,1.4417829337586083,0.23539625537030592,1.140110391896282,1.7434554756209346,0.9804147474980021,1.9031511200192146,"ARIMA(2, 0, 0)+drift",1991,2024,34,20260919T085500Z
DEU,Germany,COFOG,GF02,Defence,auto.arima,2030,1.4417161077165688,0.2600139464927853,1.1084947145608468,1.7749375008722907,0.9320981330927833,1.9513340823403542,"ARIMA(2, 0, 0)+drift",1991,2024,34,20260919T085500Z
DEU,Germany,COFOG,GF02,Defence,auto.arima,2031,1.4403741665450773,0.27992202853203063,1.0816395310357965,1.7991088020543582,0.8917370678153245,1.9890112652748302,"ARIMA(2, 0, 0)+drift",1991,2024,34,20260919T085500Z
DEU,Germany,COFOG,GF02,Defence,combination,2025,1.2616647903045402,0.24960946635045453,0.9417772794841824,1.5815523011248978,0.7724392221984379,1.7508903584106426,mean of 4 + between-model variance,1991,2024,34,20260919T085500Z
DEU,Germany,COFOG,GF02,Defence,combination,2026,1.284570295124805,0.2851737082584682,0.9191053589587486,1.6500352312908615,0.7256400931917046,1.8435004970579054,mean of 4 + between-model variance,1991,2024,34,20260919T085500Z
DEU,Germany,COFOG,GF02,Defence,combination,2027,1.3071115786091645,0.32519014919605244,0.890363492526665,1.723859664691664,0.6697505930302727,1.9444725641880563,mean of 4 + between-model variance,1991,2024,34,20260919T085500Z
DEU,Germany,COFOG,GF02,Defence,combination,2028,1.3225188962799064,0.3626200284135905,0.8578024736264127,1.7872353189334,0.6117966949102919,2.0332410976495208,mean of 4 + between-model variance,1991,2024,34,20260919T085500Z
DEU,Germany,COFOG,GF02,Defence,combination,2029,1.3371173433714991,0.40327331152786877,0.8203016244363358,1.8539330623066625,0.5467161706160913,2.127518516126907,mean of 4 + between-model variance,1991,2024,34,20260919T085500Z
DEU,Germany,COFOG,GF02,Defence,combination,2030,1.3545572223563418,0.44966917879320184,0.7782827869355564,1.9308316577771272,0.4732218200121028,2.235892624700581,mean of 4 + between-model variance,1991,2024,34,20260919T085500Z
DEU,Germany,COFOG,GF02,Defence,combination,2031,1.369808699893516,0.49555817082013,0.7347251349626367,2.004892264824395,0.39853252518021065,2.341084874606821,mean of 4 + between-model variance,1991,2024,34,20260919T085500Z
DEU,Germany,COFOG,GF02,Defence,ets,2025,1.3352871205059176,0.0656267832843135,1.251182985134339,1.4193912558774961,1.2066609878328614,1.4639132531789738,"ETS(M,Ad,N)",1991,2024,34,20260919T085500Z
DEU,Germany,COFOG,GF02,Defence,ets,2026,1.3352077937625744,0.09191853672103958,1.2174094091906527,1.453006178334496,1.1550507708566586,1.51536481666849,"ETS(M,Ad,N)",1991,2024,34,20260919T085500Z
DEU,Germany,COFOG,GF02,Defence,ets,2027,1.3351443323678998,0.11965308010467103,1.1818026882535984,1.4884859764822012,1.1006286028736283,1.5696600618621712,"ETS(M,Ad,N)",1991,2024,34,20260919T085500Z
DEU,Germany,COFOG,GF02,Defence,ets,2028,1.33509356325216,0.1370572000000775,1.1594476344776607,1.5107394920266595,1.0664663853112082,1.603720741193112,"ETS(M,Ad,N)",1991,2024,34,20260919T085500Z
DEU,Germany,COFOG,GF02,Defence,ets,2029,1.3350529479595683,0.1510833389567643,1.141431792752849,1.5286741031662876,1.0389350426045127,1.6311708533146239,"ETS(M,Ad,N)",1991,2024,34,20260919T085500Z
DEU,Germany,COFOG,GF02,Defence,ets,2030,1.335020455725495,0.16864702254385736,1.1188905266903695,1.5511503847606205,1.0044783628323461,1.6655625486186438,"ETS(M,Ad,N)",1991,2024,34,20260919T085500Z
DEU,Germany,COFOG,GF02,Defence,ets,2031,1.3349944619382363,0.18346113423886418,1.0998794784321515,1.5701094454443212,0.9754172434308952,1.6945716804455775,"ETS(M,Ad,N)",1991,2024,34,20260919T085500Z
DEU,Germany,COFOG,GF02,Defence,prophet,2025,0.9322371352092874,0.20168344060061086,0.6737693185406934,1.1907049518778814,0.5369448522359517,1.3275294181826232,Prophet(linear trend),1991,2024,34,20260919T085500Z
DEU,Germany,COFOG,GF02,Defence,prophet,2026,0.9196946949374379,0.20442893734828851,0.6577083814208641,1.181681008454012,0.519021337176537,1.3203680526983388,Prophet(linear trend),1991,2024,34,20260919T085500Z
DEU,Germany,COFOG,GF02,Defence,prophet,2027,0.9071522546655888,0.20244465456490424,0.6477089027186267,1.166595606612551,0.5103680197259408,1.3039364896052368,Prophet(linear trend),1991,2024,34,20260919T085500Z
DEU,Germany,COFOG,GF02,Defence,prophet,2028,0.8945754515436795,0.1978858788215578,0.6409744077681544,1.1481764953192046,0.5067262529450638,1.2824246501422951,Prophet(linear trend),1991,2024,34,20260919T085500Z
DEU,Germany,COFOG,GF02,Defence,prophet,2029,0.8820330112718302,0.19756821461526888,0.6288390706952032,1.1352269518484572,0.4948064230816293,1.269259599462031,Prophet(linear trend),1991,2024,34,20260919T085500Z
DEU,Germany,COFOG,GF02,Defence,prophet,2030,0.8694905709999808,0.19712333927491976,0.6168667613055289,1.1221143806944327,0.483135922461352,1.2558452195386096,Prophet(linear trend),1991,2024,34,20260919T085500Z
DEU,Germany,COFOG,GF02,Defence,prophet,2031,0.8569481307281316,0.1917785246851922,0.6111739788607742,1.102722282595489,0.4810691263720436,1.2328271350842197,Prophet(linear trend),1991,2024,34,20260919T085500Z
DEU,Germany,COFOG,GF02,Defence,uc,2025,1.3900945321333755,0.06406664749273122,1.3079897919057708,1.4721992723609802,1.264526209446932,1.515662854819819,UC(local linear trend + damped cycle),1991,2024,34,20260919T085500Z
DEU,Germany,COFOG,GF02,Defence,uc,2026,1.465491898590106,0.10954266144262162,1.3251072817329914,1.6058765154472205,1.2507922256983794,1.6801915714818325,UC(local linear trend + damped cycle),1991,2024,34,20260919T085500Z
DEU,Germany,COFOG,GF02,Defence,uc,2027,1.5535145453101724,0.15294027776163022,1.3575136264641996,1.7495154641561452,1.2537571067473765,1.8532719838729683,UC(local linear trend + damped cycle),1991,2024,34,20260919T085500Z
DEU,Germany,COFOG,GF02,Defence,uc,2028,1.6209794592251345,0.21130131243828087,1.3501858396672308,1.8917730787830382,1.2068364936933518,2.035122424756917,UC(local linear trend + damped cycle),1991,2024,34,20260919T085500Z
DEU,Germany,COFOG,GF02,Defence,uc,2029,1.6896004804959892,0.27719969629258,1.3343546553128407,2.0448463056791377,1.1462990549515988,2.2329019060403796,UC(local linear trend + damped cycle),1991,2024,34,20260919T085500Z
DEU,Germany,COFOG,GF02,Defence,uc,2030,1.7720017549833225,0.3423431988339247,1.3332711438313085,2.2107323661353364,1.1010214096239879,2.442982100342657,UC(local linear trend + damped cycle),1991,2024,34,20260919T085500Z
DEU,Germany,COFOG,GF02,Defence,uc,2031,1.846918040362619,0.41358255977256503,1.316890483720969,2.376945597004269,1.0363111121805435,2.6575249685446947,UC(local linear trend + damped cycle),1991,2024,34,20260919T085500Z
DEU,Germany,COFOG,GF03,Public order and safety,auto.arima,2025,1.5811831029100414,0.03555274668598056,1.5356204092891297,1.626745796530953,1.5115009993044002,1.6508652065156826,"ARIMA(0, 0, 2)+drift",1991,2024,34,20260919T085500Z
DEU,Germany,COFOG,GF03,Public order and safety,auto.arima,2026,1.5546821193522247,0.0503646939142425,1.4901371451370393,1.61922709356741,1.4559691324092903,1.653395106295159,"ARIMA(0, 0, 2)+drift",1991,2024,34,20260919T085500Z
DEU,Germany,COFOG,GF03,Public order and safety,auto.arima,2027,1.550341114914255,0.05225919956243404,1.4833682331966185,1.6173139966318915,1.4479149651030685,1.6527672647254414,"ARIMA(0, 0, 2)+drift",1991,2024,34,20260919T085500Z
DEU,Germany,COFOG,GF03,Public order and safety,auto.arima,2028,1.550341114914255,0.05225919956243404,1.4833682331966185,1.6173139966318915,1.4479149651030685,1.6527672647254414,"ARIMA(0, 0, 2)+drift",1991,2024,34,20260919T085500Z
DEU,Germany,COFOG,GF03,Public order and safety,auto.arima,2029,1.550341114914255,0.05225919956243404,1.4833682331966185,1.6173139966318915,1.4479149651030685,1.6527672647254414,"ARIMA(0, 0, 2)+drift",1991,2024,34,20260919T085500Z
DEU,Germany,COFOG,GF03,Public order and safety,auto.arima,2030,1.550341114914255,0.05225919956243404,1.4833682331966185,1.6173139966318915,1.4479149651030685,1.6527672647254414,"ARIMA(0, 0, 2)+drift",1991,2024,34,20260919T085500Z
DEU,Germany,COFOG,GF03,Public order and safety,auto.arima,2031,1.550341114914255,0.05225919956243404,1.4833682331966185,1.6173139966318915,1.4479149651030685,1.6527672647254414,"ARIMA(0, 0, 2)+drift",1991,2024,34,20260919T085500Z
DEU,Germany,COFOG,GF03,Public order and safety,combination,2025,1.6021927369011424,0.04210649969439266,1.5482310680047942,1.6561544057974906,1.5196655133341217,1.684719960468163,mean of 4 + between-model variance,1991,2024,34,20260919T085500Z
DEU,Germany,COFOG,GF03,Public order and safety,combination,2026,1.5946232168801817,0.05816610652804828,1.5200803267269485,1.669166107033415,1.480619742065042,1.7086266916953214,mean of 4 + between-model variance,1991,2024,34,20260919T085500Z
DEU,Germany,COFOG,GF03,Public order and safety,combination,2027,1.595607565733728,0.06487445403993218,1.512467579409945,1.6787475520575112,1.4684559712958065,1.7227591601716497,mean of 4 + between-model variance,1991,2024,34,20260919T085500Z
DEU,Germany,COFOG,GF03,Public order and safety,combination,2028,1.5995887048701856,0.0705755784877617,1.5091424311080375,1.6900349786323337,1.4612631117549981,1.737914297985373,mean of 4 + between-model variance,1991,2024,34,20260919T085500Z
DEU,Germany,COFOG,GF03,Public order and safety,combination,2029,1.6022945105105293,0.0763375786889522,1.5044639338665453,1.7001250871545133,1.4526756044330158,1.7519134165880428,mean of 4 + between-model variance,1991,2024,34,20260919T085500Z
DEU,Germany,COFOG,GF03,Public order and safety,combination,2030,1.6037046888014685,0.08167271195088285,1.4990368614553908,1.7083725161475463,1.4436291135953683,1.7637802640075688,mean of 4 + between-model variance,1991,2024,34,20260919T085500Z
DEU,Germany,COFOG,GF03,Public order and safety,combination,2031,1.6055525614954314,0.08715843292557045,1.4938544974628007,1.717250625528062,1.4347251706648987,1.776379952325964,mean of 4 + between-model variance,1991,2024,34,20260919T085500Z
DEU,Germany,COFOG,GF03,Public order and safety,ets,2025,1.6106201881812674,0.041189918144982164,1.5578331662027292,1.6634072101598056,1.5298894314541556,1.6913509449083792,"ETS(A,N,N)",1991,2024,34,20260919T085500Z
DEU,Germany,COFOG,GF03,Public order and safety,ets,2026,1.6106201881812674,0.05824842837944554,1.5359717982947323,1.6852685780678025,1.4964553655009758,1.724785010861559,"ETS(A,N,N)",1991,2024,34,20260919T085500Z
DEU,Germany,COFOG,GF03,Public order and safety,ets,2027,1.6106201881812674,0.07133827486392173,1.5191964793528587,1.702043897009676,1.470799737625876,1.750440638736659,"ETS(A,N,N)",1991,2024,34,20260919T085500Z
DEU,Germany,COFOG,GF03,Public order and safety,ets,2028,1.6106201881812674,0.0823736578794794,1.505054062178505,1.71618631418403,1.4491707841891714,1.7720695921733634,"ETS(A,N,N)",1991,2024,34,20260919T085500Z
DEU,Germany,COFOG,GF03,Public order and safety,ets,2029,1.6106201881812674,0.09209608875696396,1.4925942614426027,1.7286461149199321,1.4301151696768133,1.7911252066857215,"ETS(A,N,N)",1991,2024,34,20260919T085500Z
DEU,Germany,COFOG,GF03,Public order and safety,ets,2030,1.6106201881812674,0.10088587421545023,1.4813296943087086,1.7399106820538262,1.4128875066104567,1.808352869752078,"ETS(A,N,N)",1991,2024,34,20260919T085500Z
DEU,Germany,COFOG,GF03,Public order and safety,ets,2031,1.6106201881812674,0.10896893900603377,1.4709708264602068,1.750269549902328,1.3970449906112454,1.8241953857512894,"ETS(A,N,N)",1991,2024,34,20260919T085500Z
DEU,Germany,COFOG,GF03,Public order and safety,prophet,2025,1.6078458131041287,0.0435529291699604,1.5520304696205076,1.6636611565877497,1.5224836398364565,1.6932079863718008,Prophet(linear trend),1991,2024,34,20260919T085500Z
DEU,Germany,COFOG,GF03,Public order and safety,prophet,2026,1.6151287336683353,0.044367985001861454,1.5582688537532299,1.6719886135834408,1.5281690803121468,1.7020883870245238,Prophet(linear trend),1991,2024,34,20260919T085500Z
DEU,Germany,COFOG,GF03,Public order and safety,prophet,2027,1.6224116542325417,0.04300588627728441,1.5672973746621153,1.6775259338029682,1.5381216653409702,1.7067016431241133,Prophet(linear trend),1991,2024,34,20260919T085500Z
DEU,Germany,COFOG,GF03,Public order and safety,prophet,2028,1.6297145280037737,0.04383441999157996,1.5735384393947245,1.685890616612823,1.5438006428593967,1.7156284131481507,Prophet(linear trend),1991,2024,34,20260919T085500Z
DEU,Germany,COFOG,GF03,Public order and safety,prophet,2029,1.6369974485679801,0.043356729143990635,1.5814335456200406,1.6925613515159197,1.5520198202880078,1.7219750768479525,Prophet(linear trend),1991,2024,34,20260919T085500Z
DEU,Germany,COFOG,GF03,Public order and safety,prophet,2030,1.644280369132187,0.04159414215216862,1.590975313068791,1.697585425195583,1.5627573479030539,1.7258033903613201,Prophet(linear trend),1991,2024,34,20260919T085500Z
DEU,Germany,COFOG,GF03,Public order and safety,prophet,2031,1.6515632896963934,0.043906211298793095,1.5952951967940026,1.7078313825987843,1.5655086961743656,1.7376178832184213,Prophet(linear trend),1991,2024,34,20260919T085500Z
DEU,Germany,COFOG,GF03,Public order and safety,uc,2025,1.6091218434091328,0.03800661191114605,1.5604143939011796,1.657829292917086,1.5346302523013153,1.6836134345169502,UC(local linear trend + damped cycle),1991,2024,34,20260919T085500Z
DEU,Germany,COFOG,GF03,Public order and safety,uc,2026,1.5980618263188995,0.05089719453398661,1.5328344248694799,1.6632892277683191,1.4983051573312889,1.69781849530651,UC(local linear trend + damped cycle),1991,2024,34,20260919T085500Z
DEU,Germany,COFOG,GF03,Public order and safety,uc,2027,1.599057305606848,0.05620242405778298,1.5270309766507482,1.6710836345629478,1.4889025777408595,1.7092120334728365,UC(local linear trend + damped cycle),1991,2024,34,20260919T085500Z
DEU,Germany,COFOG,GF03,Public order and safety,uc,2028,1.6076789883814455,0.06158219784813517,1.528758199564772,1.686599777198119,1.486980097558223,1.728377879204668,UC(local linear trend + damped cycle),1991,2024,34,20260919T085500Z
DEU,Germany,COFOG,GF03,Public order and safety,uc,2029,1.6112192903786144,0.06938270997999589,1.5223017396383307,1.7001368411188982,1.4752316765953817,1.7472069041618472,UC(local linear trend + damped cycle),1991,2024,34,20260919T085500Z
DEU,Germany,COFOG,GF03,Public order and safety,uc,2030,1.6095770829781648,0.07707690940446286,1.5107990155770565,1.708355150379273,1.4585091153141563,1.7606450506421734,UC(local linear trend + damped cycle),1991,2024,34,20260919T085500Z
DEU,Germany,COFOG,GF03,Public order and safety,uc,2031,1.60968565318981,0.08312212951681387,1.503160321863278,1.716210984516342,1.4467692717335174,1.7726020346461027,UC(local linear trend + damped cycle),1991,2024,34,20260919T085500Z
DEU,Germany,COFOG,GF04,Economic affairs,auto.arima,2025,5.115954852941178,1.2558891645273877,3.5064675823627747,6.7254421235195805,2.6544573024774207,7.577452403404934,"ARIMA(0, 0, 0)+drift",1991,2024,34,20260919T085500Z
DEU,Germany,COFOG,GF04,Economic affairs,auto.arima,2026,5.115954852941178,1.2558891645273877,3.5064675823627747,6.7254421235195805,2.6544573024774207,7.577452403404934,"ARIMA(0, 0, 0)+drift",1991,2024,34,20260919T085500Z
DEU,Germany,COFOG,GF04,Economic affairs,auto.arima,2027,5.115954852941178,1.2558891645273877,3.5064675823627747,6.7254421235195805,2.6544573024774207,7.577452403404934,"ARIMA(0, 0, 0)+drift",1991,2024,34,20260919T085500Z
DEU,Germany,COFOG,GF04,Economic affairs,auto.arima,2028,5.115954852941178,1.2558891645273877,3.5064675823627747,6.7254421235195805,2.6544573024774207,7.577452403404934,"ARIMA(0, 0, 0)+drift",1991,2024,34,20260919T085500Z
DEU,Germany,COFOG,GF04,Economic affairs,auto.arima,2029,5.115954852941178,1.2558891645273877,3.5064675823627747,6.7254421235195805,2.6544573024774207,7.577452403404934,"ARIMA(0, 0, 0)+drift",1991,2024,34,20260919T085500Z
DEU,Germany,COFOG,GF04,Economic affairs,auto.arima,2030,5.115954852941178,1.2558891645273877,3.5064675823627747,6.7254421235195805,2.6544573024774207,7.577452403404934,"ARIMA(0, 0, 0)+drift",1991,2024,34,20260919T085500Z
DEU,Germany,COFOG,GF04,Economic affairs,auto.arima,2031,5.115954852941178,1.2558891645273877,3.5064675823627747,6.7254421235195805,2.6544573024774207,7.577452403404934,"ARIMA(0, 0, 0)+drift",1991,2024,34,20260919T085500Z
DEU,Germany,COFOG,GF04,Economic affairs,combination,2025,5.276784106048265,1.617588336856074,3.20376053777369,7.349807674322841,2.106369198990487,8.447199013106044,mean of 4 + between-model variance,1991,2024,34,20260919T085500Z
DEU,Germany,COFOG,GF04,Economic affairs,combination,2026,5.2964048543572195,1.751337660534274,3.0519745728241996,7.540835135890239,1.8638460878658214,8.728963620848617,mean of 4 + between-model variance,1991,2024,34,20260919T085500Z
DEU,Germany,COFOG,GF04,Economic affairs,combination,2027,5.316025602666174,1.9497768480807647,2.8172851834545733,7.814766021877774,1.4945331723944055,9.137518032937942,mean of 4 + between-model variance,1991,2024,34,20260919T085500Z
DEU,Germany,COFOG,GF04,Economic affairs,combination,2028,5.3356305415095004,2.2067540001178134,2.5075605391505165,8.163700543868485,1.0104721444225904,9.660788938596411,mean of 4 + between-model variance,1991,2024,34,20260919T085500Z
DEU,Germany,COFOG,GF04,Economic affairs,combination,2029,5.355251289818454,2.4930471266743806,2.160281758534648,8.55022082110226,0.4689686712332284,10.241533908403678,mean of 4 + between-model variance,1991,2024,34,20260919T085500Z
DEU,Germany,COFOG,GF04,Economic affairs,combination,2030,5.374872038127408,2.8226909018410136,1.757446867491253,8.992297208763564,-0.15750051260851272,10.907244588863328,mean of 4 + between-model variance,1991,2024,34,20260919T085500Z
DEU,Germany,COFOG,GF04,Economic affairs,combination,2031,5.394492786436362,3.185789708455214,1.3117376139861658,9.477247958886558,-0.8495403537063533,11.638525926579078,mean of 4 + between-model variance,1991,2024,34,20260919T085500Z
DEU,Germany,COFOG,GF04,Economic affairs,ets,2025,5.359791090669432,1.256383396937531,3.749670435557346,6.969911745781519,2.897324862474161,7.822257318864704,"ETS(M,N,N)",1991,2024,34,20260919T085500Z
DEU,Germany,COFOG,GF04,Economic affairs,ets,2026,5.359791090669432,1.1892592936441166,3.8356934643812273,6.883888716957637,3.0288856884615347,7.69069649287733,"ETS(M,N,N)",1991,2024,34,20260919T085500Z
DEU,Germany,COFOG,GF04,Economic affairs,ets,2027,5.359791090669432,1.223341689104868,3.7920151023137105,6.927567079025154,2.9620854203246987,7.757496761014166,"ETS(M,N,N)",1991,2024,34,20260919T085500Z
DEU,Germany,COFOG,GF04,Economic affairs,ets,2028,5.359791090669432,1.3154426095520866,3.6739829835127367,7.045599197826128,2.7815709318812867,7.938011249457578,"ETS(M,N,N)",1991,2024,34,20260919T085500Z
DEU,Germany,COFOG,GF04,Economic affairs,ets,2029,5.359791090669432,1.2959328015288925,3.698985817004477,7.020596364334388,2.819809453253658,7.899772728085207,"ETS(M,N,N)",1991,2024,34,20260919T085500Z
DEU,Germany,COFOG,GF04,Economic affairs,ets,2030,5.359791090669432,1.3651800944180503,3.610241810307791,7.109340371031074,2.6840872520934527,8.035494929245413,"ETS(M,N,N)",1991,2024,34,20260919T085500Z
DEU,Germany,COFOG,GF04,Economic affairs,ets,2031,5.359791090669432,1.3975143192810517,3.568803819766162,7.150778361572703,2.620713335394065,8.0988688459448,"ETS(M,N,N)",1991,2024,34,20260919T085500Z
DEU,Germany,COFOG,GF04,Economic affairs,prophet,2025,4.715786292367991,1.2121538884529426,3.1623480523133454,6.269224532422636,2.3400083085402077,7.091564276195774,Prophet(linear trend),1991,2024,34,20260919T085500Z
DEU,Germany,COFOG,GF04,Economic affairs,prophet,2026,4.692704472552133,1.2058016377215826,3.147406972126764,6.238001972977503,2.3293766714767896,7.056032273627477,Prophet(linear trend),1991,2024,34,20260919T085500Z
DEU,Germany,COFOG,GF04,Economic affairs,prophet,2027,4.669622652736277,1.1829124822906623,3.1536587952317143,6.18558651024084,2.3511567722959414,6.9880885331766125,Prophet(linear trend),1991,2024,34,20260919T085500Z
DEU,Germany,COFOG,GF04,Economic affairs,prophet,2028,4.64647759505791,1.188674789093221,3.123129041745914,6.169826148369905,2.316717800727604,6.976237389388215,Prophet(linear trend),1991,2024,34,20260919T085500Z
DEU,Germany,COFOG,GF04,Economic affairs,prophet,2029,4.623395775242052,1.2328830113825497,3.0433920862387227,6.203399464245382,2.2069894567206645,7.03980209376344,Prophet(linear trend),1991,2024,34,20260919T085500Z
DEU,Germany,COFOG,GF04,Economic affairs,prophet,2030,4.600313955426195,1.2375605179216946,3.0143157985626114,6.186312112289778,2.1747398924783186,7.025888018374071,Prophet(linear trend),1991,2024,34,20260919T085500Z
DEU,Germany,COFOG,GF04,Economic affairs,prophet,2031,4.577232135610338,1.2968443213672733,2.9152587018734657,6.2392055693472095,2.035463952126051,7.119000319094624,Prophet(linear trend),1991,2024,34,20260919T085500Z
DEU,Germany,COFOG,GF04,Economic affairs,uc,2025,5.915604188214462,2.198607079611318,3.0979748881244182,8.733233488304506,1.6064134620311448,10.22479491439778,UC(local linear trend + damped cycle),1991,2024,34,20260919T085500Z
DEU,Germany,COFOG,GF04,Economic affairs,uc,2026,6.017169001266135,2.568229232037769,2.7258496924896676,9.308488310042602,0.9835321627244609,11.050805839807808,UC(local linear trend + damped cycle),1991,2024,34,20260919T085500Z
DEU,Germany,COFOG,GF04,Economic affairs,uc,2027,6.118733814317808,3.0432307362165467,2.2186753778580197,10.018792250777595,0.15411112763987944,12.083356500995736,UC(local linear trend + damped cycle),1991,2024,34,20260919T085500Z
DEU,Germany,COFOG,GF04,Economic affairs,uc,2028,6.2202986273694805,3.6078494332886506,1.5966519704395434,10.843945284299418,-0.8509563792966768,13.291553634035637,UC(local linear trend + damped cycle),1991,2024,34,20260919T085500Z
DEU,Germany,COFOG,GF04,Economic affairs,uc,2029,6.321863440421153,4.2483082177100275,0.8774355473984317,11.766291333443874,-2.004667727194664,14.64839460803697,UC(local linear trend + damped cycle),1991,2024,34,20260919T085500Z
DEU,Germany,COFOG,GF04,Economic affairs,uc,2030,6.423428253472826,4.954012264627724,0.07460392771463731,12.772252579231015,-3.2862574407559855,16.133113947701638,UC(local linear trend + damped cycle),1991,2024,34,20260919T085500Z
DEU,Germany,COFOG,GF04,Economic affairs,uc,2031,6.524993066524499,5.717103341345522,-0.8017721547835377,13.851758287832535,-4.680323666792437,17.730309799841436,UC(local linear trend + damped cycle),1991,2024,34,20260919T085500Z
DEU,Germany,COFOG,GF04_5,Transport,auto.arima,2025,2.6168523817690827,0.09697009788386357,2.4925801588858216,2.741124604652344,2.426794480840234,2.8069102826979315,"ARIMA(1, 0, 0)+drift",2000,2024,25,20260919T085500Z
DEU,Germany,COFOG,GF04_5,Transport,auto.arima,2026,2.5981414287194617,0.13176334281645224,2.4292798532063515,2.767003004232572,2.3398900202795567,2.8563928371593668,"ARIMA(1, 0, 0)+drift",2000,2024,25,20260919T085500Z
DEU,Germany,COFOG,GF04_5,Transport,auto.arima,2027,2.58092788156251,0.15523252132406604,2.3819893333946105,2.7798664297304096,2.2766777281381083,2.885178034986912,"ARIMA(1, 0, 0)+drift",2000,2024,25,20260919T085500Z
DEU,Germany,COFOG,GF04_5,Transport,auto.arima,2028,2.565091905439926,0.17262027820774187,2.343870042662238,2.786313768217614,2.2267623744827674,2.9034214363970845,"ARIMA(1, 0, 0)+drift",2000,2024,25,20260919T085500Z
DEU,Germany,COFOG,GF04_5,Transport,auto.arima,2029,2.5505232556742223,0.18607114860965956,2.3120634030312157,2.788983108317229,2.1858305029606395,2.915216008387805,"ARIMA(1, 0, 0)+drift",2000,2024,25,20260919T085500Z
DEU,Germany,COFOG,GF04_5,Transport,auto.arima,2030,2.5371205102827936,0.19673804208750045,2.284990478969473,2.789250541596114,2.151521030360808,2.9227199902047794,"ARIMA(1, 0, 0)+drift",2000,2024,25,20260919T085500Z
DEU,Germany,COFOG,GF04_5,Transport,auto.arima,2031,2.5247903639125826,0.20533343972931553,2.261644883560599,2.7879358442645663,2.1223442140469544,2.927236513778211,"ARIMA(1, 0, 0)+drift",2000,2024,25,20260919T085500Z
DEU,Germany,COFOG,GF04_5,Transport,combination,2025,2.637788363323018,0.09062123648268947,2.521652536466154,2.7539241901798817,2.4601740021814598,2.815402724464576,mean of 4 + between-model variance,2000,2024,25,20260919T085500Z
DEU,Germany,COFOG,GF04_5,Transport,combination,2026,2.669126222887084,0.1396920165239979,2.4901036397267213,2.8481488060474462,2.3953348994126427,2.942917546361525,mean of 4 + between-model variance,2000,2024,25,20260919T085500Z
DEU,Germany,COFOG,GF04_5,Transport,combination,2027,2.709515011922732,0.19595410154943058,2.4583896411738557,2.960640382671608,2.3254520272335037,3.09357799661196,mean of 4 + between-model variance,2000,2024,25,20260919T085500Z
DEU,Germany,COFOG,GF04_5,Transport,combination,2028,2.7405710448229708,0.2493808110881544,2.420976567611324,3.0601655220346173,2.2517936327993873,3.2293484568465542,mean of 4 + between-model variance,2000,2024,25,20260919T085500Z
DEU,Germany,COFOG,GF04_5,Transport,combination,2029,2.7709438682410434,0.29865958590005404,2.3881960786116574,3.1536916578704295,2.18558183162203,3.356305904860057,mean of 4 + between-model variance,2000,2024,25,20260919T085500Z
DEU,Germany,COFOG,GF04_5,Transport,combination,2030,2.8081994994369586,0.3562974749420934,2.351585757829969,3.264813241043948,2.1098692752595536,3.5065297236143635,mean of 4 + between-model variance,2000,2024,25,20260919T085500Z
DEU,Germany,COFOG,GF04_5,Transport,combination,2031,2.843256662972166,0.4160713910719959,2.3100395396010676,3.376473786343264,2.0277717150411325,3.658741610903199,mean of 4 + between-model variance,2000,2024,25,20260919T085500Z
DEU,Germany,COFOG,GF04_5,Transport,ets,2025,2.6371765599777603,0.10847025694435523,2.498166285250208,2.776186834705313,2.424578761296074,2.8497743586594466,"ETS(M,N,N)",2000,2024,25,20260919T085500Z
DEU,Germany,COFOG,GF04_5,Transport,ets,2026,2.6371765599777603,0.15979642544615139,2.432389131354394,2.8419639886011265,2.32398131877462,2.950371801180901,"ETS(M,N,N)",2000,2024,25,20260919T085500Z
DEU,Germany,COFOG,GF04_5,Transport,ets,2027,2.6371765599777603,0.18989886247364116,2.3938112929769404,2.8805418269785803,2.2649816258884727,3.009371494067048,"ETS(M,N,N)",2000,2024,25,20260919T085500Z
DEU,Germany,COFOG,GF04_5,Transport,ets,2028,2.6371765599777603,0.22921013969730147,2.343431847028404,2.9309212729271166,2.1879329377360786,3.086420182219442,"ETS(M,N,N)",2000,2024,25,20260919T085500Z
DEU,Germany,COFOG,GF04_5,Transport,ets,2029,2.6371765599777603,0.24573626582428268,2.322252757038119,2.9521003629174016,2.155542325467736,3.1188107944877848,"ETS(M,N,N)",2000,2024,25,20260919T085500Z
DEU,Germany,COFOG,GF04_5,Transport,ets,2030,2.6371765599777603,0.2630853117428905,2.3000190525430355,2.974334067412485,2.1215388200329177,3.152814299922603,"ETS(M,N,N)",2000,2024,25,20260919T085500Z
DEU,Germany,COFOG,GF04_5,Transport,ets,2031,2.6371765599777603,0.29884178181934395,2.2541952768036166,3.020157843151904,2.0514574259159915,3.2228956940395292,"ETS(M,N,N)",2000,2024,25,20260919T085500Z
DEU,Germany,COFOG,GF04_5,Transport,prophet,2025,2.616343458033459,0.05801802089829218,2.5419903473152106,2.690696568751707,2.5026302257215587,2.730056690345359,Prophet(linear trend),2000,2024,25,20260919T085500Z
DEU,Germany,COFOG,GF04_5,Transport,prophet,2026,2.6804189414285666,0.05989653183074854,2.603658421267807,2.757179461589326,2.563023895315445,2.797813987541688,Prophet(linear trend),2000,2024,25,20260919T085500Z
DEU,Germany,COFOG,GF04_5,Transport,prophet,2027,2.744494424823675,0.06077322209259233,2.666610380504469,2.8223784691428806,2.625381097358189,2.8636077522891608,Prophet(linear trend),2000,2024,25,20260919T085500Z
DEU,Germany,COFOG,GF04_5,Transport,prophet,2028,2.8087454574883584,0.06907638251592553,2.720220481322309,2.8972704336544077,2.6733582345069147,2.944132680469802,Prophet(linear trend),2000,2024,25,20260919T085500Z
DEU,Germany,COFOG,GF04_5,Transport,prophet,2029,2.8728209408834657,0.08004985385533092,2.7702328905754587,2.9754089911914727,2.7159261091217557,3.0297157726451758,Prophet(linear trend),2000,2024,25,20260919T085500Z
DEU,Germany,COFOG,GF04_5,Transport,prophet,2030,2.936896424278574,0.09129004523629605,2.8199034842259083,3.0538893643312397,2.757971222057062,3.115821626500086,Prophet(linear trend),2000,2024,25,20260919T085500Z
DEU,Germany,COFOG,GF04_5,Transport,prophet,2031,3.0009719076736814,0.10369311370540034,2.8680837904182983,3.1338600249290645,2.79773713776319,3.204206677584173,Prophet(linear trend),2000,2024,25,20260919T085500Z
DEU,Germany,COFOG,GF04_5,Transport,uc,2025,2.6807810535117693,0.06819936509820879,2.5933800207714297,2.768182086252109,2.5471127530964237,2.814449353927115,UC(local linear trend + damped cycle),2000,2024,25,20260919T085500Z
DEU,Germany,COFOG,GF04_5,Transport,uc,2026,2.760767961422546,0.110110064808267,2.6196561876473816,2.9018797351977104,2.544956198360676,2.976579724484416,UC(local linear trend + damped cycle),2000,2024,25,20260919T085500Z
DEU,Germany,COFOG,GF04_5,Transport,uc,2027,2.8754611813269824,0.14955830044737015,2.6837944422720543,3.0671279203819104,2.582332296548953,3.1685900661050117,UC(local linear trend + damped cycle),2000,2024,25,20260919T085500Z
DEU,Germany,COFOG,GF04_5,Transport,uc,2028,2.9512702563858384,0.20237642899279323,2.6919143390572664,3.2106261737144104,2.5546197411114075,3.3479207716602692,UC(local linear trend + damped cycle),2000,2024,25,20260919T085500Z
DEU,Germany,COFOG,GF04_5,Transport,uc,2029,3.0232547164287267,0.2607973176266213,2.689029392429695,3.3574800404277583,2.5121013625839836,3.5344080702734697,UC(local linear trend + damped cycle),2000,2024,25,20260919T085500Z
DEU,Germany,COFOG,GF04_5,Transport,uc,2030,3.1216045032087063,0.31861199977711147,2.7132866576703494,3.5299223487470632,2.4971364536775598,3.746072552739853,UC(local linear trend + damped cycle),2000,2024,25,20260919T085500Z
DEU,Germany,COFOG,GF04_5,Transport,uc,2031,3.2100878203246386,0.3818408885152482,2.7207388659661453,3.699436774683132,2.4616934251067386,3.9584822155425385,UC(local linear trend + damped cycle),2000,2024,25,20260919T085500Z
DEU,Germany,COFOG,GF04_X,Economic affairs excluding transport,auto.arima,2025,2.6931795275057056,0.4180267961692227,2.1574564508214458,3.2289026041899653,1.873862055978691,3.51249699903272,"ARIMA(1, 0, 0)+drift",2000,2024,25,20260919T085500Z
DEU,Germany,COFOG,GF04_X,Economic affairs excluding transport,auto.arima,2026,2.684425457381633,0.4743850074824491,2.0764764022724855,3.2923745124907806,1.7546479205763021,3.614202994186964,"ARIMA(1, 0, 0)+drift",2000,2024,25,20260919T085500Z
DEU,Germany,COFOG,GF04_X,Economic affairs excluding transport,auto.arima,2027,2.6797290349568996,0.48940447677581195,2.0525317489359045,3.3069263209778947,1.720513879037472,3.638944190876327,"ARIMA(1, 0, 0)+drift",2000,2024,25,20260919T085500Z
DEU,Germany,COFOG,GF04_X,Economic affairs excluding transport,auto.arima,2028,2.677209477393512,0.4936426304984712,2.044580776992935,3.3098381777940884,1.7096876927512064,3.644731262035817,"ARIMA(1, 0, 0)+drift",2000,2024,25,20260919T085500Z
DEU,Germany,COFOG,GF04_X,Economic affairs excluding transport,auto.arima,2029,2.6758577739603204,0.49485571025019354,2.0416744487777643,3.3100410991428766,1.70595839667551,3.645757151245131,"ARIMA(1, 0, 0)+drift",2000,2024,25,20260919T085500Z
DEU,Germany,COFOG,GF04_X,Economic affairs excluding transport,auto.arima,2030,2.675132606098371,0.4952043027524251,2.0405025414973954,3.309762670699347,1.704550000058517,3.6457152121382252,"ARIMA(1, 0, 0)+drift",2000,2024,25,20260919T085500Z
DEU,Germany,COFOG,GF04_X,Economic affairs excluding transport,auto.arima,2031,2.6747435648226805,0.4953045876298464,2.0399849799364755,3.3095021497088855,1.7039644040333362,3.645522725612025,"ARIMA(1, 0, 0)+drift",2000,2024,25,20260919T085500Z
DEU,Germany,COFOG,GF04_X,Economic affairs excluding transport,combination,2025,2.7885617928380464,0.47513351289832473,2.1796534891161725,3.3974700965599203,1.8573172123637942,3.7198063733122986,mean of 4 + between-model variance,2000,2024,25,20260919T085500Z
DEU,Germany,COFOG,GF04_X,Economic affairs excluding transport,combination,2026,2.7933370935914477,0.5886248759648625,2.038983706548926,3.5476904806339693,1.639653527195852,3.9470206599870434,mean of 4 + between-model variance,2000,2024,25,20260919T085500Z
DEU,Germany,COFOG,GF04_X,Economic affairs excluding transport,combination,2027,2.7991267799734625,0.684576210477698,1.9218067682833477,3.6764467916635772,1.4573820521807515,4.140871507766174,mean of 4 + between-model variance,2000,2024,25,20260919T085500Z
DEU,Germany,COFOG,GF04_X,Economic affairs excluding transport,combination,2028,2.8054773951172023,0.7629305903619424,1.8277421711776742,3.78321261905673,1.310160903509048,4.300793886725357,mean of 4 + between-model variance,2000,2024,25,20260919T085500Z
DEU,Germany,COFOG,GF04_X,Economic affairs excluding transport,combination,2029,2.812103275775577,0.8363492507861955,1.7402782207320266,3.8839283308191277,1.1728888528076622,4.451317698743492,mean of 4 + between-model variance,2000,2024,25,20260919T085500Z
DEU,Germany,COFOG,GF04_X,Economic affairs excluding transport,combination,2030,2.818885788302321,0.916422319881905,1.6444429314130258,3.9933286451916166,1.022731032537303,4.615040544067339,mean of 4 + between-model variance,2000,2024,25,20260919T085500Z
DEU,Germany,COFOG,GF04_X,Economic affairs excluding transport,combination,2031,2.8257523356512504,0.9806534781366332,1.5689939094382919,4.082510761864209,0.9037068220286621,4.747797849273839,mean of 4 + between-model variance,2000,2024,25,20260919T085500Z
DEU,Germany,COFOG,GF04_X,Economic affairs excluding transport,ets,2025,2.7095562613372364,0.41231561486260365,2.181152360478837,3.2379601621956358,1.9014324995686682,3.5176800231058047,"ETS(M,N,N)",2000,2024,25,20260919T085500Z
DEU,Germany,COFOG,GF04_X,Economic affairs excluding transport,ets,2026,2.7095562613372364,0.5754090884843689,1.9721395931719163,3.4469729295025564,1.5817751626350587,3.837337360039414,"ETS(M,N,N)",2000,2024,25,20260919T085500Z
DEU,Germany,COFOG,GF04_X,Economic affairs excluding transport,ets,2027,2.7095562613372364,0.7300114333226807,1.7740086489396882,3.6451038737347847,1.2787601324363818,4.140352390238091,"ETS(M,N,N)",2000,2024,25,20260919T085500Z
DEU,Germany,COFOG,GF04_X,Economic affairs excluding transport,ets,2028,2.7095562613372364,0.8321362936475335,1.6431303299406526,3.77598219273382,1.0785990826946419,4.340513439979831,"ETS(M,N,N)",2000,2024,25,20260919T085500Z
DEU,Germany,COFOG,GF04_X,Economic affairs excluding transport,ets,2029,2.7095562613372364,0.9273174383722766,1.5211507435563685,3.8979617791181043,0.8920474655553554,4.527065057119117,"ETS(M,N,N)",2000,2024,25,20260919T085500Z
DEU,Germany,COFOG,GF04_X,Economic affairs excluding transport,ets,2030,2.7095562613372364,1.0321767261477541,1.3867681135891297,4.0323444090853435,0.6865270364497795,4.732585486224693,"ETS(M,N,N)",2000,2024,25,20260919T085500Z
DEU,Germany,COFOG,GF04_X,Economic affairs excluding transport,ets,2031,2.7095562613372364,1.0902479384357369,1.3123468353390408,4.106765687335432,0.5727095509289759,4.846402971745497,"ETS(M,N,N)",2000,2024,25,20260919T085500Z
DEU,Germany,COFOG,GF04_X,Economic affairs excluding transport,prophet,2025,2.980872573183544,0.4632602364186636,2.387180490680733,3.574564655686355,2.0728991871714744,3.8888459591956135,Prophet(linear trend),2000,2024,25,20260919T085500Z
DEU,Germany,COFOG,GF04_X,Economic affairs excluding transport,prophet,2026,3.005242792814563,0.4769021101900378,2.3940679396962996,3.616417645932826,2.0705318253180556,3.93995376031107,Prophet(linear trend),2000,2024,25,20260919T085500Z
DEU,Germany,COFOG,GF04_X,Economic affairs excluding transport,prophet,2027,3.029613012445581,0.47150711766600883,2.425352122786472,3.63387390210469,2.1054760360764395,3.9537499888147223,Prophet(linear trend),2000,2024,25,20260919T085500Z
DEU,Germany,COFOG,GF04_X,Economic affairs excluding transport,prophet,2028,3.0540499998016157,0.46441796314723494,2.4588742302943505,3.649225769308881,2.1438075110797086,3.964292488523523,Prophet(linear trend),2000,2024,25,20260919T085500Z
DEU,Germany,COFOG,GF04_X,Economic affairs excluding transport,prophet,2029,3.078420219432634,0.44813438822155777,2.5041126979385204,3.652727740926748,2.200092951356357,3.9567474875089115,Prophet(linear trend),2000,2024,25,20260919T085500Z
DEU,Germany,COFOG,GF04_X,Economic affairs excluding transport,prophet,2030,3.1027904390636523,0.4702327995440982,2.500162654342314,3.7054182237849904,2.1811510803380036,4.024429797789301,Prophet(linear trend),2000,2024,25,20260919T085500Z
DEU,Germany,COFOG,GF04_X,Economic affairs excluding transport,prophet,2031,3.1271606586946703,0.4799778643935315,2.5120440666254114,3.7422772507639293,2.1864213236864667,4.0678999937028735,Prophet(linear trend),2000,2024,25,20260919T085500Z
DEU,Germany,COFOG,GF04_X,Economic affairs excluding transport,uc,2025,2.7706388093256993,0.5229286550423414,2.1004785455988766,3.440799073052522,1.7457174708742915,3.795560147777107,UC(local linear trend + damped cycle),2000,2024,25,20260919T085500Z
DEU,Germany,COFOG,GF04_X,Economic affairs excluding transport,uc,2026,2.7741238628323575,0.7188920224954675,1.8528263536192462,3.6954213720454687,1.365121378854051,4.183126346810663,UC(local linear trend + damped cycle),2000,2024,25,20260919T085500Z
DEU,Germany,COFOG,GF04_X,Economic affairs excluding transport,uc,2027,2.7776088111541335,0.8824238140342779,1.6467368074308766,3.9084808148773904,1.0480899029042539,4.507127719404013,UC(local linear trend + damped cycle),2000,2024,25,20260919T085500Z
DEU,Germany,COFOG,GF04_X,Economic affairs excluding transport,uc,2028,2.7810938419364444,1.0291027874048992,1.462245106532121,4.099942577340768,0.7640894263231885,4.7980982575497,UC(local linear trend + damped cycle),2000,2024,25,20260919T085500Z
DEU,Germany,COFOG,GF04_X,Economic affairs excluding transport,uc,2029,2.7845788483721177,1.1653102567222848,1.2911731582491601,4.277984538495075,0.5006126963656814,5.068545000378554,UC(local linear trend + damped cycle),2000,2024,25,20260919T085500Z
DEU,Germany,COFOG,GF04_X,Economic affairs excluding transport,uc,2030,2.788063846710025,1.2943562639608805,1.1292789879184306,4.446848705501619,0.2511721661722017,5.324955527247848,UC(local linear trend + damped cycle),2000,2024,25,20260919T085500Z
DEU,Germany,COFOG,GF04_X,Economic affairs excluding transport,uc,2031,2.7915488577504126,1.4181970887090807,0.9740555423211128,4.609042173179713,0.011933618975807914,5.571164096525017,UC(local linear trend + damped cycle),2000,2024,25,20260919T085500Z
DEU,Germany,COFOG,GF05,Environmental protection,auto.arima,2025,0.559069,0.04418514526847644,0.5024434387108935,0.6156945612891066,0.4724677059390159,0.6456702940609842,"ARIMA(0, 1, 0)",1991,2024,34,20260919T085500Z
DEU,Germany,COFOG,GF05,Environmental protection,auto.arima,2026,0.559069,0.06248723179225183,0.47898836312217613,0.639149636877824,0.43659627522753097,0.6815417247724691,"ARIMA(0, 1, 0)",1991,2024,34,20260919T085500Z
DEU,Germany,COFOG,GF05,Environmental protection,auto.arima,2027,0.559069,0.07653091670508626,0.4609906506347633,0.6571473493652368,0.40907115837103236,0.7090668416289677,"ARIMA(0, 1, 0)",1991,2024,34,20260919T085500Z
DEU,Germany,COFOG,GF05,Environmental protection,auto.arima,2028,0.559069,0.08837029074515423,0.4458178771549661,0.672320122845034,0.3858664114699646,0.7322715885300355,"ARIMA(0, 1, 0)",1991,2024,34,20260919T085500Z
DEU,Germany,COFOG,GF05,Environmental protection,auto.arima,2029,0.559069,0.09880098866431114,0.43245039537527474,0.6856876046247253,0.3654226190535421,0.752715380946458,"ARIMA(0, 1, 0)",1991,2024,34,20260919T085500Z
DEU,Germany,COFOG,GF05,Environmental protection,auto.arima,2030,0.559069,0.10823106040184387,0.4203652680798962,0.6977727319201039,0.3469400179305605,0.7711979820694396,"ARIMA(0, 1, 0)",1991,2024,34,20260919T085500Z
DEU,Germany,COFOG,GF05,Environmental protection,auto.arima,2031,0.559069,0.11690290633842182,0.40925184657618285,0.7088861534238172,0.32994351208132144,0.7881944879186786,"ARIMA(0, 1, 0)",1991,2024,34,20260919T085500Z
DEU,Germany,COFOG,GF05,Environmental protection,combination,2025,0.5565729553941654,0.03998477320738193,0.5053303893206986,0.6078155214676322,0.47820423935953227,0.6349416714287985,mean of 4 + between-model variance,1991,2024,34,20260919T085500Z
DEU,Germany,COFOG,GF05,Environmental protection,combination,2026,0.5567005345768071,0.054453640531994266,0.4869153626457488,0.6264857065078655,0.4499733594651575,0.6634277096884568,mean of 4 + between-model variance,1991,2024,34,20260919T085500Z
DEU,Germany,COFOG,GF05,Environmental protection,combination,2027,0.5568281115099332,0.06746469143004033,0.4703686012783821,0.6432876217414842,0.4245997450359456,0.6890564779839208,mean of 4 + between-model variance,1991,2024,34,20260919T085500Z
DEU,Germany,COFOG,GF05,Environmental protection,combination,2028,0.5569557407780186,0.07945144384444691,0.45513458401627993,0.6587768975397572,0.401233771094881,0.7126777104611561,mean of 4 + between-model variance,1991,2024,34,20260919T085500Z
DEU,Germany,COFOG,GF05,Environmental protection,combination,2029,0.5570833179691359,0.09078721409543683,0.4407347821707006,0.6734318537675712,0.3791436466817871,0.7350229892564847,mean of 4 + between-model variance,1991,2024,34,20260919T085500Z
DEU,Germany,COFOG,GF05,Environmental protection,combination,2030,0.5572108951654274,0.10244483379468072,0.42592251352618676,0.688499276804668,0.3564227089418698,0.7579990813889851,mean of 4 + between-model variance,1991,2024,34,20260919T085500Z
DEU,Germany,COFOG,GF05,Environmental protection,combination,2031,0.5573384723610373,0.11444369818359564,0.4106729220664539,0.7040040226556207,0.3330329438943245,0.7816440008277501,mean of 4 + between-model variance,1991,2024,34,20260919T085500Z
DEU,Germany,COFOG,GF05,Environmental protection,ets,2025,0.5590676200582183,0.0339925408786855,0.5155044113100571,0.6026308288063795,0.4924434636674664,0.6256917764489702,"ETS(M,N,N)",1991,2024,34,20260919T085500Z
DEU,Germany,COFOG,GF05,Environmental protection,ets,2026,0.5590676200582183,0.04802646335458434,0.497519209893224,0.6206160302232125,0.4649374808359138,0.6531977592805228,"ETS(M,N,N)",1991,2024,34,20260919T085500Z
DEU,Germany,COFOG,GF05,Environmental protection,ets,2027,0.5590676200582183,0.06205710052910798,0.47953821876093894,0.6385970213554977,0.4374379370767857,0.6806973030396509,"ETS(M,N,N)",1991,2024,34,20260919T085500Z
DEU,Germany,COFOG,GF05,Environmental protection,ets,2028,0.5590676200582183,0.07112580944528667,0.4679161967119923,0.6502190434044444,0.41966359407459647,0.6984716460418401,"ETS(M,N,N)",1991,2024,34,20260919T085500Z
DEU,Germany,COFOG,GF05,Environmental protection,ets,2029,0.5590676200582183,0.07924603912989488,0.45750970011922326,0.6606255399972134,0.403748236221033,0.7143870038954037,"ETS(M,N,N)",1991,2024,34,20260919T085500Z
DEU,Germany,COFOG,GF05,Environmental protection,ets,2030,0.5590676200582183,0.08637457464757746,0.4483741111694661,0.6697611289469705,0.3897765632336538,0.7283586768827828,"ETS(M,N,N)",1991,2024,34,20260919T085500Z
DEU,Germany,COFOG,GF05,Environmental protection,ets,2031,0.5590676200582183,0.0940634812899641,0.4385203774841022,0.6796148626323344,0.3747065830152151,0.7434286571012215,"ETS(M,N,N)",1991,2024,34,20260919T085500Z
DEU,Germany,COFOG,GF05,Environmental protection,prophet,2025,0.5486519280386849,0.039282736640695204,0.49830905833132866,0.5989947977460411,0.47165917840144134,0.6256446776759285,Prophet(linear trend),1991,2024,34,20260919T085500Z
DEU,Germany,COFOG,GF05,Environmental protection,prophet,2026,0.5487279031294139,0.040762115278192346,0.49648913277041595,0.6009666734884118,0.4688356246203069,0.6286201816385208,Prophet(linear trend),1991,2024,34,20260919T085500Z
DEU,Germany,COFOG,GF05,Environmental protection,prophet,2027,0.5488038782201429,0.039492497982617954,0.4981921884455229,0.5994155679947629,0.47140000390413905,0.6262077525361467,Prophet(linear trend),1991,2024,34,20260919T085500Z
DEU,Germany,COFOG,GF05,Environmental protection,prophet,2028,0.5488800614618053,0.04111936050624955,0.4961834627663002,0.6015766601573105,0.46828759516653445,0.6294725277570763,Prophet(linear trend),1991,2024,34,20260919T085500Z
DEU,Germany,COFOG,GF05,Environmental protection,prophet,2029,0.5489560365525343,0.03980461423865632,0.49794435356575584,0.5999677195393128,0.47094042561088056,0.6269716474941881,Prophet(linear trend),1991,2024,34,20260919T085500Z
DEU,Germany,COFOG,GF05,Environmental protection,prophet,2030,0.5490320116432632,0.04259208247057137,0.49444804316893753,0.6036159801175889,0.4655530633159123,0.6325109599706141,Prophet(linear trend),1991,2024,34,20260919T085500Z
DEU,Germany,COFOG,GF05,Environmental protection,prophet,2031,0.5491079867339923,0.04630341765739206,0.4897677492283262,0.6084482242396584,0.4583549550485395,0.6398610184194451,Prophet(linear trend),1991,2024,34,20260919T085500Z
DEU,Germany,COFOG,GF05,Environmental protection,uc,2025,0.559503273479758,0.04040376656702733,0.5077237456282511,0.611282801331265,0.48031334554398086,0.6386932014155352,UC(local linear trend + damped cycle),1991,2024,34,20260919T085500Z
DEU,Germany,COFOG,GF05,Environmental protection,uc,2026,0.5599376151195963,0.062244503005153794,0.4801680478043354,0.6397071824348571,0.437940630031603,0.6819346002075896,UC(local linear trend + damped cycle),1991,2024,34,20260919T085500Z
DEU,Germany,COFOG,GF05,Environmental protection,uc,2027,0.5603719477613717,0.08259683563908175,0.4545198078544352,0.6662240876683082,0.3984851233948544,0.7222587721278889,UC(local linear trend + damped cycle),1991,2024,34,20260919T085500Z
DEU,Germany,COFOG,GF05,Environmental protection,uc,2028,0.5608062815920503,0.10282271784798475,0.42903362188852967,0.6925789412955708,0.3592774562278427,0.7623351069562578,UC(local linear trend + damped cycle),1991,2024,34,20260919T085500Z
DEU,Germany,COFOG,GF05,Environmental protection,uc,2029,0.561240615265791,0.12337614827593105,0.4031276656904751,0.719353564841107,0.3194278061863041,0.803053424345278,UC(local linear trend + damped cycle),1991,2024,34,20260919T085500Z
DEU,Germany,COFOG,GF05,Environmental protection,uc,2030,0.5616749489602281,0.1444513699853133,0.37655300685280985,0.7467968910676464,0.2785554640383335,0.8447944338821227,UC(local linear trend + damped cycle),1991,2024,34,20260919T085500Z
DEU,Germany,COFOG,GF05,Environmental protection,uc,2031,0.5621092826519384,0.16614017406003098,0.34919201030495756,0.7750265549989193,0.2364805225405438,0.887738042763333,UC(local linear trend + damped cycle),1991,2024,34,20260919T085500Z
DEU,Germany,COFOG,GF06,Housing and community amenities,auto.arima,2025,0.4650752834810389,0.0487809097147482,0.4025600110742839,0.5275905558877939,0.3694664565528821,0.5606841104091956,"ARIMA(2, 1, 0)",1991,2024,34,20260919T085500Z
DEU,Germany,COFOG,GF06,Housing and community amenities,auto.arima,2026,0.4767407302931952,0.07881108932455552,0.3757402211471324,0.5777412394392579,0.32227383241628205,0.6312076281701083,"ARIMA(2, 1, 0)",1991,2024,34,20260919T085500Z
DEU,Germany,COFOG,GF06,Housing and community amenities,auto.arima,2027,0.47914204933887494,0.11309625720248817,0.33420331472851184,0.624080783949238,0.2574774566872574,0.7008066419904925,"ARIMA(2, 1, 0)",1991,2024,34,20260919T085500Z
DEU,Germany,COFOG,GF06,Housing and community amenities,auto.arima,2028,0.4835390828635841,0.14484874596055033,0.2979078827803489,0.6691702829468194,0.19964075533576003,0.7674374103914081,"ARIMA(2, 1, 0)",1991,2024,34,20260919T085500Z
DEU,Germany,COFOG,GF06,Housing and community amenities,auto.arima,2029,0.4854938026522031,0.17556358999924063,0.2604999327614963,0.7104876725429099,0.14139548654293144,0.8295921187614748,"ARIMA(2, 1, 0)",1991,2024,34,20260919T085500Z
DEU,Germany,COFOG,GF06,Housing and community amenities,auto.arima,2030,0.48743344498015495,0.2043427405372065,0.22555759715921686,0.749309292801093,0.08692902986588957,0.8879378600944203,"ARIMA(2, 1, 0)",1991,2024,34,20260919T085500Z
DEU,Germany,COFOG,GF06,Housing and community amenities,auto.arima,2031,0.48858366444297313,0.23150372535618355,0.1918996022053054,0.7852677266806409,0.034844696878966186,0.9423226320069801,"ARIMA(2, 1, 0)",1991,2024,34,20260919T085500Z
DEU,Germany,COFOG,GF06,Housing and community amenities,combination,2025,0.43601712503767387,0.10288709219162497,0.3041619662653125,0.5678722838100352,0.23436212827740782,0.63767212179794,mean of 4 + between-model variance,1991,2024,34,20260919T085500Z
DEU,Germany,COFOG,GF06,Housing and community amenities,combination,2026,0.4391066522882737,0.12461830998056629,0.27940180789605906,0.5988114966804884,0.1948592509855231,0.6833540535910243,mean of 4 + between-model variance,1991,2024,34,20260919T085500Z
DEU,Germany,COFOG,GF06,Housing and community amenities,combination,2027,0.43960390380887227,0.14812284234641643,0.2497767789541376,0.6294310286636069,0.14928846523222056,0.7299193423855239,mean of 4 + between-model variance,1991,2024,34,20260919T085500Z
DEU,Germany,COFOG,GF06,Housing and community amenities,combination,2028,0.44034322968463213,0.17828003966093275,0.21186808829708442,0.6688183710721798,0.0909207700306317,0.7897656893386326,mean of 4 + between-model variance,1991,2024,34,20260919T085500Z
DEU,Germany,COFOG,GF06,Housing and community amenities,combination,2029,0.4401940099620572,0.20998644624025553,0.17108545980996526,0.7093025601141492,0.02862813484322102,0.8517598850808934,mean of 4 + between-model variance,1991,2024,34,20260919T085500Z
DEU,Germany,COFOG,GF06,Housing and community amenities,combination,2030,0.439838068752312,0.24545723571140596,0.1252718574118883,0.7544042800927357,-0.04124927678155804,0.920925414286182,mean of 4 + between-model variance,1991,2024,34,20260919T085500Z
DEU,Germany,COFOG,GF06,Housing and community amenities,combination,2031,0.4391867699434654,0.28215755426303946,0.07758719196255864,0.8007863479243722,-0.11383187874013845,0.9922054186270692,mean of 4 + between-model variance,1991,2024,34,20260919T085500Z
DEU,Germany,COFOG,GF06,Housing and community amenities,ets,2025,0.4639257988434002,0.04609219045977159,0.404856259975299,0.5229953377115014,0.3735867648611044,0.5542648328256959,"ETS(A,Ad,N)",1991,2024,34,20260919T085500Z
DEU,Germany,COFOG,GF06,Housing and community amenities,ets,2026,0.4710503723457322,0.07012035772591439,0.38118748766137117,0.5609132570300932,0.33361699553581814,0.6084837491556463,"ETS(A,Ad,N)",1991,2024,34,20260919T085500Z
DEU,Germany,COFOG,GF06,Housing and community amenities,ets,2027,0.47675003114759784,0.09933542099717829,0.34944652369782203,0.6040535385973737,0.2820561820682843,0.6714438802269114,"ETS(A,Ad,N)",1991,2024,34,20260919T085500Z
DEU,Germany,COFOG,GF06,Housing and community amenities,ets,2028,0.48130975818909033,0.1303331303306681,0.314281074347562,0.6483384420306186,0.22586151473367277,0.7367580016445079,"ETS(A,Ad,N)",1991,2024,34,20260919T085500Z
DEU,Germany,COFOG,GF06,Housing and community amenities,ets,2029,0.48495753982228434,0.16162789156114746,0.2778229921363127,0.692092087508256,0.16817269096653154,0.8017423886780372,"ETS(A,Ad,N)",1991,2024,34,20260919T085500Z
DEU,Germany,COFOG,GF06,Housing and community amenities,ets,2030,0.4878757651288395,0.1924981886042381,0.24117932652670096,0.7345722037309781,0.1105862453993226,0.8651652848583564,"ETS(A,Ad,N)",1991,2024,34,20260919T085500Z
DEU,Germany,COFOG,GF06,Housing and community amenities,ets,2031,0.49021034537408364,0.2225746503173898,0.2049693571105321,0.7754513336376352,0.05397204343941109,0.9264486473087562,"ETS(A,Ad,N)",1991,2024,34,20260919T085500Z
DEU,Germany,COFOG,GF06,Housing and community amenities,prophet,2025,0.34206906877626664,0.14182924295537172,0.16030751880832408,0.5238306187442092,0.06408885843648443,0.6200492791160488,Prophet(linear trend),1991,2024,34,20260919T085500Z
DEU,Germany,COFOG,GF06,Housing and community amenities,prophet,2026,0.3231136268789398,0.14489715958358557,0.13742038222027655,0.5088068715376031,0.039120410392857075,0.6071068433650225,Prophet(linear trend),1991,2024,34,20260919T085500Z
DEU,Germany,COFOG,GF06,Housing and community amenities,prophet,2027,0.30415818498161307,0.1350280001050727,0.13111278139095692,0.4772035885722692,0.03950816578367433,0.5688082041795518,Prophet(linear trend),1991,2024,34,20260919T085500Z
DEU,Germany,COFOG,GF06,Housing and community amenities,prophet,2028,0.2851508103667593,0.1357404565728713,0.11119235676488298,0.45910926396863566,0.019104402140368237,0.5511972185931504,Prophet(linear trend),1991,2024,34,20260919T085500Z
DEU,Germany,COFOG,GF06,Housing and community amenities,prophet,2029,0.2661953684694327,0.13067535685437093,0.09872810354199993,0.4336626333968655,0.010076373347712442,0.5223143635911529,Prophet(linear trend),1991,2024,34,20260919T085500Z
DEU,Germany,COFOG,GF06,Housing and community amenities,prophet,2030,0.24723992657210586,0.1371602795360028,0.07146189601218242,0.4230179571320293,-0.021589283548396343,0.516069136692608,Prophet(linear trend),1991,2024,34,20260919T085500Z
DEU,Germany,COFOG,GF06,Housing and community amenities,prophet,2031,0.22828448467477902,0.1420768760714839,0.0462055799916167,0.41036338935794137,-0.05018107765779084,0.5067500470073489,Prophet(linear trend),1991,2024,34,20260919T085500Z
DEU,Germany,COFOG,GF06,Housing and community amenities,uc,2025,0.47299834904998983,0.04435375023647843,0.4161567117269304,0.5298399863730492,0.3860665953215006,0.5599301027784791,UC(local linear trend + damped cycle),1991,2024,34,20260919T085500Z
DEU,Germany,COFOG,GF06,Housing and community amenities,uc,2026,0.48552187963522775,0.07703903580155255,0.38679234922567646,0.584251410044779,0.33452814286947363,0.6365156164009819,UC(local linear trend + damped cycle),1991,2024,34,20260919T085500Z
DEU,Germany,COFOG,GF06,Housing and community amenities,uc,2027,0.49836534976740315,0.11782156969277505,0.3473708814844879,0.6493598180503184,0.26743931474607296,0.7292913847887333,UC(local linear trend + damped cycle),1991,2024,34,20260919T085500Z
DEU,Germany,COFOG,GF06,Housing and community amenities,uc,2028,0.5113732673190948,0.1648522953466711,0.3001064785129778,0.7226400561252119,0.18826870312225197,0.8344778315159377,UC(local linear trend + damped cycle),1991,2024,34,20260919T085500Z
DEU,Germany,COFOG,GF06,Housing and community amenities,uc,2029,0.5241293289043087,0.21722419821801825,0.245745223229611,0.8025134345790065,0.09837772046812882,0.9498809373404886,UC(local linear trend + damped cycle),1991,2024,34,20260919T085500Z
DEU,Germany,COFOG,GF06,Housing and community amenities,uc,2030,0.5368031383281479,0.27437253654422644,0.18518046537482136,0.8884258112814744,-0.0009571558872203401,1.074563432543516,UC(local linear trend + damped cycle),1991,2024,34,20260919T085500Z
DEU,Germany,COFOG,GF06,Housing and community amenities,uc,2031,0.5496685852820258,0.33589626572534564,0.11920005414917761,0.980137116414874,-0.10867600327408555,1.208013173838137,UC(local linear trend + damped cycle),1991,2024,34,20260919T085500Z
DEU,Germany,COFOG,GF08,Recreation culture and religion,auto.arima,2025,1.0437482378032281,0.060305680802279694,0.966463371959705,1.1210331036467513,0.9255512744352687,1.1619452011711875,"ARIMA(1, 0, 0)+drift",1991,2024,34,20260919T085500Z
DEU,Germany,COFOG,GF08,Recreation culture and religion,auto.arima,2026,1.0399649607852663,0.07895625681719888,0.9387784119486715,1.1411515096218612,0.8852135398488019,1.1947163817217308,"ARIMA(1, 0, 0)+drift",1991,2024,34,20260919T085500Z
DEU,Germany,COFOG,GF08,Recreation culture and religion,auto.arima,2027,1.036767742714367,0.08993911005077193,0.92150609635058,1.1520293890781537,0.8604903248228157,1.213045160605918,"ARIMA(1, 0, 0)+drift",1991,2024,34,20260919T085500Z
DEU,Germany,COFOG,GF08,Recreation culture and religion,auto.arima,2028,1.034065798515104,0.09702481922205718,0.9097234473914382,1.15840814963877,0.843900645733364,1.2242309512968441,"ARIMA(1, 0, 0)+drift",1991,2024,34,20260919T085500Z
DEU,Germany,COFOG,GF08,Recreation culture and religion,auto.arima,2029,1.031782406424218,0.10178380239185622,0.9013411709013299,1.1622236419471061,0.832289817953066,1.23127499489537,"ARIMA(1, 0, 0)+drift",1991,2024,34,20260919T085500Z
DEU,Germany,COFOG,GF08,Recreation culture and religion,auto.arima,2030,1.0298527294745077,0.10505069339359538,0.8952248032545587,1.1644806556944567,0.8239571522480229,1.2357483067009924,"ARIMA(1, 0, 0)+drift",1991,2024,34,20260919T085500Z
DEU,Germany,COFOG,GF08,Recreation culture and religion,auto.arima,2031,1.028221974447762,0.10732299067681088,0.8906819810999138,1.1657619677956104,0.8178727763488771,1.238571172546647,"ARIMA(1, 0, 0)+drift",1991,2024,34,20260919T085500Z
DEU,Germany,COFOG,GF08,Recreation culture and religion,combination,2025,1.0263165073277452,0.0652503493533417,0.9426947916132714,1.109938223042219,0.8984281716077721,1.154204843047718,mean of 4 + between-model variance,1991,2024,34,20260919T085500Z
DEU,Germany,COFOG,GF08,Recreation culture and religion,combination,2026,1.0248328752804823,0.07995374839985152,0.9223679891111558,1.1272977614498088,0.8681264067517157,1.181539343809249,mean of 4 + between-model variance,1991,2024,34,20260919T085500Z
DEU,Germany,COFOG,GF08,Recreation culture and religion,combination,2027,1.0243480814176753,0.09438742027792324,0.9033856941856622,1.1453104686496884,0.8393521356200757,1.209344027215275,mean of 4 + between-model variance,1991,2024,34,20260919T085500Z
DEU,Germany,COFOG,GF08,Recreation culture and religion,combination,2028,1.0240031804472707,0.10879352966415164,0.8845786149191178,1.1634277459754236,0.8107717788726014,1.23723458202194,mean of 4 + between-model variance,1991,2024,34,20260919T085500Z
DEU,Germany,COFOG,GF08,Recreation culture and religion,combination,2029,1.0230948748967374,0.12301277060400288,0.8654476127036363,1.1807421370898386,0.7819942729726336,1.2641954768208414,mean of 4 + between-model variance,1991,2024,34,20260919T085500Z
DEU,Germany,COFOG,GF08,Recreation culture and religion,combination,2030,1.0220028978921478,0.13757924356150128,0.8456879431474187,1.198317852636877,0.7523525333643735,1.2916532624199222,mean of 4 + between-model variance,1991,2024,34,20260919T085500Z
DEU,Germany,COFOG,GF08,Recreation culture and religion,combination,2031,1.02141925630497,0.15259810305294313,0.8258568521412646,1.2169816604686754,0.7223324678529113,1.3205060447570287,mean of 4 + between-model variance,1991,2024,34,20260919T085500Z
DEU,Germany,COFOG,GF08,Recreation culture and religion,ets,2025,1.0440999573767136,0.06155294943467787,0.9652166519228033,1.1229832628306238,0.9234583923909245,1.1647415223625026,"ETS(A,N,N)",1991,2024,34,20260919T085500Z
DEU,Germany,COFOG,GF08,Recreation culture and religion,ets,2026,1.0440999573767136,0.08403196833162634,0.9364086202973811,1.151791294456046,0.8794003245975859,1.2087995901558413,"ETS(A,N,N)",1991,2024,34,20260919T085500Z
DEU,Germany,COFOG,GF08,Recreation culture and religion,ets,2027,1.0440999573767136,0.1016561745260311,0.9138222836005294,1.1743776311528977,0.8448575149279756,1.2433423998254516,"ETS(A,N,N)",1991,2024,34,20260919T085500Z
DEU,Germany,COFOG,GF08,Recreation culture and religion,ets,2028,1.0440999573767136,0.11664726287764467,0.8946104243413423,1.193589490412085,0.8154755214379936,1.2727243933154335,"ETS(A,N,N)",1991,2024,34,20260919T085500Z
DEU,Germany,COFOG,GF08,Recreation culture and religion,ets,2029,1.0440999573767136,0.1299199370936801,0.8776008021544337,1.2105991125989934,0.7894615577908359,1.2987383569625912,"ETS(A,N,N)",1991,2024,34,20260919T085500Z
DEU,Germany,COFOG,GF08,Recreation culture and religion,ets,2030,1.0440999573767136,0.14195702227084514,0.8621746515714674,1.2260252631819597,0.7658693041786588,1.3223306105747683,"ETS(A,N,N)",1991,2024,34,20260919T085500Z
DEU,Germany,COFOG,GF08,Recreation culture and religion,ets,2031,1.0440999573767136,0.15305032600286966,0.8479580059870839,1.2402419087663432,0.744126828222825,1.344073086530602,"ETS(A,N,N)",1991,2024,34,20260919T085500Z
DEU,Germany,COFOG,GF08,Recreation culture and religion,prophet,2025,0.9841412412676671,0.058876495528162584,0.9086879506705593,1.059594531864775,0.8687454295863075,1.0995370529490267,Prophet(linear trend),1991,2024,34,20260919T085500Z
DEU,Germany,COFOG,GF08,Recreation culture and religion,prophet,2026,0.9774512696073615,0.0536576741296797,0.9086861700111222,1.0462163692036008,0.872284159989458,1.082618379225265,Prophet(linear trend),1991,2024,34,20260919T085500Z
DEU,Germany,COFOG,GF08,Recreation culture and religion,prophet,2027,0.9707612979470562,0.05335435350883598,0.9023849194991005,1.039137676395012,0.866188685826464,1.0753339100676484,Prophet(linear trend),1991,2024,34,20260919T085500Z
DEU,Germany,COFOG,GF08,Recreation culture and religion,prophet,2028,0.9640529975972705,0.05523978622274195,0.8932603390839431,1.0348456561105979,0.8557850052330003,1.0723209899615407,Prophet(linear trend),1991,2024,34,20260919T085500Z
DEU,Germany,COFOG,GF08,Recreation culture and religion,prophet,2029,0.957363025936965,0.05638810117034336,0.8850987421059091,1.0296273097680209,0.8468443776147341,1.067881674259196,Prophet(linear trend),1991,2024,34,20260919T085500Z
DEU,Germany,COFOG,GF08,Recreation culture and religion,prophet,2030,0.9506730542766595,0.05770903564418123,0.8767159242287877,1.0246301843245313,0.8375654219393475,1.0637806866139714,Prophet(linear trend),1991,2024,34,20260919T085500Z
DEU,Germany,COFOG,GF08,Recreation culture and religion,prophet,2031,0.9439830826163541,0.05563587251942993,0.8726828189173337,1.0152833463153745,0.8349387753696822,1.053027389863026,Prophet(linear trend),1991,2024,34,20260919T085500Z
DEU,Germany,COFOG,GF08,Recreation culture and religion,uc,2025,1.0332765928633718,0.05362244873402204,0.9645566364433884,1.1019965492833552,0.928178523752843,1.1383746619739006,UC(local linear trend + damped cycle),1991,2024,34,20260919T085500Z
DEU,Germany,COFOG,GF08,Recreation culture and religion,uc,2026,1.037815313352588,0.07333111019583916,0.94383768241889,1.1317929442862862,0.8940889772887104,1.1815416494164657,UC(local linear trend + damped cycle),1991,2024,34,20260919T085500Z
DEU,Germany,COFOG,GF08,Recreation culture and religion,uc,2027,1.0457633276325642,0.09591755706934749,0.9228399905352278,1.1686866647299006,0.8577683688086977,1.2337582864564307,UC(local linear trend + damped cycle),1991,2024,34,20260919T085500Z
DEU,Germany,COFOG,GF08,Recreation culture and religion,uc,2028,1.0537939682999946,0.12092735561759661,0.8988192738535524,1.208768662746437,0.8167807046743074,1.2908072319256818,UC(local linear trend + damped cycle),1991,2024,34,20260919T085500Z
DEU,Germany,COFOG,GF08,Recreation culture and religion,uc,2029,1.0591341098490532,0.14808183885650822,0.8693595330988174,1.248908686599289,0.768899036636496,1.3493691830616106,UC(local linear trend + damped cycle),1991,2024,34,20260919T085500Z
DEU,Germany,COFOG,GF08,Recreation culture and religion,uc,2030,1.0633858504407099,0.1771832071395253,0.836316356964637,1.2904553439167827,0.7161131430426974,1.4106585578387225,UC(local linear trend + damped cycle),1991,2024,34,20260919T085500Z
DEU,Germany,COFOG,GF08,Recreation culture and religion,uc,2031,1.0693720107790505,0.20808184811863698,0.8027043021589151,1.336039719399186,0.6615390794130543,1.4772049421450468,UC(local linear trend + damped cycle),1991,2024,34,20260919T085500Z
DEU,Germany,COFOG,GF10,Social protection,auto.arima,2025,19.998752724254878,0.6784910822712493,19.129231120787995,20.86827432772176,18.66893462868219,21.328570819827565,"ARIMA(0, 0, 2)+drift",1991,2024,34,20260919T085500Z
DEU,Germany,COFOG,GF10,Social protection,auto.arima,2026,19.810170167531243,0.9638314124097086,18.574970093294755,21.04537024176773,17.92109529713906,21.699245037923426,"ARIMA(0, 0, 2)+drift",1991,2024,34,20260919T085500Z
DEU,Germany,COFOG,GF10,Social protection,auto.arima,2027,19.593009981896202,1.0167294482172549,18.29001832407448,20.896001639717923,17.60025686565052,21.585763098141886,"ARIMA(0, 0, 2)+drift",1991,2024,34,20260919T085500Z
DEU,Germany,COFOG,GF10,Social protection,auto.arima,2028,19.593009981896202,1.0167294482172549,18.29001832407448,20.896001639717923,17.60025686565052,21.585763098141886,"ARIMA(0, 0, 2)+drift",1991,2024,34,20260919T085500Z
DEU,Germany,COFOG,GF10,Social protection,auto.arima,2029,19.593009981896202,1.0167294482172549,18.29001832407448,20.896001639717923,17.60025686565052,21.585763098141886,"ARIMA(0, 0, 2)+drift",1991,2024,34,20260919T085500Z
DEU,Germany,COFOG,GF10,Social protection,auto.arima,2030,19.593009981896202,1.0167294482172549,18.29001832407448,20.896001639717923,17.60025686565052,21.585763098141886,"ARIMA(0, 0, 2)+drift",1991,2024,34,20260919T085500Z
DEU,Germany,COFOG,GF10,Social protection,auto.arima,2031,19.593009981896202,1.0167294482172549,18.29001832407448,20.896001639717923,17.60025686565052,21.585763098141886,"ARIMA(0, 0, 2)+drift",1991,2024,34,20260919T085500Z
DEU,Germany,COFOG,GF10,Social protection,combination,2025,19.995220365326492,0.9105480546818121,18.828305684752905,21.16213504590008,18.21057895788011,21.779861772772875,mean of 4 + between-model variance,1991,2024,34,20260919T085500Z
DEU,Germany,COFOG,GF10,Social protection,combination,2026,19.99145221240314,1.1516875794646058,18.515504691565116,21.467399733241162,17.73418601740537,22.248718407400908,mean of 4 + between-model variance,1991,2024,34,20260919T085500Z
DEU,Germany,COFOG,GF10,Social protection,combination,2027,19.965822822777373,1.2832701889395184,18.321245345601554,21.61040029995319,17.45065945018272,22.480986195372026,mean of 4 + between-model variance,1991,2024,34,20260919T085500Z
DEU,Germany,COFOG,GF10,Social protection,combination,2028,19.994023247162154,1.39002797107668,18.212630120772893,21.775416373551415,17.26961846485882,22.71842802946549,mean of 4 + between-model variance,1991,2024,34,20260919T085500Z
DEU,Germany,COFOG,GF10,Social protection,combination,2029,20.02712694677521,1.523388154878663,18.07482581011415,21.979428083436268,17.041341005186606,23.01291288836381,mean of 4 + between-model variance,1991,2024,34,20260919T085500Z
DEU,Germany,COFOG,GF10,Social protection,combination,2030,20.064538300134853,1.6403419585712125,17.962354782444,22.166721817825707,16.849527113645784,23.27954948662392,mean of 4 + between-model variance,1991,2024,34,20260919T085500Z
DEU,Germany,COFOG,GF10,Social protection,combination,2031,20.103843182968838,1.7639303825928547,17.8432746732962,22.364411692641475,16.646603134580616,23.56108323135706,mean of 4 + between-model variance,1991,2024,34,20260919T085500Z
DEU,Germany,COFOG,GF10,Social protection,ets,2025,20.13192934856761,0.7509228552758601,19.16958266154312,21.0942760355921,18.660147585449714,21.603711111685506,"ETS(A,N,N)",1991,2024,34,20260919T085500Z
DEU,Germany,COFOG,GF10,Social protection,ets,2026,20.13192934856761,1.0619121892902603,18.7710336585583,21.49282503857692,18.050619686397514,22.213239010737706,"ETS(A,N,N)",1991,2024,34,20260919T085500Z
DEU,Germany,COFOG,GF10,Social protection,ets,2027,20.13192934856761,1.3005498302452008,18.465207112517213,21.798651584618007,17.582898501080905,22.680960196054315,"ETS(A,N,N)",1991,2024,34,20260919T085500Z
DEU,Germany,COFOG,GF10,Social protection,ets,2028,20.13192934856761,1.5017330735315122,18.207380324717153,22.056478372418066,17.188586586836493,23.075272110298727,"ETS(A,N,N)",1991,2024,34,20260919T085500Z
DEU,Germany,COFOG,GF10,Social protection,ets,2029,20.13192934856761,1.6789802224344357,17.980228886546314,22.283629810588906,16.841188555884123,23.422670141251096,"ETS(A,N,N)",1991,2024,34,20260919T085500Z
DEU,Germany,COFOG,GF10,Social protection,ets,2030,20.13192934856761,1.8392245514111578,17.774867446257538,22.48899125087768,16.52711543988559,23.73674325724963,"ETS(A,N,N)",1991,2024,34,20260919T085500Z
DEU,Germany,COFOG,GF10,Social protection,ets,2031,20.13192934856761,1.9865848367741958,17.586017577829967,22.677841119305253,16.23829458554431,24.02556411159091,"ETS(A,N,N)",1991,2024,34,20260919T085500Z
DEU,Germany,COFOG,GF10,Social protection,prophet,2025,19.397993320624757,0.9961947362644555,18.12131796397557,20.674668677273942,17.44548750055693,21.350499140692584,Prophet(linear trend),1991,2024,34,20260919T085500Z
DEU,Germany,COFOG,GF10,Social protection,prophet,2026,19.385318492863313,1.0698700842534203,18.014224346648174,20.75641263907845,17.288411643049642,21.482225342676983,Prophet(linear trend),1991,2024,34,20260919T085500Z
DEU,Germany,COFOG,GF10,Social protection,prophet,2027,19.372643665101865,0.9912696552082847,18.10228005593038,20.64300727427335,17.429790826601213,21.315496503602517,Prophet(linear trend),1991,2024,34,20260919T085500Z
DEU,Germany,COFOG,GF10,Social protection,prophet,2028,19.359934111784913,0.9661183359724977,18.121803226082687,20.59806499748714,17.466376953538912,21.253491270030914,Prophet(linear trend),1991,2024,34,20260919T085500Z
DEU,Germany,COFOG,GF10,Social protection,prophet,2029,19.347259284023465,1.0705628960207088,17.975277263502335,20.719241304544596,17.248994548087133,21.445524019959798,Prophet(linear trend),1991,2024,34,20260919T085500Z
DEU,Germany,COFOG,GF10,Social protection,prophet,2030,19.33458445626202,1.030185295424412,18.014348430540274,20.65482048198377,17.31545836390081,21.353710548623233,Prophet(linear trend),1991,2024,34,20260919T085500Z
DEU,Germany,COFOG,GF10,Social protection,prophet,2031,19.321909628500574,0.9707706911522179,18.077816507713067,20.56600274928808,17.41923402158711,21.22458523541404,Prophet(linear trend),1991,2024,34,20260919T085500Z
DEU,Germany,COFOG,GF10,Social protection,uc,2025,20.45220606785873,0.7216610043137287,19.527359964458462,21.377052171258995,19.037776479199977,21.86663565651748,UC(local linear trend + damped cycle),1991,2024,34,20260919T085500Z
DEU,Germany,COFOG,GF10,Social protection,uc,2026,20.638390840650395,0.9931030808874325,19.365677601132944,21.911104080167846,18.69194455382194,22.58483712747885,UC(local linear trend + damped cycle),1991,2024,34,20260919T085500Z
DEU,Germany,COFOG,GF10,Social protection,uc,2027,20.76570829554382,1.1554219648903914,19.28497496559461,22.24644162549303,18.50112283954939,23.030293751538252,UC(local linear trend + damped cycle),1991,2024,34,20260919T085500Z
DEU,Germany,COFOG,GF10,Social protection,uc,2028,20.891219546399896,1.2873378695838738,19.24142912495894,22.54100996784085,18.36808366617881,23.414355426620983,UC(local linear trend + damped cycle),1991,2024,34,20260919T085500Z
DEU,Germany,COFOG,GF10,Social protection,uc,2029,21.036309172613553,1.4296436947492823,19.204146436320222,22.868471908906884,18.23425899807797,23.838359347149137,UC(local linear trend + damped cycle),1991,2024,34,20260919T085500Z
DEU,Germany,COFOG,GF10,Social protection,uc,2030,21.19862941381358,1.5991513784118092,19.14923376650717,23.248025061119993,18.064350281576058,24.332908546051105,UC(local linear trend + damped cycle),1991,2024,34,20260919T085500Z
DEU,Germany,COFOG,GF10,Social protection,uc,2031,21.368523772910955,1.7962124407306042,19.066584127067767,23.670463418754142,17.848012052726837,24.889035493095072,UC(local linear trend + damped cycle),1991,2024,34,20260919T085500Z
DEU,Germany,COFOG,GF10_5,Unemployment,auto.arima,2025,1.63524,0.2616693771271684,1.2998970864039232,1.9705829135960768,1.1223774409283265,2.1481025590716736,"ARIMA(0, 1, 0)",2000,2024,25,20260919T085500Z
DEU,Germany,COFOG,GF10_5,Unemployment,auto.arima,2026,1.63524,0.37005638217969,1.160993503304854,2.109486496695146,0.9099428129575661,2.360537187042434,"ARIMA(0, 1, 0)",2000,2024,25,20260919T085500Z
DEU,Germany,COFOG,GF10_5,Unemployment,auto.arima,2027,1.63524,0.4532246562773492,1.0544090352984505,2.2160709647015495,0.7469359897840215,2.5235440102159785,"ARIMA(0, 1, 0)",2000,2024,25,20260919T085500Z
DEU,Germany,COFOG,GF10_5,Unemployment,auto.arima,2028,1.63524,0.5233387546546899,0.9645541722947728,2.3059258277052272,0.6095148810719753,2.660965118928025,"ARIMA(0, 1, 0)",2000,2024,25,20260919T085500Z
DEU,Germany,COFOG,GF10_5,Unemployment,auto.arima,2029,1.63524,0.5851105153638261,0.8853904488144579,2.3850895511855423,0.488444453865454,2.782035546134546,"ARIMA(0, 1, 0)",2000,2024,25,20260919T085500Z
DEU,Germany,COFOG,GF10_5,Unemployment,auto.arima,2030,1.63524,0.6409564558182738,0.8138209721331796,2.4566590278668206,0.378988421028593,2.891491578971407,"ARIMA(0, 1, 0)",2000,2024,25,20260919T085500Z
DEU,Germany,COFOG,GF10_5,Unemployment,auto.arima,2031,1.63524,0.6923120982049378,0.7480060459212656,2.5224739540787344,0.2783332107538574,2.9921467892461426,"ARIMA(0, 1, 0)",2000,2024,25,20260919T085500Z
DEU,Germany,COFOG,GF10_5,Unemployment,combination,2025,1.5617112126562822,0.2944819402186488,1.1843172932051924,1.939105132107372,0.9845372111775784,2.138885214134986,mean of 4 + between-model variance,2000,2024,25,20260919T085500Z
DEU,Germany,COFOG,GF10_5,Unemployment,combination,2026,1.5026764200067786,0.3833680829446582,1.011370286572886,1.9939825534406712,0.7512887786862346,2.2540640613273224,mean of 4 + between-model variance,2000,2024,25,20260919T085500Z
DEU,Germany,COFOG,GF10_5,Unemployment,combination,2027,1.4580013531237193,0.4560334014108882,0.8735708354787927,2.0424318707686457,0.5641923035608292,2.3518104026866093,mean of 4 + between-model variance,2000,2024,25,20260919T085500Z
DEU,Germany,COFOG,GF10_5,Unemployment,combination,2028,1.4466012414300844,0.5164134696799131,0.7847905265348524,2.1084119563253165,0.4344494317423633,2.4587530511178057,mean of 4 + between-model variance,2000,2024,25,20260919T085500Z
DEU,Germany,COFOG,GF10_5,Unemployment,combination,2029,1.432109838846777,0.5955604547544515,0.6688681469353002,2.195351530758254,0.2648327877044232,2.599386889989131,mean of 4 + between-model variance,2000,2024,25,20260919T085500Z
DEU,Germany,COFOG,GF10_5,Unemployment,combination,2030,1.3940968136872929,0.6859746525648833,0.5149846257434615,2.273209001631124,0.049611189747613915,2.738582437626972,mean of 4 + between-model variance,2000,2024,25,20260919T085500Z
DEU,Germany,COFOG,GF10_5,Unemployment,combination,2031,1.3534757912078696,0.7715816542051053,0.36465377909800856,2.342297803317731,-0.1587964740945853,2.8657480565103244,mean of 4 + between-model variance,2000,2024,25,20260919T085500Z
DEU,Germany,COFOG,GF10_5,Unemployment,ets,2025,1.635227545070737,0.2563850104685478,1.3066568221347485,1.9637982680067254,1.1327221544127601,2.137732935728714,"ETS(A,N,N)",2000,2024,25,20260919T085500Z
DEU,Germany,COFOG,GF10_5,Unemployment,ets,2026,1.635227545070737,0.3625650302890904,1.1705816053736926,2.099873484767781,0.9246131380452103,2.3458419520962637,"ETS(A,N,N)",2000,2024,25,20260919T085500Z
DEU,Germany,COFOG,GF10_5,Unemployment,ets,2027,1.635227545070737,0.4440422601330874,1.0661642985126587,2.2042907916288152,0.7649207007312504,2.5055343894102236,"ETS(A,N,N)",2000,2024,25,20260919T085500Z
DEU,Germany,COFOG,GF10_5,Unemployment,ets,2028,1.635227545070737,0.5127315636662834,0.9781353841910841,2.2923197059503897,0.6302921386211136,2.6401629515203604,"ETS(A,N,N)",2000,2024,25,20260919T085500Z
DEU,Germany,COFOG,GF10_5,Unemployment,ets,2029,1.635227545070737,0.5732484487333948,0.9005798490995575,2.3698752410419166,0.5116812224974376,2.7587738676440363,"ETS(A,N,N)",2000,2024,25,20260919T085500Z
DEU,Germany,COFOG,GF10_5,Unemployment,ets,2030,1.635227545070737,0.6279601194111097,0.8304639981191905,2.4399910920222836,0.4044483175892606,2.8660067725522134,"ETS(A,N,N)",2000,2024,25,20260919T085500Z
DEU,Germany,COFOG,GF10_5,Unemployment,ets,2031,1.635227545070737,0.678272835344588,0.7659856363892095,2.5044694537522645,0.3058372056174168,2.964617884524057,"ETS(A,N,N)",2000,2024,25,20260919T085500Z
DEU,Germany,COFOG,GF10_5,Unemployment,prophet,2025,1.3458036337148043,0.2649671841890737,1.0062344088829285,1.68537285854668,0.8264774915228505,1.865129775906758,Prophet(linear trend),2000,2024,25,20260919T085500Z
DEU,Germany,COFOG,GF10_5,Unemployment,prophet,2026,1.2913518928181442,0.26573316956261767,0.9508010178988324,1.631902767737456,0.7705244468695178,1.8121793387667706,Prophet(linear trend),2000,2024,25,20260919T085500Z
DEU,Germany,COFOG,GF10_5,Unemployment,prophet,2027,1.2369001519214844,0.2663177602621864,0.8956000936219588,1.57820021022101,0.7149269292469684,1.7588733745960003,Prophet(linear trend),2000,2024,25,20260919T085500Z
DEU,Germany,COFOG,GF10_5,Unemployment,prophet,2028,1.1822992281730527,0.25794452086441266,0.8517299115702228,1.5128685447758825,0.676737253281555,1.6878612030645503,Prophet(linear trend),2000,2024,25,20260919T085500Z
DEU,Germany,COFOG,GF10_5,Unemployment,prophet,2029,1.1278474872763924,0.26371413337728344,0.7898841122184681,1.4658108623343167,0.6109772795657185,1.6447176949870663,Prophet(linear trend),2000,2024,25,20260919T085500Z
DEU,Germany,COFOG,GF10_5,Unemployment,prophet,2030,1.0733957463797323,0.2633753752089855,0.7358665075299065,1.4109249852295582,0.5571894924836283,1.5896020002758364,Prophet(linear trend),2000,2024,25,20260919T085500Z
DEU,Germany,COFOG,GF10_5,Unemployment,prophet,2031,1.0189440054830725,0.2695245197624522,0.6735343181324625,1.3643536928336826,0.49068564963137773,1.5472023613347674,Prophet(linear trend),2000,2024,25,20260919T085500Z
DEU,Germany,COFOG,GF10_5,Unemployment,uc,2025,1.630573671839588,0.24407860975142995,1.3177742413554234,1.9433731023237526,1.1521883835567364,2.1089589601224397,UC(local linear trend + damped cycle),2000,2024,25,20260919T085500Z
DEU,Germany,COFOG,GF10_5,Unemployment,uc,2026,1.448886242138233,0.3723116706906252,0.9717494759413208,1.926023008335145,0.7191687708047524,2.1786037134717136,UC(local linear trend + damped cycle),2000,2024,25,20260919T085500Z
DEU,Germany,COFOG,GF10_5,Unemployment,uc,2027,1.3246377155026556,0.4309240877947707,0.7723860889410916,1.8768893420642196,0.4800420166920657,2.1692334143132457,UC(local linear trend + damped cycle),2000,2024,25,20260919T085500Z
DEU,Germany,COFOG,GF10_5,Unemployment,uc,2028,1.3336381924765484,0.5083090705986298,0.6822136864327331,1.9850626985203637,0.3373707132297754,2.3299056717233215,UC(local linear trend + damped cycle),2000,2024,25,20260919T085500Z
DEU,Germany,COFOG,GF10_5,Unemployment,uc,2029,1.3301243230399784,0.656451617259569,0.48884744003774316,2.171401206042214,0.04350278546944453,2.6167458606105125,UC(local linear trend + damped cycle),2000,2024,25,20260919T085500Z
DEU,Germany,COFOG,GF10_5,Unemployment,uc,2030,1.2325239632987013,0.8250578863229463,0.17516937896575668,2.2898785476316457,-0.3845597918103658,2.8496077184077686,UC(local linear trend + damped cycle),2000,2024,25,20260919T085500Z
DEU,Germany,COFOG,GF10_5,Unemployment,uc,2031,1.1244916142776689,0.968778748584431,-0.1170487285282058,2.3660319570835435,-0.774279856912867,3.023263085468205,UC(local linear trend + damped cycle),2000,2024,25,20260919T085500Z
DEU,Germany,COFOG,GF10_X,Social protection excluding old age and unemployment,auto.arima,2025,8.636489274738528,0.28714890221677086,8.26849302480482,9.004485524672235,8.073687763754137,9.19929078572292,"ARIMA(1, 0, 0)+drift",2000,2024,25,20260919T085500Z
DEU,Germany,COFOG,GF10_X,Social protection excluding old age and unemployment,auto.arima,2026,8.53967914474708,0.36698789739246873,8.069365070867967,9.009993218626192,7.8203960774221475,9.258962212072012,"ARIMA(1, 0, 0)+drift",2000,2024,25,20260919T085500Z
DEU,Germany,COFOG,GF10_X,Social protection excluding old age and unemployment,auto.arima,2027,8.462632192298294,0.4095841332589129,7.937728827152068,8.98753555744452,7.6598620361396215,9.265402348456966,"ARIMA(1, 0, 0)+drift",2000,2024,25,20260919T085500Z
DEU,Germany,COFOG,GF10_X,Social protection excluding old age and unemployment,auto.arima,2028,8.40131388932556,0.4344088030142387,7.844596419005057,8.958031359646064,7.549888274134561,9.25273950451656,"ARIMA(1, 0, 0)+drift",2000,2024,25,20260919T085500Z
DEU,Germany,COFOG,GF10_X,Social protection excluding old age and unemployment,auto.arima,2029,8.352513331224898,0.4494236758495432,7.776553520592564,8.928473141857232,7.471659105812124,9.233367556637672,"ARIMA(1, 0, 0)+drift",2000,2024,25,20260919T085500Z
DEU,Germany,COFOG,GF10_X,Social protection excluding old age and unemployment,auto.arima,2030,8.31367509931892,0.45867972467798074,7.725853180798404,8.901497017839436,7.414679351420165,9.212670847217673,"ARIMA(1, 0, 0)+drift",2000,2024,25,20260919T085500Z
DEU,Germany,COFOG,GF10_X,Social protection excluding old age and unemployment,auto.arima,2031,8.282765447538479,0.46444697695802095,7.687552495323973,8.877978399752985,7.372466092791928,9.19306480228503,"ARIMA(1, 0, 0)+drift",2000,2024,25,20260919T085500Z
DEU,Germany,COFOG,GF10_X,Social protection excluding old age and unemployment,combination,2025,8.803970288404951,0.3185242171670536,8.39576494084608,9.212175635963822,8.179674289629345,9.428266287180557,mean of 4 + between-model variance,2000,2024,25,20260919T085500Z
DEU,Germany,COFOG,GF10_X,Social protection excluding old age and unemployment,combination,2026,8.818246983959463,0.43826001370805245,8.25659398687188,9.379899981047046,7.959273134452174,9.677220833466754,mean of 4 + between-model variance,2000,2024,25,20260919T085500Z
DEU,Germany,COFOG,GF10_X,Social protection excluding old age and unemployment,combination,2027,8.813751804508135,0.5085913129262146,8.161965590244918,9.465538018771351,7.816931140460019,9.81057246855625,mean of 4 + between-model variance,2000,2024,25,20260919T085500Z
DEU,Germany,COFOG,GF10_X,Social protection excluding old age and unemployment,combination,2028,8.821578810494984,0.5750268472186997,8.084652004388165,9.558505616601803,7.694546890912832,9.948610730077135,mean of 4 + between-model variance,2000,2024,25,20260919T085500Z
DEU,Germany,COFOG,GF10_X,Social protection excluding old age and unemployment,combination,2029,8.850707680214583,0.6606306978064077,8.004075088179386,9.69734027224978,7.555895295219145,10.145520065210022,mean of 4 + between-model variance,2000,2024,25,20260919T085500Z
DEU,Germany,COFOG,GF10_X,Social protection excluding old age and unemployment,combination,2030,8.887279163768834,0.7553555589715529,7.919251736457722,9.855306591079946,7.4068094609847135,10.367748866552954,mean of 4 + between-model variance,2000,2024,25,20260919T085500Z
DEU,Germany,COFOG,GF10_X,Social protection excluding old age and unemployment,combination,2031,8.917922799694908,0.8454797658554174,7.834396514803366,10.00144908458645,7.2608128958898615,10.575032703499955,mean of 4 + between-model variance,2000,2024,25,20260919T085500Z
DEU,Germany,COFOG,GF10_X,Social protection excluding old age and unemployment,ets,2025,8.75590934736654,0.2976561150151338,8.374447557856666,9.137371136876414,8.172514077557018,9.339304617176062,"ETS(A,N,N)",2000,2024,25,20260919T085500Z
DEU,Germany,COFOG,GF10_X,Social protection excluding old age and unemployment,ets,2026,8.75590934736654,0.41865313563065043,8.219383584092808,9.292435110640271,7.935364273043348,9.576454421689732,"ETS(A,N,N)",2000,2024,25,20260919T085500Z
DEU,Germany,COFOG,GF10_X,Social protection excluding old age and unemployment,ets,2027,8.75590934736654,0.5118024356534941,8.100007912349934,9.411810782383146,7.752794998373375,9.759023696359705,"ETS(A,N,N)",2000,2024,25,20260919T085500Z
DEU,Germany,COFOG,GF10_X,Social protection excluding old age and unemployment,ets,2028,8.75590934736654,0.5904346012119569,7.999236703314154,9.512581991418926,7.598678784636748,9.913139910096332,"ETS(A,N,N)",2000,2024,25,20260919T085500Z
DEU,Germany,COFOG,GF10_X,Social protection excluding old age and unemployment,ets,2029,8.75590934736654,0.6597607926178971,7.910391584065488,9.601427110667592,7.462801945223996,10.049016749509084,"ETS(A,N,N)",2000,2024,25,20260919T085500Z
DEU,Germany,COFOG,GF10_X,Social protection excluding old age and unemployment,ets,2030,8.75590934736654,0.7224649393868666,7.830032959365422,9.681785735367658,7.3399040749061,10.17191461982698,"ETS(A,N,N)",2000,2024,25,20260919T085500Z
DEU,Germany,COFOG,GF10_X,Social protection excluding old age and unemployment,ets,2031,8.75590934736654,0.7801454183745119,7.756112426157848,9.755706268575233,7.226852412587558,10.284966282145522,"ETS(A,N,N)",2000,2024,25,20260919T085500Z
DEU,Germany,COFOG,GF10_X,Social protection excluding old age and unemployment,prophet,2025,8.84308233118619,0.24115688180867703,8.534027246990517,9.152137415381864,8.370423524488928,9.315741137883453,Prophet(linear trend),2000,2024,25,20260919T085500Z
DEU,Germany,COFOG,GF10_X,Social protection excluding old age and unemployment,prophet,2026,8.92156972771834,0.25774220458995584,8.591259689941673,9.251879765495008,8.416404285441391,9.42673516999529,Prophet(linear trend),2000,2024,25,20260919T085500Z
DEU,Germany,COFOG,GF10_X,Social protection excluding old age and unemployment,prophet,2027,9.000057124250493,0.24917200090059963,8.680730248152328,9.319384000348657,8.51168897267735,9.488425275823635,Prophet(linear trend),2000,2024,25,20260919T085500Z
DEU,Germany,COFOG,GF10_X,Social protection excluding old age and unemployment,prophet,2028,9.078759554745746,0.22866135452184738,8.785718138535563,9.37180097095593,8.630591531691689,9.526927577799803,Prophet(linear trend),2000,2024,25,20260919T085500Z
DEU,Germany,COFOG,GF10_X,Social protection excluding old age and unemployment,prophet,2029,9.157246951277898,0.2533560413687495,8.832558009749695,9.481935892806101,8.66067823101264,9.653815671543157,Prophet(linear trend),2000,2024,25,20260919T085500Z
DEU,Germany,COFOG,GF10_X,Social protection excluding old age and unemployment,prophet,2030,9.235734347810048,0.26404433919392506,8.897347796827395,9.574120898792701,8.718216948586166,9.75325174703393,Prophet(linear trend),2000,2024,25,20260919T085500Z
DEU,Germany,COFOG,GF10_X,Social protection excluding old age and unemployment,prophet,2031,9.3142217443422,0.2683583649840339,8.97030654498018,9.65813694370422,8.788249009874633,9.840194478809767,Prophet(linear trend),2000,2024,25,20260919T085500Z
DEU,Germany,COFOG,GF10_X,Social protection excluding old age and unemployment,uc,2025,8.980400200328544,0.3042987538393188,8.590425523748257,9.370374876908832,8.383985597558617,9.576814803098472,UC(local linear trend + damped cycle),2000,2024,25,20260919T085500Z
DEU,Germany,COFOG,GF10_X,Social protection excluding old age and unemployment,uc,2026,9.055829716005896,0.4401850312426673,8.491709708846793,9.619949723164998,8.193082901431392,9.918576530580399,UC(local linear trend + damped cycle),2000,2024,25,20260919T085500Z
DEU,Germany,COFOG,GF10_X,Social protection excluding old age and unemployment,uc,2027,9.03640855411721,0.5115183313383151,8.380871213553931,9.69194589468049,8.03385103935404,10.03896606888038,UC(local linear trend + damped cycle),2000,2024,25,20260919T085500Z
DEU,Germany,COFOG,GF10_X,Social protection excluding old age and unemployment,uc,2028,9.050332450542083,0.577759867699694,8.309903136571805,9.79076176451236,7.91794390920592,10.182720991878245,UC(local linear trend + damped cycle),2000,2024,25,20260919T085500Z
DEU,Germany,COFOG,GF10_X,Social protection excluding old age and unemployment,uc,2029,9.137161090988997,0.683131145473771,8.261693005244794,10.0126291767332,7.798248638581643,10.476073543396351,UC(local linear trend + damped cycle),2000,2024,25,20260919T085500Z
DEU,Germany,COFOG,GF10_X,Social protection excluding old age and unemployment,uc,2030,9.24379786057983,0.8289215844545003,8.181491746178997,10.306103974980664,7.61914139622605,10.86845432493361,UC(local linear trend + damped cycle),2000,2024,25,20260919T085500Z
DEU,Germany,COFOG,GF10_X,Social protection excluding old age and unemployment,uc,2031,9.318794659532415,0.983068814774167,8.058940853820951,10.578648465243878,7.392015173052379,11.24557414601245,UC(local linear trend + damped cycle),2000,2024,25,20260919T085500Z
DEU,Germany,ESA_EXP,E01,Compensation of employees,auto.arima,2026,8.483413,0.22104409369303102,8.20013349963951,8.766692500360492,8.050174533949033,8.916651466050968,"ARIMA(0, 1, 0)",1991,2025,35,20260919T085500Z
DEU,Germany,ESA_EXP,E01,Compensation of employees,auto.arima,2027,8.483413,0.312603555016242,8.082795288861826,8.884030711138175,7.870721285896147,9.096104714103854,"ARIMA(0, 1, 0)",1991,2025,35,20260919T085500Z
DEU,Germany,ESA_EXP,E01,Compensation of employees,auto.arima,2028,8.483413,0.38285960071677977,7.99275851298221,8.974067487017791,7.733021965540738,9.233804034459263,"ARIMA(0, 1, 0)",1991,2025,35,20260919T085500Z
DEU,Germany,ESA_EXP,E01,Compensation of employees,auto.arima,2029,8.483413,0.44208818703198954,7.91685399973278,9.049972000267221,7.616936068592034,9.349889931407967,"ARIMA(0, 1, 0)",1991,2025,35,20260919T085500Z
DEU,Germany,ESA_EXP,E01,Compensation of employees,auto.arima,2030,8.483413,0.49426961910019385,7.849980781102909,9.116845218897092,7.514662340269908,9.452163659730093,"ARIMA(0, 1, 0)",1991,2025,35,20260919T085500Z
DEU,Germany,ESA_EXP,E01,Compensation of employees,auto.arima,2031,8.483413,0.5414452397220516,7.7895227701437255,9.177303229856275,7.422199822173409,9.544626177826592,"ARIMA(0, 1, 0)",1991,2025,35,20260919T085500Z
DEU,Germany,ESA_EXP,E01,Compensation of employees,combination,2026,8.428088151991126,0.26690020654891095,8.086041658487956,8.770134645494297,7.904973355562697,8.951202948419557,mean of 4 + between-model variance,1991,2025,35,20260919T085500Z
DEU,Germany,ESA_EXP,E01,Compensation of employees,combination,2027,8.419791681156276,0.3177978038308328,8.012517270061265,8.827066092251288,7.796919426368782,9.042663935943771,mean of 4 + between-model variance,1991,2025,35,20260919T085500Z
DEU,Germany,ESA_EXP,E01,Compensation of employees,combination,2028,8.419816860060905,0.35899622439888873,7.9597445306900605,8.87988918943175,7.716197184103161,9.123436536018648,mean of 4 + between-model variance,1991,2025,35,20260919T085500Z
DEU,Germany,ESA_EXP,E01,Compensation of employees,combination,2029,8.440573467617304,0.39883614118195504,7.929444213213287,8.95170272202132,7.658868989001754,9.222277946232854,mean of 4 + between-model variance,1991,2025,35,20260919T085500Z
DEU,Germany,ESA_EXP,E01,Compensation of employees,combination,2030,8.47157986843938,0.4437711426053721,7.902864073091179,9.040295663787578,7.601804404693984,9.341355332184774,mean of 4 + between-model variance,1991,2025,35,20260919T085500Z
DEU,Germany,ESA_EXP,E01,Compensation of employees,combination,2031,8.499124073904774,0.49410197116248566,7.865906704557548,9.132341443251999,7.530701998097264,9.467546149712284,mean of 4 + between-model variance,1991,2025,35,20260919T085500Z
DEU,Germany,ESA_EXP,E01,Compensation of employees,ets,2026,8.48337915897489,0.2178686283360437,8.204169182593576,8.762589135356203,8.056364490706864,8.910393827242915,"ETS(A,N,N)",1991,2025,35,20260919T085500Z
DEU,Germany,ESA_EXP,E01,Compensation of employees,ets,2027,8.48337915897489,0.30809736375516555,8.08853636625973,8.87822195169005,7.879519417519861,9.087238900429918,"ETS(A,N,N)",1991,2025,35,20260919T085500Z
DEU,Germany,ESA_EXP,E01,Compensation of employees,ets,2028,8.48337915897489,0.3773343767704402,7.999805533755978,8.9669527841938,7.743817364542391,9.222940953407388,"ETS(A,N,N)",1991,2025,35,20260919T085500Z
DEU,Germany,ESA_EXP,E01,Compensation of employees,ets,2029,8.48337915897489,0.43570457678637103,7.925001087185162,9.041757230764617,7.6294138738383666,9.337344444111412,"ETS(A,N,N)",1991,2025,35,20260919T085500Z
DEU,Germany,ESA_EXP,E01,Compensation of employees,ets,2030,8.48337915897489,0.48713008998874674,7.859096617889631,9.107661700060149,7.528621719280185,9.438136598669594,"ETS(A,N,N)",1991,2025,35,20260919T085500Z
DEU,Germany,ESA_EXP,E01,Compensation of employees,ets,2031,8.48337915897489,0.5336224985064798,7.799514178768913,9.167244139180866,7.437498272312135,9.529260045637644,"ETS(A,N,N)",1991,2025,35,20260919T085500Z
DEU,Germany,ESA_EXP,E01,Compensation of employees,prophet,2026,8.201739457069216,0.21737431359801387,7.923162970729054,8.480315943409378,7.775693627892398,8.627785286246034,Prophet(linear trend),1991,2025,35,20260919T085500Z
DEU,Germany,ESA_EXP,E01,Compensation of employees,prophet,2027,8.224810486745866,0.21575249415823355,7.948312446352394,8.501308527139338,7.801943365285519,8.647677608206214,Prophet(linear trend),1991,2025,35,20260919T085500Z
DEU,Germany,ESA_EXP,E01,Compensation of employees,prophet,2028,8.247944724722998,0.21682689266051022,7.970069786780137,8.52581966266586,7.822971820876534,8.672917628569463,Prophet(linear trend),1991,2025,35,20260919T085500Z
DEU,Germany,ESA_EXP,E01,Compensation of employees,prophet,2029,8.271015754399649,0.21884221283764788,7.990558078853136,8.551473429946162,7.842092895557521,8.699938613241777,Prophet(linear trend),1991,2025,35,20260919T085500Z
DEU,Germany,ESA_EXP,E01,Compensation of employees,prophet,2030,8.294086784076299,0.21248306962781344,8.021778681228636,8.566394886923963,7.877627616996291,8.710545951156307,Prophet(linear trend),1991,2025,35,20260919T085500Z
DEU,Germany,ESA_EXP,E01,Compensation of employees,prophet,2031,8.31715781375295,0.21049745393095526,8.047394380672825,8.586921246833073,7.904590381956618,8.72972524554928,Prophet(linear trend),1991,2025,35,20260919T085500Z
DEU,Germany,ESA_EXP,E01,Compensation of employees,uc,2026,8.5438209919204,0.21687872952340836,8.265879622342217,8.821762361498584,8.118746489688782,8.968895494152019,UC(local linear trend + damped cycle),1991,2025,35,20260919T085500Z
DEU,Germany,ESA_EXP,E01,Compensation of employees,uc,2027,8.487564078904349,0.31174551281291496,8.088045993467931,8.887082164340766,7.876554096629497,9.098574061179201,UC(local linear trend + damped cycle),1991,2025,35,20260919T085500Z
DEU,Germany,ESA_EXP,E01,Compensation of employees,uc,2028,8.464530556545729,0.3559558617389123,8.008354610022502,8.920706503068955,7.766869881948483,9.162191231142973,UC(local linear trend + damped cycle),1991,2025,35,20260919T085500Z
DEU,Germany,ESA_EXP,E01,Compensation of employees,uc,2029,8.524485957094674,0.38793961332549765,8.027321169758157,9.021650744431192,7.764138280802778,9.284833633386569,UC(local linear trend + damped cycle),1991,2025,35,20260919T085500Z
DEU,Germany,ESA_EXP,E01,Compensation of employees,uc,2030,8.625440530706326,0.43248415695984693,8.071189594386121,9.179691467026531,7.7777871524946764,9.473093908917976,UC(local linear trend + damped cycle),1991,2025,35,20260919T085500Z
DEU,Germany,ESA_EXP,E01,Compensation of employees,uc,2031,8.712546322891255,0.4987797574794509,8.073334127133949,9.35175851864856,7.7349559543028,9.69013669147971,UC(local linear trend + damped cycle),1991,2025,35,20260919T085500Z
DEU,Germany,ESA_EXP,E02,Intermediate consumption,auto.arima,2026,6.449943868279891,0.20429861231730176,6.188124573067428,6.711763163492353,6.049525942888023,6.850361793671759,"ARIMA(0, 1, 0)+drift",1991,2025,35,20260919T085500Z
DEU,Germany,ESA_EXP,E02,Intermediate consumption,auto.arima,2027,6.5169627365597815,0.28892186831313155,6.146694338379351,6.887231134740212,5.950686275853303,7.08323919726626,"ARIMA(0, 1, 0)+drift",1991,2025,35,20260919T085500Z
DEU,Germany,ESA_EXP,E02,Intermediate consumption,auto.arima,2028,6.583981604839672,0.35385557644938376,6.130497283129811,7.037465926549533,5.890437413799632,7.277525795879712,"ARIMA(0, 1, 0)+drift",1991,2025,35,20260919T085500Z
DEU,Germany,ESA_EXP,E02,Intermediate consumption,auto.arima,2029,6.651000473119563,0.40859722463460396,6.127361882694637,7.174639063544489,5.850164622335826,7.4518363239033,"ARIMA(0, 1, 0)+drift",1991,2025,35,20260919T085500Z
DEU,Germany,ESA_EXP,E02,Intermediate consumption,auto.arima,2030,6.718019341399454,0.4568255848503628,6.132573599483301,7.303465083315606,5.822657640813797,7.61338104198511,"ARIMA(0, 1, 0)+drift",1991,2025,35,20260919T085500Z
DEU,Germany,ESA_EXP,E02,Intermediate consumption,auto.arima,2031,6.785038209679344,0.500427355336068,6.143714531593695,7.426361887764993,5.804218608605443,7.765857810753245,"ARIMA(0, 1, 0)+drift",1991,2025,35,20260919T085500Z
DEU,Germany,ESA_EXP,E02,Intermediate consumption,combination,2026,6.468066361249803,0.24554181930484217,6.153391751636044,6.7827409708635615,5.986813234917808,6.949319487581798,mean of 4 + between-model variance,1991,2025,35,20260919T085500Z
DEU,Germany,ESA_EXP,E02,Intermediate consumption,combination,2027,6.527330345974429,0.32464201561989814,6.111284721572717,6.943375970376141,5.891043682471991,7.163617009476867,mean of 4 + between-model variance,1991,2025,35,20260919T085500Z
DEU,Germany,ESA_EXP,E02,Intermediate consumption,combination,2028,6.585681760772738,0.39458323084805624,6.0800028321129505,7.091360689432526,5.8123128333068586,7.359050688238618,mean of 4 + between-model variance,1991,2025,35,20260919T085500Z
DEU,Germany,ESA_EXP,E02,Intermediate consumption,combination,2029,6.643694024876363,0.4642649641142497,6.048714331585818,7.2386737181669085,5.733751408751142,7.553636641001584,mean of 4 + between-model variance,1991,2025,35,20260919T085500Z
DEU,Germany,ESA_EXP,E02,Intermediate consumption,combination,2030,6.7026749289975145,0.525589788963793,6.029104283771387,7.376245574223642,5.6725378638608825,7.732811994134146,mean of 4 + between-model variance,1991,2025,35,20260919T085500Z
DEU,Germany,ESA_EXP,E02,Intermediate consumption,combination,2031,6.76115225357267,0.5804144953092081,6.017320896280164,7.5049836108651755,5.623560737688453,7.898743769456886,mean of 4 + between-model variance,1991,2025,35,20260919T085500Z
DEU,Germany,ESA_EXP,E02,Intermediate consumption,ets,2026,6.382925859963123,0.2821319311119247,6.021359119382774,6.744492600543472,5.829957431733271,6.9358942881929755,"ETS(M,N,N)",1991,2025,35,20260919T085500Z
DEU,Germany,ESA_EXP,E02,Intermediate consumption,ets,2027,6.382925859963123,0.37348916732362897,5.9042800706011915,6.861571649325055,5.650900537618834,7.114951182307412,"ETS(M,N,N)",1991,2025,35,20260919T085500Z
DEU,Germany,ESA_EXP,E02,Intermediate consumption,ets,2028,6.382925859963123,0.4500694557674994,5.806138448785372,6.959713271140874,5.500805929159232,7.265045790767014,"ETS(M,N,N)",1991,2025,35,20260919T085500Z
DEU,Germany,ESA_EXP,E02,Intermediate consumption,ets,2029,6.382925859963123,0.5333455933051598,5.699415748171709,7.0664359717545375,5.337587697526368,7.428264022399878,"ETS(M,N,N)",1991,2025,35,20260919T085500Z
DEU,Germany,ESA_EXP,E02,Intermediate consumption,ets,2030,6.382925859963123,0.5922147638104045,5.623971844972371,7.141879874953875,5.2222062426262275,7.543645477300019,"ETS(M,N,N)",1991,2025,35,20260919T085500Z
DEU,Germany,ESA_EXP,E02,Intermediate consumption,ets,2031,6.382925859963123,0.6324809100439757,5.572368684734446,7.1934830351918,5.143286045589692,7.622565674336554,"ETS(M,N,N)",1991,2025,35,20260919T085500Z
DEU,Germany,ESA_EXP,E02,Intermediate consumption,prophet,2026,6.594631213147141,0.20962840469199095,6.325981511857311,6.863280914436972,6.183767086573408,7.005495339720875,Prophet(linear trend),1991,2025,35,20260919T085500Z
DEU,Germany,ESA_EXP,E02,Intermediate consumption,prophet,2027,6.697759977721339,0.20403877678314206,6.4362736752573495,6.9592462801853285,6.297851320622344,7.097668634820334,Prophet(linear trend),1991,2025,35,20260919T085500Z
DEU,Germany,ESA_EXP,E02,Intermediate consumption,prophet,2028,6.801171286856015,0.19813143667671024,6.547255547920103,7.055087025791926,6.412840803701383,7.189501770010646,Prophet(linear trend),1991,2025,35,20260919T085500Z
DEU,Germany,ESA_EXP,E02,Intermediate consumption,prophet,2029,6.904300051430212,0.19755653376933235,6.651121080465057,7.157479022395368,6.517096357277536,7.291503745582888,Prophet(linear trend),1991,2025,35,20260919T085500Z
DEU,Germany,ESA_EXP,E02,Intermediate consumption,prophet,2030,7.00742881600441,0.20161916519741396,6.749043371607334,7.265814260401486,6.612262510507426,7.402595121501394,Prophet(linear trend),1991,2025,35,20260919T085500Z
DEU,Germany,ESA_EXP,E02,Intermediate consumption,prophet,2031,7.110557580578607,0.20385185014414064,6.849310834322684,7.371804326834531,6.711015292962697,7.5100998681945175,Prophet(linear trend),1991,2025,35,20260919T085500Z
DEU,Germany,ESA_EXP,E02,Intermediate consumption,uc,2026,6.444764503609054,0.20903930687928082,6.176869761799298,6.71265924541881,6.035054987540711,6.854474019677397,UC(local linear trend + damped cycle),1991,2025,35,20260919T085500Z
DEU,Germany,ESA_EXP,E02,Intermediate consumption,uc,2027,6.511672809653473,0.2999430708083346,6.12728016737291,6.896065451934036,5.923795188819686,7.09955043048726,UC(local linear trend + damped cycle),1991,2025,35,20260919T085500Z
DEU,Germany,ESA_EXP,E02,Intermediate consumption,uc,2028,6.574648291432143,0.37263600901291366,6.0970958688096255,7.052200714054661,5.844295128663157,7.305001454201129,UC(local linear trend + damped cycle),1991,2025,35,20260919T085500Z
DEU,Germany,ESA_EXP,E02,Intermediate consumption,uc,2029,6.636549714992555,0.4363141987450491,6.0773903809624406,7.19570904902267,5.781389592763414,7.491709837221697,UC(local linear trend + damped cycle),1991,2025,35,20260919T085500Z
DEU,Germany,ESA_EXP,E02,Intermediate consumption,uc,2030,6.7023256986230715,0.4944225387569939,6.068697505233969,7.335953892012174,5.733275321870758,7.671376075375385,UC(local linear trend + damped cycle),1991,2025,35,20260919T085500Z
DEU,Germany,ESA_EXP,E02,Intermediate consumption,uc,2031,6.766087364069607,0.548813708839893,6.062754057878425,7.4694206702607895,5.690432252036935,7.841742476102279,UC(local linear trend + damped cycle),1991,2025,35,20260919T085500Z
DEU,Germany,ESA_EXP,E03,Social benefits other than social transfers in kind,auto.arima,2026,16.546642998397314,0.5552000114814818,15.835125313283198,17.25816068351143,15.458470963094022,17.634815033700605,"ARIMA(1, 0, 1)+drift",1991,2025,35,20260919T085500Z
DEU,Germany,ESA_EXP,E03,Social benefits other than social transfers in kind,auto.arima,2027,16.482159440678654,0.8700235697641879,15.36717899480022,17.597139886557088,14.776944564789357,18.18737431656795,"ARIMA(1, 0, 1)+drift",1991,2025,35,20260919T085500Z
DEU,Germany,ESA_EXP,E03,Social benefits other than social transfers in kind,auto.arima,2028,16.43849769142826,0.9811475859775161,15.181106040323602,17.69588934253292,14.515483744225424,18.361511638631097,"ARIMA(1, 0, 1)+drift",1991,2025,35,20260919T085500Z
DEU,Germany,ESA_EXP,E03,Social benefits other than social transfers in kind,auto.arima,2029,16.408934366837492,1.0280859941377891,15.09138870487822,17.726480028796765,14.393922829423214,18.42394590425177,"ARIMA(1, 0, 1)+drift",1991,2025,35,20260919T085500Z
DEU,Germany,ESA_EXP,E03,Social benefits other than social transfers in kind,auto.arima,2030,16.388917070786274,1.0489035033579586,15.044692688250876,17.73314145332167,14.333103964730796,18.44473017684175,"ARIMA(1, 0, 1)+drift",1991,2025,35,20260919T085500Z
DEU,Germany,ESA_EXP,E03,Social benefits other than social transfers in kind,auto.arima,2031,16.37536338063983,1.05831066636122,15.019083229543275,17.731643531736385,14.301112573755827,18.44961418752383,"ARIMA(1, 0, 1)+drift",1991,2025,35,20260919T085500Z
DEU,Germany,ESA_EXP,E03,Social benefits other than social transfers in kind,combination,2026,16.29974588654502,0.8382443588407316,15.22549215198396,17.373999621106076,14.656817120014104,17.942674653075933,mean of 4 + between-model variance,1991,2025,35,20260919T085500Z
DEU,Germany,ESA_EXP,E03,Social benefits other than social transfers in kind,combination,2027,16.228761570727844,1.015438506082402,14.92742432238093,17.53009881907476,14.238538654592555,18.218984486863132,mean of 4 + between-model variance,1991,2025,35,20260919T085500Z
DEU,Germany,ESA_EXP,E03,Social benefits other than social transfers in kind,combination,2028,16.20236460789547,1.123793754028644,14.762164474832552,17.642564740958385,13.999769306574471,18.404959909216466,mean of 4 + between-model variance,1991,2025,35,20260919T085500Z
DEU,Germany,ESA_EXP,E03,Social benefits other than social transfers in kind,combination,2029,16.221623841307974,1.2176220858316966,14.661177821966191,17.782069860649756,13.835128387472938,18.60811929514301,mean of 4 + between-model variance,1991,2025,35,20260919T085500Z
DEU,Germany,ESA_EXP,E03,Social benefits other than social transfers in kind,combination,2030,16.246539656804377,1.3395878934752972,14.529788112745322,17.96329120086343,13.620995610756959,18.872083702851793,mean of 4 + between-model variance,1991,2025,35,20260919T085500Z
DEU,Germany,ESA_EXP,E03,Social benefits other than social transfers in kind,combination,2031,16.25146405758992,1.4656209661854303,14.37319457713305,18.129733538046793,13.37889972622126,19.124028388958582,mean of 4 + between-model variance,1991,2025,35,20260919T085500Z
DEU,Germany,ESA_EXP,E03,Social benefits other than social transfers in kind,ets,2026,16.546032739451046,0.6244921878407103,15.745713527139408,17.346351951762685,15.322050533002017,17.770014945900076,"ETS(A,N,N)",1991,2025,35,20260919T085500Z
DEU,Germany,ESA_EXP,E03,Social benefits other than social transfers in kind,ets,2027,16.546032739451046,0.883121164478309,15.41426704487154,17.677798434030553,14.815147049435481,18.276918429466612,"ETS(A,N,N)",1991,2025,35,20260919T085500Z
DEU,Germany,ESA_EXP,E03,Social benefits other than social transfers in kind,ets,2028,16.546032739451046,1.081580089325322,15.159931612816,17.93213386608609,14.426174701256631,18.665890777645462,"ETS(A,N,N)",1991,2025,35,20260919T085500Z
DEU,Germany,ESA_EXP,E03,Social benefits other than social transfers in kind,ets,2029,16.546032739451046,1.248890703024255,14.945514361208906,18.146551117693186,14.098251921588815,18.993813557313278,"ETS(A,N,N)",1991,2025,35,20260919T085500Z
DEU,Germany,ESA_EXP,E03,Social benefits other than social transfers in kind,ets,2030,16.546032739451046,1.3962952719879365,14.756607741044363,18.33545773785773,13.809344272984482,19.28272120591761,"ETS(A,N,N)",1991,2025,35,20260919T085500Z
DEU,Germany,ESA_EXP,E03,Social benefits other than social transfers in kind,ets,2031,16.546032739451046,1.52955973569237,14.585822401055019,18.506243077847074,13.548150721644486,19.543914757257607,"ETS(A,N,N)",1991,2025,35,20260919T085500Z
DEU,Germany,ESA_EXP,E03,Social benefits other than social transfers in kind,prophet,2026,15.601423966928271,0.9434114584813289,14.392393125488606,16.810454808367936,13.752371471117371,17.45047646273917,Prophet(linear trend),1991,2025,35,20260919T085500Z
DEU,Germany,ESA_EXP,E03,Social benefits other than social transfers in kind,prophet,2027,15.554396620327694,0.964193464064499,14.318732558068907,16.790060682586482,13.664612141725982,17.444181098929405,Prophet(linear trend),1991,2025,35,20260919T085500Z
DEU,Germany,ESA_EXP,E03,Social benefits other than social transfers in kind,prophet,2028,15.507240431681632,0.9433892087640742,14.298238104411615,16.716242758951648,13.658231544515562,17.356249318847702,Prophet(linear trend),1991,2025,35,20260919T085500Z
DEU,Germany,ESA_EXP,E03,Social benefits other than social transfers in kind,prophet,2029,15.460213085081053,0.909538755317051,14.294591874126976,16.62583429603513,13.677549868054825,17.24287630210728,Prophet(linear trend),1991,2025,35,20260919T085500Z
DEU,Germany,ESA_EXP,E03,Social benefits other than social transfers in kind,prophet,2030,15.413185738480472,0.9397693321521088,14.208822471322271,16.617549005638672,13.571271679158297,17.255099797802647,Prophet(linear trend),1991,2025,35,20260919T085500Z
DEU,Germany,ESA_EXP,E03,Social benefits other than social transfers in kind,prophet,2031,15.366158391879893,0.8984279431808041,14.214776264440646,16.517540519319137,13.605271966651472,17.127044817108313,Prophet(linear trend),1991,2025,35,20260919T085500Z
DEU,Germany,ESA_EXP,E03,Social benefits other than social transfers in kind,uc,2026,16.504883841403434,0.5948818253806024,15.742511848323272,17.267255834483596,15.338936879403166,17.6708308034037,UC(local linear trend + damped cycle),1991,2025,35,20260919T085500Z
DEU,Germany,ESA_EXP,E03,Social benefits other than social transfers in kind,uc,2027,16.33245748245398,0.9041156976401439,15.173786201911858,17.4911287629961,14.560423263244411,18.104491701663544,UC(local linear trend + damped cycle),1991,2025,35,20260919T085500Z
DEU,Germany,ESA_EXP,E03,Social benefits other than social transfers in kind,uc,2028,16.317687569020933,1.0655431325828295,14.952138636373142,17.683236501668723,14.229261388711361,18.406113749330505,UC(local linear trend + damped cycle),1991,2025,35,20260919T085500Z
DEU,Germany,ESA_EXP,E03,Social benefits other than social transfers in kind,uc,2029,16.471315173862305,1.2013492437789783,14.931723647798867,18.01090669992574,14.116713904628284,18.825916443096325,UC(local linear trend + damped cycle),1991,2025,35,20260919T085500Z
DEU,Germany,ESA_EXP,E03,Social benefits other than social transfers in kind,uc,2030,16.638023078499714,1.402867365141227,14.840175600968244,18.435870556031183,13.888453546048055,19.387592610951373,UC(local linear trend + damped cycle),1991,2025,35,20260919T085500Z
DEU,Germany,ESA_EXP,E03,Social benefits other than social transfers in kind,uc,2031,16.71830171838891,1.689279436208534,14.553402278356993,18.88320115842083,13.407374837479889,20.029228599297934,UC(local linear trend + damped cycle),1991,2025,35,20260919T085500Z
DEU,Germany,ESA_EXP,E04,Social transfers in kind (purchased market production),auto.arima,2026,9.24194625378486,0.21970469011555072,8.960383268757896,9.523509238811824,8.811332970527225,9.672559537042495,"ARIMA(0, 1, 0)+drift",1991,2025,35,20260919T085500Z
DEU,Germany,ESA_EXP,E04,Social transfers in kind (purchased market production),auto.arima,2027,9.32538150756972,0.3107093524783899,8.927191315482334,9.723571699657105,8.716402362248765,9.934360652890675,"ARIMA(0, 1, 0)+drift",1991,2025,35,20260919T085500Z
DEU,Germany,ESA_EXP,E04,Social transfers in kind (purchased market production),auto.arima,2028,9.40881676135458,0.38053968594130966,8.921135365757122,9.896498156952036,8.662972676338306,10.154660846370852,"ARIMA(0, 1, 0)+drift",1991,2025,35,20260919T085500Z
DEU,Germany,ESA_EXP,E04,Social transfers in kind (purchased market production),auto.arima,2029,9.492252015139439,0.43940938023110143,8.92912604508551,10.055377985193367,8.631025448624168,10.35347858165471,"ARIMA(0, 1, 0)+drift",1991,2025,35,20260919T085500Z
DEU,Germany,ESA_EXP,E04,Social transfers in kind (purchased market production),auto.arima,2030,9.575687268924298,0.49127462207389794,8.94609329445625,10.205281243392346,8.612806695545853,10.538567842302744,"ARIMA(0, 1, 0)+drift",1991,2025,35,20260919T085500Z
DEU,Germany,ESA_EXP,E04,Social transfers in kind (purchased market production),auto.arima,2031,9.659122522709158,0.5381643848793988,8.969436878938195,10.34880816648012,8.604339702263392,10.713905343154924,"ARIMA(0, 1, 0)+drift",1991,2025,35,20260919T085500Z
DEU,Germany,ESA_EXP,E04,Social transfers in kind (purchased market production),combination,2026,9.178685870975144,0.26152428045337617,8.843528906311558,9.51384283563873,8.666107696160623,9.691264045789666,mean of 4 + between-model variance,1991,2025,35,20260919T085500Z
DEU,Germany,ESA_EXP,E04,Social transfers in kind (purchased market production),combination,2027,9.238054650070227,0.3269647657863278,8.819032300547226,9.657076999593228,8.597215479860592,9.878893820279862,mean of 4 + between-model variance,1991,2025,35,20260919T085500Z
DEU,Germany,ESA_EXP,E04,Social transfers in kind (purchased market production),combination,2028,9.310061094562174,0.37502361070065077,8.829448836221534,9.790673352902814,8.575028318438884,10.045093870685465,mean of 4 + between-model variance,1991,2025,35,20260919T085500Z
DEU,Germany,ESA_EXP,E04,Social transfers in kind (purchased market production),combination,2029,9.401801428937993,0.4116950110436937,8.874192864144925,9.929409993731062,8.594894028312751,10.208708829563236,mean of 4 + between-model variance,1991,2025,35,20260919T085500Z
DEU,Germany,ESA_EXP,E04,Social transfers in kind (purchased market production),combination,2030,9.500389291617207,0.44227054115581826,8.933596595057885,10.067181988176529,8.633554952691284,10.36722363054313,mean of 4 + between-model variance,1991,2025,35,20260919T085500Z
DEU,Germany,ESA_EXP,E04,Social transfers in kind (purchased market production),combination,2031,9.593831061261973,0.49231633882770837,8.962902072604646,10.2247600499193,8.628908760547862,10.558753361976084,mean of 4 + between-model variance,1991,2025,35,20260919T085500Z
DEU,Germany,ESA_EXP,E04,Social transfers in kind (purchased market production),ets,2026,9.247653473192612,0.278294869214967,8.891004126960432,9.604302819424792,8.70220554814657,9.793101398238655,"ETS(M,A,N)",1991,2025,35,20260919T085500Z
DEU,Germany,ESA_EXP,E04,Social transfers in kind (purchased market production),ets,2027,9.33682165473229,0.3753923511440882,8.855736836338881,9.8179064731257,8.601066160614518,10.072577148850062,"ETS(M,A,N)",1991,2025,35,20260919T085500Z
DEU,Germany,ESA_EXP,E04,Social transfers in kind (purchased market production),ets,2028,9.425989836271969,0.46018355389632315,8.836240682409027,10.01573899013491,8.524046637243115,10.327933035300822,"ETS(M,A,N)",1991,2025,35,20260919T085500Z
DEU,Germany,ESA_EXP,E04,Social transfers in kind (purchased market production),ets,2029,9.515158017811647,0.513332240617074,8.857296058184355,10.173019977438939,8.509045306162843,10.52127072946045,"ETS(M,A,N)",1991,2025,35,20260919T085500Z
DEU,Germany,ESA_EXP,E04,Social transfers in kind (purchased market production),ets,2030,9.604326199351325,0.5532551761507222,8.895300921845015,10.313351476857635,8.51996597128225,10.6886864274204,"ETS(M,A,N)",1991,2025,35,20260919T085500Z
DEU,Germany,ESA_EXP,E04,Social transfers in kind (purchased market production),ets,2031,9.693494380891003,0.6410117914217383,8.872004437570892,10.514984324211115,8.437134346128888,10.94985441565312,"ETS(M,A,N)",1991,2025,35,20260919T085500Z
DEU,Germany,ESA_EXP,E04,Social transfers in kind (purchased market production),prophet,2026,8.99160725015625,0.20464461794270797,8.729344530742537,9.253869969569962,8.590511166194787,9.392703334117712,Prophet(linear trend),1991,2025,35,20260919T085500Z
DEU,Germany,ESA_EXP,E04,Social transfers in kind (purchased market production),prophet,2027,9.076352853981241,0.22490707859090253,8.788122737598913,9.36458297036357,8.635543076597902,9.517162631364581,Prophet(linear trend),1991,2025,35,20260919T085500Z
DEU,Germany,ESA_EXP,E04,Social transfers in kind (purchased market production),prophet,2028,9.161330637542742,0.20444810087498821,8.8993197649702,9.423341510115284,8.760619719959397,9.562041555126086,Prophet(linear trend),1991,2025,35,20260919T085500Z
DEU,Germany,ESA_EXP,E04,Social transfers in kind (purchased market production),prophet,2029,9.246076241367733,0.21843001688357275,8.966146816370557,9.52600566636491,8.817961271756538,9.674191210978929,Prophet(linear trend),1991,2025,35,20260919T085500Z
DEU,Germany,ESA_EXP,E04,Social transfers in kind (purchased market production),prophet,2030,9.330821845192725,0.21233990076620496,9.058697220685993,9.602946469699457,8.91464328392739,9.74700040645806,Prophet(linear trend),1991,2025,35,20260919T085500Z
DEU,Germany,ESA_EXP,E04,Social transfers in kind (purchased market production),prophet,2031,9.415567449017717,0.21442253383231274,9.140773821939849,9.690361076095584,8.995307001917602,9.83582789611783,Prophet(linear trend),1991,2025,35,20260919T085500Z
DEU,Germany,ESA_EXP,E04,Social transfers in kind (purchased market production),uc,2026,9.233536506766857,0.20887391871511993,8.965853718489658,9.501219295044056,8.824151145546296,9.642921867987418,UC(local linear trend + damped cycle),1991,2025,35,20260919T085500Z
DEU,Germany,ESA_EXP,E04,Social transfers in kind (purchased market production),uc,2027,9.213662583997657,0.28416507981403705,8.849490257631818,9.577834910363496,8.656709257505018,9.770615910490296,UC(local linear trend + damped cycle),1991,2025,35,20260919T085500Z
DEU,Germany,ESA_EXP,E04,Social transfers in kind (purchased market production),uc,2028,9.244107143079411,0.3130101424473196,8.842968369005764,9.645245917153058,8.630618532247793,9.85759575391103,UC(local linear trend + damped cycle),1991,2025,35,20260919T085500Z
DEU,Germany,ESA_EXP,E04,Social transfers in kind (purchased market production),uc,2029,9.353719441433153,0.3319807449787796,8.928268853744108,9.779170029122199,8.703049132581564,10.004389750284743,UC(local linear trend + damped cycle),1991,2025,35,20260919T085500Z
DEU,Germany,ESA_EXP,E04,Social transfers in kind (purchased market production),uc,2030,9.490721853000476,0.3598013192934283,9.029617752657344,9.951825953343608,8.785524220032851,10.195919485968101,UC(local linear trend + damped cycle),1991,2025,35,20260919T085500Z
DEU,Germany,ESA_EXP,E04,Social transfers in kind (purchased market production),uc,2031,9.607139892430013,0.40183712470484284,9.092164721590272,10.122115063269753,8.81955359414501,10.394726190715016,UC(local linear trend + damped cycle),1991,2025,35,20260919T085500Z
DEU,Germany,ESA_EXP,E06,Subsidies,auto.arima,2026,1.3285940406654526,0.3396121119842522,0.8933634593278102,1.7638246220030949,0.6629665272123497,1.9942215541185555,"ARIMA(1, 0, 0)+drift",1991,2025,35,20260919T085500Z
DEU,Germany,ESA_EXP,E06,Subsidies,auto.arima,2027,1.410552275721697,0.39395930327011136,0.9056729426972793,1.9154316087461147,0.6384062238471965,2.1826983275961975,"ARIMA(1, 0, 0)+drift",1991,2025,35,20260919T085500Z
DEU,Germany,ESA_EXP,E06,Subsidies,auto.arima,2028,1.4587380874019344,0.411077458280797,0.9319209485872625,1.9855552262166065,0.6530410679600704,2.2644351068437985,"ARIMA(1, 0, 0)+drift",1991,2025,35,20260919T085500Z
DEU,Germany,ESA_EXP,E06,Subsidies,auto.arima,2029,1.4870680343034253,0.4168311084688095,0.9528772935830055,2.021258775023845,0.6700940676244636,2.304042000982387,"ARIMA(1, 0, 0)+drift",1991,2025,35,20260919T085500Z
DEU,Germany,ESA_EXP,E06,Subsidies,auto.arima,2030,1.5037240968134287,0.418801550163299,0.9670081325985525,2.040440061028305,0.6828881353491685,2.324560058277689,"ARIMA(1, 0, 0)+drift",1991,2025,35,20260919T085500Z
DEU,Germany,ESA_EXP,E06,Subsidies,auto.arima,2031,1.5135167172973922,0.41948050671941256,0.9759306349501157,2.051102799644669,0.6913500254255855,2.335683409169199,"ARIMA(1, 0, 0)+drift",1991,2025,35,20260919T085500Z
DEU,Germany,ESA_EXP,E06,Subsidies,combination,2026,1.4201196823808269,0.4124304515961963,0.8915686122768183,1.9486707524848355,0.6117708447485396,2.2284685200131142,mean of 4 + between-model variance,1991,2025,35,20260919T085500Z
DEU,Germany,ESA_EXP,E06,Subsidies,combination,2027,1.316398836550856,0.43841892148306255,0.7545421908863943,1.878255482215318,0.4571135335252269,2.1756841395764854,mean of 4 + between-model variance,1991,2025,35,20260919T085500Z
DEU,Germany,ESA_EXP,E06,Subsidies,combination,2028,1.334912773773183,0.48711520072539205,0.7106493140531553,1.9591762334932106,0.3801845164986406,2.2896410310477253,mean of 4 + between-model variance,1991,2025,35,20260919T085500Z
DEU,Germany,ESA_EXP,E06,Subsidies,combination,2029,1.4410155149040687,0.5561418468209245,0.7282908188270192,2.153740210981118,0.3509975162415422,2.5310335135665953,mean of 4 + between-model variance,1991,2025,35,20260919T085500Z
DEU,Germany,ESA_EXP,E06,Subsidies,combination,2030,1.3011791453122459,0.5996252677238828,0.5327281842101684,2.069630106414323,0.1259352070830737,2.476423083541418,mean of 4 + between-model variance,1991,2025,35,20260919T085500Z
DEU,Germany,ESA_EXP,E06,Subsidies,combination,2031,1.362113952940171,0.6137521118699175,0.5755587064690544,2.1486691994112874,0.1591819087511599,2.565045997129182,mean of 4 + between-model variance,1991,2025,35,20260919T085500Z
DEU,Germany,ESA_EXP,E06,Subsidies,ets,2026,1.196575064789756,0.26340483242977514,0.8590080749797128,1.534142054599799,0.6803110758013642,1.7128390537781477,"ETS(M,N,N)",1991,2025,35,20260919T085500Z
DEU,Germany,ESA_EXP,E06,Subsidies,ets,2027,1.196575064789756,0.34897917961829394,0.7493400991915721,1.64381003038794,0.512588435988366,1.880561693591146,"ETS(M,N,N)",1991,2025,35,20260919T085500Z
DEU,Germany,ESA_EXP,E06,Subsidies,ets,2028,1.196575064789756,0.44033825242760816,0.6322586967146498,1.7608914328648622,0.3335279422087314,2.0596221873707803,"ETS(M,N,N)",1991,2025,35,20260919T085500Z
DEU,Germany,ESA_EXP,E06,Subsidies,ets,2029,1.196575064789756,0.5079075917536985,0.5456650747626202,1.8474850548168917,0.20109446962581,2.1920556599537018,"ETS(M,N,N)",1991,2025,35,20260919T085500Z
DEU,Germany,ESA_EXP,E06,Subsidies,ets,2030,1.196575064789756,0.5546712574580704,0.4857350054518509,1.907415124127661,0.10943936833720636,2.2837107612423058,"ETS(M,N,N)",1991,2025,35,20260919T085500Z
DEU,Germany,ESA_EXP,E06,Subsidies,ets,2031,1.196575064789756,0.5775212811301423,0.4564515119148598,1.9366986176646521,0.06465414454079754,2.3284959850387144,"ETS(M,N,N)",1991,2025,35,20260919T085500Z
DEU,Germany,ESA_EXP,E06,Subsidies,prophet,2026,1.4544164121875862,0.4083155411820738,0.9311388137546172,1.9776940106205552,0.6541326508302041,2.2547001735449683,Prophet(linear trend),1991,2025,35,20260919T085500Z
DEU,Germany,ESA_EXP,E06,Subsidies,prophet,2027,1.4507772949834845,0.4146572811870981,0.9193724269635966,1.9821821630033725,0.638063951518895,2.263490638448074,Prophet(linear trend),1991,2025,35,20260919T085500Z
DEU,Germany,ESA_EXP,E06,Subsidies,prophet,2028,1.4471282075952618,0.40300755568245955,0.9306530685952944,1.9636033465952294,0.6572479067296457,2.237008508460878,Prophet(linear trend),1991,2025,35,20260919T085500Z
DEU,Germany,ESA_EXP,E06,Subsidies,prophet,2029,1.4434890903911601,0.39295734943820404,0.9398938133039308,1.9470843674783893,0.67330683195686,2.2136713488254602,Prophet(linear trend),1991,2025,35,20260919T085500Z
DEU,Germany,ESA_EXP,E06,Subsidies,prophet,2030,1.4398499731870584,0.39828750525998313,0.9294238242461165,1.9502761221280003,0.6592208012276808,2.2204791451464363,Prophet(linear trend),1991,2025,35,20260919T085500Z
DEU,Germany,ESA_EXP,E06,Subsidies,prophet,2031,1.4362108559829565,0.4021913964437133,0.9207816674877228,1.9516400444781903,0.6479301978435503,2.224491514122363,Prophet(linear trend),1991,2025,35,20260919T085500Z
DEU,Germany,ESA_EXP,E06,Subsidies,uc,2026,1.700893211880513,0.380100683818731,1.2137744203312506,2.188012003429775,0.9559095552204175,2.4458768685406085,UC(local linear trend + damped cycle),1991,2025,35,20260919T085500Z
DEU,Germany,ESA_EXP,E06,Subsidies,uc,2027,1.2076907107084873,0.49911591583554754,0.5680477105376097,1.847333710879365,0.22944148384378416,2.1859399375731905,UC(local linear trend + damped cycle),1991,2025,35,20260919T085500Z
DEU,Germany,ESA_EXP,E06,Subsidies,uc,2028,1.2372097353057798,0.5902115796915219,0.4808229049289505,1.9935965656826091,0.08041628672726575,2.394003183884294,UC(local linear trend + damped cycle),1991,2025,35,20260919T085500Z
DEU,Germany,ESA_EXP,E06,Subsidies,uc,2029,1.636929870131933,0.7192777952748642,0.7151379730418402,2.5587217672220257,0.22717128539382903,3.0466884548700373,UC(local linear trend + damped cycle),1991,2025,35,20260919T085500Z
DEU,Germany,ESA_EXP,E06,Subsidies,uc,2030,1.0645674464587402,0.7917948473047581,0.049841176305632784,2.079293716611848,-0.4873219496440828,2.616456842561563,UC(local linear trend + damped cycle),1991,2025,35,20260919T085500Z
DEU,Germany,ESA_EXP,E06,Subsidies,uc,2031,1.3021531736905791,0.869654271576682,0.18764600264293918,2.416660344738219,-0.40233789104594075,3.006644238427099,UC(local linear trend + damped cycle),1991,2025,35,20260919T085500Z
DEU,Germany,ESA_EXP,E07,Other current expenditure,auto.arima,2026,2.0957741765048405,0.16327506283957696,1.886528693172655,2.305019659837026,1.775760931241532,2.415787421768149,"ARIMA(1, 0, 0)+drift",1991,2025,35,20260919T085500Z
DEU,Germany,ESA_EXP,E07,Other current expenditure,auto.arima,2027,2.0849322687341423,0.20104921329223774,1.8272772473410483,2.342587290127236,1.6908830484530348,2.4789814890152497,"ARIMA(1, 0, 0)+drift",1991,2025,35,20260919T085500Z
DEU,Germany,ESA_EXP,E07,Other current expenditure,auto.arima,2028,2.0771424516997654,0.21800266457260475,1.7977607009114147,2.3565242024881163,1.6498650772333847,2.504419826166146,"ARIMA(1, 0, 0)+drift",1991,2025,35,20260919T085500Z
DEU,Germany,ESA_EXP,E07,Other current expenditure,auto.arima,2029,2.071545535482394,0.2262579332851545,1.7815842285649377,2.36150684239985,1.6280881315290894,2.5150029394356985,"ARIMA(1, 0, 0)+drift",1991,2025,35,20260919T085500Z
DEU,Germany,ESA_EXP,E07,Other current expenditure,auto.arima,2030,2.0675241995503644,0.23040382035587478,1.7722497227656524,2.3627986763350766,1.6159410061903827,2.519107392910346,"ARIMA(1, 0, 0)+drift",1991,2025,35,20260919T085500Z
DEU,Germany,ESA_EXP,E07,Other current expenditure,auto.arima,2031,2.0646349044367374,0.23251512184264295,1.7666546850090545,2.36261512386442,1.6089136361695435,2.520356172703931,"ARIMA(1, 0, 0)+drift",1991,2025,35,20260919T085500Z
DEU,Germany,ESA_EXP,E07,Other current expenditure,combination,2026,2.1459268607244035,0.18536889546495489,1.9083669820034996,2.383486739445307,1.7826104988933287,2.5092432225554786,mean of 4 + between-model variance,1991,2025,35,20260919T085500Z
DEU,Germany,ESA_EXP,E07,Other current expenditure,combination,2027,2.1466783128855353,0.22145770566080408,1.8628687472805205,2.43048787849055,1.712629182267763,2.5807274435033074,mean of 4 + between-model variance,1991,2025,35,20260919T085500Z
DEU,Germany,ESA_EXP,E07,Other current expenditure,combination,2028,2.1482059156721816,0.25058471405121985,1.8270685742104127,2.4693432571339504,1.6570688971814964,2.6393429341628667,mean of 4 + between-model variance,1991,2025,35,20260919T085500Z
DEU,Germany,ESA_EXP,E07,Other current expenditure,combination,2029,2.1502660094961166,0.2767781483658909,1.7955604199015123,2.504971599090721,1.6077908027123116,2.692741216279922,mean of 4 + between-model variance,1991,2025,35,20260919T085500Z
DEU,Germany,ESA_EXP,E07,Other current expenditure,combination,2030,2.1527217611414766,0.3019135929910944,1.7658037922165537,2.5396397300663995,1.5609819877682793,2.7444615345146737,mean of 4 + between-model variance,1991,2025,35,20260919T085500Z
DEU,Germany,ESA_EXP,E07,Other current expenditure,combination,2031,2.1554612050374717,0.3233551599371848,1.7410647531096526,2.569857656965291,1.5216967323463473,2.789225677728596,mean of 4 + between-model variance,1991,2025,35,20260919T085500Z
DEU,Germany,ESA_EXP,E07,Other current expenditure,ets,2026,2.108216754675849,0.15387063987903074,1.9110235283975974,2.3054099809541007,1.8066358398559843,2.4097976694957137,"ETS(M,N,N)",1991,2025,35,20260919T085500Z
DEU,Germany,ESA_EXP,E07,Other current expenditure,ets,2027,2.108216754675849,0.19369956258953033,1.8599806928401112,2.356452816511587,1.7285725851846228,2.4878609241670753,"ETS(M,N,N)",1991,2025,35,20260919T085500Z
DEU,Germany,ESA_EXP,E07,Other current expenditure,ets,2028,2.108216754675849,0.23630982711592938,1.8053734231157754,2.4110600862359224,1.6450580006824036,2.5713755086692944,"ETS(M,N,N)",1991,2025,35,20260919T085500Z
DEU,Germany,ESA_EXP,E07,Other current expenditure,ets,2029,2.108216754675849,0.2708530988223103,1.7611044241739195,2.4553290851777785,1.5773544316956785,2.6390790776560196,"ETS(M,N,N)",1991,2025,35,20260919T085500Z
DEU,Germany,ESA_EXP,E07,Other current expenditure,ets,2030,2.108216754675849,0.30889783188503833,1.7123481204279143,2.5040853889237837,1.5027881245031218,2.713645384848576,"ETS(M,N,N)",1991,2025,35,20260919T085500Z
DEU,Germany,ESA_EXP,E07,Other current expenditure,ets,2031,2.108216754675849,0.33138682494726013,1.6835273063910379,2.5329062029606604,1.4587105077049172,2.757723001646781,"ETS(M,N,N)",1991,2025,35,20260919T085500Z
DEU,Germany,ESA_EXP,E07,Other current expenditure,prophet,2026,2.275872533211782,0.16983657758574416,2.058218127533616,2.4935269388899477,1.9429989552605165,2.6087461111630477,Prophet(linear trend),1991,2025,35,20260919T085500Z
DEU,Germany,ESA_EXP,E07,Other current expenditure,prophet,2027,2.2940518585916885,0.17558992873518645,2.069024234241253,2.519079482942124,1.9499019195081575,2.6382017976752197,Prophet(linear trend),1991,2025,35,20260919T085500Z
DEU,Germany,ESA_EXP,E07,Other current expenditure,prophet,2028,2.312280990342499,0.17171393694129056,2.0922206510275143,2.5323413296574837,1.9757278556392994,2.6488341250456986,Prophet(linear trend),1991,2025,35,20260919T085500Z
DEU,Germany,ESA_EXP,E07,Other current expenditure,prophet,2029,2.3304603157224055,0.1759065942124106,2.1050268680963025,2.5558937633485086,1.9856897237034725,2.6752309077413385,Prophet(linear trend),1991,2025,35,20260919T085500Z
DEU,Germany,ESA_EXP,E07,Other current expenditure,prophet,2030,2.3486396411023116,0.17564175155094555,2.123545603118694,2.573733679085929,2.004388131165514,2.692891151039109,Prophet(linear trend),1991,2025,35,20260919T085500Z
DEU,Germany,ESA_EXP,E07,Other current expenditure,prophet,2031,2.366818966482218,0.18174625481656417,2.133901690129541,2.5997362428348954,2.0106028499069257,2.7230350830575105,Prophet(linear trend),1991,2025,35,20260919T085500Z
DEU,Germany,ESA_EXP,E07,Other current expenditure,uc,2026,2.1038439785051435,0.16775440113422982,1.888857990222769,2.318829966787518,1.7750513914404937,2.4326365655697932,UC(local linear trend + damped cycle),1991,2025,35,20260919T085500Z
DEU,Germany,ESA_EXP,E07,Other current expenditure,uc,2027,2.0995123695404616,0.22004846507446682,1.8175088190273485,2.381515920053575,1.6682252997392493,2.5307994393416737,UC(local linear trend + damped cycle),1991,2025,35,20260919T085500Z
DEU,Germany,ESA_EXP,E07,Other current expenditure,uc,2028,2.095183465970613,0.264214706428628,1.7565785805175917,2.433788351423634,1.5773321530999334,2.613034778841292,UC(local linear trend + damped cycle),1991,2025,35,20260919T085500Z
DEU,Germany,ESA_EXP,E07,Other current expenditure,uc,2029,2.0908414321038182,0.3038184138185088,1.7014823362378806,2.480200527969756,1.4953682784824385,2.686314585725198,UC(local linear trend + damped cycle),1991,2025,35,20260919T085500Z
DEU,Germany,ESA_EXP,E07,Other current expenditure,uc,2030,2.086506449237382,0.3404555530042793,1.6501949543736418,2.522817944101122,1.4192258217489027,2.753787076725861,UC(local linear trend + damped cycle),1991,2025,35,20260919T085500Z
DEU,Germany,ESA_EXP,E07,Other current expenditure,uc,2031,2.0821741945550825,0.37499684637671404,1.6015962360873117,2.562752153022853,1.3471938755431925,2.8171545135669724,UC(local linear trend + damped cycle),1991,2025,35,20260919T085500Z
DEU,Germany,ESA_EXP,E08,Gross capital formation and net acquisition of non-produced assets,auto.arima,2026,3.143460816666873,0.14778139125222695,2.954071279144799,3.3328503541889467,2.853814609942593,3.4331070233911527,"ARIMA(1, 0, 0)+drift",1991,2025,35,20260919T085500Z
DEU,Germany,ESA_EXP,E08,Gross capital formation and net acquisition of non-produced assets,auto.arima,2027,3.1070791296620284,0.19934490635085197,2.8516082662382813,3.3625499930857754,2.716370289630987,3.4977879696930696,"ARIMA(1, 0, 0)+drift",1991,2025,35,20260919T085500Z
DEU,Germany,ESA_EXP,E08,Gross capital formation and net acquisition of non-produced assets,auto.arima,2028,3.0741425802565514,0.233255373025551,2.7752136904449105,3.3730714700681923,2.6169704463199004,3.5313147141932024,"ARIMA(1, 0, 0)+drift",1991,2025,35,20260919T085500Z
DEU,Germany,ESA_EXP,E08,Gross capital formation and net acquisition of non-produced assets,auto.arima,2029,3.044324933631342,0.25774215888800395,2.714014954424103,3.374634912838581,2.5391595809285743,3.54949028633411,"ARIMA(1, 0, 0)+drift",1991,2025,35,20260919T085500Z
DEU,Germany,ESA_EXP,E08,Gross capital formation and net acquisition of non-produced assets,auto.arima,2030,3.0173308475380973,0.2761969810728478,2.663370054050227,3.3712916410259677,2.475994707726634,3.5586669873495604,"ARIMA(1, 0, 0)+drift",1991,2025,35,20260919T085500Z
DEU,Germany,ESA_EXP,E08,Gross capital formation and net acquisition of non-produced assets,auto.arima,2031,2.99289294694961,0.2904491264330522,2.620667288071079,3.3651186058281413,2.4236231153093795,3.562162778589841,"ARIMA(1, 0, 0)+drift",1991,2025,35,20260919T085500Z
DEU,Germany,ESA_EXP,E08,Gross capital formation and net acquisition of non-produced assets,combination,2026,3.1253937948235815,0.22698502869314838,2.8345006773318198,3.416286912315343,2.6805113100460436,3.5702762796011194,mean of 4 + between-model variance,1991,2025,35,20260919T085500Z
DEU,Germany,ESA_EXP,E08,Gross capital formation and net acquisition of non-produced assets,combination,2027,3.137010549362231,0.26406008916026136,2.7986038139787195,3.4754172847457423,2.6194622807713284,3.6545588179531334,mean of 4 + between-model variance,1991,2025,35,20260919T085500Z
DEU,Germany,ESA_EXP,E08,Gross capital formation and net acquisition of non-produced assets,combination,2028,3.1535855775760484,0.3076870924018285,2.7592685689343,3.5479025862177966,2.550529953203791,3.7566412019483058,mean of 4 + between-model variance,1991,2025,35,20260919T085500Z
DEU,Germany,ESA_EXP,E08,Gross capital formation and net acquisition of non-produced assets,combination,2029,3.179784417785118,0.3638019662587521,2.7135532803222815,3.646015555247954,2.466745660788749,3.8928231747814865,mean of 4 + between-model variance,1991,2025,35,20260919T085500Z
DEU,Germany,ESA_EXP,E08,Gross capital formation and net acquisition of non-produced assets,combination,2030,3.1979125484670394,0.4115802258629218,2.67045108685196,3.7253740100821187,2.3912301226638437,4.004594974270235,mean of 4 + between-model variance,1991,2025,35,20260919T085500Z
DEU,Germany,ESA_EXP,E08,Gross capital formation and net acquisition of non-produced assets,combination,2031,3.213722542476401,0.4557624490337953,2.6296392643922424,3.7978058205605594,2.320444549818327,4.107000535134475,mean of 4 + between-model variance,1991,2025,35,20260919T085500Z
DEU,Germany,ESA_EXP,E08,Gross capital formation and net acquisition of non-produced assets,ets,2026,3.1836291177554674,0.1491969678712834,2.9924254451860883,3.3748327903248465,2.8912084318185953,3.4760498036923395,"ETS(A,N,N)",1991,2025,35,20260919T085500Z
DEU,Germany,ESA_EXP,E08,Gross capital formation and net acquisition of non-produced assets,ets,2027,3.1836291177554674,0.2109858258734989,2.913239810635633,3.4540184248753016,2.770104494533141,3.597153740977794,"ETS(A,N,N)",1991,2025,35,20260919T085500Z
DEU,Germany,ESA_EXP,E08,Gross capital formation and net acquisition of non-produced assets,ets,2028,3.1836291177554674,0.25839950119352034,2.852476720201909,3.514781515309026,2.6771753977982105,3.6900828377127244,"ETS(A,N,N)",1991,2025,35,20260919T085500Z
DEU,Germany,ESA_EXP,E08,Gross capital formation and net acquisition of non-produced assets,ets,2029,3.1836291177554674,0.29837155647715125,2.8012504528090614,3.5660077827018735,2.598831608436284,3.7684266270746507,"ETS(A,N,N)",1991,2025,35,20260919T085500Z
DEU,Germany,ESA_EXP,E08,Gross capital formation and net acquisition of non-produced assets,ets,2030,3.1836291177554674,0.3335878732989787,2.756118911553415,3.61113932395752,2.529808895252908,3.837449340258027,"ETS(A,N,N)",1991,2025,35,20260919T085500Z
DEU,Germany,ESA_EXP,E08,Gross capital formation and net acquisition of non-produced assets,ets,2031,3.1836291177554674,0.3654259880053322,2.715316711975258,3.651941523535677,2.4674073366005844,3.8998508989103504,"ETS(A,N,N)",1991,2025,35,20260919T085500Z
DEU,Germany,ESA_EXP,E08,Gross capital formation and net acquisition of non-produced assets,prophet,2026,2.8894238492380193,0.1701753360420416,2.6713353069826686,3.10751239149337,2.5558863169077153,3.2229613815683233,Prophet(linear trend),1991,2025,35,20260919T085500Z
DEU,Germany,ESA_EXP,E08,Gross capital formation and net acquisition of non-produced assets,prophet,2027,2.920523238302354,0.16859954262124552,2.7044541572570115,3.1365923193476966,2.590074204348247,3.250972272256461,Prophet(linear trend),1991,2025,35,20260919T085500Z
DEU,Germany,ESA_EXP,E08,Gross capital formation and net acquisition of non-produced assets,prophet,2028,2.9517078311723446,0.1696259765362327,2.7343233216903826,3.1690923406543066,2.6192470236964835,3.2841686386482056,Prophet(linear trend),1991,2025,35,20260919T085500Z
DEU,Germany,ESA_EXP,E08,Gross capital formation and net acquisition of non-produced assets,prophet,2029,2.9828072202366798,0.1731136771567658,2.7609530410490724,3.204661399424287,2.6435106451017965,3.322103795371563,Prophet(linear trend),1991,2025,35,20260919T085500Z
DEU,Germany,ESA_EXP,E08,Gross capital formation and net acquisition of non-produced assets,prophet,2030,3.0139066093010145,0.18104716503737758,2.781885252853033,3.245927965748996,2.659060683525696,3.368752535076333,Prophet(linear trend),1991,2025,35,20260919T085500Z
DEU,Germany,ESA_EXP,E08,Gross capital formation and net acquisition of non-produced assets,prophet,2031,3.0450059983653497,0.1826925490496757,2.8108759967456396,3.27913599998506,2.686935179159751,3.4030768175709483,Prophet(linear trend),1991,2025,35,20260919T085500Z
DEU,Germany,ESA_EXP,E08,Gross capital formation and net acquisition of non-produced assets,uc,2026,3.2850613956339654,0.14085094629636502,3.1045535837059663,3.4655692075619644,3.0089986115271565,3.561124179740774,UC(local linear trend + damped cycle),1991,2025,35,20260919T085500Z
DEU,Germany,ESA_EXP,E08,Gross capital formation and net acquisition of non-produced assets,uc,2027,3.3368107117290737,0.21546148423383138,3.0606856156862388,3.6129358077719087,2.9145139592441964,3.759107464213951,UC(local linear trend + damped cycle),1991,2025,35,20260919T085500Z
DEU,Germany,ESA_EXP,E08,Gross capital formation and net acquisition of non-produced assets,uc,2028,3.4048627811198298,0.2838823029942053,3.041052847953,3.7686727142866596,2.848463687014095,3.9612618752255644,UC(local linear trend + damped cycle),1991,2025,35,20260919T085500Z
DEU,Germany,ESA_EXP,E08,Gross capital formation and net acquisition of non-produced assets,uc,2029,3.508376399516981,0.35185250324993905,3.057459120272015,3.959293678761947,2.8187581598372176,4.197994639196745,UC(local linear trend + damped cycle),1991,2025,35,20260919T085500Z
DEU,Germany,ESA_EXP,E08,Gross capital formation and net acquisition of non-produced assets,uc,2030,3.576783619273578,0.42066901917129346,3.0376743964165684,4.115892842130587,2.7522874857825332,4.401279752764623,UC(local linear trend + damped cycle),1991,2025,35,20260919T085500Z
DEU,Germany,ESA_EXP,E08,Gross capital formation and net acquisition of non-produced assets,uc,2031,3.6333621068351767,0.49053604382503907,3.0047146587991103,4.262009554871243,2.671929120235678,4.5947950934346755,UC(local linear trend + damped cycle),1991,2025,35,20260919T085500Z
DEU,Germany,ESA_EXP,E09,Capital transfers payable,auto.arima,2026,1.566197857142857,1.1406107938926855,0.10444581300809808,3.0279499012776157,-0.6693582368982267,3.8017539511839407,"ARIMA(0, 0, 0)+drift",1991,2025,35,20260919T085500Z
DEU,Germany,ESA_EXP,E09,Capital transfers payable,auto.arima,2027,1.566197857142857,1.1406107938926855,0.10444581300809808,3.0279499012776157,-0.6693582368982267,3.8017539511839407,"ARIMA(0, 0, 0)+drift",1991,2025,35,20260919T085500Z
DEU,Germany,ESA_EXP,E09,Capital transfers payable,auto.arima,2028,1.566197857142857,1.1406107938926855,0.10444581300809808,3.0279499012776157,-0.6693582368982267,3.8017539511839407,"ARIMA(0, 0, 0)+drift",1991,2025,35,20260919T085500Z
DEU,Germany,ESA_EXP,E09,Capital transfers payable,auto.arima,2029,1.566197857142857,1.1406107938926855,0.10444581300809808,3.0279499012776157,-0.6693582368982267,3.8017539511839407,"ARIMA(0, 0, 0)+drift",1991,2025,35,20260919T085500Z
DEU,Germany,ESA_EXP,E09,Capital transfers payable,auto.arima,2030,1.566197857142857,1.1406107938926855,0.10444581300809808,3.0279499012776157,-0.6693582368982267,3.8017539511839407,"ARIMA(0, 0, 0)+drift",1991,2025,35,20260919T085500Z
DEU,Germany,ESA_EXP,E09,Capital transfers payable,auto.arima,2031,1.566197857142857,1.1406107938926855,0.10444581300809808,3.0279499012776157,-0.6693582368982267,3.8017539511839407,"ARIMA(0, 0, 0)+drift",1991,2025,35,20260919T085500Z
DEU,Germany,ESA_EXP,E09,Capital transfers payable,combination,2026,1.6245695582281567,1.4380562396380694,-0.21837429179249046,3.467513408248804,-1.1939689014378323,4.443108017894145,mean of 4 + between-model variance,1991,2025,35,20260919T085500Z
DEU,Germany,ESA_EXP,E09,Capital transfers payable,combination,2027,1.6605382686427763,1.6531405181216947,-0.458047268637118,3.7791238059226706,-1.579557633817093,4.900634171102645,mean of 4 + between-model variance,1991,2025,35,20260919T085500Z
DEU,Germany,ESA_EXP,E09,Capital transfers payable,combination,2028,1.6964863444301268,1.9462707571744162,-0.7977608369682607,4.190733525828515,-2.1181342738844706,5.511106962744725,mean of 4 + between-model variance,1991,2025,35,20260919T085500Z
DEU,Germany,ESA_EXP,E09,Capital transfers payable,combination,2029,1.7324550548447468,2.2931550550867215,-1.2063423923117513,4.671252502001245,-2.7620462995432447,6.226956409232738,mean of 4 + between-model variance,1991,2025,35,20260919T085500Z
DEU,Germany,ESA_EXP,E09,Capital transfers payable,combination,2030,1.7684237652593664,2.73454894451792,-1.7360429036854632,5.2728904342041965,-3.591193722233754,7.128041252752487,mean of 4 + between-model variance,1991,2025,35,20260919T085500Z
DEU,Germany,ESA_EXP,E09,Capital transfers payable,combination,2031,1.804392475673986,3.168955367761737,-2.256788613791804,5.865573565139776,-4.406645962745779,8.015430914093752,mean of 4 + between-model variance,1991,2025,35,20260919T085500Z
DEU,Germany,ESA_EXP,E09,Capital transfers payable,ets,2026,1.8743847961764393,0.7446347751834104,0.9200966107705894,2.8286729815822893,0.4149274436688615,3.333842148684017,"ETS(M,A,N)",1991,2025,35,20260919T085500Z
DEU,Germany,ESA_EXP,E09,Capital transfers payable,ets,2027,1.9343512471471525,1.1019161856014459,0.5221883556572482,3.3465141386370565,-0.22536480764900002,4.094067301943305,"ETS(M,A,N)",1991,2025,35,20260919T085500Z
DEU,Germany,ESA_EXP,E09,Capital transfers payable,ets,2028,1.9943176981178656,1.5270372816620252,0.037340015729333764,3.9512953805063975,-0.9986204005975641,4.987255796833296,"ETS(M,A,N)",1991,2025,35,20260919T085500Z
DEU,Germany,ESA_EXP,E09,Capital transfers payable,ets,2029,2.054284149088579,1.9533474403402413,-0.449032169774338,4.557600467951495,-1.7742065134704421,5.8827748116476,"ETS(M,A,N)",1991,2025,35,20260919T085500Z
DEU,Germany,ESA_EXP,E09,Capital transfers payable,ets,2030,2.114250600059292,2.587164171108243,-1.201334817752819,5.429836017871404,-2.956498037402705,7.184999237521289,"ETS(M,A,N)",1991,2025,35,20260919T085500Z
DEU,Germany,ESA_EXP,E09,Capital transfers payable,ets,2031,2.1742170510300056,3.0792910833718716,-1.7720545954473832,6.120488697507394,-3.8610826178998616,8.209516719959872,"ETS(M,A,N)",1991,2025,35,20260919T085500Z
DEU,Germany,ESA_EXP,E09,Capital transfers payable,prophet,2026,1.0252964064413825,1.1150969753576394,-0.4037583525221511,2.4543511654049164,-1.160253521768478,3.210846334651243,Prophet(linear trend),1991,2025,35,20260919T085500Z
DEU,Germany,ESA_EXP,E09,Capital transfers payable,prophet,2027,0.9951698506286811,1.080328719344824,-0.38932758030511694,2.379667281562479,-1.1222355474532777,3.1125752487106397,Prophet(linear trend),1991,2025,35,20260919T085500Z
DEU,Germany,ESA_EXP,E09,Capital transfers payable,prophet,2028,0.964960756306904,1.0712613633404566,-0.4079163864047848,2.337837899018593,-1.134672950431311,3.064594463045119,Prophet(linear trend),1991,2025,35,20260919T085500Z
DEU,Germany,ESA_EXP,E09,Capital transfers payable,prophet,2029,0.9348342004942027,1.0758537890775846,-0.44392837460575385,2.313596775594159,-1.173800495361456,3.0434688963498617,Prophet(linear trend),1991,2025,35,20260919T085500Z
DEU,Germany,ESA_EXP,E09,Capital transfers payable,prophet,2030,0.9047076446815016,1.1315314328559825,-0.5454087261579484,2.3548240155209514,-1.313053228584641,3.1224685179476444,Prophet(linear trend),1991,2025,35,20260919T085500Z
DEU,Germany,ESA_EXP,E09,Capital transfers payable,prophet,2031,0.8745810888688004,1.07978005543932,-0.5092132007395711,2.258375378477172,-1.241748947710271,2.9909111254478717,Prophet(linear trend),1991,2025,35,20260919T085500Z
DEU,Germany,ESA_EXP,E09,Capital transfers payable,uc,2026,2.032399173151948,2.093979507769623,-0.6511444529892274,4.715942799293124,-2.0717252788142333,6.13652362511813,UC(local linear trend + damped cycle),1991,2025,35,20260919T085500Z
DEU,Germany,ESA_EXP,E09,Capital transfers payable,uc,2027,2.146434119652415,2.4964495706239815,-1.0528958204798902,5.34576405978472,-2.7465171665860466,7.039385405890876,UC(local linear trend + damped cycle),1991,2025,35,20260919T085500Z
DEU,Germany,ESA_EXP,E09,Capital transfers payable,uc,2028,2.2604690661528815,3.0154484941314426,-1.603984982398257,6.1249231147040195,-3.6497014261989578,8.170639558504721,UC(local linear trend + damped cycle),1991,2025,35,20260919T085500Z
DEU,Germany,ESA_EXP,E09,Capital transfers payable,uc,2029,2.374504012653348,3.63144114107631,-2.279376644575279,7.028384669881975,-4.7429898919751405,9.491997917281838,UC(local linear trend + damped cycle),1991,2025,35,20260919T085500Z
DEU,Germany,ESA_EXP,E09,Capital transfers payable,uc,2030,2.4885389591538147,4.328530117206587,-3.0586974696125213,8.03577538792015,-5.995224243486877,10.972302161794506,UC(local linear trend + damped cycle),1991,2025,35,20260919T085500Z
DEU,Germany,ESA_EXP,E09,Capital transfers payable,uc,2031,2.6025739056542814,5.09509188926146,-3.927051295212521,9.132199106521083,-7.383622773990167,12.58877058529873,UC(local linear trend + damped cycle),1991,2025,35,20260919T085500Z
DEU,Germany,ESA_REV,R01,Value added tax,auto.arima,2026,6.857878,0.24215515212718694,6.5475435804811,7.168212419518901,6.3832626194161906,7.33249338058381,"ARIMA(0, 1, 0)",1991,2025,35,20260919T085500Z
DEU,Germany,ESA_REV,R01,Value added tax,auto.arima,2027,6.857878,0.3424591004800026,6.418998854861652,7.296757145138349,6.1866704915868125,7.529085508413188,"ARIMA(0, 1, 0)",1991,2025,35,20260919T085500Z
DEU,Germany,ESA_REV,R01,Value added tax,auto.arima,2028,6.857878,0.4194250270327274,6.320363017756154,7.3953929822438464,6.035820046316828,7.679935953683173,"ARIMA(0, 1, 0)",1991,2025,35,20260919T085500Z
DEU,Germany,ESA_REV,R01,Value added tax,auto.arima,2029,6.857878,0.4843103045581786,6.237209160572857,7.4785468394271435,5.908647238236934,7.807108761763066,"ARIMA(0, 1, 0)",1991,2025,35,20260919T085500Z
DEU,Germany,ESA_REV,R01,Value added tax,auto.arima,2030,6.857878,0.5414753816205011,6.163949141733484,7.5518068582665165,5.7966057451375566,7.919150254862444,"ARIMA(0, 1, 0)",1991,2025,35,20260919T085500Z
DEU,Germany,ESA_REV,R01,Value added tax,auto.arima,2031,6.857878,0.5931565617110703,6.097717022026055,7.618038977973946,5.695312492682524,8.020443507317477,"ARIMA(0, 1, 0)",1991,2025,35,20260919T085500Z
DEU,Germany,ESA_REV,R01,Value added tax,combination,2026,6.920000122634595,0.2585706505016218,6.58862838834294,7.25137185692625,6.413210956194834,7.426789289074356,mean of 4 + between-model variance,1991,2025,35,20260919T085500Z
DEU,Germany,ESA_REV,R01,Value added tax,combination,2027,6.931023159364424,0.3337850308621212,6.503260285493011,7.358786033235837,6.276816515135777,7.58522980359307,mean of 4 + between-model variance,1991,2025,35,20260919T085500Z
DEU,Germany,ESA_REV,R01,Value added tax,combination,2028,6.936880296220604,0.38694963208965033,6.440984221316849,7.432776371124359,6.178472947511644,7.6952876449295635,mean of 4 + between-model variance,1991,2025,35,20260919T085500Z
DEU,Germany,ESA_REV,R01,Value added tax,combination,2029,6.946307313715325,0.4359739167941898,6.387584068699898,7.505030558730752,6.091814131859717,7.8008004955709325,mean of 4 + between-model variance,1991,2025,35,20260919T085500Z
DEU,Germany,ESA_REV,R01,Value added tax,combination,2030,6.959970754597425,0.4846309357234826,6.338891009659124,7.581050499535725,6.010111567293085,7.909829941901765,mean of 4 + between-model variance,1991,2025,35,20260919T085500Z
DEU,Germany,ESA_REV,R01,Value added tax,combination,2031,6.973447556876229,0.5293103852989721,6.295108773975561,7.651786339776897,5.936018256864115,8.010876856888343,mean of 4 + between-model variance,1991,2025,35,20260919T085500Z
DEU,Germany,ESA_REV,R01,Value added tax,ets,2026,6.856420670594251,0.23859796430669225,6.550644972241081,7.162196368947422,6.388777250079849,7.324064091108653,"ETS(A,N,N)",1991,2025,35,20260919T085500Z
DEU,Germany,ESA_REV,R01,Value added tax,ets,2027,6.856420670594251,0.33211333785401126,6.430800158240768,7.282041182947735,6.205490484480552,7.5073508567079505,"ETS(A,N,N)",1991,2025,35,20260919T085500Z
DEU,Germany,ESA_REV,R01,Value added tax,ets,2028,6.856420670594251,0.4045609345818841,6.337954795758969,7.374886545429534,6.063495803007403,7.649345538181099,"ETS(A,N,N)",1991,2025,35,20260919T085500Z
DEU,Germany,ESA_REV,R01,Value added tax,ets,2029,6.856420670594251,0.4658753378308436,6.259377199646458,7.453464141542044,5.94332177995796,7.769519561230543,"ETS(A,N,N)",1991,2025,35,20260919T085500Z
DEU,Germany,ESA_REV,R01,Value added tax,ets,2030,6.856420670594251,0.5200097220324227,6.190001171304155,7.522840169884347,5.837220335760696,7.875621005427806,"ETS(A,N,N)",1991,2025,35,20260919T085500Z
DEU,Germany,ESA_REV,R01,Value added tax,ets,2031,6.856420670594251,0.5690170398305071,6.127195745165385,7.5856455960231175,5.741167757139891,7.971673584048611,"ETS(A,N,N)",1991,2025,35,20260919T085500Z
DEU,Germany,ESA_REV,R01,Value added tax,prophet,2026,7.046536311841822,0.25491099631328457,6.7198546146945395,7.373218008989105,6.546919935863651,7.546152687819993,Prophet(linear trend),1991,2025,35,20260919T085500Z
DEU,Germany,ESA_REV,R01,Value added tax,prophet,2027,7.072790794459906,0.2706657593459227,6.72591854923862,7.4196630396811925,6.542295650109234,7.603285938810578,Prophet(linear trend),1991,2025,35,20260919T085500Z
DEU,Germany,ESA_REV,R01,Value added tax,prophet,2028,7.099117207167354,0.24770727800414155,6.781667449626591,7.416566964708117,6.613619859741245,7.584614554593463,Prophet(linear trend),1991,2025,35,20260919T085500Z
DEU,Germany,ESA_REV,R01,Value added tax,prophet,2029,7.125371689785439,0.23709375180444342,6.82152371797295,7.429219661597927,6.660676471623795,7.590066907947083,Prophet(linear trend),1991,2025,35,20260919T085500Z
DEU,Germany,ESA_REV,R01,Value added tax,prophet,2030,7.151626172403523,0.2479210955525261,6.833902396555992,7.469349948251054,6.665709750280012,7.637542594527034,Prophet(linear trend),1991,2025,35,20260919T085500Z
DEU,Germany,ESA_REV,R01,Value added tax,prophet,2031,7.177880655021607,0.24833032881835235,6.85963242546379,7.496128884579424,6.691162150429474,7.66459915961374,Prophet(linear trend),1991,2025,35,20260919T085500Z
DEU,Germany,ESA_REV,R01,Value added tax,uc,2026,6.919165508102307,0.2345263128485737,6.618607842818592,7.219723173386023,6.459502377866365,7.378828638338249,UC(local linear trend + damped cycle),1991,2025,35,20260919T085500Z
DEU,Germany,ESA_REV,R01,Value added tax,uc,2027,6.937003172403537,0.3215787688346554,6.524883258045946,7.349123086761127,6.30672036232329,7.567285982483783,UC(local linear trend + damped cycle),1991,2025,35,20260919T085500Z
DEU,Germany,ESA_REV,R01,Value added tax,uc,2028,6.93410530712081,0.38198965835965454,6.444565696470678,7.423644917770942,6.185419328363588,7.682791285878032,UC(local linear trend + damped cycle),1991,2025,35,20260919T085500Z
DEU,Germany,ESA_REV,R01,Value added tax,uc,2029,6.945558894481605,0.43420194049378336,6.3891065292379166,7.502011259725294,6.094538722383648,7.796579066579563,UC(local linear trend + damped cycle),1991,2025,35,20260919T085500Z
DEU,Germany,ESA_REV,R01,Value added tax,uc,2030,6.9739581753919255,0.48679291542425734,6.3501077410441376,7.5978086097397135,6.019861585705336,7.928054765078515,UC(local linear trend + damped cycle),1991,2025,35,20260919T085500Z
DEU,Germany,ESA_REV,R01,Value added tax,uc,2031,7.001610901889059,0.539021933814614,6.310826264565073,7.692395539213045,5.945147316402032,8.058074487376086,UC(local linear trend + damped cycle),1991,2025,35,20260919T085500Z
DEU,Germany,ESA_REV,R02,Other taxes on production and imports,auto.arima,2026,3.346705415144181,0.1612447895132028,3.1400618326539567,3.553348997634405,3.030671432510726,3.662739397777636,"ARIMA(1, 0, 0)+drift",1991,2025,35,20260919T085500Z
DEU,Germany,ESA_REV,R02,Other taxes on production and imports,auto.arima,2027,3.389611836609773,0.21936457738524595,3.1084847237325564,3.6707389494869895,2.9596651620594767,3.819558511160069,"ARIMA(1, 0, 0)+drift",1991,2025,35,20260919T085500Z
DEU,Germany,ESA_REV,R02,Other taxes on production and imports,auto.arima,2028,3.4291884247298343,0.258730575336048,3.0976117384467714,3.7607651110128972,2.9220858113718924,3.9362910380877763,"ARIMA(1, 0, 0)+drift",1991,2025,35,20260919T085500Z
DEU,Germany,ESA_REV,R02,Other taxes on production and imports,auto.arima,2029,3.4656935974690954,0.28801792798225606,3.0965836458275793,3.8348035491106116,2.901188827269281,4.03019836766891,"ARIMA(1, 0, 0)+drift",1991,2025,35,20260919T085500Z
DEU,Germany,ESA_REV,R02,Other taxes on production and imports,auto.arima,2030,3.49936571778125,0.31077029490103153,3.101097424810243,3.897634010752257,2.8902671275058447,4.108464308056655,"ARIMA(1, 0, 0)+drift",1991,2025,35,20260919T085500Z
DEU,Germany,ESA_REV,R02,Other taxes on production and imports,auto.arima,2031,3.530424650015717,0.32889127512484584,3.1089333785969204,3.951915921434513,2.8858095908569235,4.17503970917451,"ARIMA(1, 0, 0)+drift",1991,2025,35,20260919T085500Z
DEU,Germany,ESA_REV,R02,Other taxes on production and imports,combination,2026,3.3076385895478833,0.1802950227145683,3.0765811425979828,3.5386960364977837,2.954266835648147,3.6610103434476193,mean of 4 + between-model variance,1991,2025,35,20260919T085500Z
DEU,Germany,ESA_REV,R02,Other taxes on production and imports,combination,2027,3.27274036327112,0.24598643045010254,2.95749596135493,3.58798476518731,2.7906158151004155,3.7548649114418247,mean of 4 + between-model variance,1991,2025,35,20260919T085500Z
DEU,Germany,ESA_REV,R02,Other taxes on production and imports,combination,2028,3.2369451445499555,0.31635343168679114,2.831521771464885,3.6423685176350262,2.6169038071673856,3.8569864819325255,mean of 4 + between-model variance,1991,2025,35,20260919T085500Z
DEU,Germany,ESA_REV,R02,Other taxes on production and imports,combination,2029,3.200446617268469,0.3860446902795571,2.705710272351322,3.695182962185616,2.4438129219293874,3.957080312607551,mean of 4 + between-model variance,1991,2025,35,20260919T085500Z
DEU,Germany,ESA_REV,R02,Other taxes on production and imports,combination,2030,3.1632398126727397,0.45590143518069903,2.5789784166140444,3.747501208731435,2.2696894121702362,4.056790213175243,mean of 4 + between-model variance,1991,2025,35,20260919T085500Z
DEU,Germany,ESA_REV,R02,Other taxes on production and imports,combination,2031,3.1253797156922145,0.5273121422850623,2.4496017851225083,3.8011576462619208,2.091866900050615,4.158892531333814,mean of 4 + between-model variance,1991,2025,35,20260919T085500Z
DEU,Germany,ESA_REV,R02,Other taxes on production and imports,ets,2026,3.3001895410016466,0.16206348679509755,3.092496755372416,3.5078823266308774,2.98255094116878,3.617828140834513,"ETS(A,N,N)",1991,2025,35,20260919T085500Z
DEU,Germany,ESA_REV,R02,Other taxes on production and imports,ets,2027,3.3001895410016466,0.22918092165855514,3.006482272488282,3.5938968095150114,2.8510031850640583,3.749375896939235,"ETS(A,N,N)",1991,2025,35,20260919T085500Z
DEU,Germany,ESA_REV,R02,Other taxes on production and imports,ets,2028,3.3001895410016466,0.28068348001324356,2.9404790658237143,3.659900016179579,2.7500600247809697,3.8503190572223236,"ETS(A,N,N)",1991,2025,35,20260919T085500Z
DEU,Germany,ESA_REV,R02,Other taxes on production and imports,ets,2029,3.3001895410016466,0.32410266437106766,2.884835123271576,3.7155439587317174,2.6649599865302713,3.935419095473022,"ETS(A,N,N)",1991,2025,35,20260919T085500Z
DEU,Germany,ESA_REV,R02,Other taxes on production and imports,ets,2030,3.3001895410016466,0.3623559826365574,2.835811506741801,3.764567575261492,2.589984859849369,4.010394222153924,"ETS(A,N,N)",1991,2025,35,20260919T085500Z
DEU,Germany,ESA_REV,R02,Other taxes on production and imports,ets,2031,3.3001895410016466,0.3969397677892518,2.7914905877117953,3.808888494291498,2.5222018859663535,4.07817719603694,"ETS(A,N,N)",1991,2025,35,20260919T085500Z
DEU,Germany,ESA_REV,R02,Other taxes on production and imports,prophet,2026,3.3717618941152687,0.1714846738153235,3.1519953674178933,3.591528420812644,3.035658106885492,3.7078656813450452,Prophet(linear trend),1991,2025,35,20260919T085500Z
DEU,Germany,ESA_REV,R02,Other taxes on production and imports,prophet,2027,3.277554170060861,0.1643971773347647,3.0668706386531386,3.488237701468583,2.955341620783106,3.5997667193386156,Prophet(linear trend),1991,2025,35,20260919T085500Z
DEU,Germany,ESA_REV,R02,Other taxes on production and imports,prophet,2028,3.1830883426528795,0.17338288250169615,2.960889162817066,3.405287522488693,2.8432641347333254,3.5229125505724337,Prophet(linear trend),1991,2025,35,20260919T085500Z
DEU,Germany,ESA_REV,R02,Other taxes on production and imports,prophet,2029,3.0888806185984725,0.17336392871712547,2.8667057290231828,3.3110555081737623,2.7490935594143404,3.4286676777826046,Prophet(linear trend),1991,2025,35,20260919T085500Z
DEU,Germany,ESA_REV,R02,Other taxes on production and imports,prophet,2030,2.994672894544065,0.1703776558339947,2.7763250689546974,3.2130207201334327,2.6607388227050457,3.3286069663830844,Prophet(linear trend),1991,2025,35,20260919T085500Z
DEU,Germany,ESA_REV,R02,Other taxes on production and imports,prophet,2031,2.900465170489658,0.1817802424716736,2.6675043371896,3.133426003789716,2.5441824393339068,3.2567479016454093,Prophet(linear trend),1991,2025,35,20260919T085500Z
DEU,Germany,ESA_REV,R02,Other taxes on production and imports,uc,2026,3.211897507930437,0.16893959719156765,2.995392629270389,3.4284023865904847,2.880781979260463,3.5430130366004104,UC(local linear trend + damped cycle),1991,2025,35,20260919T085500Z
DEU,Germany,ESA_REV,R02,Other taxes on production and imports,uc,2027,3.1236059054122003,0.2558592205807827,2.795709009558457,3.4515028012659434,2.622131044005807,3.6250807668185936,UC(local linear trend + damped cycle),1991,2025,35,20260919T085500Z
DEU,Germany,ESA_REV,R02,Other taxes on production and imports,uc,2028,3.035314269815463,0.33443648350300914,2.6067165255092144,3.4639120141217115,2.3798308018629712,3.6907977377679546,UC(local linear trend + damped cycle),1991,2025,35,20260919T085500Z
DEU,Germany,ESA_REV,R02,Other taxes on production and imports,uc,2029,2.9470227120046615,0.4108159567923988,2.420540700945449,3.473504723063874,2.1418382260660045,3.7522071979433185,UC(local linear trend + damped cycle),1991,2025,35,20260919T085500Z
DEU,Germany,ESA_REV,R02,Other taxes on production and imports,uc,2030,2.8587310973639957,0.48714228595494335,2.234432926513866,3.4830292682141253,1.903949754014601,3.8135124407133905,UC(local linear trend + damped cycle),1991,2025,35,20260919T085500Z
DEU,Germany,ESA_REV,R02,Other taxes on production and imports,uc,2031,2.7704395012618375,0.5643926220876344,2.0471410076401853,3.4937379948834897,1.6642502801044692,3.8766287224192055,UC(local linear trend + damped cycle),1991,2025,35,20260919T085500Z
DEU,Germany,ESA_REV,R02_A,Excise duties,auto.arima,2026,1.6182962484933832,0.16063766886963968,1.4124307226781587,1.8241617743086076,1.3034522004649687,1.9331402965217976,"ARIMA(1, 0, 0)+drift",1991,2025,35,20260919T085500Z
DEU,Germany,ESA_REV,R02_A,Excise duties,auto.arima,2027,1.650609626077689,0.22188212712422264,1.3662561422973871,1.934963109857991,1.2157286446707891,2.085490607484589,"ARIMA(1, 0, 0)+drift",1991,2025,35,20260919T085500Z
DEU,Germany,ESA_REV,R02_A,Excise duties,auto.arima,2028,1.6813986072957414,0.26551959850568335,1.3411214347915859,2.0216757797998968,1.1609897529301483,2.2018074616613346,"ARIMA(1, 0, 0)+drift",1991,2025,35,20260919T085500Z
DEU,Germany,ESA_REV,R02_A,Excise duties,auto.arima,2029,1.7107351061489595,0.2996835423593345,1.3266750630712698,2.0947951492266492,1.123366151732189,2.29810406056573,"ARIMA(1, 0, 0)+drift",1991,2025,35,20260919T085500Z
DEU,Germany,ESA_REV,R02_A,Excise duties,auto.arima,2030,1.7386876440673058,0.3276292030238938,1.3188137836736287,2.158561504460983,1.0965462007917828,2.380829087342829,"ARIMA(1, 0, 0)+drift",1991,2025,35,20260919T085500Z
DEU,Germany,ESA_REV,R02_A,Excise duties,auto.arima,2031,1.7653215099551869,0.3510791165954203,1.315395365924093,2.215247653986281,1.0772190802763606,2.453423939634013,"ARIMA(1, 0, 0)+drift",1991,2025,35,20260919T085500Z
DEU,Germany,ESA_REV,R02_A,Excise duties,combination,2026,1.7484439797931597,0.4459951018075079,1.1768780650815445,2.320009894504775,0.8743096360741093,2.62257832351221,mean of 4 + between-model variance,1991,2025,35,20260919T085500Z
DEU,Germany,ESA_REV,R02_A,Excise duties,combination,2027,1.726911548902116,0.4857013073680207,1.1044600670420144,2.349363030762218,0.7749544717078607,2.6788686260963717,mean of 4 + between-model variance,1991,2025,35,20260919T085500Z
DEU,Germany,ESA_REV,R02_A,Excise duties,combination,2028,1.704986090140842,0.523884028562453,1.0336014655685732,2.3763707147131106,0.6781922539834624,2.7317799262982216,mean of 4 + between-model variance,1991,2025,35,20260919T085500Z
DEU,Germany,ESA_REV,R02_A,Excise duties,combination,2029,1.6827094383527113,0.57145491908616,0.9503602438880048,2.4150586328174177,0.5626783693209247,2.802740507384498,mean of 4 + between-model variance,1991,2025,35,20260919T085500Z
DEU,Germany,ESA_REV,R02_A,Excise duties,combination,2030,1.6600867967112294,0.6178151364475301,0.8683245729666244,2.4518490204558345,0.4491913706189825,2.8709822228034763,mean of 4 + between-model variance,1991,2025,35,20260919T085500Z
DEU,Germany,ESA_REV,R02_A,Excise duties,combination,2031,1.6371344866710815,0.6744962630355142,0.7727324517853922,2.501536521556771,0.31514609298694296,2.95912288035522,mean of 4 + between-model variance,1991,2025,35,20260919T085500Z
DEU,Germany,ESA_REV,R02_A,Excise duties,ets,2026,1.5843729025959896,0.16024844968213225,1.3790061814089536,1.7897396237830256,1.270291710163199,1.8984540950287803,"ETS(A,N,N)",1991,2025,35,20260919T085500Z
DEU,Germany,ESA_REV,R02_A,Excise duties,ets,2027,1.5843729025959896,0.2266141998964855,1.2939550214902489,1.8747907837017304,1.1402172289100743,2.028528576281905,"ETS(A,N,N)",1991,2025,35,20260919T085500Z
DEU,Germany,ESA_REV,R02_A,Excise duties,ets,2028,1.5843729025959896,0.2775399530949045,1.2286910206273085,1.9400547845646707,1.0404045859682882,2.128341219223691,"ETS(A,N,N)",1991,2025,35,20260919T085500Z
DEU,Germany,ESA_REV,R02_A,Excise duties,ets,2029,1.5843729025959896,0.3204728623973007,1.1736702648450041,1.995075540346975,0.9562576293203265,2.212488175871653,"ETS(A,N,N)",1991,2025,35,20260919T085500Z
DEU,Germany,ESA_REV,R02_A,Excise duties,ets,2030,1.5843729025959896,0.3582977609507442,1.1251956904540414,2.043550114737938,0.8821221898519251,2.286623615340054,"ETS(A,N,N)",1991,2025,35,20260919T085500Z
DEU,Germany,ESA_REV,R02_A,Excise duties,ets,2031,1.5843729025959896,0.3924942234880841,1.0813711454963886,2.0873746596955907,0.8150983543513903,2.353647450840589,"ETS(A,N,N)",1991,2025,35,20260919T085500Z
DEU,Germany,ESA_REV,R02_A,Excise duties,prophet,2026,2.3077527879743283,0.3842469416571528,1.8153203513997207,2.800185224548936,1.5546426152162085,3.060862960732448,Prophet(linear trend),1991,2025,35,20260919T085500Z
DEU,Germany,ESA_REV,R02_A,Excise duties,prophet,2027,2.290338694265393,0.40387304991125567,1.7727543794055234,2.8079230091252625,1.4987620558691286,3.0819153326616573,Prophet(linear trend),1991,2025,35,20260919T085500Z
DEU,Germany,ESA_REV,R02_A,Excise duties,prophet,2028,2.27287689071068,0.3883100736384921,1.7752373392191232,2.770516442202237,1.5118031255418865,3.0339506558794733,Prophet(linear trend),1991,2025,35,20260919T085500Z
DEU,Germany,ESA_REV,R02_A,Excise duties,prophet,2029,2.255462797001745,0.39709300483219373,1.7465674624730376,2.764358131530453,1.4771748028788192,3.033750791124671,Prophet(linear trend),1991,2025,35,20260919T085500Z
DEU,Germany,ESA_REV,R02_A,Excise duties,prophet,2030,2.23804870329281,0.3753471094841852,1.7570218644391333,2.7190755421464865,1.5023818811997482,2.973715525385871,Prophet(linear trend),1991,2025,35,20260919T085500Z
DEU,Germany,ESA_REV,R02_A,Excise duties,prophet,2031,2.2206346095838745,0.3997852809925418,1.7082889831573205,2.7329802360104285,1.4370698511086082,3.004199368059141,Prophet(linear trend),1991,2025,35,20260919T085500Z
DEU,Germany,ESA_REV,R02_A,Excise duties,uc,2026,1.483353980108938,0.16504862915082077,1.2718355793234453,1.6948723808944306,1.1598646087239786,1.8068433514938973,UC(local linear trend + damped cycle),1991,2025,35,20260919T085500Z
DEU,Germany,ESA_REV,R02_A,Excise duties,uc,2027,1.3823249726693931,0.25196200344533237,1.0594225632300205,1.7052273821087658,0.8884885165486658,1.8761614287901205,UC(local linear trend + damped cycle),1991,2025,35,20260919T085500Z
DEU,Germany,ESA_REV,R02_A,Excise duties,uc,2028,1.2812959599609572,0.3316843498977585,0.856225217980785,1.7063667019411295,0.6312065747979468,1.9313853451239678,UC(local linear trend + damped cycle),1991,2025,35,20260919T085500Z
DEU,Germany,ESA_REV,R02_A,Excise duties,uc,2029,1.1802669476641503,0.4100160051259178,0.6548101162630201,1.7057237790652806,0.376650338193536,1.9838835571347646,UC(local linear trend + damped cycle),1991,2025,35,20260919T085500Z
DEU,Germany,ESA_REV,R02_A,Excise duties,uc,2030,1.0792379368888116,0.48894151457550883,0.4526339610015392,1.705841912776084,0.12093017021533903,2.037545703562284,UC(local linear trend + damped cycle),1991,2025,35,20260919T085500Z
DEU,Germany,ESA_REV,R02_A,Excise duties,uc,2031,0.9782089245492751,0.5693414202835528,0.2485682887020474,1.707849560396503,-0.13767976291535833,2.0940976120139085,UC(local linear trend + damped cycle),1991,2025,35,20260919T085500Z
DEU,Germany,ESA_REV,R02_X,Other taxes on production and imports excluding excise duties,auto.arima,2025,1.7648555734792204,0.05957845272967776,1.6885026882265963,1.8412084587318445,1.6480839509533503,1.8816271960050905,"ARIMA(1, 1, 0)+drift",1991,2024,34,20260919T085500Z
DEU,Germany,ESA_REV,R02_X,Other taxes on production and imports excluding excise duties,auto.arima,2026,1.814977028101881,0.065428785382507,1.7311266373373586,1.8988274188664036,1.6867389641884412,1.943215092015321,"ARIMA(1, 1, 0)+drift",1991,2024,34,20260919T085500Z
DEU,Germany,ESA_REV,R02_X,Other taxes on production and imports excluding excise duties,auto.arima,2027,1.8064101306011286,0.07930257622935974,1.7047797554292403,1.908040505773017,1.6509799360843278,1.9618403251179295,"ARIMA(1, 1, 0)+drift",1991,2024,34,20260919T085500Z
DEU,Germany,ESA_REV,R02_X,Other taxes on production and imports excluding excise duties,auto.arima,2028,1.8298924234252878,0.08672636391432911,1.7187480782981515,1.9410367685524241,1.6599118723023036,1.999872974548272,"ARIMA(1, 1, 0)+drift",1991,2024,34,20260919T085500Z
DEU,Germany,ESA_REV,R02_X,Other taxes on production and imports excluding excise duties,auto.arima,2029,1.8358729367085518,0.09567724428141099,1.713257572945221,1.9584883004718825,1.6483489822977804,2.023396891119323,"ARIMA(1, 1, 0)+drift",1991,2024,34,20260919T085500Z
DEU,Germany,ESA_REV,R02_X,Other taxes on production and imports excluding excise duties,auto.arima,2030,1.8514110170939089,0.10276844372698204,1.7197079124987076,1.9831141216891102,1.6499885670529983,2.0528334671348194,"ARIMA(1, 1, 0)+drift",1991,2024,34,20260919T085500Z
DEU,Germany,ESA_REV,R02_X,Other taxes on production and imports excluding excise duties,auto.arima,2031,1.8617297945679494,0.10995278396381275,1.7208195843735572,2.0026400047623416,1.646226296299099,2.0772332928368,"ARIMA(1, 1, 0)+drift",1991,2024,34,20260919T085500Z
DEU,Germany,ESA_REV,R02_X,Other taxes on production and imports excluding excise duties,combination,2025,1.786682994456851,0.06641554557817392,1.701568019190051,1.8717979697236509,1.656510916083271,1.916855072830431,mean of 4 + between-model variance,1991,2024,34,20260919T085500Z
DEU,Germany,ESA_REV,R02_X,Other taxes on production and imports excluding excise duties,combination,2026,1.8232836144808606,0.07367488921303136,1.728865412860122,1.9177018161015993,1.6788834839193307,1.9676837450423905,mean of 4 + between-model variance,1991,2024,34,20260919T085500Z
DEU,Germany,ESA_REV,R02_X,Other taxes on production and imports excluding excise duties,combination,2027,1.8238147140893364,0.08882931756377539,1.709975324506845,1.9376541036718278,1.6497124495197688,1.997916978658904,mean of 4 + between-model variance,1991,2024,34,20260919T085500Z
DEU,Germany,ESA_REV,R02_X,Other taxes on production and imports excluding excise duties,combination,2028,1.8478412821461,0.10329387075374231,1.7154648154939,1.9802177487983001,1.6453890140481122,2.050293550244088,mean of 4 + between-model variance,1991,2024,34,20260919T085500Z
DEU,Germany,ESA_REV,R02_X,Other taxes on production and imports excluding excise duties,combination,2029,1.8562967962641355,0.11455009129026987,1.7094948976709075,2.0030986948573632,1.6317827411384929,2.080810851389778,mean of 4 + between-model variance,1991,2024,34,20260919T085500Z
DEU,Germany,ESA_REV,R02_X,Other taxes on production and imports excluding excise duties,combination,2030,1.8752204928622755,0.12966398637770202,1.7090493517919587,2.041391633932592,1.6210837474654891,2.129357238259062,mean of 4 + between-model variance,1991,2024,34,20260919T085500Z
DEU,Germany,ESA_REV,R02_X,Other taxes on production and imports excluding excise duties,combination,2031,1.8870003263560151,0.14267256712464615,1.7041580126122906,2.06984264009974,1.6073672310041252,2.166633421707905,mean of 4 + between-model variance,1991,2024,34,20260919T085500Z
DEU,Germany,ESA_REV,R02_X,Other taxes on production and imports excluding excise duties,ets,2025,1.787722654941647,0.0746443418660188,1.6920620493345668,1.883383260548727,1.6414224320805573,1.9340228778027366,"ETS(M,N,N)",1991,2024,34,20260919T085500Z
DEU,Germany,ESA_REV,R02_X,Other taxes on production and imports excluding excise duties,ets,2026,1.787722654941647,0.08434510353066278,1.679630018821719,1.8958152910615749,1.622409288445275,1.953036021438019,"ETS(M,N,N)",1991,2024,34,20260919T085500Z
DEU,Germany,ESA_REV,R02_X,Other taxes on production and imports excluding excise duties,ets,2027,1.787722654941647,0.09848982425750571,1.661502823684792,1.913942486198502,1.5946861450306091,1.9807591648526848,"ETS(M,N,N)",1991,2024,34,20260919T085500Z
DEU,Germany,ESA_REV,R02_X,Other taxes on production and imports excluding excise duties,ets,2028,1.787722654941647,0.11509146467189231,1.640226958208454,1.9352183516748398,1.562147527477466,2.013297782405828,"ETS(M,N,N)",1991,2024,34,20260919T085500Z
DEU,Germany,ESA_REV,R02_X,Other taxes on production and imports excluding excise duties,ets,2029,1.787722654941647,0.11836821792630456,1.6360276285217554,1.9394176813615385,1.5557252090619353,2.0197201008213588,"ETS(M,N,N)",1991,2024,34,20260919T085500Z
DEU,Germany,ESA_REV,R02_X,Other taxes on production and imports excluding excise duties,ets,2030,1.787722654941647,0.1323572520098454,1.6180999539139256,1.9573453559693683,1.5283072058634222,2.0471381040198717,"ETS(M,N,N)",1991,2024,34,20260919T085500Z
DEU,Germany,ESA_REV,R02_X,Other taxes on production and imports excluding excise duties,ets,2031,1.787722654941647,0.1394779612309395,1.608974394770214,1.96647091511308,1.5143508721356098,2.061094437747684,"ETS(M,N,N)",1991,2024,34,20260919T085500Z
DEU,Germany,ESA_REV,R02_X,Other taxes on production and imports excluding excise duties,prophet,2025,1.8219261539881682,0.04446156442307516,1.7649463471786473,1.878905960797689,1.7347830883352602,1.9090692196410761,Prophet(linear trend),1991,2024,34,20260919T085500Z
DEU,Germany,ESA_REV,R02_X,Other taxes on production and imports excluding excise duties,prophet,2026,1.8481105871574834,0.04750638993376448,1.7872286781250877,1.9089924961898792,1.7549997731173428,1.941221401197624,Prophet(linear trend),1991,2024,34,20260919T085500Z
DEU,Germany,ESA_REV,R02_X,Other taxes on production and imports excluding excise duties,prophet,2027,1.8742950203267987,0.046812492670622735,1.8143023767197768,1.9342876639338207,1.7825442199421144,1.966045820711483,Prophet(linear trend),1991,2024,34,20260919T085500Z
DEU,Germany,ESA_REV,R02_X,Other taxes on production and imports excluding excise duties,prophet,2028,1.9005511916691809,0.04722655629265723,1.8400279039992133,1.9610744793391484,1.8079888414915992,1.9931135418467625,Prophet(linear trend),1991,2024,34,20260919T085500Z
DEU,Germany,ESA_REV,R02_X,Other taxes on production and imports excluding excise duties,prophet,2029,1.9267356248384961,0.04601400891405174,1.8677662796866754,1.9857049699903169,1.8365498238712756,2.016921425805717,Prophet(linear trend),1991,2024,34,20260919T085500Z
DEU,Germany,ESA_REV,R02_X,Other taxes on production and imports excluding excise duties,prophet,2030,1.9529200580078114,0.04662926076987763,1.8931622356096531,2.0126778804059695,1.8615283855522389,2.044311730463384,Prophet(linear trend),1991,2024,34,20260919T085500Z
DEU,Germany,ESA_REV,R02_X,Other taxes on production and imports excluding excise duties,prophet,2031,1.9791044911771272,0.049116748965947525,1.9161588233063191,2.042050159047935,1.8828374314068328,2.0753715509474215,Prophet(linear trend),1991,2024,34,20260919T085500Z
DEU,Germany,ESA_REV,R02_X,Other taxes on production and imports excluding excise duties,uc,2025,1.7722275954183675,0.06304355788240248,1.6914339977270587,1.8530211931096763,1.6486644915369424,1.8957906992997926,UC(local linear trend + damped cycle),1991,2024,34,20260919T085500Z
DEU,Germany,ESA_REV,R02_X,Other taxes on production and imports excluding excise duties,uc,2026,1.8423241877224312,0.07054601364884679,1.7519158028387243,1.9327325726061382,1.7040565406271828,1.9805918348176796,UC(local linear trend + damped cycle),1991,2024,34,20260919T085500Z
DEU,Germany,ESA_REV,R02_X,Other taxes on production and imports excluding excise duties,uc,2027,1.8268310504877705,0.08849566431435839,1.7134192548943759,1.9402428460811652,1.6533827342755434,2.0002793666999974,UC(local linear trend + damped cycle),1991,2024,34,20260919T085500Z
DEU,Germany,ESA_REV,R02_X,Other taxes on production and imports excluding excise duties,uc,2028,1.873198858548284,0.09934940230373214,1.7458774333271314,2.0005202837694362,1.678477606611452,2.067920110485116,UC(local linear trend + damped cycle),1991,2024,34,20260919T085500Z
DEU,Germany,ESA_REV,R02_X,Other taxes on production and imports excluding excise duties,uc,2029,1.8748559685678468,0.11534127662740905,1.7270401248234375,2.022671812312256,1.6487912186640836,2.10092071847161,UC(local linear trend + damped cycle),1991,2024,34,20260919T085500Z
DEU,Germany,ESA_REV,R02_X,Other taxes on production and imports excluding excise duties,uc,2030,1.908828241405735,0.12836520695655415,1.744321553700149,2.073334929111321,1.6572370569183392,2.1604194258931306,UC(local linear trend + damped cycle),1991,2024,34,20260919T085500Z
DEU,Germany,ESA_REV,R02_X,Other taxes on production and imports excluding excise duties,uc,2031,1.9194443647373365,0.14407778944250302,1.7348011855217178,2.104087543952955,1.6370570842304506,2.2018316452442224,UC(local linear trend + damped cycle),1991,2024,34,20260919T085500Z
DEU,Germany,ESA_REV,R03,Taxes on household income,auto.arima,2026,8.934205401878977,0.2635548749860107,8.596446124730905,9.271964679027048,8.417647334881895,9.450763468876058,"ARIMA(1, 0, 1)+drift",1991,2025,35,20260919T085500Z
DEU,Germany,ESA_REV,R03,Taxes on household income,auto.arima,2027,8.87176913443798,0.42729920887633116,8.3241629787041,9.419375290171859,8.03427806781189,9.709260201064069,"ARIMA(1, 0, 1)+drift",1991,2025,35,20260919T085500Z
DEU,Germany,ESA_REV,R03,Taxes on household income,auto.arima,2028,8.838389605817936,0.4635915263903965,8.24427295798927,9.4325062536466,7.9297669033877085,9.747012308248163,"ARIMA(1, 0, 1)+drift",1991,2025,35,20260919T085500Z
DEU,Germany,ESA_REV,R03,Taxes on household income,auto.arima,2029,8.82054432171364,0.47345353107136545,8.21378900206207,9.427299641365211,7.892592445140883,9.748496198286398,"ARIMA(1, 0, 1)+drift",1991,2025,35,20260919T085500Z
DEU,Germany,ESA_REV,R03,Taxes on household income,auto.arima,2030,8.811003918420713,0.4762347241873435,8.200684355168974,9.421323481672452,7.877601003463591,9.744406833377836,"ARIMA(1, 0, 1)+drift",1991,2025,35,20260919T085500Z
DEU,Germany,ESA_REV,R03,Taxes on household income,auto.arima,2031,8.805903450730778,0.4770266541036428,8.194568988110946,9.41723791335061,7.870948381647185,9.74085851981437,"ARIMA(1, 0, 1)+drift",1991,2025,35,20260919T085500Z
DEU,Germany,ESA_REV,R03,Taxes on household income,combination,2026,9.190911879041117,0.36979044426697,8.717006195609892,9.664817562472342,8.46613592073385,9.915687837348385,mean of 4 + between-model variance,1991,2025,35,20260919T085500Z
DEU,Germany,ESA_REV,R03,Taxes on household income,combination,2027,9.190630514398649,0.48439802811723626,8.569849252668948,9.811411776128349,8.241227817617878,10.14003321117942,mean of 4 + between-model variance,1991,2025,35,20260919T085500Z
DEU,Germany,ESA_REV,R03,Taxes on household income,combination,2028,9.197672535470364,0.5582077755334894,8.48230024431987,9.913044826620858,8.103605390904644,10.291739680036084,mean of 4 + between-model variance,1991,2025,35,20260919T085500Z
DEU,Germany,ESA_REV,R03,Taxes on household income,combination,2029,9.208594121058807,0.6192232303061793,8.415027351813462,10.002160890304152,7.994938881694987,10.422249360422628,mean of 4 + between-model variance,1991,2025,35,20260919T085500Z
DEU,Germany,ESA_REV,R03,Taxes on household income,combination,2030,9.221563925056298,0.6744074977472869,8.357275647503267,10.08585220260933,7.899749508141534,10.543378341971062,mean of 4 + between-model variance,1991,2025,35,20260919T085500Z
DEU,Germany,ESA_REV,R03,Taxes on household income,combination,2031,9.235635288814242,0.7285715898209798,8.301932910735985,10.169337666892499,7.807661201342356,10.663609376286129,mean of 4 + between-model variance,1991,2025,35,20260919T085500Z
DEU,Germany,ESA_REV,R03,Taxes on household income,ets,2026,9.192449766769032,0.3101022768091136,8.795037573719759,9.589861959818306,8.584660467905135,9.80023906563293,"ETS(A,N,N)",1991,2025,35,20260919T085500Z
DEU,Germany,ESA_REV,R03,Taxes on household income,ets,2027,9.192449766769032,0.4385289185921602,8.630452154089411,9.754447379448653,8.332948873369467,10.051950660168597,"ETS(A,N,N)",1991,2025,35,20260919T085500Z
DEU,Germany,ESA_REV,R03,Taxes on household income,ets,2028,9.192449766769032,0.5370770920464055,8.504157545302776,9.880741988235288,8.139798001133391,10.245101532404673,"ETS(A,N,N)",1991,2025,35,20260919T085500Z
DEU,Germany,ESA_REV,R03,Taxes on household income,ets,2029,9.192449766769032,0.6201580388581904,8.39768499175424,9.987214541783825,7.976962336296378,10.407937197241687,"ETS(A,N,N)",1991,2025,35,20260919T085500Z
DEU,Germany,ESA_REV,R03,Taxes on household income,ets,2030,9.192449766769032,0.6933542986957322,8.303880178566919,10.081019354971145,7.83350030208015,10.551399231457914,"ETS(A,N,N)",1991,2025,35,20260919T085500Z
DEU,Germany,ESA_REV,R03,Taxes on household income,ets,2031,9.192449766769032,0.7595290474229829,8.219073796986013,10.165825736552051,7.703800176865693,10.681099356672371,"ETS(A,N,N)",1991,2025,35,20260919T085500Z
DEU,Germany,ESA_REV,R03,Taxes on household income,prophet,2026,9.436627250813702,0.3432927046414236,8.996679798595077,9.876574703032327,8.76378590825388,10.109468593373524,Prophet(linear trend),1991,2025,35,20260919T085500Z
DEU,Germany,ESA_REV,R03,Taxes on household income,prophet,2027,9.490310108464627,0.3353188639368628,9.060581547748612,9.920038669180641,8.833097206627478,10.147523010301775,Prophet(linear trend),1991,2025,35,20260919T085500Z
DEU,Germany,ESA_REV,R03,Taxes on household income,prophet,2028,9.544140042437881,0.32994689707970015,9.121295936591597,9.966984148284165,8.897456002249964,10.190824082625799,Prophet(linear trend),1991,2025,35,20260919T085500Z
DEU,Germany,ESA_REV,R03,Taxes on household income,prophet,2029,9.597822900088806,0.32951476196513524,9.175532597862864,10.020113202314748,8.95198582916857,10.243659971009041,Prophet(linear trend),1991,2025,35,20260919T085500Z
DEU,Germany,ESA_REV,R03,Taxes on household income,prophet,2030,9.651505757739733,0.33065794124037,9.227750411827254,10.075261103652212,9.003428096594492,10.299583418884973,Prophet(linear trend),1991,2025,35,20260919T085500Z
DEU,Germany,ESA_REV,R03,Taxes on household income,prophet,2031,9.705188615390657,0.3517292107910813,9.254429341842926,10.155947888938389,9.015812024491726,10.394565206289588,Prophet(linear trend),1991,2025,35,20260919T085500Z
DEU,Germany,ESA_REV,R03,Taxes on household income,uc,2026,9.20036509670276,0.3082489768460931,8.805328003927695,9.595402189477824,8.596208199047583,9.804521994357936,UC(local linear trend + damped cycle),1991,2025,35,20260919T085500Z
DEU,Germany,ESA_REV,R03,Taxes on household income,uc,2027,9.207993047922955,0.4421778191439379,8.641319179443403,9.774666916402506,8.341340440802325,10.074645655043584,UC(local linear trend + damped cycle),1991,2025,35,20260919T085500Z
DEU,Germany,ESA_REV,R03,Taxes on household income,uc,2028,9.21571072685661,0.5491032151146501,8.512006403320001,9.91941505039322,8.13948819294764,10.29193326076558,UC(local linear trend + damped cycle),1991,2025,35,20260919T085500Z
DEU,Germany,ESA_REV,R03,Taxes on household income,uc,2029,9.22355949566375,0.6426458556571266,8.399975414054648,10.047143577272852,7.963996753826585,10.483122237500915,UC(local linear trend + damped cycle),1991,2025,35,20260919T085500Z
DEU,Germany,ESA_REV,R03,Taxes on household income,uc,2030,9.231296257295709,0.7279824085783483,8.29834894561731,10.164243568974108,7.804476943848854,10.658115570742563,UC(local linear trend + damped cycle),1991,2025,35,20260919T085500Z
DEU,Germany,ESA_REV,R03,Taxes on household income,uc,2031,9.238999322366501,0.8077205944623497,8.203863379092088,10.274135265640915,7.655896035161696,10.822102609571306,UC(local linear trend + damped cycle),1991,2025,35,20260919T085500Z
DEU,Germany,ESA_REV,R04,Taxes on corporate income,auto.arima,2026,2.749448,0.35159547514003026,2.298860115643344,3.200035884356656,2.060333526162646,3.4385624738373544,"ARIMA(0, 1, 0)",1995,2025,31,20260919T085500Z
DEU,Germany,ESA_REV,R04,Taxes on corporate income,auto.arima,2027,2.749448,0.49723108955376927,2.112220502720188,3.3866754972798123,1.7748929647938363,3.724003035206164,"ARIMA(0, 1, 0)",1995,2025,31,20260919T085500Z
DEU,Germany,ESA_REV,R04,Taxes on corporate income,auto.arima,2028,2.749448,0.6089812268852903,1.9690068907227025,3.5298891092772977,1.555866718628999,3.9430292813710013,"ARIMA(0, 1, 0)",1995,2025,31,20260919T085500Z
DEU,Germany,ESA_REV,R04,Taxes on corporate income,auto.arima,2029,2.749448,0.7031909505807067,1.8482722309013941,3.650623769098606,1.3712190517360359,4.127676948263964,"ARIMA(0, 1, 0)",1995,2025,31,20260919T085500Z
DEU,Germany,ESA_REV,R04,Taxes on corporate income,auto.arima,2030,2.749448,0.7861913833529868,1.7419028602812132,3.7569931397187872,1.2085411915179467,4.2903548084820535,"ARIMA(0, 1, 0)",1995,2025,31,20260919T085500Z
DEU,Germany,ESA_REV,R04,Taxes on corporate income,auto.arima,2031,2.749448,0.8612295103736096,1.64573759852168,3.8531584014783204,1.0614691639300986,4.437426836069902,"ARIMA(0, 1, 0)",1995,2025,31,20260919T085500Z
DEU,Germany,ESA_REV,R04,Taxes on corporate income,combination,2026,2.7629070335224073,0.3485981460508633,2.3161603822546315,3.209653684790183,2.079667216795973,3.4461468502488417,mean of 4 + between-model variance,1995,2025,31,20260919T085500Z
DEU,Germany,ESA_REV,R04,Taxes on corporate income,combination,2027,2.7974264937446565,0.4548636478747778,2.2144950760834394,3.3803579114058735,1.9059101190014154,3.6889428684878975,mean of 4 + between-model variance,1995,2025,31,20260919T085500Z
DEU,Germany,ESA_REV,R04,Taxes on corporate income,combination,2028,2.8360984112808127,0.541578887196524,2.142036905236333,3.5301599173252924,1.7746232892155647,3.897573533346061,mean of 4 + between-model variance,1995,2025,31,20260919T085500Z
DEU,Germany,ESA_REV,R04,Taxes on corporate income,combination,2029,2.8634893750578914,0.6152610903504275,2.07500029419712,3.6519784559186625,1.6575997873703059,4.069378962745477,mean of 4 + between-model variance,1995,2025,31,20260919T085500Z
DEU,Germany,ESA_REV,R04,Taxes on corporate income,combination,2030,2.8765146178824805,0.6763189743020027,2.0097766837278,3.743252552037161,1.55095377573363,4.202075460031331,mean of 4 + between-model variance,1995,2025,31,20260919T085500Z
DEU,Germany,ESA_REV,R04,Taxes on corporate income,combination,2031,2.8823400944944835,0.7318138514902608,1.9444825894894366,3.8201975994995303,1.448011290872226,4.316668898116741,mean of 4 + between-model variance,1995,2025,31,20260919T085500Z
DEU,Germany,ESA_REV,R04,Taxes on corporate income,ets,2026,2.7494581593698237,0.3899343920629964,2.2497369593527066,3.249179359386941,1.9852007885644651,3.5137155301751823,"ETS(M,N,N)",1995,2025,31,20260919T085500Z
DEU,Germany,ESA_REV,R04,Taxes on corporate income,ets,2027,2.7494581593698237,0.5555612845535675,2.0374774840276304,3.461438834712017,1.6605780418510754,3.838338276888572,"ETS(M,N,N)",1995,2025,31,20260919T085500Z
DEU,Germany,ESA_REV,R04,Taxes on corporate income,ets,2028,2.7494581593698237,0.670630150426846,1.8900107488299982,3.6089055699096493,1.435047207218621,4.063869111521027,"ETS(M,N,N)",1995,2025,31,20260919T085500Z
DEU,Germany,ESA_REV,R04,Taxes on corporate income,ets,2029,2.7494581593698237,0.7926582004380991,1.733625457281977,3.765290861457671,1.1958766222063653,4.303039696533283,"ETS(M,N,N)",1995,2025,31,20260919T085500Z
DEU,Germany,ESA_REV,R04,Taxes on corporate income,ets,2030,2.7494581593698237,0.8955491050486065,1.601765412696572,3.8971509060430756,0.9942141532423368,4.504702165497311,"ETS(M,N,N)",1995,2025,31,20260919T085500Z
DEU,Germany,ESA_REV,R04,Taxes on corporate income,ets,2031,2.7494581593698237,0.991899437815476,1.4782874510385249,4.020628867701123,0.8053709696312521,4.693545349108396,"ETS(M,N,N)",1995,2025,31,20260919T085500Z
DEU,Germany,ESA_REV,R04,Taxes on corporate income,prophet,2026,2.78314005758411,0.34627754538928057,2.3393673767353866,3.226912738432833,2.1044485346127537,3.461831580555466,Prophet(linear trend),1995,2025,31,20260919T085500Z
DEU,Germany,ESA_REV,R04,Taxes on corporate income,prophet,2027,2.8083945237319496,0.3279973861109197,2.3880488175667285,3.228740229897171,2.1655314548604467,3.4512575926034526,Prophet(linear trend),1995,2025,31,20260919T085500Z
DEU,Germany,ESA_REV,R04,Taxes on corporate income,prophet,2028,2.833718180198003,0.35621646215999847,2.3772082606839327,3.290228099712073,2.1355467381570437,3.531889622238962,Prophet(linear trend),1995,2025,31,20260919T085500Z
DEU,Germany,ESA_REV,R04,Taxes on corporate income,prophet,2029,2.858972646345843,0.3450809092908316,2.4167335168823594,3.301211775809327,2.1826264870485477,3.5353188056431386,Prophet(linear trend),1995,2025,31,20260919T085500Z
DEU,Germany,ESA_REV,R04,Taxes on corporate income,prophet,2030,2.8842271124936834,0.3461097985152918,2.4406694079868143,3.3277848170005524,2.205864367356458,3.5625898576309085,Prophet(linear trend),1995,2025,31,20260919T085500Z
DEU,Germany,ESA_REV,R04,Taxes on corporate income,prophet,2031,2.9094815786415236,0.3501999419597079,2.460682142623176,3.358281014659871,2.2231022995984064,3.5958608576846407,Prophet(linear trend),1995,2025,31,20260919T085500Z
DEU,Germany,ESA_REV,R04,Taxes on corporate income,uc,2026,2.769581917135696,0.29902908473269457,2.3863605955383416,3.1528032387330502,2.183495676106665,3.3556681581647267,UC(local linear trend + damped cycle),1995,2025,31,20260919T085500Z
DEU,Germany,ESA_REV,R04,Taxes on corporate income,uc,2027,2.8824052918768523,0.38497824481984655,2.389035652271488,3.3757749314822165,2.1278617912467666,3.636948792506938,UC(local linear trend + damped cycle),1995,2025,31,20260919T085500Z
DEU,Germany,ESA_REV,R04,Taxes on corporate income,uc,2028,3.0117693055554247,0.4056640508170403,2.491889729902745,3.5316488812081044,2.2166823698598552,3.806856241250994,UC(local linear trend + damped cycle),1995,2025,31,20260919T085500Z
DEU,Germany,ESA_REV,R04,Taxes on corporate income,uc,2029,3.0960786945158976,0.4067970090253666,2.574747174005421,3.617410215026374,2.298771201518504,3.893386187513291,UC(local linear trend + damped cycle),1995,2025,31,20260919T085500Z
DEU,Germany,ESA_REV,R04,Taxes on corporate income,uc,2030,3.1229251996664145,0.4069927534236768,2.6013428225307944,3.6445075768020345,2.325234054695131,3.920616344637698,UC(local linear trend + damped cycle),1995,2025,31,20260919T085500Z
DEU,Germany,ESA_REV,R04,Taxes on corporate income,uc,2031,3.120972639966586,0.41229261065092876,2.592598220201667,3.649347059731505,2.312893965624749,3.929051314308423,UC(local linear trend + damped cycle),1995,2025,31,20260919T085500Z
DEU,Germany,ESA_REV,R05,Other current taxes and capital taxes,auto.arima,2026,0.9823338373072029,0.04912329870964206,0.9193797755992636,1.0452878990151422,0.886053940275058,1.0786137343393478,"ARIMA(1, 0, 0)+drift",1991,2025,35,20260919T085500Z
DEU,Germany,ESA_REV,R05,Other current taxes and capital taxes,auto.arima,2027,0.9615163877332635,0.05933187768791813,0.8854795012185567,1.0375532742479705,0.8452280434125408,1.0778047320539863,"ARIMA(1, 0, 0)+drift",1991,2025,35,20260919T085500Z
DEU,Germany,ESA_REV,R05,Other current taxes and capital taxes,auto.arima,2028,0.9474154567260855,0.06346859710487379,0.8660771491691402,1.0287537642830307,0.8230192912700287,1.0718116221821423,"ARIMA(1, 0, 0)+drift",1991,2025,35,20260919T085500Z
DEU,Germany,ESA_REV,R05,Other current taxes and capital taxes,auto.arima,2029,0.937864034273351,0.06527892714044126,0.8542056946386642,1.0215223739080377,0.8099196871194632,1.0658083814272388,"ARIMA(1, 0, 0)+drift",1991,2025,35,20260919T085500Z
DEU,Germany,ESA_REV,R05,Other current taxes and capital taxes,auto.arima,2030,0.9313942720410443,0.06609294659042109,0.846692724152197,1.0160958199298917,0.8018544760698962,1.0609340680121924,"ARIMA(1, 0, 0)+drift",1991,2025,35,20260919T085500Z
DEU,Germany,ESA_REV,R05,Other current taxes and capital taxes,auto.arima,2031,0.9270119066342459,0.06646309695017626,0.8418359918115537,1.0121878214569382,0.7967466292833907,1.0572771839851012,"ARIMA(1, 0, 0)+drift",1991,2025,35,20260919T085500Z
DEU,Germany,ESA_REV,R05,Other current taxes and capital taxes,combination,2026,0.9956157174173845,0.05552861643811749,0.9244529079638821,1.066778526870887,0.886781628228866,1.104449806605903,mean of 4 + between-model variance,1991,2025,35,20260919T085500Z
DEU,Germany,ESA_REV,R05,Other current taxes and capital taxes,combination,2027,0.9915848327649135,0.0708324222865628,0.9008094003187244,1.0823602652111026,0.8527558350504527,1.1304138304793743,mean of 4 + between-model variance,1991,2025,35,20260919T085500Z
DEU,Germany,ESA_REV,R05,Other current taxes and capital taxes,combination,2028,0.991074518009647,0.08400792413718937,0.8834139948157836,1.0987350412035102,0.8264220109860247,1.1557270250332692,mean of 4 + between-model variance,1991,2025,35,20260919T085500Z
DEU,Germany,ESA_REV,R05,Other current taxes and capital taxes,combination,2029,0.989774262110132,0.0944075869539283,0.8687860302341512,1.1107624939861127,0.8047387903535629,1.1748097338667012,mean of 4 + between-model variance,1991,2025,35,20260919T085500Z
DEU,Germany,ESA_REV,R05,Other current taxes and capital taxes,combination,2030,0.9906355659284503,0.10262415852456148,0.8591173703229814,1.122153761533919,0.7894959096900166,1.1917752221668838,mean of 4 + between-model variance,1991,2025,35,20260919T085500Z
DEU,Germany,ESA_REV,R05,Other current taxes and capital taxes,combination,2031,0.9915163153734379,0.11173734337925076,0.8483190994910723,1.1347135312558034,0.772515144894468,1.2105174858524077,mean of 4 + between-model variance,1991,2025,35,20260919T085500Z
DEU,Germany,ESA_REV,R05,Other current taxes and capital taxes,ets,2026,1.0029297169815816,0.05866062282084516,0.9277530784842819,1.0781063554788815,0.8879570080351467,1.1179024259280166,"ETS(M,N,N)",1991,2025,35,20260919T085500Z
DEU,Germany,ESA_REV,R05,Other current taxes and capital taxes,ets,2027,1.0029297169815816,0.07795494013691483,0.9030264075392381,1.102833026423925,0.8501408406910735,1.1557185932720897,"ETS(M,N,N)",1991,2025,35,20260919T085500Z
DEU,Germany,ESA_REV,R05,Other current taxes and capital taxes,ets,2028,1.0029297169815816,0.09650120335913988,0.8792584068142691,1.126601027148894,0.8137908324409884,1.1920686015221749,"ETS(M,N,N)",1991,2025,35,20260919T085500Z
DEU,Germany,ESA_REV,R05,Other current taxes and capital taxes,ets,2029,1.0029297169815816,0.10973147903446857,0.8623031205620003,1.1435563134011628,0.7878599684072685,1.2179994655558948,"ETS(M,N,N)",1991,2025,35,20260919T085500Z
DEU,Germany,ESA_REV,R05,Other current taxes and capital taxes,ets,2030,1.0029297169815816,0.11855952756295698,0.850989517314219,1.1548699166489442,0.7705573111011782,1.235302122861985,"ETS(M,N,N)",1991,2025,35,20260919T085500Z
DEU,Germany,ESA_REV,R05,Other current taxes and capital taxes,ets,2031,1.0029297169815816,0.1319286512859621,0.8338562900687543,1.172003143894409,0.7443543098925423,1.261505124070621,"ETS(M,N,N)",1991,2025,35,20260919T085500Z
DEU,Germany,ESA_REV,R05,Other current taxes and capital taxes,prophet,2026,0.979535195143634,0.05164327974206443,0.9133516467036318,1.0457187435836361,0.8783162260072583,1.0807541642800096,Prophet(linear trend),1991,2025,35,20260919T085500Z
DEU,Germany,ESA_REV,R05,Other current taxes and capital taxes,prophet,2027,0.9838410602024718,0.05400480403502327,0.9146310955817796,1.053051024823164,0.8779935884667713,1.0896885319381722,Prophet(linear trend),1991,2025,35,20260919T085500Z
DEU,Germany,ESA_REV,R05,Other current taxes and capital taxes,prophet,2028,0.9881587221518817,0.050753229928550775,0.9231158188304877,1.053201625473276,0.8886842186081996,1.0876332256955639,Prophet(linear trend),1991,2025,35,20260919T085500Z
DEU,Germany,ESA_REV,R05,Other current taxes and capital taxes,prophet,2029,0.9924645872107195,0.05364234946025755,0.9237191269752275,1.0612100474462114,0.8873275133931953,1.0976016610282437,Prophet(linear trend),1991,2025,35,20260919T085500Z
DEU,Germany,ESA_REV,R05,Other current taxes and capital taxes,prophet,2030,0.9967704522695573,0.05059092275929101,0.9319355540255424,1.0616053505135723,0.8976140649345663,1.0959268396045483,Prophet(linear trend),1991,2025,35,20260919T085500Z
DEU,Germany,ESA_REV,R05,Other current taxes and capital taxes,prophet,2031,1.0010763173283952,0.050272335923264494,0.9366497046812637,1.0655029299755268,0.90254434872289,1.0996082859339005,Prophet(linear trend),1991,2025,35,20260919T085500Z
DEU,Germany,ESA_REV,R05,Other current taxes and capital taxes,uc,2026,1.0176641202371197,0.05013005647896321,0.9534198460963914,1.081908394377848,0.9194110142203851,1.1159172262538544,UC(local linear trend + damped cycle),1991,2025,35,20260919T085500Z
DEU,Germany,ESA_REV,R05,Other current taxes and capital taxes,uc,2027,1.0180521661423372,0.07186162778920253,0.9259577533258291,1.1101465789588452,0.8772059626941007,1.1588983695905737,UC(local linear trend + damped cycle),1991,2025,35,20260919T085500Z
DEU,Germany,ESA_REV,R05,Other current taxes and capital taxes,uc,2028,1.0257941761790386,0.08924798027598824,0.9114182485603852,1.140170103797692,0.8508713477653915,1.2007170045926856,UC(local linear trend + damped cycle),1991,2025,35,20260919T085500Z
DEU,Germany,ESA_REV,R05,Other current taxes and capital taxes,uc,2029,1.0258387099748758,0.10442144939954992,0.8920171926539838,1.159660227295768,0.8211764283239363,1.2305009916258154,UC(local linear trend + damped cycle),1991,2025,35,20260919T085500Z
DEU,Germany,ESA_REV,R05,Other current taxes and capital taxes,uc,2030,1.0314478224216177,0.11828293257341402,0.8798620936162938,1.1830335512269416,0.7996175327632988,1.2632781120799366,UC(local linear trend + damped cycle),1991,2025,35,20260919T085500Z
DEU,Germany,ESA_REV,R05,Other current taxes and capital taxes,uc,2031,1.0350473205495287,0.13122962140276268,0.8668697367815754,1.203224904317482,0.7778419868664844,1.292252654232573,UC(local linear trend + damped cycle),1991,2025,35,20260919T085500Z
DEU,Germany,ESA_REV,R06,Net social contributions,auto.arima,2026,18.502446904191313,0.3656151553925555,18.033892070567674,18.97100173781495,17.7858543617675,19.219039446615128,"ARIMA(0, 1, 1)",1995,2025,31,20260919T085500Z
DEU,Germany,ESA_REV,R06,Net social contributions,auto.arima,2027,18.502446904191313,0.6598655526099667,17.656794885512905,19.34809892286972,17.209134176235672,19.795759632146954,"ARIMA(0, 1, 1)",1995,2025,31,20260919T085500Z
DEU,Germany,ESA_REV,R06,Net social contributions,auto.arima,2028,18.502446904191313,0.8585864273267946,17.402123751077806,19.60277005730482,16.81964841574218,20.185245392640446,"ARIMA(0, 1, 1)",1995,2025,31,20260919T085500Z
DEU,Germany,ESA_REV,R06,Net social contributions,auto.arima,2029,18.502446904191313,1.0192736427762288,17.19619472874415,19.808699079638476,16.504707258201044,20.50018655018158,"ARIMA(0, 1, 1)",1995,2025,31,20260919T085500Z
DEU,Germany,ESA_REV,R06,Net social contributions,auto.arima,2030,18.502446904191313,1.1578716960556799,17.018574116367763,19.986319692014863,16.23306006330324,20.771833745079388,"ARIMA(0, 1, 1)",1995,2025,31,20260919T085500Z
DEU,Germany,ESA_REV,R06,Net social contributions,auto.arima,2031,18.502446904191313,1.281567388082027,16.860051654860015,20.14484215352261,15.99062095997651,21.014272848406115,"ARIMA(0, 1, 1)",1995,2025,31,20260919T085500Z
DEU,Germany,ESA_REV,R06,Net social contributions,combination,2026,18.11962551359852,0.5765824132318979,17.380705168756357,18.858545858440685,16.989544740630876,19.249706286566166,mean of 4 + between-model variance,1995,2025,31,20260919T085500Z
DEU,Germany,ESA_REV,R06,Net social contributions,combination,2027,18.08455937287023,0.6721452142494226,17.223170329258455,18.945948416482008,16.767178950169075,19.401939795571387,mean of 4 + between-model variance,1995,2025,31,20260919T085500Z
DEU,Germany,ESA_REV,R06,Net social contributions,combination,2028,18.082508758492015,0.7573309958604639,17.111949706085046,19.053067810898984,16.598167270521355,19.566850246462675,mean of 4 + between-model variance,1995,2025,31,20260919T085500Z
DEU,Germany,ESA_REV,R06,Net social contributions,combination,2029,18.17327745948154,0.8310315915995646,17.108267261203935,19.238287657759145,16.54448545708369,19.802069461879388,mean of 4 + between-model variance,1995,2025,31,20260919T085500Z
DEU,Germany,ESA_REV,R06,Net social contributions,combination,2030,18.314080461529716,0.9339217541259861,17.11721116968605,19.51094975337338,16.48362744462593,20.1445334784335,mean of 4 + between-model variance,1995,2025,31,20260919T085500Z
DEU,Germany,ESA_REV,R06,Net social contributions,combination,2031,18.431549208235584,1.0798308689792426,17.0476897984335,19.81540861803767,16.315119578947552,20.547978837523615,mean of 4 + between-model variance,1995,2025,31,20260919T085500Z
DEU,Germany,ESA_REV,R06,Net social contributions,ets,2026,18.166412897004502,0.406907581002316,17.64493967275582,18.687886121253182,17.36888868691288,18.963937107096125,"ETS(M,N,N)",1995,2025,31,20260919T085500Z
DEU,Germany,ESA_REV,R06,Net social contributions,ets,2027,18.166412897004502,0.6043789235289067,17.391869878798186,18.940955915210818,16.981851964529092,19.350973829479912,"ETS(M,N,N)",1995,2025,31,20260919T085500Z
DEU,Germany,ESA_REV,R06,Net social contributions,ets,2028,18.166412897004502,0.7161568745719215,17.248620622083106,19.0842051719259,16.76277120449102,19.570054589517984,"ETS(M,N,N)",1995,2025,31,20260919T085500Z
DEU,Germany,ESA_REV,R06,Net social contributions,ets,2029,18.166412897004502,0.8214057959508202,17.113738656392137,19.219087137616867,16.55648710754955,19.776338686459454,"ETS(M,N,N)",1995,2025,31,20260919T085500Z
DEU,Germany,ESA_REV,R06,Net social contributions,ets,2030,18.166412897004502,0.8856439430546421,17.03141413049494,19.301411663514063,16.430582651799355,19.90224314220965,"ETS(M,N,N)",1995,2025,31,20260919T085500Z
DEU,Germany,ESA_REV,R06,Net social contributions,ets,2031,18.166412897004502,0.9875465621124212,16.900820625236204,19.4320051687728,16.23085718694039,20.101968607068613,"ETS(M,N,N)",1995,2025,31,20260919T085500Z
DEU,Germany,ESA_REV,R06,Net social contributions,prophet,2026,17.483659126336896,0.3421890439033304,17.045126072744495,17.922192179929297,16.81298091909195,18.154337333581843,Prophet(linear trend),1995,2025,31,20260919T085500Z
DEU,Germany,ESA_REV,R06,Net social contributions,prophet,2027,17.586348156023146,0.34905109245005056,17.1390210303916,18.03367528165469,16.902220580660376,18.270475731385915,Prophet(linear trend),1995,2025,31,20260919T085500Z
DEU,Germany,ESA_REV,R06,Net social contributions,prophet,2028,17.68931852551675,0.34558960789399285,17.246427472340986,18.132209578692514,17.011975335270407,18.366661715763094,Prophet(linear trend),1995,2025,31,20260919T085500Z
DEU,Germany,ESA_REV,R06,Net social contributions,prophet,2029,17.792007555203,0.3671585166348016,17.321474823892636,18.262540286513364,17.07239008030539,18.51162503010061,Prophet(linear trend),1995,2025,31,20260919T085500Z
DEU,Germany,ESA_REV,R06,Net social contributions,prophet,2030,17.89469658488925,0.3599030626683647,17.433462095120483,18.355931074658017,17.18929953856951,18.60009363120899,Prophet(linear trend),1995,2025,31,20260919T085500Z
DEU,Germany,ESA_REV,R06,Net social contributions,prophet,2031,17.9973856145755,0.37432991967217843,17.51766235735978,18.47710887179122,17.263712447895138,18.73105878125586,Prophet(linear trend),1995,2025,31,20260919T085500Z
DEU,Germany,ESA_REV,R06,Net social contributions,uc,2026,18.32598312686138,0.34507521653965456,17.883751292954553,18.76821496076821,17.649648125151455,19.002318128571307,UC(local linear trend + damped cycle),1995,2025,31,20260919T085500Z
DEU,Germany,ESA_REV,R06,Net social contributions,uc,2027,18.083029534261968,0.558439492358382,17.367360285951097,18.79869878257284,16.988508233061264,19.17755083546267,UC(local linear trend + damped cycle),1995,2025,31,20260919T085500Z
DEU,Germany,ESA_REV,R06,Net social contributions,uc,2028,17.9718567072555,0.6765675142433565,17.104800256241898,18.838913158269104,16.645808735769034,19.29790467874197,UC(local linear trend + damped cycle),1995,2025,31,20260919T085500Z
DEU,Germany,ESA_REV,R06,Net social contributions,uc,2029,18.23224248152734,0.7556661933371576,17.26381696012372,19.20066800293096,16.75116394656947,19.71332101648521,UC(local linear trend + damped cycle),1995,2025,31,20260919T085500Z
DEU,Germany,ESA_REV,R06,Net social contributions,uc,2030,18.692765460033794,0.8556751980292051,17.59617319864907,19.78935772141852,17.01567287620368,20.369858043863907,UC(local linear trend + damped cycle),1995,2025,31,20260919T085500Z
DEU,Germany,ESA_REV,R06,Net social contributions,uc,2031,19.059951417171018,1.0139384953395991,17.760536510591564,20.35936632375047,17.072668468091237,21.047234366250798,UC(local linear trend + damped cycle),1995,2025,31,20260919T085500Z
DEU,Germany,ESA_REV,R06_E,Employers' actual social contributions,auto.arima,2026,7.319349747639854,0.12989196937035313,7.152886434509339,7.485813060770369,7.064766163784859,7.573933331494849,"ARIMA(1, 0, 1)+drift",1991,2025,35,20260919T085500Z
DEU,Germany,ESA_REV,R06_E,Employers' actual social contributions,auto.arima,2027,7.251219071515669,0.22624799166493711,6.961270505301485,7.541167637729853,6.807781152780092,7.694656990251246,"ARIMA(1, 0, 1)+drift",1991,2025,35,20260919T085500Z
DEU,Germany,ESA_REV,R06_E,Employers' actual social contributions,auto.arima,2028,7.193021417864291,0.2760935045422286,6.839193234931188,7.546849600797393,6.651888088327686,7.734154747400895,"ARIMA(1, 0, 1)+drift",1991,2025,35,20260919T085500Z
DEU,Germany,ESA_REV,R06_E,Employers' actual social contributions,auto.arima,2029,7.143308614715938,0.30740548716455385,6.749352497829229,7.537264731602646,6.54080492647095,7.745812302960926,"ARIMA(1, 0, 1)+drift",1991,2025,35,20260919T085500Z
DEU,Germany,ESA_REV,R06_E,Employers' actual social contributions,auto.arima,2030,7.100843624431774,0.3283740976489888,6.680015142841517,7.521672106022031,6.457242214507271,7.744445034356277,"ARIMA(1, 0, 1)+drift",1991,2025,35,20260919T085500Z
DEU,Germany,ESA_REV,R06_E,Employers' actual social contributions,auto.arima,2031,7.06456976165134,0.3428659507823843,6.625169216694274,7.503970306608406,6.392564841292095,7.736574682010585,"ARIMA(1, 0, 1)+drift",1991,2025,35,20260919T085500Z
DEU,Germany,ESA_REV,R06_E,Employers' actual social contributions,combination,2026,7.227018838023622,0.2304502867121774,6.931684812187058,7.522352863860187,6.775344572278076,7.678693103769168,mean of 4 + between-model variance,1991,2025,35,20260919T085500Z
DEU,Germany,ESA_REV,R06_E,Employers' actual social contributions,combination,2027,7.255262545590128,0.29040711748505993,6.883090723362915,7.627434367817341,6.68607504997564,7.824450041204615,mean of 4 + between-model variance,1991,2025,35,20260919T085500Z
DEU,Germany,ESA_REV,R06_E,Employers' actual social contributions,combination,2028,7.286024217663642,0.36228062716545767,6.821742755358495,7.750305679968789,6.575967230521923,7.996081204805361,mean of 4 + between-model variance,1991,2025,35,20260919T085500Z
DEU,Germany,ESA_REV,R06_E,Employers' actual social contributions,combination,2029,7.318872385716167,0.43788565904791066,6.757699143591999,7.880045627840335,6.4606322578659885,8.177112513566346,mean of 4 + between-model variance,1991,2025,35,20260919T085500Z
DEU,Germany,ESA_REV,R06_E,Employers' actual social contributions,combination,2030,7.353532517035431,0.5193885984033757,6.687909019974388,8.019156014096474,6.335549562154357,8.371515471916505,mean of 4 + between-model variance,1991,2025,35,20260919T085500Z
DEU,Germany,ESA_REV,R06_E,Employers' actual social contributions,combination,2031,7.389740429757334,0.6026403190633297,6.617425523581086,8.162055335933582,6.208587099444694,8.570893760069975,mean of 4 + between-model variance,1991,2025,35,20260919T085500Z
DEU,Germany,ESA_REV,R06_E,Employers' actual social contributions,ets,2026,7.23557252569903,0.14981529738681,7.04357643170237,7.427568619695691,6.941939936171589,7.529205115226472,"ETS(A,N,N)",1991,2025,35,20260919T085500Z
DEU,Germany,ESA_REV,R06_E,Employers' actual social contributions,ets,2027,7.23557252569903,0.21186023213896615,6.964062621480874,7.507082429917187,6.820334097675014,7.650810953723047,"ETS(A,N,N)",1991,2025,35,20260919T085500Z
DEU,Germany,ESA_REV,R06_E,Employers' actual social contributions,ets,2028,7.23557252569903,0.2594704079328799,6.903047705471832,7.568097345926229,6.727019867085271,7.744125184312789,"ETS(A,N,N)",1991,2025,35,20260919T085500Z
DEU,Germany,ESA_REV,R06_E,Employers' actual social contributions,ets,2029,7.23557252569903,0.29960812275993715,6.851609136759787,7.6195359146382735,6.648351390981973,7.822793660416088,"ETS(A,N,N)",1991,2025,35,20260919T085500Z
DEU,Germany,ESA_REV,R06_E,Employers' actual social contributions,ets,2030,7.23557252569903,0.33497038951915126,6.806290553069983,7.6648544983280775,6.579042621175517,7.892102430222544,"ETS(A,N,N)",1991,2025,35,20260919T085500Z
DEU,Germany,ESA_REV,R06_E,Employers' actual social contributions,ets,2031,7.23557252569903,0.3669404535963433,6.76531925351173,7.705825797886331,6.516382446506527,7.954762604891534,"ETS(A,N,N)",1991,2025,35,20260919T085500Z
DEU,Germany,ESA_REV,R06_E,Employers' actual social contributions,prophet,2026,6.9871013295851805,0.18433600776077752,6.750865150167341,7.22333750900302,6.6258093904703355,7.3483932687000255,Prophet(linear trend),1991,2025,35,20260919T085500Z
DEU,Germany,ESA_REV,R06_E,Employers' actual social contributions,prophet,2027,7.037761999718549,0.18762349735875086,6.797312731431448,7.278211268005651,6.670026699341303,7.405497300095796,Prophet(linear trend),1991,2025,35,20260919T085500Z
DEU,Germany,ESA_REV,R06_E,Employers' actual social contributions,prophet,2028,7.088561466208449,0.19259750241935633,6.841737751787918,7.33538518062898,6.711077294976597,7.466045637440301,Prophet(linear trend),1991,2025,35,20260919T085500Z
DEU,Germany,ESA_REV,R06_E,Employers' actual social contributions,prophet,2029,7.139222136341819,0.17799989286499343,6.9111060176409005,7.367338255042737,6.790348754322575,7.488095518361063,Prophet(linear trend),1991,2025,35,20260919T085500Z
DEU,Germany,ESA_REV,R06_E,Employers' actual social contributions,prophet,2030,7.189882806475189,0.18556760672646963,6.9520682689396684,7.427697344010709,6.826176977725151,7.553588635225227,Prophet(linear trend),1991,2025,35,20260919T085500Z
DEU,Germany,ESA_REV,R06_E,Employers' actual social contributions,prophet,2031,7.240543476608559,0.18899697698165793,6.9983340227637605,7.482752930453357,6.87011620561568,7.610970747601437,Prophet(linear trend),1991,2025,35,20260919T085500Z
DEU,Germany,ESA_REV,R06_E,Employers' actual social contributions,uc,2026,7.366051749170424,0.15858140773793764,7.162821428921054,7.569282069419794,7.055237898934745,7.676865599406103,UC(local linear trend + damped cycle),1991,2025,35,20260919T085500Z
DEU,Germany,ESA_REV,R06_E,Employers' actual social contributions,uc,2027,7.496496585427261,0.2546837760042074,7.170106082921517,7.822887087933005,6.99732555307495,7.995667617779572,UC(local linear trend + damped cycle),1991,2025,35,20260919T085500Z
DEU,Germany,ESA_REV,R06_E,Employers' actual social contributions,uc,2028,7.626941460882796,0.3499448036345148,7.178468997895377,8.075413923870215,6.941062243772079,8.312820677993514,UC(local linear trend + damped cycle),1991,2025,35,20260919T085500Z
DEU,Germany,ESA_REV,R06_E,Employers' actual social contributions,uc,2029,7.757386266107882,0.44861426559185497,7.182463756810109,8.332308775405656,6.878118455661408,8.636654076554356,UC(local linear trend + damped cycle),1991,2025,35,20260919T085500Z
DEU,Germany,ESA_REV,R06_E,Employers' actual social contributions,uc,2030,7.887831111535728,0.5518678123195657,7.180583812921963,8.595078410149492,6.806190066630622,8.969472156440833,UC(local linear trend + damped cycle),1991,2025,35,20260919T085500Z
DEU,Germany,ESA_REV,R06_E,Employers' actual social contributions,uc,2031,8.018275955070408,0.6600647024192547,7.172368715555607,8.864183194585209,6.7245729006579555,9.31197900948286,UC(local linear trend + damped cycle),1991,2025,35,20260919T085500Z
DEU,Germany,ESA_REV,R06_H,Households' actual social contributions,auto.arima,2026,10.005508496194985,0.212982014981937,9.732560968930853,10.278456023459116,9.588071414182927,10.422945578207042,"ARIMA(0, 1, 1)",1995,2025,31,20260919T085500Z
DEU,Germany,ESA_REV,R06_H,Households' actual social contributions,auto.arima,2027,10.005508496194985,0.3941079329166371,9.500438686549803,10.510578305840166,9.23307113556396,10.777945856826008,"ARIMA(0, 1, 1)",1995,2025,31,20260919T085500Z
DEU,Germany,ESA_REV,R06_H,Households' actual social contributions,auto.arima,2028,10.005508496194985,0.5150541591618142,9.345439808412843,10.665577183977126,8.996020886187559,11.01499610620241,"ARIMA(0, 1, 1)",1995,2025,31,20260919T085500Z
DEU,Germany,ESA_REV,R06_H,Households' actual social contributions,auto.arima,2029,10.005508496194985,0.612568780588712,9.22046975029396,10.79054724209601,8.80489573871721,11.206121253672759,"ARIMA(0, 1, 1)",1995,2025,31,20260919T085500Z
DEU,Germany,ESA_REV,R06_H,Households' actual social contributions,auto.arima,2030,10.005508496194985,0.6965631594004952,9.112826586138961,10.898190406251008,8.640269780043752,11.370747212346217,"ARIMA(0, 1, 1)",1995,2025,31,20260919T085500Z
DEU,Germany,ESA_REV,R06_H,Households' actual social contributions,auto.arima,2031,10.005508496194985,0.7714661101539452,9.016834559794976,10.994182432594993,8.493462693073218,11.517554299316751,"ARIMA(0, 1, 1)",1995,2025,31,20260919T085500Z
DEU,Germany,ESA_REV,R06_H,Households' actual social contributions,combination,2026,9.74357552138538,0.36621116011970983,9.274256876711645,10.212894166059113,9.025814831152513,10.461336211618246,mean of 4 + between-model variance,1995,2025,31,20260919T085500Z
DEU,Germany,ESA_REV,R06_H,Households' actual social contributions,combination,2027,9.720303263041293,0.41854737681550286,9.183913035188631,10.256693490893955,8.899965472188473,10.540641053894113,mean of 4 + between-model variance,1995,2025,31,20260919T085500Z
DEU,Germany,ESA_REV,R06_H,Households' actual social contributions,combination,2028,9.723556708929783,0.46810143644608687,9.123660376849427,10.323453041010138,8.806094745147165,10.6410186727124,mean of 4 + between-model variance,1995,2025,31,20260919T085500Z
DEU,Germany,ESA_REV,R06_H,Households' actual social contributions,combination,2029,9.775801389237232,0.5143098489739113,9.116686573665017,10.434916204809447,8.767772600402928,10.783830178071536,mean of 4 + between-model variance,1995,2025,31,20260919T085500Z
DEU,Germany,ESA_REV,R06_H,Households' actual social contributions,combination,2030,9.849257711649113,0.5755303479587126,9.111685643161929,10.586829780136297,8.721238948742563,10.977276474555662,mean of 4 + between-model variance,1995,2025,31,20260919T085500Z
DEU,Germany,ESA_REV,R06_H,Households' actual social contributions,combination,2031,9.90895124268991,0.6553678835834588,9.069063220747761,10.748839264632057,8.62445378411014,11.193448701269679,mean of 4 + between-model variance,1995,2025,31,20260919T085500Z
DEU,Germany,ESA_REV,R06_H,Households' actual social contributions,ets,2026,9.798122904096491,0.25119712701674285,9.47620072357393,10.120045084619052,9.305785578240247,10.290460229952735,"ETS(M,N,N)",1995,2025,31,20260919T085500Z
DEU,Germany,ESA_REV,R06_H,Households' actual social contributions,ets,2027,9.798122904096491,0.3538408553160139,9.344657448284543,10.251588359908439,9.104607565947894,10.491638242245088,"ETS(M,N,N)",1995,2025,31,20260919T085500Z
DEU,Germany,ESA_REV,R06_H,Households' actual social contributions,ets,2028,9.798122904096491,0.42404415733579354,9.25468826617449,10.341557542018492,8.967011621308,10.629234186884982,"ETS(M,N,N)",1995,2025,31,20260919T085500Z
DEU,Germany,ESA_REV,R06_H,Households' actual social contributions,ets,2029,9.798122904096491,0.5011165478907746,9.155915989913973,10.44032981827901,8.815952510426296,10.780293297766686,"ETS(M,N,N)",1995,2025,31,20260919T085500Z
DEU,Germany,ESA_REV,R06_H,Households' actual social contributions,ets,2030,9.798122904096491,0.5371592067465351,9.109725448372055,10.486520359820927,8.745310196604725,10.850935611588257,"ETS(M,N,N)",1995,2025,31,20260919T085500Z
DEU,Germany,ESA_REV,R06_H,Households' actual social contributions,ets,2031,9.798122904096491,0.600345113830195,9.028749422777178,10.567496385415804,8.621468093413407,10.974777714779576,"ETS(M,N,N)",1995,2025,31,20260919T085500Z
DEU,Germany,ESA_REV,R06_H,Households' actual social contributions,prophet,2026,9.321962698287324,0.2034344471338723,9.061250875694016,9.582674520880632,8.923238505545031,9.720686891029617,Prophet(linear trend),1995,2025,31,20260919T085500Z
DEU,Germany,ESA_REV,R06_H,Households' actual social contributions,prophet,2027,9.36701634649272,0.19752717352224,9.113875002210946,9.620157690774494,8.979870197367376,9.754162495618065,Prophet(linear trend),1995,2025,31,20260919T085500Z
DEU,Germany,ESA_REV,R06_H,Households' actual social contributions,prophet,2028,9.412193429350733,0.20884378640152743,9.144549257200282,9.679837601501184,9.00286712638005,9.821519732321416,Prophet(linear trend),1995,2025,31,20260919T085500Z
DEU,Germany,ESA_REV,R06_H,Households' actual social contributions,prophet,2029,9.457247077556127,0.20118937649530533,9.199412429729817,9.715081725382438,9.062923142442884,9.851571012669371,Prophet(linear trend),1995,2025,31,20260919T085500Z
DEU,Germany,ESA_REV,R06_H,Households' actual social contributions,prophet,2030,9.502300725761524,0.21323566018231666,9.229028138983555,9.775573312539493,9.08436650828795,9.920234943235098,Prophet(linear trend),1995,2025,31,20260919T085500Z
DEU,Germany,ESA_REV,R06_H,Households' actual social contributions,prophet,2031,9.54735437396692,0.2223624169877704,9.262385373751409,9.832323374182431,9.1115320417179,9.98317670621594,Prophet(linear trend),1995,2025,31,20260919T085500Z
DEU,Germany,ESA_REV,R06_H,Households' actual social contributions,uc,2026,9.848707986962713,0.19850155670397523,9.59431791996562,10.103098053959807,9.459652081878964,10.237763892046463,UC(local linear trend + damped cycle),1995,2025,31,20260919T085500Z
DEU,Germany,ESA_REV,R06_H,Households' actual social contributions,uc,2027,9.710565305380976,0.3132310684307533,9.309143403171408,10.111987207590545,9.096643687575163,10.32448692318679,UC(local linear trend + damped cycle),1995,2025,31,20260919T085500Z
DEU,Germany,ESA_REV,R06_H,Households' actual social contributions,uc,2028,9.678402006076922,0.3773264307833239,9.194838564053692,10.161965448100153,8.938855785493116,10.417948226660728,UC(local linear trend + damped cycle),1995,2025,31,20260919T085500Z
DEU,Germany,ESA_REV,R06_H,Households' actual social contributions,uc,2029,9.842327079101324,0.4230857080818108,9.300120743737663,10.384533414464984,9.013094322346465,10.671559835856183,UC(local linear trend + damped cycle),1995,2025,31,20260919T085500Z
DEU,Germany,ESA_REV,R06_H,Households' actual social contributions,uc,2030,10.091098720543451,0.4808367332204536,9.474881443411313,10.70731599767559,9.148676033553759,11.033521407533144,UC(local linear trend + damped cycle),1995,2025,31,20260919T085500Z
DEU,Germany,ESA_REV,R06_H,Households' actual social contributions,uc,2031,10.284819196501243,0.5670055919856015,9.55817204608091,11.011466346921575,9.173508648410776,11.39612974459171,UC(local linear trend + damped cycle),1995,2025,31,20260919T085500Z
DEU,Germany,ESA_REV,R06_X,Imputed and supplementary social contributions (D.612 + D.614 - D.61SC),auto.arima,2026,1.132722,0.04171554905391336,1.0792613546788592,1.1861826453211408,1.0509610256140958,1.2144829743859042,"ARIMA(0, 1, 0)",1995,2025,31,20260919T085500Z
DEU,Germany,ESA_REV,R06_X,Imputed and supplementary social contributions (D.612 + D.614 - D.61SC),auto.arima,2027,1.132722,0.058994694822027,1.0571172308614416,1.2083267691385584,1.0170945219578407,1.2483494780421593,"ARIMA(0, 1, 0)",1995,2025,31,20260919T085500Z
DEU,Germany,ESA_REV,R06_X,Imputed and supplementary social contributions (D.612 + D.614 - D.61SC),auto.arima,2028,1.132722,0.07225344975444949,1.0401254469602859,1.2253185530397142,0.9911078396054702,1.2743361603945298,"ARIMA(0, 1, 0)",1995,2025,31,20260919T085500Z
DEU,Germany,ESA_REV,R06_X,Imputed and supplementary social contributions (D.612 + D.614 - D.61SC),auto.arima,2029,1.132722,0.08343109723414527,1.0258007104773867,1.2396432895226133,0.9692000529405758,1.2962439470594243,"ARIMA(0, 1, 0)",1995,2025,31,20260919T085500Z
DEU,Germany,ESA_REV,R06_X,Imputed and supplementary social contributions (D.612 + D.614 - D.61SC),auto.arima,2030,1.132722,0.09327880236135144,1.0131803642762054,1.2522636357237946,0.9498989054086362,1.3155450945913638,"ARIMA(0, 1, 0)",1995,2025,31,20260919T085500Z
DEU,Germany,ESA_REV,R06_X,Imputed and supplementary social contributions (D.612 + D.614 - D.61SC),auto.arima,2031,1.132722,0.10218180833319948,1.0017706991669715,1.2636733008330285,0.932449334212029,1.332994665787971,"ARIMA(0, 1, 0)",1995,2025,31,20260919T085500Z
DEU,Germany,ESA_REV,R06_X,Imputed and supplementary social contributions (D.612 + D.614 - D.61SC),combination,2026,1.1172860579225525,0.04491136900398674,1.0597298031527553,1.1748423126923497,1.0292613914840227,1.2053107243610823,mean of 4 + between-model variance,1995,2025,31,20260919T085500Z
DEU,Germany,ESA_REV,R06_X,Imputed and supplementary social contributions (D.612 + D.614 - D.61SC),combination,2027,1.1125531212341788,0.05513197837832131,1.0418986240794843,1.1832076183888733,1.0044964283638906,1.220609814104467,mean of 4 + between-model variance,1995,2025,31,20260919T085500Z
DEU,Germany,ESA_REV,R06_X,Imputed and supplementary social contributions (D.612 + D.614 - D.61SC),combination,2028,1.106550781410343,0.06494089051468105,1.0233256532894726,1.1897759095312135,0.9792689738736267,1.2338325889470594,mean of 4 + between-model variance,1995,2025,31,20260919T085500Z
DEU,Germany,ESA_REV,R06_X,Imputed and supplementary social contributions (D.612 + D.614 - D.61SC),combination,2029,1.1022460265387863,0.07368442630112682,1.0078156026437246,1.196676450433848,0.9578272036279246,1.246664849449648,mean of 4 + between-model variance,1995,2025,31,20260919T085500Z
DEU,Germany,ESA_REV,R06_X,Imputed and supplementary social contributions (D.612 + D.614 - D.61SC),combination,2030,1.1004500297719924,0.08100812443236846,0.9966339058894417,1.204266153654543,0.9416770221770298,1.259223037366955,mean of 4 + between-model variance,1995,2025,31,20260919T085500Z
DEU,Germany,ESA_REV,R06_X,Imputed and supplementary social contributions (D.612 + D.614 - D.61SC),combination,2031,1.099191937745704,0.08847930323210741,0.9858011097299902,1.2125827657614177,0.9257756886656898,1.2726081868257182,mean of 4 + between-model variance,1995,2025,31,20260919T085500Z
DEU,Germany,ESA_REV,R06_X,Imputed and supplementary social contributions (D.612 + D.614 - D.61SC),ets,2026,1.1327184671089812,0.03836169072133501,1.083555965641673,1.1818809685762894,1.0575309343160306,1.2079059999019317,"ETS(M,N,N)",1995,2025,31,20260919T085500Z
DEU,Germany,ESA_REV,R06_X,Imputed and supplementary social contributions (D.612 + D.614 - D.61SC),ets,2027,1.1327184671089812,0.05110437456026389,1.067225553682526,1.1982113805354364,1.032555732728348,1.2328812014896142,"ETS(M,N,N)",1995,2025,31,20260919T085500Z
DEU,Germany,ESA_REV,R06_X,Imputed and supplementary social contributions (D.612 + D.614 - D.61SC),ets,2028,1.1327184671089812,0.06348943490048169,1.0513534548333991,1.2140834793845632,1.0082814603236936,1.2571554738942687,"ETS(M,N,N)",1995,2025,31,20260919T085500Z
DEU,Germany,ESA_REV,R06_X,Imputed and supplementary social contributions (D.612 + D.614 - D.61SC),ets,2029,1.1327184671089812,0.0718156446003622,1.0406829841400977,1.2247539500778646,0.9919623890554768,1.2734745451624856,"ETS(M,N,N)",1995,2025,31,20260919T085500Z
DEU,Germany,ESA_REV,R06_X,Imputed and supplementary social contributions (D.612 + D.614 - D.61SC),ets,2030,1.1327184671089812,0.08239965691000005,1.0271190219966568,1.2383179122213055,0.9712181059530298,1.2942188282649325,"ETS(M,N,N)",1995,2025,31,20260919T085500Z
DEU,Germany,ESA_REV,R06_X,Imputed and supplementary social contributions (D.612 + D.614 - D.61SC),ets,2031,1.1327184671089812,0.09313615354608963,1.013359643259683,1.2520772909582794,0.9501749590601731,1.3152619751577892,"ETS(M,N,N)",1995,2025,31,20260919T085500Z
DEU,Germany,ESA_REV,R06_X,Imputed and supplementary social contributions (D.612 + D.614 - D.61SC),prophet,2026,1.0827749647591287,0.038435547245843374,1.0335178123151236,1.1320321172031338,1.0074426758369766,1.1581072536812809,Prophet(linear trend),1995,2025,31,20260919T085500Z
DEU,Germany,ESA_REV,R06_X,Imputed and supplementary social contributions (D.612 + D.614 - D.61SC),prophet,2027,1.076002768397478,0.03891366782331051,1.0261328795711788,1.1258726572237772,0.999733380355831,1.152272156439125,Prophet(linear trend),1995,2025,31,20260919T085500Z
DEU,Germany,ESA_REV,R06_X,Imputed and supplementary social contributions (D.612 + D.614 - D.61SC),prophet,2028,1.0692120180731925,0.03755417146772064,1.0210843945203922,1.1173396416259929,0.9956071939466329,1.1428168421997522,Prophet(linear trend),1995,2025,31,20260919T085500Z
DEU,Germany,ESA_REV,R06_X,Imputed and supplementary social contributions (D.612 + D.614 - D.61SC),prophet,2029,1.0624398217115418,0.040149140734306275,1.01098661010521,1.1138930333178736,0.983748951241368,1.1411306921817157,Prophet(linear trend),1995,2025,31,20260919T085500Z
DEU,Germany,ESA_REV,R06_X,Imputed and supplementary social contributions (D.612 + D.614 - D.61SC),prophet,2030,1.0556676253498911,0.0371235184962665,1.0080919059739637,1.1032433447258185,0.9829068655438746,1.1284283851559076,Prophet(linear trend),1995,2025,31,20260919T085500Z
DEU,Germany,ESA_REV,R06_X,Imputed and supplementary social contributions (D.612 + D.614 - D.61SC),prophet,2031,1.0488954289882404,0.03743974614671237,1.000914447434429,1.0968764105420519,0.9755148743715454,1.1222759836049354,Prophet(linear trend),1995,2025,31,20260919T085500Z
DEU,Germany,ESA_REV,R06_X,Imputed and supplementary social contributions (D.612 + D.614 - D.61SC),uc,2026,1.1209287998221007,0.033735387680646906,1.0776951462691924,1.164162453375009,1.0548086544419892,1.1870489452022122,UC(local linear trend + damped cycle),1995,2025,31,20260919T085500Z
DEU,Germany,ESA_REV,R06_X,Imputed and supplementary social contributions (D.612 + D.614 - D.61SC),uc,2027,1.1087692494302566,0.040828189634684584,1.0564458013475473,1.1610926975129658,1.0287474675611017,1.1887910312994114,UC(local linear trend + damped cycle),1995,2025,31,20260919T085500Z
DEU,Germany,ESA_REV,R06_X,Imputed and supplementary social contributions (D.612 + D.614 - D.61SC),uc,2028,1.0915506404591986,0.04714164463410185,1.0311361714950762,1.151965109423321,0.9991547140755658,1.1839465668428313,UC(local linear trend + damped cycle),1995,2025,31,20260919T085500Z
DEU,Germany,ESA_REV,R06_X,Imputed and supplementary social contributions (D.612 + D.614 - D.61SC),uc,2029,1.0811038173346228,0.052935952117166375,1.013263642026964,1.1489439926422815,0.977351256879253,1.1848563777899928,UC(local linear trend + damped cycle),1995,2025,31,20260919T085500Z
DEU,Germany,ESA_REV,R06_X,Imputed and supplementary social contributions (D.612 + D.614 - D.61SC),uc,2030,1.0806920266290974,0.05838696871466091,1.0058660900988863,1.1555179631593084,0.9662556698792357,1.195128383378959,UC(local linear trend + damped cycle),1995,2025,31,20260919T085500Z
DEU,Germany,ESA_REV,R06_X,Imputed and supplementary social contributions (D.612 + D.614 - D.61SC),uc,2031,1.082431854885594,0.06365457985488349,1.0008552007634084,1.1640085090077796,0.9576711699348972,1.2071925398362908,UC(local linear trend + damped cycle),1995,2025,31,20260919T085500Z
DEU,Germany,ESA_REV,R07,Interest receivable,auto.arima,2026,0.3819139584940007,0.063951753643423,0.2999564607087647,0.46387145627923676,0.2565708236160228,0.5072570933719787,"ARIMA(1, 0, 1)+drift",1995,2025,31,20260919T085500Z
DEU,Germany,ESA_REV,R07,Interest receivable,auto.arima,2027,0.38572157175087407,0.09980128164835528,0.2578210396518611,0.513622103849887,0.19011465256623705,0.5813284909355111,"ARIMA(1, 0, 1)+drift",1995,2025,31,20260919T085500Z
DEU,Germany,ESA_REV,R07,Interest receivable,auto.arima,2028,0.387831822718521,0.10845948714566117,0.24883535004802465,0.5268282953890173,0.17525513245456237,0.6004085129824797,"ARIMA(1, 0, 1)+drift",1995,2025,31,20260919T085500Z
DEU,Germany,ESA_REV,R07,Interest receivable,auto.arima,2029,0.38900136354266235,0.11098341176823268,0.24677035022426022,0.5312323768610645,0.17147787187974994,0.6065248552055748,"ARIMA(1, 0, 1)+drift",1995,2025,31,20260919T085500Z
DEU,Germany,ESA_REV,R07,Interest receivable,auto.arima,2030,0.389649545090878,0.11174721331255516,0.24643968037574632,0.5328594098060098,0.17062902989794915,0.6086700602838069,"ARIMA(1, 0, 1)+drift",1995,2025,31,20260919T085500Z
DEU,Germany,ESA_REV,R07,Interest receivable,auto.arima,2031,0.3900087795107246,0.11198077559194278,0.24649959258931914,0.5335179664321301,0.17053049065843806,0.6094870683630111,"ARIMA(1, 0, 1)+drift",1995,2025,31,20260919T085500Z
DEU,Germany,ESA_REV,R07,Interest receivable,combination,2026,0.36699263023471584,0.09572682766446312,0.2443137227876678,0.48967153768176386,0.17937149417816403,0.5546137662912677,mean of 4 + between-model variance,1995,2025,31,20260919T085500Z
DEU,Germany,ESA_REV,R07,Interest receivable,combination,2027,0.3988668961847921,0.15030915454701177,0.20623789855676006,0.5914958938128241,0.10426636440221271,0.6934674279673715,mean of 4 + between-model variance,1995,2025,31,20260919T085500Z
DEU,Germany,ESA_REV,R07,Interest receivable,combination,2028,0.42471426186772593,0.20257353472435088,0.1651057432946646,0.6843227804407872,0.02767742645524829,0.8217510972802036,mean of 4 + between-model variance,1995,2025,31,20260919T085500Z
DEU,Germany,ESA_REV,R07,Interest receivable,combination,2029,0.4268766834070021,0.22299828300924673,0.1410927878199359,0.7126605789940683,-0.010191923352933174,0.8639452901669373,mean of 4 + between-model variance,1995,2025,31,20260919T085500Z
DEU,Germany,ESA_REV,R07,Interest receivable,combination,2030,0.42218967950569464,0.24058407717605584,0.11386867423256591,0.7305106847788234,-0.04934645073259647,0.8937258097439857,mean of 4 + between-model variance,1995,2025,31,20260919T085500Z
DEU,Germany,ESA_REV,R07,Interest receivable,combination,2031,0.4308950574965217,0.28170106800073363,0.0698804903980455,0.7919096245949979,-0.12122889454646824,0.9830190095395116,mean of 4 + between-model variance,1995,2025,31,20260919T085500Z
DEU,Germany,ESA_REV,R07,Interest receivable,ets,2026,0.3902120979917245,0.07533091627783145,0.2936716115740371,0.48675258440941194,0.24256621400016087,0.5378579819832882,"ETS(A,N,N)",1995,2025,31,20260919T085500Z
DEU,Germany,ESA_REV,R07,Interest receivable,ets,2027,0.3902120979917245,0.10652867689910221,0.2536900590543263,0.5267341369291227,0.18141972630185255,0.5990044696815965,"ETS(A,N,N)",1995,2025,31,20260919T085500Z
DEU,Germany,ESA_REV,R07,Interest receivable,ets,2028,0.3902120979917245,0.1304682760539472,0.22301021787823636,0.5574139781052126,0.13449897378392595,0.6459252221995231,"ETS(A,N,N)",1995,2025,31,20260919T085500Z
DEU,Germany,ESA_REV,R07,Interest receivable,ets,2029,0.3902120979917245,0.1506505330594773,0.19714560604828527,0.5832785899351638,0.09494247661433919,0.6854817193691098,"ETS(A,N,N)",1995,2025,31,20260919T085500Z
DEU,Germany,ESA_REV,R07,Interest receivable,ets,2030,0.3902120979917245,0.16843157413537496,0.17435827729538647,0.6060659186880626,0.06009227622305846,0.7203319197603906,"ETS(A,N,N)",1995,2025,31,20260919T085500Z
DEU,Germany,ESA_REV,R07,Interest receivable,ets,2031,0.3902120979917245,0.18450693000626286,0.15375687282833833,0.6266673231551108,0.02858515742892953,0.7518390385545195,"ETS(A,N,N)",1995,2025,31,20260919T085500Z
DEU,Germany,ESA_REV,R07,Interest receivable,prophet,2026,0.29537306387522455,0.10617572137609729,0.15930335579424432,0.4314427719562048,0.08727247230404339,0.5034736554464057,Prophet(linear trend),1995,2025,31,20260919T085500Z
DEU,Germany,ESA_REV,R07,Interest receivable,prophet,2027,0.29005633767980804,0.09803657858542883,0.16441736432049456,0.4156953110391215,0.0979081729691966,0.48220450239041945,Prophet(linear trend),1995,2025,31,20260919T085500Z
DEU,Germany,ESA_REV,R07,Interest receivable,prophet,2028,0.28472504511125346,0.100155561543565,0.15637048490397465,0.4130796053185323,0.08842375008608161,0.4810263401364253,Prophet(linear trend),1995,2025,31,20260919T085500Z
DEU,Germany,ESA_REV,R07,Interest receivable,prophet,2029,0.279408318915837,0.09980383277836737,0.15150451741105475,0.40731212042061926,0.083796399608217,0.475020238223457,Prophet(linear trend),1995,2025,31,20260919T085500Z
DEU,Germany,ESA_REV,R07,Interest receivable,prophet,2030,0.2740915927204205,0.09975002581436125,0.1462567476379742,0.4019264378028668,0.07858513312520177,0.4695980523156392,Prophet(linear trend),1995,2025,31,20260919T085500Z
DEU,Germany,ESA_REV,R07,Interest receivable,prophet,2031,0.268774866525004,0.10221293608098198,0.13778367386454937,0.3997660591854586,0.06844119147197822,0.4691085415780297,Prophet(linear trend),1995,2025,31,20260919T085500Z
DEU,Germany,ESA_REV,R07,Interest receivable,uc,2026,0.4004714005779134,0.07916651962081954,0.2990153890248129,0.501927412131014,0.24530787211581345,0.5556349290400133,UC(local linear trend + damped cycle),1995,2025,31,20260919T085500Z
DEU,Germany,ESA_REV,R07,Interest receivable,uc,2027,0.5294775773167617,0.14349013390847773,0.3455875092260843,0.7133676454074391,0.24824208050096608,0.8107130741325573,UC(local linear trend + damped cycle),1995,2025,31,20260919T085500Z
DEU,Germany,ESA_REV,R07,Interest receivable,uc,2028,0.6360880816494048,0.1903298850167681,0.39217043684639563,0.8800057264524139,0.2630483588923999,1.0091278044064096,UC(local linear trend + damped cycle),1995,2025,31,20260919T085500Z
DEU,Germany,ESA_REV,R07,Interest receivable,uc,2029,0.6488849531777845,0.23562965644515088,0.3469132957011885,0.9508566106543805,0.1870593092129208,1.1107105971426483,UC(local linear trend + damped cycle),1995,2025,31,20260919T085500Z
DEU,Germany,ESA_REV,R07,Interest receivable,uc,2030,0.6348054822197556,0.297359756876946,0.25372349107459174,1.0158874733649195,0.05199106369218909,1.217619900747322,UC(local linear trend + damped cycle),1995,2025,31,20260919T085500Z
DEU,Germany,ESA_REV,R07,Interest receivable,uc,2031,0.6745844859586335,0.37647434818895875,0.19211303208837704,1.15705593982889,-0.06329168341519087,1.412460655332458,UC(local linear trend + damped cycle),1995,2025,31,20260919T085500Z
DEU,Germany,ESA_REV,R08,Other property income,auto.arima,2026,0.290239,0.07386917724166218,0.19557180816759337,0.3849061918324067,0.14545807189672283,0.4350199281032772,"ARIMA(0, 1, 0)",1995,2025,31,20260919T085500Z
DEU,Germany,ESA_REV,R08,Other property income,auto.arima,2027,0.290239,0.104466791774557,0.15635937406773295,0.4241186259322671,0.08548784892637218,0.49499015107362787,"ARIMA(0, 1, 0)",1995,2025,31,20260919T085500Z
DEU,Germany,ESA_REV,R08,Other property income,auto.arima,2028,0.290239,0.12794516724353905,0.12627061502870807,0.454207384971292,0.03947107822868423,0.5410069217713158,"ARIMA(0, 1, 0)",1995,2025,31,20260919T085500Z
DEU,Germany,ESA_REV,R08,Other property income,auto.arima,2029,0.290239,0.14773835337611466,0.10090461775413354,0.47957338224586654,0.0006771459635368515,0.5798008540364632,"ARIMA(0, 1, 0)",1995,2025,31,20260919T085500Z
DEU,Germany,ESA_REV,R08,Other property income,auto.arima,2030,0.290239,0.16517650043391244,0.07855672551591866,0.5019212744840814,-0.03350099449645272,0.6139789944964528,"ARIMA(0, 1, 0)",1995,2025,31,20260919T085500Z
DEU,Germany,ESA_REV,R08,Other property income,auto.arima,2031,0.290239,0.1809417904545625,0.05835268655937456,0.5221253134406255,-0.06440039538648612,0.6448783953864862,"ARIMA(0, 1, 0)",1995,2025,31,20260919T085500Z
DEU,Germany,ESA_REV,R08,Other property income,combination,2026,0.2959897151408307,0.06872248493363922,0.2079182771291555,0.38406115315250594,0.16129611868035545,0.430683311601306,mean of 4 + between-model variance,1995,2025,31,20260919T085500Z
DEU,Germany,ESA_REV,R08,Other property income,combination,2027,0.29380748473792745,0.08843247175588112,0.18047667369423448,0.4071382957816204,0.12048302366538366,0.46713194581047124,mean of 4 + between-model variance,1995,2025,31,20260919T085500Z
DEU,Germany,ESA_REV,R08,Other property income,combination,2028,0.2916643083860686,0.10584558249257514,0.15601769045154396,0.42731092632059325,0.08421077714159106,0.4991178396305461,mean of 4 + between-model variance,1995,2025,31,20260919T085500Z
DEU,Germany,ESA_REV,R08,Other property income,combination,2029,0.2896965151510211,0.12115933047622712,0.13442453286055125,0.4449684974414909,0.052228589153513055,0.5271644411485291,mean of 4 + between-model variance,1995,2025,31,20260919T085500Z
DEU,Germany,ESA_REV,R08,Other property income,combination,2030,0.2876241682702759,0.1343514426502625,0.1154458082389467,0.4598025283016052,0.024300177327696848,0.550948159212855,mean of 4 + between-model variance,1995,2025,31,20260919T085500Z
DEU,Germany,ESA_REV,R08,Other property income,combination,2031,0.2854729099241349,0.14654780311146617,0.09766427975102918,0.47328154009724055,-0.0017555084534268128,0.5727013283016966,mean of 4 + between-model variance,1995,2025,31,20260919T085500Z
DEU,Germany,ESA_REV,R08,Other property income,ets,2026,0.28984083769903407,0.05016914215237737,0.22554647323537055,0.35413520216269756,0.19151112516949192,0.3881705502285762,"ETS(M,N,N)",1995,2025,31,20260919T085500Z
DEU,Germany,ESA_REV,R08,Other property income,ets,2027,0.28984083769903407,0.06694837275885814,0.20404301669317393,0.3756386587048942,0.15862443723309144,0.4210572381649767,"ETS(M,N,N)",1995,2025,31,20260919T085500Z
DEU,Germany,ESA_REV,R08,Other property income,ets,2028,0.28984083769903407,0.08495466665526637,0.18096701473764415,0.398714660660424,0.12333274942271158,0.4563489259753566,"ETS(M,N,N)",1995,2025,31,20260919T085500Z
DEU,Germany,ESA_REV,R08,Other property income,ets,2029,0.28984083769903407,0.10164633895464222,0.15957576871903442,0.4201059066790337,0.09061767261613768,0.48906400278193046,"ETS(M,N,N)",1995,2025,31,20260919T085500Z
DEU,Germany,ESA_REV,R08,Other property income,ets,2030,0.28984083769903407,0.107969989086162,0.151471682245685,0.4282099931523832,0.07822354600976367,0.5014581293883045,"ETS(M,N,N)",1995,2025,31,20260919T085500Z
DEU,Germany,ESA_REV,R08,Other property income,ets,2031,0.28984083769903407,0.11713830890042638,0.13972200365107484,0.4399596717469933,0.06025396923331877,0.5194277061647494,"ETS(M,N,N)",1995,2025,31,20260919T085500Z
DEU,Germany,ESA_REV,R08,Other property income,prophet,2026,0.3170476216699327,0.0676055383615648,0.2304076087715926,0.40368763456827284,0.18454320028064672,0.4495520430592187,Prophet(linear trend),1995,2025,31,20260919T085500Z
DEU,Germany,ESA_REV,R08,Other property income,prophet,2027,0.3122140842467802,0.06800566258602912,0.22506129134832942,0.399366877145231,0.17892543378201622,0.4455027347115442,Prophet(linear trend),1995,2025,31,20260919T085500Z
DEU,Germany,ESA_REV,R08,Other property income,prophet,2028,0.307367304255345,0.06852856573678899,0.21954438377823157,0.39519022473245835,0.17305378243960506,0.4416808260710849,Prophet(linear trend),1995,2025,31,20260919T085500Z
DEU,Germany,ESA_REV,R08,Other property income,prophet,2029,0.30253376683219246,0.06650461515342795,0.21730464427308654,0.3877628893912984,0.17218711529761918,0.4328804183667657,Prophet(linear trend),1995,2025,31,20260919T085500Z
DEU,Germany,ESA_REV,R08,Other property income,prophet,2030,0.29770022940903995,0.07174081822174438,0.20576064033532698,0.3896398184827529,0.15709080836387693,0.438309650454203,Prophet(linear trend),1995,2025,31,20260919T085500Z
DEU,Germany,ESA_REV,R08,Other property income,prophet,2031,0.2928666919858874,0.07059900025852177,0.2023904020065783,0.38334298196519645,0.15449519304319403,0.43123819092858073,Prophet(linear trend),1995,2025,31,20260919T085500Z
DEU,Germany,ESA_REV,R08,Other property income,uc,2026,0.28683140119435613,0.07449447411578115,0.19136285890232857,0.3822999434863837,0.14082491372849323,0.432837888660219,UC(local linear trend + damped cycle),1995,2025,31,20260919T085500Z
DEU,Germany,ESA_REV,R08,Other property income,uc,2027,0.2829360170058954,0.10302311771319975,0.15090653445430882,0.41496549955748196,0.08101441512026156,0.48485761889152923,UC(local linear trend + damped cycle),1995,2025,31,20260919T085500Z
DEU,Germany,ESA_REV,R08,Other property income,uc,2028,0.27921009158989524,0.12643968104931622,0.11717106546178194,0.44124911771800857,0.03139286856175322,0.5270273146180373,UC(local linear trend + damped cycle),1995,2025,31,20260919T085500Z
DEU,Germany,ESA_REV,R08,Other property income,uc,2029,0.2761724560728577,0.14721703897059948,0.08750616534600797,0.4648387467997074,-0.012367640496114385,0.5647125526418297,UC(local linear trend + damped cycle),1995,2025,31,20260919T085500Z
DEU,Germany,ESA_REV,R08,Other property income,uc,2030,0.2727166059730296,0.1663320460527939,0.059553439689979476,0.4858797722560797,-0.05328821633678854,0.5987214282828477,UC(local linear trend + damped cycle),1995,2025,31,20260919T085500Z
DEU,Germany,ESA_REV,R08,Other property income,uc,2031,0.26894511001161814,0.1843004607075643,0.03275448599091768,0.5051357340323186,-0.09227715815862247,0.6301673781818588,UC(local linear trend + damped cycle),1995,2025,31,20260919T085500Z
DEU,Germany,ESA_REV,R09,Sales of goods and services,auto.arima,2026,4.456597580629401,0.10685003612746048,4.319663703130182,4.59353145812862,4.247175356420879,4.666019804837923,"ARIMA(0, 1, 0)+drift",1995,2025,31,20260919T085500Z
DEU,Germany,ESA_REV,R09,Sales of goods and services,auto.arima,2027,4.505518161258802,0.15110877023151,4.31186441455107,4.699171907966535,4.209350411520771,4.8016859109968335,"ARIMA(0, 1, 0)+drift",1995,2025,31,20260919T085500Z
DEU,Germany,ESA_REV,R09,Sales of goods and services,auto.arima,2028,4.5544387418882035,0.1850696913633315,4.317262308782143,4.791615174994264,4.191708809324963,4.917168674451444,"ARIMA(0, 1, 0)+drift",1995,2025,31,20260919T085500Z
DEU,Germany,ESA_REV,R09,Sales of goods and services,auto.arima,2029,4.603359322517605,0.21370007225492096,4.329491567519167,4.877227077516043,4.184514874100561,5.022203770934649,"ARIMA(0, 1, 0)+drift",1995,2025,31,20260919T085500Z
DEU,Germany,ESA_REV,R09,Sales of goods and services,auto.arima,2030,4.652279903147006,0.2389239441793101,4.346086444636123,4.958473361657889,4.183997573817549,5.1205622324764635,"ARIMA(0, 1, 0)+drift",1995,2025,31,20260919T085500Z
DEU,Germany,ESA_REV,R09,Sales of goods and services,auto.arima,2031,4.701200483776407,0.26172806751022665,4.3657823554025414,5.036618612150273,4.188222893666794,5.214178073886021,"ARIMA(0, 1, 0)+drift",1995,2025,31,20260919T085500Z
DEU,Germany,ESA_REV,R09,Sales of goods and services,combination,2026,4.427237036781666,0.12150044310392415,4.271527900920946,4.5829461726423855,4.189100542313926,4.665373531249405,mean of 4 + between-model variance,1995,2025,31,20260919T085500Z
DEU,Germany,ESA_REV,R09,Sales of goods and services,combination,2027,4.477978217654122,0.14953557823713717,4.286340598293162,4.6696158370150815,4.18489386759015,4.771062567718094,mean of 4 + between-model variance,1995,2025,31,20260919T085500Z
DEU,Germany,ESA_REV,R09,Sales of goods and services,combination,2028,4.528754496018138,0.17569163313359637,4.303596532192511,4.7539124598437645,4.184405219975082,4.873103772061194,mean of 4 + between-model variance,1995,2025,31,20260919T085500Z
DEU,Germany,ESA_REV,R09,Sales of goods and services,combination,2029,4.579495311286723,0.19715070522276396,4.32683643070708,4.832154191866366,4.193087026475494,4.965903596097952,mean of 4 + between-model variance,1995,2025,31,20260919T085500Z
DEU,Germany,ESA_REV,R09,Sales of goods and services,combination,2030,4.6302362267813555,0.21764093783692773,4.351318047614565,4.909154405948146,4.203667823694739,5.056804629867972,mean of 4 + between-model variance,1995,2025,31,20260919T085500Z
DEU,Germany,ESA_REV,R09,Sales of goods and services,combination,2031,4.680977205252675,0.23708274132189666,4.377143343946115,4.984811066559234,4.216303567240445,5.145650843264905,mean of 4 + between-model variance,1995,2025,31,20260919T085500Z
DEU,Germany,ESA_REV,R09,Sales of goods and services,ets,2026,4.448462648732343,0.10499416049597761,4.313907172360402,4.583018125104283,4.242677873950004,4.654247423514681,"ETS(A,A,N)",1995,2025,31,20260919T085500Z
DEU,Germany,ESA_REV,R09,Sales of goods and services,ets,2027,4.497277046836647,0.14454907198541964,4.312029894535589,4.682524199137705,4.213966069511816,4.780588024161478,"ETS(A,A,N)",1995,2025,31,20260919T085500Z
DEU,Germany,ESA_REV,R09,Sales of goods and services,ets,2028,4.546091444940951,0.17540544096129163,4.321300251266126,4.7708826386157765,4.202303095252694,4.889879794629208,"ETS(A,A,N)",1995,2025,31,20260919T085500Z
DEU,Germany,ESA_REV,R09,Sales of goods and services,ets,2029,4.594905843045256,0.2015978111403147,4.336547764982763,4.853263921107748,4.19978139073144,4.990030295359071,"ETS(A,A,N)",1995,2025,31,20260919T085500Z
DEU,Germany,ESA_REV,R09,Sales of goods and services,ets,2030,4.64372024114956,0.2247626762219264,4.355675183911997,4.9317652983871225,4.203193487210928,5.084246995088192,"ETS(A,A,N)",1995,2025,31,20260919T085500Z
DEU,Germany,ESA_REV,R09,Sales of goods and services,ets,2031,4.692534639253864,0.24575764161838035,4.377583442122546,5.007485836385182,4.210858508956937,5.1742107695507915,"ETS(A,A,N)",1995,2025,31,20260919T085500Z
DEU,Germany,ESA_REV,R09,Sales of goods and services,prophet,2026,4.354663050090195,0.12497487935874764,4.194501243498233,4.514824856682156,4.109716785642706,4.599609314537683,Prophet(linear trend),1995,2025,31,20260919T085500Z
DEU,Germany,ESA_REV,R09,Sales of goods and services,prophet,2027,4.4062381067973755,0.12024125603640413,4.252142684641409,4.5603335289533415,4.170569573651241,4.64190663994351,Prophet(linear trend),1995,2025,31,20260919T085500Z
DEU,Germany,ESA_REV,R09,Sales of goods and services,prophet,2028,4.457954465029782,0.1275165575372899,4.2945353656847525,4.621373564374811,4.208026602852765,4.707882327206798,Prophet(linear trend),1995,2025,31,20260919T085500Z
DEU,Germany,ESA_REV,R09,Sales of goods and services,prophet,2029,4.5095295217369635,0.12376098943142723,4.350923378209139,4.668135665264788,4.266962437846986,4.752096605626941,Prophet(linear trend),1995,2025,31,20260919T085500Z
DEU,Germany,ESA_REV,R09,Sales of goods and services,prophet,2030,4.561104578444145,0.1251813395232045,4.400678182415503,4.721530974472787,4.315753659506887,4.806455497381403,Prophet(linear trend),1995,2025,31,20260919T085500Z
DEU,Germany,ESA_REV,R09,Sales of goods and services,prophet,2031,4.612679635151326,0.12920454029391604,4.447097298128577,4.778261972174075,4.359443387538701,4.865915882763951,Prophet(linear trend),1995,2025,31,20260919T085500Z
DEU,Germany,ESA_REV,R09,Sales of goods and services,uc,2026,4.449224867674721,0.1075762570575722,4.311360300290075,4.587089435059366,4.238379276587133,4.660070458762308,UC(local linear trend + damped cycle),1995,2025,31,20260919T085500Z
DEU,Germany,ESA_REV,R09,Sales of goods and services,uc,2027,4.502879555723663,0.14852772267261435,4.3125335556771285,4.693225555770197,4.211770566283355,4.7939885451639705,UC(local linear trend + damped cycle),1995,2025,31,20260919T085500Z
DEU,Germany,ESA_REV,R09,Sales of goods and services,uc,2028,4.556533332213616,0.18220626618397207,4.323026527373014,4.790040137054217,4.199415609918613,4.913651054508619,UC(local linear trend + damped cycle),1995,2025,31,20260919T085500Z
DEU,Germany,ESA_REV,R09,Sales of goods and services,uc,2029,4.610186557847068,0.2121050878947015,4.338362858245437,4.882010257448698,4.194468221356617,5.025904894337518,UC(local linear trend + damped cycle),1995,2025,31,20260919T085500Z
DEU,Germany,ESA_REV,R09,Sales of goods and services,uc,2030,4.6638401843847115,0.23964312569844545,4.3567250573596175,4.9709553114098055,4.194148285168284,5.133532083601139,UC(local linear trend + damped cycle),1995,2025,31,20260919T085500Z
DEU,Germany,ESA_REV,R09,Sales of goods and services,uc,2031,4.717494062829101,0.2655558314865859,4.377170455875804,5.057817669782398,4.197014193125327,5.237973932532876,UC(local linear trend + damped cycle),1995,2025,31,20260919T085500Z
DEU,Germany,ESA_REV,R10,Other current and capital transfers receivable,auto.arima,2026,0.880255,0.11360423451276716,0.7346652660516942,1.0258447339483059,0.6575947901074188,1.1029152098925812,"ARIMA(0, 1, 0)",1995,2025,31,20260919T085500Z
DEU,Germany,ESA_REV,R10,Other current and capital transfers receivable,auto.arima,2027,0.880255,0.16066064911559197,0.6743600238046149,1.0861499761953852,0.5653659115168079,1.195144088483192,"ARIMA(0, 1, 0)",1995,2025,31,20260919T085500Z
DEU,Germany,ESA_REV,R10,Other current and capital transfers receivable,auto.arima,2028,0.880255,0.19676830600799222,0.6280861838988456,1.1324238161011544,0.4945962038833515,1.2659137961166484,"ARIMA(0, 1, 0)",1995,2025,31,20260919T085500Z
DEU,Germany,ESA_REV,R10,Other current and capital transfers receivable,auto.arima,2029,0.880255,0.22720846886563548,0.5890755323083071,1.171434467691693,0.43493458052823364,1.3255754194717664,"ARIMA(0, 1, 0)",1995,2025,31,20260919T085500Z
DEU,Germany,ESA_REV,R10,Other current and capital transfers receivable,auto.arima,2030,0.880255,0.2540267907116845,0.5547064583098593,1.2058035416901407,0.382371635169564,1.378138364830436,"ARIMA(0, 1, 0)",1995,2025,31,20260919T085500Z
DEU,Germany,ESA_REV,R10,Other current and capital transfers receivable,auto.arima,2031,0.880255,0.27827240695816313,0.5236344403179521,1.2368755596820478,0.3348511001686507,1.4256588998313493,"ARIMA(0, 1, 0)",1995,2025,31,20260919T085500Z
DEU,Germany,ESA_REV,R10,Other current and capital transfers receivable,combination,2026,0.8854801247116444,0.1131532465650947,0.7404683552696542,1.0304918941536347,0.6637038349609351,1.1072564144623538,mean of 4 + between-model variance,1995,2025,31,20260919T085500Z
DEU,Germany,ESA_REV,R10,Other current and capital transfers receivable,combination,2027,0.8801890568533725,0.14715436851267857,0.6916030815772122,1.0687750321295326,0.5917717921257889,1.1686063215809561,mean of 4 + between-model variance,1995,2025,31,20260919T085500Z
DEU,Germany,ESA_REV,R10,Other current and capital transfers receivable,combination,2028,0.8748922265498056,0.17631514347550678,0.6489352017984829,1.1008492513011283,0.5293208926829773,1.2204635604166338,mean of 4 + between-model variance,1995,2025,31,20260919T085500Z
DEU,Germany,ESA_REV,R10,Other current and capital transfers receivable,combination,2029,0.8696011588887388,0.20050026897291734,0.6126496381859586,1.1265526795915188,0.47662784971150385,1.2625744680659738,mean of 4 + between-model variance,1995,2025,31,20260919T085500Z
DEU,Germany,ESA_REV,R10,Other current and capital transfers receivable,combination,2030,0.8643100911725237,0.2246510202843146,0.5764081268251198,1.1522120555199276,0.42400217885199726,1.3046180034930501,mean of 4 + between-model variance,1995,2025,31,20260919T085500Z
DEU,Germany,ESA_REV,R10,Other current and capital transfers receivable,combination,2031,0.8590190234916498,0.24544141598276967,0.5444730859560993,1.1735649610272003,0.37796268405639666,1.3400753629269029,mean of 4 + between-model variance,1995,2025,31,20260919T085500Z
DEU,Germany,ESA_REV,R10,Other current and capital transfers receivable,ets,2026,0.8802625159730959,0.09116899870446495,0.7634247033453915,0.9971003286008003,0.701574560596298,1.0589504713498938,"ETS(M,N,N)",1995,2025,31,20260919T085500Z
DEU,Germany,ESA_REV,R10,Other current and capital transfers receivable,ets,2027,0.8802625159730959,0.12340457712270256,0.7221131333523422,1.0384118985938495,0.6383939873773753,1.1221310445688166,"ETS(M,N,N)",1995,2025,31,20260919T085500Z
DEU,Germany,ESA_REV,R10,Other current and capital transfers receivable,ets,2028,0.8802625159730959,0.15511344315658135,0.6814765726688927,1.079048459277299,0.5762457514701501,1.1842792804760416,"ETS(M,N,N)",1995,2025,31,20260919T085500Z
DEU,Germany,ESA_REV,R10,Other current and capital transfers receivable,ets,2029,0.8802625159730959,0.17374072427680742,0.6576047432947048,1.102920288651487,0.5397369510566273,1.2207880808895646,"ETS(M,N,N)",1995,2025,31,20260919T085500Z
DEU,Germany,ESA_REV,R10,Other current and capital transfers receivable,ets,2030,0.8802625159730959,0.19988114435203816,0.6241044356664527,1.1364205962797391,0.48850266876429776,1.272022363181894,"ETS(M,N,N)",1995,2025,31,20260919T085500Z
DEU,Germany,ESA_REV,R10,Other current and capital transfers receivable,ets,2031,0.8802625159730959,0.2123949015591667,0.6080674050901427,1.1524576268560491,0.46397615513358526,1.2965488768126066,"ETS(M,N,N)",1995,2025,31,20260919T085500Z
DEU,Germany,ESA_REV,R10,Other current and capital transfers receivable,prophet,2026,0.9138988049103313,0.11928696470252523,0.7610263567218807,1.0667712530987818,0.6801006484241111,1.1476969613965515,Prophet(linear trend),1995,2025,31,20260919T085500Z
DEU,Germany,ESA_REV,R10,Other current and capital transfers receivable,prophet,2027,0.9054853579977599,0.12061779391934913,0.7509073829648302,1.0600633330306897,0.6690788241564167,1.141891891839103,Prophet(linear trend),1995,2025,31,20260919T085500Z
DEU,Germany,ESA_REV,R10,Other current and capital transfers receivable,prophet,2028,0.897048860545702,0.11840698608970517,0.7453041507084681,1.0487935703829359,0.6649754304613791,1.129122290630025,Prophet(linear trend),1995,2025,31,20260919T085500Z
DEU,Germany,ESA_REV,R10,Other current and capital transfers receivable,prophet,2029,0.8886354136331304,0.11686278732504742,0.7388696748111412,1.0384011524551195,0.6595885575363811,1.1176822697298796,Prophet(linear trend),1995,2025,31,20260919T085500Z
DEU,Germany,ESA_REV,R10,Other current and capital transfers receivable,prophet,2030,0.8802219667205591,0.11405369838305252,0.7340562214503614,1.0263877119907567,0.6566808238229179,1.1037631096182001,Prophet(linear trend),1995,2025,31,20260919T085500Z
DEU,Germany,ESA_REV,R10,Other current and capital transfers receivable,prophet,2031,0.8718085198079875,0.11716595910762019,0.7216542505816985,1.0219627890342764,0.6421674579315797,1.1014495816843952,Prophet(linear trend),1995,2025,31,20260919T085500Z
DEU,Germany,ESA_REV,R10,Other current and capital transfers receivable,uc,2026,0.8675041779631504,0.11910988725129179,0.7148586637364829,1.0201496921898179,0.6340530869065595,1.1009552690197413,UC(local linear trend + damped cycle),1995,2025,31,20260919T085500Z
DEU,Germany,ESA_REV,R10,Other current and capital transfers receivable,uc,2027,0.8547533534426339,0.17120921853483995,0.6353398370108727,1.0741668698743951,0.5191894486462149,1.190317258239053,UC(local linear trend + damped cycle),1995,2025,31,20260919T085500Z
DEU,Germany,ESA_REV,R10,Other current and capital transfers receivable,uc,2028,0.8420025296804243,0.21301712256566097,0.5690100102221564,1.1149950491386922,0.4244966380681412,1.2595084212927075,UC(local linear trend + damped cycle),1995,2025,31,20260919T085500Z
DEU,Germany,ESA_REV,R10,Other current and capital transfers receivable,uc,2029,0.829251705948729,0.2497564000106063,0.5091758920023364,1.1493275198951216,0.339738153158341,1.318765258739117,UC(local linear trend + damped cycle),1995,2025,31,20260919T085500Z
DEU,Germany,ESA_REV,R10,Other current and capital transfers receivable,uc,2030,0.81650088199644,0.2834051710140084,0.4533024182730955,1.1796993457197846,0.26103694939514,1.3719648145977401,UC(local linear trend + damped cycle),1995,2025,31,20260919T085500Z
DEU,Germany,ESA_REV,R10,Other current and capital transfers receivable,uc,2031,0.803750058185516,0.31495553576889246,0.40011816140982037,1.2073819549612117,0.18644854647777453,1.4210515698932575,UC(local linear trend + damped cycle),1995,2025,31,20260919T085500Z
FRA,France,COFOG,GF01,General public services,auto.arima,2025,6.0955192758620695,0.22233906047448349,5.810580208232874,6.380458343491265,5.659742721538259,6.53129583018588,"ARIMA(0, 1, 0)+drift",1995,2024,30,20260919T085500Z
FRA,France,COFOG,GF01,General public services,auto.arima,2026,6.021068551724139,0.3144349147683063,5.6181038578329865,6.424033245615291,5.40478743843519,6.637349665013088,"ARIMA(0, 1, 0)+drift",1995,2024,30,20260919T085500Z
FRA,France,COFOG,GF01,General public services,auto.arima,2027,5.946617827586208,0.3851025492489346,5.4530888853911375,6.440146769781279,5.191830694750069,6.701404960422347,"ARIMA(0, 1, 0)+drift",1995,2024,30,20260919T085500Z
FRA,France,COFOG,GF01,General public services,auto.arima,2028,5.872167103448278,0.44467812094896697,5.302288968189887,6.442045238706668,5.0006139948006565,6.743720212095899,"ARIMA(0, 1, 0)+drift",1995,2024,30,20260919T085500Z
FRA,France,COFOG,GF01,General public services,auto.arima,2029,5.797716379310347,0.4971652532743818,5.1605732546460565,6.4348595039746375,4.8232903808416765,6.7721423777790175,"ARIMA(0, 1, 0)+drift",1995,2024,30,20260919T085500Z
FRA,France,COFOG,GF01,General public services,auto.arima,2030,5.723265655172416,0.5446172480522957,5.025310331696501,6.421220978648332,4.6558354552108465,6.790695855133986,"ARIMA(0, 1, 0)+drift",1995,2024,30,20260919T085500Z
FRA,France,COFOG,GF01,General public services,auto.arima,2031,5.648814931034486,0.5882538607512341,4.89493701928102,6.4026928427879515,4.495858541101054,6.801771320967918,"ARIMA(0, 1, 0)+drift",1995,2024,30,20260919T085500Z
FRA,France,COFOG,GF01,General public services,combination,2025,6.050306385726277,0.26352691852185556,5.712582936240755,6.388029835211798,5.533803112392507,6.566809659060047,mean of 4 + between-model variance,1995,2024,30,20260919T085500Z
FRA,France,COFOG,GF01,General public services,combination,2026,5.98643942988079,0.33839784961585806,5.552764988909888,6.420113870851693,5.323191826956295,6.649687032805286,mean of 4 + between-model variance,1995,2024,30,20260919T085500Z
FRA,France,COFOG,GF01,General public services,combination,2027,5.922572474212109,0.4105689660522238,5.39640699462995,6.448737953794269,5.1178720812325285,6.72727286719169,mean of 4 + between-model variance,1995,2024,30,20260919T085500Z
FRA,France,COFOG,GF01,General public services,combination,2028,5.858645258684476,0.4711052168130293,5.254899425867304,6.462391091501647,4.935295993518744,6.781994523850208,mean of 4 + between-model variance,1995,2024,30,20260919T085500Z
FRA,France,COFOG,GF01,General public services,combination,2029,5.794778302931904,0.5288885022141646,5.116980185142337,6.472576420721472,4.758175878578221,6.8313807272855875,mean of 4 + between-model variance,1995,2024,30,20260919T085500Z
FRA,France,COFOG,GF01,General public services,combination,2030,5.73091134719812,0.5863932883455166,4.979417855732346,6.482404838663894,4.581601612199288,6.880221082196952,mean of 4 + between-model variance,1995,2024,30,20260919T085500Z
FRA,France,COFOG,GF01,General public services,combination,2031,5.667044391455118,0.6429030088330266,4.843130754679135,6.490958028231101,4.406977638650703,6.927111144259532,mean of 4 + between-model variance,1995,2024,30,20260919T085500Z
FRA,France,COFOG,GF01,General public services,ets,2025,6.169969711597252,0.23053452114836626,5.874527734950521,6.465411688243983,5.718130349389216,6.621809073805289,"ETS(A,N,N)",1995,2024,30,20260919T085500Z
FRA,France,COFOG,GF01,General public services,ets,2026,6.169969711597252,0.326008745558438,5.752172551709345,6.58776687148516,5.531004306617554,6.808935116576951,"ETS(A,N,N)",1995,2024,30,20260919T085500Z
FRA,France,COFOG,GF01,General public services,ets,2027,6.169969711597252,0.3992708841376567,5.65828331148887,6.681656111705634,5.387413152439274,6.95252627075523,"ETS(A,N,N)",1995,2024,30,20260919T085500Z
FRA,France,COFOG,GF01,General public services,ets,2028,6.169969711597252,0.4610344625508445,5.579130074046292,6.760809349148213,5.266358762238249,7.073580660956256,"ETS(A,N,N)",1995,2024,30,20260919T085500Z
FRA,France,COFOG,GF01,General public services,ets,2029,6.169969711597252,0.5154496215916993,5.5093942181471665,6.830545205047338,5.159707009463899,7.1802324137306055,"ETS(A,N,N)",1995,2024,30,20260919T085500Z
FRA,France,COFOG,GF01,General public services,ets,2030,6.169969711597252,0.5646448876404581,5.446347926551848,6.893591496642657,5.063286059037909,7.276653364156595,"ETS(A,N,N)",1995,2024,30,20260919T085500Z
FRA,France,COFOG,GF01,General public services,ets,2031,6.169969711597252,0.609884731632122,5.388370714004643,6.9515687091898615,4.974617593448632,7.365321829745873,"ETS(A,N,N)",1995,2024,30,20260919T085500Z
FRA,France,COFOG,GF01,General public services,prophet,2025,5.858804384255295,0.24977513462418405,5.538704560927403,6.178904207583187,5.3692541122967405,6.34835465621385,Prophet(linear trend),1995,2024,30,20260919T085500Z
FRA,France,COFOG,GF01,General public services,prophet,2026,5.770825113770223,0.2434215621440256,5.458867723961423,6.082782503579023,5.29372761514417,6.247922612396276,Prophet(linear trend),1995,2024,30,20260919T085500Z
FRA,France,COFOG,GF01,General public services,prophet,2027,5.68284584328515,0.2724776610601444,5.3336515517982,6.0320401347720995,5.148799436803065,6.216892249767234,Prophet(linear trend),1995,2024,30,20260919T085500Z
FRA,France,COFOG,GF01,General public services,prophet,2028,5.594625533702858,0.2617585283645127,5.2591683681602595,5.930082699245456,5.081588241415433,6.107662825990282,Prophet(linear trend),1995,2024,30,20260919T085500Z
FRA,France,COFOG,GF01,General public services,prophet,2029,5.506646263217783,0.2505174330319409,5.185595145880833,5.827697380554732,5.015641113102768,5.997651413332798,Prophet(linear trend),1995,2024,30,20260919T085500Z
FRA,France,COFOG,GF01,General public services,prophet,2030,5.418666992732711,0.2541261122189087,5.092991165366344,5.744342820099078,4.92058896132369,5.916745024141732,Prophet(linear trend),1995,2024,30,20260919T085500Z
FRA,France,COFOG,GF01,General public services,prophet,2031,5.330687722247639,0.2644029894141223,4.991841542357991,5.669533902137286,4.812467381503578,5.8489080629917,Prophet(linear trend),1995,2024,30,20260919T085500Z
FRA,France,COFOG,GF01,General public services,uc,2025,6.076932171190494,0.20287110356817653,5.8169423026704905,6.3369220397104975,5.679312111556596,6.474552230824392,UC(local linear trend + damped cycle),1995,2024,30,20260919T085500Z
FRA,France,COFOG,GF01,General public services,uc,2026,5.983894342431548,0.29179206446477424,5.609947638632588,6.357841046230509,5.411992400594912,6.555796284268185,UC(local linear trend + damped cycle),1995,2024,30,20260919T085500Z
FRA,France,COFOG,GF01,General public services,uc,2027,5.890856514379827,0.36325992491335224,5.425320031087271,6.356392997672383,5.178880138906954,6.6028328898527,UC(local linear trend + damped cycle),1995,2024,30,20260919T085500Z
FRA,France,COFOG,GF01,General public services,uc,2028,5.797818685989517,0.4261480696840158,5.251687774989827,6.343949596989207,4.962583810739355,6.633053561239679,UC(local linear trend + damped cycle),1995,2024,30,20260919T085500Z
FRA,France,COFOG,GF01,General public services,uc,2029,5.704780857602237,0.48381382938999334,5.084748276919832,6.324813438284641,4.756523169295708,6.653038545908766,UC(local linear trend + damped cycle),1995,2024,30,20260919T085500Z
FRA,France,COFOG,GF01,General public services,uc,2030,5.611743029290099,0.5379393141876636,4.92234582531427,6.301140233265928,4.557401339297589,6.666084719282609,UC(local linear trend + damped cycle),1995,2024,30,20260919T085500Z
FRA,France,COFOG,GF01,General public services,uc,2031,5.518705200941095,0.5895004919831633,4.763229666439088,6.274180735443101,4.363305458671806,6.674104943210383,UC(local linear trend + damped cycle),1995,2024,30,20260919T085500Z
FRA,France,COFOG,GF01_X,General public services excluding interest,auto.arima,2025,4.164333,0.19763092285005365,3.9110586955596682,4.417607304440332,3.7769835059271175,4.551682494072883,"ARIMA(0, 1, 0)",1995,2024,30,20260919T085500Z
FRA,France,COFOG,GF01_X,General public services excluding interest,auto.arima,2026,4.164333,0.27949233133373513,3.8061490437945893,4.522516956205411,3.616538092309807,4.712127907690193,"ARIMA(0, 1, 0)",1995,2024,30,20260919T085500Z
FRA,France,COFOG,GF01_X,General public services excluding interest,auto.arima,2027,4.164333,0.34230679935135533,3.7256490366776718,4.603016963322328,3.49342399631612,4.83524200368388,"ARIMA(0, 1, 0)",1995,2024,30,20260919T085500Z
FRA,France,COFOG,GF01_X,General public services excluding interest,auto.arima,2028,4.164333,0.3952618454771111,3.6577843914051176,4.6708816085948826,3.3896340122912996,4.9390319877087006,"ARIMA(0, 1, 0)",1995,2024,30,20260919T085500Z
FRA,France,COFOG,GF01_X,General public services excluding interest,auto.arima,2029,4.164333,0.44191617768279806,3.597994438658255,4.730671561341746,3.2981932007241124,5.030472799275888,"ARIMA(0, 1, 0)",1995,2024,30,20260919T085500Z
FRA,France,COFOG,GF01_X,General public services excluding interest,auto.arima,2030,4.164333,0.4840949180745209,3.543940189551762,4.784725810448238,3.21552438799099,5.11314161200901,"ARIMA(0, 1, 0)",1995,2024,30,20260919T085500Z
FRA,France,COFOG,GF01_X,General public services excluding interest,auto.arima,2031,4.164333,0.522882272900296,3.4942321774000797,4.83443382259992,3.139502568877244,5.189163431122756,"ARIMA(0, 1, 0)",1995,2024,30,20260919T085500Z
FRA,France,COFOG,GF01_X,General public services excluding interest,combination,2025,4.241297079294387,0.1963084883116968,3.9897175434815555,4.492876615107219,3.856539509309041,4.626054649279734,mean of 4 + between-model variance,1995,2024,30,20260919T085500Z
FRA,France,COFOG,GF01_X,General public services excluding interest,combination,2026,4.230171440636678,0.23387557156707586,3.9304477341437485,4.529895147129607,3.7717837398857856,4.68855914138757,mean of 4 + between-model variance,1995,2024,30,20260919T085500Z
FRA,France,COFOG,GF01_X,General public services excluding interest,combination,2027,4.219045805526626,0.27001028049294684,3.8730135905403293,4.5650780205129236,3.689835376130548,4.748256234922704,mean of 4 + between-model variance,1995,2024,30,20260919T085500Z
FRA,France,COFOG,GF01_X,General public services excluding interest,combination,2028,4.207908433985163,0.3006618778349007,3.8225946031220905,4.593222264848236,3.6186219772563595,4.797194890713967,mean of 4 + between-model variance,1995,2024,30,20260919T085500Z
FRA,France,COFOG,GF01_X,General public services excluding interest,combination,2029,4.196782798006364,0.32986156556043433,3.774048048939258,4.619517547073469,3.5502660045242727,4.843299591488455,mean of 4 + between-model variance,1995,2024,30,20260919T085500Z
FRA,France,COFOG,GF01_X,General public services excluding interest,combination,2030,4.1856571628235315,0.3581941763579121,3.7266126997236966,4.644701625923367,3.4836094721523727,4.88770485349469,mean of 4 + between-model variance,1995,2024,30,20260919T085500Z
FRA,France,COFOG,GF01_X,General public services excluding interest,combination,2031,4.174531527537611,0.3853078130342757,3.6807395291279086,4.668323525947313,3.4193420850717,4.9297209700035225,mean of 4 + between-model variance,1995,2024,30,20260919T085500Z
FRA,France,COFOG,GF01_X,General public services excluding interest,ets,2025,4.279613912974405,0.18589598148325268,4.041378546112579,4.517849279836231,3.915264481522563,4.643963344426247,"ETS(A,N,N)",1995,2024,30,20260919T085500Z
FRA,France,COFOG,GF01_X,General public services excluding interest,ets,2026,4.279613912974405,0.2135406564839474,4.005950457576089,4.55327736837272,3.8610819137295014,4.698145912219308,"ETS(A,N,N)",1995,2024,30,20260919T085500Z
FRA,France,COFOG,GF01_X,General public services excluding interest,ets,2027,4.279613912974405,0.23799560502574144,3.974610169362456,4.584617656586354,3.8131510949657326,4.746076730983077,"ETS(A,N,N)",1995,2024,30,20260919T085500Z
FRA,France,COFOG,GF01_X,General public services excluding interest,ets,2028,4.279613912974405,0.26016188047356625,3.946202934729745,4.613024891219065,3.769705993073912,4.789521832874898,"ETS(A,N,N)",1995,2024,30,20260919T085500Z
FRA,France,COFOG,GF01_X,General public services excluding interest,ets,2029,4.279613912974405,0.2805824301190569,3.920032938490467,4.639194887458342,3.7296824509085376,4.829545375040272,"ETS(A,N,N)",1995,2024,30,20260919T085500Z
FRA,France,COFOG,GF01_X,General public services excluding interest,ets,2030,4.279613912974405,0.2996144124228488,3.895642463505078,4.663585362443731,3.6923804507444684,4.866847375204341,"ETS(A,N,N)",1995,2024,30,20260919T085500Z
FRA,France,COFOG,GF01_X,General public services excluding interest,ets,2031,4.279613912974405,0.3175076253753008,3.8727113806594375,4.686516445289373,3.6573103975133288,4.901917428435481,"ETS(A,N,N)",1995,2024,30,20260919T085500Z
FRA,France,COFOG,GF01_X,General public services excluding interest,prophet,2025,4.327127870362926,0.16915099412285553,4.110352075542792,4.543903665183059,3.9955980113179175,4.658657729407934,Prophet(linear trend),1995,2024,30,20260919T085500Z
FRA,France,COFOG,GF01_X,General public services excluding interest,prophet,2026,4.309991841928701,0.1632232608513287,4.100812745538159,4.5191709383192435,3.9900801266974875,4.629903557159915,Prophet(linear trend),1995,2024,30,20260919T085500Z
FRA,France,COFOG,GF01_X,General public services excluding interest,prophet,2027,4.2928558134944765,0.17424192129059074,4.069555730780677,4.516155896208276,3.951347920474085,4.634363706514868,Prophet(linear trend),1995,2024,30,20260919T085500Z
FRA,France,COFOG,GF01_X,General public services excluding interest,prophet,2028,4.275672837037144,0.1694837215256675,4.058470634748481,4.492875039325806,3.9434908442608103,4.607854829813477,Prophet(linear trend),1995,2024,30,20260919T085500Z
FRA,France,COFOG,GF01_X,General public services excluding interest,prophet,2029,4.258536808602919,0.16809782809039983,4.043110700818011,4.473962916387827,3.9290711170675467,4.588002500138291,Prophet(linear trend),1995,2024,30,20260919T085500Z
FRA,France,COFOG,GF01_X,General public services excluding interest,prophet,2030,4.241400780168695,0.17211317656504463,4.020828794515409,4.46197276582198,3.9040651501755637,4.5787364101618255,Prophet(linear trend),1995,2024,30,20260919T085500Z
FRA,France,COFOG,GF01_X,General public services excluding interest,prophet,2031,4.22426475173447,0.17648831553215977,3.9980857979875997,4.450443705481341,3.8783540068707962,4.570175496598144,Prophet(linear trend),1995,2024,30,20260919T085500Z
FRA,France,COFOG,GF01_X,General public services excluding interest,uc,2025,4.194113533840218,0.17109720254676755,3.974843571722003,4.413383495958433,3.8587691763478453,4.529457891332591,UC(local linear trend + damped cycle),1995,2024,30,20260919T085500Z
FRA,France,COFOG,GF01_X,General public services excluding interest,uc,2026,4.166747007643605,0.2133919065367872,3.893274183037572,4.440219832249637,3.748506552940137,4.5849874623470726,UC(local linear trend + damped cycle),1995,2024,30,20260919T085500Z
FRA,France,COFOG,GF01_X,General public services excluding interest,uc,2027,4.139380495637626,0.25067406218629606,3.818128649894654,4.460632341380598,3.6480683580187243,4.630692633256528,UC(local linear trend + damped cycle),1995,2024,30,20260919T085500Z
FRA,France,COFOG,GF01_X,General public services excluding interest,uc,2028,4.112013985929104,0.2849182195971541,3.7468764717679317,4.477151500090276,3.5535845325745874,4.670443439283621,UC(local linear trend + damped cycle),1995,2024,30,20260919T085500Z
FRA,France,COFOG,GF01_X,General public services excluding interest,uc,2029,4.084647470448133,0.31711011503806014,3.6782543683008773,4.49104057259539,3.4631230609376766,4.70617187995859,UC(local linear trend + damped cycle),1995,2024,30,20260919T085500Z
FRA,France,COFOG,GF01_X,General public services excluding interest,uc,2030,4.057280958151028,0.34782004690550056,3.61153148139919,4.5030304349028665,3.375566187737936,4.738995728564121,UC(local linear trend + damped cycle),1995,2024,30,20260919T085500Z
FRA,France,COFOG,GF01_X,General public services excluding interest,uc,2031,4.0299144454415705,0.3774099519737001,3.5462439666697714,4.51358492421337,3.2902045263313893,4.769624364551752,UC(local linear trend + damped cycle),1995,2024,30,20260919T085500Z
FRA,France,COFOG,GF02,Defence,auto.arima,2025,1.846495,0.11966959048431862,1.6931321969756405,1.9998578030243594,1.611946910755993,2.081043089244007,"ARIMA(0, 1, 0)",1995,2024,30,20260919T085500Z
FRA,France,COFOG,GF02,Defence,auto.arima,2026,1.846495,0.16923835806752432,1.629607243741848,2.063382756258152,1.5147939107685429,2.178196089231457,"ARIMA(0, 1, 0)",1995,2024,30,20260919T085500Z
FRA,France,COFOG,GF02,Defence,auto.arima,2027,1.846495,0.20727381116797808,1.5808628327500553,2.1121271672499446,1.440245791967965,2.252744208032035,"ARIMA(0, 1, 0)",1995,2024,30,20260919T085500Z
FRA,France,COFOG,GF02,Defence,auto.arima,2028,1.846495,0.2393391813949519,1.5397693934049366,2.153220606595063,1.3773988206764245,2.3155911793235755,"ARIMA(0, 1, 0)",1995,2024,30,20260919T085500Z
FRA,France,COFOG,GF02,Defence,auto.arima,2029,1.846495,0.26758933967090837,1.503565346566068,2.189424653433932,1.3220295274612477,2.3709604725387523,"ARIMA(0, 1, 0)",1995,2024,30,20260919T085500Z
FRA,France,COFOG,GF02,Defence,auto.arima,2030,1.846495,0.29312943499454275,1.4708343863238738,2.2221556136761262,1.271971860070356,2.421018139929644,"ARIMA(0, 1, 0)",1995,2024,30,20260919T085500Z
FRA,France,COFOG,GF02,Defence,auto.arima,2031,1.846495,0.31661597656297596,1.440735162003765,2.252254837996235,1.2259390841117233,2.4670509158882767,"ARIMA(0, 1, 0)",1995,2024,30,20260919T085500Z
FRA,France,COFOG,GF02,Defence,combination,2025,1.7868703856841008,0.11003524419473727,1.645854498415847,1.9278862729523547,1.5712052683312068,2.0025355030369947,mean of 4 + between-model variance,1995,2024,30,20260919T085500Z
FRA,France,COFOG,GF02,Defence,combination,2026,1.7814323450916616,0.12822832941327003,1.6171010730754265,1.9457636171078967,1.5301094356615113,2.032755254521812,mean of 4 + between-model variance,1995,2024,30,20260919T085500Z
FRA,France,COFOG,GF02,Defence,combination,2027,1.7780159701911837,0.14134588078506144,1.5968738739793267,1.9591580664030408,1.5009831323041716,2.0550488080781957,mean of 4 + between-model variance,1995,2024,30,20260919T085500Z
FRA,France,COFOG,GF02,Defence,combination,2028,1.7752634310794013,0.15557024287644777,1.575892075180604,1.9746347869781986,1.4703513555703072,2.0801755065884953,mean of 4 + between-model variance,1995,2024,30,20260919T085500Z
FRA,France,COFOG,GF02,Defence,combination,2029,1.7727369852396035,0.16766861230304575,1.5578609398054106,1.9876130306737965,1.4441125411956768,2.1013614292835303,mean of 4 + between-model variance,1995,2024,30,20260919T085500Z
FRA,France,COFOG,GF02,Defence,combination,2030,1.7702861316491605,0.17942146405530845,1.5403481955461518,2.000224067752169,1.418626521273462,2.121945742024859,mean of 4 + between-model variance,1995,2024,30,20260919T085500Z
FRA,France,COFOG,GF02,Defence,combination,2031,1.7678621835807353,0.18996519573154655,1.5244119070605804,2.01131246010089,1.3955372386939504,2.1401871284675202,mean of 4 + between-model variance,1995,2024,30,20260919T085500Z
FRA,France,COFOG,GF02,Defence,ets,2025,1.7757275047962535,0.07523367426501065,1.6793116390745806,1.8721433705179265,1.6282722116491062,1.9231827979434009,"ETS(M,Ad,N)",1995,2024,30,20260919T085500Z
FRA,France,COFOG,GF02,Defence,ets,2026,1.7755535565403378,0.07733859728327397,1.6764401225147634,1.8746669905659121,1.623972690054623,1.9271344230260525,"ETS(M,Ad,N)",1995,2024,30,20260919T085500Z
FRA,France,COFOG,GF02,Defence,ets,2027,1.7754143979356052,0.0751544792179049,1.6791000247849408,1.8717287710862696,1.6281143242297635,1.9227144716414468,"ETS(M,Ad,N)",1995,2024,30,20260919T085500Z
FRA,France,COFOG,GF02,Defence,ets,2028,1.7753030710518192,0.0806252571442769,1.671977611508057,1.8786285305955814,1.6172804695582936,1.9333256725453447,"ETS(M,Ad,N)",1995,2024,30,20260919T085500Z
FRA,France,COFOG,GF02,Defence,ets,2029,1.7752140095447904,0.08341267715689761,1.668316326309014,1.8821116927805668,1.6117281651736488,1.938699853915932,"ETS(M,Ad,N)",1995,2024,30,20260919T085500Z
FRA,France,COFOG,GF02,Defence,ets,2030,1.7751427603391672,0.07956645131224223,1.6731742155270606,1.8771113051512738,1.6191953801594197,1.9310901405189147,"ETS(M,Ad,N)",1995,2024,30,20260919T085500Z
FRA,France,COFOG,GF02,Defence,ets,2031,1.7750857609746686,0.07831863527735324,1.674716357297706,1.8754551646516313,1.6215840553019263,1.928587466647411,"ETS(M,Ad,N)",1995,2024,30,20260919T085500Z
FRA,France,COFOG,GF02,Defence,prophet,2025,1.741164478360566,0.11521503536061928,1.5935104193640937,1.8888185373570383,1.5153471567950252,1.9669817999261068,Prophet(linear trend),1995,2024,30,20260919T085500Z
FRA,France,COFOG,GF02,Defence,prophet,2026,1.7357083853258743,0.11823082799641058,1.5841894312454183,1.8872273394063304,1.5039802187627176,1.967436551889031,Prophet(linear trend),1995,2024,30,20260919T085500Z
FRA,France,COFOG,GF02,Defence,prophet,2027,1.7302522922911825,0.11263848614049023,1.585900215100865,1.8746043694815,1.5094849144413227,1.9510196701410423,Prophet(linear trend),1995,2024,30,20260919T085500Z
FRA,France,COFOG,GF02,Defence,prophet,2028,1.7247812510563958,0.11451145722535734,1.5780288640263247,1.8715336380864669,1.5003429173071554,1.9492195848056362,Prophet(linear trend),1995,2024,30,20260919T085500Z
FRA,France,COFOG,GF02,Defence,prophet,2029,1.7193251580217044,0.11265062240788008,1.574957527573641,1.8636927884697678,1.4985339935246662,1.9401163225187426,Prophet(linear trend),1995,2024,30,20260919T085500Z
FRA,France,COFOG,GF02,Defence,prophet,2030,1.7138690649870125,0.11822964982477159,1.562351620794777,1.865386509179248,1.4821432075978538,1.9455949223761713,Prophet(linear trend),1995,2024,30,20260919T085500Z
FRA,France,COFOG,GF02,Defence,prophet,2031,1.708412971952321,0.11845271066367433,1.5566096636958677,1.860216280208774,1.476249923349103,1.9405760205555387,Prophet(linear trend),1995,2024,30,20260919T085500Z
FRA,France,COFOG,GF02,Defence,uc,2025,1.7840945595795838,0.08645388397614524,1.6732994116621869,1.8948897074969808,1.6146480593261623,1.9535410598330054,UC(local linear trend + damped cycle),1995,2024,30,20260919T085500Z
FRA,France,COFOG,GF02,Defence,uc,2026,1.7679724385004343,0.09191951350178813,1.6501728021331907,1.8857720748676778,1.5878135011394157,1.948131375861453,UC(local linear trend + damped cycle),1995,2024,30,20260919T085500Z
FRA,France,COFOG,GF02,Defence,uc,2027,1.759902190537947,0.09421116406682511,1.6391656848057792,1.880638696270115,1.5752517005688762,1.944552680507018,UC(local linear trend + damped cycle),1995,2024,30,20260919T085500Z
FRA,France,COFOG,GF02,Defence,uc,2028,1.7544744022093908,0.09577276540690244,1.6317366231566441,1.8772121812621374,1.5667632298314167,1.9421855745873648,UC(local linear trend + damped cycle),1995,2024,30,20260919T085500Z
FRA,France,COFOG,GF02,Defence,uc,2029,1.7499137733919194,0.09715464558889321,1.6254050430281821,1.8744225037556568,1.55949416560493,1.940333381178909,UC(local linear trend + damped cycle),1995,2024,30,20260919T085500Z
FRA,France,COFOG,GF02,Defence,uc,2030,1.745637701270462,0.09851513828550762,1.6193854287703933,1.8718899737705308,1.5525515767758453,1.9387238257650787,UC(local linear trend + damped cycle),1995,2024,30,20260919T085500Z
FRA,France,COFOG,GF02,Defence,uc,2031,1.7414550013959509,0.09990382984148583,1.613423048454935,1.8694869543369668,1.545647091444513,1.9372629113473887,UC(local linear trend + damped cycle),1995,2024,30,20260919T085500Z
FRA,France,COFOG,GF03,Public order and safety,auto.arima,2025,1.7892662565636308,0.03528173616421538,1.7440508770189083,1.8344816361083534,1.7201153238242706,1.858417189302991,"ARIMA(2, 1, 2)+drift",1995,2024,30,20260919T085500Z
FRA,France,COFOG,GF03,Public order and safety,auto.arima,2026,1.7908549816501356,0.04101299749977863,1.7382946926782992,1.843415270621972,1.7104709830184794,1.8712389802817917,"ARIMA(2, 1, 2)+drift",1995,2024,30,20260919T085500Z
FRA,France,COFOG,GF03,Public order and safety,auto.arima,2027,1.7889820839829644,0.04098143938062244,1.7364622383818489,1.84150192958408,1.7086599381287622,1.8693042298371667,"ARIMA(2, 1, 2)+drift",1995,2024,30,20260919T085500Z
FRA,France,COFOG,GF03,Public order and safety,auto.arima,2028,1.7914157632933965,0.042795701240480516,1.7365708467772563,1.8462606798095367,1.7075377295072993,1.8752937970794936,"ARIMA(2, 1, 2)+drift",1995,2024,30,20260919T085500Z
FRA,France,COFOG,GF03,Public order and safety,auto.arima,2029,1.8014012096670455,0.04544028321048139,1.7431671238380866,1.8596352954960045,1.7123398904246976,1.8904625289093935,"ARIMA(2, 1, 2)+drift",1995,2024,30,20260919T085500Z
FRA,France,COFOG,GF03,Public order and safety,auto.arima,2030,1.817465908165595,0.046372396223524785,1.7580372710405445,1.8768945452906456,1.7265776809737505,1.9083541353574396,"ARIMA(2, 1, 2)+drift",1995,2024,30,20260919T085500Z
FRA,France,COFOG,GF03,Public order and safety,auto.arima,2031,1.8356046151553007,0.04637014636152409,1.7761788613453968,1.8950303689652046,1.7447207976119825,1.926488432698619,"ARIMA(2, 1, 2)+drift",1995,2024,30,20260919T085500Z
FRA,France,COFOG,GF03,Public order and safety,combination,2025,1.7724770495836693,0.04737692629709349,1.7117610549337765,1.833193044233562,1.6796199796107127,1.8653341195566258,mean of 4 + between-model variance,1995,2024,30,20260919T085500Z
FRA,France,COFOG,GF03,Public order and safety,combination,2026,1.7783011099295276,0.05855228409270064,1.703263313145959,1.8533389067130963,1.6635407409900618,1.8930614788689935,mean of 4 + between-model variance,1995,2024,30,20260919T085500Z
FRA,France,COFOG,GF03,Public order and safety,combination,2027,1.7888260303439,0.06890005657370976,1.7005270250417492,1.877125035646051,1.6537843998614656,1.9238676608263345,mean of 4 + between-model variance,1995,2024,30,20260919T085500Z
FRA,France,COFOG,GF03,Public order and safety,combination,2028,1.793090793544307,0.07738967419273596,1.6939119018032578,1.8922696852853562,1.6414098181548153,1.9447717689337987,mean of 4 + between-model variance,1995,2024,30,20260919T085500Z
FRA,France,COFOG,GF03,Public order and safety,combination,2029,1.7964226844702547,0.08620783552455046,1.685942860438096,1.9069025085024134,1.6274584303242146,1.9653869386162948,mean of 4 + between-model variance,1995,2024,30,20260919T085500Z
FRA,France,COFOG,GF03,Public order and safety,combination,2030,1.8093180798592998,0.09551977867220279,1.686904516462381,1.9317316432562186,1.6221027523738145,1.9965334073447851,mean of 4 + between-model variance,1995,2024,30,20260919T085500Z
FRA,France,COFOG,GF03,Public order and safety,combination,2031,1.8226526945795778,0.10443110231401094,1.6888188065468523,1.9564865826123032,1.6179714935637997,2.0273338955953557,mean of 4 + between-model variance,1995,2024,30,20260919T085500Z
FRA,France,COFOG,GF03,Public order and safety,ets,2025,1.7754223515448921,0.04898460055039866,1.7126460387403277,1.8381986643494566,1.6794142979117306,1.8714304051780537,"ETS(A,N,N)",1995,2024,30,20260919T085500Z
FRA,France,COFOG,GF03,Public order and safety,ets,2026,1.7754223515448921,0.06927122279807778,1.6866476774255699,1.8641970256642144,1.6396532486246804,1.9111914544651039,"ETS(A,N,N)",1995,2024,30,20260919T085500Z
FRA,France,COFOG,GF03,Public order and safety,ets,2027,1.7754223515448921,0.0848381607815713,1.6666978369189478,1.8841468661708365,1.6091426105868005,1.9417020925029838,"ETS(A,N,N)",1995,2024,30,20260919T085500Z
FRA,France,COFOG,GF03,Public order and safety,ets,2028,1.7754223515448921,0.09796185350256781,1.6498791422649695,1.9009655608248148,1.5834206453065853,1.967424057783199,"ETS(A,N,N)",1995,2024,30,20260919T085500Z
FRA,France,COFOG,GF03,Public order and safety,ets,2029,1.7754223515448921,0.10952413413726382,1.6350614783930135,1.9157832246967708,1.560758991504684,1.9900857115851003,"ETS(A,N,N)",1995,2024,30,20260919T085500Z
FRA,France,COFOG,GF03,Public order and safety,ets,2030,1.7754223515448921,0.1199772777461472,1.6216652312947617,1.9291794717950226,1.5402712063444426,2.0105734967453417,"ETS(A,N,N)",1995,2024,30,20260919T085500Z
FRA,France,COFOG,GF03,Public order and safety,ets,2031,1.7754223515448921,0.12958996254430735,1.60934607586631,1.9414986272234742,1.5214306901967012,2.029414012893083,"ETS(A,N,N)",1995,2024,30,20260919T085500Z
FRA,France,COFOG,GF03,Public order and safety,prophet,2025,1.7620992022302997,0.04940459792976299,1.698784640944216,1.8254137635163834,1.6652679688534897,1.8589304356071097,Prophet(linear trend),1995,2024,30,20260919T085500Z
FRA,France,COFOG,GF03,Public order and safety,prophet,2026,1.773604832712463,0.04834531263857384,1.7116478006098734,1.8355618648150525,1.6788497603721133,1.8683599050528126,Prophet(linear trend),1995,2024,30,20260919T085500Z
FRA,France,COFOG,GF03,Public order and safety,prophet,2027,1.785110463194626,0.0498825654537634,1.7211833616722245,1.8490375647170274,1.6873424306776061,1.8828784957116458,Prophet(linear trend),1995,2024,30,20260919T085500Z
FRA,France,COFOG,GF03,Public order and safety,prophet,2028,1.796647615952083,0.04685724591228352,1.7365976187387042,1.8566976131654618,1.70480910082486,1.888486131079306,Prophet(linear trend),1995,2024,30,20260919T085500Z
FRA,France,COFOG,GF03,Public order and safety,prophet,2029,1.8081532464342458,0.0493825571292116,1.7448669315801904,1.8714395612883012,1.7113652122330478,1.9049412806354438,Prophet(linear trend),1995,2024,30,20260919T085500Z
FRA,France,COFOG,GF03,Public order and safety,prophet,2030,1.819658876916409,0.050828969727216476,1.7545189091045552,1.8847988447282629,1.720035926093975,1.919281827738843,Prophet(linear trend),1995,2024,30,20260919T085500Z
FRA,France,COFOG,GF03,Public order and safety,prophet,2031,1.831164507398572,0.04746970626684498,1.7703296103928843,1.8919994044042598,1.7381255920249816,1.9242034227721625,Prophet(linear trend),1995,2024,30,20260919T085500Z
FRA,France,COFOG,GF03,Public order and safety,uc,2025,1.7631203879958541,0.04738622315722095,1.7023924789362712,1.823848297055437,1.6702450965117348,1.8559956794799735,UC(local linear trend + damped cycle),1995,2024,30,20260919T085500Z
FRA,France,COFOG,GF03,Public order and safety,uc,2026,1.7733222738106198,0.06791171719342205,1.6862898768179553,1.8603546708032843,1.6402177529333315,1.906426794687908,UC(local linear trend + damped cycle),1995,2024,30,20260919T085500Z
FRA,France,COFOG,GF03,Public order and safety,uc,2027,1.8057892226531185,0.08355811088393045,1.6987051585335957,1.9128732867726412,1.6420183334126066,1.9695601118936303,UC(local linear trend + damped cycle),1995,2024,30,20260919T085500Z
FRA,France,COFOG,GF03,Public order and safety,uc,2028,1.8088774433868557,0.09779527893477738,1.683547708077434,1.9342071786962776,1.6172022173047338,2.000552669468978,UC(local linear trend + damped cycle),1995,2024,30,20260919T085500Z
FRA,France,COFOG,GF03,Public order and safety,uc,2029,1.8007139302348356,0.11135114406315509,1.6580116488584111,1.94341621161126,1.5824696965122378,2.0189581639574334,UC(local linear trend + damped cycle),1995,2024,30,20260919T085500Z
FRA,France,COFOG,GF03,Public order and safety,uc,2030,1.8247251828103028,0.12364501925946002,1.6662676610883034,1.9831827045323023,1.5823853962824546,2.0670649693381513,UC(local linear trend + damped cycle),1995,2024,30,20260919T085500Z
FRA,France,COFOG,GF03,Public order and safety,uc,2031,1.8484193042195463,0.13507971623115353,1.675307623724079,2.0215309847150134,1.5836679232762696,2.1131706851628227,UC(local linear trend + damped cycle),1995,2024,30,20260919T085500Z
FRA,France,COFOG,GF04,Economic affairs,auto.arima,2025,5.657902,0.4475631219695807,5.08432658591364,6.23147741408636,4.780694393212013,6.535109606787987,"ARIMA(0, 1, 0)",1995,2024,30,20260919T085500Z
FRA,France,COFOG,GF04,Economic affairs,auto.arima,2026,5.657902,0.632949837091753,4.84674387037539,6.46906012962461,4.417343105494299,6.898460894505701,"ARIMA(0, 1, 0)",1995,2024,30,20260919T085500Z
FRA,France,COFOG,GF04,Economic affairs,auto.arima,2027,5.657902,0.7752020668198686,4.664440240862864,6.651363759137136,4.138533856307463,7.177270143692537,"ARIMA(0, 1, 0)",1995,2024,30,20260919T085500Z
FRA,France,COFOG,GF04,Economic affairs,auto.arima,2028,5.657902,0.8951262439059167,4.5107511718698845,6.8050528281301155,3.903486786489184,7.412317213510816,"ARIMA(0, 1, 0)",1995,2024,30,20260919T085500Z
FRA,France,COFOG,GF04,Economic affairs,auto.arima,2029,5.657902,1.0007815649063656,4.375348383931117,6.940455616068883,3.69640616091986,7.61939783908014,"ARIMA(0, 1, 0)",1995,2024,30,20260919T085500Z
FRA,France,COFOG,GF04,Economic affairs,auto.arima,2030,5.657902,1.0963012764672644,4.252934906540824,7.062869093459176,3.5091909649701147,7.806613035029885,"ARIMA(0, 1, 0)",1995,2024,30,20260919T085500Z
FRA,France,COFOG,GF04,Economic affairs,auto.arima,2031,5.657902,1.1841407166849183,4.14036409625101,7.17543990374899,3.337028824363361,7.978775175636639,"ARIMA(0, 1, 0)",1995,2024,30,20260919T085500Z
FRA,France,COFOG,GF04,Economic affairs,combination,2025,5.981101647251107,0.5518966172073613,5.273817433675778,6.688385860826435,4.899404145802898,7.062799148699315,mean of 4 + between-model variance,1995,2024,30,20260919T085500Z
FRA,France,COFOG,GF04,Economic affairs,combination,2026,6.076577280385738,0.6948687752008013,5.186066811789601,6.967087748981875,4.714659496268075,7.438495064503401,mean of 4 + between-model variance,1995,2024,30,20260919T085500Z
FRA,France,COFOG,GF04,Economic affairs,combination,2027,6.066184480526707,0.755543790121906,5.097915825208398,7.034453135845016,4.585345851464216,7.547023109589198,mean of 4 + between-model variance,1995,2024,30,20260919T085500Z
FRA,France,COFOG,GF04,Economic affairs,combination,2028,6.020435131955365,0.8136420848295594,4.9777104908578735,7.063159773052856,4.425725936804483,7.615144327106247,mean of 4 + between-model variance,1995,2024,30,20260919T085500Z
FRA,France,COFOG,GF04,Economic affairs,combination,2029,6.003416865149346,0.890390742451144,4.862334828379597,7.1444989019190945,4.258283064011831,7.74855066628686,mean of 4 + between-model variance,1995,2024,30,20260919T085500Z
FRA,France,COFOG,GF04,Economic affairs,combination,2030,6.014119917222843,0.970926075941035,4.769827662748457,7.258412171697228,4.111139761717148,7.917100072728537,mean of 4 + between-model variance,1995,2024,30,20260919T085500Z
FRA,France,COFOG,GF04,Economic affairs,combination,2031,6.025092427746092,1.0626609021274893,4.663237223302803,7.38694763218938,3.942315315368689,8.107869540123495,mean of 4 + between-model variance,1995,2024,30,20260919T085500Z
FRA,France,COFOG,GF04,Economic affairs,ets,2025,5.873367425938978,0.46840334598316585,5.27308418108756,6.473650670790397,4.955313730332429,6.791421121545528,"ETS(M,N,N)",1995,2024,30,20260919T085500Z
FRA,France,COFOG,GF04,Economic affairs,ets,2026,5.873367425938978,0.5680079887808254,5.145435651900934,6.6012991999770225,4.760092216216156,6.9866426356618,"ETS(M,N,N)",1995,2024,30,20260919T085500Z
FRA,France,COFOG,GF04,Economic affairs,ets,2027,5.873367425938978,0.6411105702975731,5.051750892352983,6.694983959524974,4.616813788136266,7.1299210637416905,"ETS(M,N,N)",1995,2024,30,20260919T085500Z
FRA,France,COFOG,GF04,Economic affairs,ets,2028,5.873367425938978,0.7646434017624826,4.893437145123465,6.853297706754492,4.374693885646976,7.372040966230981,"ETS(M,N,N)",1995,2024,30,20260919T085500Z
FRA,France,COFOG,GF04,Economic affairs,ets,2029,5.873367425938978,0.8544984202346554,4.778283266490416,6.968451585387541,4.198581284222183,7.548153567655774,"ETS(M,N,N)",1995,2024,30,20260919T085500Z
FRA,France,COFOG,GF04,Economic affairs,ets,2030,5.873367425938978,0.8786832095527587,4.747289201370221,6.999445650507735,4.151179967811116,7.595554884066841,"ETS(M,N,N)",1995,2024,30,20260919T085500Z
FRA,France,COFOG,GF04,Economic affairs,ets,2031,5.873367425938978,0.9893254750966829,4.605495384677874,7.141239467200083,3.9343251104665833,7.812409741411374,"ETS(M,N,N)",1995,2024,30,20260919T085500Z
FRA,France,COFOG,GF04,Economic affairs,prophet,2025,6.279790694962853,0.5493228613691584,5.575804883329485,6.983776506596221,5.203137662302312,7.356443727623394,Prophet(linear trend),1995,2024,30,20260919T085500Z
FRA,France,COFOG,GF04,Economic affairs,prophet,2026,6.31897917927316,0.5405025497239976,5.626297055669272,7.011661302877049,5.259613639905915,7.378344718640406,Prophet(linear trend),1995,2024,30,20260919T085500Z
FRA,France,COFOG,GF04,Economic affairs,prophet,2027,6.358167663583468,0.5684479145967066,5.6296721017362295,7.086663225430707,5.2440302150988485,7.472305112068088,Prophet(linear trend),1995,2024,30,20260919T085500Z
FRA,France,COFOG,GF04,Economic affairs,prophet,2028,6.397463513604215,0.5622025948630698,5.6769716537522585,7.117955373456172,5.295566666966014,7.499360360242417,Prophet(linear trend),1995,2024,30,20260919T085500Z
FRA,France,COFOG,GF04,Economic affairs,prophet,2029,6.436651997914522,0.5456818670444417,5.737332309839983,7.135971685989061,5.36713518305463,7.506168812774414,Prophet(linear trend),1995,2024,30,20260919T085500Z
FRA,France,COFOG,GF04,Economic affairs,prophet,2030,6.4758404822248306,0.5815976469710143,5.730492854553833,7.221188109895828,5.335930031676933,7.615750932772728,Prophet(linear trend),1995,2024,30,20260919T085500Z
FRA,France,COFOG,GF04,Economic affairs,prophet,2031,6.515028966535138,0.5501321709568381,5.81000598258106,7.220051950489216,5.4367897162178895,7.593268216852387,Prophet(linear trend),1995,2024,30,20260919T085500Z
FRA,France,COFOG,GF04,Economic affairs,uc,2025,6.113346468102593,0.44706237811023936,5.54041278331066,6.686280152894526,5.237120301252136,6.98957263495305,UC(local linear trend + damped cycle),1995,2024,30,20260919T085500Z
FRA,France,COFOG,GF04,Economic affairs,uc,2026,6.456060516330815,0.597357758310899,5.690515486451966,7.221605546209664,5.285260814920752,7.626860217740878,UC(local linear trend + damped cycle),1995,2024,30,20260919T085500Z
FRA,France,COFOG,GF04,Economic affairs,uc,2027,6.375300832584384,0.659836977961655,5.529685433803669,7.2209162313650985,5.082044109910747,7.668557555258021,UC(local linear trend + damped cycle),1995,2024,30,20260919T085500Z
FRA,France,COFOG,GF04,Economic affairs,uc,2028,6.153007588278264,0.7273271399773836,5.220900037385968,7.08511513917056,4.727472577699631,7.578542598856897,UC(local linear trend + damped cycle),1995,2024,30,20260919T085500Z
FRA,France,COFOG,GF04,Economic affairs,uc,2029,6.045746036743882,0.8410185981885374,4.967936970198165,7.123555103289599,4.397379860963883,7.694112212523881,UC(local linear trend + damped cycle),1995,2024,30,20260919T085500Z
FRA,France,COFOG,GF04,Economic affairs,uc,2030,6.049369760727562,0.9884661949969287,4.7825989315968584,7.316140589858266,4.112011603316602,7.986727918138523,UC(local linear trend + damped cycle),1995,2024,30,20260919T085500Z
FRA,France,COFOG,GF04,Economic affairs,uc,2031,6.05407131851025,1.1409458360488842,4.591889900430131,7.516252736590369,3.8178585539045344,8.290284083115965,UC(local linear trend + damped cycle),1995,2024,30,20260919T085500Z
FRA,France,COFOG,GF04_5,Transport,auto.arima,2025,2.107866475660956,0.12480238648566384,1.9479257276554804,2.2678072236664315,1.8632582910349682,2.3524746602869437,"ARIMA(1, 0, 0)+drift",1995,2024,30,20260919T085500Z
FRA,France,COFOG,GF04_5,Transport,auto.arima,2026,2.142788182415271,0.16519760057498123,1.9310788670032024,2.354497497827339,1.8190068324019282,2.4665695324286134,"ARIMA(1, 0, 0)+drift",1995,2024,30,20260919T085500Z
FRA,France,COFOG,GF04_5,Transport,auto.arima,2027,2.173073805802804,0.19000247089023123,1.9295757592284866,2.4165718523771216,1.8006758029469028,2.5454718086587054,"ARIMA(1, 0, 0)+drift",1995,2024,30,20260919T085500Z
FRA,France,COFOG,GF04_5,Transport,auto.arima,2028,2.199338815999024,0.2067064578620829,1.9344337415129558,2.464243890485092,1.7942016000218244,2.6044760319762235,"ARIMA(1, 0, 0)+drift",1995,2024,30,20260919T085500Z
FRA,France,COFOG,GF04_5,Transport,auto.arima,2029,2.222116975516504,0.2184296593330856,1.9421880087388692,2.502045942294138,1.794002706691392,2.6502312443416156,"ARIMA(1, 0, 0)+drift",1995,2024,30,20260919T085500Z
FRA,France,COFOG,GF04_5,Transport,auto.arima,2030,2.2418711864278107,0.22684797984428356,1.9511537041624094,2.532588668693212,1.7972573124602893,2.686485060395332,"ARIMA(1, 0, 0)+drift",1995,2024,30,20260919T085500Z
FRA,France,COFOG,GF04_5,Transport,auto.arima,2031,2.259002897549112,0.23297915690253518,1.9604279930623543,2.55757780203587,1.8023721372697916,2.7156336578284326,"ARIMA(1, 0, 0)+drift",1995,2024,30,20260919T085500Z
FRA,France,COFOG,GF04_5,Transport,combination,2025,2.133026937428724,0.1504351101755079,1.9402365211130816,2.3258173537443665,1.8381795371486949,2.427874337708753,mean of 4 + between-model variance,1995,2024,30,20260919T085500Z
FRA,France,COFOG,GF04_5,Transport,combination,2026,2.1479559381566267,0.1770900158212809,1.9210058742008325,2.3749060021124206,1.8008658823874857,2.4950459939257676,mean of 4 + between-model variance,1995,2024,30,20260919T085500Z
FRA,France,COFOG,GF04_5,Transport,combination,2027,2.1579588140670847,0.19295540295875524,1.910676431494486,2.4052411966396834,1.779773170662431,2.5361444574717384,mean of 4 + between-model variance,1995,2024,30,20260919T085500Z
FRA,France,COFOG,GF04_5,Transport,combination,2028,2.164595975379471,0.2092016887965395,1.896493132698888,2.4326988180600537,1.75456819659905,2.5746237541598918,mean of 4 + between-model variance,1995,2024,30,20260919T085500Z
FRA,France,COFOG,GF04_5,Transport,combination,2029,2.168890400061038,0.22520637489315967,1.8802767199039594,2.4575040802181163,1.727494012699941,2.6102867874221345,mean of 4 + between-model variance,1995,2024,30,20260919T085500Z
FRA,France,COFOG,GF04_5,Transport,combination,2030,2.171506204996978,0.2374990397501081,1.8671388356071474,2.4758735743868083,1.7060166370521972,2.636995772941759,mean of 4 + between-model variance,1995,2024,30,20260919T085500Z
FRA,France,COFOG,GF04_5,Transport,combination,2031,2.172889128011755,0.24939355613084216,1.8532783173651621,2.492499938658348,1.6840867361633252,2.661691519860185,mean of 4 + between-model variance,1995,2024,30,20260919T085500Z
FRA,France,COFOG,GF04_5,Transport,ets,2025,2.0676100031360956,0.10748988261742336,1.9298561290879714,2.2053638771842197,1.85693370284172,2.278286303430471,"ETS(M,N,N)",1995,2024,30,20260919T085500Z
FRA,France,COFOG,GF04_5,Transport,ets,2026,2.0676100031360956,0.15733261885164926,1.8659800707815268,2.2692399354906643,1.7592437341611418,2.3759762721110493,"ETS(M,N,N)",1995,2024,30,20260919T085500Z
FRA,France,COFOG,GF04_5,Transport,ets,2027,2.0676100031360956,0.18837274050157732,1.8262005408008182,2.309019465471373,1.698406213171662,2.436813793100529,"ETS(M,N,N)",1995,2024,30,20260919T085500Z
FRA,France,COFOG,GF04_5,Transport,ets,2028,2.0676100031360956,0.21718536324400378,1.789275666500016,2.345944339772175,1.641934509850925,2.493285496421266,"ETS(M,N,N)",1995,2024,30,20260919T085500Z
FRA,France,COFOG,GF04_5,Transport,ets,2029,2.0676100031360956,0.2386714541468219,1.7617401237313277,2.3734798825408636,1.599822545180674,2.535397461091517,"ETS(M,N,N)",1995,2024,30,20260919T085500Z
FRA,France,COFOG,GF04_5,Transport,ets,2030,2.0676100031360956,0.26352355924004384,1.729890858744899,2.405329147527292,1.5511133138737423,2.584106692398449,"ETS(M,N,N)",1995,2024,30,20260919T085500Z
FRA,France,COFOG,GF04_5,Transport,ets,2031,2.0676100031360956,0.2810735840657828,1.7073995893294234,2.4278204169427675,1.5167158970161876,2.6185041092560035,"ETS(M,N,N)",1995,2024,30,20260919T085500Z
FRA,France,COFOG,GF04_5,Transport,prophet,2025,2.2348627994186936,0.17197976750009034,2.0144617844194177,2.4552638144179695,1.8977886463901465,2.5719369524472406,Prophet(linear trend),1995,2024,30,20260919T085500Z
FRA,France,COFOG,GF04_5,Transport,prophet,2026,2.2295715459417798,0.18213209607313796,1.9961597939550577,2.462983297928502,1.872599194393888,2.5865438974896717,Prophet(linear trend),1995,2024,30,20260919T085500Z
FRA,France,COFOG,GF04_5,Transport,prophet,2027,2.224280292464866,0.17252252499818005,2.0031837055083983,2.4453768794213335,1.886142354279333,2.562418230650399,Prophet(linear trend),1995,2024,30,20260919T085500Z
FRA,France,COFOG,GF04_5,Transport,prophet,2028,2.218974542403084,0.17150089370791038,1.999187229069924,2.438761855736244,1.8828389647677533,2.5551101200384148,Prophet(linear trend),1995,2024,30,20260919T085500Z
FRA,France,COFOG,GF04_5,Transport,prophet,2029,2.21368328892617,0.18243271990152696,1.9798862718709285,2.447480305981412,1.8561217254970939,2.5712448523552465,Prophet(linear trend),1995,2024,30,20260919T085500Z
FRA,France,COFOG,GF04_5,Transport,prophet,2030,2.2083920354492563,0.17176688560045572,1.9882638396742212,2.4285202312242915,1.8717351232802448,2.545048947618268,Prophet(linear trend),1995,2024,30,20260919T085500Z
FRA,France,COFOG,GF04_5,Transport,prophet,2031,2.203100781972343,0.16957897117732165,1.985776512302104,2.420425051642582,1.8707321033077549,2.5354694606369312,Prophet(linear trend),1995,2024,30,20260919T085500Z
FRA,France,COFOG,GF04_5,Transport,uc,2025,2.121768471499152,0.11519481426032777,1.9741403268942004,2.2693966161041037,1.8959907825622229,2.347546160436081,UC(local linear trend + damped cycle),1995,2024,30,20260919T085500Z
FRA,France,COFOG,GF04_5,Transport,uc,2026,2.151854021133361,0.15060862389718274,1.9588412379606788,2.344866804306043,1.856666540205343,2.4470415020613787,UC(local linear trend + damped cycle),1995,2024,30,20260919T085500Z
FRA,France,COFOG,GF04_5,Transport,uc,2027,2.166871154864573,0.17440980939764772,1.943355914811399,2.3903863949177473,1.8250342071983219,2.508708102530824,UC(local linear trend + damped cycle),1995,2024,30,20260919T085500Z
FRA,France,COFOG,GF04_5,Transport,uc,2028,2.172460539979679,0.19384398320237997,1.9240393956187023,2.4208816843406553,1.7925333112864092,2.5523877686729484,UC(local linear trend + damped cycle),1995,2024,30,20260919T085500Z
FRA,France,COFOG,GF04_5,Transport,uc,2029,2.1721513326653827,0.2115906515689644,1.9009869099658734,2.443315755364892,1.757441272853669,2.5868613924770965,UC(local linear trend + damped cycle),1995,2024,30,20260919T085500Z
FRA,France,COFOG,GF04_5,Transport,uc,2030,2.1681515949747507,0.22889156373006594,1.8748151536933573,2.461488036256144,1.7195323701601157,2.6167708197893855,UC(local linear trend + damped cycle),1995,2024,30,20260919T085500Z
FRA,France,COFOG,GF04_5,Transport,uc,2031,2.1618428293894696,0.2463828763661361,1.846090361416695,2.477595297362244,1.678941261495392,2.644744397283547,UC(local linear trend + damped cycle),1995,2024,30,20260919T085500Z
FRA,France,COFOG,GF04_X,Economic affairs excluding transport,auto.arima,2025,3.590304,0.38893559390179117,3.091862811763972,4.088745188236029,2.82800423763387,4.3526037623661304,"ARIMA(0, 1, 0)",1995,2024,30,20260919T085500Z
FRA,France,COFOG,GF04_X,Economic affairs excluding transport,auto.arima,2026,3.590304,0.5500379917886495,2.8854017115472725,4.295206288452728,2.5122493374619514,4.668358662538049,"ARIMA(0, 1, 0)",1995,2024,30,20260919T085500Z
FRA,France,COFOG,GF04_X,Economic affairs excluding transport,auto.arima,2027,3.590304,0.6736562095149439,2.7269785373837045,4.453629462616296,2.2699620809742527,4.910645919025748,"ARIMA(0, 1, 0)",1995,2024,30,20260919T085500Z
FRA,France,COFOG,GF04_X,Economic affairs excluding transport,auto.arima,2028,3.590304,0.7778711878101626,2.593421623519511,4.587186376480489,2.065704475254843,5.1149035247451575,"ARIMA(0, 1, 0)",1995,2024,30,20260919T085500Z
FRA,France,COFOG,GF04_X,Economic affairs excluding transport,auto.arima,2029,3.590304,0.8696864268415054,2.4757556203084152,4.7048523796915855,1.8857499121020158,5.2948580878979845,"ARIMA(0, 1, 0)",1995,2024,30,20260919T085500Z
FRA,France,COFOG,GF04_X,Economic affairs excluding transport,auto.arima,2030,3.590304,0.9526937478746759,2.369377422023714,4.8112305779762865,1.723058551140559,5.457549448859441,"ARIMA(0, 1, 0)",1995,2024,30,20260919T085500Z
FRA,France,COFOG,GF04_X,Economic affairs excluding transport,auto.arima,2031,3.590304,1.0290268574952977,2.2715525727231864,4.909055427276813,1.5734484042760863,5.607159595723914,"ARIMA(0, 1, 0)",1995,2024,30,20260919T085500Z
FRA,France,COFOG,GF04_X,Economic affairs excluding transport,combination,2025,3.983296936028732,0.4780047453795515,3.370708998578077,4.595884873479387,3.046424843255645,4.920169028801819,mean of 4 + between-model variance,1995,2024,30,20260919T085500Z
FRA,France,COFOG,GF04_X,Economic affairs excluding transport,combination,2026,4.061865006245638,0.581444453282268,3.316713704252841,4.807016308238435,2.922254809812711,5.201475202678565,mean of 4 + between-model variance,1995,2024,30,20260919T085500Z
FRA,France,COFOG,GF04_X,Economic affairs excluding transport,combination,2027,4.0200781002877255,0.5929201054609143,3.26022015329408,4.779936047281371,2.85797603870813,5.182180161867321,mean of 4 + between-model variance,1995,2024,30,20260919T085500Z
FRA,France,COFOG,GF04_X,Economic affairs excluding transport,combination,2028,3.9677337087974753,0.6243088059281106,3.1676495099426933,4.767817907652257,2.7441109242953923,5.191356493299558,mean of 4 + between-model variance,1995,2024,30,20260919T085500Z
FRA,France,COFOG,GF04_X,Economic affairs excluding transport,combination,2029,3.9690146743507175,0.7014040333335378,3.0701289326240553,4.867900416077379,2.5942880195621836,5.3437413291392515,mean of 4 + between-model variance,1995,2024,30,20260919T085500Z
FRA,France,COFOG,GF04_X,Economic affairs excluding transport,combination,2030,3.988840384889077,0.7819012954243303,2.986793215935436,4.990887553842718,2.456341994304025,5.521338775474129,mean of 4 + between-model variance,1995,2024,30,20260919T085500Z
FRA,France,COFOG,GF04_X,Economic affairs excluding transport,combination,2031,3.9882468418611263,0.8597827862628916,2.886390492560345,5.090103191161908,2.303103532966164,5.673390150756088,mean of 4 + between-model variance,1995,2024,30,20260919T085500Z
FRA,France,COFOG,GF04_X,Economic affairs excluding transport,ets,2025,4.196261558453788,0.4015450821350289,3.681660655353477,4.710862461554099,3.409247653092088,4.983275463815488,"ETS(M,A,N)",1995,2024,30,20260919T085500Z
FRA,France,COFOG,GF04_X,Economic affairs excluding transport,ets,2026,4.1228955442107225,0.38978778143595866,3.623362233335907,4.622428855085538,3.3589255249563754,4.8868655634650695,"ETS(M,A,N)",1995,2024,30,20260919T085500Z
FRA,France,COFOG,GF04_X,Economic affairs excluding transport,ets,2027,4.049529529967657,0.41343862896166866,3.5196864281445728,4.579372631790742,3.239204700993429,4.8598543589418846,"ETS(M,A,N)",1995,2024,30,20260919T085500Z
FRA,France,COFOG,GF04_X,Economic affairs excluding transport,ets,2028,3.976163515724592,0.4669139464620743,3.377789013808228,4.574538017640956,3.061028989560999,4.891298041888185,"ETS(M,A,N)",1995,2024,30,20260919T085500Z
FRA,France,COFOG,GF04_X,Economic affairs excluding transport,ets,2029,3.902797501481527,0.5361169102226659,3.215735802951849,4.589859200011205,2.8520276576538697,4.953567345309184,"ETS(M,A,N)",1995,2024,30,20260919T085500Z
FRA,France,COFOG,GF04_X,Economic affairs excluding transport,ets,2030,3.829431487238462,0.6184392225853869,3.036869464655714,4.62199350982121,2.617312874783117,5.041550099693807,"ETS(M,A,N)",1995,2024,30,20260919T085500Z
FRA,France,COFOG,GF04_X,Economic affairs excluding transport,ets,2031,3.756065472995397,0.6862186513198915,2.8766405879590877,4.635490358031706,2.411101620279857,5.101029325710937,"ETS(M,A,N)",1995,2024,30,20260919T085500Z
FRA,France,COFOG,GF04_X,Economic affairs excluding transport,prophet,2025,4.04306181462302,0.4132430825185279,3.513469315735236,4.572654313510805,3.2331202496376763,4.8530033796083645,Prophet(linear trend),1995,2024,30,20260919T085500Z
FRA,France,COFOG,GF04_X,Economic affairs excluding transport,prophet,2026,4.087433878145894,0.42270225105196124,3.5457189629057506,4.629148793386037,3.2589526833650875,4.915915072926699,Prophet(linear trend),1995,2024,30,20260919T085500Z
FRA,France,COFOG,GF04_X,Economic affairs excluding transport,prophet,2027,4.131805941668767,0.40646373814356024,3.610901525123411,4.652710358214123,3.335151647601962,4.928460235735572,Prophet(linear trend),1995,2024,30,20260919T085500Z
FRA,France,COFOG,GF04_X,Economic affairs excluding transport,prophet,2028,4.176299572488963,0.4123504836736067,3.647850985436085,4.7047481595418414,3.368107469106106,4.98449167587182,Prophet(linear trend),1995,2024,30,20260919T085500Z
FRA,France,COFOG,GF04_X,Economic affairs excluding transport,prophet,2029,4.220671636011836,0.4468492785235205,3.6480110494214615,4.793332222602211,3.3448631366797628,5.09648013534391,Prophet(linear trend),1995,2024,30,20260919T085500Z
FRA,France,COFOG,GF04_X,Economic affairs excluding transport,prophet,2030,4.265043699534709,0.4025672368805601,3.7491328519759533,4.780954547093464,3.4760264076693383,5.054060991400079,Prophet(linear trend),1995,2024,30,20260919T085500Z
FRA,France,COFOG,GF04_X,Economic affairs excluding transport,prophet,2031,4.309415763057582,0.4359161334045081,3.750766570460768,4.868064955654396,3.4550358345655487,5.163795691549615,Prophet(linear trend),1995,2024,30,20260919T085500Z
FRA,France,COFOG,GF04_X,Economic affairs excluding transport,uc,2025,4.103560371038122,0.3744751016188687,3.6236510556082573,4.5834696864679865,3.3696026529687977,4.837518089107446,UC(local linear trend + damped cycle),1995,2024,30,20260919T085500Z
FRA,France,COFOG,GF04_X,Economic affairs excluding transport,uc,2026,4.446826602625937,0.46822234700404325,3.8467753173782118,5.046877887873663,3.529127658502505,5.36452554674937,UC(local linear trend + damped cycle),1995,2024,30,20260919T085500Z
FRA,France,COFOG,GF04_X,Economic affairs excluding transport,uc,2027,4.308672929514478,0.49105571330064834,3.679359498022606,4.937986361006351,3.3462214094508864,5.27112444957807,UC(local linear trend + damped cycle),1995,2024,30,20260919T085500Z
FRA,France,COFOG,GF04_X,Economic affairs excluding transport,uc,2028,4.128167746976347,0.5325129781676545,3.445724674779633,4.8106108191730605,3.084461480234958,5.171874013717735,UC(local linear trend + damped cycle),1995,2024,30,20260919T085500Z
FRA,France,COFOG,GF04_X,Economic affairs excluding transport,uc,2029,4.162285559909506,0.6269757341295763,3.358783553884279,4.965787565934733,2.9334356921419653,5.391135427677047,UC(local linear trend + damped cycle),1995,2024,30,20260919T085500Z
FRA,France,COFOG,GF04_X,Economic affairs excluding transport,uc,2030,4.270582352783139,0.7349240604971139,3.3287389532049416,5.212425752361336,2.8301576514749733,5.711007054091304,UC(local linear trend + damped cycle),1995,2024,30,20260919T085500Z
FRA,France,COFOG,GF04_X,Economic affairs excluding transport,uc,2031,4.297202131391527,0.830219560263071,3.2332325934972683,5.3611716692857865,2.6700016811800777,5.924402581602977,UC(local linear trend + damped cycle),1995,2024,30,20260919T085500Z
FRA,France,COFOG,GF05,Environmental protection,auto.arima,2025,1.0479701379310344,0.026908628265110146,1.013485331560626,1.0824549443014428,0.9952301952420362,1.1007100806200327,"ARIMA(0, 1, 0)+drift",1995,2024,30,20260919T085500Z
FRA,France,COFOG,GF05,Environmental protection,auto.arima,2026,1.064163275862069,0.038054547037374827,1.015394394997227,1.1129321567269108,0.9895777336325076,1.1387488180916303,"ARIMA(0, 1, 0)+drift",1995,2024,30,20260919T085500Z
FRA,France,COFOG,GF05,Environmental protection,auto.arima,2027,1.0803564137931034,0.046607111317154774,1.020626977070381,1.1400858505158258,0.9890081534674875,1.1717046741187194,"ARIMA(0, 1, 0)+drift",1995,2024,30,20260919T085500Z
FRA,France,COFOG,GF05,Environmental protection,auto.arima,2028,1.096549551724138,0.05381725653022035,1.027579938983321,1.165519164464955,0.9910696663461411,1.2020294371021347,"ARIMA(0, 1, 0)+drift",1995,2024,30,20260919T085500Z
FRA,France,COFOG,GF05,Environmental protection,auto.arima,2029,1.1127426896551724,0.06016952198205856,1.0356323184200213,1.1898530608903235,0.994812592673129,1.2306727866372158,"ARIMA(0, 1, 0)+drift",1995,2024,30,20260919T085500Z
FRA,France,COFOG,GF05,Environmental protection,auto.arima,2030,1.128935827586207,0.06591240892775287,1.0444656481000274,1.2134060070723864,0.9997498789345327,1.2581217762378811,"ARIMA(0, 1, 0)+drift",1995,2024,30,20260919T085500Z
FRA,France,COFOG,GF05,Environmental protection,auto.arima,2031,1.1451289655172414,0.07119353851136491,1.0538907438509246,1.2363671871835582,1.0055921930023526,1.2846657380321302,"ARIMA(0, 1, 0)+drift",1995,2024,30,20260919T085500Z
FRA,France,COFOG,GF05,Environmental protection,combination,2025,1.0417653738942831,0.03151850961198196,1.0013727648640285,1.0821579829245378,0.9799902297211446,1.1035405180674218,mean of 4 + between-model variance,1995,2024,30,20260919T085500Z
FRA,France,COFOG,GF05,Environmental protection,combination,2026,1.055641401054435,0.042325432906948984,1.0013991578616688,1.1098836442472013,0.9726850762723996,1.1385977258364703,mean of 4 + between-model variance,1995,2024,30,20260919T085500Z
FRA,France,COFOG,GF05,Environmental protection,combination,2027,1.0701221509987078,0.05214517833241791,1.003295393416441,1.1369489085809745,0.9679194786935886,1.172324823303827,mean of 4 + between-model variance,1995,2024,30,20260919T085500Z
FRA,France,COFOG,GF05,Environmental protection,combination,2028,1.0845724438811966,0.06001260606848524,1.0076631685489172,1.1614817192134759,0.966949896440784,1.2021949913216092,mean of 4 + between-model variance,1995,2024,30,20260919T085500Z
FRA,France,COFOG,GF05,Environmental protection,combination,2029,1.0985568003741957,0.06809692343106126,1.0112870519572723,1.185826548791119,0.9650892819385591,1.2320243188098323,mean of 4 + between-model variance,1995,2024,30,20260919T085500Z
FRA,France,COFOG,GF05,Environmental protection,combination,2030,1.1129548820639366,0.07516835593481092,1.0166227251789677,1.2092870389489054,0.9656276104925208,1.2602821536353523,mean of 4 + between-model variance,1995,2024,30,20260919T085500Z
FRA,France,COFOG,GF05,Environmental protection,combination,2031,1.1273806501250763,0.0832982786485794,1.020629574526432,1.2341317257237205,0.964119022711892,1.2906422775382604,mean of 4 + between-model variance,1995,2024,30,20260919T085500Z
FRA,France,COFOG,GF05,Environmental protection,ets,2025,1.050475175715874,0.032241522021346836,1.0091559886863728,1.091794362745375,0.9872829532488269,1.1136673981829208,"ETS(M,A,N)",1995,2024,30,20260919T085500Z
FRA,France,COFOG,GF05,Environmental protection,ets,2026,1.0691725505032366,0.045962488756189274,1.0102692311127648,1.1280758698937083,0.9790877271907008,1.1592573738157723,"ETS(M,A,N)",1995,2024,30,20260919T085500Z
FRA,France,COFOG,GF05,Environmental protection,ets,2027,1.0878699252905992,0.05893598309778472,1.012340398279667,1.1633994523015314,0.9723575201143326,1.2033823304668658,"ETS(M,A,N)",1995,2024,30,20260919T085500Z
FRA,France,COFOG,GF05,Environmental protection,ets,2028,1.106567300077962,0.0666338742748406,1.0211725252332913,1.1919620749226325,0.9759673053187482,1.2371672948371755,"ETS(M,A,N)",1995,2024,30,20260919T085500Z
FRA,France,COFOG,GF05,Environmental protection,ets,2029,1.1252646748653246,0.07487274732327288,1.0293113557876896,1.2212179939429595,0.9785167855306134,1.2720125642000357,"ETS(M,A,N)",1995,2024,30,20260919T085500Z
FRA,France,COFOG,GF05,Environmental protection,ets,2030,1.1439620496526872,0.08037788502609841,1.0409536103417207,1.2469704889636537,0.9864242886053953,1.301499810699979,"ETS(M,A,N)",1995,2024,30,20260919T085500Z
FRA,France,COFOG,GF05,Environmental protection,ets,2031,1.1626594244400499,0.0896469369934823,1.0477722130421787,1.277546635837921,0.9869546552225563,1.3383641936575434,"ETS(M,A,N)",1995,2024,30,20260919T085500Z
FRA,France,COFOG,GF05,Environmental protection,prophet,2025,1.0222582097910304,0.028551987176739197,0.985667353520706,1.058849066061355,0.96629734279616,1.078219076785901,Prophet(linear trend),1995,2024,30,20260919T085500Z
FRA,France,COFOG,GF05,Environmental protection,prophet,2026,1.0306035613047388,0.029817395743939386,0.9923910181543019,1.0688161044551758,0.9721625390728644,1.0890445835366132,Prophet(linear trend),1995,2024,30,20260919T085500Z
FRA,France,COFOG,GF05,Environmental protection,prophet,2027,1.0389489128184475,0.029893001758200453,1.0006394766292221,1.0772583490076728,0.9803597055204378,1.0975381201164571,Prophet(linear trend),1995,2024,30,20260919T085500Z
FRA,France,COFOG,GF05,Environmental protection,prophet,2028,1.0473171283089058,0.028756198901664427,1.01046456409408,1.0841696925237316,0.9909560136848039,1.1036782429330076,Prophet(linear trend),1995,2024,30,20260919T085500Z
FRA,France,COFOG,GF05,Environmental protection,prophet,2029,1.0556624798226144,0.029861251763619166,1.0173937329024447,1.093931226742784,0.9971355013709844,1.1141894582742444,Prophet(linear trend),1995,2024,30,20260919T085500Z
FRA,France,COFOG,GF05,Environmental protection,prophet,2030,1.0640078313363228,0.029414666246672015,1.0263114069785677,1.101704255694078,1.0063561444208307,1.121659518251815,Prophet(linear trend),1995,2024,30,20260919T085500Z
FRA,France,COFOG,GF05,Environmental protection,prophet,2031,1.0723531828500315,0.03008791399009212,1.033793956500201,1.110912409199862,1.0133819545943545,1.1313244111057084,Prophet(linear trend),1995,2024,30,20260919T085500Z
FRA,France,COFOG,GF05,Environmental protection,uc,2025,1.0463579721391936,0.02658730770225011,1.0122849547787596,1.0804309894996276,0.9942478061858606,1.0984681380925265,UC(local linear trend + damped cycle),1995,2024,30,20260919T085500Z
FRA,France,COFOG,GF05,Environmental protection,uc,2026,1.0586262165476952,0.03908073532068181,1.0085422220360047,1.1087102110593856,0.9820293822256304,1.13522305086976,UC(local linear trend + damped cycle),1995,2024,30,20260919T085500Z
FRA,France,COFOG,GF05,Environmental protection,uc,2027,1.0733133520926808,0.049682087144456995,1.0096431739485277,1.1369835302368339,0.9759382498446822,1.1706884543406793,UC(local linear trend + damped cycle),1995,2024,30,20260919T085500Z
FRA,France,COFOG,GF05,Environmental protection,uc,2028,1.087855795413781,0.05951031234867976,1.0115902356027058,1.1641213552248564,0.9712177255816133,1.204493865245949,UC(local linear trend + damped cycle),1995,2024,30,20260919T085500Z
FRA,France,COFOG,GF05,Environmental protection,uc,2029,1.1005573571536718,0.06894057776240796,1.0122064218411022,1.1889082924662413,0.9654363066001516,1.2356784077071918,UC(local linear trend + damped cycle),1995,2024,30,20260919T085500Z
FRA,France,COFOG,GF05,Environmental protection,uc,2030,1.114913819680529,0.0781592770940554,1.0147486418020881,1.21507899755897,0.9617244503101559,1.2681031890509022,UC(local linear trend + damped cycle),1995,2024,30,20260919T085500Z
FRA,France,COFOG,GF05,Environmental protection,uc,2031,1.1293810276929825,0.08730337558295512,1.0174972121078953,1.2412648432780697,0.9582695544719115,1.3004925009140536,UC(local linear trend + damped cycle),1995,2024,30,20260919T085500Z
FRA,France,COFOG,GF06,Housing and community amenities,auto.arima,2025,1.4563097579572482,0.06517607480672802,1.3727832289365363,1.53983628697796,1.3285669976747543,1.584052518239742,"ARIMA(1, 0, 2)+drift",1995,2024,30,20260919T085500Z
FRA,France,COFOG,GF06,Housing and community amenities,auto.arima,2026,1.4827832843913193,0.09299735412556388,1.3636023392169947,1.601964229565644,1.3005118182099626,1.665054750572676,"ARIMA(1, 0, 2)+drift",1995,2024,30,20260919T085500Z
FRA,France,COFOG,GF06,Housing and community amenities,auto.arima,2027,1.423067016803385,0.122484367178479,1.2660969310770709,1.580037102529699,1.1830020665707845,1.6631319670359854,"ARIMA(1, 0, 2)+drift",1995,2024,30,20260919T085500Z
FRA,France,COFOG,GF06,Housing and community amenities,auto.arima,2028,1.3773367891500718,0.13685243855291787,1.201953272817703,1.5527203054824408,1.1091109362741407,1.645562642026003,"ARIMA(1, 0, 2)+drift",1995,2024,30,20260919T085500Z
FRA,France,COFOG,GF06,Housing and community amenities,auto.arima,2029,1.3423169561013235,0.14461588433770364,1.1569841802965708,1.5276497319060762,1.0588750289712605,1.6257588832313865,"ARIMA(1, 0, 2)+drift",1995,2024,30,20260919T085500Z
FRA,France,COFOG,GF06,Housing and community amenities,auto.arima,2030,1.3154990553451844,0.14898058670983816,1.124572686486018,1.5064254242043509,1.0235024686950231,1.6074956419953457,"ARIMA(1, 0, 2)+drift",1995,2024,30,20260919T085500Z
FRA,France,COFOG,GF06,Housing and community amenities,auto.arima,2031,1.2949621270290217,0.15148172027340048,1.1008304254492047,1.4890938286088387,0.9980634086350866,1.5918608454229568,"ARIMA(1, 0, 2)+drift",1995,2024,30,20260919T085500Z
FRA,France,COFOG,GF06,Housing and community amenities,combination,2025,1.4385331041507137,0.14012496643975758,1.2589556731599094,1.618110535141518,1.1638932144275806,1.7131729938738467,mean of 4 + between-model variance,1995,2024,30,20260919T085500Z
FRA,France,COFOG,GF06,Housing and community amenities,combination,2026,1.4761800632167197,0.1952349844754431,1.2259762783922465,1.7263838480411928,1.0935265221042922,1.8588336043291471,mean of 4 + between-model variance,1995,2024,30,20260919T085500Z
FRA,France,COFOG,GF06,Housing and community amenities,combination,2027,1.493509169551598,0.25949359244745523,1.160954637163377,1.8260637019398192,0.9849110701239139,2.002107268979282,mean of 4 + between-model variance,1995,2024,30,20260919T085500Z
FRA,France,COFOG,GF06,Housing and community amenities,combination,2028,1.5141413366968768,0.33051800838635803,1.090565322013323,1.9377173513804307,0.866337938907917,2.1619447344858367,mean of 4 + between-model variance,1995,2024,30,20260919T085500Z
FRA,France,COFOG,GF06,Housing and community amenities,combination,2029,1.5367689971078753,0.4037914944581622,1.0192891998020286,2.0542487944137218,0.7453522044636779,2.3281857897520726,mean of 4 + between-model variance,1995,2024,30,20260919T085500Z
FRA,France,COFOG,GF06,Housing and community amenities,combination,2030,1.5627199005490628,0.47926460296002055,0.9485173900964425,2.176922411001683,0.6233785322731291,2.5020612688249964,mean of 4 + between-model variance,1995,2024,30,20260919T085500Z
FRA,France,COFOG,GF06,Housing and community amenities,combination,2031,1.5887062959193503,0.5536324351787826,0.8791975413511112,2.2982150504875896,0.5036066537366028,2.673805938102098,mean of 4 + between-model variance,1995,2024,30,20260919T085500Z
FRA,France,COFOG,GF06,Housing and community amenities,ets,2025,1.4352531037900316,0.08886624772053332,1.3213663862912866,1.5491398212887766,1.261078457442704,1.609427750137359,"ETS(M,N,N)",1995,2024,30,20260919T085500Z
FRA,France,COFOG,GF06,Housing and community amenities,ets,2026,1.4352531037900316,0.1268614243425994,1.2726735917009246,1.5978326158791385,1.186609279089813,1.68389692849025,"ETS(M,N,N)",1995,2024,30,20260919T085500Z
FRA,France,COFOG,GF06,Housing and community amenities,ets,2027,1.4352531037900316,0.15604163491567566,1.2352776344805776,1.6352285730994855,1.1294171168541642,1.741089090725899,"ETS(M,N,N)",1995,2024,30,20260919T085500Z
FRA,France,COFOG,GF06,Housing and community amenities,ets,2028,1.4352531037900316,0.17142504297000036,1.2155629971217417,1.6549432104583215,1.0992661908703778,1.7712400167096853,"ETS(M,N,N)",1995,2024,30,20260919T085500Z
FRA,France,COFOG,GF06,Housing and community amenities,ets,2029,1.4352531037900316,0.19730538274054893,1.1823959959281156,1.6881102116519475,1.0485416566123344,1.8219645509677287,"ETS(M,N,N)",1995,2024,30,20260919T085500Z
FRA,France,COFOG,GF06,Housing and community amenities,ets,2030,1.4352531037900316,0.21075322219217762,1.165161890383202,1.7053443171968612,1.0221843754093625,1.8483218321707007,"ETS(M,N,N)",1995,2024,30,20260919T085500Z
FRA,France,COFOG,GF06,Housing and community amenities,ets,2031,1.4352531037900316,0.23088045393766776,1.1393677962853055,1.7311384112947577,0.9827357257685445,1.8877704818115186,"ETS(M,N,N)",1995,2024,30,20260919T085500Z
FRA,France,COFOG,GF06,Housing and community amenities,prophet,2025,1.300394493295433,0.12605941126182746,1.1388428026740156,1.4619461839168504,1.0533225853610566,1.5474664012298094,Prophet(linear trend),1995,2024,30,20260919T085500Z
FRA,France,COFOG,GF06,Housing and community amenities,prophet,2026,1.3065319357134881,0.13032289438937555,1.139516369762995,1.4735475016639812,1.05110375433451,1.5619601170924662,Prophet(linear trend),1995,2024,30,20260919T085500Z
FRA,France,COFOG,GF06,Housing and community amenities,prophet,2027,1.3126693781315433,0.11711396359428959,1.1625817438593542,1.4627570124037323,1.083130225589425,1.5422085306736615,Prophet(linear trend),1995,2024,30,20260919T085500Z
FRA,France,COFOG,GF06,Housing and community amenities,prophet,2028,1.3188236354603329,0.12256288211552585,1.1617529287594164,1.4758943421612494,1.0786047987776584,1.5590424721430074,Prophet(linear trend),1995,2024,30,20260919T085500Z
FRA,France,COFOG,GF06,Housing and community amenities,prophet,2029,1.324961077878388,0.12341251366400582,1.166801524167254,1.483120631589522,1.0830769939474285,1.5668451618093475,Prophet(linear trend),1995,2024,30,20260919T085500Z
FRA,France,COFOG,GF06,Housing and community amenities,prophet,2030,1.3310985202964432,0.12718733407846164,1.1681013379335226,1.4940957026593638,1.0818159242466852,1.5803811163462012,Prophet(linear trend),1995,2024,30,20260919T085500Z
FRA,France,COFOG,GF06,Housing and community amenities,prophet,2031,1.3372359627144983,0.12510974176429387,1.176901322936984,1.4975706024920126,1.0920253728071858,1.5824465526218108,Prophet(linear trend),1995,2024,30,20260919T085500Z
FRA,France,COFOG,GF06,Housing and community amenities,uc,2025,1.562175061560142,0.06513127242864825,1.478705949116663,1.645644174003621,1.434520112325799,1.689830010794485,UC(local linear trend + damped cycle),1995,2024,30,20260919T085500Z
FRA,France,COFOG,GF06,Housing and community amenities,uc,2026,1.680151928972039,0.12083973143281786,1.5252895294748483,1.8350143284692297,1.4433104055940476,1.9169934523500305,UC(local linear trend + damped cycle),1995,2024,30,20260919T085500Z
FRA,France,COFOG,GF06,Housing and community amenities,uc,2027,1.8030471794814331,0.18380343977772323,1.5674935136274124,2.038600845335454,1.4427990544409277,2.1632953045219385,UC(local linear trend + damped cycle),1995,2024,30,20260919T085500Z
FRA,France,COFOG,GF06,Housing and community amenities,uc,2028,1.9251518183870704,0.2539196909291392,1.5997405306374501,2.2505631061366906,1.427478365274831,2.4228252714993097,UC(local linear trend + damped cycle),1995,2024,30,20260919T085500Z
FRA,France,COFOG,GF06,Housing and community amenities,uc,2029,2.0445448506617585,0.3306989882038864,1.6207369009310915,2.4683528003924256,1.3963867389457165,2.6927029623778003,UC(local linear trend + damped cycle),1995,2024,30,20260919T085500Z
FRA,France,COFOG,GF06,Housing and community amenities,uc,2030,2.1690289227645922,0.41371018646517244,1.6388378058797777,2.699220039649407,1.358171850859567,2.9798859946696172,UC(local linear trend + damped cycle),1995,2024,30,20260919T085500Z
FRA,France,COFOG,GF06,Housing and community amenities,uc,2031,2.28737399014385,0.5025143688496151,1.6433756957158883,2.931372284571812,1.3024639177158832,3.272284062571817,UC(local linear trend + damped cycle),1995,2024,30,20260919T085500Z
FRA,France,COFOG,GF08,Recreation culture and religion,auto.arima,2025,1.4689390620771554,0.038980180171815274,1.4189839342176052,1.5188941899367057,1.3925393122268837,1.5453388119274272,"ARIMA(0, 1, 1)",1995,2024,30,20260919T085500Z
FRA,France,COFOG,GF08,Recreation culture and religion,auto.arima,2026,1.4689390620771554,0.07016328507962986,1.3790211637567855,1.5588569603975253,1.3314215491993437,1.606456574954967,"ARIMA(0, 1, 1)",1995,2024,30,20260919T085500Z
FRA,France,COFOG,GF08,Recreation culture and religion,auto.arima,2027,1.4689390620771554,0.09124866410037821,1.3519991541019876,1.5858789700523233,1.2900949653923217,1.647783158761989,"ARIMA(0, 1, 1)",1995,2024,30,20260919T085500Z
FRA,France,COFOG,GF08,Recreation culture and religion,auto.arima,2028,1.4689390620771554,0.10830397419781922,1.3301418873359918,1.607736236818319,1.2566671715925009,1.68121095256181,"ARIMA(0, 1, 1)",1995,2024,30,20260919T085500Z
FRA,France,COFOG,GF08,Recreation culture and religion,auto.arima,2029,1.4689390620771554,0.12301700270279763,1.3112863762293796,1.6265917479249312,1.2278301653917694,1.7100479587625415,"ARIMA(0, 1, 1)",1995,2024,30,20260919T085500Z
FRA,France,COFOG,GF08,Recreation culture and religion,auto.arima,2030,1.4689390620771554,0.13614923826785946,1.2944567334765036,1.6434213906778072,1.2020914564447285,1.7357866677095823,"ARIMA(0, 1, 1)",1995,2024,30,20260919T085500Z
FRA,France,COFOG,GF08,Recreation culture and religion,auto.arima,2031,1.4689390620771554,0.14812173104530127,1.2791133614125876,1.6587647627417232,1.1786258016106825,1.7592523225436283,"ARIMA(0, 1, 1)",1995,2024,30,20260919T085500Z
FRA,France,COFOG,GF08,Recreation culture and religion,combination,2025,1.453758069655176,0.04937196917621407,1.3904853238134605,1.5170308154968914,1.3569907874606868,1.5505253518496651,mean of 4 + between-model variance,1995,2024,30,20260919T085500Z
FRA,France,COFOG,GF08,Recreation culture and religion,combination,2026,1.448629266336338,0.07483845917709121,1.3527198893010184,1.5445386433716577,1.3019485805337696,1.5953099521389065,mean of 4 + between-model variance,1995,2024,30,20260919T085500Z
FRA,France,COFOG,GF08,Recreation culture and religion,combination,2027,1.4483521314706693,0.10133517274785099,1.3184858381653153,1.5782184247760234,1.2497388409511003,1.6469654219902383,mean of 4 + between-model variance,1995,2024,30,20260919T085500Z
FRA,France,COFOG,GF08,Recreation culture and religion,combination,2028,1.4486718704212895,0.13083296749436238,1.2810026192629544,1.6163411215796246,1.192243964119169,1.70509977672341,mean of 4 + between-model variance,1995,2024,30,20260919T085500Z
FRA,France,COFOG,GF08,Recreation culture and religion,combination,2029,1.4443418219296893,0.16195723856749378,1.2367851989290406,1.651898444930338,1.1269114647979899,1.7617721790613887,mean of 4 + between-model variance,1995,2024,30,20260919T085500Z
FRA,France,COFOG,GF08,Recreation culture and religion,combination,2030,1.440572125174383,0.19446844467464625,1.1913507009647009,1.6897935493840652,1.0594209744760847,1.8217232758726813,mean of 4 + between-model variance,1995,2024,30,20260919T085500Z
FRA,France,COFOG,GF08,Recreation culture and religion,combination,2031,1.440998811659179,0.23101886048589199,1.1449361289657631,1.7370614943525948,0.9882101617858081,1.8937874615325498,mean of 4 + between-model variance,1995,2024,30,20260919T085500Z
FRA,France,COFOG,GF08,Recreation culture and religion,ets,2025,1.4720556224615178,0.044869974904166825,1.414552416383133,1.5295588285399027,1.3841120869684473,1.5599991579545882,"ETS(M,A,N)",1995,2024,30,20260919T085500Z
FRA,France,COFOG,GF08,Recreation culture and religion,ets,2026,1.4768494033167803,0.07716408629912597,1.3779596141919628,1.5757391924415978,1.3256105720776001,1.6280882345559604,"ETS(M,A,N)",1995,2024,30,20260919T085500Z
FRA,France,COFOG,GF08,Recreation culture and religion,ets,2027,1.4816431841720428,0.11075776553195038,1.3397013482390407,1.6235850201050448,1.2645619510089792,1.6987244173351064,"ETS(M,A,N)",1995,2024,30,20260919T085500Z
FRA,France,COFOG,GF08,Recreation culture and religion,ets,2028,1.4864369650273053,0.1504804662239628,1.2935884225770533,1.6792855074775572,1.1915006685251224,1.7813732615294882,"ETS(M,A,N)",1995,2024,30,20260919T085500Z
FRA,France,COFOG,GF08,Recreation culture and religion,ets,2029,1.4912307458825678,0.1903211480873176,1.2473242979089698,1.7351371938561657,1.1182081471927563,1.8642533445723792,"ETS(M,A,N)",1995,2024,30,20260919T085500Z
FRA,France,COFOG,GF08,Recreation culture and religion,ets,2030,1.4960245267378303,0.22990353585447101,1.2013911905564612,1.7906578629191994,1.045421872990358,1.9466271804853026,"ETS(M,A,N)",1995,2024,30,20260919T085500Z
FRA,France,COFOG,GF08,Recreation culture and religion,ets,2031,1.5008183075930928,0.2773355745653656,1.1453983473376992,1.8562382678484863,0.9572505655256605,2.044386049660525,"ETS(M,A,N)",1995,2024,30,20260919T085500Z
FRA,France,COFOG,GF08,Recreation culture and religion,prophet,2025,1.4129638499953638,0.04278380218166005,1.358134182741853,1.4677935172488747,1.3291091379361886,1.4968185620545391,Prophet(linear trend),1995,2024,30,20260919T085500Z
FRA,France,COFOG,GF08,Recreation culture and religion,prophet,2026,1.4014745935242736,0.045003740423407726,1.3437999599771746,1.4591492270713726,1.3132688824290497,1.4896803046194975,Prophet(linear trend),1995,2024,30,20260919T085500Z
FRA,France,COFOG,GF08,Recreation culture and religion,prophet,2027,1.3899853370531836,0.04650550330991425,1.3303861162753563,1.449584557831011,1.2988362247638707,1.4811344493424965,Prophet(linear trend),1995,2024,30,20260919T085500Z
FRA,France,COFOG,GF08,Recreation culture and religion,prophet,2028,1.3784646031671042,0.04536547667138653,1.3203263858079355,1.4366028205262729,1.2895499020483467,1.4673793042858616,Prophet(linear trend),1995,2024,30,20260919T085500Z
FRA,France,COFOG,GF08,Recreation culture and religion,prophet,2029,1.3669753466960142,0.04859900397214196,1.3046931959575077,1.4292574974345207,1.271723048474759,1.4622276449172693,Prophet(linear trend),1995,2024,30,20260919T085500Z
FRA,France,COFOG,GF08,Recreation culture and religion,prophet,2030,1.355486090224924,0.05052896550617527,1.290730593422554,1.420241587027294,1.2564511368755786,1.4545210435742693,Prophet(linear trend),1995,2024,30,20260919T085500Z
FRA,France,COFOG,GF08,Recreation culture and religion,prophet,2031,1.343996833753834,0.0566329092480459,1.2714188156411823,1.4165748518664856,1.232998370412397,1.4549952970952709,Prophet(linear trend),1995,2024,30,20260919T085500Z
FRA,France,COFOG,GF08,Recreation culture and religion,uc,2025,1.4610737440866672,0.036649810984834746,1.4141051055194302,1.5080423826539042,1.3892414339495867,1.5329060542237478,UC(local linear trend + damped cycle),1995,2024,30,20260919T085500Z
FRA,France,COFOG,GF08,Recreation culture and religion,uc,2026,1.4472540064271435,0.0701538964868214,1.3573481400766645,1.5371598727776226,1.3097548948532471,1.58475311800104,UC(local linear trend + damped cycle),1995,2024,30,20260919T085500Z
FRA,France,COFOG,GF08,Recreation culture and religion,uc,2027,1.4528409425802955,0.10819877582249944,1.3141785850274197,1.5915033001331713,1.2407752371241263,1.6649066480364647,UC(local linear trend + damped cycle),1995,2024,30,20260919T085500Z
FRA,France,COFOG,GF08,Recreation culture and religion,uc,2028,1.4608468514135928,0.15105598596868317,1.267260750483455,1.6544329523437307,1.1647825569304686,1.756911145896717,UC(local linear trend + damped cycle),1995,2024,30,20260919T085500Z
FRA,France,COFOG,GF08,Recreation culture and religion,uc,2029,1.4502221330630205,0.19859106139344537,1.195717361152128,1.704726904973913,1.0609908020100778,1.8394534641159632,UC(local linear trend + damped cycle),1995,2024,30,20260919T085500Z
FRA,France,COFOG,GF08,Recreation culture and religion,uc,2030,1.4418388216576226,0.24999724714458746,1.1214543495849822,1.7622232937302629,0.9518532171551284,1.9318244261601167,UC(local linear trend + damped cycle),1995,2024,30,20260919T085500Z
FRA,France,COFOG,GF08,Recreation culture and religion,uc,2031,1.450241043212634,0.304868372796775,1.0595363703181815,1.8409457161070866,0.8527100077923757,2.0477720786328923,UC(local linear trend + damped cycle),1995,2024,30,20260919T085500Z
FRA,France,COFOG,GF10,Social protection,auto.arima,2025,23.610665,0.8894317252928912,22.470811993587446,24.750518006412555,21.867410837968045,25.353919162031957,"ARIMA(0, 1, 0)",1995,2024,30,20260919T085500Z
FRA,France,COFOG,GF10,Social protection,auto.arima,2026,23.610665,1.257846408744445,21.99866941918074,25.222660580819262,21.145331321331604,26.075998678668398,"ARIMA(0, 1, 0)",1995,2024,30,20260919T085500Z
FRA,France,COFOG,GF10,Social protection,auto.arima,2027,23.610665,1.5405409381204727,21.63638167966983,25.58494832033017,20.591260220757647,26.630069779242355,"ARIMA(0, 1, 0)",1995,2024,30,20260919T085500Z
FRA,France,COFOG,GF10,Social protection,auto.arima,2028,23.610665,1.7788634506501366,21.330958987092416,25.890371012907586,20.124156675809957,27.097173324190045,"ARIMA(0, 1, 0)",1995,2024,30,20260919T085500Z
FRA,France,COFOG,GF10,Social protection,auto.arima,2029,23.610665,1.9888297991765709,21.06187619320567,26.159453806794332,19.712630191486692,27.50869980851331,"ARIMA(0, 1, 0)",1995,2024,30,20260919T085500Z
FRA,France,COFOG,GF10,Social protection,auto.arima,2030,23.610665,2.1786538880984585,20.818606752399646,26.402723247600356,19.340581810866993,27.88074818913301,"ARIMA(0, 1, 0)",1995,2024,30,20260919T085500Z
FRA,France,COFOG,GF10,Social protection,auto.arima,2031,23.610665,2.353215153393403,20.59489741373838,26.626432586261622,18.998448015094453,28.22288198490555,"ARIMA(0, 1, 0)",1995,2024,30,20260919T085500Z
FRA,France,COFOG,GF10,Social protection,combination,2025,24.034427226493555,1.1406986720846883,22.57256256188608,25.49629189110103,21.79869889435976,26.27015555862735,mean of 4 + between-model variance,1995,2024,30,20260919T085500Z
FRA,France,COFOG,GF10,Social protection,combination,2026,23.974001337827325,1.3886920725716008,22.194320234839044,25.753682440815606,21.2522148685016,26.69578780715305,mean of 4 + between-model variance,1995,2024,30,20260919T085500Z
FRA,France,COFOG,GF10,Social protection,combination,2027,23.89099161487305,1.6242717347270148,21.809402924690175,25.972580305055928,20.707477488590552,27.07450574115555,mean of 4 + between-model variance,1995,2024,30,20260919T085500Z
FRA,France,COFOG,GF10,Social protection,combination,2028,23.854992414606816,1.8515725216522756,21.482105946338297,26.227878882875334,20.225976928779136,27.484007900434495,mean of 4 + between-model variance,1995,2024,30,20260919T085500Z
FRA,France,COFOG,GF10,Social protection,combination,2029,23.84473984610293,2.0605772350310425,21.204002969394427,26.48547672281143,19.806082646222546,27.883397045983312,mean of 4 + between-model variance,1995,2024,30,20260919T085500Z
FRA,France,COFOG,GF10,Social protection,combination,2030,23.82376004320372,2.281505127126054,20.89989258452507,26.74762750188237,19.35209212822123,28.29542795818621,mean of 4 + between-model variance,1995,2024,30,20260919T085500Z
FRA,France,COFOG,GF10,Social protection,combination,2031,23.788180793640258,2.5115436978486065,20.569506944574982,27.006854642705534,18.865645561430114,28.710716025850402,mean of 4 + between-model variance,1995,2024,30,20260919T085500Z
FRA,France,COFOG,GF10,Social protection,ets,2025,23.580991202693113,0.8344276826443021,22.511628737144942,24.650353668241284,21.945542984106858,25.216439421279368,"ETS(M,N,N)",1995,2024,30,20260919T085500Z
FRA,France,COFOG,GF10,Social protection,ets,2026,23.580991202693113,1.0624800987190584,22.219367707219508,24.942614698166718,21.498568458487313,25.663413946898913,"ETS(M,N,N)",1995,2024,30,20260919T085500Z
FRA,France,COFOG,GF10,Social protection,ets,2027,23.580991202693113,1.2001823235300122,22.04289514560858,25.119087259777647,21.228677055137936,25.93330535024829,"ETS(M,N,N)",1995,2024,30,20260919T085500Z
FRA,France,COFOG,GF10,Social protection,ets,2028,23.580991202693113,1.3879746704573002,21.80222948781922,25.359752917567008,20.860610815684943,26.301371589701283,"ETS(M,N,N)",1995,2024,30,20260919T085500Z
FRA,France,COFOG,GF10,Social protection,ets,2029,23.580991202693113,1.5021414742294945,21.655918792111358,25.50606361327487,20.636847990296374,26.525134415089852,"ETS(M,N,N)",1995,2024,30,20260919T085500Z
FRA,France,COFOG,GF10,Social protection,ets,2030,23.580991202693113,1.6041415014015676,21.52520045328893,25.636781952097294,20.43693160904009,26.725050796346135,"ETS(M,N,N)",1995,2024,30,20260919T085500Z
FRA,France,COFOG,GF10,Social protection,ets,2031,23.580991202693113,1.6651437727738694,21.447022870407217,25.71495953497901,20.31736935323215,26.844613052154077,"ETS(M,N,N)",1995,2024,30,20260919T085500Z
FRA,France,COFOG,GF10,Social protection,prophet,2025,25.1123952535755,0.8750076061553578,23.99102750589189,26.23376300125911,23.39741184578482,26.82737866136618,Prophet(linear trend),1995,2024,30,20260919T085500Z
FRA,France,COFOG,GF10,Social protection,prophet,2026,25.245172605130506,0.871121241159646,24.12878543627988,26.36155977398113,23.53780633282228,26.95253887743873,Prophet(linear trend),1995,2024,30,20260919T085500Z
FRA,France,COFOG,GF10,Social protection,prophet,2027,25.377949956685516,0.8698089421402678,24.263244567267773,26.49265534610326,23.673155743212508,27.082744170158524,Prophet(linear trend),1995,2024,30,20260919T085500Z
FRA,France,COFOG,GF10,Social protection,prophet,2028,25.511091081806427,0.8886171592307843,24.372281984159898,26.649900179452956,23.769433439931824,27.25274872368103,Prophet(linear trend),1995,2024,30,20260919T085500Z
FRA,France,COFOG,GF10,Social protection,prophet,2029,25.643868433361437,0.912389592377512,24.47459372647085,26.813143140252023,23.855617678326837,27.432119188396037,Prophet(linear trend),1995,2024,30,20260919T085500Z
FRA,France,COFOG,GF10,Social protection,prophet,2030,25.776645784916443,0.8956342287606686,24.62884394777975,26.924447622053137,24.02123493937777,27.532056630455116,Prophet(linear trend),1995,2024,30,20260919T085500Z
FRA,France,COFOG,GF10,Social protection,prophet,2031,25.90942313647145,0.8832957720478359,24.777433673212002,27.041412599730897,24.178195221905483,27.640651051037416,Prophet(linear trend),1995,2024,30,20260919T085500Z
FRA,France,COFOG,GF10,Social protection,uc,2025,23.83365744970561,0.9138421904314367,22.66252116287382,25.004793736537398,22.04255965477885,25.624755244632368,UC(local linear trend + damped cycle),1995,2024,30,20260919T085500Z
FRA,France,COFOG,GF10,Social protection,uc,2026,23.45917654348568,1.1636640254849555,21.967880584297383,24.950472502673975,21.178436945440083,25.739916141531275,UC(local linear trend + damped cycle),1995,2024,30,20260919T085500Z
FRA,France,COFOG,GF10,Social protection,uc,2027,22.994360300113588,1.3152420424007196,21.30880923019086,24.679911370036315,20.416533245721702,25.572187354505473,UC(local linear trend + damped cycle),1995,2024,30,20260919T085500Z
FRA,France,COFOG,GF10,Social protection,uc,2028,22.71722237392773,1.5067202394651502,20.786282037600685,24.648162710254773,19.764104946504656,25.670339801350803,UC(local linear trend + damped cycle),1995,2024,30,20260919T085500Z
FRA,France,COFOG,GF10,Social protection,uc,2029,22.543434748357175,1.7888830045467328,20.2508881561143,24.83598134060005,19.037288459233743,26.049581037480607,UC(local linear trend + damped cycle),1995,2024,30,20260919T085500Z
FRA,France,COFOG,GF10,Social protection,uc,2030,22.326738185205325,2.118219699073381,19.612129493418436,25.041346876992215,18.175103830930667,26.478372539479984,UC(local linear trend + damped cycle),1995,2024,30,20260919T085500Z
FRA,France,COFOG,GF10,Social protection,uc,2031,22.05164383539647,2.4538360712266805,18.906925310643775,25.196362360149163,17.24221347389074,26.861074196902198,UC(local linear trend + damped cycle),1995,2024,30,20260919T085500Z
FRA,France,COFOG,GF10_5,Unemployment,auto.arima,2025,1.8339032756805858,0.26972007277508697,1.4882429769755274,2.179563574385644,1.3052616429640351,2.3625449083971364,"ARIMA(0, 0, 1)+drift",1995,2024,30,20260919T085500Z
FRA,France,COFOG,GF10_5,Unemployment,auto.arima,2026,1.8993724817818067,0.29031924627472416,1.5273132710799415,2.271431692483672,1.3303572105762131,2.4683877529874003,"ARIMA(0, 0, 1)+drift",1995,2024,30,20260919T085500Z
FRA,France,COFOG,GF10_5,Unemployment,auto.arima,2027,1.8993724817818067,0.29031924627472416,1.5273132710799415,2.271431692483672,1.3303572105762131,2.4683877529874003,"ARIMA(0, 0, 1)+drift",1995,2024,30,20260919T085500Z
FRA,France,COFOG,GF10_5,Unemployment,auto.arima,2028,1.8993724817818067,0.29031924627472416,1.5273132710799415,2.271431692483672,1.3303572105762131,2.4683877529874003,"ARIMA(0, 0, 1)+drift",1995,2024,30,20260919T085500Z
FRA,France,COFOG,GF10_5,Unemployment,auto.arima,2029,1.8993724817818067,0.29031924627472416,1.5273132710799415,2.271431692483672,1.3303572105762131,2.4683877529874003,"ARIMA(0, 0, 1)+drift",1995,2024,30,20260919T085500Z
FRA,France,COFOG,GF10_5,Unemployment,auto.arima,2030,1.8993724817818067,0.29031924627472416,1.5273132710799415,2.271431692483672,1.3303572105762131,2.4683877529874003,"ARIMA(0, 0, 1)+drift",1995,2024,30,20260919T085500Z
FRA,France,COFOG,GF10_5,Unemployment,auto.arima,2031,1.8993724817818067,0.29031924627472416,1.5273132710799415,2.271431692483672,1.3303572105762131,2.4683877529874003,"ARIMA(0, 0, 1)+drift",1995,2024,30,20260919T085500Z
FRA,France,COFOG,GF10_5,Unemployment,combination,2025,1.9729141842432556,0.31895798135148173,1.5641529453263014,2.3816754231602095,1.34776802328168,2.598060345204831,mean of 4 + between-model variance,1995,2024,30,20260919T085500Z
FRA,France,COFOG,GF10_5,Unemployment,combination,2026,2.0300716481677252,0.3550761298421313,1.5750231238162822,2.4851201725191685,1.3341352164178222,2.7260080799176283,mean of 4 + between-model variance,1995,2024,30,20260919T085500Z
FRA,France,COFOG,GF10_5,Unemployment,combination,2027,1.9951927925209736,0.3220186404857642,1.5825091597691614,2.407876425272786,1.3640478498399333,2.626337735202014,mean of 4 + between-model variance,1995,2024,30,20260919T085500Z
FRA,France,COFOG,GF10_5,Unemployment,combination,2028,1.9479546815342927,0.3005665937732566,1.5627629621509882,2.3331464009175975,1.3588549781360855,2.5370543849325,mean of 4 + between-model variance,1995,2024,30,20260919T085500Z
FRA,France,COFOG,GF10_5,Unemployment,combination,2029,1.9402439238973461,0.2988264103390596,1.5572823400745035,2.3232055077201887,1.3545549173835614,2.525932930411131,mean of 4 + between-model variance,1995,2024,30,20260919T085500Z
FRA,France,COFOG,GF10_5,Unemployment,combination,2030,1.968289644484806,0.30362785605050585,1.579174758307568,2.357404530662044,1.3731899772286322,2.5633893117409796,mean of 4 + between-model variance,1995,2024,30,20260919T085500Z
FRA,France,COFOG,GF10_5,Unemployment,combination,2031,1.9963409107165653,0.32364543187977785,1.5815724602001722,2.4111093612329584,1.3620075154677482,2.6306743059653823,mean of 4 + between-model variance,1995,2024,30,20260919T085500Z
FRA,France,COFOG,GF10_5,Unemployment,ets,2025,1.9028518250377604,0.2892950715856406,1.5321051474570395,2.2735985026184813,1.335843899352482,2.469859750723039,"ETS(A,N,N)",1995,2024,30,20260919T085500Z
FRA,France,COFOG,GF10_5,Unemployment,ets,2026,1.9028518250377604,0.289295073032116,1.5321051456033061,2.273598504472215,1.3358438965174422,2.4698597535580786,"ETS(A,N,N)",1995,2024,30,20260919T085500Z
FRA,France,COFOG,GF10_5,Unemployment,ets,2027,1.9028518250377604,0.2892950744785914,1.5321051437495727,2.273598506325948,1.3358438936824024,2.4698597563931184,"ETS(A,N,N)",1995,2024,30,20260919T085500Z
FRA,France,COFOG,GF10_5,Unemployment,ets,2028,1.9028518250377604,0.28929507592506665,1.5321051418958394,2.2735985081796812,1.335843890847363,2.4698597592281577,"ETS(A,N,N)",1995,2024,30,20260919T085500Z
FRA,France,COFOG,GF10_5,Unemployment,ets,2029,1.9028518250377604,0.28929507737154186,1.5321051400421062,2.2735985100334144,1.3358438880123238,2.469859762063197,"ETS(A,N,N)",1995,2024,30,20260919T085500Z
FRA,France,COFOG,GF10_5,Unemployment,ets,2030,1.9028518250377604,0.28929507881801725,1.5321051381883728,2.273598511887148,1.335843885177284,2.4698597648982368,"ETS(A,N,N)",1995,2024,30,20260919T085500Z
FRA,France,COFOG,GF10_5,Unemployment,ets,2031,1.9028518250377604,0.2892950802644927,1.5321051363346392,2.2735985137408816,1.3358438823422443,2.4698597677332765,"ETS(A,N,N)",1995,2024,30,20260919T085500Z
FRA,France,COFOG,GF10_5,Unemployment,prophet,2025,1.9925107549601744,0.2902503216981183,1.6205398746873074,2.3644816352330413,1.4236305734434436,2.561390936476905,Prophet(linear trend),1995,2024,30,20260919T085500Z
FRA,France,COFOG,GF10_5,Unemployment,prophet,2026,1.9982864766950752,0.2795843558429225,1.6399845862958662,2.356588367094284,1.4503112042797572,2.546261749110393,Prophet(linear trend),1995,2024,30,20260919T085500Z
FRA,France,COFOG,GF10_5,Unemployment,prophet,2027,2.0040621984299762,0.2833603080978778,1.6409212288665247,2.367203167993428,1.4486861955292272,2.5594382013307255,Prophet(linear trend),1995,2024,30,20260919T085500Z
FRA,France,COFOG,GF10_5,Unemployment,prophet,2028,2.009853744060041,0.2810855179396439,1.6496280363734543,2.3700794517466273,1.4589362479769845,2.5607712401430973,Prophet(linear trend),1995,2024,30,20260919T085500Z
FRA,France,COFOG,GF10_5,Unemployment,prophet,2029,2.015629465794942,0.27544209624371213,1.66263609646962,2.368622835120264,1.4757728730727309,2.555486058517153,Prophet(linear trend),1995,2024,30,20260919T085500Z
FRA,France,COFOG,GF10_5,Unemployment,prophet,2030,2.021405187529843,0.2626592779404987,1.6847936645666408,2.358016710493045,1.5066024585004714,2.5362079165592144,Prophet(linear trend),1995,2024,30,20260919T085500Z
FRA,France,COFOG,GF10_5,Unemployment,prophet,2031,2.0271809092647435,0.2774704139932329,1.6715881452708878,2.3827736732585993,1.4833488867729108,2.5710129317565764,Prophet(linear trend),1995,2024,30,20260919T085500Z
FRA,France,COFOG,GF10_5,Unemployment,uc,2025,2.162390881294502,0.2925064475795693,1.78752865838601,2.5372531042029944,1.589088774270659,2.735692988318345,UC(local linear trend + damped cycle),1995,2024,30,20260919T085500Z
FRA,France,COFOG,GF10_5,Unemployment,uc,2026,2.319775809156258,0.3171182395416087,1.91337229503523,2.7261793232772855,1.6982354759113283,2.9413161424011873,UC(local linear trend + damped cycle),1995,2024,30,20260919T085500Z
FRA,France,COFOG,GF10_5,Unemployment,uc,2027,2.1744846648343503,0.3161284751191767,1.7693495852884191,2.5796197443802815,1.5548842342258684,2.7940850954428322,UC(local linear trend + damped cycle),1995,2024,30,20260919T085500Z
FRA,France,COFOG,GF10_5,Unemployment,uc,2028,1.9797406752575637,0.3194683294920592,1.5703253986603563,2.389155951854771,1.3535942503129892,2.605887100202138,UC(local linear trend + damped cycle),1995,2024,30,20260919T085500Z
FRA,France,COFOG,GF10_5,Unemployment,uc,2029,1.9431219229748757,0.3188475554361888,1.5345022006105171,2.3517416453392346,1.3181921928319413,2.56805165311781,UC(local linear trend + damped cycle),1995,2024,30,20260919T085500Z
FRA,France,COFOG,GF10_5,Unemployment,uc,2030,2.0495290835898134,0.3273972739569787,1.6299524523556994,2.4691057148239275,1.4078422129359978,2.691215954243629,UC(local linear trend + damped cycle),1995,2024,30,20260919T085500Z
FRA,France,COFOG,GF10_5,Unemployment,uc,2031,2.15595842678195,0.33851066016738707,1.7221394132231147,2.589777440340785,1.4924897192376372,2.8194271343262622,UC(local linear trend + damped cycle),1995,2024,30,20260919T085500Z
FRA,France,COFOG,GF10_X,Social protection excluding old age and unemployment,auto.arima,2025,8.693699214019844,0.2483724383069679,8.375397018962673,9.012001409077016,8.206898176345966,9.180500251693722,"ARIMA(1, 0, 0)+drift",1995,2024,30,20260919T085500Z
FRA,France,COFOG,GF10_X,Social protection excluding old age and unemployment,auto.arima,2026,8.74438669062094,0.2854389619394205,8.378581818069552,9.110191563172329,8.184936601022306,9.303836780219575,"ARIMA(1, 0, 0)+drift",1995,2024,30,20260919T085500Z
FRA,France,COFOG,GF10_X,Social protection excluding old age and unemployment,auto.arima,2027,8.77309331461003,0.29634756011557806,8.39330850624879,9.15287812297127,8.192262765295661,9.353923863924399,"ARIMA(1, 0, 0)+drift",1995,2024,30,20260919T085500Z
FRA,France,COFOG,GF10_X,Social protection excluding old age and unemployment,auto.arima,2028,8.789351181762033,0.2997623904338239,8.405190090776784,9.173512272747281,8.201827687957794,9.376874675566272,"ARIMA(1, 0, 0)+drift",1995,2024,30,20260919T085500Z
FRA,France,COFOG,GF10_X,Social protection excluding old age and unemployment,auto.arima,2029,8.798558751570056,0.30084947790274497,8.413004501464837,9.184113001675275,8.20890460546188,9.388212897678232,"ARIMA(1, 0, 0)+drift",1995,2024,30,20260919T085500Z
FRA,France,COFOG,GF10_X,Social protection excluding old age and unemployment,auto.arima,2030,8.803773417244031,0.3011973271298767,8.417773380266084,9.189773454221978,8.21343749917325,9.394109335314813,"ARIMA(1, 0, 0)+drift",1995,2024,30,20260919T085500Z
FRA,France,COFOG,GF10_X,Social protection excluding old age and unemployment,auto.arima,2031,8.806726719652627,0.3013088137425747,8.420583806783203,9.19286963252205,8.216172291834475,9.397281147470778,"ARIMA(1, 0, 0)+drift",1995,2024,30,20260919T085500Z
FRA,France,COFOG,GF10_X,Social protection excluding old age and unemployment,combination,2025,8.720540096893933,0.3203152577139238,8.310039437740139,9.131040756047726,8.092733723123919,9.348346470663946,mean of 4 + between-model variance,1995,2024,30,20260919T085500Z
FRA,France,COFOG,GF10_X,Social protection excluding old age and unemployment,combination,2026,8.74130620201801,0.3595679557517135,8.28050116918849,9.202111234847528,8.036565953191058,9.44604645084496,mean of 4 + between-model variance,1995,2024,30,20260919T085500Z
FRA,France,COFOG,GF10_X,Social protection excluding old age and unemployment,combination,2027,8.740499058325682,0.4049435660118461,8.221542821416069,9.259455295235295,7.94682424691084,9.534173869740524,mean of 4 + between-model variance,1995,2024,30,20260919T085500Z
FRA,France,COFOG,GF10_X,Social protection excluding old age and unemployment,combination,2028,8.750169867612662,0.43520839625243096,8.192427676978566,9.307912058246758,7.897177078460163,9.603162656765162,mean of 4 + between-model variance,1995,2024,30,20260919T085500Z
FRA,France,COFOG,GF10_X,Social protection excluding old age and unemployment,combination,2029,8.74659906584488,0.47219531424715805,8.141456216480806,9.351741915208953,7.821113248951763,9.672084882737996,mean of 4 + between-model variance,1995,2024,30,20260919T085500Z
FRA,France,COFOG,GF10_X,Social protection excluding old age and unemployment,combination,2030,8.751714330593725,0.5004241998673178,8.110394696405363,9.393033964782086,7.770900914124977,9.732527747062472,mean of 4 + between-model variance,1995,2024,30,20260919T085500Z
FRA,France,COFOG,GF10_X,Social protection excluding old age and unemployment,combination,2031,8.748085643794504,0.534547311079707,8.063035468185683,9.433135819403324,7.700392157781477,9.795779129807531,mean of 4 + between-model variance,1995,2024,30,20260919T085500Z
FRA,France,COFOG,GF10_X,Social protection excluding old age and unemployment,ets,2025,8.639575374087281,0.26499620068012397,8.299968963113267,8.979181785061295,8.120192360617462,9.1589583875571,"ETS(A,N,N)",1995,2024,30,20260919T085500Z
FRA,France,COFOG,GF10_X,Social protection excluding old age and unemployment,ets,2026,8.639575374087281,0.32046245054963024,8.228886079660501,9.05026466851406,8.011480507658225,9.267670240516336,"ETS(A,N,N)",1995,2024,30,20260919T085500Z
FRA,France,COFOG,GF10_X,Social protection excluding old age and unemployment,ets,2027,8.639575374087281,0.36765388349594236,8.16840780438529,9.110742943789273,7.91898699797504,9.360163750199522,"ETS(A,N,N)",1995,2024,30,20260919T085500Z
FRA,France,COFOG,GF10_X,Social protection excluding old age and unemployment,ets,2028,8.639575374087281,0.40944178326963826,8.11485443785451,9.164296310320053,7.837084218782987,9.442066529391575,"ETS(A,N,N)",1995,2024,30,20260919T085500Z
FRA,France,COFOG,GF10_X,Social protection excluding old age and unemployment,ets,2029,8.639575374087281,0.44734301126137527,8.066282043319243,9.21286870485532,7.762799176363391,9.516351571811171,"ETS(A,N,N)",1995,2024,30,20260919T085500Z
FRA,France,COFOG,GF10_X,Social protection excluding old age and unemployment,ets,2030,8.639575374087281,0.48227478221628844,8.021515162388432,9.25763558578613,7.694334162835515,9.584816585339047,"ETS(A,N,N)",1995,2024,30,20260919T085500Z
FRA,France,COFOG,GF10_X,Social protection excluding old age and unemployment,ets,2031,8.639575374087281,0.5148418799972884,7.979778733092996,9.299372015081566,7.630503823600275,9.648646924574287,"ETS(A,N,N)",1995,2024,30,20260919T085500Z
FRA,France,COFOG,GF10_X,Social protection excluding old age and unemployment,prophet,2025,8.989389606684435,0.23970365125190865,8.682196913015249,9.296582300353622,8.519579079562138,9.459200133806732,Prophet(linear trend),1995,2024,30,20260919T085500Z
FRA,France,COFOG,GF10_X,Social protection excluding old age and unemployment,prophet,2026,9.006714556912629,0.2467858435073266,8.690445665594128,9.32298344823113,8.523023187928635,9.490405925896622,Prophet(linear trend),1995,2024,30,20260919T085500Z
FRA,France,COFOG,GF10_X,Social protection excluding old age and unemployment,prophet,2027,9.024039507140822,0.2548464684760471,8.697440505772407,9.350638508509237,8.524549603400635,9.52352941088101,Prophet(linear trend),1995,2024,30,20260919T085500Z
FRA,France,COFOG,GF10_X,Social protection excluding old age and unemployment,prophet,2028,9.041411922986079,0.25724155206636473,8.711743497452325,9.371080348519833,8.537227741631877,9.54559610434028,Prophet(linear trend),1995,2024,30,20260919T085500Z
FRA,France,COFOG,GF10_X,Social protection excluding old age and unemployment,prophet,2029,9.058736873214272,0.25294169419506396,8.734578939135199,9.382894807293345,8.562980258492939,9.554493487935606,Prophet(linear trend),1995,2024,30,20260919T085500Z
FRA,France,COFOG,GF10_X,Social protection excluding old age and unemployment,prophet,2030,9.076061823442465,0.2514961543928828,8.753756423787959,9.398367223096972,8.583138414693973,9.568985232190958,Prophet(linear trend),1995,2024,30,20260919T085500Z
FRA,France,COFOG,GF10_X,Social protection excluding old age and unemployment,prophet,2031,9.093386773670657,0.24914477001357901,8.774094795370214,9.4126787519711,8.605071993655763,9.581701553685551,Prophet(linear trend),1995,2024,30,20260919T085500Z
FRA,France,COFOG,GF10_X,Social protection excluding old age and unemployment,uc,2025,8.559496192784172,0.2835193220768256,8.196151438537973,8.922840947030371,8.003808528209188,9.115183857359156,UC(local linear trend + damped cycle),1995,2024,30,20260919T085500Z
FRA,France,COFOG,GF10_X,Social protection excluding old age and unemployment,uc,2026,8.574548186451185,0.3567496530706615,8.117354955059174,9.031741417843197,7.875331709420199,9.27376466348217,UC(local linear trend + damped cycle),1995,2024,30,20260919T085500Z
FRA,France,COFOG,GF10_X,Social protection excluding old age and unemployment,uc,2027,8.5252880374646,0.4289917591558392,7.975512790534916,9.075063284394284,7.684479633222485,9.366096441706715,UC(local linear trend + damped cycle),1995,2024,30,20260919T085500Z
FRA,France,COFOG,GF10_X,Social protection excluding old age and unemployment,uc,2028,8.530340991615251,0.4879222575403637,7.905043246619883,9.15563873661062,7.5740309320374095,9.486651051193093,UC(local linear trend + damped cycle),1995,2024,30,20260919T085500Z
FRA,France,COFOG,GF10_X,Social protection excluding old age and unemployment,uc,2029,8.489525264507915,0.548063446052078,7.787153459092982,9.191897069922847,7.4153406405299,9.56370988848593,UC(local linear trend + damped cycle),1995,2024,30,20260919T085500Z
FRA,France,COFOG,GF10_X,Social protection excluding old age and unemployment,uc,2030,8.487446707601121,0.6011431769111506,7.717050466944282,9.25784294825796,7.309227722009634,9.665665693192608,UC(local linear trend + damped cycle),1995,2024,30,20260919T085500Z
FRA,France,COFOG,GF10_X,Social protection excluding old age and unemployment,uc,2031,8.452653707767446,0.6552908977668315,7.612864347152568,9.292443068382324,7.168307138616776,9.737000276918117,UC(local linear trend + damped cycle),1995,2024,30,20260919T085500Z
FRA,France,ESA_EXP,E01,Compensation of employees,auto.arima,2026,12.483794536272896,0.2711449080124855,12.13630823711968,12.831280835426112,11.952360277785113,13.015228794760679,"ARIMA(1, 0, 0)+drift",1978,2025,48,20260919T085500Z
FRA,France,ESA_EXP,E01,Compensation of employees,auto.arima,2027,12.570298676749013,0.34142125414053076,12.132749585662708,13.007847767835319,11.901125309798722,13.239472043699305,"ARIMA(1, 0, 0)+drift",1978,2025,48,20260919T085500Z
FRA,France,ESA_EXP,E01,Compensation of employees,auto.arima,2028,12.636492357389063,0.3765308610354673,12.153948479367338,13.119036235410787,11.898505424870544,13.374479289907582,"ARIMA(1, 0, 0)+drift",1978,2025,48,20260919T085500Z
FRA,France,ESA_EXP,E01,Compensation of employees,auto.arima,2029,12.687144306909174,0.3956454190227943,12.180104128869674,13.194184484948673,11.911693528859582,13.462595084958766,"ARIMA(1, 0, 0)+drift",1978,2025,48,20260919T085500Z
FRA,France,ESA_EXP,E01,Compensation of employees,auto.arima,2030,12.725903595792644,0.40642072966323356,12.205054296851268,13.246752894734021,11.929333596798974,13.522473594786314,"ARIMA(1, 0, 0)+drift",1978,2025,48,20260919T085500Z
FRA,France,ESA_EXP,E01,Compensation of employees,auto.arima,2031,12.755562522822805,0.4125995363586602,12.22679476180329,13.28433028384232,11.94688228514314,13.56424276050247,"ARIMA(1, 0, 0)+drift",1978,2025,48,20260919T085500Z
FRA,France,ESA_EXP,E01,Compensation of employees,combination,2026,12.448903791825874,0.32307712002395345,12.034863662504936,12.862943921146812,11.815684267355246,13.082123316296501,mean of 4 + between-model variance,1978,2025,48,20260919T085500Z
FRA,France,ESA_EXP,E01,Compensation of employees,combination,2027,12.464744156281501,0.4041388737482576,11.946819174351674,12.982669138211328,11.67264651273437,13.256841799828631,mean of 4 + between-model variance,1978,2025,48,20260919T085500Z
FRA,France,ESA_EXP,E01,Compensation of employees,combination,2028,12.475491829827405,0.4754882401280766,11.866128924714788,13.084854734940022,11.543551996753019,13.407431662901791,mean of 4 + between-model variance,1978,2025,48,20260919T085500Z
FRA,France,ESA_EXP,E01,Compensation of employees,combination,2029,12.482369146533404,0.5234985449832118,11.811478539213079,13.15325975385373,11.456330844313928,13.50840744875288,mean of 4 + between-model variance,1978,2025,48,20260919T085500Z
FRA,France,ESA_EXP,E01,Compensation of employees,combination,2030,12.486273298082416,0.5766651487112732,11.747246923421187,13.225299672743645,11.356030366553675,13.616516229611157,mean of 4 + between-model variance,1978,2025,48,20260919T085500Z
FRA,France,ESA_EXP,E01,Compensation of employees,combination,2031,12.487902359165968,0.6176148374515028,11.696396829000319,13.279407889331617,11.27739951189517,13.698405206436766,mean of 4 + between-model variance,1978,2025,48,20260919T085500Z
FRA,France,ESA_EXP,E01,Compensation of employees,ets,2026,12.370747750934976,0.2853151878775139,12.005101501280173,12.73639400058978,11.811540254041812,12.92995524782814,"ETS(A,N,N)",1978,2025,48,20260919T085500Z
FRA,France,ESA_EXP,E01,Compensation of employees,ets,2027,12.370747750934976,0.40347643392139104,11.85367172009015,12.887823781779803,11.57994846560067,13.161547036269281,"ETS(A,N,N)",1978,2025,48,20260919T085500Z
FRA,France,ESA_EXP,E01,Compensation of employees,ets,2028,12.370747750934976,0.4941474567639344,11.737472089424243,13.00402341244571,11.402236524986108,13.339258976883844,"ETS(A,N,N)",1978,2025,48,20260919T085500Z
FRA,France,ESA_EXP,E01,Compensation of employees,ets,2029,12.370747750934976,0.5705875790118524,11.639510097877178,13.101985403992774,11.25241663722459,13.489078864645363,"ETS(A,N,N)",1978,2025,48,20260919T085500Z
FRA,France,ESA_EXP,E01,Compensation of employees,ets,2030,12.370747750934976,0.6379331168852641,11.553203289124433,13.18829221274552,11.120421807432066,13.621073694437886,"ETS(A,N,N)",1978,2025,48,20260919T085500Z
FRA,France,ESA_EXP,E01,Compensation of employees,ets,2031,12.370747750934976,0.6988183869327503,11.475175649524536,13.266319852345417,11.001088870008715,13.740406631861237,"ETS(A,N,N)",1978,2025,48,20260919T085500Z
FRA,France,ESA_EXP,E01,Compensation of employees,prophet,2026,12.571456694690989,0.36621326617230426,12.10213535100134,13.040778038380637,11.853691876670855,13.289221512711123,Prophet(linear trend),1978,2025,48,20260919T085500Z
FRA,France,ESA_EXP,E01,Compensation of employees,prophet,2027,12.549445826552985,0.37545219364057464,12.06828431688852,13.03060733621745,11.81357304329643,13.28531860980954,Prophet(linear trend),1978,2025,48,20260919T085500Z
FRA,France,ESA_EXP,E01,Compensation of employees,prophet,2028,12.527374654666659,0.40944774968457476,12.002646072162893,13.052103237170424,11.72487180540388,13.329877503929437,Prophet(linear trend),1978,2025,48,20260919T085500Z
FRA,France,ESA_EXP,E01,Compensation of employees,prophet,2029,12.505363786528656,0.37246278464603255,12.028033359939965,12.982694213117348,11.775350137282679,13.235377435774634,Prophet(linear trend),1978,2025,48,20260919T085500Z
FRA,France,ESA_EXP,E01,Compensation of employees,prophet,2030,12.483352918390654,0.3928528567481118,11.979891554119398,12.98681428266191,11.713375461867198,13.25333037491411,Prophet(linear trend),1978,2025,48,20260919T085500Z
FRA,France,ESA_EXP,E01,Compensation of employees,prophet,2031,12.46134205025265,0.36440367128875,11.99433979650521,12.92834430400009,11.747123973058866,13.175560127446435,Prophet(linear trend),1978,2025,48,20260919T085500Z
FRA,France,ESA_EXP,E01,Compensation of employees,uc,2026,12.369616185404634,0.3005054668809048,11.984502803312477,12.754729567496792,11.780636288514868,12.9585960822944,UC(local linear trend + damped cycle),1978,2025,48,20260919T085500Z
FRA,France,ESA_EXP,E01,Compensation of employees,uc,2027,12.368484370889025,0.42945352277826987,11.818117349865487,12.918851391912563,11.526770926570435,13.210197815207614,UC(local linear trend + damped cycle),1978,2025,48,20260919T085500Z
FRA,France,ESA_EXP,E01,Compensation of employees,uc,2028,12.367352556318917,0.5313947484733408,11.68634255362341,13.048362559014423,11.325837979522113,13.40886713311572,UC(local linear trend + damped cycle),1978,2025,48,20260919T085500Z
FRA,France,ESA_EXP,E01,Compensation of employees,uc,2029,12.366220741760811,0.6198013289107757,11.571913109092549,13.160528374429074,11.151432449943531,13.581009033578091,UC(local linear trend + damped cycle),1978,2025,48,20260919T085500Z
FRA,France,ESA_EXP,E01,Compensation of employees,uc,2030,12.365088927211387,0.6998215873574763,11.468231172290238,13.261946682132535,10.993463809567878,13.736714044854896,UC(local linear trend + damped cycle),1978,2025,48,20260919T085500Z
FRA,France,ESA_EXP,E01,Compensation of employees,uc,2031,12.36395711265344,0.774060772389361,11.37195798167631,13.355956243630569,10.846825864958099,13.88108836034878,UC(local linear trend + damped cycle),1978,2025,48,20260919T085500Z
FRA,France,ESA_EXP,E02,Intermediate consumption,auto.arima,2026,5.3761500330146355,0.16320469515762995,5.166994729525984,5.5853053365032865,5.056274705874706,5.6960253601545645,"ARIMA(1, 0, 0)+drift",1978,2025,48,20260919T085500Z
FRA,France,ESA_EXP,E02,Intermediate consumption,auto.arima,2027,5.33090475378461,0.19183070964319043,5.08506372417996,5.57674578338926,4.954923468789504,5.706886038779716,"ARIMA(1, 0, 0)+drift",1978,2025,48,20260919T085500Z
FRA,France,ESA_EXP,E02,Intermediate consumption,auto.arima,2028,5.302956357054244,0.2016852739306757,5.044486190877839,5.561426523230649,4.907660480819981,5.698252233288507,"ARIMA(1, 0, 0)+drift",1978,2025,48,20260919T085500Z
FRA,France,ESA_EXP,E02,Intermediate consumption,auto.arima,2029,5.2856923928774115,0.20532079090401648,5.022563122652787,5.548821663102036,4.883271034254012,5.688113751500811,"ARIMA(1, 0, 0)+drift",1978,2025,48,20260919T085500Z
FRA,France,ESA_EXP,E02,Intermediate consumption,auto.arima,2030,5.275028294253996,0.2066911189316616,5.0101428774048875,5.539913711103105,4.869921142028221,5.680135446479771,"ARIMA(1, 0, 0)+drift",1978,2025,48,20260919T085500Z
FRA,France,ESA_EXP,E02,Intermediate consumption,auto.arima,2031,5.268440989143475,0.20721159802194783,5.002888551275252,5.533993427011698,4.862313716637986,5.674568261648964,"ARIMA(1, 0, 0)+drift",1978,2025,48,20260919T085500Z
FRA,France,ESA_EXP,E02,Intermediate consumption,combination,2026,5.431011070420157,0.18402910038902534,5.195168208758401,5.666853932081913,5.070320658705281,5.791701482135032,mean of 4 + between-model variance,1978,2025,48,20260919T085500Z
FRA,France,ESA_EXP,E02,Intermediate consumption,combination,2027,5.428557231043677,0.2267610296779884,5.137951179937792,5.719163282149562,4.984113776271888,5.873000685815466,mean of 4 + between-model variance,1978,2025,48,20260919T085500Z
FRA,France,ESA_EXP,E02,Intermediate consumption,combination,2028,5.422411658476492,0.2518025529482131,5.099713593140604,5.745109723812381,4.928887719589901,5.915935597363084,mean of 4 + between-model variance,1978,2025,48,20260919T085500Z
FRA,France,ESA_EXP,E02,Intermediate consumption,combination,2029,5.4198245696104586,0.2767626603943152,5.065138828656803,5.774510310564114,4.8773797186933745,5.962269420527543,mean of 4 + between-model variance,1978,2025,48,20260919T085500Z
FRA,France,ESA_EXP,E02,Intermediate consumption,combination,2030,5.422744612225829,0.29813712738433745,5.040666380352176,5.804822844099482,4.838406575489113,6.007082648962545,mean of 4 + between-model variance,1978,2025,48,20260919T085500Z
FRA,France,ESA_EXP,E02,Intermediate consumption,combination,2031,5.426027083618651,0.31919327075065684,5.016964309101605,5.835089858135697,4.8004197639051105,6.051634403332192,mean of 4 + between-model variance,1978,2025,48,20260919T085500Z
FRA,France,ESA_EXP,E02,Intermediate consumption,ets,2026,5.4646571136932325,0.18172435946703278,5.231767897369537,5.697546330016928,5.108483911214789,5.820830316171676,"ETS(M,N,N)",1978,2025,48,20260919T085500Z
FRA,France,ESA_EXP,E02,Intermediate consumption,ets,2027,5.4646571136932325,0.23194650753459978,5.167405603069251,5.761908624317214,5.010050308999688,5.919263918386777,"ETS(M,N,N)",1978,2025,48,20260919T085500Z
FRA,France,ESA_EXP,E02,Intermediate consumption,ets,2028,5.4646571136932325,0.2786165731100071,5.107595487190957,5.821718740195508,4.9185786605942505,6.010735566792214,"ETS(M,N,N)",1978,2025,48,20260919T085500Z
FRA,France,ESA_EXP,E02,Intermediate consumption,ets,2029,5.4646571136932325,0.31951696375445177,5.055179509759787,5.874134717626678,4.838415367345203,6.090898860041262,"ETS(M,N,N)",1978,2025,48,20260919T085500Z
FRA,France,ESA_EXP,E02,Intermediate consumption,ets,2030,5.4646571136932325,0.34721934756459305,5.0196774643831334,5.9096367630033315,4.784119692363142,6.145194535023323,"ETS(M,N,N)",1978,2025,48,20260919T085500Z
FRA,France,ESA_EXP,E02,Intermediate consumption,ets,2031,5.4646571136932325,0.3754360816394586,4.983516252396021,5.945797974990444,4.728815909378833,6.200498318007632,"ETS(M,N,N)",1978,2025,48,20260919T085500Z
FRA,France,ESA_EXP,E02,Intermediate consumption,prophet,2026,5.403101753841763,0.1853319907443371,5.165589170439376,5.640614337244149,5.039857723934529,5.766345783748997,Prophet(linear trend),1978,2025,48,20260919T085500Z
FRA,France,ESA_EXP,E02,Intermediate consumption,prophet,2027,5.411340254191637,0.19185286721719894,5.165470828503701,5.657209679879572,5.035315541149147,5.787364967234127,Prophet(linear trend),1978,2025,48,20260919T085500Z
FRA,France,ESA_EXP,E02,Intermediate consumption,prophet,2028,5.4196013257753455,0.18872476917322242,5.1777407203918635,5.6614619311588275,5.04970757228752,5.789495079263171,Prophet(linear trend),1978,2025,48,20260919T085500Z
FRA,France,ESA_EXP,E02,Intermediate consumption,prophet,2029,5.427839826125219,0.19366056549141664,5.179653741098563,5.676025911151876,5.048272089542401,5.807407562708038,Prophet(linear trend),1978,2025,48,20260919T085500Z
FRA,France,ESA_EXP,E02,Intermediate consumption,prophet,2030,5.4360783264750925,0.18744956159690457,5.195851965911456,5.676304687038729,5.0686839339293766,5.803472719020808,Prophet(linear trend),1978,2025,48,20260919T085500Z
FRA,France,ESA_EXP,E02,Intermediate consumption,prophet,2031,5.444316826824966,0.1933638992753029,5.196510934980903,5.6921227186690295,5.065330545345747,5.823303108304186,Prophet(linear trend),1978,2025,48,20260919T085500Z
FRA,France,ESA_EXP,E02,Intermediate consumption,uc,2026,5.480135381130998,0.1779910681590773,5.252030571749596,5.7082401905124,5.131279295217659,5.828991467044336,UC(local linear trend + damped cycle),1978,2025,48,20260919T085500Z
FRA,France,ESA_EXP,E02,Intermediate consumption,uc,2027,5.50732680250523,0.23485349074173498,5.206349841738178,5.808303763272282,5.047022415377096,5.967631189633364,UC(local linear trend + damped cycle),1978,2025,48,20260919T085500Z
FRA,France,ESA_EXP,E02,Intermediate consumption,uc,2028,5.502431837383145,0.2640891647747355,5.163987840087753,5.8408758346785365,4.984826581634595,6.020037093131695,UC(local linear trend + damped cycle),1978,2025,48,20260919T085500Z
FRA,France,ESA_EXP,E02,Intermediate consumption,uc,2029,5.501108945745971,0.29845339029229506,5.118625406510099,5.883592484981842,4.916151045095123,6.086066846396818,UC(local linear trend + damped cycle),1978,2025,48,20260919T085500Z
FRA,France,ESA_EXP,E02,Intermediate consumption,uc,2030,5.515214714480998,0.3377120863898202,5.082419114743951,5.948010314218045,4.85331118279206,6.177118246169936,UC(local linear trend + damped cycle),1978,2025,48,20260919T085500Z
FRA,France,ESA_EXP,E02,Intermediate consumption,uc,2031,5.526693404812932,0.3704056901682248,5.051999251766463,6.001387557859402,4.800711586688058,6.252675222937807,UC(local linear trend + damped cycle),1978,2025,48,20260919T085500Z
FRA,France,ESA_EXP,E03,Social benefits other than social transfers in kind,auto.arima,2026,19.375843,0.6668692000478047,18.521215442940335,20.230470557059665,18.068803375197504,20.682882624802495,"ARIMA(0, 1, 0)",1978,2025,48,20260919T085500Z
FRA,France,ESA_EXP,E03,Social benefits other than social transfers in kind,auto.arima,2027,19.375843,0.9430954670563486,18.167217118003002,20.584468881996997,17.52740983600637,21.22427616399363,"ARIMA(0, 1, 0)",1978,2025,48,20260919T085500Z
FRA,France,ESA_EXP,E03,Social benefits other than social transfers in kind,auto.arima,2028,19.375843,1.15505133651802,17.89558464958266,20.85610135041734,17.111983962272795,21.639702037727204,"ARIMA(0, 1, 0)",1978,2025,48,20260919T085500Z
FRA,France,ESA_EXP,E03,Social benefits other than social transfers in kind,auto.arima,2029,19.375843,1.3337384001377082,17.66658788582672,21.08509811417328,16.761763750312497,21.989922249687503,"ARIMA(0, 1, 0)",1978,2025,48,20260919T085500Z
FRA,France,ESA_EXP,E03,Social benefits other than social transfers in kind,auto.arima,2030,19.375843,1.491164863458002,17.46483768690567,21.28684831309433,16.4532135495574,22.2984724504426,"ARIMA(0, 1, 0)",1978,2025,48,20260919T085500Z
FRA,France,ESA_EXP,E03,Social benefits other than social transfers in kind,auto.arima,2031,19.375843,1.6334892653524098,17.282441565009087,21.469244434990912,16.17426284552283,22.57742315447717,"ARIMA(0, 1, 0)",1978,2025,48,20260919T085500Z
FRA,France,ESA_EXP,E03,Social benefits other than social transfers in kind,combination,2026,19.62997090601843,0.766591721745897,18.64754375183153,20.612398060205326,18.127478728698453,21.132463083338404,mean of 4 + between-model variance,1978,2025,48,20260919T085500Z
FRA,France,ESA_EXP,E03,Social benefits other than social transfers in kind,combination,2027,19.6781260893284,0.9462762714954523,18.46542384104086,20.890828337615943,17.82345866314309,21.532793515513713,mean of 4 + between-model variance,1978,2025,48,20260919T085500Z
FRA,France,ESA_EXP,E03,Social benefits other than social transfers in kind,combination,2028,19.7128396276011,1.101581853385396,18.301105200231337,21.12457405497086,17.553778851912444,21.871900403289754,mean of 4 + between-model variance,1978,2025,48,20260919T085500Z
FRA,France,ESA_EXP,E03,Social benefits other than social transfers in kind,combination,2029,19.746936738156215,1.2288882291624335,18.17205257029664,21.32182090601579,17.338360048974096,22.155513427338335,mean of 4 + between-model variance,1978,2025,48,20260919T085500Z
FRA,France,ESA_EXP,E03,Social benefits other than social transfers in kind,combination,2030,19.784697379937473,1.3540940261221728,18.04935547257255,21.520039287302396,17.130721836122955,22.43867292375199,mean of 4 + between-model variance,1978,2025,48,20260919T085500Z
FRA,France,ESA_EXP,E03,Social benefits other than social transfers in kind,combination,2031,19.82538226104592,1.4435096299662944,17.975449607743357,21.675314914348483,16.99615535265866,22.65460916943318,mean of 4 + between-model variance,1978,2025,48,20260919T085500Z
FRA,France,ESA_EXP,E03,Social benefits other than social transfers in kind,ets,2026,19.375825819706165,0.6464459879450867,18.547371670963162,20.204279968449168,18.108814955389363,20.642836684022967,"ETS(M,N,N)",1978,2025,48,20260919T085500Z
FRA,France,ESA_EXP,E03,Social benefits other than social transfers in kind,ets,2027,19.375825819706165,0.9108607358968233,18.20851042189612,20.54314121751621,17.590571568334884,21.161080071077446,"ETS(M,N,N)",1978,2025,48,20260919T085500Z
FRA,France,ESA_EXP,E03,Social benefits other than social transfers in kind,ets,2028,19.375825819706165,1.1331542181821177,17.923629765086435,20.828021874325895,17.15488434562107,21.59676729379126,"ETS(M,N,N)",1978,2025,48,20260919T085500Z
FRA,France,ESA_EXP,E03,Social benefits other than social transfers in kind,ets,2029,19.375825819706165,1.3123340636485459,17.694001475769245,21.057650163643086,16.803698298981306,21.947953340431024,"ETS(M,N,N)",1978,2025,48,20260919T085500Z
FRA,France,ESA_EXP,E03,Social benefits other than social transfers in kind,ets,2030,19.375825819706165,1.5095738752927712,17.441228400676962,21.310423238735368,16.417115368791844,22.334536270620486,"ETS(M,N,N)",1978,2025,48,20260919T085500Z
FRA,France,ESA_EXP,E03,Social benefits other than social transfers in kind,ets,2031,19.375825819706165,1.5858379767279323,17.34349198895453,21.4081596504578,16.26764047548658,22.48401116392575,"ETS(M,N,N)",1978,2025,48,20260919T085500Z
FRA,France,ESA_EXP,E03,Social benefits other than social transfers in kind,prophet,2026,20.160965948695832,0.7251195939465604,19.23168748283443,21.090244414557233,18.739757648865954,21.58217424852571,Prophet(linear trend),1978,2025,48,20260919T085500Z
FRA,France,ESA_EXP,E03,Social benefits other than social transfers in kind,prophet,2027,20.253598039520814,0.7079130423471044,19.346370664274797,21.16082541476683,18.866113961390013,21.641082117651614,Prophet(linear trend),1978,2025,48,20260919T085500Z
FRA,France,ESA_EXP,E03,Social benefits other than social transfers in kind,prophet,2028,20.346483916896,0.7518866076139987,19.38290213113506,21.310065702656935,18.872813233890433,21.820154599901564,Prophet(linear trend),1978,2025,48,20260919T085500Z
FRA,France,ESA_EXP,E03,Social benefits other than social transfers in kind,prophet,2029,20.439116007720976,0.7624114607487665,19.462046075375472,21.41618594006648,18.94481699146598,21.93341502397597,Prophet(linear trend),1978,2025,48,20260919T085500Z
FRA,France,ESA_EXP,E03,Social benefits other than social transfers in kind,prophet,2030,20.531748098545958,0.7520068912643306,19.56801216303237,21.495484034059544,19.057841663915955,22.00565453317596,Prophet(linear trend),1978,2025,48,20260919T085500Z
FRA,France,ESA_EXP,E03,Social benefits other than social transfers in kind,prophet,2031,20.624380189370935,0.7366019438282744,19.680386495053924,21.568373883687947,19.180666897137495,22.068093481604375,Prophet(linear trend),1978,2025,48,20260919T085500Z
FRA,France,ESA_EXP,E03,Social benefits other than social transfers in kind,uc,2026,19.607248855671713,0.6429534259889108,18.783270606688774,20.431227104654653,18.347083287056783,20.867414424286643,UC(local linear trend + damped cycle),1978,2025,48,20260919T085500Z
FRA,France,ESA_EXP,E03,Social benefits other than social transfers in kind,uc,2027,19.70723749808662,0.8216750984185566,18.65421813235812,20.76025686381512,18.096783885489792,21.317691110683448,UC(local linear trend + damped cycle),1978,2025,48,20260919T085500Z
FRA,France,ESA_EXP,E03,Social benefits other than social transfers in kind,uc,2028,19.753205773802232,0.9110664352786626,18.58562676153799,20.920784786066474,17.967548359047722,21.538863188556743,UC(local linear trend + damped cycle),1978,2025,48,20260919T085500Z
FRA,France,ESA_EXP,E03,Social benefits other than social transfers in kind,uc,2029,19.796962125197712,0.9741237052825433,18.54857194244546,21.045352307949965,17.88771473129732,21.706209519098106,UC(local linear trend + damped cycle),1978,2025,48,20260919T085500Z
FRA,France,ESA_EXP,E03,Social benefits other than social transfers in kind,uc,2030,19.855372601497763,1.034323643899901,18.529833067010557,21.18091213598497,17.828135495105137,21.88260970789039,UC(local linear trend + damped cycle),1978,2025,48,20260919T085500Z
FRA,France,ESA_EXP,E03,Social benefits other than social transfers in kind,uc,2031,19.925480035106578,1.0980240381859743,18.518305132921267,21.33265493729189,17.773392449127442,22.077567621085713,UC(local linear trend + damped cycle),1978,2025,48,20260919T085500Z
FRA,France,ESA_EXP,E04,Social transfers in kind (purchased market production),auto.arima,2026,6.579939184487694,0.12194264518041938,6.423663343671437,6.7362150253039506,6.3409359898692985,6.8189423791060895,"ARIMA(0, 1, 3)+drift",1978,2025,48,20260919T085500Z
FRA,France,ESA_EXP,E04,Social transfers in kind (purchased market production),auto.arima,2027,6.7242395580799945,0.19160003653680655,6.478694148056177,6.969784968103812,6.348710384069169,7.09976873209082,"ARIMA(0, 1, 3)+drift",1978,2025,48,20260919T085500Z
FRA,France,ESA_EXP,E04,Social transfers in kind (purchased market production),auto.arima,2028,6.81425145617935,0.21296775524114456,6.54132220351455,7.08718070884415,6.396842322745895,7.231660589612805,"ARIMA(0, 1, 3)+drift",1978,2025,48,20260919T085500Z
FRA,France,ESA_EXP,E04,Social transfers in kind (purchased market production),auto.arima,2029,6.885206976028647,0.22154740847827717,6.601282451598494,7.169131500458801,6.450982031117929,7.3194319209393655,"ARIMA(0, 1, 3)+drift",1978,2025,48,20260919T085500Z
FRA,France,ESA_EXP,E04,Social transfers in kind (purchased market production),auto.arima,2030,6.956162495877945,0.22980697037824868,6.661652913375759,7.250672078380131,6.505749106987511,7.406575884768379,"ARIMA(0, 1, 3)+drift",1978,2025,48,20260919T085500Z
FRA,France,ESA_EXP,E04,Social transfers in kind (purchased market production),auto.arima,2031,7.027118015727242,0.23777979953187373,6.722390838077571,7.331845193376914,6.561078168717553,7.493157862736932,"ARIMA(0, 1, 3)+drift",1978,2025,48,20260919T085500Z
FRA,France,ESA_EXP,E04,Social transfers in kind (purchased market production),combination,2026,6.578766876285871,0.15352733730981147,6.382013610101808,6.775520142469935,6.277858822142784,6.879674930428958,mean of 4 + between-model variance,1978,2025,48,20260919T085500Z
FRA,France,ESA_EXP,E04,Social transfers in kind (purchased market production),combination,2027,6.665869566724505,0.20515912173545664,6.402947483946187,6.9287916495028234,6.263765073851393,7.067974059597618,mean of 4 + between-model variance,1978,2025,48,20260919T085500Z
FRA,France,ESA_EXP,E04,Social transfers in kind (purchased market production),combination,2028,6.701706613935396,0.23400830708883996,6.401812799969078,7.001600427901713,6.243058756340324,7.160354471530467,mean of 4 + between-model variance,1978,2025,48,20260919T085500Z
FRA,France,ESA_EXP,E04,Social transfers in kind (purchased market production),combination,2029,6.725809694855846,0.2744334666812282,6.374108936763585,7.077510452948107,6.187929979765439,7.263689409946252,mean of 4 + between-model variance,1978,2025,48,20260919T085500Z
FRA,France,ESA_EXP,E04,Social transfers in kind (purchased market production),combination,2030,6.769528592628901,0.3098983175808499,6.372377783936527,7.166679401321274,6.162139046509868,7.376918138747934,mean of 4 + between-model variance,1978,2025,48,20260919T085500Z
FRA,France,ESA_EXP,E04,Social transfers in kind (purchased market production),combination,2031,6.833626543848849,0.32964473042236747,6.411169680286603,7.256083407411095,6.187534739431304,7.4797183482663945,mean of 4 + between-model variance,1978,2025,48,20260919T085500Z
FRA,France,ESA_EXP,E04,Social transfers in kind (purchased market production),ets,2026,6.483696164063734,0.16046733989769976,6.278048923683158,6.689343404444311,6.169185954688479,6.7982063734389895,"ETS(M,A,N)",1978,2025,48,20260919T085500Z
FRA,France,ESA_EXP,E04,Social transfers in kind (purchased market production),ets,2027,6.56508746083212,0.24152724675045245,6.255557734704585,6.8746171869596555,6.091702752182116,7.038472169482124,"ETS(M,A,N)",1978,2025,48,20260919T085500Z
FRA,France,ESA_EXP,E04,Social transfers in kind (purchased market production),ets,2028,6.646478757600506,0.2968519009057773,6.266047610290905,7.026909904910107,6.0646597184936155,7.2282977967073965,"ETS(M,A,N)",1978,2025,48,20260919T085500Z
FRA,France,ESA_EXP,E04,Social transfers in kind (purchased market production),ets,2029,6.727870054368892,0.3333561422956914,6.3006568234975635,7.15508328524022,6.07450401629046,7.381236092447324,"ETS(M,A,N)",1978,2025,48,20260919T085500Z
FRA,France,ESA_EXP,E04,Social transfers in kind (purchased market production),ets,2030,6.809261351137278,0.3717990185712727,6.332781575289226,7.28574112698533,6.080548659502252,7.537974042772303,"ETS(M,A,N)",1978,2025,48,20260919T085500Z
FRA,France,ESA_EXP,E04,Social transfers in kind (purchased market production),ets,2031,6.890652647905664,0.41018042286523165,6.36498510662188,7.416320189189447,6.086713785585033,7.694591510226294,"ETS(M,A,N)",1978,2025,48,20260919T085500Z
FRA,France,ESA_EXP,E04,Social transfers in kind (purchased market production),prophet,2026,6.625732510722425,0.14108207135550224,6.444928500012638,6.806536521432212,6.34921672982021,6.902248291624641,Prophet(linear trend),1978,2025,48,20260919T085500Z
FRA,France,ESA_EXP,E04,Social transfers in kind (purchased market production),prophet,2027,6.664810793309157,0.1387719570219724,6.486967314243734,6.84265427237458,6.392822753336544,6.93679883328177,Prophet(linear trend),1978,2025,48,20260919T085500Z
FRA,France,ESA_EXP,E04,Social transfers in kind (purchased market production),prophet,2028,6.703996139683797,0.13906597343550184,6.525775863295583,6.882216416072011,6.431431838125257,6.976560441242337,Prophet(linear trend),1978,2025,48,20260919T085500Z
FRA,France,ESA_EXP,E04,Social transfers in kind (purchased market production),prophet,2029,6.743074422270529,0.14508474233417115,6.557140780562687,6.929008063978371,6.458713550346277,7.02743529419478,Prophet(linear trend),1978,2025,48,20260919T085500Z
FRA,France,ESA_EXP,E04,Social transfers in kind (purchased market production),prophet,2030,6.7821527048572605,0.14316939294324219,6.598673682992063,6.965631726722458,6.501545848786652,7.062759560927869,Prophet(linear trend),1978,2025,48,20260919T085500Z
FRA,France,ESA_EXP,E04,Social transfers in kind (purchased market production),prophet,2031,6.821230987443991,0.13872499237304212,6.643447696018335,6.999014278869648,6.549334996492554,7.0931269783954285,Prophet(linear trend),1978,2025,48,20260919T085500Z
FRA,France,ESA_EXP,E04,Social transfers in kind (purchased market production),uc,2026,6.62569964586963,0.1258078669373623,6.464470322380319,6.78692896935894,6.3791207557556096,6.87227853598365,UC(local linear trend + damped cycle),1978,2025,48,20260919T085500Z
FRA,France,ESA_EXP,E04,Social transfers in kind (purchased market production),uc,2027,6.709340454676748,0.18289573386584926,6.474950061149501,6.9437308482039946,6.350871400546103,7.067809508807393,UC(local linear trend + damped cycle),1978,2025,48,20260919T085500Z
FRA,France,ESA_EXP,E04,Social transfers in kind (purchased market production),uc,2028,6.6421001022779285,0.20130667139143524,6.384115134942892,6.900085069612965,6.247546273390886,7.036653931164971,UC(local linear trend + damped cycle),1978,2025,48,20260919T085500Z
FRA,France,ESA_EXP,E04,Social transfers in kind (purchased market production),uc,2029,6.547087326755312,0.20767064695281703,6.280946593811636,6.8132280596989885,6.140060334871081,6.954114318639543,UC(local linear trend + damped cycle),1978,2025,48,20260919T085500Z
FRA,France,ESA_EXP,E04,Social transfers in kind (purchased market production),uc,2030,6.530537818643121,0.21837770285217184,6.250675436797515,6.810400200488727,6.102525382650167,6.958550254636076,UC(local linear trend + damped cycle),1978,2025,48,20260919T085500Z
FRA,France,ESA_EXP,E04,Social transfers in kind (purchased market production),uc,2031,6.5955045243185,0.24610674036869457,6.2801059389855185,6.910903109651481,6.113144173038512,7.077864875598488,UC(local linear trend + damped cycle),1978,2025,48,20260919T085500Z
FRA,France,ESA_EXP,E06,Subsidies,auto.arima,2026,1.897098354057369,0.26875298522456653,1.5526774283368552,2.2415192797778825,1.3703521781246866,2.4238445299900513,"ARIMA(1, 0, 0)+drift",1978,2025,48,20260919T085500Z
FRA,France,ESA_EXP,E06,Subsidies,auto.arima,2027,1.9032015343392796,0.3447136864730275,1.4614330200123984,2.344970048666161,1.2275751185448587,2.5788279501337006,"ARIMA(1, 0, 0)+drift",1978,2025,48,20260919T085500Z
FRA,France,ESA_EXP,E06,Subsidies,auto.arima,2028,1.9081037551718794,0.3858652317282456,1.4135973957200827,2.402610114623676,1.1518217921328602,2.6643857182108985,"ARIMA(1, 0, 0)+drift",1978,2025,48,20260919T085500Z
FRA,France,ESA_EXP,E06,Subsidies,auto.arima,2029,1.9120413365608488,0.4102299630186981,1.3863103069943103,2.4377723661273873,1.1080053773228693,2.7160772957988284,"ARIMA(1, 0, 0)+drift",1978,2025,48,20260919T085500Z
FRA,France,ESA_EXP,E06,Subsidies,auto.arima,2030,1.915204096404643,0.4252090458962644,1.3702765932181937,2.4601315995910924,1.0818096739736172,2.748598518835669,"ARIMA(1, 0, 0)+drift",1978,2025,48,20260919T085500Z
FRA,France,ESA_EXP,E06,Subsidies,auto.arima,2031,1.917744500993495,0.4345991784598937,1.3607830546398612,2.474705947347129,1.065945756782528,2.769543245204462,"ARIMA(1, 0, 0)+drift",1978,2025,48,20260919T085500Z
FRA,France,ESA_EXP,E06,Subsidies,combination,2026,1.9884870975173372,0.3399945750668849,1.5527663698512209,2.4242078251834536,1.3221099701909451,2.6548642248437293,mean of 4 + between-model variance,1978,2025,48,20260919T085500Z
FRA,France,ESA_EXP,E06,Subsidies,combination,2027,1.9786309436063152,0.3984904596758229,1.467944698027845,2.4893171891847854,1.1976039882982505,2.75965789891438,mean of 4 + between-model variance,1978,2025,48,20260919T085500Z
FRA,France,ESA_EXP,E06,Subsidies,combination,2028,1.9859122262401319,0.4350515501760548,1.4283710420089086,2.543453410471355,1.1332268497508708,2.8385976027293927,mean of 4 + between-model variance,1978,2025,48,20260919T085500Z
FRA,France,ESA_EXP,E06,Subsidies,combination,2029,1.9937172307682074,0.47747614897758134,1.38180671709369,2.6056277444427245,1.0578811679135112,2.9295532936229036,mean of 4 + between-model variance,1978,2025,48,20260919T085500Z
FRA,France,ESA_EXP,E06,Subsidies,combination,2030,1.9893711409695634,0.5074767228068459,1.3390133319030044,2.6397289500361225,0.9947350334301664,2.98400724850896,mean of 4 + between-model variance,1978,2025,48,20260919T085500Z
FRA,France,ESA_EXP,E06,Subsidies,combination,2031,1.9955615280492416,0.5462269766576228,1.2955432536597118,2.6955798024387714,0.9249763179714605,3.0661467381270224,mean of 4 + between-model variance,1978,2025,48,20260919T085500Z
FRA,France,ESA_EXP,E06,Subsidies,ets,2026,2.001233842926853,0.26537509105090845,1.661141864240379,2.3413258216133266,1.48110821797035,2.5213594678833555,"ETS(M,N,N)",1978,2025,48,20260919T085500Z
FRA,France,ESA_EXP,E06,Subsidies,ets,2027,2.001233842926853,0.3197482765569492,1.5914597996087414,2.411007886244964,1.3745387318131885,2.627928954040517,"ETS(M,N,N)",1978,2025,48,20260919T085500Z
FRA,France,ESA_EXP,E06,Subsidies,ets,2028,2.001233842926853,0.3755641350117867,1.5199288745742274,2.482538811279478,1.2651416586126114,2.737326027241094,"ETS(M,N,N)",1978,2025,48,20260919T085500Z
FRA,France,ESA_EXP,E06,Subsidies,ets,2029,2.001233842926853,0.3996533449745982,1.4890572993679665,2.513410386485739,1.2179276742970595,2.784540011556646,"ETS(M,N,N)",1978,2025,48,20260919T085500Z
FRA,France,ESA_EXP,E06,Subsidies,ets,2030,2.001233842926853,0.43799785099070543,1.4399168209940123,2.562550864859693,1.1427738229077058,2.859693862946,"ETS(M,N,N)",1978,2025,48,20260919T085500Z
FRA,France,ESA_EXP,E06,Subsidies,ets,2031,2.001233842926853,0.4998431478908929,1.3606588570609832,2.6418088287927226,1.0215592674140268,2.980908418439679,"ETS(M,N,N)",1978,2025,48,20260919T085500Z
FRA,France,ESA_EXP,E06,Subsidies,prophet,2026,2.113262830245699,0.44600020335833657,1.5416903776314161,2.684835282859982,1.2391184876706802,2.987407172820718,Prophet(linear trend),1978,2025,48,20260919T085500Z
FRA,France,ESA_EXP,E06,Subsidies,prophet,2027,2.120880984964064,0.4536309096194678,1.5395293854794159,2.7022325844487125,1.2317807328226538,3.0099812371054746,Prophet(linear trend),1978,2025,48,20260919T085500Z
FRA,France,ESA_EXP,E06,Subsidies,prophet,2028,2.128520011339192,0.4283976865714638,1.5795060993181598,2.6775339233602247,1.2888759679758397,2.9681640547025445,Prophet(linear trend),1978,2025,48,20260919T085500Z
FRA,France,ESA_EXP,E06,Subsidies,prophet,2029,2.1361381660575574,0.45948157209121077,1.547288638380922,2.724987693734193,1.2355708260953795,3.036705506019735,Prophet(linear trend),1978,2025,48,20260919T085500Z
FRA,France,ESA_EXP,E06,Subsidies,prophet,2030,2.143756320775923,0.436630504798013,1.5841916240910199,2.703321017460826,1.28797625006999,2.999536391481856,Prophet(linear trend),1978,2025,48,20260919T085500Z
FRA,France,ESA_EXP,E06,Subsidies,prophet,2031,2.151374475494288,0.44607826673200585,1.5797019806073525,2.7230469703812235,1.277077131517159,3.025671819471417,Prophet(linear trend),1978,2025,48,20260919T085500Z
FRA,France,ESA_EXP,E06,Subsidies,uc,2026,1.9423533628394278,0.2930324913997831,1.566816987421053,2.3178897382578025,1.3680202288655434,2.5166864968133122,UC(local linear trend + damped cycle),1978,2025,48,20260919T085500Z
FRA,France,ESA_EXP,E06,Subsidies,uc,2027,1.8892074121950648,0.4030156227868016,1.3727219347813937,2.405692889608736,1.099311300095354,2.6791035242947756,UC(local linear trend + damped cycle),1978,2025,48,20260919T085500Z
FRA,France,ESA_EXP,E06,Subsidies,uc,2028,1.9057912955226022,0.48944263415476763,1.2785451088362914,2.533037482208913,0.9465013525140872,2.865081238531117,UC(local linear trend + damped cycle),1978,2025,48,20260919T085500Z
FRA,France,ESA_EXP,E06,Subsidies,uc,2029,1.92545557752757,0.5749533788790094,1.1886229249184175,2.6622882301367223,0.798567653246351,3.0523435018087888,UC(local linear trend + damped cycle),1978,2025,48,20260919T085500Z
FRA,France,ESA_EXP,E06,Subsidies,uc,2030,1.8972903037708344,0.6451609082221832,1.070483051516879,2.7240975560247898,0.6327981494480512,3.161782458093618,UC(local linear trend + damped cycle),1978,2025,48,20260919T085500Z
FRA,France,ESA_EXP,E06,Subsidies,uc,2031,1.9118932927823309,0.7112870383550581,1.0003419662043294,2.823444619360332,0.5177963039397977,3.3059902816248643,UC(local linear trend + damped cycle),1978,2025,48,20260919T085500Z
FRA,France,ESA_EXP,E07,Other current expenditure,auto.arima,2026,3.6482788723404256,0.13187824544582488,3.479270043132838,3.8172877015480133,3.389802258883445,3.9067554857974063,"ARIMA(0, 1, 0)+drift",1978,2025,48,20260919T085500Z
FRA,France,ESA_EXP,E07,Other current expenditure,auto.arima,2027,3.679610744680851,0.1865040032914531,3.4405961662546827,3.9186253231070194,3.3140696123737214,4.045151876987981,"ARIMA(0, 1, 0)+drift",1978,2025,48,20260919T085500Z
FRA,France,ESA_EXP,E07,Other current expenditure,auto.arima,2028,3.7109426170212765,0.22841982152520723,3.418210737906004,4.003674496136549,3.2632479899454454,4.1586372440971076,"ARIMA(0, 1, 0)+drift",1978,2025,48,20260919T085500Z
FRA,France,ESA_EXP,E07,Other current expenditure,auto.arima,2029,3.742274489361702,0.2637564908916495,3.404256830946527,4.080292147776877,3.225321262447741,4.259227716275663,"ARIMA(0, 1, 0)+drift",1978,2025,48,20260919T085500Z
FRA,France,ESA_EXP,E07,Other current expenditure,auto.arima,2030,3.7736063617021274,0.2948887215702663,3.3956911307963096,4.151521592607946,3.1956350834183818,4.351577639985873,"ARIMA(0, 1, 0)+drift",1978,2025,48,20260919T085500Z
FRA,France,ESA_EXP,E07,Other current expenditure,auto.arima,2031,3.804938234042553,0.32303440951579,3.390952840458773,4.218923627626332,3.171802420630347,4.438074047454759,"ARIMA(0, 1, 0)+drift",1978,2025,48,20260919T085500Z
FRA,France,ESA_EXP,E07,Other current expenditure,combination,2026,3.7261013889310393,0.2039407357943457,3.464740731092324,3.9874620467697546,3.3263848886406104,4.1258178892214685,mean of 4 + between-model variance,1978,2025,48,20260919T085500Z
FRA,France,ESA_EXP,E07,Other current expenditure,combination,2027,3.7587794493005107,0.2347412044397376,3.457946389268356,4.059612509332665,3.298695139281985,4.218863759319037,mean of 4 + between-model variance,1978,2025,48,20260919T085500Z
FRA,France,ESA_EXP,E07,Other current expenditure,combination,2028,3.7923064803028588,0.2594004008768838,3.4598713777582866,4.124741582847431,3.283891032998598,4.300721927607119,mean of 4 + between-model variance,1978,2025,48,20260919T085500Z
FRA,France,ESA_EXP,E07,Other current expenditure,combination,2029,3.824805941299144,0.288161480504772,3.455512019635292,4.194099862962996,3.260019813323089,4.389592069275199,mean of 4 + between-model variance,1978,2025,48,20260919T085500Z
FRA,France,ESA_EXP,E07,Other current expenditure,combination,2030,3.8574203592688128,0.3099968994364552,3.4601432128022247,4.2546975057354,3.2498375962617403,4.465003122275885,mean of 4 + between-model variance,1978,2025,48,20260919T085500Z
FRA,France,ESA_EXP,E07,Other current expenditure,combination,2031,3.8907903393754486,0.3352446454426423,3.4611568935191395,4.320423785231758,3.2337229031151056,4.547857775635792,mean of 4 + between-model variance,1978,2025,48,20260919T085500Z
FRA,France,ESA_EXP,E07,Other current expenditure,ets,2026,3.660846842299892,0.13982014162003287,3.4816600601664556,3.840033624433328,3.386804398249726,3.934889286350058,"ETS(M,A,N)",1978,2025,48,20260919T085500Z
FRA,France,ESA_EXP,E07,Other current expenditure,ets,2027,3.703712463307934,0.19821439276841274,3.449690411826789,3.9577345147890792,3.315219389199985,4.092205537415883,"ETS(M,A,N)",1978,2025,48,20260919T085500Z
FRA,France,ESA_EXP,E07,Other current expenditure,ets,2028,3.7465780843159764,0.23544613278612642,3.4448416219516504,4.048314546680302,3.285112140115949,4.208044028516004,"ETS(M,A,N)",1978,2025,48,20260919T085500Z
FRA,France,ESA_EXP,E07,Other current expenditure,ets,2029,3.7894437053240186,0.29284196152099246,3.414151503852868,4.16473590679517,3.215484003053488,4.363403407594549,"ETS(M,A,N)",1978,2025,48,20260919T085500Z
FRA,France,ESA_EXP,E07,Other current expenditure,ets,2030,3.832309326332061,0.3133544557168242,3.4307292968992535,4.233889355764869,3.218145873887491,4.446472778776631,"ETS(M,A,N)",1978,2025,48,20260919T085500Z
FRA,France,ESA_EXP,E07,Other current expenditure,ets,2031,3.875174947340103,0.35564562036325537,3.4193965912723323,4.330953303407874,3.178122334670456,4.57222756000975,"ETS(M,A,N)",1978,2025,48,20260919T085500Z
FRA,France,ESA_EXP,E07,Other current expenditure,prophet,2026,3.952246713663533,0.14634501360229618,3.764697968791483,4.139795458535582,3.6654157554235223,4.2390776719035435,Prophet(linear trend),1978,2025,48,20260919T085500Z
FRA,France,ESA_EXP,E07,Other current expenditure,prophet,2027,3.9810644279115674,0.15177079423111714,3.786562263023091,4.1755665928000445,3.68359913496717,4.278529720855965,Prophet(linear trend),1978,2025,48,20260919T085500Z
FRA,France,ESA_EXP,E07,Other current expenditure,prophet,2028,4.009961094801377,0.14949526709191496,3.818375136269199,4.201547053333555,3.716955753130839,4.302966436471915,Prophet(linear trend),1978,2025,48,20260919T085500Z
FRA,France,ESA_EXP,E07,Other current expenditure,prophet,2029,4.038778809049412,0.13952416696580322,3.859971333826053,4.217586284272771,3.7653164646664488,4.3122411534323755,Prophet(linear trend),1978,2025,48,20260919T085500Z
FRA,France,ESA_EXP,E07,Other current expenditure,prophet,2030,4.067596523297446,0.14976053034837536,3.875670616108425,4.259522430486467,3.774071275193723,4.361121771401169,Prophet(linear trend),1978,2025,48,20260919T085500Z
FRA,France,ESA_EXP,E07,Other current expenditure,prophet,2031,4.09641423754548,0.14794088355536597,3.906820302343334,4.286008172747627,3.806455431648771,4.386373043442189,Prophet(linear trend),1978,2025,48,20260919T085500Z
FRA,France,ESA_EXP,E07,Other current expenditure,uc,2026,3.643033127420306,0.129872359197407,3.4765949457461507,3.809471309094461,3.3884879787983193,3.8975782760422923,UC(local linear trend + damped cycle),1978,2025,48,20260919T085500Z
FRA,France,ESA_EXP,E07,Other current expenditure,uc,2027,3.6707301613016896,0.18624949779047248,3.432041744909314,3.909418577694065,3.305687850614284,4.0357724719890955,UC(local linear trend + damped cycle),1978,2025,48,20260919T085500Z
FRA,France,ESA_EXP,E07,Other current expenditure,uc,2028,3.7017441250728047,0.2312573449240456,3.4053758121707043,3.998112437974905,3.2484880542860926,4.155000195859516,UC(local linear trend + damped cycle),1978,2025,48,20260919T085500Z
FRA,France,ESA_EXP,E07,Other current expenditure,uc,2029,3.7287267614614423,0.27065456644870917,3.3818688605199663,4.075584662402918,3.1982535547863646,4.25919996813652,UC(local linear trend + damped cycle),1978,2025,48,20260919T085500Z
FRA,France,ESA_EXP,E07,Other current expenditure,uc,2030,3.756169225743617,0.3066575261179594,3.3631716598320938,4.14916679165514,3.1551315142233567,4.357206937263877,UC(local linear trend + damped cycle),1978,2025,48,20260919T085500Z
FRA,France,ESA_EXP,E07,Other current expenditure,uc,2031,3.7866339385736576,0.3403558776287279,3.350450182886806,4.222817694260509,3.1195486712329457,4.4537192059143695,UC(local linear trend + damped cycle),1978,2025,48,20260919T085500Z
FRA,France,ESA_EXP,E08,Gross capital formation and net acquisition of non-produced assets,auto.arima,2026,4.545882004053164,0.15250569993928403,4.350438019284574,4.741325988821753,4.246976322377365,4.844787685728963,"ARIMA(1, 0, 1)+drift",1978,2025,48,20260919T085500Z
FRA,France,ESA_EXP,E08,Gross capital formation and net acquisition of non-produced assets,auto.arima,2027,4.523335238895851,0.22444224982788974,4.235700824744419,4.810969653047283,4.083436509154181,4.963233968637521,"ARIMA(1, 0, 1)+drift",1978,2025,48,20260919T085500Z
FRA,France,ESA_EXP,E08,Gross capital formation and net acquisition of non-produced assets,auto.arima,2028,4.509570965861217,0.24592699221602923,4.19440273713278,4.824739194589654,4.027562914489519,4.991579017232914,"ARIMA(1, 0, 1)+drift",1978,2025,48,20260919T085500Z
FRA,France,ESA_EXP,E08,Gross capital formation and net acquisition of non-produced assets,auto.arima,2029,4.5011681989520795,0.2534685742310863,4.176335040709082,4.826001357195077,4.004378918327823,4.997957479576336,"ARIMA(1, 0, 1)+drift",1978,2025,48,20260919T085500Z
FRA,France,ESA_EXP,E08,Gross capital formation and net acquisition of non-produced assets,auto.arima,2030,4.496038506192308,0.2562224114369017,4.167676162370523,4.824400850014093,3.9938518037827926,4.9982252086018235,"ARIMA(1, 0, 1)+drift",1978,2025,48,20260919T085500Z
FRA,France,ESA_EXP,E08,Gross capital formation and net acquisition of non-produced assets,auto.arima,2031,4.49290694868343,0.25724117555601955,4.163239005667262,4.822574891699598,3.988723505275952,4.997090392090908,"ARIMA(1, 0, 1)+drift",1978,2025,48,20260919T085500Z
FRA,France,ESA_EXP,E08,Gross capital formation and net acquisition of non-produced assets,combination,2026,4.513338726363798,0.21038327933541118,4.243721613964943,4.7829558387626525,4.100995072664448,4.925682380063147,mean of 4 + between-model variance,1978,2025,48,20260919T085500Z
FRA,France,ESA_EXP,E08,Gross capital formation and net acquisition of non-produced assets,combination,2027,4.507641375090351,0.2569206098194941,4.178384253734959,4.836898496445744,4.004086228986096,5.011196521194607,mean of 4 + between-model variance,1978,2025,48,20260919T085500Z
FRA,France,ESA_EXP,E08,Gross capital formation and net acquisition of non-produced assets,combination,2028,4.509850896727764,0.286405297981929,4.142807614288428,4.876894179167101,3.9485068232739104,5.071194970181618,mean of 4 + between-model variance,1978,2025,48,20260919T085500Z
FRA,France,ESA_EXP,E08,Gross capital formation and net acquisition of non-produced assets,combination,2029,4.5091613333393115,0.30705125811847633,4.115659179395061,4.9026634872835615,3.90735192127239,5.110970745406233,mean of 4 + between-model variance,1978,2025,48,20260919T085500Z
FRA,France,ESA_EXP,E08,Gross capital formation and net acquisition of non-produced assets,combination,2030,4.505046584212765,0.33451308774780314,4.076350667583393,4.933742500842138,3.84941297469823,5.1606801937273,mean of 4 + between-model variance,1978,2025,48,20260919T085500Z
FRA,France,ESA_EXP,E08,Gross capital formation and net acquisition of non-produced assets,combination,2031,4.503583906006703,0.3539816112553923,4.049938064139133,4.9572297478742735,3.8097926912841396,5.197375120729267,mean of 4 + between-model variance,1978,2025,48,20260919T085500Z
FRA,France,ESA_EXP,E08,Gross capital formation and net acquisition of non-produced assets,ets,2026,4.586597011393441,0.16789814126172548,4.371426812663194,4.801767210123688,4.257522698853545,4.915671323933338,"ETS(M,N,N)",1978,2025,48,20260919T085500Z
FRA,France,ESA_EXP,E08,Gross capital formation and net acquisition of non-produced assets,ets,2027,4.586597011393441,0.23086917183901323,4.29072616248481,4.882467860302072,4.134101745879161,5.039092276907721,"ETS(M,N,N)",1978,2025,48,20260919T085500Z
FRA,France,ESA_EXP,E08,Gross capital formation and net acquisition of non-produced assets,ets,2028,4.586597011393441,0.28168529195448505,4.225602662118587,4.947591360668295,4.034503979833161,5.138690042953721,"ETS(M,N,N)",1978,2025,48,20260919T085500Z
FRA,France,ESA_EXP,E08,Gross capital formation and net acquisition of non-produced assets,ets,2029,4.586597011393441,0.31847889909392546,4.178449741301823,4.994744281485059,3.9623898344097146,5.210804188377168,"ETS(M,N,N)",1978,2025,48,20260919T085500Z
FRA,France,ESA_EXP,E08,Gross capital formation and net acquisition of non-produced assets,ets,2030,4.586597011393441,0.3659406319581015,4.1176250626262725,5.05556896016061,3.8693665466183127,5.3038274761685695,"ETS(M,N,N)",1978,2025,48,20260919T085500Z
FRA,France,ESA_EXP,E08,Gross capital formation and net acquisition of non-produced assets,ets,2031,4.586597011393441,0.39632999160421284,4.078679517993079,5.094514504793803,3.8098044957288817,5.3633895270580005,"ETS(M,N,N)",1978,2025,48,20260919T085500Z
FRA,France,ESA_EXP,E08,Gross capital formation and net acquisition of non-produced assets,prophet,2026,4.35920927511319,0.2298505606576609,4.064643829401243,4.653774720825137,3.9087104508443584,4.809708099382021,Prophet(linear trend),1978,2025,48,20260919T085500Z
FRA,France,ESA_EXP,E08,Gross capital formation and net acquisition of non-produced assets,prophet,2027,4.352663377160972,0.24016760725346814,4.044876099750076,4.660450654571869,3.8819435129780357,4.823383241343909,Prophet(linear trend),1978,2025,48,20260919T085500Z
FRA,France,ESA_EXP,E08,Gross capital formation and net acquisition of non-produced assets,prophet,2028,4.3460995452417635,0.24031129476003915,4.038128124819446,4.654070965664081,3.875098058718698,4.817101031764829,Prophet(linear trend),1978,2025,48,20260919T085500Z
FRA,France,ESA_EXP,E08,Gross capital formation and net acquisition of non-produced assets,prophet,2029,4.339553647289548,0.2325708948688895,4.041501951828533,4.637605342750563,3.8837230658987396,4.795384228680356,Prophet(linear trend),1978,2025,48,20260919T085500Z
FRA,France,ESA_EXP,E08,Gross capital formation and net acquisition of non-produced assets,prophet,2030,4.333007749337331,0.24744536021024838,4.015893653069167,4.650121845605495,3.8480237513582116,4.817991747316451,Prophet(linear trend),1978,2025,48,20260919T085500Z
FRA,France,ESA_EXP,E08,Gross capital formation and net acquisition of non-produced assets,prophet,2031,4.326461851385114,0.24037184408975726,4.018412833848197,4.63451086892203,3.8553416903555764,4.797582012414651,Prophet(linear trend),1978,2025,48,20260919T085500Z
FRA,France,ESA_EXP,E08,Gross capital formation and net acquisition of non-produced assets,uc,2026,4.561666614895393,0.17149059422200286,4.341892500888997,4.7814407289017895,4.225551223881659,4.897782005909127,UC(local linear trend + damped cycle),1978,2025,48,20260919T085500Z
FRA,France,ESA_EXP,E08,Gross capital formation and net acquisition of non-produced assets,uc,2027,4.56796987291114,0.23908176761074784,4.261574155466051,4.87436559035623,4.099378215337708,5.036561530484573,UC(local linear trend + damped cycle),1978,2025,48,20260919T085500Z
FRA,France,ESA_EXP,E08,Gross capital formation and net acquisition of non-produced assets,uc,2028,4.597136064414633,0.2770765919435857,4.242048003856146,4.952224124973119,4.054075918962514,5.140196209866751,UC(local linear trend + damped cycle),1978,2025,48,20260919T085500Z
FRA,France,ESA_EXP,E08,Gross capital formation and net acquisition of non-produced assets,uc,2029,4.609326475722178,0.31232070411559604,4.209071252721428,5.009581698722929,3.9971891392009584,5.221463812243399,UC(local linear trend + damped cycle),1978,2025,48,20260919T085500Z
FRA,France,ESA_EXP,E08,Gross capital formation and net acquisition of non-produced assets,uc,2030,4.604543069927981,0.35378850783718885,4.151144700132217,5.057941439723746,3.911130330953373,5.297955808902589,UC(local linear trend + damped cycle),1978,2025,48,20260919T085500Z
FRA,France,ESA_EXP,E08,Gross capital formation and net acquisition of non-produced assets,uc,2031,4.608369812564828,0.3929030936206626,4.10484406712908,5.111895558000575,3.8382938935796993,5.378445731549956,UC(local linear trend + damped cycle),1978,2025,48,20260919T085500Z
FRA,France,ESA_EXP,E09,Capital transfers payable,auto.arima,2026,1.4173592654068978,0.1985040904480877,1.1629659512849702,1.6717525795288255,1.028298394275902,1.8064201365378936,"ARIMA(1, 1, 0)",1995,2025,31,20260919T085500Z
FRA,France,ESA_EXP,E09,Capital transfers payable,auto.arima,2027,1.4016540805305981,0.21645010540328546,1.124262015050807,1.6790461460103894,0.9774196661439531,1.8258884949172431,"ARIMA(1, 1, 0)",1995,2025,31,20260919T085500Z
FRA,France,ESA_EXP,E09,Capital transfers payable,auto.arima,2028,1.410531828642147,0.26318792143548975,1.0732428215506524,1.7478208357336418,0.8946929773937589,1.9263706798905353,"ARIMA(1, 1, 0)",1995,2025,31,20260919T085500Z
FRA,France,ESA_EXP,E09,Capital transfers payable,auto.arima,2029,1.405513459730677,0.28676474189286677,1.03800953122839,1.7730173882329643,0.8434648891513663,1.9675620303099879,"ARIMA(1, 1, 0)",1995,2025,31,20260919T085500Z
FRA,France,ESA_EXP,E09,Capital transfers payable,auto.arima,2030,1.408350218131025,0.31658601645814577,1.0026287755670553,1.8140716606949947,0.7878530229696518,2.0288474132923984,"ARIMA(1, 1, 0)",1995,2025,31,20260919T085500Z
FRA,France,ESA_EXP,E09,Capital transfers payable,auto.arima,2031,1.406746669574929,0.3395247605125549,0.9716280336905433,1.841865305459315,0.7412903618616999,2.0722029772881583,"ARIMA(1, 1, 0)",1995,2025,31,20260919T085500Z
FRA,France,ESA_EXP,E09,Capital transfers payable,combination,2026,1.4315578830982996,0.1900673513919155,1.1879766887872876,1.6751390774093116,1.0590327167947953,1.8040830494018039,mean of 4 + between-model variance,1995,2025,31,20260919T085500Z
FRA,France,ESA_EXP,E09,Capital transfers payable,combination,2027,1.4339811251400427,0.21386069889856088,1.1599075187451942,1.7080547315348913,1.0148218542840237,1.8531403959960617,mean of 4 + between-model variance,1995,2025,31,20260919T085500Z
FRA,France,ESA_EXP,E09,Capital transfers payable,combination,2028,1.4425594318087334,0.2395793682551785,1.1355260132625729,1.7495928503548939,0.9729924948858406,1.9121263687316261,mean of 4 + between-model variance,1995,2025,31,20260919T085500Z
FRA,France,ESA_EXP,E09,Capital transfers payable,combination,2029,1.447655033306346,0.264716852225744,1.1084066219027393,1.7869034447099528,0.9288195327505679,1.9664905338621241,mean of 4 + between-model variance,1995,2025,31,20260919T085500Z
FRA,France,ESA_EXP,E09,Capital transfers payable,combination,2030,1.4547144166319246,0.2828528600180907,1.0922237681700204,1.8172050650938287,0.9003329936994275,2.009095839564422,mean of 4 + between-model variance,1995,2025,31,20260919T085500Z
FRA,France,ESA_EXP,E09,Capital transfers payable,combination,2031,1.460663723218392,0.30282534971094655,1.0725772906456292,1.848750155791155,0.8671369394975265,2.054190506939258,mean of 4 + between-model variance,1995,2025,31,20260919T085500Z
FRA,France,ESA_EXP,E09,Capital transfers payable,ets,2026,1.4138421964315402,0.19407227881437844,1.165128479372416,1.6625559134906644,1.0334675165573959,1.7942168763056845,"ETS(M,N,N)",1995,2025,31,20260919T085500Z
FRA,France,ESA_EXP,E09,Capital transfers payable,ets,2027,1.4138421964315402,0.23948216425540628,1.1069333498656957,1.7207510429973847,0.944465775848857,1.8832186170142233,"ETS(M,N,N)",1995,2025,31,20260919T085500Z
FRA,France,ESA_EXP,E09,Capital transfers payable,ets,2028,1.4138421964315402,0.2800870294517235,1.054896103663625,1.7727882891994553,0.8648817018392224,1.962802691023858,"ETS(M,N,N)",1995,2025,31,20260919T085500Z
FRA,France,ESA_EXP,E09,Capital transfers payable,ets,2029,1.4138421964315402,0.32495969151267456,0.9973894538540891,1.8302949390089913,0.7769328996155925,2.0507514932474877,"ETS(M,N,N)",1995,2025,31,20260919T085500Z
FRA,France,ESA_EXP,E09,Capital transfers payable,ets,2030,1.4138421964315402,0.3459561970764551,0.970481340155815,1.8572030527072654,0.735780504584783,2.0919038882782974,"ETS(M,N,N)",1995,2025,31,20260919T085500Z
FRA,France,ESA_EXP,E09,Capital transfers payable,ets,2031,1.4138421964315402,0.3779643278993849,0.9294612560834277,1.8982231367796527,0.6730457204645501,2.15463867239853,"ETS(M,N,N)",1995,2025,31,20260919T085500Z
FRA,France,ESA_EXP,E09,Capital transfers payable,prophet,2026,1.4254736354312818,0.189899056168289,1.1821081202006987,1.668839150661865,1.0532783217074573,1.7976689491551063,Prophet(linear trend),1995,2025,31,20260919T085500Z
FRA,France,ESA_EXP,E09,Capital transfers payable,prophet,2027,1.4381403452602535,0.20094150207895503,1.1806233613879644,1.6956573291325425,1.0443022350795763,1.8319784554409306,Prophet(linear trend),1995,2025,31,20260919T085500Z
FRA,France,ESA_EXP,E09,Capital transfers payable,prophet,2028,1.4508417584038253,0.19359104973019142,1.202744761439999,1.6989387553676516,1.0714102702104404,1.8302732465972102,Prophet(linear trend),1995,2025,31,20260919T085500Z
FRA,France,ESA_EXP,E09,Capital transfers payable,prophet,2029,1.463508468232797,0.2002327243663449,1.2068998198556589,1.7201171166099352,1.0710595368528382,1.8559573996127559,Prophet(linear trend),1995,2025,31,20260919T085500Z
FRA,France,ESA_EXP,E09,Capital transfers payable,prophet,2030,1.476175178061769,0.19964250318498106,1.2203229288200501,1.7320274273034877,1.0848830589493206,1.8674672971742172,Prophet(linear trend),1995,2025,31,20260919T085500Z
FRA,France,ESA_EXP,E09,Capital transfers payable,prophet,2031,1.488841887890741,0.1982179462833008,1.2348152823954843,1.7428684933859977,1.1003418490215378,1.8773419267599443,Prophet(linear trend),1995,2025,31,20260919T085500Z
FRA,France,ESA_EXP,E09,Capital transfers payable,uc,2026,1.469556435123478,0.16944324015033033,1.252406111822342,1.686706758424614,1.137453784385476,1.80165908586148,UC(local linear trend + damped cycle),1995,2025,31,20260919T085500Z
FRA,France,ESA_EXP,E09,Capital transfers payable,uc,2027,1.4822878783377798,0.18247505047156456,1.2484366124558453,1.7161391442197143,1.1246433485153302,1.8399324081602293,UC(local linear trend + damped cycle),1995,2025,31,20260919T085500Z
FRA,France,ESA_EXP,E09,Capital transfers payable,uc,2028,1.4950219437574213,0.19537270901316012,1.2446416577761878,1.7454022297386547,1.1120984675091519,1.8779454200056906,UC(local linear trend + damped cycle),1995,2025,31,20260919T085500Z
FRA,France,ESA_EXP,E09,Capital transfers payable,uc,2029,1.5077560088303699,0.208159826678153,1.2409883666313295,1.7745236510294102,1.0997702422949505,1.9157417753657893,UC(local linear trend + damped cycle),1995,2025,31,20260919T085500Z
FRA,France,ESA_EXP,E09,Capital transfers payable,uc,2030,1.5204900739033642,0.22085560504866403,1.2374521315420388,1.8035280162646896,1.0876210388097645,1.953359108996964,UC(local linear trend + damped cycle),1995,2025,31,20260919T085500Z
FRA,France,ESA_EXP,E09,Capital transfers payable,uc,2031,1.5332241389763586,0.2334749452465882,1.234013855945703,1.8324344220070141,1.0756216513910746,1.9908266265616426,UC(local linear trend + damped cycle),1995,2025,31,20260919T085500Z
FRA,France,ESA_REV,R01,Value added tax,auto.arima,2026,6.981514,0.22483667479913172,6.693374109737823,7.269653890262177,6.540842211513994,7.422185788486005,"ARIMA(0, 1, 0)",1975,2025,51,20260919T085500Z
FRA,France,ESA_REV,R01,Value added tax,auto.arima,2027,6.981514,0.31796707487461817,6.574022659260283,7.3890053407397165,6.358309980060444,7.604718019939556,"ARIMA(0, 1, 0)",1975,2025,51,20260919T085500Z
FRA,France,ESA_REV,R01,Value added tax,auto.arima,2028,6.981514,0.3894285442464526,6.48244107026387,7.48058692973613,6.2182480727045455,7.744779927295454,"ARIMA(0, 1, 0)",1975,2025,51,20260919T085500Z
FRA,France,ESA_REV,R01,Value added tax,auto.arima,2029,6.981514,0.44967334971454764,6.405234219326622,7.557793780673378,6.100170422800076,7.862857577199923,"ARIMA(0, 1, 0)",1975,2025,51,20260919T085500Z
FRA,France,ESA_REV,R01,Value added tax,auto.arima,2030,6.981514,0.5027500888245495,6.337213618166721,7.625814381833279,5.99614192490708,7.966886075092919,"ARIMA(0, 1, 0)",1975,2025,51,20260919T085500Z
FRA,France,ESA_REV,R01,Value added tax,auto.arima,2031,6.981514,0.5507351288801925,6.275718294113331,7.687309705886668,5.902092973859462,8.060935026140537,"ARIMA(0, 1, 0)",1975,2025,51,20260919T085500Z
FRA,France,ESA_REV,R01,Value added tax,combination,2026,7.0240871917748455,0.22417582805121408,6.736794210984156,7.311380172565535,6.584710639124276,7.4634637444254155,mean of 4 + between-model variance,1975,2025,51,20260919T085500Z
FRA,France,ESA_REV,R01,Value added tax,combination,2027,7.02211255097243,0.28797754238723094,6.65305435557099,7.391170746373871,6.4576869350849835,7.586538166859877,mean of 4 + between-model variance,1975,2025,51,20260919T085500Z
FRA,France,ESA_REV,R01,Value added tax,combination,2028,7.020148255231188,0.33222924740885457,6.594379198755876,7.4459173117065,6.36899089056274,7.671305619899636,mean of 4 + between-model variance,1975,2025,51,20260919T085500Z
FRA,France,ESA_REV,R01,Value added tax,combination,2029,7.0181736144502995,0.37722371736079924,6.534741805019133,7.5016054238814665,6.278828708476958,7.757518520423641,mean of 4 + between-model variance,1975,2025,51,20260919T085500Z
FRA,France,ESA_REV,R01,Value added tax,combination,2030,7.0161989736629184,0.4171820120324418,6.4815585317787185,7.550839415547118,6.198537248631766,7.833860698694071,mean of 4 + between-model variance,1975,2025,51,20260919T085500Z
FRA,France,ESA_REV,R01,Value added tax,combination,2031,7.014224332880773,0.454539871947057,6.431707850907278,7.596740814854268,6.123342547299932,7.905106118461615,mean of 4 + between-model variance,1975,2025,51,20260919T085500Z
FRA,France,ESA_REV,R01,Value added tax,ets,2026,6.991331184807177,0.19570238485348115,6.740528402093429,7.2421339675209255,6.607761555780209,7.374900813834145,"ETS(M,N,N)",1975,2025,51,20260919T085500Z
FRA,France,ESA_REV,R01,Value added tax,ets,2027,6.991331184807177,0.26647922051268574,6.649824206800703,7.332838162813651,6.469041505854252,7.513620863760103,"ETS(M,N,N)",1975,2025,51,20260919T085500Z
FRA,France,ESA_REV,R01,Value added tax,ets,2028,6.991331184807177,0.3013542806653963,6.605130003711877,7.377532365902478,6.400687643457104,7.5819747261572505,"ETS(M,N,N)",1975,2025,51,20260919T085500Z
FRA,France,ESA_REV,R01,Value added tax,ets,2029,6.991331184807177,0.3625670262754874,6.526682687149774,7.455979682464581,6.280712865720168,7.701949503894187,"ETS(M,N,N)",1975,2025,51,20260919T085500Z
FRA,France,ESA_REV,R01,Value added tax,ets,2030,6.991331184807177,0.3936784612471078,6.486811765439024,7.495850604175331,6.219735573187451,7.762926796426903,"ETS(M,N,N)",1975,2025,51,20260919T085500Z
FRA,France,ESA_REV,R01,Value added tax,ets,2031,6.991331184807177,0.4356965950669975,6.432963342005877,7.549699027608478,6.137381543553285,7.84528082606107,"ETS(M,N,N)",1975,2025,51,20260919T085500Z
FRA,France,ESA_REV,R01,Value added tax,prophet,2026,7.164991890521586,0.22417667778644118,6.877697820751017,7.452285960292155,6.725613672420561,7.604370108622611,Prophet(linear trend),1975,2025,51,20260919T085500Z
FRA,France,ESA_REV,R01,Value added tax,prophet,2027,7.180095635671584,0.24519417313765188,6.86586655269868,7.494324718644489,6.69952388331202,7.660667388031149,Prophet(linear trend),1975,2025,51,20260919T085500Z
FRA,France,ESA_REV,R01,Value added tax,prophet,2028,7.195240760945279,0.24278016842919903,6.884105350534503,7.506376171356056,6.719400370910113,7.671081150980446,Prophet(linear trend),1975,2025,51,20260919T085500Z
FRA,France,ESA_REV,R01,Value added tax,prophet,2029,7.210344506095277,0.22768729913911281,6.918551392508949,7.502137619681605,6.764085596525385,7.6566034156651686,Prophet(linear trend),1975,2025,51,20260919T085500Z
FRA,France,ESA_REV,R01,Value added tax,prophet,2030,7.2254482512452745,0.2411057069314725,6.916458750315832,7.534437752174717,6.752889745465038,7.698006757025511,Prophet(linear trend),1975,2025,51,20260919T085500Z
FRA,France,ESA_REV,R01,Value added tax,prophet,2031,7.240551996395272,0.23104937679995233,6.94445020545854,7.536653787332004,6.78770353564493,7.693400457145614,Prophet(linear trend),1975,2025,51,20260919T085500Z
FRA,France,ESA_REV,R01,Value added tax,uc,2026,6.958511691770621,0.16081082132198166,6.752424262083792,7.164599121457449,6.643328271169104,7.273695112372137,UC(local linear trend + damped cycle),1975,2025,51,20260919T085500Z
FRA,France,ESA_REV,R01,Value added tax,uc,2027,6.935509383410958,0.22967479203966448,6.641169194322941,7.229849572498974,6.4853550593057285,7.385663707516187,UC(local linear trend + damped cycle),1975,2025,51,20260919T085500Z
FRA,France,ESA_REV,R01,Value added tax,uc,2028,6.912507075172298,0.28402670596483537,6.548512082089651,7.2765020682549455,6.3558249564426355,7.469189193901961,UC(local linear trend + damped cycle),1975,2025,51,20260919T085500Z
FRA,France,ESA_REV,R01,Value added tax,uc,2029,6.889504766898746,0.3310922820012118,6.465192790715529,7.313816743081963,6.2405758134985225,7.538433720298969,UC(local linear trend + damped cycle),1975,2025,51,20260919T085500Z
FRA,France,ESA_REV,R01,Value added tax,uc,2030,6.866502458599221,0.37363524806126713,6.387669459175808,7.345335458022634,6.134190823268068,7.5988140939303745,UC(local linear trend + damped cycle),1975,2025,51,20260919T085500Z
FRA,France,ESA_REV,R01,Value added tax,uc,2031,6.843500150320643,0.4130554053857917,6.31414816943767,7.372852131203615,6.033926425759085,7.6530738748822005,UC(local linear trend + damped cycle),1975,2025,51,20260919T085500Z
FRA,France,ESA_REV,R02,Other taxes on production and imports,auto.arima,2026,8.745106,0.24474814161362604,8.431448529618773,9.058763470381226,8.26540845337039,9.224803546629609,"ARIMA(0, 1, 0)",1995,2025,31,20260919T085500Z
FRA,France,ESA_REV,R02,Other taxes on production and imports,auto.arima,2027,8.745106,0.34612614126579255,8.301527351408541,9.188684648591458,8.066711223660132,9.423500776339868,"ARIMA(0, 1, 0)",1995,2025,31,20260919T085500Z
FRA,France,ESA_REV,R02,Other taxes on production and imports,auto.arima,2028,8.745106,0.42391621638216637,8.201835325063001,9.288376674936998,7.9142454768747434,9.575966523125256,"ARIMA(0, 1, 0)",1995,2025,31,20260919T085500Z
FRA,France,ESA_REV,R02,Other taxes on production and imports,auto.arima,2029,8.745106,0.4894962832912993,8.117791059155469,9.372420940844531,7.785710906615252,9.704501093384748,"ARIMA(0, 1, 0)",1995,2025,31,20260919T085500Z
FRA,France,ESA_REV,R02,Other taxes on production and imports,auto.arima,2030,8.745106,0.5472734820911936,8.043746574479066,9.446465425520934,7.672469676946616,9.817742323053384,"ARIMA(0, 1, 0)",1995,2025,31,20260919T085500Z
FRA,France,ESA_REV,R02,Other taxes on production and imports,auto.arima,2031,8.745106,0.5995080625349792,7.976805243442172,9.513406756557828,7.570091779721691,9.920120220278308,"ARIMA(0, 1, 0)",1995,2025,31,20260919T085500Z
FRA,France,ESA_REV,R02,Other taxes on production and imports,combination,2026,8.861750771879894,0.3665939870603855,8.391941514574683,9.331560029185106,8.143239754625073,9.580261789134715,mean of 4 + between-model variance,1995,2025,31,20260919T085500Z
FRA,France,ESA_REV,R02,Other taxes on production and imports,combination,2027,8.874241257861,0.4371759240603996,8.313977578029547,9.434504937692452,8.017392185035883,9.731090330686117,mean of 4 + between-model variance,1995,2025,31,20260919T085500Z
FRA,France,ESA_REV,R02,Other taxes on production and imports,combination,2028,8.886760392553676,0.49847487475008434,8.247938919867956,9.525581865239396,7.9097675831390015,9.86375320196835,mean of 4 + between-model variance,1995,2025,31,20260919T085500Z
FRA,France,ESA_REV,R02,Other taxes on production and imports,combination,2029,8.899250870881131,0.55538751970664,8.187492884226048,9.611008857536214,7.810711326206826,9.987790415555436,mean of 4 + between-model variance,1995,2025,31,20260919T085500Z
FRA,France,ESA_REV,R02,Other taxes on production and imports,combination,2030,8.911741352043963,0.6104806663765084,8.129378633087816,9.69410407100011,7.715221223249996,10.10826148083793,mean of 4 + between-model variance,1995,2025,31,20260919T085500Z
FRA,France,ESA_REV,R02,Other taxes on production and imports,combination,2031,8.924231831185125,0.6644576415543806,8.072694811735825,9.775768850634424,7.6219187742136345,10.226544888156615,mean of 4 + between-model variance,1995,2025,31,20260919T085500Z
FRA,France,ESA_REV,R02,Other taxes on production and imports,ets,2026,8.745077690781653,0.2290165159567922,8.451581116724194,9.038574264839111,8.296213564100913,9.193941817462392,"ETS(M,N,N)",1995,2025,31,20260919T085500Z
FRA,France,ESA_REV,R02,Other taxes on production and imports,ets,2027,8.745077690781653,0.34356254025025346,8.30478443019886,9.185370951364446,8.071707480142605,9.4184479014207,"ETS(M,N,N)",1995,2025,31,20260919T085500Z
FRA,France,ESA_REV,R02,Other taxes on production and imports,ets,2028,8.745077690781653,0.4196851793777857,8.207229309779692,9.282926071783614,7.92250984786765,9.567645533695655,"ETS(M,N,N)",1995,2025,31,20260919T085500Z
FRA,France,ESA_REV,R02,Other taxes on production and imports,ets,2029,8.745077690781653,0.4759039149996109,8.135182076706071,9.354973304857234,7.812323149923355,9.67783223163995,"ETS(M,N,N)",1995,2025,31,20260919T085500Z
FRA,France,ESA_REV,R02,Other taxes on production and imports,ets,2030,8.745077690781653,0.5344725211293672,8.060123362383269,9.430032019180036,7.6975307903788535,9.792624591184452,"ETS(M,N,N)",1995,2025,31,20260919T085500Z
FRA,France,ESA_REV,R02,Other taxes on production and imports,ets,2031,8.745077690781653,0.5969440966463976,7.980062789836269,9.510092591727037,7.575088751342193,9.915066630221112,"ETS(M,N,N)",1995,2025,31,20260919T085500Z
FRA,France,ESA_REV,R02,Other taxes on production and imports,prophet,2026,9.20358952958534,0.38744564278637517,8.707057791181175,9.700121267989505,8.444210017767185,9.962969041403495,Prophet(linear trend),1995,2025,31,20260919T085500Z
FRA,France,ESA_REV,R02,Other taxes on production and imports,prophet,2027,9.245427543139535,0.37741858883211027,8.761745995784565,9.729109090494504,8.505700696097797,9.985154390181272,Prophet(linear trend),1995,2025,31,20260919T085500Z
FRA,France,ESA_REV,R02,Other taxes on production and imports,prophet,2028,9.2873801813884,0.370164347716019,8.812995321244241,9.76176504153256,8.56187138578152,10.01288897699528,Prophet(linear trend),1995,2025,31,20260919T085500Z
FRA,France,ESA_REV,R02,Other taxes on production and imports,prophet,2029,9.329218194942596,0.37729241288759074,8.845698348621678,9.812738041263515,8.589738648209782,10.068697741675411,Prophet(linear trend),1995,2025,31,20260919T085500Z
FRA,France,ESA_REV,R02,Other taxes on production and imports,prophet,2030,9.371056208496793,0.3850381228807898,8.87760983204267,9.864502584950914,8.616395349022868,10.125717067970717,Prophet(linear trend),1995,2025,31,20260919T085500Z
FRA,France,ESA_REV,R02,Other taxes on production and imports,prophet,2031,9.412894222050989,0.39164944348513264,8.91097509445373,9.914813349648247,8.645275412200094,10.180513031901883,Prophet(linear trend),1995,2025,31,20260919T085500Z
FRA,France,ESA_REV,R02,Other taxes on production and imports,uc,2026,8.753229867152585,0.2594251663848124,8.420763026321797,9.085696707983374,8.244765880344342,9.261693853960828,UC(local linear trend + damped cycle),1995,2025,31,20260919T085500Z
FRA,France,ESA_REV,R02,Other taxes on production and imports,uc,2027,8.76135379752281,0.37286977141291383,8.283501796229048,9.239205798816572,8.03054246886527,9.49216512618035,UC(local linear trend + damped cycle),1995,2025,31,20260919T085500Z
FRA,France,ESA_REV,R02,Other taxes on production and imports,uc,2028,8.769477698044646,0.46388721654732296,8.174982107903991,9.363973288185301,7.860275453551689,9.678679942537604,UC(local linear trend + damped cycle),1995,2025,31,20260919T085500Z
FRA,France,ESA_REV,R02,Other taxes on production and imports,uc,2029,8.777601597800276,0.5438564770074129,8.080621241978472,9.47458195362208,7.7116624816989185,9.843540713901632,UC(local linear trend + damped cycle),1995,2025,31,20260919T085500Z
FRA,France,ESA_REV,R02,Other taxes on production and imports,uc,2030,8.785725508897407,0.6170878525834066,7.994895337243437,9.576555680551376,7.5762555329966235,9.995195484798192,UC(local linear trend + damped cycle),1995,2025,31,20260919T085500Z
FRA,France,ESA_REV,R02,Other taxes on production and imports,uc,2031,8.793849411907853,0.6857433939159181,7.91503359394812,9.672665229867587,7.449817046594835,10.137881777220873,UC(local linear trend + damped cycle),1995,2025,31,20260919T085500Z
FRA,France,ESA_REV,R02_A,Excise duties,auto.arima,2025,2.1620453588562554,0.10025974542250665,2.033557281590551,2.29053343612196,1.9655398671789777,2.358550850533533,"ARIMA(2, 0, 0)+drift",1975,2024,50,20260919T085500Z
FRA,France,ESA_REV,R02_A,Excise duties,auto.arima,2026,2.290317330054203,0.1585251259069963,2.08715913789784,2.493475522210566,1.979613790181023,2.601020869927383,"ARIMA(2, 0, 0)+drift",1975,2024,50,20260919T085500Z
FRA,France,ESA_REV,R02_A,Excise duties,auto.arima,2027,2.37639717666971,0.18862633705350695,2.1346627171661137,2.618131636173306,2.00669634659297,2.7460980067464495,"ARIMA(2, 0, 0)+drift",1975,2024,50,20260919T085500Z
FRA,France,ESA_REV,R02_A,Excise duties,auto.arima,2028,2.4201980713258413,0.1999075314308654,2.164006174605553,2.67638996804613,2.0283865063924766,2.812009636259206,"ARIMA(2, 0, 0)+drift",1975,2024,50,20260919T085500Z
FRA,France,ESA_REV,R02_A,Excise duties,auto.arima,2029,2.4324880542921785,0.20244836284052473,2.1730399499971784,2.6919361585871786,2.0356965512658123,2.8292795573185447,"ARIMA(2, 0, 0)+drift",1975,2024,50,20260919T085500Z
FRA,France,ESA_REV,R02_A,Excise duties,auto.arima,2030,2.426497018213355,0.20258185018575617,2.166877842944099,2.6861161934826114,2.02944388479588,2.8235501516308306,"ARIMA(2, 0, 0)+drift",1975,2024,50,20260919T085500Z
FRA,France,ESA_REV,R02_A,Excise duties,auto.arima,2031,2.4132550218523177,0.20268152006558207,2.153508114449231,2.6730019292554044,2.016006539058499,2.810503504646136,"ARIMA(2, 0, 0)+drift",1975,2024,50,20260919T085500Z
FRA,France,ESA_REV,R02_A,Excise duties,combination,2025,2.1333231334830494,0.20904646380668088,1.8654192196986699,2.4012270472674286,1.723599590094652,2.543046676871447,mean of 4 + between-model variance,1975,2024,50,20260919T085500Z
FRA,France,ESA_REV,R02_A,Excise duties,combination,2026,2.1617789181246185,0.24982011020115677,1.8416214562561057,2.4819363799931313,1.6721404956543184,2.6514173405949184,mean of 4 + between-model variance,1975,2024,50,20260919T085500Z
FRA,France,ESA_REV,R02_A,Excise duties,combination,2027,2.1796904844510214,0.2849894281171825,1.81446171286859,2.544919256033453,1.621121464960756,2.738259503941287,mean of 4 + between-model variance,1975,2024,50,20260919T085500Z
FRA,France,ESA_REV,R02_A,Excise duties,combination,2028,2.187031950433408,0.31162137414006486,1.7876729551614599,2.5863909457053564,1.5762652754883502,2.797798625378466,mean of 4 + between-model variance,1975,2024,50,20260919T085500Z
FRA,France,ESA_REV,R02_A,Excise duties,combination,2029,2.186496923321536,0.3278067552404867,1.7663955205295798,2.606598326113492,1.5440074840933709,2.8289863625497014,mean of 4 + between-model variance,1975,2024,50,20260919T085500Z
FRA,France,ESA_REV,R02_A,Excise duties,combination,2030,2.181389562899814,0.33899477889271273,1.7469501260203004,2.615828999779328,1.5169720000821374,2.845807125717491,mean of 4 + between-model variance,1975,2024,50,20260919T085500Z
FRA,France,ESA_REV,R02_A,Excise duties,combination,2031,2.174468263023379,0.34925241031182347,1.726883138083441,2.622053387963317,1.4899461118989765,2.8589904141477818,mean of 4 + between-model variance,1975,2024,50,20260919T085500Z
FRA,France,ESA_REV,R02_A,Excise duties,ets,2025,2.014205016196532,0.11493121821447876,1.8669146836313304,2.1614953487617337,1.7889439660200095,2.239466066373055,"ETS(A,N,N)",1975,2024,50,20260919T085500Z
FRA,France,ESA_REV,R02_A,Excise duties,ets,2026,2.014205016196532,0.16252916087778235,1.8059154450152883,2.222494587377776,1.6956537119258703,2.332756320467194,"ETS(A,N,N)",1975,2024,50,20260919T085500Z
FRA,France,ESA_REV,R02_A,Excise duties,ets,2027,2.014205016196532,0.1990534384305078,1.759107684069038,2.269302348324026,1.6240674427965205,2.404342589596544,"ETS(A,N,N)",1975,2024,50,20260919T085500Z
FRA,France,ESA_REV,R02_A,Excise duties,ets,2028,2.014205016196532,0.22984519696173752,1.7196464443398236,2.3087635880532407,1.5637167045786171,2.464693327814447,"ETS(A,N,N)",1975,2024,50,20260919T085500Z
FRA,France,ESA_REV,R02_A,Excise duties,ets,2029,2.014205016196532,0.25697345734871485,1.684880167984372,2.3435298644086924,1.5105462908375156,2.5178637415555487,"ETS(A,N,N)",1975,2024,50,20260919T085500Z
FRA,France,ESA_REV,R02_A,Excise duties,ets,2030,2.014205016196532,0.28149938010078057,1.6534489226296165,2.3749611097634475,1.4624763651766859,2.5659336672163784,"ETS(A,N,N)",1975,2024,50,20260919T085500Z
FRA,France,ESA_REV,R02_A,Excise duties,ets,2031,2.014205016196532,0.30405335750899987,1.6245448277741583,2.403865204618906,1.4182713813997627,2.6101386509933016,"ETS(A,N,N)",1975,2024,50,20260919T085500Z
FRA,France,ESA_REV,R02_A,Excise duties,prophet,2025,2.3540886947697324,0.17884145350156713,2.124894072351892,2.583283317187573,2.003565884198987,2.704611505340478,Prophet(linear trend),1975,2024,50,20260919T085500Z
FRA,France,ESA_REV,R02_A,Excise duties,prophet,2026,2.350893183829503,0.1903285034534506,2.106977309571726,2.5948090580872796,1.977856168886864,2.7239301987721416,Prophet(linear trend),1975,2024,50,20260919T085500Z
FRA,France,ESA_REV,R02_A,Excise duties,prophet,2027,2.3476976728892733,0.18173052660468328,2.114800553057988,2.5805947927205586,1.991512383043052,2.703882962735495,Prophet(linear trend),1975,2024,50,20260919T085500Z
FRA,France,ESA_REV,R02_A,Excise duties,prophet,2028,2.34449340712455,0.186536837853587,2.10543674949961,2.58355006474949,1.9788879202576823,2.7100988939914177,Prophet(linear trend),1975,2024,50,20260919T085500Z
FRA,France,ESA_REV,R02_A,Excise duties,prophet,2029,2.3412978961843205,0.18358346615408555,2.10602613796762,2.576569654401021,1.9814809115270944,2.701114880841547,Prophet(linear trend),1975,2024,50,20260919T085500Z
FRA,France,ESA_REV,R02_A,Excise duties,prophet,2030,2.338102385244091,0.18082703940695768,2.1063631312380258,2.569841639250156,1.9836878977798724,2.6925168727083095,Prophet(linear trend),1975,2024,50,20260919T085500Z
FRA,France,ESA_REV,R02_A,Excise duties,prophet,2031,2.334906874303862,0.18367182501193807,2.0995218796161628,2.570291868991561,1.9749167094661637,2.6948970391415603,Prophet(linear trend),1975,2024,50,20260919T085500Z
FRA,France,ESA_REV,R02_A,Excise duties,uc,2025,2.002953464109678,0.10905286808981761,1.863196542903436,2.1427103853159197,1.7892137685568867,2.2166931596624693,UC(local linear trend + damped cycle),1975,2024,50,20260919T085500Z
FRA,France,ESA_REV,R02_A,Excise duties,uc,2026,1.9917001424182361,0.15667769418988092,1.7909095300738058,2.1924907547626664,1.6846175022030603,2.298782782633412,UC(local linear trend + damped cycle),1975,2024,50,20260919T085500Z
FRA,France,ESA_REV,R02_A,Excise duties,uc,2027,1.9804620720485702,0.19489645374707157,1.730692131956103,2.230232012141037,1.5984720389766447,2.3624521051204956,UC(local linear trend + damped cycle),1975,2024,50,20260919T085500Z
FRA,France,ESA_REV,R02_A,Excise duties,uc,2028,1.9692313070867102,0.22851973532095504,1.6763713832466696,2.262091230926751,1.5213408525681098,2.4171217616053107,UC(local linear trend + damped cycle),1975,2024,50,20260919T085500Z
FRA,France,ESA_REV,R02_A,Excise duties,uc,2029,1.9579967266131133,0.25937693970762143,1.6255916907769317,2.290401762449295,1.449627262356005,2.4663661908702217,UC(local linear trend + damped cycle),1975,2024,50,20260919T085500Z
FRA,France,ESA_REV,R02_A,Excise duties,uc,2030,1.9467538319452775,0.2883895842163228,1.5771675835136807,2.3163400803768743,1.3815206289063164,2.5119870349842386,UC(local linear trend + damped cycle),1975,2024,50,20260919T085500Z
FRA,France,ESA_REV,R02_A,Excise duties,uc,2031,1.935506139740806,0.31609530826036597,1.5304135652491175,2.3405987142324944,1.315970714981586,2.555041564500026,UC(local linear trend + damped cycle),1975,2024,50,20260919T085500Z
FRA,France,ESA_REV,R02_X,Other taxes on production and imports excluding excise duties,auto.arima,2025,6.447795,0.21118689377343342,6.177148013910869,6.718441986089132,6.0338762909322465,6.861713709067754,"ARIMA(0, 1, 0)",1995,2024,30,20260919T085500Z
FRA,France,ESA_REV,R02_X,Other taxes on production and imports excluding excise duties,auto.arima,2026,6.447795,0.29866336954063266,6.065042361438463,6.830547638561537,5.862425547581664,7.033164452418337,"ARIMA(0, 1, 0)",1995,2024,30,20260919T085500Z
FRA,France,ESA_REV,R02_X,Other taxes on production and imports excluding excise duties,auto.arima,2027,6.447795,0.3657864301871478,5.979020668820801,6.9165693311792,5.730866765144677,7.164723234855323,"ARIMA(0, 1, 0)",1995,2024,30,20260919T085500Z
FRA,France,ESA_REV,R02_X,Other taxes on production and imports excluding excise duties,auto.arima,2028,6.447795,0.4223737879091814,5.906501027357413,6.9890889726425875,5.619957581154369,7.275632418845631,"ARIMA(0, 1, 0)",1995,2024,30,20260919T085500Z
FRA,France,ESA_REV,R02_X,Other taxes on production and imports excluding excise duties,auto.arima,2029,6.447795,0.4722282508665092,5.842609940645524,7.052980059354477,5.522244628518673,7.373345371481327,"ARIMA(0, 1, 0)",1995,2024,30,20260919T085500Z
FRA,France,ESA_REV,R02_X,Other taxes on production and imports excluding excise duties,auto.arima,2030,6.447795,0.5173001306013132,5.7848479830276265,7.110742016972374,5.433905366826128,7.461684633173872,"ARIMA(0, 1, 0)",1995,2024,30,20260919T085500Z
FRA,France,ESA_REV,R02_X,Other taxes on production and imports excluding excise duties,auto.arima,2031,6.447795,0.558748001628488,5.731730381017008,7.163859618982992,5.352669031736222,7.542920968263778,"ARIMA(0, 1, 0)",1995,2024,30,20260919T085500Z
FRA,France,ESA_REV,R02_X,Other taxes on production and imports excluding excise duties,combination,2025,6.666792336727563,0.32562957683134625,6.249481101280198,7.084103572174929,6.028570088802891,7.305014584652236,mean of 4 + between-model variance,1995,2024,30,20260919T085500Z
FRA,France,ESA_REV,R02_X,Other taxes on production and imports excluding excise duties,combination,2026,6.612078809643519,0.3876634556251786,6.11526793276016,7.108889686526878,5.852272392502571,7.371885226784467,mean of 4 + between-model variance,1995,2024,30,20260919T085500Z
FRA,France,ESA_REV,R02_X,Other taxes on production and imports excluding excise duties,combination,2027,6.6803852640779615,0.42710256493267734,6.133031117783359,7.227739410372564,5.8432796125022515,7.517490915653672,mean of 4 + between-model variance,1995,2024,30,20260919T085500Z
FRA,France,ESA_REV,R02_X,Other taxes on production and imports excluding excise duties,combination,2028,6.71025055984003,0.47695084061173554,6.099013256152379,7.321487863527681,5.7754440824712905,7.645057037208769,mean of 4 + between-model variance,1995,2024,30,20260919T085500Z
FRA,France,ESA_REV,R02_X,Other taxes on production and imports excluding excise duties,combination,2029,6.67296162532736,0.5256090377042043,5.999366311839461,7.346556938815258,5.642786833352476,7.703136417302243,mean of 4 + between-model variance,1995,2024,30,20260919T085500Z
FRA,France,ESA_REV,R02_X,Other taxes on production and imports excluding excise duties,combination,2030,6.771468510561965,0.5697137159109037,6.041350758508914,7.501586262615016,5.654850137070366,7.888086884053563,mean of 4 + between-model variance,1995,2024,30,20260919T085500Z
FRA,France,ESA_REV,R02_X,Other taxes on production and imports excluding excise duties,combination,2031,6.7400804276515505,0.6034533610156033,5.966723565935282,7.513437289367819,5.557333564381965,7.922827290921136,mean of 4 + between-model variance,1995,2024,30,20260919T085500Z
FRA,France,ESA_REV,R02_X,Other taxes on production and imports excluding excise duties,ets,2025,6.4876606395285865,0.19478102882094794,6.238038622481043,6.73728265657613,6.105896835156566,6.869424443900607,"ETS(M,N,N)",1995,2024,30,20260919T085500Z
FRA,France,ESA_REV,R02_X,Other taxes on production and imports excluding excise duties,ets,2026,6.4876606395285865,0.2475155648290206,6.170456572390825,6.804864706666348,6.00253904302404,6.972782236033133,"ETS(M,N,N)",1995,2024,30,20260919T085500Z
FRA,France,ESA_REV,R02_X,Other taxes on production and imports excluding excise duties,ets,2027,6.4876606395285865,0.30624529826318003,6.095191365048811,6.880129914008362,5.887430879763491,7.087890399293682,"ETS(M,N,N)",1995,2024,30,20260919T085500Z
FRA,France,ESA_REV,R02_X,Other taxes on production and imports excluding excise duties,ets,2028,6.4876606395285865,0.3511905121040017,6.037591736360679,6.937729542696494,5.799339878663179,7.175981400393994,"ETS(M,N,N)",1995,2024,30,20260919T085500Z
FRA,France,ESA_REV,R02_X,Other taxes on production and imports excluding excise duties,ets,2029,6.4876606395285865,0.3772743766582632,6.004163907573436,6.971157371483737,5.74821644315595,7.227104835901223,"ETS(M,N,N)",1995,2024,30,20260919T085500Z
FRA,France,ESA_REV,R02_X,Other taxes on production and imports excluding excise duties,ets,2030,6.4876606395285865,0.4337114972015744,5.931836802866915,7.043484476190258,5.6376017186273994,7.337719560429774,"ETS(M,N,N)",1995,2024,30,20260919T085500Z
FRA,France,ESA_REV,R02_X,Other taxes on production and imports excluding excise duties,ets,2031,6.4876606395285865,0.43189147493909014,5.934169256037446,7.041152023019727,5.641168896741068,7.3341523823161054,"ETS(M,N,N)",1995,2024,30,20260919T085500Z
FRA,France,ESA_REV,R02_X,Other taxes on production and imports excluding excise duties,prophet,2025,6.991077316766383,0.21420091355722207,6.716567707595297,7.265586925937468,6.5712512374271155,7.41090339610565,Prophet(linear trend),1995,2024,30,20260919T085500Z
FRA,France,ESA_REV,R02_X,Other taxes on production and imports excluding excise duties,prophet,2026,7.047876696323072,0.21687966809760845,6.769934123913245,7.325819268732898,6.622800354519811,7.472953038126333,Prophet(linear trend),1995,2024,30,20260919T085500Z
FRA,France,ESA_REV,R02_X,Other taxes on production and imports excluding excise duties,prophet,2027,7.10467607587976,0.21635675541880525,6.827403643259279,7.3819485085002405,6.680624624102096,7.5287275276574235,Prophet(linear trend),1995,2024,30,20260919T085500Z
FRA,France,ESA_REV,R02_X,Other taxes on production and imports excluding excise duties,prophet,2028,7.16163107017496,0.20424783216321404,6.899876852370529,7.423385287979391,6.761312672057018,7.561949468292902,Prophet(linear trend),1995,2024,30,20260919T085500Z
FRA,France,ESA_REV,R02_X,Other taxes on production and imports excluding excise duties,prophet,2029,7.21843044973165,0.214611974910903,6.943394044060632,7.4934668554026675,6.797798704937376,7.639062194525923,Prophet(linear trend),1995,2024,30,20260919T085500Z
FRA,France,ESA_REV,R02_X,Other taxes on production and imports excluding excise duties,prophet,2030,7.275229829288337,0.19972701479289812,7.019269274026469,7.5311903845502055,6.883772070466789,7.666687588109885,Prophet(linear trend),1995,2024,30,20260919T085500Z
FRA,France,ESA_REV,R02_X,Other taxes on production and imports excluding excise duties,prophet,2031,7.332029208845026,0.21744052338431405,7.053367871220812,7.6106905464692405,6.905853610870612,7.75820480681944,Prophet(linear trend),1995,2024,30,20260919T085500Z
FRA,France,ESA_REV,R02_X,Other taxes on production and imports excluding excise duties,uc,2025,6.7406363906152835,0.20371870939887715,6.479560271147734,7.001712510082833,6.341355054067023,7.139917727163544,UC(local linear trend + damped cycle),1995,2024,30,20260919T085500Z
FRA,France,ESA_REV,R02_X,Other taxes on production and imports excluding excise duties,uc,2026,6.464982902722416,0.25481338078321947,6.13842630495292,6.791539500491912,5.965557849669014,6.964407955775818,UC(local linear trend + damped cycle),1995,2024,30,20260919T085500Z
FRA,France,ESA_REV,R02_X,Other taxes on production and imports excluding excise duties,uc,2027,6.6814093409035005,0.30591489824754237,6.289363491224566,7.073455190582435,6.081827153274654,7.280991528532347,UC(local linear trend + damped cycle),1995,2024,30,20260919T085500Z
FRA,France,ESA_REV,R02_X,Other taxes on production and imports excluding excise duties,uc,2028,6.743915529656571,0.3679687435576733,6.272344450412748,7.215486608900394,6.0227100391583,7.465121020154843,UC(local linear trend + damped cycle),1995,2024,30,20260919T085500Z
FRA,France,ESA_REV,R02_X,Other taxes on production and imports excluding excise duties,uc,2029,6.537960412049202,0.39908431704804104,6.02651310736765,7.049407716730753,5.755769517670455,7.320151306427949,UC(local linear trend + damped cycle),1995,2024,30,20260919T085500Z
FRA,France,ESA_REV,R02_X,Other taxes on production and imports excluding excise duties,uc,2030,6.875188573430931,0.4504507538488702,6.297912508934403,7.452464637927458,5.992321312114283,7.758055834747578,UC(local linear trend + damped cycle),1995,2024,30,20260919T085500Z
FRA,France,ESA_REV,R02_X,Other taxes on production and imports excluding excise duties,uc,2031,6.69283686223259,0.4914991686473181,6.062955119654283,7.322718604810897,5.729516185653917,7.656157538811263,UC(local linear trend + damped cycle),1995,2024,30,20260919T085500Z
FRA,France,ESA_REV,R03,Taxes on household income,auto.arima,2026,9.957457525873867,0.3931581766996523,9.453604878208074,10.46131017353966,9.18688165323691,10.728033398510824,"ARIMA(0, 1, 0)+drift",1975,2025,51,20260919T085500Z
FRA,France,ESA_REV,R03,Taxes on household income,auto.arima,2027,10.076583051747734,0.5560096256465257,9.364027803981179,10.78913829951429,8.986824201827067,11.166341901668401,"ARIMA(0, 1, 0)+drift",1975,2025,51,20260919T085500Z
FRA,France,ESA_REV,R03,Taxes on household income,auto.arima,2028,10.195708577621602,0.68096993745494,9.323010192336348,11.068406962906856,8.861032015127668,11.530385140115536,"ARIMA(0, 1, 0)+drift",1975,2025,51,20260919T085500Z
FRA,France,ESA_REV,R03,Taxes on household income,auto.arima,2029,10.31483410349547,0.7863163533993037,9.307128808163885,11.322539398827054,8.773682358221556,11.855985848769382,"ARIMA(0, 1, 0)+drift",1975,2025,51,20260919T085500Z
FRA,France,ESA_REV,R03,Taxes on household income,auto.arima,2030,10.433959629369337,0.879128409010296,9.307310858545375,11.5606084001933,8.710899596331881,12.157019662406793,"ARIMA(0, 1, 0)+drift",1975,2025,51,20260919T085500Z
FRA,France,ESA_REV,R03,Taxes on household income,auto.arima,2031,10.553085155243204,0.963036921117134,9.318903262911698,11.78726704757471,8.665567459182782,12.440602851303627,"ARIMA(0, 1, 0)+drift",1975,2025,51,20260919T085500Z
FRA,France,ESA_REV,R03,Taxes on household income,combination,2026,9.979543627458403,0.47117154586984916,9.375712790505807,10.583374464411,9.05606435972915,10.903022895187656,mean of 4 + between-model variance,1975,2025,51,20260919T085500Z
FRA,France,ESA_REV,R03,Taxes on household income,combination,2027,10.0537584377876,0.5971908666303852,9.288427288275697,10.819089587299503,8.883285838063244,11.224231037511956,mean of 4 + between-model variance,1975,2025,51,20260919T085500Z
FRA,France,ESA_REV,R03,Taxes on household income,combination,2028,10.134473718143497,0.6971136799542956,9.24108628737071,11.027861148916283,8.768156001525556,11.500791434761437,mean of 4 + between-model variance,1975,2025,51,20260919T085500Z
FRA,France,ESA_REV,R03,Taxes on household income,combination,2029,10.241539703170176,0.797932934314048,9.218947155334138,11.264132251006213,8.677619877500277,11.805459528840075,mean of 4 + between-model variance,1975,2025,51,20260919T085500Z
FRA,France,ESA_REV,R03,Taxes on household income,combination,2030,10.331430750934363,0.8892766122503696,9.191776529951678,11.471084971917048,8.58848060488168,12.074380896987046,mean of 4 + between-model variance,1975,2025,51,20260919T085500Z
FRA,France,ESA_REV,R03,Taxes on household income,combination,2031,10.403697144639173,0.9856965817689303,9.140475718880037,11.666918570398309,8.471767329449014,12.335626959829332,mean of 4 + between-model variance,1975,2025,51,20260919T085500Z
FRA,France,ESA_REV,R03,Taxes on household income,ets,2026,9.838284995456474,0.40676621487675674,9.316992939248737,10.359577051664212,9.041037857881767,10.635532133031182,"ETS(A,N,N)",1975,2025,51,20260919T085500Z
FRA,France,ESA_REV,R03,Taxes on household income,ets,2027,9.838284995456474,0.5752255357980921,9.101103559603358,10.575466431309591,8.710863653411502,10.965706337501446,"ETS(A,N,N)",1975,2025,51,20260919T085500Z
FRA,France,ESA_REV,R03,Taxes on household income,ets,2028,9.838284995456474,0.7044927824351649,8.935440861141124,10.741129129771824,8.457504503623719,11.21906548728923,"ETS(A,N,N)",1975,2025,51,20260919T085500Z
FRA,France,ESA_REV,R03,Taxes on household income,ets,2029,9.838284995456474,0.8134714155840259,8.795779075871934,10.880790915041015,8.243910305882745,11.432659685030204,"ETS(A,N,N)",1975,2025,51,20260919T085500Z
FRA,France,ESA_REV,R03,Taxes on household income,ets,2030,9.838284995456474,0.9094841435898247,8.672733772270647,11.003836218642302,8.055728815449587,11.620841175463362,"ETS(A,N,N)",1975,2025,51,20260919T085500Z
FRA,France,ESA_REV,R03,Taxes on household income,ets,2031,9.838284995456474,0.9962866409374135,8.56149185818985,11.115078132723099,7.885599045538218,11.790970945374731,"ETS(A,N,N)",1975,2025,51,20260919T085500Z
FRA,France,ESA_REV,R03,Taxes on household income,prophet,2026,10.105764083840892,0.6107798811108472,9.323017905643523,10.888510262038261,8.908657504939352,11.302870662742432,Prophet(linear trend),1975,2025,51,20260919T085500Z
FRA,France,ESA_REV,R03,Taxes on household income,prophet,2027,10.229089960897861,0.6228831576943672,9.430832804388329,11.027347117407393,9.008261395610578,11.449918526185144,Prophet(linear trend),1975,2025,51,20260919T085500Z
FRA,France,ESA_REV,R03,Taxes on household income,prophet,2028,10.352753717070053,0.590990859044075,9.5953681996804,11.110139234459705,9.19443290901459,11.511074525125515,Prophet(linear trend),1975,2025,51,20260919T085500Z
FRA,France,ESA_REV,R03,Taxes on household income,prophet,2029,10.476079594127022,0.5900689581742148,9.71987554064094,11.232283647613103,9.319565678588056,11.632593509665988,Prophet(linear trend),1975,2025,51,20260919T085500Z
FRA,France,ESA_REV,R03,Taxes on household income,prophet,2030,10.599405471183992,0.576745379989096,9.860276275968205,11.338534666399779,9.469005289239043,11.729805653128942,Prophet(linear trend),1975,2025,51,20260919T085500Z
FRA,France,ESA_REV,R03,Taxes on household income,prophet,2031,10.72273134824096,0.6431121258665958,9.898549717112372,11.546912979369546,9.462254733578963,11.983207962902956,Prophet(linear trend),1975,2025,51,20260919T085500Z
FRA,France,ESA_REV,R03,Taxes on household income,uc,2026,10.016667904662382,0.3802510361432561,9.529356428790921,10.503979380533844,9.271389562858902,10.761946246465863,UC(local linear trend + damped cycle),1975,2025,51,20260919T085500Z
FRA,France,ESA_REV,R03,Taxes on household income,uc,2027,10.07107574304833,0.5427204098014828,9.37555131642642,10.766600169670241,9.007363277772177,11.134788208324485,UC(local linear trend + damped cycle),1975,2025,51,20260919T085500Z
FRA,France,ESA_REV,R03,Taxes on household income,uc,2028,10.151147582425857,0.6698512834192317,9.292698330457373,11.00959683439434,8.838263181570365,11.464031983281348,UC(local linear trend + damped cycle),1975,2025,51,20260919T085500Z
FRA,France,ESA_REV,R03,Taxes on household income,uc,2029,10.336960119601734,0.7804550493206348,9.336766390234775,11.337153848968693,8.807296319315066,11.866623919888402,UC(local linear trend + damped cycle),1975,2025,51,20260919T085500Z
FRA,France,ESA_REV,R03,Taxes on household income,uc,2030,10.45407290772765,0.8811996918443415,9.32476968024515,11.583376135210148,8.726953234901647,12.181192580553653,UC(local linear trend + damped cycle),1975,2025,51,20260919T085500Z
FRA,France,ESA_REV,R03,Taxes on household income,uc,2031,10.500687079616055,0.9739133538710406,9.252566473135916,11.748807686096194,8.591851966909555,12.409522192322555,UC(local linear trend + damped cycle),1975,2025,51,20260919T085500Z
FRA,France,ESA_REV,R04,Taxes on corporate income,auto.arima,2026,2.973131,0.35056629598821665,2.523862062243709,3.422399937756291,2.286033680249751,3.660228319750249,"ARIMA(0, 1, 0)",1995,2025,31,20260919T085500Z
FRA,France,ESA_REV,R04,Taxes on corporate income,auto.arima,2027,2.973131,0.49577561037317014,2.337768774975043,3.608493225024957,2.00142865159056,3.94483334840944,"ARIMA(0, 1, 0)",1995,2025,31,20260919T085500Z
FRA,France,ESA_REV,R04,Taxes on corporate income,auto.arima,2028,2.973131,0.6071986361964927,2.1949743733851124,3.7512876266148876,1.7830435322057774,4.1632184677942226,"ARIMA(0, 1, 0)",1995,2025,31,20260919T085500Z
FRA,France,ESA_REV,R04,Taxes on corporate income,auto.arima,2029,2.973131,0.701132592137088,2.0745931242815305,3.8716688757184694,1.5989363601846245,4.3473256398153755,"ARIMA(0, 1, 0)",1995,2025,31,20260919T085500Z
FRA,France,ESA_REV,R04,Taxes on corporate income,auto.arima,2030,2.973131,0.7838900686415561,1.9685351147522765,3.9777268852477237,1.4367346855050211,4.509527314494979,"ARIMA(0, 1, 0)",1995,2025,31,20260919T085500Z
FRA,France,ESA_REV,R04,Taxes on corporate income,auto.arima,2031,2.973131,0.8587085464072514,1.8726513449346942,4.0736106550653055,1.2900931625494578,4.656168837450542,"ARIMA(0, 1, 0)",1995,2025,31,20260919T085500Z
FRA,France,ESA_REV,R04,Taxes on corporate income,combination,2026,2.9830206591539694,0.32789880731393883,2.5628012868431767,3.403240031464762,2.3403508011757124,3.6256905171322265,mean of 4 + between-model variance,1995,2025,31,20260919T085500Z
FRA,France,ESA_REV,R04,Taxes on corporate income,combination,2027,3.0009401788737606,0.4097219883886017,2.4758601452103712,3.52602021253715,2.1978998316236833,3.803980526123838,mean of 4 + between-model variance,1995,2025,31,20260919T085500Z
FRA,France,ESA_REV,R04,Taxes on corporate income,combination,2028,3.0094974330724744,0.4655500008006377,2.412870898446416,3.606123967698533,2.0970361913032534,3.9219586748416955,mean of 4 + between-model variance,1995,2025,31,20260919T085500Z
FRA,France,ESA_REV,R04,Taxes on corporate income,combination,2029,3.0146664491532085,0.5054455857509791,2.3669116478428696,3.6624212504635474,2.0240112971223763,4.005321601184041,mean of 4 + between-model variance,1995,2025,31,20260919T085500Z
FRA,France,ESA_REV,R04,Taxes on corporate income,combination,2030,3.022615423498813,0.5609514106794872,2.3037270212396947,3.741503825757931,1.9231708528178026,4.122059994179823,mean of 4 + between-model variance,1995,2025,31,20260919T085500Z
FRA,France,ESA_REV,R04,Taxes on corporate income,combination,2031,3.0347540536479736,0.5990077995173421,2.267094410160925,3.802413697135022,1.8607203308747657,4.208787776421182,mean of 4 + between-model variance,1995,2025,31,20260919T085500Z
FRA,France,ESA_REV,R04,Taxes on corporate income,ets,2026,2.950825237676682,0.3754839729736265,2.469623001144385,3.432027474208979,2.214890168071401,3.686760307281963,"ETS(M,N,N)",1995,2025,31,20260919T085500Z
FRA,France,ESA_REV,R04,Taxes on corporate income,ets,2027,2.950825237676682,0.4737642030181879,2.343671775770317,3.557978699583047,2.0222644552723423,3.8793860200810215,"ETS(M,N,N)",1995,2025,31,20260919T085500Z
FRA,France,ESA_REV,R04,Taxes on corporate income,ets,2028,2.950825237676682,0.5357923944218362,2.2641794230205887,3.637471052332775,1.900691433136082,4.000959042217282,"ETS(M,N,N)",1995,2025,31,20260919T085500Z
FRA,France,ESA_REV,R04,Taxes on corporate income,ets,2029,2.950825237676682,0.5699334401536588,2.2204258975808804,3.6812245777724835,1.8337762125793562,4.067874262774008,"ETS(M,N,N)",1995,2025,31,20260919T085500Z
FRA,France,ESA_REV,R04,Taxes on corporate income,ets,2030,2.950825237676682,0.6585494753783532,2.1068598404066026,3.7947906349467613,1.6600919737162232,4.24155850163714,"ETS(M,N,N)",1995,2025,31,20260919T085500Z
FRA,France,ESA_REV,R04,Taxes on corporate income,ets,2031,2.950825237676682,0.6926534071799121,2.063153878398451,3.8384965969549127,1.5932494951267127,4.308400980226651,"ETS(M,N,N)",1995,2025,31,20260919T085500Z
FRA,France,ESA_REV,R04,Taxes on corporate income,prophet,2026,2.9964044989294445,0.2825696330629804,2.634276820538316,3.358532177320573,2.4425781906327932,3.5502308072260957,Prophet(linear trend),1995,2025,31,20260919T085500Z
FRA,France,ESA_REV,R04,Taxes on corporate income,prophet,2027,3.0199652194630273,0.2951005336120511,2.641778540411436,3.3981518985146186,2.4415787972026175,3.598351641723437,Prophet(linear trend),1995,2025,31,20260919T085500Z
FRA,France,ESA_REV,R04,Taxes on corporate income,prophet,2028,3.0435904899158803,0.30373841945752006,2.6543339109832567,3.432847068848504,2.4482741223622417,3.638906857469519,Prophet(linear trend),1995,2025,31,20260919T085500Z
FRA,France,ESA_REV,R04,Taxes on corporate income,prophet,2029,3.067151210449463,0.2911754815807924,2.6939946896786355,3.4403077312202908,2.4964577488684467,3.6378446720304796,Prophet(linear trend),1995,2025,31,20260919T085500Z
FRA,France,ESA_REV,R04,Taxes on corporate income,prophet,2030,3.090711930983046,0.29121916978211587,2.717499421510436,3.463924440455656,2.5199328421002107,3.661491019865881,Prophet(linear trend),1995,2025,31,20260919T085500Z
FRA,France,ESA_REV,R04,Taxes on corporate income,prophet,2031,3.114272651516629,0.28151030717302855,2.7535025543384197,3.475042748694838,2.5625225838285512,3.6660227192047063,Prophet(linear trend),1995,2025,31,20260919T085500Z
FRA,France,ESA_REV,R04,Taxes on corporate income,uc,2026,3.0117219000097495,0.2889469156976842,2.6414214023035507,3.3820223977159483,2.4453963473312537,3.5780474526882453,UC(local linear trend + damped cycle),1995,2025,31,20260919T085500Z
FRA,France,ESA_REV,R04,Taxes on corporate income,uc,2027,3.059839258355334,0.32352781680088427,2.6452215376785273,3.474456979032141,2.425736384427006,3.6939421322836625,UC(local linear trend + damped cycle),1995,2025,31,20260919T085500Z
FRA,France,ESA_REV,R04,Taxes on corporate income,uc,2028,3.070443004697335,0.3256854119413342,2.6530602136530943,3.4878257957415757,2.4321113219671497,3.7087746874275203,UC(local linear trend + damped cycle),1995,2025,31,20260919T085500Z
FRA,France,ESA_REV,R04,Taxes on corporate income,uc,2029,3.0675583484866884,0.3249142947216016,2.6511637842576303,3.4839529127157465,2.4307380277469592,3.7043786692264176,UC(local linear trend + damped cycle),1995,2025,31,20260919T085500Z
FRA,France,ESA_REV,R04,Taxes on corporate income,uc,2030,3.075793525335523,0.3249556473748669,2.6593459655309677,3.4922410851400785,2.4388921548840896,3.7126948957869566,UC(local linear trend + damped cycle),1995,2025,31,20260919T085500Z
FRA,France,ESA_REV,R04,Taxes on corporate income,uc,2031,3.100787325398583,0.3318797211338425,2.675466205020065,3.5261084457771013,2.4503150196462125,3.751259631150954,UC(local linear trend + damped cycle),1995,2025,31,20260919T085500Z
FRA,France,ESA_REV,R05,Other current taxes and capital taxes,auto.arima,2026,0.9776998148612299,0.10221711583244592,0.8467032656319272,1.1086963640905327,0.7773579476458059,1.178041682076654,"ARIMA(1, 0, 0)+drift",1995,2025,31,20260919T085500Z
FRA,France,ESA_REV,R05,Other current taxes and capital taxes,auto.arima,2027,1.00376279752763,0.13956573850224221,0.8249020462186045,1.1826235488366554,0.7302189744298213,1.2773066206254386,"ARIMA(1, 0, 0)+drift",1995,2025,31,20260919T085500Z
FRA,France,ESA_REV,R05,Other current taxes and capital taxes,auto.arima,2028,1.0279926370622032,0.165176379854198,0.8163105171072961,1.2396747570171103,0.7042528788976499,1.3517323952267566,"ARIMA(1, 0, 0)+drift",1995,2025,31,20260919T085500Z
FRA,France,ESA_REV,R05,Other current taxes and capital taxes,auto.arima,2029,1.0505182678154334,0.18446844322038697,0.8141123654694601,1.2869241701614067,0.688966759967431,1.412069775663436,"ARIMA(1, 0, 0)+drift",1995,2025,31,20260919T085500Z
FRA,France,ESA_REV,R05,Other current taxes and capital taxes,auto.arima,2030,1.0714595555242052,0.19964586968760806,0.8156029919343117,1.3273161191140987,0.6801608381878022,1.4627582728606083,"ARIMA(1, 0, 0)+drift",1995,2025,31,20260919T085500Z
FRA,France,ESA_REV,R05,Other current taxes and capital taxes,auto.arima,2031,1.090927935153871,0.21188933843001123,0.8193807297102133,1.3624751405975286,0.6756324598472325,1.5062234104605094,"ARIMA(1, 0, 0)+drift",1995,2025,31,20260919T085500Z
FRA,France,ESA_REV,R05,Other current taxes and capital taxes,combination,2026,1.0394548942783142,0.24658788406238505,0.7234396982823965,1.3554700902742318,0.5561515186798658,1.5227582698767625,mean of 4 + between-model variance,1995,2025,31,20260919T085500Z
FRA,France,ESA_REV,R05,Other current taxes and capital taxes,combination,2027,1.0288374645048475,0.2712371009267298,0.6812330153379951,1.3764419136716999,0.49722251122409045,1.5604524177856045,mean of 4 + between-model variance,1995,2025,31,20260919T085500Z
FRA,France,ESA_REV,R05,Other current taxes and capital taxes,combination,2028,1.0175679461453413,0.2999734289886102,0.63313639827813,1.4019994940125526,0.4296308243711089,1.6055050679195737,mean of 4 + between-model variance,1995,2025,31,20260919T085500Z
FRA,France,ESA_REV,R05,Other current taxes and capital taxes,combination,2029,1.0059810207527198,0.33465947927948225,0.5770974957631407,1.4348645457422988,0.3500604891061886,1.661901552399251,mean of 4 + between-model variance,1995,2025,31,20260919T085500Z
FRA,France,ESA_REV,R05,Other current taxes and capital taxes,combination,2030,0.9939416382476471,0.3716278398807229,0.517681236792827,1.4702020397024673,0.26556445068366596,1.7223188258116284,mean of 4 + between-model variance,1995,2025,31,20260919T085500Z
FRA,France,ESA_REV,R05,Other current taxes and capital taxes,combination,2031,0.9815647814340307,0.4151193365214093,0.4495677654763456,1.513561797391716,0.1679458261481832,1.7951837367198782,mean of 4 + between-model variance,1995,2025,31,20260919T085500Z
FRA,France,ESA_REV,R05,Other current taxes and capital taxes,ets,2026,0.9496670376031506,0.06404064955404408,0.8675956150858664,1.031738460120435,0.8241496699406081,1.0751844052656931,"ETS(M,N,N)",1995,2025,31,20260919T085500Z
FRA,France,ESA_REV,R05,Other current taxes and capital taxes,ets,2027,0.9496670376031506,0.09266492158298549,0.8309121220186324,1.0684219531876689,0.7680471272376761,1.1312869479686252,"ETS(M,N,N)",1995,2025,31,20260919T085500Z
FRA,France,ESA_REV,R05,Other current taxes and capital taxes,ets,2028,0.9496670376031506,0.11291775389361093,0.8049570642652858,1.0943770109410156,0.7283523050108134,1.1709817701954879,"ETS(M,N,N)",1995,2025,31,20260919T085500Z
FRA,France,ESA_REV,R05,Other current taxes and capital taxes,ets,2029,0.9496670376031506,0.12871337308707825,0.7847141568966594,1.114619918309642,0.6973934600339085,1.2019406151723928,"ETS(M,N,N)",1995,2025,31,20260919T085500Z
FRA,France,ESA_REV,R05,Other current taxes and capital taxes,ets,2030,0.9496670376031506,0.13937609666456402,0.7710493221704853,1.128284753035816,0.6764949056800851,1.2228391695262162,"ETS(M,N,N)",1995,2025,31,20260919T085500Z
FRA,France,ESA_REV,R05,Other current taxes and capital taxes,ets,2031,0.9496670376031506,0.15614980201801673,0.7495529465273573,1.149781128678944,0.6436190470407105,1.2557150281655907,"ETS(M,N,N)",1995,2025,31,20260919T085500Z
FRA,France,ESA_REV,R05,Other current taxes and capital taxes,prophet,2026,1.3426321655968019,0.22379376578687898,1.0558288174650956,1.6294355137285081,0.9040044412300874,1.7812598899635164,Prophet(linear trend),1995,2025,31,20260919T085500Z
FRA,France,ESA_REV,R05,Other current taxes and capital taxes,prophet,2027,1.3345715153683726,0.2290343914967877,1.0410520328768813,1.6280909978598639,0.8856723532727626,1.7834706774639826,Prophet(linear trend),1995,2025,31,20260919T085500Z
FRA,France,ESA_REV,R05,Other current taxes and capital taxes,prophet,2028,1.3264887811667145,0.22510005380167672,1.0380113570170681,1.614966205316361,0.8853007793173651,1.767676783016064,Prophet(linear trend),1995,2025,31,20260919T085500Z
FRA,France,ESA_REV,R05,Other current taxes and capital taxes,prophet,2029,1.3184281309382853,0.22788614858354236,1.0263801814487494,1.610476080427821,0.8717794836158912,1.7650767782606793,Prophet(linear trend),1995,2025,31,20260919T085500Z
FRA,France,ESA_REV,R05,Other current taxes and capital taxes,prophet,2030,1.310367480709856,0.2201062914676604,1.0282898226668928,1.5924451387528191,0.8789670732597344,1.7417678881599774,Prophet(linear trend),1995,2025,31,20260919T085500Z
FRA,France,ESA_REV,R05,Other current taxes and capital taxes,prophet,2031,1.3023068304814267,0.22789801765870799,1.0102436701548743,1.5943699908079791,0.8556349201989948,1.7489787407638586,Prophet(linear trend),1995,2025,31,20260919T085500Z
FRA,France,ESA_REV,R05,Other current taxes and capital taxes,uc,2026,0.8878205590520746,0.09768575684800143,0.7626311819920046,1.0130099361121445,0.6963599923172383,1.0792811257869108,UC(local linear trend + damped cycle),1995,2025,31,20260919T085500Z
FRA,France,ESA_REV,R05,Other current taxes and capital taxes,uc,2027,0.8273485075202365,0.16062082901648875,0.6215045628524973,1.0331924521879756,0.5125374649977631,1.14215955004271,UC(local linear trend + damped cycle),1995,2025,31,20260919T085500Z
FRA,France,ESA_REV,R05,Other current taxes and capital taxes,uc,2028,0.7661233287492968,0.22671192127901252,0.47558021261033573,1.056666444888258,0.3217761246715983,1.2104705328269953,UC(local linear trend + damped cycle),1995,2025,31,20260919T085500Z
FRA,France,ESA_REV,R05,Other current taxes and capital taxes,uc,2029,0.7053106466540106,0.29645533190885864,0.3253877231355489,1.0852335701724722,0.12426886850459629,1.2863524248034248,UC(local linear trend + damped cycle),1995,2025,31,20260919T085500Z
FRA,France,ESA_REV,R05,Other current taxes and capital taxes,uc,2030,0.6442724791533763,0.3708736350855641,0.1689786303622014,1.1195663279445511,-0.08262649416346624,1.3711714524702188,UC(local linear trend + damped cycle),1995,2025,31,20260919T085500Z
FRA,France,ESA_REV,R05,Other current taxes and capital taxes,uc,2031,0.5833573224976742,0.4496469187880588,0.0071114144309999405,1.1596032305643487,-0.29793445103784466,1.464649096033193,UC(local linear trend + damped cycle),1995,2025,31,20260919T085500Z
FRA,France,ESA_REV,R06,Net social contributions,auto.arima,2026,16.809962836383004,0.5056920275420331,16.161892207102458,17.45803346566355,15.81882466731361,17.8011010054524,"ARIMA(1, 0, 0)+drift",1995,2025,31,20260919T085500Z
FRA,France,ESA_REV,R06,Net social contributions,auto.arima,2027,16.93230002057242,0.6808156620368462,16.059799347257776,17.804800693887064,15.597925832344036,18.266674208800804,"ARIMA(1, 0, 0)+drift",1995,2025,31,20260919T085500Z
FRA,France,ESA_REV,R06,Net social contributions,auto.arima,2028,17.04257577381357,0.7952002189692552,16.023485342793084,18.061666204834058,15.484011971841714,18.601139575785428,"ARIMA(1, 0, 0)+drift",1995,2025,31,20260919T085500Z
FRA,France,ESA_REV,R06,Net social contributions,auto.arima,2029,17.14197925308668,0.8772267540460059,16.017767551985514,18.26619095418785,15.422646395319656,18.861312110853707,"ARIMA(1, 0, 0)+drift",1995,2025,31,20260919T085500Z
FRA,France,ESA_REV,R06,Net social contributions,auto.arima,2030,17.231582374363864,0.9386124586280417,16.02870170078418,18.43446304794355,15.391935745501414,19.071229003226314,"ARIMA(1, 0, 0)+drift",1995,2025,31,20260919T085500Z
FRA,France,ESA_REV,R06,Net social contributions,auto.arima,2031,17.312351371599412,0.9856794869176647,16.049151853781105,18.57555088941772,15.380455061702317,19.244247681496507,"ARIMA(1, 0, 0)+drift",1995,2025,31,20260919T085500Z
FRA,France,ESA_REV,R06,Net social contributions,combination,2026,16.78742128484774,0.6064717770224239,16.010196166061096,17.56464640363438,15.59875843486776,17.976084134827715,mean of 4 + between-model variance,1995,2025,31,20260919T085500Z
FRA,France,ESA_REV,R06,Net social contributions,combination,2027,16.824282879348385,0.7255356813096332,15.894471175894662,17.754094582802107,15.40225906326603,18.24630669543074,mean of 4 + between-model variance,1995,2025,31,20260919T085500Z
FRA,France,ESA_REV,R06,Net social contributions,combination,2028,16.858086040274756,0.9260169044889117,15.671347224293182,18.04482485625633,15.04312624408505,18.67304583646446,mean of 4 + between-model variance,1995,2025,31,20260919T085500Z
FRA,France,ESA_REV,R06,Net social contributions,combination,2029,16.889214354214708,1.142478029031198,15.425069351153718,18.3533593572757,14.649998546522605,19.128430161906813,mean of 4 + between-model variance,1995,2025,31,20260919T085500Z
FRA,France,ESA_REV,R06,Net social contributions,combination,2030,16.917892503896308,1.3779949994704723,15.151920256334925,18.68386475145769,14.217071912754163,19.61871309503845,mean of 4 + between-model variance,1995,2025,31,20260919T085500Z
FRA,France,ESA_REV,R06,Net social contributions,combination,2031,16.94436216982572,1.6211643210432556,14.866755791864094,19.021968547787345,13.766938462496496,20.12178587715494,mean of 4 + between-model variance,1995,2025,31,20260919T085500Z
FRA,France,ESA_REV,R06,Net social contributions,ets,2026,16.674225247255652,0.4498679597578948,16.097696063692002,17.250754430819303,15.792500241376729,17.555950253134576,"ETS(M,N,N)",1995,2025,31,20260919T085500Z
FRA,France,ESA_REV,R06,Net social contributions,ets,2027,16.674225247255652,0.5960935497346298,15.910300366406139,17.438150128105168,15.50590334914357,17.842547145367735,"ETS(M,N,N)",1995,2025,31,20260919T085500Z
FRA,France,ESA_REV,R06,Net social contributions,ets,2028,16.674225247255652,0.7664415549099893,15.691990539677645,17.656459954833657,15.17202739152805,18.176423102983254,"ETS(M,N,N)",1995,2025,31,20260919T085500Z
FRA,France,ESA_REV,R06,Net social contributions,ets,2029,16.674225247255652,0.9111496509913851,15.506539589728341,17.841910904782964,14.888404732699973,18.46004576181133,"ETS(M,N,N)",1995,2025,31,20260919T085500Z
FRA,France,ESA_REV,R06,Net social contributions,ets,2030,16.674225247255652,1.0302592561702912,15.353894436992103,17.9945560575192,14.654954194495105,18.6934963000162,"ETS(M,N,N)",1995,2025,31,20260919T085500Z
FRA,France,ESA_REV,R06,Net social contributions,ets,2031,16.674225247255652,1.1028204632770775,15.260903476901987,18.087547017609317,14.512736840769257,18.835713653742047,"ETS(M,N,N)",1995,2025,31,20260919T085500Z
FRA,France,ESA_REV,R06,Net social contributions,prophet,2026,16.903101725079257,0.8842408287181348,15.769901122553874,18.03630232760464,15.170021533461547,18.636181916696966,Prophet(linear trend),1995,2025,31,20260919T085500Z
FRA,France,ESA_REV,R06,Net social contributions,prophet,2027,16.840061994745827,0.7692554903911433,15.854221082524077,17.825902906967578,15.332348926776842,18.347775062714813,Prophet(linear trend),1995,2025,31,20260919T085500Z
FRA,France,ESA_REV,R06,Net social contributions,prophet,2028,16.776849552822437,0.7966034407465961,15.755960820126756,17.79773828551812,15.215535486682976,18.3381636189619,Prophet(linear trend),1995,2025,31,20260919T085500Z
FRA,France,ESA_REV,R06,Net social contributions,prophet,2029,16.713809822489008,0.8044056108048264,15.682922203150861,17.744697441827157,15.137203783913538,18.290415861064478,Prophet(linear trend),1995,2025,31,20260919T085500Z
FRA,France,ESA_REV,R06,Net social contributions,prophet,2030,16.650770092155575,0.8122754079429758,15.609796918555439,17.69174326575571,15.058739534502028,18.242800649809123,Prophet(linear trend),1995,2025,31,20260919T085500Z
FRA,France,ESA_REV,R06,Net social contributions,prophet,2031,16.587730361822146,0.7670545952744072,15.604710011139039,17.57075071250525,15.084330969049738,18.091129754594554,Prophet(linear trend),1995,2025,31,20260919T085500Z
FRA,France,ESA_REV,R06,Net social contributions,uc,2026,16.762395330673044,0.44136716920073793,16.1967603522495,17.32803030909659,15.89733156825769,17.6274590930884,UC(local linear trend + damped cycle),1995,2025,31,20260919T085500Z
FRA,France,ESA_REV,R06,Net social contributions,uc,2027,16.850544254819635,0.8050994282971742,15.818767472286535,17.882321037352735,15.272578358936592,18.428510150702678,UC(local linear trend + damped cycle),1995,2025,31,20260919T085500Z
FRA,France,ESA_REV,R06,Net social contributions,uc,2028,16.93869358720737,1.2115108530687764,15.386079430435375,18.49130774397937,14.56417592958328,19.313211244831464,UC(local linear trend + damped cycle),1995,2025,31,20260919T085500Z
FRA,France,ESA_REV,R06,Net social contributions,uc,2029,17.02684309402749,1.6616689088841896,14.89732798050914,19.156358207545843,13.7700318526952,20.283654335359785,UC(local linear trend + damped cycle),1995,2025,31,20260919T085500Z
FRA,France,ESA_REV,R06,Net social contributions,uc,2030,17.114992301810144,2.153127573287545,14.355647354008344,19.874337249611944,12.894939770759194,21.335044832861094,UC(local linear trend + damped cycle),1995,2025,31,20260919T085500Z
FRA,France,ESA_REV,R06,Net social contributions,uc,2031,17.203141698625668,2.683248238968096,13.764419551479627,20.64186384577171,11.944071747184804,22.462211650066532,UC(local linear trend + damped cycle),1995,2025,31,20260919T085500Z
FRA,France,ESA_REV,R06_E,Employers' actual social contributions,auto.arima,2026,10.193257,0.2451604651733504,9.879071115536162,10.507442884463837,9.712751314036979,10.67376268596302,"ARIMA(0, 1, 0)",1975,2025,51,20260919T085500Z
FRA,France,ESA_REV,R06_E,Employers' actual social contributions,auto.arima,2027,10.193257,0.34670925493529975,9.748931060919157,10.637582939080842,9.51371934185999,10.872794658140009,"ARIMA(0, 1, 0)",1975,2025,51,20260919T085500Z
FRA,France,ESA_REV,R06_E,Employers' actual social contributions,auto.arima,2028,10.193257,0.42463038189885527,9.649071084816757,10.737442915183241,9.360996738171991,11.025517261828007,"ARIMA(0, 1, 0)",1975,2025,51,20260919T085500Z
FRA,France,ESA_REV,R06_E,Employers' actual social contributions,auto.arima,2029,10.193257,0.490320930621308,9.564885230720401,10.821628769279597,9.232245627535738,11.15426837246426,"ARIMA(0, 1, 0)",1975,2025,51,20260919T085500Z
FRA,France,ESA_REV,R06_E,Employers' actual social contributions,auto.arima,2030,10.193257,0.5481954658505693,9.49071600434827,10.895797995651728,9.118813621969654,11.267700378030344,"ARIMA(0, 1, 0)",1975,2025,51,20260919T085500Z
FRA,France,ESA_REV,R06_E,Employers' actual social contributions,auto.arima,2031,10.193257,0.6005180451517673,9.423661898199661,10.962852101800337,9.01626325015216,11.370250749847838,"ARIMA(0, 1, 0)",1975,2025,51,20260919T085500Z
FRA,France,ESA_REV,R06_E,Employers' actual social contributions,combination,2026,10.180085400919218,0.264368796653201,9.841283040830715,10.51888776100772,9.661932076755622,10.698238725082813,mean of 4 + between-model variance,1975,2025,51,20260919T085500Z
FRA,France,ESA_REV,R06_E,Employers' actual social contributions,combination,2027,10.1609692216277,0.3398492655327606,9.72543471568566,10.596503727569742,9.494876895757049,10.827061547498353,mean of 4 + between-model variance,1975,2025,51,20260919T085500Z
FRA,France,ESA_REV,R06_E,Employers' actual social contributions,combination,2028,10.141814558657828,0.40773426270515056,9.619281898819516,10.66434721849614,9.34267008218919,10.940959035126465,mean of 4 + between-model variance,1975,2025,51,20260919T085500Z
FRA,France,ESA_REV,R06_E,Employers' actual social contributions,combination,2029,10.122698378581111,0.46495592448037354,9.526833183651439,10.718563573510783,9.21140150501286,11.033995252149362,mean of 4 + between-model variance,1975,2025,51,20260919T085500Z
FRA,France,ESA_REV,R06_E,Employers' actual social contributions,combination,2030,10.10358219897277,0.5165463783434489,9.441601154713966,10.765563243231574,9.09116989308923,11.11599450485631,mean of 4 + between-model variance,1975,2025,51,20260919T085500Z
FRA,France,ESA_REV,R06_E,Employers' actual social contributions,combination,2031,10.084466019404875,0.5609787597158032,9.365542567933568,10.803389470876182,8.98496784559725,11.1839641932125,mean of 4 + between-model variance,1975,2025,51,20260919T085500Z
FRA,France,ESA_REV,R06_E,Employers' actual social contributions,ets,2026,10.19323950767393,0.22081108934842805,9.910258614497273,10.476220400850586,9.760457721750228,10.626021293597631,"ETS(M,N,N)",1975,2025,51,20260919T085500Z
FRA,France,ESA_REV,R06_E,Employers' actual social contributions,ets,2027,10.19323950767393,0.31263207994135106,9.792585240360932,10.593893774986928,9.58049188574376,10.8059871296041,"ETS(M,N,N)",1975,2025,51,20260919T085500Z
FRA,France,ESA_REV,R06_E,Employers' actual social contributions,ets,2028,10.19323950767393,0.3918245168028841,9.69109601451616,10.695383000831699,9.425277560422881,10.961201454924979,"ETS(M,N,N)",1975,2025,51,20260919T085500Z
FRA,France,ESA_REV,R06_E,Employers' actual social contributions,ets,2029,10.19323950767393,0.45755474081288805,9.606859314475692,10.779619700872168,9.296448687651338,11.090030327696521,"ETS(M,N,N)",1975,2025,51,20260919T085500Z
FRA,France,ESA_REV,R06_E,Employers' actual social contributions,ets,2030,10.19323950767393,0.4976748684640255,9.55544328464412,10.83103573070374,9.217814681779704,11.168664333568156,"ETS(M,N,N)",1975,2025,51,20260919T085500Z
FRA,France,ESA_REV,R06_E,Employers' actual social contributions,ets,2031,10.19323950767393,0.5272118291028892,9.517590133663465,10.868888881684395,9.159923302258115,11.226555713089745,"ETS(M,N,N)",1975,2025,51,20260919T085500Z
FRA,France,ESA_REV,R06_E,Employers' actual social contributions,prophet,2026,10.160866552907907,0.3299973232374466,9.737957823318311,10.583775282497502,9.514083679266147,10.807649426549666,Prophet(linear trend),1975,2025,51,20260919T085500Z
FRA,France,ESA_REV,R06_E,Employers' actual social contributions,prophet,2027,10.104680282496034,0.3340802442911297,9.676539077264248,10.53282148772782,9.449895030574215,10.759465534417853,Prophet(linear trend),1975,2025,51,20260919T085500Z
FRA,France,ESA_REV,R06_E,Employers' actual social contributions,prophet,2028,10.048340077096732,0.3443363005691683,9.607055202429713,10.489624951763751,9.373453324087983,10.723226830105482,Prophet(linear trend),1975,2025,51,20260919T085500Z
FRA,France,ESA_REV,R06_E,Employers' actual social contributions,prophet,2029,9.992153806684861,0.33568654035285417,9.56195404952258,10.422353563847143,9.33422027230872,10.650087341061003,Prophet(linear trend),1975,2025,51,20260919T085500Z
FRA,France,ESA_REV,R06_E,Employers' actual social contributions,prophet,2030,9.93596753627299,0.3427092382653694,9.49676782655553,10.37516724599045,9.264269766805445,10.607665305740536,Prophet(linear trend),1975,2025,51,20260919T085500Z
FRA,France,ESA_REV,R06_E,Employers' actual social contributions,prophet,2031,9.879781265861117,0.33088332947840216,9.455737073201412,10.303825458520823,9.23126185188331,10.528300679838924,Prophet(linear trend),1975,2025,51,20260919T085500Z
FRA,France,ESA_REV,R06_E,Employers' actual social contributions,uc,2026,10.172978543095038,0.2465403839329662,9.857024220984977,10.488932865205099,9.689768266040245,10.656188820149831,UC(local linear trend + damped cycle),1975,2025,51,20260919T085500Z
FRA,France,ESA_REV,R06_E,Employers' actual social contributions,uc,2027,10.15270009634084,0.3540340358125058,9.698987069677251,10.60641312300443,9.458806131373619,10.846594061308062,UC(local linear trend + damped cycle),1975,2025,51,20260919T085500Z
FRA,France,ESA_REV,R06_E,Employers' actual social contributions,uc,2028,10.13242164986065,0.44018398508353707,9.568302983408872,10.696540316312428,9.26967688572038,10.99516641400092,UC(local linear trend + damped cycle),1975,2025,51,20260919T085500Z
FRA,France,ESA_REV,R06_E,Employers' actual social contributions,uc,2029,10.112143199965654,0.5158835284777255,9.451011632277968,10.77327476765334,9.101030055956338,11.12325634397497,UC(local linear trend + damped cycle),1975,2025,51,20260919T085500Z
FRA,France,ESA_REV,R06_E,Employers' actual social contributions,uc,2030,10.091864751944165,0.5852775776505649,9.341801101750928,10.841928402137402,8.944741769741853,11.238987734146477,UC(local linear trend + damped cycle),1975,2025,51,20260919T085500Z
FRA,France,ESA_REV,R06_E,Employers' actual social contributions,uc,2031,10.071586304084452,0.6504553401820931,9.23799396196341,10.905178646205494,8.796717253719796,11.346455354449107,UC(local linear trend + damped cycle),1975,2025,51,20260919T085500Z
FRA,France,ESA_REV,R06_H,Households' actual social contributions,auto.arima,2026,4.767305481123959,0.33533345735333675,4.337558218185875,5.197052744062042,4.1100639767158835,5.424546985532034,"ARIMA(1, 0, 1)+drift",1975,2025,51,20260919T085500Z
FRA,France,ESA_REV,R06_H,Households' actual social contributions,auto.arima,2027,4.810972425060008,0.5141514463520725,4.152060610684617,5.469884239435399,3.8032540996620146,5.818690750458002,"ARIMA(1, 0, 1)+drift",1975,2025,51,20260919T085500Z
FRA,France,ESA_REV,R06_H,Households' actual social contributions,auto.arima,2028,4.850515141070554,0.6236314642555009,4.051298990790988,5.64973129135012,3.6282199218624855,6.0728103602786225,"ARIMA(1, 0, 1)+drift",1975,2025,51,20260919T085500Z
FRA,France,ESA_REV,R06_H,Households' actual social contributions,auto.arima,2029,4.886323151628394,0.7007583555230428,3.988264879591128,5.7843814236656605,3.512862002104029,6.259784301152759,"ARIMA(1, 0, 1)+drift",1975,2025,51,20260919T085500Z
FRA,France,ESA_REV,R06_H,Households' actual social contributions,auto.arima,2030,4.918749189833976,0.758171920955458,3.947112448189667,5.890385931478285,3.4327595189504327,6.4047388607175195,"ARIMA(1, 0, 1)+drift",1975,2025,51,20260919T085500Z
FRA,France,ESA_REV,R06_H,Households' actual social contributions,auto.arima,2031,4.948112674074784,0.8021919735045356,3.920061946046099,5.976163402103468,3.37584528491694,6.520380063232627,"ARIMA(1, 0, 1)+drift",1975,2025,51,20260919T085500Z
FRA,France,ESA_REV,R06_H,Households' actual social contributions,combination,2026,4.8263706405611275,0.5051032222477537,4.179054595883074,5.473686685239181,3.836386508671531,5.816354772450724,mean of 4 + between-model variance,1975,2025,51,20260919T085500Z
FRA,France,ESA_REV,R06_H,Households' actual social contributions,combination,2027,4.827974974632076,0.5922175880032147,4.06901734029138,5.586932608972772,3.667249821978943,5.988700127285208,mean of 4 + between-model variance,1975,2025,51,20260919T085500Z
FRA,France,ESA_REV,R06_H,Households' actual social contributions,combination,2028,4.805505832693994,0.6718957769562544,3.9444364559441523,5.6665752094438355,3.4886142981077057,6.122397367280282,mean of 4 + between-model variance,1975,2025,51,20260919T085500Z
FRA,France,ESA_REV,R06_H,Households' actual social contributions,combination,2029,4.815448271317685,0.7297577934107286,3.880225711656579,5.750670830978791,3.3851492675132198,6.24574727512215,mean of 4 + between-model variance,1975,2025,51,20260919T085500Z
FRA,France,ESA_REV,R06_H,Households' actual social contributions,combination,2030,4.826348882835273,0.8173580763770543,3.778862005338106,5.873835760332439,3.224356478026996,6.4283412876435495,mean of 4 + between-model variance,1975,2025,51,20260919T085500Z
FRA,France,ESA_REV,R06_H,Households' actual social contributions,combination,2031,4.803626414814056,0.8993445052540783,3.651069665416682,5.956183164211431,3.040943560918252,6.566309268709861,mean of 4 + between-model variance,1975,2025,51,20260919T085500Z
FRA,France,ESA_REV,R06_H,Households' actual social contributions,ets,2026,4.729217734840009,0.2359078704077359,4.4268895317032335,5.031545937976784,4.266846801524181,5.191588668155836,"ETS(M,Ad,N)",1975,2025,51,20260919T085500Z
FRA,France,ESA_REV,R06_H,Households' actual social contributions,ets,2027,4.729526427611462,0.3354305241779031,4.299654768490222,5.159398086732701,4.072094675721642,5.386958179501281,"ETS(M,Ad,N)",1975,2025,51,20260919T085500Z
FRA,France,ESA_REV,R06_H,Households' actual social contributions,ets,2028,4.729795370742533,0.4034119911049073,4.212801926718057,5.246788814767009,3.9391223910085946,5.520468350476471,"ETS(M,Ad,N)",1975,2025,51,20260919T085500Z
FRA,France,ESA_REV,R06_H,Households' actual social contributions,ets,2029,4.730029682700698,0.4581305955962042,4.142911501653191,5.317147863748205,3.832110208033579,5.627949157367817,"ETS(M,Ad,N)",1975,2025,51,20260919T085500Z
FRA,France,ESA_REV,R06_H,Households' actual social contributions,ets,2030,4.730233822860443,0.5119813089731363,4.0741031523833025,5.386364493337584,3.726768888600219,5.733698757120667,"ETS(M,Ad,N)",1975,2025,51,20260919T085500Z
FRA,France,ESA_REV,R06_H,Households' actual social contributions,ets,2031,4.730411676373115,0.5843093871981507,3.9815888125905508,5.479234540155679,3.5851863126026786,5.875637040143552,"ETS(M,Ad,N)",1975,2025,51,20260919T085500Z
FRA,France,ESA_REV,R06_H,Households' actual social contributions,prophet,2026,5.014202850261899,0.8240621910624648,3.9581243011814156,6.070281399342383,3.399070622018346,6.629335078505452,Prophet(linear trend),1975,2025,51,20260919T085500Z
FRA,France,ESA_REV,R06_H,Households' actual social contributions,prophet,2027,4.992432208345544,0.8451343750589566,3.909348559719988,6.0755158569711005,3.3359992580674915,6.648865158623597,Prophet(linear trend),1975,2025,51,20260919T085500Z
FRA,France,ESA_REV,R06_H,Households' actual social contributions,prophet,2028,4.9706019208348975,0.8503276611279267,3.8808628060610806,6.060341035608714,3.303990316819962,6.637213524849833,Prophet(linear trend),1975,2025,51,20260919T085500Z
FRA,France,ESA_REV,R06_H,Households' actual social contributions,prophet,2029,4.948831278918543,0.8048659879305722,3.917353662354142,5.980308895482944,3.3713229177501867,6.526339640086899,Prophet(linear trend),1975,2025,51,20260919T085500Z
FRA,France,ESA_REV,R06_H,Households' actual social contributions,prophet,2030,4.927060637002188,0.8561570131866192,3.8298509044388496,6.024270369565526,3.249023712808889,6.605097561195487,Prophet(linear trend),1975,2025,51,20260919T085500Z
FRA,France,ESA_REV,R06_H,Households' actual social contributions,prophet,2031,4.905289995085833,0.8412146204753466,3.8272297157864115,5.983350274385255,3.256539622680491,6.554040367491176,Prophet(linear trend),1975,2025,51,20260919T085500Z
FRA,France,ESA_REV,R06_H,Households' actual social contributions,uc,2026,4.794756496018643,0.3282181445927376,4.37412787637953,5.215385115657755,4.1514607484700825,5.438052243567203,UC(local linear trend + damped cycle),1975,2025,51,20260919T085500Z
FRA,France,ESA_REV,R06_H,Households' actual social contributions,uc,2027,4.778968837511289,0.5091141779477556,4.126512544533987,5.4314251304885905,3.7811233768440937,5.776814298178484,UC(local linear trend + damped cycle),1975,2025,51,20260919T085500Z
FRA,France,ESA_REV,R06_H,Households' actual social contributions,uc,2028,4.671110898127994,0.6784484749162074,3.8016438982021783,5.540577898053809,3.3413763114373243,6.000845484818663,UC(local linear trend + damped cycle),1975,2025,51,20260919T085500Z
FRA,France,ESA_REV,R06_H,Households' actual social contributions,uc,2029,4.696608972023103,0.8499721885090303,3.607325413894978,5.785892530151228,3.03069408154419,6.362523862502016,UC(local linear trend + damped cycle),1975,2025,51,20260919T085500Z
FRA,France,ESA_REV,R06_H,Households' actual social contributions,uc,2030,4.729351881644483,1.0259497795589323,3.414543889751174,6.044159873537792,2.71852724790104,6.740176515387926,UC(local linear trend + damped cycle),1975,2025,51,20260919T085500Z
FRA,France,ESA_REV,R06_H,Households' actual social contributions,uc,2031,4.630691313722496,1.205849251269497,3.0853327940595694,6.176049833385422,2.2672701918073273,6.994112435637664,UC(local linear trend + damped cycle),1975,2025,51,20260919T085500Z
FRA,France,ESA_REV,R06_X,Imputed and supplementary social contributions (D.612 + D.614 - D.61SC),auto.arima,2026,1.7615875598580333,0.04955453771049676,1.6980808429460708,1.8250942767699958,1.6644624499088172,1.8587126698072494,"ARIMA(1, 0, 0)+drift",1995,2025,31,20260919T085500Z
FRA,France,ESA_REV,R06_X,Imputed and supplementary social contributions (D.612 + D.614 - D.61SC),auto.arima,2027,1.7693286544346063,0.06402145494419809,1.6872818308079593,1.8513754780612532,1.643848907516356,1.8948084013528566,"ARIMA(1, 0, 0)+drift",1995,2025,31,20260919T085500Z
FRA,France,ESA_REV,R06_X,Imputed and supplementary social contributions (D.612 + D.614 - D.61SC),auto.arima,2028,1.7756607901364352,0.07209821762847159,1.683263175138232,1.8680584051346383,1.6343508791204655,1.9169707011524049,"ARIMA(1, 0, 0)+drift",1995,2025,31,20260919T085500Z
FRA,France,ESA_REV,R06_X,Imputed and supplementary social contributions (D.612 + D.614 - D.61SC),auto.arima,2029,1.7808404119779921,0.07703099124246676,1.6821211910892264,1.8795596328667579,1.629862442258442,1.9318183816975423,"ARIMA(1, 0, 0)+drift",1995,2025,31,20260919T085500Z
FRA,France,ESA_REV,R06_X,Imputed and supplementary social contributions (D.612 + D.614 - D.61SC),auto.arima,2030,1.7850772893420994,0.08016222703579817,1.6823452269599182,1.8878093517242807,1.6279622101921083,1.9421923684920905,"ARIMA(1, 0, 0)+drift",1995,2025,31,20260919T085500Z
FRA,France,ESA_REV,R06_X,Imputed and supplementary social contributions (D.612 + D.614 - D.61SC),auto.arima,2031,1.7885430114252174,0.08219077340389616,1.6832112613879076,1.8938747614625273,1.6274520544214235,1.9496339684290114,"ARIMA(1, 0, 0)+drift",1995,2025,31,20260919T085500Z
FRA,France,ESA_REV,R06_X,Imputed and supplementary social contributions (D.612 + D.614 - D.61SC),combination,2026,1.7513974658040063,0.05286457796944736,1.6836487601781052,1.8191461714299075,1.6477847961086964,1.8550101354993163,mean of 4 + between-model variance,1995,2025,31,20260919T085500Z
FRA,France,ESA_REV,R06_X,Imputed and supplementary social contributions (D.612 + D.614 - D.61SC),combination,2027,1.7493821554803806,0.0682369126168421,1.6619330036424413,1.8368313073183198,1.6156402632802243,1.8831240476805369,mean of 4 + between-model variance,1995,2025,31,20260919T085500Z
FRA,France,ESA_REV,R06_X,Imputed and supplementary social contributions (D.612 + D.614 - D.61SC),combination,2028,1.7470047722622706,0.08140086790747679,1.6426853271937079,1.8513242173308333,1.5874620015948606,1.9065475429296805,mean of 4 + between-model variance,1995,2025,31,20260919T085500Z
FRA,France,ESA_REV,R06_X,Imputed and supplementary social contributions (D.612 + D.614 - D.61SC),combination,2029,1.7443490939386344,0.0930103508170785,1.6251514928283057,1.863546695048963,1.5620521547097899,1.9266460331674788,mean of 4 + between-model variance,1995,2025,31,20260919T085500Z
FRA,France,ESA_REV,R06_X,Imputed and supplementary social contributions (D.612 + D.614 - D.61SC),combination,2030,1.7414577294302536,0.104083919723739,1.6080687739404564,1.8748466849200507,1.5374569937928353,1.9454584650676718,mean of 4 + between-model variance,1995,2025,31,20260919T085500Z
FRA,France,ESA_REV,R06_X,Imputed and supplementary social contributions (D.612 + D.614 - D.61SC),combination,2031,1.7383735761283332,0.11374877716453428,1.59259860325557,1.8841485490010965,1.515430067841824,1.9613170844148424,mean of 4 + between-model variance,1995,2025,31,20260919T085500Z
FRA,France,ESA_REV,R06_X,Imputed and supplementary social contributions (D.612 + D.614 - D.61SC),ets,2026,1.7516040365742245,0.05119340918802508,1.6859970206424926,1.8172110525059564,1.651266797528426,1.8519412756200229,"ETS(A,N,N)",1995,2025,31,20260919T085500Z
FRA,France,ESA_REV,R06_X,Imputed and supplementary social contributions (D.612 + D.614 - D.61SC),ets,2027,1.7516040365742245,0.0703079722665184,1.6615007141001232,1.8417073590483257,1.61380294201885,1.889405131129599,"ETS(A,N,N)",1995,2025,31,20260919T085500Z
FRA,France,ESA_REV,R06_X,Imputed and supplementary social contributions (D.612 + D.614 - D.61SC),ets,2028,1.7516040365742245,0.08523882204821037,1.6423660537006963,1.8608420194477526,1.5845390139573259,1.918669059191123,"ETS(A,N,N)",1995,2025,31,20260919T085500Z
FRA,France,ESA_REV,R06_X,Imputed and supplementary social contributions (D.612 + D.614 - D.61SC),ets,2029,1.7516040365742245,0.09791885724467696,1.6261159292345941,1.8770921439138548,1.5596866014535185,1.9435214716949305,"ETS(A,N,N)",1995,2025,31,20260919T085500Z
FRA,France,ESA_REV,R06_X,Imputed and supplementary social contributions (D.612 + D.614 - D.61SC),ets,2030,1.7516040365742245,0.10913545905909947,1.6117412707461174,1.8914668024023316,1.5377024656949156,1.9655056074535333,"ETS(A,N,N)",1995,2025,31,20260919T085500Z
FRA,France,ESA_REV,R06_X,Imputed and supplementary social contributions (D.612 + D.614 - D.61SC),ets,2031,1.7516040365742245,0.11930211332569651,1.5987121746374515,1.9044958985109974,1.517776189331939,1.98543188381651,"ETS(A,N,N)",1995,2025,31,20260919T085500Z
FRA,France,ESA_REV,R06_X,Imputed and supplementary social contributions (D.612 + D.614 - D.61SC),prophet,2026,1.7421594837032484,0.055537348013607504,1.6709854842817136,1.8133334831247832,1.6333082809411061,1.8510106864653906,Prophet(linear trend),1995,2025,31,20260919T085500Z
FRA,France,ESA_REV,R06_X,Imputed and supplementary social contributions (D.612 + D.614 - D.61SC),prophet,2027,1.7278028341686271,0.05444169742513757,1.6580329679500472,1.797572700387207,1.621099067116465,1.8345066012207893,Prophet(linear trend),1995,2025,31,20260919T085500Z
FRA,France,ESA_REV,R06_X,Imputed and supplementary social contributions (D.612 + D.614 - D.61SC),prophet,2028,1.7134068513476097,0.05556161649634242,1.6422017506034892,1.7846119520917303,1.6045080832329726,1.822305619462247,Prophet(linear trend),1995,2025,31,20260919T085500Z
FRA,France,ESA_REV,R06_X,Imputed and supplementary social contributions (D.612 + D.614 - D.61SC),prophet,2029,1.6990502018129885,0.056037672692384535,1.6272350102987176,1.7708653933272593,1.5892183806921318,1.8088820229338451,Prophet(linear trend),1995,2025,31,20260919T085500Z
FRA,France,ESA_REV,R06_X,Imputed and supplementary social contributions (D.612 + D.614 - D.61SC),prophet,2030,1.684693552278367,0.05881652702326668,1.6093171144386456,1.7600699901180885,1.5694152767077372,1.799971827848997,Prophet(linear trend),1995,2025,31,20260919T085500Z
FRA,France,ESA_REV,R06_X,Imputed and supplementary social contributions (D.612 + D.614 - D.61SC),prophet,2031,1.6703369027437458,0.05527351797120084,1.5995010152407174,1.7411727902467742,1.5620027973668391,1.7786710081206525,Prophet(linear trend),1995,2025,31,20260919T085500Z
FRA,France,ESA_REV,R06_X,Imputed and supplementary social contributions (D.612 + D.614 - D.61SC),uc,2026,1.7502387830805186,0.052571430544470346,1.6828657611233915,1.8176118050376457,1.6472006717848564,1.8532768943761808,UC(local linear trend + damped cycle),1995,2025,31,20260919T085500Z
FRA,France,ESA_REV,R06_X,Imputed and supplementary social contributions (D.612 + D.614 - D.61SC),uc,2027,1.7487930967440641,0.07389743341406832,1.654089693157398,1.8434965003307302,1.603956787560093,1.8936294059280352,UC(local linear trend + damped cycle),1995,2025,31,20260919T085500Z
FRA,France,ESA_REV,R06_X,Imputed and supplementary social contributions (D.612 + D.614 - D.61SC),uc,2028,1.7473474109908125,0.09124230273857285,1.630415655431589,1.864279166550036,1.5685157823461082,1.9261790396355167,UC(local linear trend + damped cycle),1995,2025,31,20260919T085500Z
FRA,France,ESA_REV,R06_X,Imputed and supplementary social contributions (D.612 + D.614 - D.61SC),uc,2029,1.745901725389332,0.10656799124008899,1.6093293030796136,1.8824741476990505,1.5370322990064422,1.954771151772222,UC(local linear trend + damped cycle),1995,2025,31,20260919T085500Z
FRA,France,ESA_REV,R06_X,Imputed and supplementary social contributions (D.612 + D.614 - D.61SC),uc,2030,1.744456039526323,0.12064645661106375,1.5898413317635012,1.899070747289145,1.5079933278410762,1.98091875121157,UC(local linear trend + damped cycle),1995,2025,31,20260919T085500Z
FRA,France,ESA_REV,R06_X,Imputed and supplementary social contributions (D.612 + D.614 - D.61SC),uc,2031,1.7430103537701453,0.133871767082314,1.5714467229222717,1.914573984618019,1.480626509672425,2.005394197867866,UC(local linear trend + damped cycle),1995,2025,31,20260919T085500Z
FRA,France,ESA_REV,R07,Interest receivable,auto.arima,2026,0.11640805515188683,0.04569216837837615,0.05785116538224212,0.17496494492153153,0.026853050048331203,0.20596306025544248,"ARIMA(0, 1, 0)+drift",1995,2025,31,20260919T085500Z
FRA,France,ESA_REV,R07,Interest receivable,auto.arima,2027,0.1016321103037737,0.06461848421493462,0.01882016262115581,0.18444405798639157,-0.025017792492066426,0.22828201309961382,"ARIMA(0, 1, 0)+drift",1995,2025,31,20260919T085500Z
FRA,France,ESA_REV,R07,Interest receivable,auto.arima,2028,0.08685616545566056,0.07914115713933953,-0.014567342758574298,0.18827967366989543,-0.0682576534557879,0.24196998436710904,"ARIMA(0, 1, 0)+drift",1995,2025,31,20260919T085500Z
FRA,France,ESA_REV,R07,Interest receivable,auto.arima,2029,0.07208022060754743,0.0913843367567523,-0.04503355893174199,0.18919400014683685,-0.10702978959956383,0.2511902308146587,"ARIMA(0, 1, 0)+drift",1995,2025,31,20260919T085500Z
FRA,France,ESA_REV,R07,Interest receivable,auto.arima,2030,0.057304275759434295,0.1021707945334154,-0.07363291031645329,0.18824146183532187,-0.1429468033774567,0.2575553548963253,"ARIMA(0, 1, 0)+drift",1995,2025,31,20260919T085500Z
FRA,France,ESA_REV,R07,Interest receivable,auto.arima,2031,0.04252833091132116,0.11192249776835426,-0.1009061699487088,0.18596283177135112,-0.17683573550473355,0.2618923973273759,"ARIMA(0, 1, 0)+drift",1995,2025,31,20260919T085500Z
FRA,France,ESA_REV,R07,Interest receivable,combination,2026,0.0894222757662364,0.0917499894508722,-0.028160106714507777,0.20700465824698058,-0.0904044005578529,0.26924895209032573,mean of 4 + between-model variance,1995,2025,31,20260919T085500Z
FRA,France,ESA_REV,R07,Interest receivable,combination,2027,0.08220820476735838,0.10510273401771958,-0.052486414218518185,0.21690282375323494,-0.12378937020894737,0.2882057797436641,mean of 4 + between-model variance,1995,2025,31,20260919T085500Z
FRA,France,ESA_REV,R07,Interest receivable,combination,2028,0.07411195643774643,0.1185595117193152,-0.07782822292516539,0.22605213580065825,-0.15826041838968946,0.3064843312651823,mean of 4 + between-model variance,1995,2025,31,20260919T085500Z
FRA,France,ESA_REV,R07,Interest receivable,combination,2029,0.06602578711666307,0.13126129703662642,-0.10219239062321961,0.23424396485654575,-0.1912416296684314,0.32329320390175753,mean of 4 + between-model variance,1995,2025,31,20260919T085500Z
FRA,France,ESA_REV,R07,Interest receivable,combination,2030,0.05863410374248525,0.14444357759855866,-0.1264778520161028,0.2437460595010733,-0.22447010838189618,0.34173831586686665,mean of 4 + between-model variance,1995,2025,31,20260919T085500Z
FRA,France,ESA_REV,R07,Interest receivable,combination,2031,0.0510747318676176,0.15804817685115624,-0.1514722252723354,0.2536216890075706,-0.25869400502628204,0.3608434687615172,mean of 4 + between-model variance,1995,2025,31,20260919T085500Z
FRA,France,ESA_REV,R07,Interest receivable,ets,2026,0.13118921329231073,0.047241920980096316,0.07064623497642633,0.19173219160819513,0.03859674888047723,0.22378167770414423,"ETS(A,N,N)",1995,2025,31,20260919T085500Z
FRA,France,ESA_REV,R07,Interest receivable,ets,2027,0.13118921329231073,0.06680682493785901,0.04557279317954764,0.2168056334050738,0.0002502414598048175,0.2621281851248166,"ETS(A,N,N)",1995,2025,31,20260919T085500Z
FRA,France,ESA_REV,R07,Interest receivable,ets,2028,0.13118921329231073,0.08181995244844512,0.026332689592101,0.23604573699252046,-0.029174947988353545,0.29155337457297503,"ETS(A,N,N)",1995,2025,31,20260919T085500Z
FRA,France,ESA_REV,R07,Interest receivable,ets,2029,0.13118921329231073,0.09447675576063085,0.010112337993762752,0.2522660885908587,-0.05398182683531835,0.3163602534199398,"ETS(A,N,N)",1995,2025,31,20260919T085500Z
FRA,France,ESA_REV,R07,Interest receivable,ets,2030,0.13118921329231073,0.10562769589194859,-0.004178171633407779,0.26655659821802924,-0.0758372680588564,0.3382156946434779,"ETS(A,N,N)",1995,2025,31,20260919T085500Z
FRA,France,ESA_REV,R07,Interest receivable,ets,2031,0.13118921329231073,0.11570895773374701,-0.017097832909288208,0.27947625949390964,-0.09559617834335499,0.35797460492797645,"ETS(A,N,N)",1995,2025,31,20260919T085500Z
FRA,France,ESA_REV,R07,Interest receivable,prophet,2026,-0.022199056627960567,0.07220959215957319,-0.11473940387924592,0.07034129062332478,-0.16372725771540628,0.11932914445948514,Prophet(linear trend),1995,2025,31,20260919T085500Z
FRA,France,ESA_REV,R07,Interest receivable,prophet,2027,-0.03845239383639665,0.06881484137733458,-0.12664219143320254,0.049737403760409235,-0.17332700560168285,0.09642221792888955,Prophet(linear trend),1995,2025,31,20260919T085500Z
FRA,France,ESA_REV,R07,Interest receivable,prophet,2028,-0.05475026073581494,0.0708709293194434,-0.14557504194700627,0.0360745204753764,-0.19365473084846851,0.08415420937683865,Prophet(linear trend),1995,2025,31,20260919T085500Z
FRA,France,ESA_REV,R07,Interest receivable,prophet,2029,-0.07100359794425101,0.06899682312240547,-0.159426614610416,0.017419418721913965,-0.20623488737853335,0.06422769149003132,Prophet(linear trend),1995,2025,31,20260919T085500Z
FRA,France,ESA_REV,R07,Interest receivable,prophet,2030,-0.08725693515268723,0.06721236926479768,-0.17339308140872722,-0.0011207888966472401,-0.21899075926639716,0.0444768889610227,Prophet(linear trend),1995,2025,31,20260919T085500Z
FRA,France,ESA_REV,R07,Interest receivable,prophet,2031,-0.10351027236112344,0.06993299239513553,-0.19313303863109416,-0.013887506091152704,-0.24057641986786288,0.03355587514561599,Prophet(linear trend),1995,2025,31,20260919T085500Z
FRA,France,ESA_REV,R07,Interest receivable,uc,2026,0.13229089124870863,0.04217555979257889,0.07824071824540957,0.1863410642520077,0.04962831237540653,0.21495347012201071,UC(local linear trend + damped cycle),1995,2025,31,20260919T085500Z
FRA,France,ESA_REV,R07,Interest receivable,uc,2027,0.1344638893097457,0.06369775614523729,0.05283190252630457,0.21609587609318684,0.009618580384301842,0.25930919823518955,UC(local linear trend + damped cycle),1995,2025,31,20260919T085500Z
FRA,France,ESA_REV,R07,Interest receivable,uc,2028,0.13315270773882934,0.08304357907175373,0.0267280428922652,0.23957737258539347,-0.02960971767296139,0.29591513315062007,UC(local linear trend + damped cycle),1995,2025,31,20260919T085500Z
FRA,France,ESA_REV,R07,Interest receivable,uc,2029,0.13183731251104513,0.10177956435406657,0.0014015082539624024,0.26227311676812787,-0.0676469695586086,0.3313215945806989,UC(local linear trend + damped cycle),1995,2025,31,20260919T085500Z
FRA,France,ESA_REV,R07,Interest receivable,uc,2030,0.1332998610708832,0.12045176314697222,-0.021065336893645342,0.28766505903541173,-0.10278125843370906,0.36938098057547547,UC(local linear trend + damped cycle),1995,2025,31,20260919T085500Z
FRA,France,ESA_REV,R07,Interest receivable,uc,2031,0.13409165562796196,0.13930111498827522,-0.04442996688749212,0.31261327814341605,-0.1389335149089179,0.4071168261648418,UC(local linear trend + damped cycle),1995,2025,31,20260919T085500Z
FRA,France,ESA_REV,R08,Other property income,auto.arima,2026,0.6529793958858764,0.07933001062126452,0.5513138621141735,0.7546449296575792,0.4974954309485803,0.8084633608231725,"ARIMA(0, 0, 1)+drift",1995,2025,31,20260919T085500Z
FRA,France,ESA_REV,R08,Other property income,auto.arima,2027,0.6216398773161793,0.09764499555668657,0.49650273797051653,0.7467770166618422,0.4302592012449137,0.8130205533874449,"ARIMA(0, 0, 1)+drift",1995,2025,31,20260919T085500Z
FRA,France,ESA_REV,R08,Other property income,auto.arima,2028,0.6216398773161793,0.09764499555668657,0.49650273797051653,0.7467770166618422,0.4302592012449137,0.8130205533874449,"ARIMA(0, 0, 1)+drift",1995,2025,31,20260919T085500Z
FRA,France,ESA_REV,R08,Other property income,auto.arima,2029,0.6216398773161793,0.09764499555668657,0.49650273797051653,0.7467770166618422,0.4302592012449137,0.8130205533874449,"ARIMA(0, 0, 1)+drift",1995,2025,31,20260919T085500Z
FRA,France,ESA_REV,R08,Other property income,auto.arima,2030,0.6216398773161793,0.09764499555668657,0.49650273797051653,0.7467770166618422,0.4302592012449137,0.8130205533874449,"ARIMA(0, 0, 1)+drift",1995,2025,31,20260919T085500Z
FRA,France,ESA_REV,R08,Other property income,auto.arima,2031,0.6216398773161793,0.09764499555668657,0.49650273797051653,0.7467770166618422,0.4302592012449137,0.8130205533874449,"ARIMA(0, 0, 1)+drift",1995,2025,31,20260919T085500Z
FRA,France,ESA_REV,R08,Other property income,combination,2026,0.6356072443683616,0.09464784411696547,0.5143111104445762,0.7569033782921469,0.4501008772214975,0.8211136115152257,mean of 4 + between-model variance,1995,2025,31,20260919T085500Z
FRA,France,ESA_REV,R08,Other property income,combination,2027,0.6265312182624732,0.11389474181780086,0.4805691840963868,0.7724932524285595,0.4033016245102889,0.8497608120146574,mean of 4 + between-model variance,1995,2025,31,20260919T085500Z
FRA,France,ESA_REV,R08,Other property income,combination,2028,0.6250729670925746,0.13356347801304025,0.45390442471800685,0.7962415094671424,0.3632933584722242,0.8868525757129251,mean of 4 + between-model variance,1995,2025,31,20260919T085500Z
FRA,France,ESA_REV,R08,Other property income,combination,2029,0.6241991122092843,0.14744394112351028,0.4352420345745674,0.8131561898440012,0.33521429558908455,0.913183928829484,mean of 4 + between-model variance,1995,2025,31,20260919T085500Z
FRA,France,ESA_REV,R08,Other property income,combination,2030,0.6230618027403461,0.16465239147979346,0.4120512011346338,0.8340724043460583,0.30034904292604414,0.945774562554648,mean of 4 + between-model variance,1995,2025,31,20260919T085500Z
FRA,France,ESA_REV,R08,Other property income,combination,2031,0.6216860851651059,0.1724233751243502,0.4007165639277447,0.8426556064024672,0.28374247716288403,0.9596296931673278,mean of 4 + between-model variance,1995,2025,31,20260919T085500Z
FRA,France,ESA_REV,R08,Other property income,ets,2026,0.6507774102402657,0.08943720414266766,0.5361589823968217,0.7653958380837097,0.4754837098599862,0.8260711106205452,"ETS(M,N,N)",1995,2025,31,20260919T085500Z
FRA,France,ESA_REV,R08,Other property income,ets,2027,0.6507774102402657,0.1269322920308466,0.4881070775235502,0.8134477429569812,0.4019946874223195,0.8995601330582119,"ETS(M,N,N)",1995,2025,31,20260919T085500Z
FRA,France,ESA_REV,R08,Other property income,ets,2028,0.6507774102402657,0.16567379248712738,0.43845783013080264,0.8630969903497288,0.32606274122202555,0.9754920792585058,"ETS(M,N,N)",1995,2025,31,20260919T085500Z
FRA,France,ESA_REV,R08,Other property income,ets,2029,0.6507774102402657,0.1894138194976404,0.4080337510354256,0.8935210694451058,0.2795331429223924,1.022021677558139,"ETS(M,N,N)",1995,2025,31,20260919T085500Z
FRA,France,ESA_REV,R08,Other property income,ets,2030,0.6507774102402657,0.21891526846320694,0.3702261101107059,0.9313287103698256,0.22171136500204475,1.0798434554784866,"ETS(M,N,N)",1995,2025,31,20260919T085500Z
FRA,France,ESA_REV,R08,Other property income,ets,2031,0.6507774102402657,0.22424543908024985,0.3633952192960933,0.9381596011844381,0.21126442247878285,1.0902903980017484,"ETS(M,N,N)",1995,2025,31,20260919T085500Z
FRA,France,ESA_REV,R08,Other property income,prophet,2026,0.5879555856746919,0.10543355101867753,0.45283700749960365,0.7230741638497801,0.38130962128592055,0.7946015500634631,Prophet(linear trend),1995,2025,31,20260919T085500Z
FRA,France,ESA_REV,R08,Other property income,prophet,2027,0.586183261212839,0.09740457621464116,0.46135423175581325,0.7110122906698648,0.3952737983968861,0.7770927240287919,Prophet(linear trend),1995,2025,31,20260919T085500Z
FRA,France,ESA_REV,R08,Other property income,prophet,2028,0.5844060810675291,0.10213959185382196,0.4535088828480799,0.7153032792869783,0.38421615805934484,0.7845960040757134,Prophet(linear trend),1995,2025,31,20260919T085500Z
FRA,France,ESA_REV,R08,Other property income,prophet,2029,0.5826337566056764,0.09931747641106259,0.4553532460761263,0.7099142671352265,0.3879750782691445,0.7772924349422083,Prophet(linear trend),1995,2025,31,20260919T085500Z
FRA,France,ESA_REV,R08,Other property income,prophet,2030,0.5808614321438237,0.10575980380703062,0.44532474405531597,0.7163981202323314,0.3735760240349807,0.7881468402526667,Prophet(linear trend),1995,2025,31,20260919T085500Z
FRA,France,ESA_REV,R08,Other property income,prophet,2031,0.5790891076819709,0.10389904935264666,0.44593707318598785,0.7122411421779539,0.3754507113165601,0.7827275040473816,Prophet(linear trend),1995,2025,31,20260919T085500Z
FRA,France,ESA_REV,R08,Other property income,uc,2026,0.6507165856726123,0.07989469338495407,0.5483273815757376,0.7531057897694869,0.49412586284706417,0.8073073084981603,UC(local linear trend + damped cycle),1995,2025,31,20260919T085500Z
FRA,France,ESA_REV,R08,Other property income,uc,2027,0.6475243242806084,0.11480454649776682,0.5003963281073023,0.7946523204539144,0.42251154610865926,0.8725371024525574,UC(local linear trend + damped cycle),1995,2025,31,20260919T085500Z
FRA,France,ESA_REV,R08,Other property income,uc,2028,0.6434684997463246,0.14279018201303123,0.46047545640716037,0.8264615430854888,0.3636048834473358,0.9233321160453134,UC(local linear trend + damped cycle),1995,2025,31,20260919T085500Z
FRA,France,ESA_REV,R08,Other property income,uc,2029,0.6417454046750157,0.16738603914676345,0.42723149143440275,0.8562593179156287,0.31367479384476865,0.9698160155052629,UC(local linear trend + damped cycle),1995,2025,31,20260919T085500Z
FRA,France,ESA_REV,R08,Other property income,uc,2030,0.6389684912611158,0.1898928724384697,0.39561090080185,0.8823260817203815,0.26678529742512297,1.0111516850971085,UC(local linear trend + damped cycle),1995,2025,31,20260919T085500Z
FRA,France,ESA_REV,R08,Other property income,uc,2031,0.6352379454220078,0.210976514362601,0.36486057148758777,0.9056153193564279,0.22173157242582692,1.0487443184181888,UC(local linear trend + damped cycle),1995,2025,31,20260919T085500Z
FRA,France,ESA_REV,R09,Sales of goods and services,auto.arima,2026,4.331010228547297,0.07718286907358764,4.232096368320303,4.429924088774291,4.1797345837463515,4.482285873348242,"ARIMA(1, 0, 0)+drift",1995,2025,31,20260919T085500Z
FRA,France,ESA_REV,R09,Sales of goods and services,auto.arima,2027,4.3306659606699895,0.09590516947905244,4.207758498913771,4.453573422426208,4.142695281077148,4.518636640262831,"ARIMA(1, 0, 0)+drift",1995,2025,31,20260919T085500Z
FRA,France,ESA_REV,R09,Sales of goods and services,auto.arima,2028,4.330412045460181,0.10469303987183441,4.196242470826352,4.464581620094011,4.125217456260821,4.535606634659541,"ARIMA(1, 0, 0)+drift",1995,2025,31,20260919T085500Z
FRA,France,ESA_REV,R09,Sales of goods and services,auto.arima,2029,4.330224769974951,0.10917683245394795,4.190308981989929,4.470140557959972,4.116242108731181,4.54420743121872,"ARIMA(1, 0, 0)+drift",1995,2025,31,20260919T085500Z
FRA,France,ESA_REV,R09,Sales of goods and services,auto.arima,2030,4.330086644703153,0.11154026696793541,4.187141992489861,4.473031296916444,4.11147173689561,4.548701552510695,"ARIMA(1, 0, 0)+drift",1995,2025,31,20260919T085500Z
FRA,France,ESA_REV,R09,Sales of goods and services,auto.arima,2031,4.329984770233647,0.11280513961462575,4.185419117950245,4.47455042251705,4.108890757574007,4.5510787828932875,"ARIMA(1, 0, 0)+drift",1995,2025,31,20260919T085500Z
FRA,France,ESA_REV,R09,Sales of goods and services,combination,2026,4.305701156391897,0.09136616528607536,4.1886106645371965,4.422791648246597,4.12662676161314,4.484775551170654,mean of 4 + between-model variance,1995,2025,31,20260919T085500Z
FRA,France,ESA_REV,R09,Sales of goods and services,combination,2027,4.299571539013579,0.11488077783055343,4.152345848423278,4.44679722960388,4.074409350173696,4.524733727853461,mean of 4 + between-model variance,1995,2025,31,20260919T085500Z
FRA,France,ESA_REV,R09,Sales of goods and services,combination,2028,4.295280467341852,0.13215474717515502,4.125917286790038,4.464643647893666,4.036261920449447,4.554299014234258,mean of 4 + between-model variance,1995,2025,31,20260919T085500Z
FRA,France,ESA_REV,R09,Sales of goods and services,combination,2029,4.291350360011196,0.14789884145640841,4.1018103039450535,4.480890416077339,4.001473955114928,4.5812267649074645,mean of 4 + between-model variance,1995,2025,31,20260919T085500Z
FRA,France,ESA_REV,R09,Sales of goods and services,combination,2030,4.286598989789274,0.16296258475186398,4.077753963375353,4.495444016203195,3.9671981903286717,4.605999789249877,mean of 4 + between-model variance,1995,2025,31,20260919T085500Z
FRA,France,ESA_REV,R09,Sales of goods and services,combination,2031,4.281538354822771,0.17765303631180782,4.0538667508313,4.509209958814241,3.9333447991609347,4.629731910484606,mean of 4 + between-model variance,1995,2025,31,20260919T085500Z
FRA,France,ESA_REV,R09,Sales of goods and services,ets,2026,4.331473564370959,0.08203127042783391,4.2263462256916275,4.43660090305029,4.17069522745814,4.492251901283778,"ETS(A,N,N)",1995,2025,31,20260919T085500Z
FRA,France,ESA_REV,R09,Sales of goods and services,ets,2027,4.331473564370959,0.11600393483599822,4.182808489674016,4.480138639067902,4.104110028234056,4.558837100507861,"ETS(A,N,N)",1995,2025,31,20260919T085500Z
FRA,France,ESA_REV,R09,Sales of goods and services,ets,2028,4.331473564370959,0.1420728561930979,4.149399811370982,4.513547317370936,4.05301588085531,4.609931247886608,"ETS(A,N,N)",1995,2025,31,20260919T085500Z
FRA,France,ESA_REV,R09,Sales of goods and services,ets,2029,4.331473564370959,0.16405023631892396,4.121234655915969,4.541712472825949,4.009941006994375,4.653006121747542,"ETS(A,N,N)",1995,2025,31,20260919T085500Z
FRA,France,ESA_REV,R09,Sales of goods and services,ets,2030,4.331473564370959,0.18341282290430208,4.096420494352305,4.5665266343896125,3.971991034340151,4.690956094401766,"ETS(A,N,N)",1995,2025,31,20260919T085500Z
FRA,France,ESA_REV,R09,Sales of goods and services,ets,2031,4.331473564370959,0.20091801107704357,4.073986685439151,4.588960443302766,3.937681495708352,4.725265633033565,"ETS(A,N,N)",1995,2025,31,20260919T085500Z
FRA,France,ESA_REV,R09,Sales of goods and services,prophet,2026,4.235964162657418,0.07943292624092635,4.134166737167507,4.3377615881473295,4.080278486810547,4.391649838504289,Prophet(linear trend),1995,2025,31,20260919T085500Z
FRA,France,ESA_REV,R09,Sales of goods and services,prophet,2027,4.218844248830755,0.08397310629639029,4.111228346510403,4.326460151151107,4.054259983521657,4.383428514139853,Prophet(linear trend),1995,2025,31,20260919T085500Z
FRA,France,ESA_REV,R09,Sales of goods and services,prophet,2028,4.2016774311305936,0.08181430266604031,4.096828147920324,4.306526714340863,4.041324343220051,4.362030519041136,Prophet(linear trend),1995,2025,31,20260919T085500Z
FRA,France,ESA_REV,R09,Sales of goods and services,prophet,2029,4.184557517303931,0.08191221997164079,4.079582747974835,4.289532286633027,4.024012514999434,4.345102519608428,Prophet(linear trend),1995,2025,31,20260919T085500Z
FRA,France,ESA_REV,R09,Sales of goods and services,prophet,2030,4.167437603477268,0.08426032041066696,4.059453621334336,4.275421585620199,4.002290408843895,4.3325847981106405,Prophet(linear trend),1995,2025,31,20260919T085500Z
FRA,France,ESA_REV,R09,Sales of goods and services,prophet,2031,4.150317689650604,0.09036157033118378,4.034514638469536,4.266120740831673,3.973212264818016,4.327423114483192,Prophet(linear trend),1995,2025,31,20260919T085500Z
FRA,France,ESA_REV,R09,Sales of goods and services,uc,2026,4.324356669991915,0.07554557180769876,4.2275410913506155,4.421172248633215,4.1762900688894105,4.47242327109442,UC(local linear trend + damped cycle),1995,2025,31,20260919T085500Z
FRA,France,ESA_REV,R09,Sales of goods and services,uc,2027,4.317302382182612,0.10644091397943911,4.180892815990434,4.4537119483747905,4.108682022655815,4.52592274170941,UC(local linear trend + damped cycle),1995,2025,31,20260919T085500Z
FRA,France,ESA_REV,R09,Sales of goods and services,uc,2028,4.317558828405677,0.12761101258949933,4.154018679999579,4.481098976811776,4.067445837726712,4.567671819084643,UC(local linear trend + damped cycle),1995,2025,31,20260919T085500Z
FRA,France,ESA_REV,R09,Sales of goods and services,uc,2029,4.319145588394943,0.14682220648877262,4.130985296024844,4.507305880765043,4.031379349276382,4.606911827513504,UC(local linear trend + damped cycle),1995,2025,31,20260919T085500Z
FRA,France,ESA_REV,R09,Sales of goods and services,uc,2030,4.3173981466057185,0.16625888326058597,4.1043287422453485,4.5304675509660886,3.9915367207347674,4.643259572476669,UC(local linear trend + damped cycle),1995,2025,31,20260919T085500Z
FRA,France,ESA_REV,R09,Sales of goods and services,uc,2031,4.314377395035871,0.18475303521106112,4.077606773255066,4.5511480168166765,3.952268097131459,4.6764866929402835,UC(local linear trend + damped cycle),1995,2025,31,20260919T085500Z
FRA,France,ESA_REV,R10,Other current and capital transfers receivable,auto.arima,2026,0.8965560157137171,0.13715795781800003,0.7207809605561435,1.0723310708712908,0.6277313560769184,1.1653806753505158,"ARIMA(1, 0, 0)+drift",1995,2025,31,20260919T085500Z
FRA,France,ESA_REV,R10,Other current and capital transfers receivable,auto.arima,2027,0.878514717474637,0.1525461983986999,0.6830188318243864,1.0740106031248877,0.5795296602763276,1.1774997746729465,"ARIMA(1, 0, 0)+drift",1995,2025,31,20260919T085500Z
FRA,France,ESA_REV,R10,Other current and capital transfers receivable,auto.arima,2028,0.8697322080939593,0.15597045853127142,0.6698479550222913,1.0696164611656274,0.5640357243091745,1.1754286918787442,"ARIMA(1, 0, 0)+drift",1995,2025,31,20260919T085500Z
FRA,France,ESA_REV,R10,Other current and capital transfers receivable,auto.arima,2029,0.8654568798997491,0.15677095908890493,0.6645467437374448,1.0663670160620533,0.5581914438400226,1.1727223159594755,"ARIMA(1, 0, 0)+drift",1995,2025,31,20260919T085500Z
FRA,France,ESA_REV,R10,Other current and capital transfers receivable,auto.arima,2030,0.8633756488556443,0.1569600589689749,0.6622231713638366,1.064528126347452,0.5557395838385764,1.1710117138727123,"ARIMA(1, 0, 0)+drift",1995,2025,31,20260919T085500Z
FRA,France,ESA_REV,R10,Other current and capital transfers receivable,auto.arima,2031,0.8623625049606769,0.15700483744322938,0.6611526415256315,1.0635723683957223,0.5546386757460953,1.1700863341752585,"ARIMA(1, 0, 0)+drift",1995,2025,31,20260919T085500Z
FRA,France,ESA_REV,R10,Other current and capital transfers receivable,combination,2026,0.9187254738102053,0.1609758293864973,0.7124265777082809,1.1250243699121296,0.6032186433425285,1.234232304277882,mean of 4 + between-model variance,1995,2025,31,20260919T085500Z
FRA,France,ESA_REV,R10,Other current and capital transfers receivable,combination,2027,0.9177116776111416,0.18175817043023218,0.6847791307799367,1.1506442244423465,0.5614722068620219,1.2739511483602612,mean of 4 + between-model variance,1995,2025,31,20260919T085500Z
FRA,France,ESA_REV,R10,Other current and capital transfers receivable,combination,2028,0.9151497200209091,0.19124285495853963,0.6700620567630827,1.1602373832787354,0.5403206090449499,1.2899788309968683,mean of 4 + between-model variance,1995,2025,31,20260919T085500Z
FRA,France,ESA_REV,R10,Other current and capital transfers receivable,combination,2029,0.9146385222864175,0.20152562470083213,0.6563729548998167,1.1729040896730183,0.5196555527952758,1.3096214917775593,mean of 4 + between-model variance,1995,2025,31,20260919T085500Z
FRA,France,ESA_REV,R10,Other current and capital transfers receivable,combination,2030,0.91552571216123,0.2116914913448447,0.6442320580452616,1.1868193662771984,0.5006180100190228,1.330433414303437,mean of 4 + between-model variance,1995,2025,31,20260919T085500Z
FRA,France,ESA_REV,R10,Other current and capital transfers receivable,combination,2031,0.9166810680385904,0.22014461337395783,0.6345542984799679,1.1988078375972129,0.48520555103171453,1.3481565850454662,mean of 4 + between-model variance,1995,2025,31,20260919T085500Z
FRA,France,ESA_REV,R10,Other current and capital transfers receivable,ets,2026,0.9579358532618654,0.14941980805042243,0.7664465994152304,1.1494251071085004,0.6650784085961272,1.2507932979276035,"ETS(A,N,N)",1995,2025,31,20260919T085500Z
FRA,France,ESA_REV,R10,Other current and capital transfers receivable,ets,2027,0.9579358532618654,0.17538275151788782,0.7331737372886131,1.1826979692351176,0.6141919740658599,1.3016797324578708,"ETS(A,N,N)",1995,2025,31,20260919T085500Z
FRA,France,ESA_REV,R10,Other current and capital transfers receivable,ets,2028,0.9579358532618654,0.19796954316799667,0.704227589275833,1.2116441172478978,0.569922675556146,1.3459490309675848,"ETS(A,N,N)",1995,2025,31,20260919T085500Z
FRA,France,ESA_REV,R10,Other current and capital transfers receivable,ets,2029,0.9579358532618654,0.2182310026423958,0.6782614753634977,1.237610231160233,0.5302109443988647,1.385660762124866,"ETS(A,N,N)",1995,2025,31,20260919T085500Z
FRA,France,ESA_REV,R10,Other current and capital transfers receivable,ets,2030,0.9579358532618654,0.23676486438334868,0.654509367781656,1.2613623387420747,0.4938852426056197,1.421986463918111,"ETS(A,N,N)",1995,2025,31,20260919T085500Z
FRA,France,ESA_REV,R10,Other current and capital transfers receivable,ets,2031,0.9579358532618654,0.25394966331662183,0.632486154339122,1.2833855521846087,0.46020365534916596,1.4556680511745648,"ETS(A,N,N)",1995,2025,31,20260919T085500Z
FRA,France,ESA_REV,R10,Other current and capital transfers receivable,prophet,2026,0.8336291155382687,0.15155581191622358,0.6394024616654085,1.0278557694111288,0.5365851801916994,1.130673050884838,Prophet(linear trend),1995,2025,31,20260919T085500Z
FRA,France,ESA_REV,R10,Other current and capital transfers receivable,prophet,2027,0.8325224302548323,0.15966911975436324,0.6278981504953886,1.037146710014276,0.5195767036245915,1.145468156885073,Prophet(linear trend),1995,2025,31,20260919T085500Z
FRA,France,ESA_REV,R10,Other current and capital transfers receivable,prophet,2028,0.8314127129569208,0.15548428218861501,0.6321515201495368,1.0306739057643046,0.5266691173013941,1.1361563086124473,Prophet(linear trend),1995,2025,31,20260919T085500Z
FRA,France,ESA_REV,R10,Other current and capital transfers receivable,prophet,2029,0.8303060276734844,0.15532899676969855,0.6312438412052837,1.0293682141416851,0.5258667858487589,1.1347452694982099,Prophet(linear trend),1995,2025,31,20260919T085500Z
FRA,France,ESA_REV,R10,Other current and capital transfers receivable,prophet,2030,0.8291993423900479,0.15188285438219556,0.6345535665908364,1.0238451181892594,0.5315144155837024,1.1268842691963934,Prophet(linear trend),1995,2025,31,20260919T085500Z
FRA,France,ESA_REV,R10,Other current and capital transfers receivable,prophet,2031,0.8280926571066116,0.13960513012246975,0.6491814233879003,1.007003890825323,0.5544716278512554,1.1017136863619679,Prophet(linear trend),1995,2025,31,20260919T085500Z
FRA,France,ESA_REV,R10,Other current and capital transfers receivable,uc,2026,0.9867809107269697,0.14494582946162168,0.8010252930887696,1.1725365283651699,0.7026923030320518,1.2708695184218877,UC(local linear trend + damped cycle),1995,2025,31,20260919T085500Z
FRA,France,ESA_REV,R10,Other current and capital transfers receivable,uc,2027,1.0018737094532313,0.1711548854518588,0.7825298236926307,1.2212175952138318,0.6664162955434643,1.3373311233629983,UC(local linear trend + damped cycle),1995,2025,31,20260919T085500Z
FRA,France,ESA_REV,R10,Other current and capital transfers receivable,uc,2028,1.0015181057708908,0.1847020528613857,0.7648128205222763,1.2382233910195053,0.6395087314364779,1.363527480105304,UC(local linear trend + damped cycle),1995,2025,31,20260919T085500Z
FRA,France,ESA_REV,R10,Other current and capital transfers receivable,uc,2029,1.0048553283105712,0.20015476230428292,0.7483465923699928,1.2613640642511497,0.6125591997656197,1.3971514568555228,UC(local linear trend + damped cycle),1995,2025,31,20260919T085500Z
FRA,France,ESA_REV,R10,Other current and capital transfers receivable,uc,2030,1.0115920041373623,0.21731326650890265,0.733093752816345,1.2900902554583795,0.5856658250575074,1.4375181832172172,UC(local linear trend + damped cycle),1995,2025,31,20260919T085500Z
FRA,France,ESA_REV,R10,Other current and capital transfers receivable,uc,2031,1.0183332568252073,0.23404987397473792,0.718386172733134,1.3182803409172805,0.559603929630184,1.4770625840202305,UC(local linear trend + damped cycle),1995,2025,31,20260919T085500Z
GBR,United Kingdom,COFOG,GF01,General public services,auto.arima,2025,5.758880134548356,0.46892872936894964,5.15792358356812,6.359836685528592,4.839796706419472,6.67796356267724,"ARIMA(1, 0, 0)+drift",1995,2024,30,20260919T085500Z
GBR,United Kingdom,COFOG,GF01,General public services,auto.arima,2026,5.559070580392891,0.5844331961845709,4.810089048956162,6.30805211182962,4.413602555466195,6.704538605319588,"ARIMA(1, 0, 0)+drift",1995,2024,30,20260919T085500Z
GBR,United Kingdom,COFOG,GF01,General public services,auto.arima,2027,5.410443615970106,0.6394383365200592,4.590970136926151,6.229917095014061,4.157167496170905,6.663719735769307,"ARIMA(1, 0, 0)+drift",1995,2024,30,20260919T085500Z
GBR,United Kingdom,COFOG,GF01,General public services,auto.arima,2028,5.299888469361129,0.6679291047158211,4.443902589354359,6.155874349367899,3.990771469565889,6.609005469156369,"ARIMA(1, 0, 0)+drift",1995,2024,30,20260919T085500Z
GBR,United Kingdom,COFOG,GF01,General public services,auto.arima,2029,5.217652782928321,0.6831827357965466,4.342118581502785,6.093186984353856,3.8786392153455775,6.556666350511064,"ARIMA(1, 0, 0)+drift",1995,2024,30,20260919T085500Z
GBR,United Kingdom,COFOG,GF01,General public services,auto.arima,2030,5.15648233242913,0.6914780285082224,4.270317282038361,6.042647382819899,3.8012102897620403,6.51175437509622,"ARIMA(1, 0, 0)+drift",1995,2024,30,20260919T085500Z
GBR,United Kingdom,COFOG,GF01,General public services,auto.arima,2031,5.110981112987966,0.6960253526904586,4.218988430196804,6.002973795779129,3.746796478627364,6.475165747348568,"ARIMA(1, 0, 0)+drift",1995,2024,30,20260919T085500Z
GBR,United Kingdom,COFOG,GF01,General public services,combination,2025,5.911797219210607,0.6714198171138306,5.051337809748743,6.772256628672471,4.595838548780915,7.227755889640299,mean of 4 + between-model variance,1995,2024,30,20260919T085500Z
GBR,United Kingdom,COFOG,GF01,General public services,combination,2026,5.818066991621879,0.7286873769893666,4.884216226266402,6.751917756977355,4.389865965468292,7.246268017775465,mean of 4 + between-model variance,1995,2024,30,20260919T085500Z
GBR,United Kingdom,COFOG,GF01,General public services,combination,2027,5.845403294177053,0.8494872710087555,4.75674118304124,6.934065405312865,4.180438824541648,7.510367763812457,mean of 4 + between-model variance,1995,2024,30,20260919T085500Z
GBR,United Kingdom,COFOG,GF01,General public services,combination,2028,5.8363355469184715,0.9392330414143546,4.632659564227822,7.040011529609121,3.9954725981358274,7.6771984957011155,mean of 4 + between-model variance,1995,2024,30,20260919T085500Z
GBR,United Kingdom,COFOG,GF01,General public services,combination,2029,5.825995652547666,1.0093420525919141,4.532471326364393,7.119519978730939,3.847721565781408,7.804269739313925,mean of 4 + between-model variance,1995,2024,30,20260919T085500Z
GBR,United Kingdom,COFOG,GF01,General public services,combination,2030,5.859894005470154,1.1057358126418224,4.442836063307401,7.276951947632907,3.6926916191814367,8.027096391758871,mean of 4 + between-model variance,1995,2024,30,20260919T085500Z
GBR,United Kingdom,COFOG,GF01,General public services,combination,2031,5.853217854745503,1.1637106957487457,4.3618620851873064,7.344573624303699,3.5723867846630077,8.134048924827997,mean of 4 + between-model variance,1995,2024,30,20260919T085500Z
GBR,United Kingdom,COFOG,GF01,General public services,ets,2025,6.076341566283566,0.4811689583046513,5.459698525430324,6.692984607136808,5.133267730088948,7.019415402478184,"ETS(A,N,N)",1995,2024,30,20260919T085500Z
GBR,United Kingdom,COFOG,GF01,General public services,ets,2026,6.076341566283566,0.6174050677387889,5.285104866912786,6.8675782656543465,4.866249860097978,7.286433272469154,"ETS(A,N,N)",1995,2024,30,20260919T085500Z
GBR,United Kingdom,COFOG,GF01,General public services,ets,2027,6.076341566283566,0.7285976042391936,5.142605849375619,7.010077283191513,4.648316491488499,7.504366641078633,"ETS(A,N,N)",1995,2024,30,20260919T085500Z
GBR,United Kingdom,COFOG,GF01,General public services,ets,2028,6.076341566283566,0.8249363127761123,5.019142784772714,7.133540347794418,4.459496090949646,7.693187041617486,"ETS(A,N,N)",1995,2024,30,20260919T085500Z
GBR,United Kingdom,COFOG,GF01,General public services,ets,2029,6.076341566283566,0.9111450879910414,4.908661756478471,7.244021376088661,4.2905299950442926,7.8621531375228395,"ETS(A,N,N)",1995,2024,30,20260919T085500Z
GBR,United Kingdom,COFOG,GF01,General public services,ets,2030,6.076341566283566,0.9898741448304214,4.80776637622785,7.344916756339282,4.136223877885154,8.016459254681978,"ETS(A,N,N)",1995,2024,30,20260919T085500Z
GBR,United Kingdom,COFOG,GF01,General public services,ets,2031,6.076341566283566,1.062787031270759,4.714324720784463,7.438358411782669,3.993317245326004,8.159365887241128,"ETS(A,N,N)",1995,2024,30,20260919T085500Z
GBR,United Kingdom,COFOG,GF01,General public services,prophet,2025,5.398928389548769,0.583673789106325,4.65092007777198,6.146936701325558,4.25494877515678,6.542908003940758,Prophet(linear trend),1995,2024,30,20260919T085500Z
GBR,United Kingdom,COFOG,GF01,General public services,prophet,2026,5.433989638575967,0.6416606441919882,4.611668156690436,6.256311120461498,4.176357875742861,6.691621401409073,Prophet(linear trend),1995,2024,30,20260919T085500Z
GBR,United Kingdom,COFOG,GF01,General public services,prophet,2027,5.469050887603164,0.5821024622310794,4.7230563129259995,6.215045462280328,4.328151017318888,6.6099507578874395,Prophet(linear trend),1995,2024,30,20260919T085500Z
GBR,United Kingdom,COFOG,GF01,General public services,prophet,2028,5.504208194846875,0.5999177579429342,4.7353823923195915,6.273033997374158,4.328390986318009,6.6800254033757405,Prophet(linear trend),1995,2024,30,20260919T085500Z
GBR,United Kingdom,COFOG,GF01,General public services,prophet,2029,5.539269443874073,0.6264994399308976,4.736377833631751,6.342161054116394,4.31135309558935,6.767185792158795,Prophet(linear trend),1995,2024,30,20260919T085500Z
GBR,United Kingdom,COFOG,GF01,General public services,prophet,2030,5.57433069290127,0.5857847978022462,4.823617013708206,6.325044372094335,4.4262135774615885,6.722447808340952,Prophet(linear trend),1995,2024,30,20260919T085500Z
GBR,United Kingdom,COFOG,GF01,General public services,prophet,2031,5.609391941928467,0.6208033194830636,4.813800206238308,6.404983677618627,4.392639784661164,6.826144099195771,Prophet(linear trend),1995,2024,30,20260919T085500Z
GBR,United Kingdom,COFOG,GF01,General public services,uc,2025,6.413038786461739,0.508078841008224,5.761909331609967,7.06416824131351,5.417222548923895,7.408855023999582,UC(local linear trend + damped cycle),1995,2024,30,20260919T085500Z
GBR,United Kingdom,COFOG,GF01,General public services,uc,2026,6.20286618123509,0.645730060393995,5.375329530877045,7.030402831593135,4.937258509145034,7.468473853325147,UC(local linear trend + damped cycle),1995,2024,30,20260919T085500Z
GBR,United Kingdom,COFOG,GF01,General public services,uc,2027,6.425777106851374,0.804117917156102,5.395258181884137,7.456296031818611,4.849734937470432,8.001819276232316,UC(local linear trend + damped cycle),1995,2024,30,20260919T085500Z
GBR,United Kingdom,COFOG,GF01,General public services,uc,2028,6.464903957182316,0.9527350408220007,5.2439244601468,7.685883454217833,4.5975775756326644,8.332230338731968,UC(local linear trend + damped cycle),1995,2024,30,20260919T085500Z
GBR,United Kingdom,COFOG,GF01,General public services,uc,2029,6.470718817104709,1.0699600980864301,5.099509313481848,7.84192832072757,4.373635543418837,8.56780209079058,UC(local linear trend + damped cycle),1995,2024,30,20260919T085500Z
GBR,United Kingdom,COFOG,GF01,General public services,uc,2030,6.63242143026665,1.209473780500347,5.082417887918869,8.182424972614431,4.2618963615420675,9.002946498991232,UC(local linear trend + damped cycle),1995,2024,30,20260919T085500Z
GBR,United Kingdom,COFOG,GF01,General public services,uc,2031,6.616156797782011,1.3271111618811806,4.91539483405086,8.316918761513161,4.015066696496724,9.217246899067298,UC(local linear trend + damped cycle),1995,2024,30,20260919T085500Z
GBR,United Kingdom,COFOG,GF01_7,Public debt transactions (interest),auto.arima,2026,3.0652616052932853,0.3766559807906831,2.5825573797990238,3.547965830787547,2.327029442558855,3.8034937680277157,"ARIMA(1, 0, 1)+drift",1987,2025,39,20260919T085500Z
GBR,United Kingdom,COFOG,GF01_7,Public debt transactions (interest),auto.arima,2027,2.8862494785326964,0.5337849082574807,2.2021763617855052,3.5703225952798876,1.8400502746047316,3.9324486824606613,"ARIMA(1, 0, 1)+drift",1987,2025,39,20260919T085500Z
GBR,United Kingdom,COFOG,GF01_7,Public debt transactions (interest),auto.arima,2028,2.8108915372398373,0.5570257405963007,2.097034085327167,3.5247489891525077,1.7191411385977493,3.9026419358819253,"ARIMA(1, 0, 1)+drift",1987,2025,39,20260919T085500Z
GBR,United Kingdom,COFOG,GF01_7,Public debt transactions (interest),auto.arima,2029,2.779168438818171,0.5610438831884564,2.060161528230238,3.498175349406104,1.6795426253485912,3.8787942522877508,"ARIMA(1, 0, 1)+drift",1987,2025,39,20260919T085500Z
GBR,United Kingdom,COFOG,GF01_7,Public debt transactions (interest),auto.arima,2030,2.7658141067304642,0.5617529483716803,2.0458984922388406,3.485729721222088,1.6647985510281123,3.8668296624328162,"ARIMA(1, 0, 1)+drift",1987,2025,39,20260919T085500Z
GBR,United Kingdom,COFOG,GF01_7,Public debt transactions (interest),auto.arima,2031,2.7601923927623564,0.561878509900851,2.040115864641901,3.480268920882812,1.658930740983045,3.861454044541668,"ARIMA(1, 0, 1)+drift",1987,2025,39,20260919T085500Z
GBR,United Kingdom,COFOG,GF01_7,Public debt transactions (interest),combination,2026,3.1328746073978055,0.6269673662992414,2.32938332518228,3.936365889613331,1.904041140276479,4.361708074519132,mean of 4 + between-model variance,1987,2025,39,20260919T085500Z
GBR,United Kingdom,COFOG,GF01_7,Public debt transactions (interest),combination,2027,3.0660348850590164,0.7091446953489235,2.1572290824452125,3.9748406876728204,1.6761368113841588,4.455932958733874,mean of 4 + between-model variance,1987,2025,39,20260919T085500Z
GBR,United Kingdom,COFOG,GF01_7,Public debt transactions (interest),combination,2028,2.989219271103127,0.7282975157740625,2.0558681331678454,3.9225704090384084,1.561782358896532,4.416656183309722,mean of 4 + between-model variance,1987,2025,39,20260919T085500Z
GBR,United Kingdom,COFOG,GF01_7,Public debt transactions (interest),combination,2029,2.9915389544606805,0.7926116758906766,1.9757658759996322,4.007312032921729,1.4380486037352864,4.545029305186075,mean of 4 + between-model variance,1987,2025,39,20260919T085500Z
GBR,United Kingdom,COFOG,GF01_7,Public debt transactions (interest),combination,2030,3.040302648480347,0.8875179837823022,1.9029022013281698,4.177703095632523,1.3007993509144506,4.779805946046243,mean of 4 + between-model variance,1987,2025,39,20260919T085500Z
GBR,United Kingdom,COFOG,GF01_7,Public debt transactions (interest),combination,2031,3.056757899923142,0.9582392897620756,1.8287244216499743,4.28479137819631,1.1786433886039052,4.934872411242379,mean of 4 + between-model variance,1987,2025,39,20260919T085500Z
GBR,United Kingdom,COFOG,GF01_7,Public debt transactions (interest),ets,2026,3.253065663873833,0.4154923183226325,2.720590652342827,3.7855406754048393,2.4387156776849332,4.067415650062733,"ETS(A,N,N)",1987,2025,39,20260919T085500Z
GBR,United Kingdom,COFOG,GF01_7,Public debt transactions (interest),ets,2027,3.253065663873833,0.5875654926246549,2.5000699316697217,4.0060613960779445,2.101458450687244,4.404672877060422,"ETS(A,N,N)",1987,2025,39,20260919T085500Z
GBR,United Kingdom,COFOG,GF01_7,Public debt transactions (interest),ets,2028,3.253065663873833,0.7196058293686834,2.330853374034738,4.1752779537129285,1.8426641441210707,4.6634671836265955,"ETS(A,N,N)",1987,2025,39,20260919T085500Z
GBR,United Kingdom,COFOG,GF01_7,Public debt transactions (interest),ets,2029,3.253065663873833,0.8309223135766234,2.188195511065084,4.317935816682582,1.62448784246694,4.881643485280726,"ETS(A,N,N)",1987,2025,39,20260919T085500Z
GBR,United Kingdom,COFOG,GF01_7,Public debt transactions (interest),ets,2030,3.253065663873833,0.928994743116271,2.0625105928436898,4.443620734903977,1.4322694111766943,5.073861916570972,"ETS(A,N,N)",1987,2025,39,20260919T085500Z
GBR,United Kingdom,COFOG,GF01_7,Public debt transactions (interest),ets,2031,3.253065663873833,1.0176593606289897,1.9488822749410302,4.557249052806636,1.258489952777996,5.24764137496967,"ETS(A,N,N)",1987,2025,39,20260919T085500Z
GBR,United Kingdom,COFOG,GF01_7,Public debt transactions (interest),prophet,2026,2.5735756559816134,0.5403928020713985,1.8810341797014085,3.2661171322618183,1.5144252180625468,3.63272609390068,Prophet(linear trend),1987,2025,39,20260919T085500Z
GBR,United Kingdom,COFOG,GF01_7,Public debt transactions (interest),prophet,2027,2.5668298979139474,0.5254276227939467,1.8934670770671194,3.2401927187607757,1.5370106726322323,3.5966491231956628,Prophet(linear trend),1987,2025,39,20260919T085500Z
GBR,United Kingdom,COFOG,GF01_7,Public debt transactions (interest),prophet,2028,2.5600656583173294,0.5374697651332199,1.8712702058713213,3.2488611107633374,1.5066442675677632,3.6134870490668956,Prophet(linear trend),1987,2025,39,20260919T085500Z
GBR,United Kingdom,COFOG,GF01_7,Public debt transactions (interest),prophet,2029,2.5533199002496643,0.5668529118645517,1.8268684173438243,3.279771383155504,1.44230859969997,3.6643312007993583,Prophet(linear trend),1987,2025,39,20260919T085500Z
GBR,United Kingdom,COFOG,GF01_7,Public debt transactions (interest),prophet,2030,2.5465741421819987,0.5574598249366178,1.832160388614826,3.2609878957491714,1.4539729538599255,3.639175330504072,Prophet(linear trend),1987,2025,39,20260919T085500Z
GBR,United Kingdom,COFOG,GF01_7,Public debt transactions (interest),prophet,2031,2.539828384114333,0.5369302447099292,1.851724355145834,3.2279324130828324,1.4874644339716814,3.592192334256985,Prophet(linear trend),1987,2025,39,20260919T085500Z
GBR,United Kingdom,COFOG,GF01_7,Public debt transactions (interest),uc,2026,3.6395955044424895,0.42547144253463454,3.0943317263193437,4.184859282565635,2.805686794046537,4.473504214838442,UC(local linear trend + damped cycle),1987,2025,39,20260919T085500Z
GBR,United Kingdom,COFOG,GF01_7,Public debt transactions (interest),uc,2027,3.557994499915588,0.6004999227966734,2.7884226228556654,4.32756637697551,2.3810362692313287,4.734952730599847,UC(local linear trend + damped cycle),1987,2025,39,20260919T085500Z
GBR,United Kingdom,COFOG,GF01_7,Public debt transactions (interest),uc,2028,3.332854224981508,0.682974210909439,2.4575872590420946,4.208121190920921,1.9942493586706,4.671459091292416,UC(local linear trend + damped cycle),1987,2025,39,20260919T085500Z
GBR,United Kingdom,COFOG,GF01_7,Public debt transactions (interest),uc,2029,3.380601814901053,0.759739636509138,2.406955964253494,4.354247665548612,1.8915394779700567,4.869664151832049,UC(local linear trend + damped cycle),1987,2025,39,20260919T085500Z
GBR,United Kingdom,COFOG,GF01_7,Public debt transactions (interest),uc,2030,3.5957566811350916,0.8741747620054444,2.47545626653749,4.716057095732693,1.8824056178958528,5.30910774437433,UC(local linear trend + damped cycle),1987,2025,39,20260919T085500Z
GBR,United Kingdom,COFOG,GF01_7,Public debt transactions (interest),uc,2031,3.673945158942045,1.0002129391353816,2.3921202663672183,4.955770051516872,1.713563805902506,5.634326511981584,UC(local linear trend + damped cycle),1987,2025,39,20260919T085500Z
GBR,United Kingdom,COFOG,GF01_X,General public services excluding interest,auto.arima,2025,3.147786,0.43139257254884483,2.5949339858648828,3.700638014135117,2.302272087936876,3.993299912063124,"ARIMA(0, 1, 0)",1995,2024,30,20260919T085500Z
GBR,United Kingdom,COFOG,GF01_X,General public services excluding interest,auto.arima,2026,3.147786,0.6100812267345096,2.3659351837159357,3.9296368162840642,1.9520487585245236,4.343523241475476,"ARIMA(0, 1, 0)",1995,2024,30,20260919T085500Z
GBR,United Kingdom,COFOG,GF01_X,General public services excluding interest,auto.arima,2027,3.147786,0.747193853546359,2.1902182225999565,4.105353777400044,1.683312946027864,4.612259053972136,"ARIMA(0, 1, 0)",1995,2024,30,20260919T085500Z
GBR,United Kingdom,COFOG,GF01_X,General public services excluding interest,auto.arima,2028,3.147786,0.8627851449468932,2.042081971923019,4.253490028076981,1.4567581761693074,4.838813823830693,"ARIMA(0, 1, 0)",1995,2024,30,20260919T085500Z
GBR,United Kingdom,COFOG,GF01_X,General public services excluding interest,auto.arima,2029,3.147786,0.9646231170278915,1.9115713151266716,4.384000684873328,1.2571594170575455,5.038412582942454,"ARIMA(0, 1, 0)",1995,2024,30,20260919T085500Z
GBR,United Kingdom,COFOG,GF01_X,General public services excluding interest,auto.arima,2030,3.147786,1.0566916813660354,1.7935806623619945,4.501991337638005,1.0767083454231,5.2188636545769,"ARIMA(0, 1, 0)",1995,2024,30,20260919T085500Z
GBR,United Kingdom,COFOG,GF01_X,General public services excluding interest,auto.arima,2031,3.147786,1.1413574641766502,1.6850770590694855,4.610494940930515,0.9107664590824758,5.384805540917524,"ARIMA(0, 1, 0)",1995,2024,30,20260919T085500Z
GBR,United Kingdom,COFOG,GF01_X,General public services excluding interest,combination,2025,2.954135901406376,0.5867245270995183,2.2022179102529345,3.706053892559818,1.804176950374296,4.104094852438457,mean of 4 + between-model variance,1995,2024,30,20260919T085500Z
GBR,United Kingdom,COFOG,GF01_X,General public services excluding interest,combination,2026,3.0326021018591733,0.7589019527990951,2.0600297864455874,4.005174417272759,1.5451815948432477,4.520022608875099,mean of 4 + between-model variance,1995,2024,30,20260919T085500Z
GBR,United Kingdom,COFOG,GF01_X,General public services excluding interest,combination,2027,3.1110683023119705,0.961201442286068,1.8792386715473754,4.342897933076566,1.2271480786831996,4.994988525940741,mean of 4 + between-model variance,1995,2024,30,20260919T085500Z
GBR,United Kingdom,COFOG,GF01_X,General public services excluding interest,combination,2028,3.189551549738251,1.1880226827200906,1.6670387046529536,4.712064394823549,0.8610698604234517,5.51803323905305,mean of 4 + between-model variance,1995,2024,30,20260919T085500Z
GBR,United Kingdom,COFOG,GF01_X,General public services excluding interest,combination,2029,3.2680177501910483,1.435498187722462,1.4283521767189518,5.107683323663145,0.454492980189781,6.081542520192316,mean of 4 + between-model variance,1995,2024,30,20260919T085500Z
GBR,United Kingdom,COFOG,GF01_X,General public services excluding interest,combination,2030,3.346483950643846,1.7007265912778917,1.1669143861384814,5.5260535151492105,0.013121057896464006,6.679846843391228,mean of 4 + between-model variance,1995,2024,30,20260919T085500Z
GBR,United Kingdom,COFOG,GF01_X,General public services excluding interest,combination,2031,3.4249501510966436,1.9819610113603108,0.8849640530658145,5.964936249127472,-0.45962208057315657,7.309522382766444,mean of 4 + between-model variance,1995,2024,30,20260919T085500Z
GBR,United Kingdom,COFOG,GF01_X,General public services excluding interest,ets,2025,2.681609015008009,0.3542531068503949,2.2276152374176714,3.1356027925983465,1.9872856786930817,3.3759323513229362,"ETS(M,A,N)",1995,2024,30,20260919T085500Z
GBR,United Kingdom,COFOG,GF01_X,General public services excluding interest,ets,2026,2.7083805945770307,0.3327245689424865,2.2819767577996495,3.134784431354412,2.056252417534239,3.3605087716198225,"ETS(M,A,N)",1995,2024,30,20260919T085500Z
GBR,United Kingdom,COFOG,GF01_X,General public services excluding interest,ets,2027,2.7351521741460525,0.35124004311875456,2.2850197944071264,3.1852845538849786,2.046734334274846,3.423570014017259,"ETS(M,A,N)",1995,2024,30,20260919T085500Z
GBR,United Kingdom,COFOG,GF01_X,General public services excluding interest,ets,2028,2.7619237537150743,0.35199792265467444,2.3108201119411307,3.213027395489018,2.072020497237128,3.4518270101930204,"ETS(M,A,N)",1995,2024,30,20260919T085500Z
GBR,United Kingdom,COFOG,GF01_X,General public services excluding interest,ets,2029,2.788695333284096,0.3490299007300166,2.341395365943742,3.23599530062445,2.10460929292969,3.4727813736385023,"ETS(M,A,N)",1995,2024,30,20260919T085500Z
GBR,United Kingdom,COFOG,GF01_X,General public services excluding interest,ets,2030,2.815466912853118,0.3468845646860105,2.3709163052106317,3.260017520495604,2.135585653912866,3.4953481717933697,"ETS(M,A,N)",1995,2024,30,20260919T085500Z
GBR,United Kingdom,COFOG,GF01_X,General public services excluding interest,ets,2031,2.8422384924221396,0.35099737240700574,2.3924171078191967,3.2920598770250824,2.1542962784098147,3.5301807064344644,"ETS(M,A,N)",1995,2024,30,20260919T085500Z
GBR,United Kingdom,COFOG,GF01_X,General public services excluding interest,prophet,2025,2.650539308227975,0.28777449313237163,2.2817413310051977,3.019337285450752,2.0865116615702792,3.2145669548856706,Prophet(linear trend),1995,2024,30,20260919T085500Z
GBR,United Kingdom,COFOG,GF01_X,General public services excluding interest,prophet,2026,2.675427889512842,0.30653471639265983,2.2825877106503962,3.068268068375288,2.074630880633019,3.276224898392665,Prophet(linear trend),1995,2024,30,20260919T085500Z
GBR,United Kingdom,COFOG,GF01_X,General public services excluding interest,prophet,2027,2.7003164707977088,0.2890362465992741,2.329901490895916,3.0707314506995016,2.133815832768009,3.2668171088274085,Prophet(linear trend),1995,2024,30,20260919T085500Z
GBR,United Kingdom,COFOG,GF01_X,General public services excluding interest,prophet,2028,2.725273239976507,0.30155843308510577,2.338810426939424,3.1117360530135905,2.134229567233291,3.3163169127197234,Prophet(linear trend),1995,2024,30,20260919T085500Z
GBR,United Kingdom,COFOG,GF01_X,General public services excluding interest,prophet,2029,2.750161821261374,0.3198620261136171,2.340242001971416,3.160081640551332,2.1232437651116243,3.3770798774111235,Prophet(linear trend),1995,2024,30,20260919T085500Z
GBR,United Kingdom,COFOG,GF01_X,General public services excluding interest,prophet,2030,2.7750504025462406,0.32330444021321597,2.3607189505821133,3.189381854510368,2.1413853386881847,3.4087154664042965,Prophet(linear trend),1995,2024,30,20260919T085500Z
GBR,United Kingdom,COFOG,GF01_X,General public services excluding interest,prophet,2031,2.7999389838311073,0.293125097648119,2.424283928689965,3.1755940389722497,2.2254243449443094,3.374453622717905,Prophet(linear trend),1995,2024,30,20260919T085500Z
GBR,United Kingdom,COFOG,GF01_X,General public services excluding interest,uc,2025,3.33660928238952,0.7180550010123615,2.416384459732126,4.256834105046914,1.9292473303853277,4.743971234393712,UC(local linear trend + damped cycle),1995,2024,30,20260919T085500Z
GBR,United Kingdom,COFOG,GF01_X,General public services excluding interest,uc,2026,3.598813923346821,0.9856227508160885,2.335687115792961,4.861940730900681,1.667028814166317,5.530599032527325,UC(local linear trend + damped cycle),1995,2024,30,20260919T085500Z
GBR,United Kingdom,COFOG,GF01_X,General public services excluding interest,uc,2027,3.861018564304122,1.3286652047718068,2.1582650137984034,5.563772114809841,1.2568825948987525,6.465154533709492,UC(local linear trend + damped cycle),1995,2024,30,20260919T085500Z
GBR,United Kingdom,COFOG,GF01_X,General public services excluding interest,uc,2028,4.123223205261423,1.7292996683855983,1.907035756642523,6.339410653880323,0.7338581100137125,7.512588300509134,UC(local linear trend + damped cycle),1995,2024,30,20260919T085500Z
GBR,United Kingdom,COFOG,GF01_X,General public services excluding interest,uc,2029,4.385427846218724,2.1771559101985654,1.5952893351919326,7.175566357245517,0.11828063984230308,8.652575052595147,UC(local linear trend + damped cycle),1995,2024,30,20260919T085500Z
GBR,United Kingdom,COFOG,GF01_X,General public services excluding interest,uc,2030,4.6476324871760255,2.665918241307842,1.2311196331914775,8.064145341160573,-0.5774712927306584,9.87273626708271,UC(local linear trend + damped cycle),1995,2024,30,20260919T085500Z
GBR,United Kingdom,COFOG,GF01_X,General public services excluding interest,uc,2031,4.909837128133327,3.1913933131814347,0.8199006448390325,8.99977361142762,-1.3451788755430112,11.164853131809664,UC(local linear trend + damped cycle),1995,2024,30,20260919T085500Z
GBR,United Kingdom,COFOG,GF02,Defence,auto.arima,2026,2.2492520587177562,0.08966031087541335,2.1343477079947486,2.364156409440764,2.0735210771731376,2.424983040262375,"ARIMA(2, 0, 0)+drift",1995,2025,31,20260919T085500Z
GBR,United Kingdom,COFOG,GF02,Defence,auto.arima,2027,2.2472778421907593,0.14802626291014095,2.0575744889057423,2.4369811954757763,1.9571516958323478,2.537403988549171,"ARIMA(2, 0, 0)+drift",1995,2025,31,20260919T085500Z
GBR,United Kingdom,COFOG,GF02,Defence,auto.arima,2028,2.2458394122733742,0.18407969794917686,2.009931707207211,2.4817471173395376,1.8850498311621138,2.6066289933846347,"ARIMA(2, 0, 0)+drift",1995,2025,31,20260919T085500Z
GBR,United Kingdom,COFOG,GF02,Defence,auto.arima,2029,2.244947317488684,0.20243664145762338,1.9855142347553838,2.5043804002219843,1.8481787879508347,2.6417158470265334,"ARIMA(2, 0, 0)+drift",1995,2025,31,20260919T085500Z
GBR,United Kingdom,COFOG,GF02,Defence,auto.arima,2030,2.2445022037097484,0.2098712001842545,1.9755413473712167,2.51346306004828,1.8331622067118163,2.6558422007076805,"ARIMA(2, 0, 0)+drift",1995,2025,31,20260919T085500Z
GBR,United Kingdom,COFOG,GF02,Defence,auto.arima,2031,2.244368223895862,0.21202875316171374,1.9726423512239615,2.5160940965677625,1.828799500734017,2.659936947057707,"ARIMA(2, 0, 0)+drift",1995,2025,31,20260919T085500Z
GBR,United Kingdom,COFOG,GF02,Defence,combination,2026,2.2041926266102667,0.16152469574600048,1.9971903297275884,2.4111949234929453,1.8876100378371525,2.520775215383381,mean of 4 + between-model variance,1995,2025,31,20260919T085500Z
GBR,United Kingdom,COFOG,GF02,Defence,combination,2027,2.204235428458942,0.20248850532922202,1.9447358794772667,2.463734977440617,1.8073652475998585,2.601105609318025,mean of 4 + between-model variance,1995,2025,31,20260919T085500Z
GBR,United Kingdom,COFOG,GF02,Defence,combination,2028,2.2044620904779313,0.25113972260269274,1.882613476697005,2.5263107042588575,1.7122372752066672,2.6966869057491953,mean of 4 + between-model variance,1995,2025,31,20260919T085500Z
GBR,United Kingdom,COFOG,GF02,Defence,combination,2029,2.204789384994127,0.3092164372507783,1.8085124414025178,2.6010663285857367,1.5987362997743428,2.8108424702139114,mean of 4 + between-model variance,1995,2025,31,20260919T085500Z
GBR,United Kingdom,COFOG,GF02,Defence,combination,2030,2.2052607398879136,0.37292764475759443,1.7273345708935288,2.6831869088822984,1.4743359815582397,2.9361854982175872,mean of 4 + between-model variance,1995,2025,31,20260919T085500Z
GBR,United Kingdom,COFOG,GF02,Defence,combination,2031,2.2057855495971044,0.4461639875354771,1.6340031990430386,2.77756790015117,1.3313201959311205,3.0802509032630883,mean of 4 + between-model variance,1995,2025,31,20260919T085500Z
GBR,United Kingdom,COFOG,GF02,Defence,ets,2026,2.2515382031115805,0.10451839650050619,2.117592443039564,2.385483963183597,2.0466859086328624,2.4563904975902986,"ETS(A,N,N)",1995,2025,31,20260919T085500Z
GBR,United Kingdom,COFOG,GF02,Defence,ets,2027,2.2515382031115805,0.14780394346658543,2.062119763754091,2.44095664246907,1.9618477948590378,2.541228611364123,"ETS(A,N,N)",1995,2025,31,20260919T085500Z
GBR,United Kingdom,COFOG,GF02,Defence,ets,2028,2.2515382031115805,0.181019104520794,2.019552807674748,2.483523598548413,1.896747274938587,2.606329131284574,"ETS(A,N,N)",1995,2025,31,20260919T085500Z
GBR,United Kingdom,COFOG,GF02,Defence,ets,2029,2.2515382031115805,0.20902111543752386,1.9836667745803909,2.51940963164277,1.8418643416141895,2.6612120646089714,"ETS(A,N,N)",1995,2025,31,20260919T085500Z
GBR,United Kingdom,COFOG,GF02,Defence,ets,2030,2.2515382031115805,0.23369154284223306,1.952050338999031,2.55102606722413,1.793511192036346,2.709565214186815,"ETS(A,N,N)",1995,2025,31,20260919T085500Z
GBR,United Kingdom,COFOG,GF02,Defence,ets,2031,2.2515382031115805,0.25599540560959255,1.9234667790617959,2.579609627161365,1.749796423951381,2.75327998227178,"ETS(A,N,N)",1995,2025,31,20260919T085500Z
GBR,United Kingdom,COFOG,GF02,Defence,prophet,2026,2.05187776957927,0.18362839823279498,1.8165484285672349,2.2872071105913045,1.691972719665328,2.4117828194932116,Prophet(linear trend),1995,2025,31,20260919T085500Z
GBR,United Kingdom,COFOG,GF02,Defence,prophet,2027,2.0417597995852663,0.1788261881771075,1.812584740474518,2.2709348586960147,1.69126690850091,2.392252690669623,Prophet(linear trend),1995,2025,31,20260919T085500Z
GBR,United Kingdom,COFOG,GF02,Defence,prophet,2028,2.031614109125526,0.170655733288835,1.8129099128177533,2.250318305433299,1.697135015485808,2.3660932027652444,Prophet(linear trend),1995,2025,31,20260919T085500Z
GBR,United Kingdom,COFOG,GF02,Defence,prophet,2029,2.021496139131523,0.17555912262270945,1.7965079944161446,2.2464842838469017,1.677406578919427,2.3655856993436193,Prophet(linear trend),1995,2025,31,20260919T085500Z
GBR,United Kingdom,COFOG,GF02,Defence,prophet,2030,2.0113781691375197,0.16504751088917954,1.7998612014624698,2.2228951368125696,1.6878909895051197,2.3348653487699194,Prophet(linear trend),1995,2025,31,20260919T085500Z
GBR,United Kingdom,COFOG,GF02,Defence,prophet,2031,2.001260199143516,0.16834804057952402,1.785513431042746,2.2170069672442865,1.6713041001371098,2.3312162981499225,Prophet(linear trend),1995,2025,31,20260919T085500Z
GBR,United Kingdom,COFOG,GF02,Defence,uc,2026,2.2641024750324594,0.10131060469624216,2.134267666962781,2.393937283102138,2.065537337009594,2.462667613055325,UC(local linear trend + damped cycle),1995,2025,31,20260919T085500Z
GBR,United Kingdom,COFOG,GF02,Defence,uc,2027,2.276365868948162,0.20169618318515625,2.0178817219948586,2.5348500159014655,1.8810486109678504,2.6716831269284738,UC(local linear trend + damped cycle),1995,2025,31,20260919T085500Z
GBR,United Kingdom,COFOG,GF02,Defence,uc,2028,2.2888566374012433,0.31927814505439195,1.8796850920504973,2.6980281827519894,1.663082967107857,2.9146303076946296,UC(local linear trend + damped cycle),1995,2025,31,20260919T085500Z
GBR,United Kingdom,COFOG,GF02,Defence,uc,2029,2.30117588024472,0.4524613628962551,1.7213231157022983,2.8810286447871416,1.4143678975771241,3.187983862912316,UC(local linear trend + damped cycle),1995,2025,31,20260919T085500Z
GBR,United Kingdom,COFOG,GF02,Defence,uc,2030,2.313624383592806,0.5997629576592758,1.5449969656786458,3.082251801506966,1.138110578047101,3.4891381891385107,UC(local linear trend + damped cycle),1995,2025,31,20260919T085500Z
GBR,United Kingdom,COFOG,GF02,Defence,uc,2031,2.325975572237459,0.7600048646949031,1.3519898178779763,3.299961326596941,0.8363933976105777,3.8155577468643402,UC(local linear trend + damped cycle),1995,2025,31,20260919T085500Z
GBR,United Kingdom,COFOG,GF03,Public order and safety,auto.arima,2025,2.2033208127941295,0.07201220243534964,2.1110334307387024,2.2956081948495566,2.062179488460132,2.344462137128127,"ARIMA(3, 0, 1)+drift",1995,2024,30,20260919T085500Z
GBR,United Kingdom,COFOG,GF03,Public order and safety,auto.arima,2026,2.2404294462522243,0.09718044830721982,2.11588764836321,2.3649712441412385,2.0499592660662125,2.430899626438236,"ARIMA(3, 0, 1)+drift",1995,2024,30,20260919T085500Z
GBR,United Kingdom,COFOG,GF03,Public order and safety,auto.arima,2027,2.2626857269242957,0.11121798501864008,2.1201540957876874,2.405217358060904,2.044702480135222,2.4806689737133696,"ARIMA(3, 0, 1)+drift",1995,2024,30,20260919T085500Z
GBR,United Kingdom,COFOG,GF03,Public order and safety,auto.arima,2028,2.2686460744510653,0.11765170756593928,2.1178692933165206,2.41942285558561,2.0380529630832966,2.499239185818834,"ARIMA(3, 0, 1)+drift",1995,2024,30,20260919T085500Z
GBR,United Kingdom,COFOG,GF03,Public order and safety,auto.arima,2029,2.258413178485003,0.1192698849742392,2.1055626188564966,2.411263738113509,2.024648497651353,2.4921778593186525,"ARIMA(3, 0, 1)+drift",1995,2024,30,20260919T085500Z
GBR,United Kingdom,COFOG,GF03,Public order and safety,auto.arima,2030,2.2335483355321153,0.11917342697379328,2.0808213918469964,2.386275279217234,1.9999727089068515,2.467123962157379,"ARIMA(3, 0, 1)+drift",1995,2024,30,20260919T085500Z
GBR,United Kingdom,COFOG,GF03,Public order and safety,auto.arima,2031,2.1968733531962275,0.12047776525724486,2.042474832175275,2.35127187421718,1.9607412704915768,2.433005435900878,"ARIMA(3, 0, 1)+drift",1995,2024,30,20260919T085500Z
GBR,United Kingdom,COFOG,GF03,Public order and safety,combination,2025,2.159982238969429,0.14653612697535603,1.9721885723719075,2.3477759055669503,1.8727767053983022,2.4471877725405555,mean of 4 + between-model variance,1995,2024,30,20260919T085500Z
GBR,United Kingdom,COFOG,GF03,Public order and safety,combination,2026,2.179848097394428,0.17536065850015506,1.955114294772237,2.4045819000166184,1.83614751971783,2.5235486750710256,mean of 4 + between-model variance,1995,2024,30,20260919T085500Z
GBR,United Kingdom,COFOG,GF03,Public order and safety,combination,2027,2.196000867583566,0.21694286757640305,1.9179773017552915,2.4740244334118406,1.7708006570770487,2.6212010780900834,mean of 4 + between-model variance,1995,2024,30,20260919T085500Z
GBR,United Kingdom,COFOG,GF03,Public order and safety,combination,2028,2.208081468676521,0.25071634377819907,1.8867754368748826,2.5293875004781596,1.716686460659627,2.699476476693415,mean of 4 + between-model variance,1995,2024,30,20260919T085500Z
GBR,United Kingdom,COFOG,GF03,Public order and safety,combination,2029,2.2161119446975888,0.28937488745842077,1.8452629789254746,2.5869609104697027,1.6489475827750324,2.783276306620145,mean of 4 + between-model variance,1995,2024,30,20260919T085500Z
GBR,United Kingdom,COFOG,GF03,Public order and safety,combination,2030,2.2204844339749177,0.3341030537804321,1.7923139971964974,2.648654870753338,1.5656544762752067,2.8753143916746287,mean of 4 + between-model variance,1995,2024,30,20260919T085500Z
GBR,United Kingdom,COFOG,GF03,Public order and safety,combination,2031,2.2219043884058594,0.3823882236094362,1.7318539956627392,2.7119547811489797,1.4724372361074143,2.9713715407043044,mean of 4 + between-model variance,1995,2024,30,20260919T085500Z
GBR,United Kingdom,COFOG,GF03,Public order and safety,ets,2025,2.1532704555559703,0.09789901892424818,2.0278077720555623,2.2787331390563783,1.9613919028291251,2.3451490082828155,"ETS(A,N,N)",1995,2024,30,20260919T085500Z
GBR,United Kingdom,COFOG,GF03,Public order and safety,ets,2026,2.1532704555559703,0.1384431979727481,1.9758482983075991,2.3306926128043415,1.881926771484511,2.4246141396274297,"ETS(A,N,N)",1995,2024,30,20260919T085500Z
GBR,United Kingdom,COFOG,GF03,Public order and safety,ets,2027,2.1532704555559703,0.16955477057137827,1.9359772002206794,2.370563710891261,1.8209492092078094,2.485591701904131,"ETS(A,N,N)",1995,2024,30,20260919T085500Z
GBR,United Kingdom,COFOG,GF03,Public order and safety,ets,2028,2.1532704555559703,0.1957833531792322,1.9023639077224188,2.404177003389522,1.7695421315253896,2.536998779586551,"ETS(A,N,N)",1995,2024,30,20260919T085500Z
GBR,United Kingdom,COFOG,GF03,Public order and safety,ets,2029,2.1532704555559703,0.21889134871139868,1.87274980983218,2.433791101279761,1.7242512921701825,2.582289618941758,"ETS(A,N,N)",1995,2024,30,20260919T085500Z
GBR,United Kingdom,COFOG,GF03,Public order and safety,ets,2030,2.1532704555559703,0.23978265929646866,1.8459765089692624,2.4605644021426785,1.6833050755106265,2.623235835601314,"ETS(A,N,N)",1995,2024,30,20260919T085500Z
GBR,United Kingdom,COFOG,GF03,Public order and safety,ets,2031,2.1532704555559703,0.25899425641870444,1.8213558482540668,2.485185062857874,1.6456510367685406,2.6608898743434,"ETS(A,N,N)",1995,2024,30,20260919T085500Z
GBR,United Kingdom,COFOG,GF03,Public order and safety,prophet,2025,2.0903606250946067,0.224815764617281,1.802247532317801,2.3784737178714126,1.6497298198122623,2.530991430376951,Prophet(linear trend),1995,2024,30,20260919T085500Z
GBR,United Kingdom,COFOG,GF03,Public order and safety,prophet,2026,2.0930093630646787,0.21284102601024,1.8202425204992037,2.3657762056301537,1.6758486143615445,2.510170111767813,Prophet(linear trend),1995,2024,30,20260919T085500Z
GBR,United Kingdom,COFOG,GF03,Public order and safety,prophet,2027,2.095658101034751,0.23754675850074536,1.7912295775846039,2.4000866244848984,1.6300750060565963,2.561241196012906,Prophet(linear trend),1995,2024,30,20260919T085500Z
GBR,United Kingdom,COFOG,GF03,Public order and safety,prophet,2028,2.09831409582118,0.22759103720150242,1.8066443469135203,2.3899838447288397,1.6522438561835746,2.5443843354587856,Prophet(linear trend),1995,2024,30,20260919T085500Z
GBR,United Kingdom,COFOG,GF03,Public order and safety,prophet,2029,2.1009628337912525,0.22281415514936653,1.8154149076312716,2.3865107599512334,1.6642551110080794,2.5376705565744255,Prophet(linear trend),1995,2024,30,20260919T085500Z
GBR,United Kingdom,COFOG,GF03,Public order and safety,prophet,2030,2.103611571761325,0.2270909676115603,1.8125826880367946,2.394640455485855,1.6585214505175006,2.548701693005149,Prophet(linear trend),1995,2024,30,20260919T085500Z
GBR,United Kingdom,COFOG,GF03,Public order and safety,prophet,2031,2.106260309731397,0.22227983828002437,1.8213971384239553,2.391123481038839,1.6705998287767274,2.541920790686067,Prophet(linear trend),1995,2024,30,20260919T085500Z
GBR,United Kingdom,COFOG,GF03,Public order and safety,uc,2025,2.1929770624330103,0.1005009094178255,2.0641799209667773,2.3217742038992433,1.9959988980068113,2.3899552268592092,UC(local linear trend + damped cycle),1995,2024,30,20260919T085500Z
GBR,United Kingdom,COFOG,GF03,Public order and safety,uc,2026,2.2326831247048387,0.17170210314927029,2.012637951009685,2.4527282983999923,1.8961531838079821,2.569213065601695,UC(local linear trend + damped cycle),1995,2024,30,20260919T085500Z
GBR,United Kingdom,COFOG,GF03,Public order and safety,uc,2027,2.2723891868192467,0.24726767282483444,1.9555028061752344,2.589275567463259,1.7877534497187928,2.7570249239197007,UC(local linear trend + damped cycle),1995,2024,30,20260919T085500Z
GBR,United Kingdom,COFOG,GF03,Public order and safety,uc,2028,2.3120952488778688,0.3287510698546926,1.8907836578034478,2.73340683995229,1.667754987001186,2.9564355107545515,UC(local linear trend + damped cycle),1995,2024,30,20260919T085500Z
GBR,United Kingdom,COFOG,GF03,Public order and safety,uc,2029,2.3518013109581304,0.4162778730215324,1.8183195702316395,2.8852830516846213,1.5359116658393557,3.167690956076905,UC(local linear trend + damped cycle),1995,2024,30,20260919T085500Z
GBR,United Kingdom,COFOG,GF03,Public order and safety,uc,2030,2.3915073730502603,0.5096754560573187,1.7383317729890915,3.044682973111429,1.3925618274943337,3.390452918606187,UC(local linear trend + damped cycle),1995,2024,30,20260919T085500Z
GBR,United Kingdom,COFOG,GF03,Public order and safety,uc,2031,2.4312134351398416,0.6087039003899894,1.65112773418725,3.2112991360924332,1.2381757037158763,3.624251166563807,UC(local linear trend + damped cycle),1995,2024,30,20260919T085500Z
GBR,United Kingdom,COFOG,GF04,Economic affairs,auto.arima,2025,3.971277,1.1651280666787267,2.4781047958917446,5.464449204108256,1.6876679339200962,6.254886066079904,"ARIMA(0, 1, 0)",1995,2024,30,20260919T085500Z
GBR,United Kingdom,COFOG,GF04,Economic affairs,auto.arima,2026,3.971277,1.6477399137942794,1.8596126179971137,6.082941382002886,0.7417660876001091,7.200787912399891,"ARIMA(0, 1, 0)",1995,2024,30,20260919T085500Z
GBR,United Kingdom,COFOG,GF04,Economic affairs,auto.arima,2027,3.971277,2.0180610088049993,1.3850268780439356,6.557527121956065,0.015950072938518467,7.926603927061482,"ARIMA(0, 1, 0)",1995,2024,30,20260919T085500Z
GBR,United Kingdom,COFOG,GF04,Economic affairs,auto.arima,2028,3.971277,2.33025613334829,0.9849325917952321,6.957621408204768,-0.595941132141848,8.538495132141849,"ARIMA(0, 1, 0)",1995,2024,30,20260919T085500Z
GBR,United Kingdom,COFOG,GF04,Economic affairs,auto.arima,2029,3.971277,2.6053055595756125,0.6324424495147549,7.310111550485246,-1.1350281057680554,9.077582105768055,"ARIMA(0, 1, 0)",1995,2024,30,20260919T085500Z
GBR,United Kingdom,COFOG,GF04,Economic affairs,auto.arima,2030,3.971277,2.8539692483458654,0.31376700184385964,7.628786998156141,-1.6223999838649559,9.564953983864957,"ARIMA(0, 1, 0)",1995,2024,30,20260919T085500Z
GBR,United Kingdom,COFOG,GF04,Economic affairs,auto.arima,2031,3.971277,3.0826391099595387,0.020714683353133534,7.921839316646867,-2.0705846805127375,10.013138680512737,"ARIMA(0, 1, 0)",1995,2024,30,20260919T085500Z
GBR,United Kingdom,COFOG,GF04,Economic affairs,combination,2025,4.604764139140185,1.2386013602714592,3.017432088681576,6.192096189598794,2.1771500626570948,7.032378215623275,mean of 4 + between-model variance,1995,2024,30,20260919T085500Z
GBR,United Kingdom,COFOG,GF04,Economic affairs,combination,2026,4.7202784576671615,1.4320641843459267,2.8850137380902705,6.555543177244052,1.9134842106597816,7.527072704674541,mean of 4 + between-model variance,1995,2024,30,20260919T085500Z
GBR,United Kingdom,COFOG,GF04,Economic affairs,combination,2027,4.750451166344929,1.6099285835981028,2.687243970177613,6.813658362512244,1.595049099921657,7.905853232768201,mean of 4 + between-model variance,1995,2024,30,20260919T085500Z
GBR,United Kingdom,COFOG,GF04,Economic affairs,combination,2028,4.840190234070762,1.7714670959167913,2.569963034364406,7.110417433777117,1.3681784988893035,8.31220196925222,mean of 4 + between-model variance,1995,2024,30,20260919T085500Z
GBR,United Kingdom,COFOG,GF04,Economic affairs,combination,2029,4.928469339384592,1.937050396035134,2.4460385302449743,7.41090014852421,1.1319202969699869,8.725018381799197,mean of 4 + between-model variance,1995,2024,30,20260919T085500Z
GBR,United Kingdom,COFOG,GF04,Economic affairs,combination,2030,4.984920774247591,2.0757445062392015,2.32474625078773,7.645095297707453,0.9165362688209804,9.053305279674202,mean of 4 + between-model variance,1995,2024,30,20260919T085500Z
GBR,United Kingdom,COFOG,GF04,Economic affairs,combination,2031,5.068177615659337,2.215874088266053,2.2284197460938002,7.907935485224874,0.7251441741250506,9.411211057193624,mean of 4 + between-model variance,1995,2024,30,20260919T085500Z
GBR,United Kingdom,COFOG,GF04,Economic affairs,ets,2025,5.000215151823375,1.252259404693096,3.3953796072201285,6.605050696426622,2.545831799963476,7.454598503683274,"ETS(M,A,N)",1995,2024,30,20260919T085500Z
GBR,United Kingdom,COFOG,GF04,Economic affairs,ets,2026,5.109370838710369,1.2470285987854155,3.511238843879722,6.707502833541016,2.6652396781205105,7.553501999300227,"ETS(M,A,N)",1995,2024,30,20260919T085500Z
GBR,United Kingdom,COFOG,GF04,Economic affairs,ets,2027,5.218526525597363,1.3409962717162431,3.499970071586868,6.937082979607858,2.590222108899308,7.846830942295417,"ETS(M,A,N)",1995,2024,30,20260919T085500Z
GBR,United Kingdom,COFOG,GF04,Economic affairs,ets,2028,5.327682212484357,1.3153275145301602,3.6420216055832006,7.013342819385512,2.7496876357957656,7.905676789172947,"ETS(M,A,N)",1995,2024,30,20260919T085500Z
GBR,United Kingdom,COFOG,GF04,Economic affairs,ets,2029,5.43683789937135,1.3734216521096747,3.6767266342668927,7.196949164475808,2.744980904415864,8.128694894326838,"ETS(M,A,N)",1995,2024,30,20260919T085500Z
GBR,United Kingdom,COFOG,GF04,Economic affairs,ets,2030,5.545993586258344,1.3806761131750822,3.7765853520665913,7.315401820450097,2.839918108775257,8.25206906374143,"ETS(M,A,N)",1995,2024,30,20260919T085500Z
GBR,United Kingdom,COFOG,GF04,Economic affairs,ets,2031,5.655149273145338,1.4219418581262624,3.83285684097991,7.477441705310766,2.8681944211247563,8.442104125165919,"ETS(M,A,N)",1995,2024,30,20260919T085500Z
GBR,United Kingdom,COFOG,GF04,Economic affairs,prophet,2025,4.96319439607174,0.9651623745905836,3.7262886245904285,6.200100167553052,3.0715108877196817,6.854877904423799,Prophet(linear trend),1995,2024,30,20260919T085500Z
GBR,United Kingdom,COFOG,GF04,Economic affairs,prophet,2026,5.070987016909521,1.0100230624734687,3.7765899411505215,6.36538409266852,3.091378175291771,7.05059585852727,Prophet(linear trend),1995,2024,30,20260919T085500Z
GBR,United Kingdom,COFOG,GF04,Economic affairs,prophet,2027,5.178779637747302,0.9242213256657366,3.9943419493977257,6.363217326096878,3.367339111410182,6.9902201640844215,Prophet(linear trend),1995,2024,30,20260919T085500Z
GBR,United Kingdom,COFOG,GF04,Economic affairs,prophet,2028,5.286867580833953,0.9386518468550177,4.083936429193212,6.489798732474695,3.4471437524646054,7.126591409203302,Prophet(linear trend),1995,2024,30,20260919T085500Z
GBR,United Kingdom,COFOG,GF04,Economic affairs,prophet,2029,5.394660201671734,0.998883586843866,4.1145389431848045,6.674781460158664,3.4368843312668833,7.352436072076586,Prophet(linear trend),1995,2024,30,20260919T085500Z
GBR,United Kingdom,COFOG,GF04,Economic affairs,prophet,2030,5.502452822509515,0.9706101510737174,4.25856544218069,6.746340202838339,3.600091868370467,7.404813776648562,Prophet(linear trend),1995,2024,30,20260919T085500Z
GBR,United Kingdom,COFOG,GF04,Economic affairs,prophet,2031,5.610245443347296,0.9378965176197855,4.4082822853986245,6.812208601295967,3.7720020330871504,7.448488853607441,Prophet(linear trend),1995,2024,30,20260919T085500Z
GBR,United Kingdom,COFOG,GF04,Economic affairs,uc,2025,4.484370008665626,1.1597896108498258,2.9980393133018097,5.970700704029442,2.2112241238259576,6.757515893505294,UC(local linear trend + damped cycle),1995,2024,30,20260919T085500Z
GBR,United Kingdom,COFOG,GF04,Economic affairs,uc,2026,4.729478975048755,1.3412635705775917,3.010579963647901,6.448377986449609,2.100650662205216,7.358307287892294,UC(local linear trend + damped cycle),1995,2024,30,20260919T085500Z
GBR,United Kingdom,COFOG,GF04,Economic affairs,uc,2027,4.633221502035051,1.509271530546414,2.699011553520233,6.5674314505498685,1.675103635939179,7.591339368130923,UC(local linear trend + damped cycle),1995,2024,30,20260919T085500Z
GBR,United Kingdom,COFOG,GF04,Economic affairs,uc,2028,4.774934142964735,1.7075962885608327,2.586560704167023,6.9633075817624475,1.4281068908518915,8.121761395077579,UC(local linear trend + damped cycle),1995,2024,30,20260919T085500Z
GBR,United Kingdom,COFOG,GF04,Economic affairs,uc,2029,4.911102256495284,1.8656355565339968,2.5201932777480276,7.30201123524254,1.2545237285686857,8.567680784421883,UC(local linear trend + damped cycle),1995,2024,30,20260919T085500Z
GBR,United Kingdom,COFOG,GF04,Economic affairs,uc,2030,4.919959688222507,2.022108372103991,2.328522659735893,7.511396716709121,0.9567000748000805,8.883219301644933,UC(local linear trend + damped cycle),1995,2024,30,20260919T085500Z
GBR,United Kingdom,COFOG,GF04,Economic affairs,uc,2031,5.036038746144717,2.1861755023000784,2.234341158821047,7.837736333468387,0.7512134639546462,9.320864028334789,UC(local linear trend + damped cycle),1995,2024,30,20260919T085500Z
GBR,United Kingdom,COFOG,GF04_5,Transport,auto.arima,2025,1.977785,0.1710411199539131,1.7585869106408227,2.1969830893591773,1.6425505623706487,2.313019437629351,"ARIMA(0, 1, 0)",1995,2024,30,20260919T085500Z
GBR,United Kingdom,COFOG,GF04_5,Transport,auto.arima,2026,1.977785,0.24188867178064133,1.6677920889021753,2.2877779110978245,1.503691911302127,2.451878088697873,"ARIMA(0, 1, 0)",1995,2024,30,20260919T085500Z
GBR,United Kingdom,COFOG,GF04_5,Transport,auto.arima,2027,1.977785,0.2962519103001985,1.5981227718509599,2.3574472281490397,1.3971419208803817,2.558428079119618,"ARIMA(0, 1, 0)",1995,2024,30,20260919T085500Z
GBR,United Kingdom,COFOG,GF04_5,Transport,auto.arima,2028,1.977785,0.34208224037098256,1.5393888206880866,2.4161811793119132,1.3073161238335276,2.6482538761664722,"ARIMA(0, 1, 0)",1995,2024,30,20260919T085500Z
GBR,United Kingdom,COFOG,GF04_5,Transport,auto.arima,2029,1.977785,0.38245957171699174,1.4876431709469458,2.467926829053054,1.228178007979278,2.727391992020722,"ARIMA(0, 1, 0)",1995,2024,30,20260919T085500Z
GBR,United Kingdom,COFOG,GF04_5,Transport,auto.arima,2030,1.977785,0.4189634695515334,1.440861527669293,2.5147084723307067,1.1566316823638982,2.7989383176361016,"ARIMA(0, 1, 0)",1995,2024,30,20260919T085500Z
GBR,United Kingdom,COFOG,GF04_5,Transport,auto.arima,2031,1.977785,0.4525322680642481,1.3978413667977265,2.5577286332022733,1.0908380457557239,2.864731954244276,"ARIMA(0, 1, 0)",1995,2024,30,20260919T085500Z
GBR,United Kingdom,COFOG,GF04_5,Transport,combination,2025,2.023552676401651,0.19831149155413044,1.7694061877774723,2.27769916502583,1.6348692921692514,2.4122360606340507,mean of 4 + between-model variance,1995,2024,30,20260919T085500Z
GBR,United Kingdom,COFOG,GF04_5,Transport,combination,2026,2.037322705512377,0.25373036155325546,1.7121540532030795,2.362491357821675,1.5400203311610123,2.534625079863742,mean of 4 + between-model variance,1995,2024,30,20260919T085500Z
GBR,United Kingdom,COFOG,GF04_5,Transport,combination,2027,2.051092734618172,0.30199676276870946,1.6640681792984071,2.4381172899379373,1.4591899514749613,2.642995517761383,mean of 4 + between-model variance,1995,2024,30,20260919T085500Z
GBR,United Kingdom,COFOG,GF04_5,Transport,combination,2028,2.0648828975002016,0.34360998604419224,1.624528832665295,2.5052369623351085,1.3914196948130824,2.7383461001873206,mean of 4 + between-model variance,1995,2024,30,20260919T085500Z
GBR,United Kingdom,COFOG,GF04_5,Transport,combination,2029,2.078652926603784,0.38179841048589125,1.589358410048769,2.5679474431587987,1.3303417867942144,2.8269640664133533,mean of 4 + between-model variance,1995,2024,30,20260919T085500Z
GBR,United Kingdom,COFOG,GF04_5,Transport,combination,2030,2.0924229557066143,0.4187437531603386,1.555781061356476,2.6290648500567526,1.2717002742874643,2.9131456371257642,mean of 4 + between-model variance,1995,2024,30,20260919T085500Z
GBR,United Kingdom,COFOG,GF04_5,Transport,combination,2031,2.1061929848088408,0.45301008676046334,1.5256370021007954,2.686748967516886,1.218309523121456,2.9940764464962255,mean of 4 + between-model variance,1995,2024,30,20260919T085500Z
GBR,United Kingdom,COFOG,GF04_5,Transport,ets,2025,1.9777826574849617,0.16816963115231048,1.762264530342456,2.1933007846274677,1.6481762345331545,2.307389080436769,"ETS(A,N,N)",1995,2024,30,20260919T085500Z
GBR,United Kingdom,COFOG,GF04_5,Transport,ets,2026,1.9777826574849617,0.2378158820635201,1.6730092381946933,2.28255607677523,1.5116720900122167,2.4438932249577068,"ETS(A,N,N)",1995,2024,30,20260919T085500Z
GBR,United Kingdom,COFOG,GF04_5,Transport,ets,2027,1.9777826574849617,0.29125892721322055,1.6045191967970045,2.3510461181729188,1.4069256454684291,2.5486396695014943,"ETS(A,N,N)",1995,2024,30,20260919T085500Z
GBR,United Kingdom,COFOG,GF04_5,Transport,ets,2028,1.9777826574849617,0.3363140371752897,1.546778730514895,2.4087865844550285,1.3186192519267323,2.636946063043191,"ETS(A,N,N)",1995,2024,30,20260919T085500Z
GBR,United Kingdom,COFOG,GF04_5,Transport,ets,2029,1.9777826574849617,0.37600864421032676,1.495908027479929,2.4596572874899945,1.240819251143913,2.7147460638260106,"ETS(A,N,N)",1995,2024,30,20260919T085500Z
GBR,United Kingdom,COFOG,GF04_5,Transport,ets,2030,1.9777826574849617,0.41189545935908806,1.4499172077524038,2.5056481072175196,1.170482385377686,2.7850829295922375,"ETS(A,N,N)",1995,2024,30,20260919T085500Z
GBR,United Kingdom,COFOG,GF04_5,Transport,ets,2031,1.9777826574849617,0.44489688508729774,1.4076241646075651,2.5479411503623584,1.1058007790017212,2.8497645359682022,"ETS(A,N,N)",1995,2024,30,20260919T085500Z
GBR,United Kingdom,COFOG,GF04_5,Transport,prophet,2025,2.135173254840758,0.2115225626235487,1.8640960916654237,2.406250418016092,1.720596646910857,2.5497498627706587,Prophet(linear trend),1995,2024,30,20260919T085500Z
GBR,United Kingdom,COFOG,GF04_5,Transport,prophet,2026,2.164568577838267,0.2109683867512787,1.8942016198603924,2.434935535816142,1.7510781346676838,2.5780590210088503,Prophet(linear trend),1995,2024,30,20260919T085500Z
GBR,United Kingdom,COFOG,GF04_5,Transport,prophet,2027,2.1939639008357763,0.21702061007165482,1.915840703957227,2.4720870977143257,1.7686113178372955,2.619316483834257,Prophet(linear trend),1995,2024,30,20260919T085500Z
GBR,United Kingdom,COFOG,GF04_5,Transport,prophet,2028,2.2234397589647856,0.21345894982275945,1.9498810149015287,2.496998503028043,1.8050679018343707,2.6418116160952003,Prophet(linear trend),1995,2024,30,20260919T085500Z
GBR,United Kingdom,COFOG,GF04_5,Transport,prophet,2029,2.2528350819622944,0.20771883710254582,1.9866325908358526,2.5190375730887364,1.8457136391194404,2.6599565248051484,Prophet(linear trend),1995,2024,30,20260919T085500Z
GBR,United Kingdom,COFOG,GF04_5,Transport,prophet,2030,2.2822304049598037,0.2096786377899925,2.013516327342763,2.550944482576844,1.8712678233223787,2.6931929865972286,Prophet(linear trend),1995,2024,30,20260919T085500Z
GBR,United Kingdom,COFOG,GF04_5,Transport,prophet,2031,2.311625727957313,0.20421650484947979,2.0499116577344525,2.5733397981801733,1.9113687302465072,2.7118827256681186,Prophet(linear trend),1995,2024,30,20260919T085500Z
GBR,United Kingdom,COFOG,GF04_5,Transport,uc,2025,2.003469793280885,0.17971043169513468,1.7731615301211217,2.233778056440648,1.651243816733962,2.355695769827808,UC(local linear trend + damped cycle),1995,2024,30,20260919T085500Z
GBR,United Kingdom,COFOG,GF04_5,Transport,uc,2026,2.0291545867262797,0.2584793108604085,1.6978999089345015,2.360409264518058,1.52254444269507,2.5357647307574895,UC(local linear trend + damped cycle),1995,2024,30,20260919T085500Z
GBR,United Kingdom,COFOG,GF04_5,Transport,uc,2027,2.05483938015195,0.32178742183775344,1.6424520661209332,2.4672266941829664,1.4241476176971393,2.6855311426067603,UC(local linear trend + damped cycle),1995,2024,30,20260919T085500Z
GBR,United Kingdom,COFOG,GF04_5,Transport,uc,2028,2.080524173551058,0.3774951807301163,1.596744469696016,2.5643038774061,1.3406472091465362,2.82040113795558,UC(local linear trend + damped cycle),1995,2024,30,20260919T085500Z
GBR,United Kingdom,COFOG,GF04_5,Transport,uc,2029,2.1062089669678796,0.42857666055409555,1.5569656904814573,2.655452243454302,1.2662141410416323,2.946203792894127,UC(local linear trend + damped cycle),1995,2024,30,20260919T085500Z
GBR,United Kingdom,COFOG,GF04_5,Transport,uc,2030,2.131893760381691,0.4765219537442934,1.5212060975167845,2.742581423246598,1.1979278858332107,3.0658596349301717,UC(local linear trend + damped cycle),1995,2024,30,20260919T085500Z
GBR,United Kingdom,COFOG,GF04_5,Transport,uc,2031,2.1575785537930887,0.5221956211960105,1.4883577110580992,2.826799396528078,1.1340939352912711,3.1810631722949063,UC(local linear trend + damped cycle),1995,2024,30,20260919T085500Z
GBR,United Kingdom,COFOG,GF04_X,Economic affairs excluding transport,auto.arima,2025,1.9934929999999995,1.044635304393335,0.6547385363841123,3.3322474636158868,-0.05395458973997869,4.040940589739978,"ARIMA(0, 1, 0)",1995,2024,30,20260919T085500Z
GBR,United Kingdom,COFOG,GF04_X,Economic affairs excluding transport,auto.arima,2026,1.9934929999999995,1.4773374151740304,0.10020828090889045,3.886777719091109,-0.9020351495941537,4.889021149594153,"ARIMA(0, 1, 0)",1995,2024,30,20260919T085500Z
GBR,United Kingdom,COFOG,GF04_X,Economic affairs excluding transport,auto.arima,2027,1.9934929999999995,1.8093614225359218,-0.32529774977375636,4.312283749773755,-1.552790251159196,5.539776251159195,"ARIMA(0, 1, 0)",1995,2024,30,20260919T085500Z
GBR,United Kingdom,COFOG,GF04_X,Economic affairs excluding transport,auto.arima,2028,1.9934929999999995,2.089270608717153,-0.6840159271426853,4.671001927142685,-2.1014021793437068,6.088388179343706,"ARIMA(0, 1, 0)",1995,2024,30,20260919T085500Z
GBR,United Kingdom,COFOG,GF04_X,Economic affairs excluding transport,auto.arima,2029,1.9934929999999995,2.335875552236778,-1.0000529857201474,4.9870389857201465,-2.5847389908642042,6.571724990864203,"ARIMA(0, 1, 0)",1995,2024,30,20260919T085500Z
GBR,United Kingdom,COFOG,GF04_X,Economic affairs excluding transport,auto.arima,2030,1.9934929999999995,2.558823462966057,-1.2857723266110765,5.272758326611076,-3.0217088697688053,7.008694869768805,"ARIMA(0, 1, 0)",1995,2024,30,20260919T085500Z
GBR,United Kingdom,COFOG,GF04_X,Economic affairs excluding transport,auto.arima,2031,1.9934929999999995,2.763845226077924,-1.5485183771706161,5.535504377170615,-3.4235441446845924,7.410530144684591,"ARIMA(0, 1, 0)",1995,2024,30,20260919T085500Z
GBR,United Kingdom,COFOG,GF04_X,Economic affairs excluding transport,combination,2025,2.612098945598527,1.0832937088521073,1.2238017264316912,4.0003961647653625,0.48888227482191526,4.735315616375139,mean of 4 + between-model variance,1995,2024,30,20260919T085500Z
GBR,United Kingdom,COFOG,GF04_X,Economic affairs excluding transport,combination,2026,2.668530536211148,1.2380218911479333,1.0819411055667318,4.255119966855564,0.24205219834928027,5.095008874073016,mean of 4 + between-model variance,1995,2024,30,20260919T085500Z
GBR,United Kingdom,COFOG,GF04_X,Economic affairs excluding transport,combination,2027,2.724962600995905,1.3623380438503332,0.9790555562234229,4.470869645768388,0.054829079218830845,5.39509612277298,mean of 4 + between-model variance,1995,2024,30,20260919T085500Z
GBR,United Kingdom,COFOG,GF04_X,Economic affairs excluding transport,combination,2028,2.7814470141584664,1.4868443354202532,0.87597868241197,4.686915345904962,-0.13271435686915467,5.6956083851860875,mean of 4 + between-model variance,1995,2024,30,20260919T085500Z
GBR,United Kingdom,COFOG,GF04_X,Economic affairs excluding transport,combination,2029,2.837878843812878,1.6060214118771414,0.7796788913789037,4.896078796246853,-0.3098653066954915,5.985622994321248,mean of 4 + between-model variance,1995,2024,30,20260919T085500Z
GBR,United Kingdom,COFOG,GF04_X,Economic affairs excluding transport,combination,2030,2.894310608501666,1.7106607309331168,0.7020099274528682,5.086611289550463,-0.4585228403409296,6.247144057344261,mean of 4 + between-model variance,1995,2024,30,20260919T085500Z
GBR,United Kingdom,COFOG,GF04_X,Economic affairs excluding transport,combination,2031,2.950742290608176,1.8254021882774303,0.6113944654168586,5.290090115799494,-0.6269802839368093,6.528464865153161,mean of 4 + between-model variance,1995,2024,30,20260919T085500Z
GBR,United Kingdom,COFOG,GF04_X,Economic affairs excluding transport,ets,2025,2.7171953359571783,1.120191060963025,1.2816122413978916,4.152778430516465,0.521661183347844,4.912729488566512,"ETS(M,A,N)",1995,2024,30,20260919T085500Z
GBR,United Kingdom,COFOG,GF04_X,Economic affairs excluding transport,ets,2026,2.78814393723039,1.1868731233292429,1.2671043122815522,4.309183562179228,0.4619153429375138,5.114372531523266,"ETS(M,A,N)",1995,2024,30,20260919T085500Z
GBR,United Kingdom,COFOG,GF04_X,Economic affairs excluding transport,ets,2027,2.8590925385036017,1.1684818242907085,1.3616223196201955,4.356562757387008,0.5689102282394876,5.149274848767716,"ETS(M,A,N)",1995,2024,30,20260919T085500Z
GBR,United Kingdom,COFOG,GF04_X,Economic affairs excluding transport,ets,2028,2.9300411397768134,1.2080400024837346,1.3818750585137782,4.478207221039849,0.5623262243487832,5.297756055204843,"ETS(M,A,N)",1995,2024,30,20260919T085500Z
GBR,United Kingdom,COFOG,GF04_X,Economic affairs excluding transport,ets,2029,3.000989741050025,1.2149566838111843,1.4439595729984342,4.558019909101616,0.6197183792207208,5.38226110287933,"ETS(M,A,N)",1995,2024,30,20260919T085500Z
GBR,United Kingdom,COFOG,GF04_X,Economic affairs excluding transport,ets,2030,3.0719383423232367,1.2410409334293804,1.4814798520049475,4.662396832641526,0.6395427902752546,5.504333894371219,"ETS(M,A,N)",1995,2024,30,20260919T085500Z
GBR,United Kingdom,COFOG,GF04_X,Economic affairs excluding transport,ets,2031,3.1428869435964484,1.3486928717000446,1.4144668964835128,4.8713069907093836,0.4994974680077422,5.786276419185155,"ETS(M,A,N)",1995,2024,30,20260919T085500Z
GBR,United Kingdom,COFOG,GF04_X,Economic affairs excluding transport,prophet,2025,2.8082221568705226,0.8175975128336657,1.7604284291035126,3.8560158846375323,1.2057604652269998,4.410683848514045,Prophet(linear trend),1995,2024,30,20260919T085500Z
GBR,United Kingdom,COFOG,GF04_X,Economic affairs excluding transport,prophet,2026,2.8854734786301863,0.8048271710392736,1.8540456079304632,3.916901349329909,1.3080411971713675,4.462905760089005,Prophet(linear trend),1995,2024,30,20260919T085500Z
GBR,United Kingdom,COFOG,GF04_X,Economic affairs excluding transport,prophet,2027,2.9627248003898496,0.8148881238922817,1.9184032954394483,4.007046305340251,1.3655734135334376,4.559876187246262,Prophet(linear trend),1995,2024,30,20260919T085500Z
GBR,United Kingdom,COFOG,GF04_X,Economic affairs excluding transport,prophet,2028,3.040187769606389,0.8076188282275911,2.005182245053663,4.0751932941591145,1.4572839405581264,4.623091598654652,Prophet(linear trend),1995,2024,30,20260919T085500Z
GBR,United Kingdom,COFOG,GF04_X,Economic affairs excluding transport,prophet,2029,3.1174390913660526,0.8699152652978646,2.002597443293044,4.232280739439061,1.4124364883317888,4.822441694400316,Prophet(linear trend),1995,2024,30,20260919T085500Z
GBR,United Kingdom,COFOG,GF04_X,Economic affairs excluding transport,prophet,2030,3.1946904131257163,0.84336484307478,2.113874511753546,4.275506314497887,1.5417256818334981,4.847655144417935,Prophet(linear trend),1995,2024,30,20260919T085500Z
GBR,United Kingdom,COFOG,GF04_X,Economic affairs excluding transport,prophet,2031,3.2719417348853796,0.818073560397748,2.2235379274105247,4.320345542360235,1.6685470071539679,4.875336462616792,Prophet(linear trend),1995,2024,30,20260919T085500Z
GBR,United Kingdom,COFOG,GF04_X,Economic affairs excluding transport,uc,2025,2.9294852895664074,0.9843721094882734,1.6679612439074918,4.191009335225323,1.0001513923653331,4.858819186767482,UC(local linear trend + damped cycle),1995,2024,30,20260919T085500Z
GBR,United Kingdom,COFOG,GF04_X,Economic affairs excluding transport,uc,2026,3.007011728984016,1.0245470488384127,1.6940014094510505,4.320022048516982,0.9989363969544853,5.015087061013547,UC(local linear trend + damped cycle),1995,2024,30,20260919T085500Z
GBR,United Kingdom,COFOG,GF04_X,Economic affairs excluding transport,uc,2027,3.084540065090171,1.0656100065621827,1.7189054299603928,4.450174700219949,0.9959828141885292,5.1730973159918126,UC(local linear trend + damped cycle),1995,2024,30,20260919T085500Z
GBR,United Kingdom,COFOG,GF04_X,Economic affairs excluding transport,uc,2028,3.162066147250665,1.1074616116104306,1.7427965039680944,4.5813357905332355,0.9914812571122389,5.332651037389091,UC(local linear trend + damped cycle),1995,2024,30,20260919T085500Z
GBR,United Kingdom,COFOG,GF04_X,Economic affairs excluding transport,uc,2029,3.2395935428354363,1.1500161714032675,1.765788018341236,4.713399067329637,0.9856032474672025,5.49358383820367,UC(local linear trend + damped cycle),1995,2024,30,20260919T085500Z
GBR,United Kingdom,COFOG,GF04_X,Economic affairs excluding transport,uc,2030,3.3171206785577114,1.1931983754532924,1.7879749140987935,4.84626644301663,0.9784948178107746,5.655746539304648,UC(local linear trend + damped cycle),1995,2024,30,20260919T085500Z
GBR,United Kingdom,COFOG,GF04_X,Economic affairs excluding transport,uc,2031,3.3946474839508767,1.2369423789323297,1.8094415043453915,4.979853463556362,0.9702849511691518,5.8190100167326015,UC(local linear trend + damped cycle),1995,2024,30,20260919T085500Z
GBR,United Kingdom,COFOG,GF05,Environmental protection,auto.arima,2025,0.7246396407232445,0.13831269481415784,0.5473847300587709,0.9018945513877181,0.45355173814450844,0.9957275433019805,"ARIMA(2, 0, 0)+drift",1995,2024,30,20260919T085500Z
GBR,United Kingdom,COFOG,GF05,Environmental protection,auto.arima,2026,0.72705715895187,0.14847394847307974,0.5367800733382977,0.9173342445654422,0.4360535650067787,1.0180607528969612,"ARIMA(2, 0, 0)+drift",1995,2024,30,20260919T085500Z
GBR,United Kingdom,COFOG,GF05,Environmental protection,auto.arima,2027,0.7189802187035805,0.16354492006941945,0.5093888992987758,0.9285715381083852,0.3984380629846409,1.0395223744225202,"ARIMA(2, 0, 0)+drift",1995,2024,30,20260919T085500Z
GBR,United Kingdom,COFOG,GF05,Environmental protection,auto.arima,2028,0.7166581703405437,0.16970411802891341,0.49917351847235364,0.9341428222087338,0.38404420835212244,1.0492721323289649,"ARIMA(2, 0, 0)+drift",1995,2024,30,20260919T085500Z
GBR,United Kingdom,COFOG,GF05,Environmental protection,auto.arima,2029,0.7129777636887018,0.17464194251701426,0.48916503297213715,0.9367904944052665,0.37068584346528444,1.0552696839121192,"ARIMA(2, 0, 0)+drift",1995,2024,30,20260919T085500Z
GBR,United Kingdom,COFOG,GF05,Environmental protection,auto.arima,2030,0.7107437889972965,0.17748747348298488,0.48328436238023026,0.9382032156143627,0.36287473051969155,1.0586128474749015,"ARIMA(2, 0, 0)+drift",1995,2024,30,20260919T085500Z
GBR,United Kingdom,COFOG,GF05,Environmental protection,auto.arima,2031,0.7086078017139552,0.17945740733136956,0.4786238024336239,0.9385918009942865,0.3568777438111348,1.0603378596167756,"ARIMA(2, 0, 0)+drift",1995,2024,30,20260919T085500Z
GBR,United Kingdom,COFOG,GF05,Environmental protection,combination,2025,0.7545339826551453,0.15560267121335578,0.5551210681563268,0.9539468971539637,0.4495583487731316,1.059509616537159,mean of 4 + between-model variance,1995,2024,30,20260919T085500Z
GBR,United Kingdom,COFOG,GF05,Environmental protection,combination,2026,0.7652552331570701,0.1677036704888479,0.5503342588347461,0.9801762074793942,0.4365620763310658,1.0939483899830744,mean of 4 + between-model variance,1995,2024,30,20260919T085500Z
GBR,United Kingdom,COFOG,GF05,Environmental protection,combination,2027,0.7710996398232925,0.1896798935571547,0.5280149928753338,1.0141842867712514,0.3993338769274374,1.1428654027191478,mean of 4 + between-model variance,1995,2024,30,20260919T085500Z
GBR,United Kingdom,COFOG,GF05,Environmental protection,combination,2028,0.7793433254840285,0.2156087611756544,0.5030294863818463,1.0556571645862107,0.35675791549514824,1.201928735472909,mean of 4 + between-model variance,1995,2024,30,20260919T085500Z
GBR,United Kingdom,COFOG,GF05,Environmental protection,combination,2029,0.7868373195225518,0.2438220400609264,0.4743666964383914,1.099307942606712,0.3089548985965782,1.2647197404485253,mean of 4 + between-model variance,1995,2024,30,20260919T085500Z
GBR,United Kingdom,COFOG,GF05,Environmental protection,combination,2030,0.7948650661232017,0.2835507292037787,0.4314800620106407,1.1582500702357628,0.23911584471004677,1.3506142875363567,mean of 4 + between-model variance,1995,2024,30,20260919T085500Z
GBR,United Kingdom,COFOG,GF05,Environmental protection,combination,2031,0.8028442783521376,0.33250775504768376,0.37671829985526833,1.2289702568490068,0.15114104873785905,1.454547507966416,mean of 4 + between-model variance,1995,2024,30,20260919T085500Z
GBR,United Kingdom,COFOG,GF05,Environmental protection,ets,2025,0.7486972690288354,0.12547551763274983,0.5878938684555496,0.9095006696021212,0.5027697715872805,0.9946247664703902,"ETS(M,A,N)",1995,2024,30,20260919T085500Z
GBR,United Kingdom,COFOG,GF05,Environmental protection,ets,2026,0.7732208272035171,0.1552499658764927,0.5742599229345662,0.9721817314724681,0.468936483084363,1.0775051713226713,"ETS(M,A,N)",1995,2024,30,20260919T085500Z
GBR,United Kingdom,COFOG,GF05,Environmental protection,ets,2027,0.7977443853781989,0.18766874574514084,0.5572371289310222,1.0382516418253758,0.4299203997925697,1.165568370963828,"ETS(M,A,N)",1995,2024,30,20260919T085500Z
GBR,United Kingdom,COFOG,GF05,Environmental protection,ets,2028,0.8222679435528807,0.23871220605217144,0.5163458384623083,1.128190048643453,0.3544006133300425,1.2901352737757188,"ETS(M,A,N)",1995,2024,30,20260919T085500Z
GBR,United Kingdom,COFOG,GF05,Environmental protection,ets,2029,0.8467915017275625,0.2907526446762427,0.4741768684374343,1.2194061350176906,0.27692678525733516,1.4166562181977898,"ETS(M,A,N)",1995,2024,30,20260919T085500Z
GBR,United Kingdom,COFOG,GF05,Environmental protection,ets,2030,0.8713150599022442,0.37207855535860934,0.3944770431253077,1.3481530766791807,0.14205448622736283,1.6005756335771255,"ETS(M,A,N)",1995,2024,30,20260919T085500Z
GBR,United Kingdom,COFOG,GF05,Environmental protection,ets,2031,0.895838618076926,0.46917115165539663,0.29457139033064916,1.497105845823203,-0.023719949006191787,1.8153971851600437,"ETS(M,A,N)",1995,2024,30,20260919T085500Z
GBR,United Kingdom,COFOG,GF05,Environmental protection,prophet,2025,0.8243900904203917,0.17063595040170096,0.605711246911191,1.0430689339295924,0.4899497705272723,1.1588304103135112,Prophet(linear trend),1995,2024,30,20260919T085500Z
GBR,United Kingdom,COFOG,GF05,Environmental protection,prophet,2026,0.8307724945675006,0.16674100736649747,0.6170852230949511,1.04445976604005,0.5039661228054307,1.1575788663295703,Prophet(linear trend),1995,2024,30,20260919T085500Z
GBR,United Kingdom,COFOG,GF05,Environmental protection,prophet,2027,0.8371548987146094,0.16729430658537148,0.6227585455215133,1.0515512519077053,0.5092640804023183,1.1650457170269004,Prophet(linear trend),1995,2024,30,20260919T085500Z
GBR,United Kingdom,COFOG,GF05,Environmental protection,prophet,2028,0.8435547889004776,0.1704887154615962,0.6250646346232381,1.0620449431777172,0.5094030441895057,1.1777065336114496,Prophet(linear trend),1995,2024,30,20260919T085500Z
GBR,United Kingdom,COFOG,GF05,Environmental protection,prophet,2029,0.8499371930475864,0.16743823933801072,0.6353563825474801,1.0645180035476927,0.5217642717217016,1.1781101143734714,Prophet(linear trend),1995,2024,30,20260919T085500Z
GBR,United Kingdom,COFOG,GF05,Environmental protection,prophet,2030,0.8563195971946954,0.16867090930383363,0.6401590560345488,1.072480138354842,0.5257306871119165,1.1869085072774743,Prophet(linear trend),1995,2024,30,20260919T085500Z
GBR,United Kingdom,COFOG,GF05,Environmental protection,prophet,2031,0.8627020013418042,0.17854127825935182,0.6338920691059753,1.091511933577633,0.512767523439492,1.2126364792441164,Prophet(linear trend),1995,2024,30,20260919T085500Z
GBR,United Kingdom,COFOG,GF05,Environmental protection,uc,2025,0.7204089304481095,0.15349740062670347,0.5236940296801564,0.9171238312160626,0.41955955112619325,1.0212583097700256,UC(local linear trend + damped cycle),1995,2024,30,20260919T085500Z
GBR,United Kingdom,COFOG,GF05,Environmental protection,uc,2026,0.7299704519053928,0.17068985824596652,0.5112225226905579,0.9487183811202277,0.39542447457819524,1.0645164292325904,UC(local linear trend + damped cycle),1995,2024,30,20260919T085500Z
GBR,United Kingdom,COFOG,GF05,Environmental protection,uc,2027,0.7305190564967815,0.20341588120970855,0.4698310271007171,0.9912070858928459,0.3318312522974763,1.1292068606960868,UC(local linear trend + damped cycle),1995,2024,30,20260919T085500Z
GBR,United Kingdom,COFOG,GF05,Environmental protection,uc,2028,0.7348923991422119,0.23509830558908987,0.4336016954179026,1.0361831028665214,0.274108183726597,1.1956766145578268,UC(local linear trend + damped cycle),1995,2024,30,20260919T085500Z
GBR,United Kingdom,COFOG,GF05,Environmental protection,uc,2029,0.7376428196263561,0.2722542353486039,0.38873485980688216,1.08655077944583,0.20403431949556505,1.2712513197571473,UC(local linear trend + damped cycle),1995,2024,30,20260919T085500Z
GBR,United Kingdom,COFOG,GF05,Environmental protection,uc,2030,0.7410818183985707,0.31159196068356243,0.3417605180006299,1.1404031187965114,0.13037279276937286,1.3517908440277684,UC(local linear trend + damped cycle),1995,2024,30,20260919T085500Z
GBR,United Kingdom,COFOG,GF05,Environmental protection,uc,2031,0.7442286922758649,0.35399508064807356,0.2905655886811649,1.1978917958705648,0.050411078028544054,1.4380463065231857,UC(local linear trend + damped cycle),1995,2024,30,20260919T085500Z
GBR,United Kingdom,COFOG,GF06,Housing and community amenities,auto.arima,2025,0.7386330685756832,0.10915765642839952,0.598741855664555,0.8785242814868115,0.5246879916516516,0.9525781454997149,"ARIMA(1, 0, 0)+drift",1995,2024,30,20260919T085500Z
GBR,United Kingdom,COFOG,GF06,Housing and community amenities,auto.arima,2026,0.7395826137841922,0.14130736748414793,0.5584898743701474,0.920675353198237,0.4626252605804917,1.0165399669878927,"ARIMA(1, 0, 0)+drift",1995,2024,30,20260919T085500Z
GBR,United Kingdom,COFOG,GF06,Housing and community amenities,auto.arima,2027,0.7403632047568701,0.15940369753502184,0.5360790773734678,0.9446473321402724,0.4279376961213386,1.0527887133924017,"ARIMA(1, 0, 0)+drift",1995,2024,30,20260919T085500Z
GBR,United Kingdom,COFOG,GF06,Housing and community amenities,auto.arima,2028,0.7410049038157102,0.17054930114280753,0.5224371058375429,0.9595727017938774,0.4067344133506485,1.0752753942807718,"ARIMA(1, 0, 0)+drift",1995,2024,30,20260919T085500Z
GBR,United Kingdom,COFOG,GF06,Housing and community amenities,auto.arima,2029,0.7415324242412968,0.17768602033997166,0.5138185495025654,0.9692462989800282,0.39327422107168464,1.089790627410909,"ARIMA(1, 0, 0)+drift",1995,2024,30,20260919T085500Z
GBR,United Kingdom,COFOG,GF06,Housing and community amenities,auto.arima,2030,0.7419660820370776,0.18235089683464287,0.5082739254968474,0.9756582385773078,0.38456488887346363,1.0993672752006916,"ARIMA(1, 0, 0)+drift",1995,2024,30,20260919T085500Z
GBR,United Kingdom,COFOG,GF06,Housing and community amenities,auto.arima,2031,0.7423225783445567,0.18543696523611045,0.5046754646722889,0.9799696920168246,0.3788728022125287,1.1057723544765847,"ARIMA(1, 0, 0)+drift",1995,2024,30,20260919T085500Z
GBR,United Kingdom,COFOG,GF06,Housing and community amenities,combination,2025,0.6943797029984244,0.1555568783341649,0.49502547445551875,0.8937339315413302,0.38949382151108125,0.9992655844857676,mean of 4 + between-model variance,1995,2024,30,20260919T085500Z
GBR,United Kingdom,COFOG,GF06,Housing and community amenities,combination,2026,0.691212288783783,0.1867832049908849,0.4518398988613045,0.9305846787062616,0.32512393119702826,1.0573006463705379,mean of 4 + between-model variance,1995,2024,30,20260919T085500Z
GBR,United Kingdom,COFOG,GF06,Housing and community amenities,combination,2027,0.6880026360803022,0.20486082731216632,0.4254628331167408,0.9505424390438636,0.28648278953823947,1.0895224826223648,mean of 4 + between-model variance,1995,2024,30,20260919T085500Z
GBR,United Kingdom,COFOG,GF06,Housing and community amenities,combination,2028,0.6847515209964647,0.22904219467539716,0.39122203832582014,0.9782810036671094,0.2358370649516946,1.133665977041235,mean of 4 + between-model variance,1995,2024,30,20260919T085500Z
GBR,United Kingdom,COFOG,GF06,Housing and community amenities,combination,2029,0.6814786006258012,0.24324174453407343,0.36975165643467034,0.9932055448169321,0.20473353804182054,1.158223663209782,mean of 4 + between-model variance,1995,2024,30,20260919T085500Z
GBR,United Kingdom,COFOG,GF06,Housing and community amenities,combination,2030,0.6781822146069552,0.26385065059199747,0.3400438856394796,1.0163205435744307,0.1610444380700614,1.1953199911438488,mean of 4 + between-model variance,1995,2024,30,20260919T085500Z
GBR,United Kingdom,COFOG,GF06,Housing and community amenities,combination,2031,0.6748665382136998,0.28235720984276674,0.31301109122528237,1.0367219852021172,0.12145657178143132,1.2282765046459683,mean of 4 + between-model variance,1995,2024,30,20260919T085500Z
GBR,United Kingdom,COFOG,GF06,Housing and community amenities,ets,2025,0.7374761627031633,0.102319819583867,0.6063479932758193,0.8686043321305073,0.5369329998322889,0.9380193255740377,"ETS(M,N,N)",1995,2024,30,20260919T085500Z
GBR,United Kingdom,COFOG,GF06,Housing and community amenities,ets,2026,0.7374761627031633,0.1450266714972446,0.5516169417925265,0.9233353836138001,0.4532291075287378,1.0217232178775888,"ETS(M,N,N)",1995,2024,30,20260919T085500Z
GBR,United Kingdom,COFOG,GF06,Housing and community amenities,ets,2027,0.7374761627031633,0.17598699818290905,0.5119396732078598,0.9630126521984668,0.3925479817965961,1.0824043436097304,"ETS(M,N,N)",1995,2024,30,20260919T085500Z
GBR,United Kingdom,COFOG,GF06,Housing and community amenities,ets,2028,0.7374761627031633,0.21036351781950524,0.4678843757145407,1.0070679496917858,0.3251712408635745,1.149781084542752,"ETS(M,N,N)",1995,2024,30,20260919T085500Z
GBR,United Kingdom,COFOG,GF06,Housing and community amenities,ets,2029,0.7374761627031633,0.22115921385481196,0.4540491298691013,1.0209031955372252,0.3040120652794306,1.170940260126896,"ETS(M,N,N)",1995,2024,30,20260919T085500Z
GBR,United Kingdom,COFOG,GF06,Housing and community amenities,ets,2030,0.7374761627031633,0.2519767256109747,0.4145548860429675,1.060397439363359,0.2436108516677749,1.2313414737385517,"ETS(M,N,N)",1995,2024,30,20260919T085500Z
GBR,United Kingdom,COFOG,GF06,Housing and community amenities,ets,2031,0.7374761627031633,0.2769621490153847,0.382534766708199,1.0924175586981275,0.1946403212703739,1.2803120041359528,"ETS(M,N,N)",1995,2024,30,20260919T085500Z
GBR,United Kingdom,COFOG,GF06,Housing and community amenities,prophet,2025,0.5677112902764622,0.1765507007007252,0.34145238669204636,0.793970193860878,0.22167827272826596,0.9137443078246583,Prophet(linear trend),1995,2024,30,20260919T085500Z
GBR,United Kingdom,COFOG,GF06,Housing and community amenities,prophet,2026,0.5578717970559124,0.19098563736604102,0.31311377151818776,0.802629822593637,0.18354682330141714,0.9321967708104076,Prophet(linear trend),1995,2024,30,20260919T085500Z
GBR,United Kingdom,COFOG,GF06,Housing and community amenities,prophet,2027,0.5480323038353627,0.17146175003458605,0.32829515515503893,0.7677694525156865,0.2119734463905753,0.8840911612801501,Prophet(linear trend),1995,2024,30,20260919T085500Z
GBR,United Kingdom,COFOG,GF06,Housing and community amenities,prophet,2028,0.5381658530991402,0.18222844182342077,0.3046306290234517,0.7717010771748287,0.18100466734914117,0.8953270388491392,Prophet(linear trend),1995,2024,30,20260919T085500Z
GBR,United Kingdom,COFOG,GF06,Housing and community amenities,prophet,2029,0.5283263598785904,0.17470008945562424,0.3044391108365563,0.7522136089206246,0.18592047374878734,0.8707322460083935,Prophet(linear trend),1995,2024,30,20260919T085500Z
GBR,United Kingdom,COFOG,GF06,Housing and community amenities,prophet,2030,0.5184868666580408,0.18032861977055556,0.28738636333384576,0.7495873699822357,0.1650492637380636,0.871924469578018,Prophet(linear trend),1995,2024,30,20260919T085500Z
GBR,United Kingdom,COFOG,GF06,Housing and community amenities,prophet,2031,0.508647373437491,0.18406976677515022,0.2727523956872637,0.7445423511877183,0.14787725706980048,0.8694174898051815,Prophet(linear trend),1995,2024,30,20260919T085500Z
GBR,United Kingdom,COFOG,GF06,Housing and community amenities,uc,2025,0.7336982904383894,0.12122242296175406,0.5783454518469076,0.8890511290298713,0.49610670544057806,0.9712898754362007,UC(local linear trend + damped cycle),1995,2024,30,20260919T085500Z
GBR,United Kingdom,COFOG,GF06,Housing and community amenities,uc,2026,0.7299185815918643,0.17435206860034672,0.5064773393729527,0.9533598238107759,0.3881948038096543,1.0716423593740743,UC(local linear trend + damped cycle),1995,2024,30,20260919T085500Z
GBR,United Kingdom,COFOG,GF06,Housing and community amenities,uc,2027,0.7261388730258128,0.21705139085378883,0.447976228974358,1.0043015170772676,0.30072596080245745,1.1515517852491681,UC(local linear trend + damped cycle),1995,2024,30,20260919T085500Z
GBR,United Kingdom,COFOG,GF06,Housing and community amenities,uc,2028,0.7223591643678453,0.2546229839358281,0.3960465700589169,1.0486717586767738,0.2233072822810439,1.2214110464546466,UC(local linear trend + damped cycle),1995,2024,30,20260919T085500Z
GBR,United Kingdom,COFOG,GF06,Housing and community amenities,uc,2029,0.7185794556801545,0.2890732021619662,0.34811711530308237,1.0890417960572265,0.15200638607797856,1.2851525252823304,UC(local linear trend + damped cycle),1995,2024,30,20260919T085500Z
GBR,United Kingdom,COFOG,GF06,Housing and community amenities,uc,2030,0.7147997470295387,0.3214073166357658,0.30289955758033976,1.1266999364787378,0.08485297708683659,1.3447465169722408,UC(local linear trend + damped cycle),1995,2024,30,20260919T085500Z
GBR,United Kingdom,COFOG,GF06,Housing and community amenities,uc,2031,0.7110200383695882,0.3522086101188979,0.25964638965449427,1.162393687084682,0.020703842046512544,1.4013362346926637,UC(local linear trend + damped cycle),1995,2024,30,20260919T085500Z
GBR,United Kingdom,COFOG,GF07,Health,auto.arima,2025,8.760164,0.5124555797955719,8.103425526801825,9.416902473198174,7.755769512001551,9.764558487998448,"ARIMA(0, 1, 0)",1995,2024,30,20260919T085500Z
GBR,United Kingdom,COFOG,GF07,Health,auto.arima,2026,8.760164,0.7247216310217871,7.831395544320767,9.688932455679232,7.339735693176014,10.180592306823986,"ARIMA(0, 1, 0)",1995,2024,30,20260919T085500Z
GBR,United Kingdom,COFOG,GF07,Health,auto.arima,2027,8.760164,0.8875991007646096,7.622659597216913,9.897668402783086,7.020501716068992,10.499826283931007,"ARIMA(0, 1, 0)",1995,2024,30,20260919T085500Z
GBR,United Kingdom,COFOG,GF07,Health,auto.arima,2028,8.760164,1.0249111595086704,7.4466870537093435,10.073640946290656,6.751375024164748,10.768952975835251,"ARIMA(0, 1, 0)",1995,2024,30,20260919T085500Z
GBR,United Kingdom,COFOG,GF07,Health,auto.arima,2029,8.760164,1.1458855117736113,7.291652130615504,10.228675869384494,6.514269648802145,11.006058351197854,"ARIMA(0, 1, 0)",1995,2024,30,20260919T085500Z
GBR,United Kingdom,COFOG,GF07,Health,auto.arima,2030,8.760164,1.2552546862290277,7.151489846353817,10.368838153646182,6.299910004159809,11.22041799584019,"ARIMA(0, 1, 0)",1995,2024,30,20260919T085500Z
GBR,United Kingdom,COFOG,GF07,Health,auto.arima,2031,8.760164,1.3558300219818111,7.0225973236691654,10.497730676330834,6.102785966796441,11.417542033203558,"ARIMA(0, 1, 0)",1995,2024,30,20260919T085500Z
GBR,United Kingdom,COFOG,GF07,Health,combination,2025,9.052569396907968,0.6189731432766744,8.25932312719546,9.845815666620476,7.839404319118844,10.265734474697092,mean of 4 + between-model variance,1995,2024,30,20260919T085500Z
GBR,United Kingdom,COFOG,GF07,Health,combination,2026,9.18240756539479,0.849296441299299,8.09399001245479,10.27082511833479,7.517817115120051,10.846998015669529,mean of 4 + between-model variance,1995,2024,30,20260919T085500Z
GBR,United Kingdom,COFOG,GF07,Health,combination,2027,9.21833069405597,0.9548580831502934,7.994630407878545,10.442030980233394,7.346843225972388,11.08981816213955,mean of 4 + between-model variance,1995,2024,30,20260919T085500Z
GBR,United Kingdom,COFOG,GF07,Health,combination,2028,9.239300248950993,1.0510689344974276,7.892300753807946,10.58629974409404,7.179242975817678,11.299357522084309,mean of 4 + between-model variance,1995,2024,30,20260919T085500Z
GBR,United Kingdom,COFOG,GF07,Health,combination,2029,9.30867681743437,1.1611811084203707,7.820562845576026,10.796790789292713,7.032803647450345,11.584549987418393,mean of 4 + between-model variance,1995,2024,30,20260919T085500Z
GBR,United Kingdom,COFOG,GF07,Health,combination,2030,9.418282042639557,1.3043542413578333,7.746684255918943,11.089879829360171,6.861794686330892,11.974769398948222,mean of 4 + between-model variance,1995,2024,30,20260919T085500Z
GBR,United Kingdom,COFOG,GF07,Health,combination,2031,9.523498931406317,1.4422323967715343,7.675203118858964,11.371794743953672,6.696775354100394,12.35022250871224,mean of 4 + between-model variance,1995,2024,30,20260919T085500Z
GBR,United Kingdom,COFOG,GF07,Health,ets,2025,8.760145539122853,0.6021134909502736,7.9885057905685475,9.531785287677158,7.580024772945991,9.940266305299716,"ETS(M,N,N)",1995,2024,30,20260919T085500Z
GBR,United Kingdom,COFOG,GF07,Health,ets,2026,8.760145539122853,0.8312919473364079,7.694801681429984,9.82548939681572,7.130843248853598,10.389447829392108,"ETS(M,N,N)",1995,2024,30,20260919T085500Z
GBR,United Kingdom,COFOG,GF07,Health,ets,2027,8.760145539122853,1.0222718506157804,7.450051004422498,10.070240073823207,6.756529513702546,10.76376156454316,"ETS(M,N,N)",1995,2024,30,20260919T085500Z
GBR,United Kingdom,COFOG,GF07,Health,ets,2028,8.760145539122853,1.1872281373290143,7.23865094527258,10.281640132973125,6.433221130170928,11.087069948074777,"ETS(M,N,N)",1995,2024,30,20260919T085500Z
GBR,United Kingdom,COFOG,GF07,Health,ets,2029,8.760145539122853,1.2953190526497889,7.10012681656141,10.420164261684295,6.221366827415162,11.298924250830543,"ETS(M,N,N)",1995,2024,30,20260919T085500Z
GBR,United Kingdom,COFOG,GF07,Health,ets,2030,8.760145539122853,1.428769768369676,6.9291027849291575,10.591188293316549,5.959808228829949,11.560482849415756,"ETS(M,N,N)",1995,2024,30,20260919T085500Z
GBR,United Kingdom,COFOG,GF07,Health,ets,2031,8.760145539122853,1.535501671099449,6.792320301522012,10.727970776723694,5.750617541828092,11.769673536417613,"ETS(M,N,N)",1995,2024,30,20260919T085500Z
GBR,United Kingdom,COFOG,GF07,Health,prophet,2025,9.278146149238822,0.47046452711018394,8.67522139359171,9.881070904885933,8.356052612825838,10.200239685651805,Prophet(linear trend),1995,2024,30,20260919T085500Z
GBR,United Kingdom,COFOG,GF07,Health,prophet,2026,9.435284143609262,0.4875046957798756,8.810521525723171,10.060046761495354,8.479792490049753,10.390775797168772,Prophet(linear trend),1995,2024,30,20260919T085500Z
GBR,United Kingdom,COFOG,GF07,Health,prophet,2027,9.592422137979701,0.46043124053823137,9.00235556080545,10.182488715153953,8.689993482049427,10.494850793909976,Prophet(linear trend),1995,2024,30,20260919T085500Z
GBR,United Kingdom,COFOG,GF07,Health,prophet,2028,9.749990647403212,0.4942670962352156,9.11656166168878,10.383419633117645,8.781244932397655,10.71873636240877,Prophet(linear trend),1995,2024,30,20260919T085500Z
GBR,United Kingdom,COFOG,GF07,Health,prophet,2029,9.907128641773651,0.5036191640974327,9.261714494786258,10.552542788761045,8.920053210432592,10.894204073114711,Prophet(linear trend),1995,2024,30,20260919T085500Z
GBR,United Kingdom,COFOG,GF07,Health,prophet,2030,10.064266636144092,0.481507238074318,9.447190072175474,10.68134320011271,9.120529783778998,11.008003488509186,Prophet(linear trend),1995,2024,30,20260919T085500Z
GBR,United Kingdom,COFOG,GF07,Health,prophet,2031,10.221404630514531,0.47706434536569514,9.610021864582434,10.832787396446628,9.286375687914202,11.15643357311486,Prophet(linear trend),1995,2024,30,20260919T085500Z
GBR,United Kingdom,COFOG,GF07,Health,uc,2025,9.411821899270198,0.46698638026850714,8.813354569664332,10.010289228876063,8.496545405453613,10.327098393086782,UC(local linear trend + damped cycle),1995,2024,30,20260919T085500Z
GBR,United Kingdom,COFOG,GF07,Health,uc,2026,9.774036578847047,0.6355056836419569,8.95960299896433,10.588470158729764,8.528468317113422,11.019604840580673,UC(local linear trend + damped cycle),1995,2024,30,20260919T085500Z
GBR,United Kingdom,COFOG,GF07,Health,uc,2027,9.76059109912133,0.6809494794605134,8.88791893181975,10.63326326642291,8.425954633559984,11.095227564682675,UC(local linear trend + damped cycle),1995,2024,30,20260919T085500Z
GBR,United Kingdom,COFOG,GF07,Health,uc,2028,9.686900809277908,0.6983178516808894,8.79197016982056,10.581831448735256,8.318222959426025,11.055578659129791,UC(local linear trend + damped cycle),1995,2024,30,20260919T085500Z
GBR,United Kingdom,COFOG,GF07,Health,uc,2029,9.807269088840977,0.7331484604521326,8.867701213051626,10.746836964630328,8.370324499699374,11.24421367798258,UC(local linear trend + damped cycle),1995,2024,30,20260919T085500Z
GBR,United Kingdom,COFOG,GF07,Health,uc,2030,10.088551995291281,0.8037633085213209,9.058487519729166,11.118616470853397,8.513204846068598,11.663899144513964,UC(local linear trend + damped cycle),1995,2024,30,20260919T085500Z
GBR,United Kingdom,COFOG,GF07,Health,uc,2031,10.352281555987888,0.8816939160227071,9.222344954521155,11.482218157454621,8.62419322156436,12.080369890411417,UC(local linear trend + damped cycle),1995,2024,30,20260919T085500Z
GBR,United Kingdom,COFOG,GF08,Recreation culture and religion,auto.arima,2025,0.6310557822538387,0.03822033211966261,0.5820744391852208,0.6800371253224566,0.5561453072312563,0.7059662572764211,"ARIMA(0, 1, 1)",1995,2024,30,20260919T085500Z
GBR,United Kingdom,COFOG,GF08,Recreation culture and religion,auto.arima,2026,0.6310557822538387,0.06727311297073371,0.544841789779969,0.7172697747277085,0.4992029026632676,0.7629086618444099,"ARIMA(0, 1, 1)",1995,2024,30,20260919T085500Z
GBR,United Kingdom,COFOG,GF08,Recreation culture and religion,auto.arima,2027,0.6310557822538387,0.08712376065235526,0.5194021525422916,0.7427094119653859,0.4602963478306059,0.8018152166770716,"ARIMA(0, 1, 1)",1995,2024,30,20260919T085500Z
GBR,United Kingdom,COFOG,GF08,Recreation culture and religion,auto.arima,2028,0.6310557822538387,0.1032251307174986,0.49876740953256693,0.7633441549751105,0.4287382421522473,0.8333733223554302,"ARIMA(0, 1, 1)",1995,2024,30,20260919T085500Z
GBR,United Kingdom,COFOG,GF08,Recreation culture and religion,auto.arima,2029,0.6310557822538387,0.11713370801387812,0.4809428444812372,0.7811687200264403,0.4014779313601261,0.8606336331475514,"ARIMA(0, 1, 1)",1995,2024,30,20260919T085500Z
GBR,United Kingdom,COFOG,GF08,Recreation culture and religion,auto.arima,2030,0.6310557822538387,0.1295576454498778,0.4650209226122569,0.7970906418954206,0.37712746124731444,0.884984103260363,"ARIMA(0, 1, 1)",1995,2024,30,20260919T085500Z
GBR,United Kingdom,COFOG,GF08,Recreation culture and religion,auto.arima,2031,0.6310557822538387,0.14089024606392037,0.45049760563012947,0.811613958877548,0.3549159720174131,0.9071955924902644,"ARIMA(0, 1, 1)",1995,2024,30,20260919T085500Z
GBR,United Kingdom,COFOG,GF08,Recreation culture and religion,combination,2025,0.6480834484909767,0.07201877627361482,0.5557876417199731,0.7403792552619802,0.5069292396706375,0.7892376573113158,mean of 4 + between-model variance,1995,2024,30,20260919T085500Z
GBR,United Kingdom,COFOG,GF08,Recreation culture and religion,combination,2026,0.6418223646430171,0.08302415605694514,0.535422591399927,0.7482221378861073,0.47909800764102267,0.8045467216450115,mean of 4 + between-model variance,1995,2024,30,20260919T085500Z
GBR,United Kingdom,COFOG,GF08,Recreation culture and religion,combination,2027,0.6355855790212378,0.09594710669641328,0.512624372540236,0.7585467855022396,0.44753270399210887,0.8236384540503667,mean of 4 + between-model variance,1995,2024,30,20260919T085500Z
GBR,United Kingdom,COFOG,GF08,Recreation culture and religion,combination,2028,0.6293269402509907,0.10846973643457877,0.4903173325837834,0.7683365479181979,0.4167301617497279,0.8419237187522535,mean of 4 + between-model variance,1995,2024,30,20260919T085500Z
GBR,United Kingdom,COFOG,GF08,Recreation culture and religion,combination,2029,0.6230636179586243,0.12504206367207663,0.46281571117554715,0.7833115247417015,0.3779856746756463,0.8681415612416024,mean of 4 + between-model variance,1995,2024,30,20260919T085500Z
GBR,United Kingdom,COFOG,GF08,Recreation culture and religion,combination,2030,0.6168131472147612,0.14204806502991169,0.43477116537954785,0.7988551290499746,0.3384040534864754,0.895222240943047,mean of 4 + between-model variance,1995,2024,30,20260919T085500Z
GBR,United Kingdom,COFOG,GF08,Recreation culture and religion,combination,2031,0.6105656428382635,0.15904811621409737,0.4067372114078546,0.8143940742686724,0.2988370607908164,0.9222942248857107,mean of 4 + between-model variance,1995,2024,30,20260919T085500Z
GBR,United Kingdom,COFOG,GF08,Recreation culture and religion,ets,2025,0.6347557353768583,0.02944111672753636,0.5970254133524506,0.6724860574012659,0.5770522064710892,0.6924592642826273,"ETS(M,N,N)",1995,2024,30,20260919T085500Z
GBR,United Kingdom,COFOG,GF08,Recreation culture and religion,ets,2026,0.6347557353768583,0.04366656404261251,0.5787947628949202,0.6907167078587964,0.5491708418496433,0.7203406289040732,"ETS(M,N,N)",1995,2024,30,20260919T085500Z
GBR,United Kingdom,COFOG,GF08,Recreation culture and religion,ets,2027,0.6347557353768583,0.05218174467138739,0.5678821161297524,0.7016293546239641,0.5324813943637472,0.7370300763899693,"ETS(M,N,N)",1995,2024,30,20260919T085500Z
GBR,United Kingdom,COFOG,GF08,Recreation culture and religion,ets,2028,0.6347557353768583,0.06229153932323007,0.5549258885740941,0.7145855821796224,0.512666560798743,0.7568449099549736,"ETS(M,N,N)",1995,2024,30,20260919T085500Z
GBR,United Kingdom,COFOG,GF08,Recreation culture and religion,ets,2029,0.6347557353768583,0.07218695202283902,0.5422444026380848,0.7272670681156317,0.4932719081423666,0.7762395626113499,"ETS(M,N,N)",1995,2024,30,20260919T085500Z
GBR,United Kingdom,COFOG,GF08,Recreation culture and religion,ets,2030,0.6347557353768583,0.07541635485408389,0.5381057549808973,0.7314057157728192,0.4869423948516286,0.7825690759020879,"ETS(M,N,N)",1995,2024,30,20260919T085500Z
GBR,United Kingdom,COFOG,GF08,Recreation culture and religion,ets,2031,0.6347557353768583,0.0792060237560102,0.5332490972202959,0.7362623735334206,0.4795147802319335,0.789996690521783,"ETS(M,N,N)",1995,2024,30,20260919T085500Z
GBR,United Kingdom,COFOG,GF08,Recreation culture and religion,prophet,2025,0.7082406647752768,0.10217174236279472,0.5773022640067524,0.8391790655438012,0.5079877279269243,0.9084936016236294,Prophet(linear trend),1995,2024,30,20260919T085500Z
GBR,United Kingdom,COFOG,GF08,Recreation culture and religion,prophet,2026,0.6996097922875867,0.10190100157451677,0.5690183599177616,0.8302012246574118,0.4998874976375905,0.8993320869375829,Prophet(linear trend),1995,2024,30,20260919T085500Z
GBR,United Kingdom,COFOG,GF08,Recreation culture and religion,prophet,2027,0.6909789197998965,0.10402908221338843,0.5576602414311641,0.8242975981686288,0.48708566370861484,0.8948721758911781,Prophet(linear trend),1995,2024,30,20260919T085500Z
GBR,United Kingdom,COFOG,GF08,Recreation culture and religion,prophet,2028,0.6823244010862127,0.09656333481427497,0.5585734662283091,0.8060753359441164,0.4930637411302871,0.8715850610421383,Prophet(linear trend),1995,2024,30,20260919T085500Z
GBR,United Kingdom,COFOG,GF08,Recreation culture and religion,prophet,2029,0.6736935285985225,0.09945463616998633,0.5462372407056042,0.8011498164914408,0.4787660220722514,0.8686210351247936,Prophet(linear trend),1995,2024,30,20260919T085500Z
GBR,United Kingdom,COFOG,GF08,Recreation culture and religion,prophet,2030,0.6650626561108324,0.10299301592325066,0.5330717505683586,0.7970535616533061,0.4632000526498343,0.8669252595718304,Prophet(linear trend),1995,2024,30,20260919T085500Z
GBR,United Kingdom,COFOG,GF08,Recreation culture and religion,prophet,2031,0.6564317836231423,0.09853945079085649,0.5301483533832185,0.782715213863066,0.463298007493292,0.8495655597529925,Prophet(linear trend),1995,2024,30,20260919T085500Z
GBR,United Kingdom,COFOG,GF08,Recreation culture and religion,uc,2025,0.6182816115579328,0.036706481510095944,0.5712403467657063,0.6653228763501593,0.5463382292314791,0.6902249938843865,UC(local linear trend + damped cycle),1995,2024,30,20260919T085500Z
GBR,United Kingdom,COFOG,GF08,Recreation culture and religion,uc,2026,0.6018681486537849,0.0628782713165929,0.5212863742914626,0.6824499230161072,0.4786290004910302,0.7251072968165396,UC(local linear trend + damped cycle),1995,2024,30,20260919T085500Z
GBR,United Kingdom,COFOG,GF08,Recreation culture and religion,uc,2027,0.585551878654358,0.09072221489064557,0.46928664271682136,0.7018171145918946,0.40773960346842875,0.7633641538402872,UC(local linear trend + damped cycle),1995,2024,30,20260919T085500Z
GBR,United Kingdom,COFOG,GF08,Recreation culture and religion,uc,2028,0.5691718422870531,0.12078696372441691,0.4143770673520991,0.7239666172220071,0.33243374171789,0.8059099428562162,UC(local linear trend + damped cycle),1995,2024,30,20260919T085500Z
GBR,United Kingdom,COFOG,GF08,Recreation culture and religion,uc,2029,0.5527494256052777,0.15310839113174984,0.35653306073360147,0.748965790476954,0.2526624908891288,0.8528363603214266,UC(local linear trend + damped cycle),1995,2024,30,20260919T085500Z
GBR,United Kingdom,COFOG,GF08,Recreation culture and religion,uc,2030,0.5363784151175156,0.18761709028382648,0.2959373578300972,0.776819472404934,0.16865567237646595,0.9041011578585653,UC(local linear trend + damped cycle),1995,2024,30,20260919T085500Z
GBR,United Kingdom,COFOG,GF08,Recreation culture and religion,uc,2031,0.5200192700992151,0.22422100909222464,0.2326683874550564,0.8073701527433739,0.08055416423478212,0.9594843759636481,UC(local linear trend + damped cycle),1995,2024,30,20260919T085500Z
GBR,United Kingdom,COFOG,GF09,Education,auto.arima,2025,4.8436546983706865,0.20671058215594879,4.578744338387566,5.108565058353807,4.4385093989259845,5.2487999978153885,"ARIMA(1, 0, 1)+drift",1995,2024,30,20260919T085500Z
GBR,United Kingdom,COFOG,GF09,Education,auto.arima,2026,4.8643615201698,0.35420948441827016,4.410423646994597,5.318299393345003,4.17012368225143,5.558599358088171,"ARIMA(1, 0, 1)+drift",1995,2024,30,20260919T085500Z
GBR,United Kingdom,COFOG,GF09,Education,auto.arima,2027,4.881869014913903,0.4296607785299993,4.331236384867226,5.43250164496058,4.0397493567831315,5.7239886730446745,"ARIMA(1, 0, 1)+drift",1995,2024,30,20260919T085500Z
GBR,United Kingdom,COFOG,GF09,Education,auto.arima,2028,4.896671497650674,0.4763277176320657,4.286232758463865,5.507110236837483,3.96308631888966,5.830256676411688,"ARIMA(1, 0, 1)+drift",1995,2024,30,20260919T085500Z
GBR,United Kingdom,COFOG,GF09,Education,auto.arima,2029,4.909186908814582,0.5070623003554505,4.259360203669454,5.55901361395971,3.9153630543607116,5.903010763268452,"ARIMA(1, 0, 1)+drift",1995,2024,30,20260919T085500Z
GBR,United Kingdom,COFOG,GF09,Education,auto.arima,2030,4.919768614558617,0.5279376569166045,4.243189054461828,5.596348174655406,3.885029812757721,5.954507416359513,"ARIMA(1, 0, 1)+drift",1995,2024,30,20260919T085500Z
GBR,United Kingdom,COFOG,GF09,Education,auto.arima,2031,4.928715383864627,0.5423683565038625,4.233642131850389,5.6237886358788645,3.8656929303778904,5.991737837351363,"ARIMA(1, 0, 1)+drift",1995,2024,30,20260919T085500Z
GBR,United Kingdom,COFOG,GF09,Education,combination,2025,4.841178959978434,0.23892156143088938,4.5349885550835545,5.147369364873313,4.372901300750102,5.309456619206766,mean of 4 + between-model variance,1995,2024,30,20260919T085500Z
GBR,United Kingdom,COFOG,GF09,Education,combination,2026,4.818999780939574,0.34417943951679664,4.377915931867944,5.260083630011204,4.144420469946475,5.4935790919326735,mean of 4 + between-model variance,1995,2024,30,20260919T085500Z
GBR,United Kingdom,COFOG,GF09,Education,combination,2027,4.796020770084212,0.4308407226920995,4.243875980236706,5.348165559931718,3.9515884638737138,5.64045307629471,mean of 4 + between-model variance,1995,2024,30,20260919T085500Z
GBR,United Kingdom,COFOG,GF09,Education,combination,2028,4.77232419757769,0.5117974927601461,4.116429097135939,5.4282192980194415,3.7692195364775434,5.775428858677838,mean of 4 + between-model variance,1995,2024,30,20260919T085500Z
GBR,United Kingdom,COFOG,GF09,Education,combination,2029,4.748097165796088,0.5920071330827075,3.9894092403796786,5.506785091212499,3.5877844972107726,5.908409834381404,mean of 4 + between-model variance,1995,2024,30,20260919T085500Z
GBR,United Kingdom,COFOG,GF09,Education,combination,2030,4.723386707655688,0.6787272840682154,3.853562399303499,5.593211016007878,3.393105665064213,6.053667750247164,mean of 4 + between-model variance,1995,2024,30,20260919T085500Z
GBR,United Kingdom,COFOG,GF09,Education,combination,2031,4.698267515404183,0.763553751845753,3.7197336776187546,5.676801353189611,3.2017296497215733,6.194805381086793,mean of 4 + between-model variance,1995,2024,30,20260919T085500Z
GBR,United Kingdom,COFOG,GF09,Education,ets,2025,4.882551593673814,0.21443424649840256,4.607742956205294,5.157360231142335,4.462268190169819,5.3028349971778095,"ETS(M,N,N)",1995,2024,30,20260919T085500Z
GBR,United Kingdom,COFOG,GF09,Education,ets,2026,4.882551593673814,0.31917399644497196,4.4735135201817675,5.291589667165861,4.256982050905542,5.508121136442087,"ETS(M,N,N)",1995,2024,30,20260919T085500Z
GBR,United Kingdom,COFOG,GF09,Education,ets,2027,4.882551593673814,0.39408023627880917,4.377517278710234,5.387585908637395,4.110168517455854,5.654934669891775,"ETS(M,N,N)",1995,2024,30,20260919T085500Z
GBR,United Kingdom,COFOG,GF09,Education,ets,2028,4.882551593673814,0.45193890829256467,4.303368381873661,5.461734805473967,3.996767603221086,5.768335584126543,"ETS(M,N,N)",1995,2024,30,20260919T085500Z
GBR,United Kingdom,COFOG,GF09,Education,ets,2029,4.882551593673814,0.5036601685206255,4.23708489738587,5.528018289961759,3.8953957951394553,5.8697073922081735,"ETS(M,N,N)",1995,2024,30,20260919T085500Z
GBR,United Kingdom,COFOG,GF09,Education,ets,2030,4.882551593673814,0.5726961878767752,4.148611648707957,5.616491538639671,3.7600876824980984,6.00501550484953,"ETS(M,N,N)",1995,2024,30,20260919T085500Z
GBR,United Kingdom,COFOG,GF09,Education,ets,2031,4.882551593673814,0.6129575713980278,4.0970145921335295,5.668088595214099,3.6811768202062503,6.083926367141379,"ETS(M,N,N)",1995,2024,30,20260919T085500Z
GBR,United Kingdom,COFOG,GF09,Education,prophet,2025,4.805075489445644,0.27092777362671644,4.457867459298779,5.15228351959251,4.274066806537131,5.336084172354158,Prophet(linear trend),1995,2024,30,20260919T085500Z
GBR,United Kingdom,COFOG,GF09,Education,prophet,2026,4.74476489355937,0.2709412464856428,4.397539597243201,5.091990189875538,4.213729804332383,5.275799982786356,Prophet(linear trend),1995,2024,30,20260919T085500Z
GBR,United Kingdom,COFOG,GF09,Education,prophet,2027,4.684454297673094,0.27019473108115977,4.338185699666571,5.030722895679617,4.154882351764339,5.2140262435818485,Prophet(linear trend),1995,2024,30,20260919T085500Z
GBR,United Kingdom,COFOG,GF09,Education,prophet,2028,4.62397846727754,0.2741929773129468,4.272585908816179,4.975371025738902,4.086570102691348,5.161386831863733,Prophet(linear trend),1995,2024,30,20260919T085500Z
GBR,United Kingdom,COFOG,GF09,Education,prophet,2029,4.563667871391265,0.27694088773247855,4.208753722835931,4.918582019946598,4.020873701307565,5.106462041474964,Prophet(linear trend),1995,2024,30,20260919T085500Z
GBR,United Kingdom,COFOG,GF09,Education,prophet,2030,4.50335727550499,0.28522851630712637,4.137822099974559,4.86889245103542,3.944319651769609,5.0623948992403704,Prophet(linear trend),1995,2024,30,20260919T085500Z
GBR,United Kingdom,COFOG,GF09,Education,prophet,2031,4.443046679618714,0.3064373787426927,4.050331244016259,4.835762115221169,3.842440449028671,5.043652910208757,Prophet(linear trend),1995,2024,30,20260919T085500Z
GBR,United Kingdom,COFOG,GF09,Education,uc,2025,4.833434058423587,0.24922384139282985,4.514040746038924,5.152827370808251,4.344964301351931,5.321903815495244,UC(local linear trend + damped cycle),1995,2024,30,20260919T085500Z
GBR,United Kingdom,COFOG,GF09,Education,uc,2026,4.784321116355313,0.39498412248175474,4.278128424220576,5.290513808490051,4.010166455719483,5.558475776991143,UC(local linear trend + damped cycle),1995,2024,30,20260919T085500Z
GBR,United Kingdom,COFOG,GF09,Education,uc,2027,4.735208174076039,0.5368846224483913,4.047162612408059,5.423253735744019,3.6829336419236,5.787482706228478,UC(local linear trend + damped cycle),1995,2024,30,20260919T085500Z
GBR,United Kingdom,COFOG,GF09,Education,uc,2028,4.686095231708731,0.6821698766751954,3.8118590619158814,5.560331401501581,3.3490668315409087,6.023123631876554,UC(local linear trend + damped cycle),1995,2024,30,20260919T085500Z
GBR,United Kingdom,COFOG,GF09,Education,uc,2029,4.636982289304695,0.833000408281485,3.5694489500707407,5.7045156285386485,3.004331477087682,6.269633101521707,UC(local linear trend + damped cycle),1995,2024,30,20260919T085500Z
GBR,United Kingdom,COFOG,GF09,Education,uc,2030,4.587869346885333,0.9901475703130793,3.318943747855466,5.856794945915201,2.647215754384229,6.528522939386438,UC(local linear trend + damped cycle),1995,2024,30,20260919T085500Z
GBR,United Kingdom,COFOG,GF09,Education,uc,2031,4.538756404459578,1.1538668152992015,3.0600160795792557,6.0174967293399,2.277218985678494,6.800293823240662,UC(local linear trend + damped cycle),1995,2024,30,20260919T085500Z
GBR,United Kingdom,COFOG,GF10,Social protection,auto.arima,2025,15.863658,0.6493984626154774,15.03142010143821,16.69589589856179,14.590860391618317,17.13645560838168,"ARIMA(0, 1, 0)",1995,2024,30,20260919T085500Z
GBR,United Kingdom,COFOG,GF10,Social protection,auto.arima,2026,15.863658,0.9183881132309586,14.686695876712637,17.04062012328736,14.063650360039397,17.663665639960602,"ARIMA(0, 1, 0)",1995,2024,30,20260919T085500Z
GBR,United Kingdom,COFOG,GF10,Social protection,auto.arima,2027,15.863658,1.1247911316331112,14.422179675673322,17.305136324326675,13.65910787447984,18.068208125520158,"ARIMA(0, 1, 0)",1995,2024,30,20260919T085500Z
GBR,United Kingdom,COFOG,GF10,Social protection,auto.arima,2028,15.863658,1.2987969252647122,14.199182202833157,17.52813379716684,13.318062783170472,18.409253216829526,"ARIMA(0, 1, 0)",1995,2024,30,20260919T085500Z
GBR,United Kingdom,COFOG,GF10,Social protection,auto.arima,2029,15.863658,1.4520991069323212,14.002717485312669,17.72459851468733,13.017596025980499,18.7097199740195,"ARIMA(0, 1, 0)",1995,2024,30,20260919T085500Z
GBR,United Kingdom,COFOG,GF10,Social protection,auto.arima,2030,15.863658,1.5906948732017145,13.825099803858595,17.902216196141403,12.745953313540074,18.981362686459924,"ARIMA(0, 1, 0)",1995,2024,30,20260919T085500Z
GBR,United Kingdom,COFOG,GF10,Social protection,auto.arima,2031,15.863658,1.7181468339192651,13.661763488697098,18.0655525113029,12.49615205880426,19.23116394119574,"ARIMA(0, 1, 0)",1995,2024,30,20260919T085500Z
GBR,United Kingdom,COFOG,GF10,Social protection,combination,2025,15.971526535059242,0.7520624562631558,15.007719390110282,16.935333680008203,14.497511195031882,17.4455418750866,mean of 4 + between-model variance,1995,2024,30,20260919T085500Z
GBR,United Kingdom,COFOG,GF10,Social protection,combination,2026,16.006665247445827,0.9576506825220253,14.77938609995836,17.233944394933292,14.129704385127228,17.883626109764425,mean of 4 + between-model variance,1995,2024,30,20260919T085500Z
GBR,United Kingdom,COFOG,GF10,Social protection,combination,2027,16.041803959830617,1.122756501253986,14.602933120135567,17.480674799525666,13.84124163660685,18.242366283054384,mean of 4 + between-model variance,1995,2024,30,20260919T085500Z
GBR,United Kingdom,COFOG,GF10,Social protection,combination,2028,16.0769984716686,1.2794811756613709,14.437276812037418,17.71672013129978,13.569261428694636,18.584735514642563,mean of 4 + between-model variance,1995,2024,30,20260919T085500Z
GBR,United Kingdom,COFOG,GF10,Social protection,combination,2029,16.112137184054113,1.4130055236400259,14.30129712922219,17.922977238886034,13.342697225918513,18.881577142189713,mean of 4 + between-model variance,1995,2024,30,20260919T085500Z
GBR,United Kingdom,COFOG,GF10,Social protection,combination,2030,16.147275896439545,1.5481757646798178,14.163208148862596,18.131343644016496,13.112907131994632,19.18164466088446,mean of 4 + between-model variance,1995,2024,30,20260919T085500Z
GBR,United Kingdom,COFOG,GF10,Social protection,combination,2031,16.182414608825052,1.6735069998531276,14.037728366149278,18.327100851500827,12.902401135364917,19.462428082285186,mean of 4 + between-model variance,1995,2024,30,20260919T085500Z
GBR,United Kingdom,COFOG,GF10,Social protection,ets,2025,15.863604391107463,0.6384931676683393,15.045342195095767,16.68186658711916,14.612180768231553,17.115028013983373,"ETS(A,N,N)",1995,2024,30,20260919T085500Z
GBR,United Kingdom,COFOG,GF10,Social protection,ets,2026,15.863604391107463,0.902920550043027,14.706464754358722,17.020744027856203,14.093912618162932,17.633296164051995,"ETS(A,N,N)",1995,2024,30,20260919T085500Z
GBR,United Kingdom,COFOG,GF10,Social protection,ets,2027,15.863604391107463,1.1058288810755739,14.4464271769073,17.280781605307627,13.696219594039057,18.03098918817587,"ETS(A,N,N)",1995,2024,30,20260919T085500Z
GBR,United Kingdom,COFOG,GF10,Social protection,ets,2028,15.863604391107463,1.2768905625587925,14.227202736879118,17.50000604533581,13.360944856552482,18.366263925662444,"ETS(A,N,N)",1995,2024,30,20260919T085500Z
GBR,United Kingdom,COFOG,GF10,Social protection,ets,2029,15.863604391107463,1.4275999100877532,14.034060871134683,17.693147911080242,13.06555996093223,18.661648821282697,"ETS(A,N,N)",1995,2024,30,20260919T085500Z
GBR,United Kingdom,COFOG,GF10,Social protection,ets,2030,15.863604391107463,1.5638521342548386,13.859446560748907,17.86776222146602,12.798510506644813,18.928698275570113,"ETS(A,N,N)",1995,2024,30,20260919T085500Z
GBR,United Kingdom,COFOG,GF10,Social protection,ets,2031,15.863604391107463,1.689149339858459,13.698871676313175,18.028337105901752,12.55293249436112,19.174276287853807,"ETS(A,N,N)",1995,2024,30,20260919T085500Z
GBR,United Kingdom,COFOG,GF10,Social protection,prophet,2025,16.236098102176673,0.9109331335330098,15.068689923031176,17.40350628132217,14.450701954044781,18.021494250308564,Prophet(linear trend),1995,2024,30,20260919T085500Z
GBR,United Kingdom,COFOG,GF10,Social protection,prophet,2026,16.31756530256523,0.9172635215631146,15.142044401978978,17.493086203151485,14.519761821788304,18.11536878334216,Prophet(linear trend),1995,2024,30,20260919T085500Z
GBR,United Kingdom,COFOG,GF10,Social protection,prophet,2027,16.39903250295379,0.879959294987676,15.271318908543744,17.526746097363837,14.674343963312566,18.123721042595015,Prophet(linear trend),1995,2024,30,20260919T085500Z
GBR,United Kingdom,COFOG,GF10,Social protection,prophet,2028,16.480722901151633,0.8902109268086391,15.339871307478168,17.621574494825097,14.735941532200066,18.2255042701032,Prophet(linear trend),1995,2024,30,20260919T085500Z
GBR,United Kingdom,COFOG,GF10,Social protection,prophet,2029,16.562190101540192,0.8344739601149724,15.49276832900693,17.631611874073457,14.92665118077741,18.197729022302973,Prophet(linear trend),1995,2024,30,20260919T085500Z
GBR,United Kingdom,COFOG,GF10,Social protection,prophet,2030,16.64365730192875,0.8465479051497778,15.558762140988243,17.72855246286926,14.984453883559773,18.30286072029773,Prophet(linear trend),1995,2024,30,20260919T085500Z
GBR,United Kingdom,COFOG,GF10,Social protection,prophet,2031,16.72512450231731,0.8392952565645897,15.649523987676448,17.800725016958175,15.080136014079951,18.37011299055467,Prophet(linear trend),1995,2024,30,20260919T085500Z
GBR,United Kingdom,COFOG,GF10,Social protection,uc,2025,15.922745646952832,0.6896762704808127,15.038889643165605,16.80660165074006,14.571004985156176,17.274486308749488,UC(local linear trend + damped cycle),1995,2024,30,20260919T085500Z
GBR,United Kingdom,COFOG,GF10,Social protection,uc,2026,15.98183329611062,0.991991651196605,14.71054441153631,17.253122180684933,14.037565371464718,17.92610122075652,UC(local linear trend + damped cycle),1995,2024,30,20260919T085500Z
GBR,United Kingdom,COFOG,GF10,Social protection,uc,2027,16.040920945261213,1.234982687408009,14.458226412248104,17.62361547827432,13.620399337318261,18.461442553204165,UC(local linear trend + damped cycle),1995,2024,30,20260919T085500Z
GBR,United Kingdom,COFOG,GF10,Social protection,uc,2028,16.100008594415296,1.4488125360244377,14.243279991248107,17.956737197582488,13.260388181058696,18.9396290077719,UC(local linear trend + damped cycle),1995,2024,30,20260919T085500Z
GBR,United Kingdom,COFOG,GF10,Social protection,uc,2029,16.159096243568797,1.6448933141962925,14.05107992697391,18.267112560163685,12.935164563903374,19.38302792323422,UC(local linear trend + damped cycle),1995,2024,30,20260919T085500Z
GBR,United Kingdom,COFOG,GF10,Social protection,uc,2030,16.218183892721974,1.828942587904312,13.874298861308027,18.56206892413592,12.633522262362687,19.80284552308126,UC(local linear trend + damped cycle),1995,2024,30,20260919T085500Z
GBR,United Kingdom,COFOG,GF10,Social protection,uc,2031,16.277271541875436,2.004277597750105,13.708685577923593,18.84585750582728,12.348959604278749,20.20558347947212,UC(local linear trend + damped cycle),1995,2024,30,20260919T085500Z
GBR,United Kingdom,COFOG,GF10_2,Old age (pensions),auto.arima,2025,8.519874,0.2842049384894673,8.155650592668946,8.884097407331053,7.962842551938429,9.07690544806157,"ARIMA(0, 1, 0)",1995,2024,30,20260919T085500Z
GBR,United Kingdom,COFOG,GF10_2,Old age (pensions),auto.arima,2026,8.519874,0.40192647871116977,8.004784317354742,9.034963682645257,7.732112571079341,9.307635428920658,"ARIMA(0, 1, 0)",1995,2024,30,20260919T085500Z
GBR,United Kingdom,COFOG,GF10_2,Old age (pensions),auto.arima,2027,8.519874,0.4922573935620664,7.889020552765746,9.150727447234253,7.555067229884518,9.484680770115482,"ARIMA(0, 1, 0)",1995,2024,30,20260919T085500Z
GBR,United Kingdom,COFOG,GF10_2,Old age (pensions),auto.arima,2028,8.519874,0.5684098774158286,7.79142718477799,9.24832081522201,7.405811103020563,9.633936896979437,"ARIMA(0, 1, 0)",1995,2024,30,20260919T085500Z
GBR,United Kingdom,COFOG,GF10_2,Old age (pensions),auto.arima,2029,8.519874,0.6355015625246222,7.705445701543445,9.334302298456555,7.274313815507991,9.765434184492008,"ARIMA(0, 1, 0)",1995,2024,30,20260919T085500Z
GBR,United Kingdom,COFOG,GF10_2,Old age (pensions),auto.arima,2030,8.519874,0.696157082272812,7.627712498899113,9.412035501100886,7.1554311804002495,9.88431681959975,"ARIMA(0, 1, 0)",1995,2024,30,20260919T085500Z
GBR,United Kingdom,COFOG,GF10_2,Old age (pensions),auto.arima,2031,8.519874,0.7519355892800615,7.556229441686958,9.48351855831304,7.046107314692293,9.993640685307707,"ARIMA(0, 1, 0)",1995,2024,30,20260919T085500Z
GBR,United Kingdom,COFOG,GF10_2,Old age (pensions),combination,2025,8.530046015216142,0.29778042689695006,8.148424913565501,8.911667116866782,7.946407098593488,9.113684931838796,mean of 4 + between-model variance,1995,2024,30,20260919T085500Z
GBR,United Kingdom,COFOG,GF10_2,Old age (pensions),combination,2026,8.553965017454805,0.40525877674291494,8.03460482160237,9.07332521330724,7.759672404354655,9.348257630554956,mean of 4 + between-model variance,1995,2024,30,20260919T085500Z
GBR,United Kingdom,COFOG,GF10_2,Old age (pensions),combination,2027,8.57788401969251,0.49036066798786243,7.949461324911329,9.20630671447369,7.616794763420347,9.538973275964672,mean of 4 + between-model variance,1995,2024,30,20260919T085500Z
GBR,United Kingdom,COFOG,GF10_2,Old age (pensions),combination,2028,8.601812869423274,0.5700600843832586,7.871251228161739,9.332374510684808,7.484515626195124,9.719110112651423,mean of 4 + between-model variance,1995,2024,30,20260919T085500Z
GBR,United Kingdom,COFOG,GF10_2,Old age (pensions),combination,2029,8.625731871661074,0.6401802110314867,7.8053076418532505,9.446156101468898,7.371001704526957,9.88046203879519,mean of 4 + between-model variance,1995,2024,30,20260919T085500Z
GBR,United Kingdom,COFOG,GF10_2,Old age (pensions),combination,2030,8.649650873898864,0.7203244182871422,7.72651767499414,9.572784072803588,7.237840945735123,10.061460802062605,mean of 4 + between-model variance,1995,2024,30,20260919T085500Z
GBR,United Kingdom,COFOG,GF10_2,Old age (pensions),combination,2031,8.673569876136655,0.784334036006263,7.668405023624757,9.678734728648553,7.136303401589676,10.210836350683635,mean of 4 + between-model variance,1995,2024,30,20260919T085500Z
GBR,United Kingdom,COFOG,GF10_2,Old age (pensions),ets,2025,8.519843560511603,0.30004582803418567,8.135319229502736,8.90436789152047,7.9317645392144085,9.107922581808797,"ETS(M,N,N)",1995,2024,30,20260919T085500Z
GBR,United Kingdom,COFOG,GF10_2,Old age (pensions),ets,2026,8.519843560511603,0.43583709009634797,7.961295666024448,9.078391454998759,7.665618554058005,9.374068566965201,"ETS(M,N,N)",1995,2024,30,20260919T085500Z
GBR,United Kingdom,COFOG,GF10_2,Old age (pensions),ets,2027,8.519843560511603,0.5453118011530721,7.820998131120281,9.218688989902924,7.451052061476423,9.588635059546784,"ETS(M,N,N)",1995,2024,30,20260919T085500Z
GBR,United Kingdom,COFOG,GF10_2,Old age (pensions),ets,2028,8.519843560511603,0.6367907397561676,7.703763114395607,9.3359240066276,7.271756635056146,9.76793048596706,"ETS(M,N,N)",1995,2024,30,20260919T085500Z
GBR,United Kingdom,COFOG,GF10_2,Old age (pensions),ets,2029,8.519843560511603,0.7023994172318117,7.61968218255934,9.420004938463865,7.143165989116273,9.896521131906933,"ETS(M,N,N)",1995,2024,30,20260919T085500Z
GBR,United Kingdom,COFOG,GF10_2,Old age (pensions),ets,2030,8.519843560511603,0.8217692143149984,7.466703580367788,9.572983540655418,6.909205484145922,10.130481636877285,"ETS(M,N,N)",1995,2024,30,20260919T085500Z
GBR,United Kingdom,COFOG,GF10_2,Old age (pensions),ets,2031,8.519843560511603,0.8831367042051499,7.388057950964085,9.651629170059122,6.78892741319086,10.250759707832346,"ETS(M,N,N)",1995,2024,30,20260919T085500Z
GBR,United Kingdom,COFOG,GF10_2,Old age (pensions),prophet,2025,8.479293831180057,0.2990003203726608,8.096109372605833,8.86247828975428,7.893263967261175,9.065323695098938,Prophet(linear trend),1995,2024,30,20260919T085500Z
GBR,United Kingdom,COFOG,GF10_2,Old age (pensions),prophet,2026,8.493671170937715,0.31865935641671334,8.085292635403162,8.902049706472267,7.869110304097788,9.118232037777641,Prophet(linear trend),1995,2024,30,20260919T085500Z
GBR,United Kingdom,COFOG,GF10_2,Old age (pensions),prophet,2027,8.508048510695374,0.3014953321512929,8.12166656478622,8.894430456604528,7.917128513510798,9.09896850787995,Prophet(linear trend),1995,2024,30,20260919T085500Z
GBR,United Kingdom,COFOG,GF10_2,Old age (pensions),prophet,2028,8.522465240424971,0.3078780113033729,8.12790355928311,8.917026921566832,7.9190354218787675,9.125895058971174,Prophet(linear trend),1995,2024,30,20260919T085500Z
GBR,United Kingdom,COFOG,GF10_2,Old age (pensions),prophet,2029,8.53684258018263,0.3200047320879849,8.126739875765809,8.946945284599453,7.909644825460536,9.164040334904726,Prophet(linear trend),1995,2024,30,20260919T085500Z
GBR,United Kingdom,COFOG,GF10_2,Old age (pensions),prophet,2030,8.551219919940289,0.307742339490881,8.156832109281071,8.945607730599507,7.948056013262384,9.154383826618194,Prophet(linear trend),1995,2024,30,20260919T085500Z
GBR,United Kingdom,COFOG,GF10_2,Old age (pensions),prophet,2031,8.565597259697947,0.30902051144259013,8.169571405217672,8.961623114178222,7.959928182008882,9.171266337387012,Prophet(linear trend),1995,2024,30,20260919T085500Z
GBR,United Kingdom,COFOG,GF10_2,Old age (pensions),uc,2025,8.601172669172902,0.28988813863651997,8.229665945326992,8.972679393018812,8.033002353418313,9.169342984927491,UC(local linear trend + damped cycle),1995,2024,30,20260919T085500Z
GBR,United Kingdom,COFOG,GF10_2,Old age (pensions),uc,2026,8.682471338369902,0.4170473163002896,8.148003516070634,9.21693916066917,7.865073612124721,9.499869064615083,UC(local linear trend + damped cycle),1995,2024,30,20260919T085500Z
GBR,United Kingdom,COFOG,GF10_2,Old age (pensions),uc,2027,8.763770007563062,0.5193072244976547,8.098250795393644,9.42928921973248,7.745946542607741,9.781593472518384,UC(local linear trend + damped cycle),1995,2024,30,20260919T085500Z
GBR,United Kingdom,COFOG,GF10_2,Old age (pensions),uc,2028,8.845068676756519,0.60933547502824,8.064173580063128,9.625963773449909,7.65079308177827,10.039344271734768,UC(local linear trend + damped cycle),1995,2024,30,20260919T085500Z
GBR,United Kingdom,COFOG,GF10_2,Old age (pensions),uc,2029,8.926367345950066,0.6919231512478864,8.039631847622035,9.813102844278097,7.5702228787376535,10.282511813162479,UC(local linear trend + damped cycle),1995,2024,30,20260919T085500Z
GBR,United Kingdom,COFOG,GF10_2,Old age (pensions),uc,2030,9.007666015143561,0.7694697991425351,8.021550455112846,9.993781575174276,7.499532909736962,10.515799120550161,UC(local linear trend + damped cycle),1995,2024,30,20260919T085500Z
GBR,United Kingdom,COFOG,GF10_2,Old age (pensions),uc,2031,9.088964684337071,0.8433671174932676,8.008145868179339,10.169783500494804,7.435995495266496,10.741933873407646,UC(local linear trend + damped cycle),1995,2024,30,20260919T085500Z
GBR,United Kingdom,COFOG,GF10_5,Unemployment,auto.arima,2025,0.03040327586206875,0.041531483554408305,-0.022821479950050322,0.08362803167418782,-0.05099693677116358,0.11180348849530108,"ARIMA(0, 1, 0)+drift",1995,2024,30,20260919T085500Z
GBR,United Kingdom,COFOG,GF10_5,Unemployment,auto.arima,2026,0.0141675517241375,0.05873438730811938,-0.06110361979935751,0.08943872324763251,-0.1009497329618334,0.1292848364101084,"ARIMA(0, 1, 0)+drift",1995,2024,30,20260919T085500Z
GBR,United Kingdom,COFOG,GF10_5,Unemployment,auto.arima,2027,-0.0020681724137937493,0.07193463962994645,-0.09425615370083087,0.09011980887324339,-0.14305747644146213,0.13892113161387462,"ARIMA(0, 1, 0)+drift",1995,2024,30,20260919T085500Z
GBR,United Kingdom,COFOG,GF10_5,Unemployment,auto.arima,2028,-0.018303896551725,0.08306296710881661,-0.12475340817596314,0.08814561507251314,-0.18110432181818964,0.14449652871473967,"ARIMA(0, 1, 0)+drift",1995,2024,30,20260919T085500Z
GBR,United Kingdom,COFOG,GF10_5,Unemployment,auto.arima,2029,-0.03453962068965625,0.09286722043407156,-0.15355379277138154,0.08447455139206902,-0.21655602952050088,0.1474767881411884,"ARIMA(0, 1, 0)+drift",1995,2024,30,20260919T085500Z
GBR,United Kingdom,COFOG,GF10_5,Unemployment,auto.arima,2030,-0.0507753448275875,0.10173094296909141,-0.18114883825151254,0.07959814859633754,-0.25016433073305977,0.14861364107788477,"ARIMA(0, 1, 0)+drift",1995,2024,30,20260919T085500Z
GBR,United Kingdom,COFOG,GF10_5,Unemployment,auto.arima,2031,-0.06701106896551876,0.10988197706453327,-0.2078305364365255,0.07380839850548798,-0.28237578826082965,0.14835365032979214,"ARIMA(0, 1, 0)+drift",1995,2024,30,20260919T085500Z
GBR,United Kingdom,COFOG,GF10_5,Unemployment,combination,2025,0.030993350121516404,0.04957739219366618,-0.03254265599906087,0.09452935624209369,-0.06617655379195034,0.12816325403498313,mean of 4 + between-model variance,1995,2024,30,20260919T085500Z
GBR,United Kingdom,COFOG,GF10_5,Unemployment,combination,2026,0.02096255612542122,0.063697555176682,-0.06066917310636595,0.1025942853572084,-0.10388235890888915,0.14580747115973158,mean of 4 + between-model variance,1995,2024,30,20260919T085500Z
GBR,United Kingdom,COFOG,GF10_5,Unemployment,combination,2027,0.00817544278080109,0.07646160084860265,-0.08981407470992733,0.10616496027152952,-0.14168654226482955,0.15803742782643174,mean of 4 + between-model variance,1995,2024,30,20260919T085500Z
GBR,United Kingdom,COFOG,GF10_5,Unemployment,combination,2028,-0.005608123618630848,0.08723416694307552,-0.11740324473286318,0.10618699749560148,-0.17658395039704894,0.16536770315978722,mean of 4 + between-model variance,1995,2024,30,20260919T085500Z
GBR,United Kingdom,COFOG,GF10_5,Unemployment,combination,2029,-0.01637461245973762,0.09835391201254753,-0.14242026510724193,0.10967104018776669,-0.20914473926349833,0.1763955143440231,mean of 4 + between-model variance,1995,2024,30,20260919T085500Z
GBR,United Kingdom,COFOG,GF10_5,Unemployment,combination,2030,-0.027888848507637086,0.10860720560013384,-0.16707463005889983,0.11129693304362565,-0.24075506162449783,0.18497736460922365,mean of 4 + between-model variance,1995,2024,30,20260919T085500Z
GBR,United Kingdom,COFOG,GF10_5,Unemployment,combination,2031,-0.04169252458636401,0.11920981250241307,-0.1944660982184565,0.11108104904572848,-0.27533946553784355,0.1919544163651155,mean of 4 + between-model variance,1995,2024,30,20260919T085500Z
GBR,United Kingdom,COFOG,GF10_5,Unemployment,ets,2025,0.04663842744342594,0.043843756260071066,-0.00954962607918066,0.10282648096603253,-0.03929375645108799,0.13257061133793988,"ETS(A,N,N)",1995,2024,30,20260919T085500Z
GBR,United Kingdom,COFOG,GF10_5,Unemployment,ets,2026,0.04663842744342594,0.06200133458414579,-0.032819506895555274,0.12609636178240716,-0.07488195629345479,0.16815881118030668,"ETS(A,N,N)",1995,2024,30,20260919T085500Z
GBR,United Kingdom,COFOG,GF10_5,Unemployment,ets,2027,0.04663842744342594,0.07593455088059628,-0.05067564810670399,0.14395250299355586,-0.10219055863871107,0.19546741352556296,"ETS(A,N,N)",1995,2024,30,20260919T085500Z
GBR,United Kingdom,COFOG,GF10_5,Unemployment,ets,2028,0.04663842744342594,0.08768093603891634,-0.06572925149911937,0.15900610638597126,-0.1252130506791527,0.2184899055660046,"ETS(A,N,N)",1995,2024,30,20260919T085500Z
GBR,United Kingdom,COFOG,GF10_5,Unemployment,ets,2029,0.04663842744342594,0.09802977645533632,-0.07899182863246323,0.17226868351931512,-0.14549640533708086,0.23877326022393275,"ETS(A,N,N)",1995,2024,30,20260919T085500Z
GBR,United Kingdom,COFOG,GF10_5,Unemployment,ets,2030,0.04663842744342594,0.10738588174944544,-0.09098216408433935,0.18425901897119124,-0.16383403489374415,0.25711088978059604,"ETS(A,N,N)",1995,2024,30,20260919T085500Z
GBR,United Kingdom,COFOG,GF10_5,Unemployment,ets,2031,0.04663842744342594,0.11598973284876793,-0.1020084466683783,0.1952853015552302,-0.18069727330977664,0.27397412819662853,"ETS(A,N,N)",1995,2024,30,20260919T085500Z
GBR,United Kingdom,COFOG,GF10_5,Unemployment,prophet,2025,0.019165443008471963,0.0633847528797234,-0.06206541381404332,0.10039629983098725,-0.10506639078468222,0.14339727680162614,Prophet(linear trend),1995,2024,30,20260919T085500Z
GBR,United Kingdom,COFOG,GF10_5,Unemployment,prophet,2026,0.0030813109351731077,0.06471614343282464,-0.07985579211345017,0.0860184139837964,-0.12376000041199961,0.12992262228234583,Prophet(linear trend),1995,2024,30,20260919T085500Z
GBR,United Kingdom,COFOG,GF10_5,Unemployment,prophet,2027,-0.013002821138125691,0.0668893312548742,-0.09872497738647223,0.07271933511022086,-0.14410350238175396,0.11809786010550256,Prophet(linear trend),1995,2024,30,20260919T085500Z
GBR,United Kingdom,COFOG,GF10_5,Unemployment,prophet,2028,-0.029131019326693885,0.06135223093632015,-0.10775709358759684,0.04949505493420907,-0.14937918328156766,0.0911171446281799,Prophet(linear trend),1995,2024,30,20260919T085500Z
GBR,United Kingdom,COFOG,GF10_5,Unemployment,prophet,2029,-0.0452151513999928,0.06357732872785823,-0.12669280418583698,0.03626250138585138,-0.16982442692276073,0.07939412412277515,Prophet(linear trend),1995,2024,30,20260919T085500Z
GBR,United Kingdom,COFOG,GF10_5,Unemployment,prophet,2030,-0.061299283473291485,0.062382932298643945,-0.14124625512648323,0.018647688179900257,-0.18356758499307085,0.0609690180464879,Prophet(linear trend),1995,2024,30,20260919T085500Z
GBR,United Kingdom,COFOG,GF10_5,Unemployment,prophet,2031,-0.0773834155465904,0.06101745351136854,-0.15558045512899177,0.0008136240358109781,-0.19697542780054633,0.04220859670736553,Prophet(linear trend),1995,2024,30,20260919T085500Z
GBR,United Kingdom,COFOG,GF10_5,Unemployment,uc,2025,0.027766254172098964,0.040492777842595966,-0.02412734625763558,0.0796598546018335,-0.0515981326593868,0.10713064100358473,UC(local linear trend + damped cycle),1995,2024,30,20260919T085500Z
GBR,United Kingdom,COFOG,GF10_5,Unemployment,uc,2026,0.019962934398948334,0.0581311191237804,-0.05453511757637068,0.09446098637426735,-0.0939719663633728,0.13389783516126946,UC(local linear trend + damped cycle),1995,2024,30,20260919T085500Z
GBR,United Kingdom,COFOG,GF10_5,Unemployment,uc,2027,0.0011343372316978584,0.07207012388609868,-0.09122727417477969,0.0934959486381754,-0.14012051106059564,0.14238918552399138,UC(local linear trend + damped cycle),1995,2024,30,20260919T085500Z
GBR,United Kingdom,COFOG,GF10_5,Unemployment,uc,2028,-0.021636006039530448,0.08457478578776212,-0.13002299191540856,0.08675097983634768,-0.18739954149125584,0.14412752941219495,UC(local linear trend + damped cycle),1995,2024,30,20260919T085500Z
GBR,United Kingdom,COFOG,GF10_5,Unemployment,uc,2029,-0.03238210519272737,0.0960879664288315,-0.15552383074552922,0.0907596203600745,-0.22071106022644565,0.15594684984099094,UC(local linear trend + damped cycle),1995,2024,30,20260919T085500Z
GBR,United Kingdom,COFOG,GF10_5,Unemployment,uc,2030,-0.046119193173095284,0.1066487016336465,-0.18279505004909824,0.09055666370290766,-0.2551468090217836,0.16290842267559302,UC(local linear trend + damped cycle),1995,2024,30,20260919T085500Z
GBR,United Kingdom,COFOG,GF10_5,Unemployment,uc,2031,-0.06901404127677284,0.11679697462178093,-0.21869543769726546,0.08066735514371977,-0.2979319068443771,0.1599038242908314,UC(local linear trend + damped cycle),1995,2024,30,20260919T085500Z
GBR,United Kingdom,COFOG,GF10_X,Social protection excluding old age and unemployment,auto.arima,2025,7.2965021724663135,0.31971584250897467,6.886769695067252,7.706234649865375,6.669870630919053,7.923133714013574,"ARIMA(2, 0, 0)+drift",1995,2024,30,20260919T085500Z
GBR,United Kingdom,COFOG,GF10_X,Social protection excluding old age and unemployment,auto.arima,2026,7.225631001891539,0.42860954580247906,6.67634558124928,7.774916422533798,6.385571722062329,8.06569028172075,"ARIMA(2, 0, 0)+drift",1995,2024,30,20260919T085500Z
GBR,United Kingdom,COFOG,GF10_X,Social protection excluding old age and unemployment,auto.arima,2027,7.162552791054694,0.45591257124791196,6.57827712354679,7.7468284585625975,6.268980564261351,8.056125017848036,"ARIMA(2, 0, 0)+drift",1995,2024,30,20260919T085500Z
GBR,United Kingdom,COFOG,GF10_X,Social protection excluding old age and unemployment,auto.arima,2028,7.128282994147859,0.45863934187050226,6.540512828295033,7.716053160000684,6.229366395097982,8.027199593197736,"ARIMA(2, 0, 0)+drift",1995,2024,30,20260919T085500Z
GBR,United Kingdom,COFOG,GF10_X,Social protection excluding old age and unemployment,auto.arima,2029,7.117310406276507,0.4586547802950713,6.5295204552797985,7.705100357273216,6.218363548470258,8.016257264082757,"ARIMA(2, 0, 0)+drift",1995,2024,30,20260919T085500Z
GBR,United Kingdom,COFOG,GF10_X,Social protection excluding old age and unemployment,auto.arima,2030,7.118175779692272,0.4590439051062724,6.529887145015519,7.706464414369026,6.218466251264562,8.017885308119983,"ARIMA(2, 0, 0)+drift",1995,2024,30,20260919T085500Z
GBR,United Kingdom,COFOG,GF10_X,Social protection excluding old age and unemployment,auto.arima,2031,7.122362328979411,0.4593123621456583,6.533729652646918,7.710995005311903,6.222126634418958,8.022598023539864,"ARIMA(2, 0, 0)+drift",1995,2024,30,20260919T085500Z
GBR,United Kingdom,COFOG,GF10_X,Social protection excluding old age and unemployment,combination,2025,7.270748055821947,0.3914158003867771,6.769128354004672,7.7723677576392225,6.503587178032678,8.037908933611217,mean of 4 + between-model variance,1995,2024,30,20260919T085500Z
GBR,United Kingdom,COFOG,GF10_X,Social protection excluding old age and unemployment,combination,2026,7.253562789104283,0.49861609659432743,6.614560333281629,7.892565244926937,6.276293189958879,8.230832388249688,mean of 4 + between-model variance,1995,2024,30,20260919T085500Z
GBR,United Kingdom,COFOG,GF10_X,Social protection excluding old age and unemployment,combination,2027,7.23832576196559,0.5782572040814355,6.497259085560618,7.979392438370562,6.104962459225323,8.371689064705857,mean of 4 + between-model variance,1995,2024,30,20260919T085500Z
GBR,United Kingdom,COFOG,GF10_X,Social protection excluding old age and unemployment,combination,2028,7.230294969164849,0.6447332156371978,6.404035827198566,8.056554111131131,5.966641076911704,8.493948861417993,mean of 4 + between-model variance,1995,2024,30,20260919T085500Z
GBR,United Kingdom,COFOG,GF10_X,Social protection excluding old age and unemployment,combination,2029,7.228084347659604,0.7076853907541226,6.321148719767876,8.135019975551332,5.841046458455591,8.615122236863618,mean of 4 + between-model variance,1995,2024,30,20260919T085500Z
GBR,United Kingdom,COFOG,GF10_X,Social protection excluding old age and unemployment,combination,2030,7.228833216345015,0.7681032524910463,6.24446895690861,8.21319747578142,5.723378493179654,8.734287939510375,mean of 4 + between-model variance,1995,2024,30,20260919T085500Z
GBR,United Kingdom,COFOG,GF10_X,Social protection excluding old age and unemployment,combination,2031,7.230412378932128,0.8204411854017775,6.178974336898109,8.281850420966146,5.622377191427319,8.838447566436937,mean of 4 + between-model variance,1995,2024,30,20260919T085500Z
GBR,United Kingdom,COFOG,GF10_X,Social protection excluding old age and unemployment,ets,2025,7.297121403252435,0.36519988523656116,6.829098759927749,7.76514404657712,6.581342775384643,8.012900031120227,"ETS(A,N,N)",1995,2024,30,20260919T085500Z
GBR,United Kingdom,COFOG,GF10_X,Social protection excluding old age and unemployment,ets,2026,7.297121403252435,0.516444807792729,6.635270526936047,7.9589722795688225,6.284908171991766,8.309334634513103,"ETS(A,N,N)",1995,2024,30,20260919T085500Z
GBR,United Kingdom,COFOG,GF10_X,Social protection excluding old age and unemployment,ets,2027,7.297121403252435,0.6325025872005116,6.486536447620445,8.107706358884425,6.057439102432571,8.536803704072298,"ETS(A,N,N)",1995,2024,30,20260919T085500Z
GBR,United Kingdom,COFOG,GF10_X,Social protection excluding old age and unemployment,ets,2028,7.297121403252435,0.7303449911751378,6.361146319121954,8.233096487382914,5.865671512968847,8.728571293536023,"ETS(A,N,N)",1995,2024,30,20260919T085500Z
GBR,United Kingdom,COFOG,GF10_X,Social protection excluding old age and unemployment,ets,2029,7.297121403252435,0.8165464404759125,6.250674679367648,8.343568127137221,5.696719775591504,8.897523030913366,"ETS(A,N,N)",1995,2024,30,20260919T085500Z
GBR,United Kingdom,COFOG,GF10_X,Social protection excluding old age and unemployment,ets,2030,7.297121403252435,0.8944788274594064,6.150800272964178,8.443442533540692,5.543975102669787,9.050267703835083,"ETS(A,N,N)",1995,2024,30,20260919T085500Z
GBR,United Kingdom,COFOG,GF10_X,Social protection excluding old age and unemployment,ets,2031,7.297121403252435,0.9661452562075882,6.058956017869088,8.535286788635782,5.403511482314785,9.190731324190084,"ETS(A,N,N)",1995,2024,30,20260919T085500Z
GBR,United Kingdom,COFOG,GF10_X,Social protection excluding old age and unemployment,prophet,2025,7.196126478903216,0.458092881320981,6.60905663066055,7.783196327145882,6.2982809228578205,8.093972034948612,Prophet(linear trend),1995,2024,30,20260919T085500Z
GBR,United Kingdom,COFOG,GF10_X,Social protection excluding old age and unemployment,prophet,2026,7.2021584028670445,0.457759475728179,6.615515831228645,7.788800974505444,6.30496630978094,8.09935049595315,Prophet(linear trend),1995,2024,30,20260919T085500Z
GBR,United Kingdom,COFOG,GF10_X,Social protection excluding old age and unemployment,prophet,2027,7.208190326830871,0.45659866364550333,6.623035396238649,7.793345257423093,6.313273383637576,8.103107270024166,Prophet(linear trend),1995,2024,30,20260919T085500Z
GBR,United Kingdom,COFOG,GF10_X,Social protection excluding old age and unemployment,prophet,2028,7.2142387766137785,0.44817722941297217,6.639876351905126,7.7886012013224315,6.335827541344612,8.092650011882945,Prophet(linear trend),1995,2024,30,20260919T085500Z
GBR,United Kingdom,COFOG,GF10_X,Social protection excluding old age and unemployment,prophet,2029,7.220270700577607,0.4529497759196618,6.639792009348213,7.800749391807001,6.332505445967003,8.10803595518821,Prophet(linear trend),1995,2024,30,20260919T085500Z
GBR,United Kingdom,COFOG,GF10_X,Social protection excluding old age and unemployment,prophet,2030,7.226302624541434,0.4665817662107134,6.628353828890562,7.824251420192306,6.3118191597120195,8.140786089370849,Prophet(linear trend),1995,2024,30,20260919T085500Z
GBR,United Kingdom,COFOG,GF10_X,Social protection excluding old age and unemployment,prophet,2031,7.2323345485052615,0.4430940536651209,6.664486477842619,7.800182619167904,6.363886154707556,8.100782942302967,Prophet(linear trend),1995,2024,30,20260919T085500Z
GBR,United Kingdom,COFOG,GF10_X,Social protection excluding old age and unemployment,uc,2025,7.2932421686658255,0.3968326188041796,6.784680532372091,7.80180380495956,6.51546452178391,8.071019815547741,UC(local linear trend + damped cycle),1995,2024,30,20260919T085500Z
GBR,United Kingdom,COFOG,GF10_X,Social protection excluding old age and unemployment,uc,2026,7.289340348406113,0.5707074126852886,6.557949122264456,8.02073157454777,6.170774365009804,8.407906331802423,UC(local linear trend + damped cycle),1995,2024,30,20260919T085500Z
GBR,United Kingdom,COFOG,GF10_X,Social protection excluding old age and unemployment,uc,2027,7.285438526724358,0.7104171106208956,6.375002057773928,8.195874995674789,5.893046564923385,8.67783048852533,UC(local linear trend + damped cycle),1995,2024,30,20260919T085500Z
GBR,United Kingdom,COFOG,GF10_X,Social protection excluding old age and unemployment,uc,2028,7.281536702645324,0.8333262789334982,6.213585743225542,8.349487662065107,5.6482471956817095,8.91482620960894,UC(local linear trend + damped cycle),1995,2024,30,20260919T085500Z
GBR,United Kingdom,COFOG,GF10_X,Social protection excluding old age and unemployment,uc,2029,7.277634880531868,0.9460061310597788,6.065278831259946,8.48999092980379,5.4234969198754195,9.131772841188315,UC(local linear trend + damped cycle),1995,2024,30,20260919T085500Z
GBR,United Kingdom,COFOG,GF10_X,Social protection excluding old age and unemployment,uc,2030,7.273733057893919,1.0517495943596782,5.925861261743084,8.621604854044753,5.212341715934347,9.335124399853491,UC(local linear trend + damped cycle),1995,2024,30,20260919T085500Z
GBR,United Kingdom,COFOG,GF10_X,Social protection excluding old age and unemployment,uc,2031,7.269831234991403,1.152467576441524,5.792884107467615,8.74677836251519,5.0110362739987675,9.528626195984039,UC(local linear trend + damped cycle),1995,2024,30,20260919T085500Z
GBR,United Kingdom,ESA_EXP,E01,Compensation of employees,auto.arima,2026,10.412331829460987,0.310914404726649,10.01387885225474,10.810784806667234,9.802950789115325,11.021712869806649,"ARIMA(1, 0, 1)+drift",1990,2025,36,20260919T085500Z
GBR,United Kingdom,ESA_EXP,E01,Compensation of employees,auto.arima,2027,10.15340374559206,0.500908361812663,9.511463632694317,10.795343858489803,9.171641389140266,11.135166102043854,"ARIMA(1, 0, 1)+drift",1990,2025,36,20260919T085500Z
GBR,United Kingdom,ESA_EXP,E01,Compensation of employees,auto.arima,2028,9.979768043189685,0.56592495172874,9.254505789451814,10.705030296927555,8.870575511099617,11.088960575279753,"ARIMA(1, 0, 1)+drift",1990,2025,36,20260919T085500Z
GBR,United Kingdom,ESA_EXP,E01,Compensation of employees,auto.arima,2029,9.863328927361568,0.5928430275382202,9.103569759733906,10.62308809498923,8.701377935735648,11.025279918987488,"ARIMA(1, 0, 1)+drift",1990,2025,36,20260919T085500Z
GBR,United Kingdom,ESA_EXP,E01,Compensation of employees,auto.arima,2030,9.785245517629308,0.6045574481293816,9.010473710864202,10.560017324394414,8.600334683363853,10.970156351894763,"ARIMA(1, 0, 1)+drift",1990,2025,36,20260919T085500Z
GBR,United Kingdom,ESA_EXP,E01,Compensation of employees,auto.arima,2031,9.732883226555092,0.6097520300035202,8.95145429300002,10.514312160110164,8.537791198821273,10.927975254288912,"ARIMA(1, 0, 1)+drift",1990,2025,36,20260919T085500Z
GBR,United Kingdom,ESA_EXP,E01,Compensation of employees,combination,2026,10.267427565228367,0.544532930618395,9.569580298928502,10.965274831528232,9.200162624401814,11.33469250605492,mean of 4 + between-model variance,1990,2025,36,20260919T085500Z
GBR,United Kingdom,ESA_EXP,E01,Compensation of employees,combination,2027,10.223561587174588,0.6621538685050742,9.374976972684173,11.072146201665003,8.925763842443908,11.521359331905268,mean of 4 + between-model variance,1990,2025,36,20260919T085500Z
GBR,United Kingdom,ESA_EXP,E01,Compensation of employees,combination,2028,10.23776160538255,0.81622546369718,9.191726229930502,11.283796980834598,8.63798908065277,11.83753413011233,mean of 4 + between-model variance,1990,2025,36,20260919T085500Z
GBR,United Kingdom,ESA_EXP,E01,Compensation of employees,combination,2029,10.280914827227871,0.9973272270194834,9.002788124786598,11.559041529669145,8.326189366049856,12.235640288405886,mean of 4 + between-model variance,1990,2025,36,20260919T085500Z
GBR,United Kingdom,ESA_EXP,E01,Compensation of employees,combination,2030,10.318235588821059,1.1830367388340068,8.80211249009486,11.834358687547258,7.999526170029004,12.636945007613114,mean of 4 + between-model variance,1990,2025,36,20260919T085500Z
GBR,United Kingdom,ESA_EXP,E01,Compensation of employees,combination,2031,10.348445558082759,1.3672073400127345,8.596298257074759,12.100592859090758,7.66876839112204,13.028122725043477,mean of 4 + between-model variance,1990,2025,36,20260919T085500Z
GBR,United Kingdom,ESA_EXP,E01,Compensation of employees,ets,2026,10.410340321353983,0.36274197847362466,9.945467613357152,10.875213029350814,9.699379102256904,11.121301540451062,"ETS(A,N,N)",1990,2025,36,20260919T085500Z
GBR,United Kingdom,ESA_EXP,E01,Compensation of employees,ets,2027,10.410340321353983,0.5129689765094451,9.752943903570351,11.067736739137615,9.404939594278625,11.415741048429341,"ETS(A,N,N)",1990,2025,36,20260919T085500Z
GBR,United Kingdom,ESA_EXP,E01,Compensation of employees,ets,2028,10.410340321353983,0.6282456516167342,9.605210850033254,11.215469792674712,9.179001461028642,11.641679181679324,"ETS(A,N,N)",1990,2025,36,20260919T085500Z
GBR,United Kingdom,ESA_EXP,E01,Compensation of employees,ets,2029,10.410340321353983,0.7254295463306708,9.480664635394819,11.340016007313148,8.988524526009536,11.83215611669843,"ETS(A,N,N)",1990,2025,36,20260919T085500Z
GBR,United Kingdom,ESA_EXP,E01,Compensation of employees,ets,2030,10.410340321353983,0.8110508335509624,9.37093650351508,11.449744139192886,8.820709885424105,11.999970757283862,"ETS(A,N,N)",1990,2025,36,20260919T085500Z
GBR,United Kingdom,ESA_EXP,E01,Compensation of employees,ets,2031,10.410340321353983,0.8884587117688129,9.271734282369238,11.548946360338729,8.668993230800734,12.151687411907233,"ETS(A,N,N)",1990,2025,36,20260919T085500Z
GBR,United Kingdom,ESA_EXP,E01,Compensation of employees,prophet,2026,9.748841598115582,0.5861163547270635,8.997703011482404,10.499980184748761,8.600074643039308,10.897608553191857,Prophet(linear trend),1990,2025,36,20260919T085500Z
GBR,United Kingdom,ESA_EXP,E01,Compensation of employees,prophet,2027,9.758125065109654,0.5692356351121016,9.02861999846047,10.487630131758838,8.642443712772799,10.87380641744651,Prophet(linear trend),1990,2025,36,20260919T085500Z
GBR,United Kingdom,ESA_EXP,E01,Compensation of employees,prophet,2028,9.767433966259874,0.5761201698356823,9.029106010366617,10.505761922153132,8.63825917370805,10.896608758811698,Prophet(linear trend),1990,2025,36,20260919T085500Z
GBR,United Kingdom,ESA_EXP,E01,Compensation of employees,prophet,2029,9.776717433253944,0.589842562184596,9.02080351800115,10.532631348506738,8.620647245704376,10.932787620803513,Prophet(linear trend),1990,2025,36,20260919T085500Z
GBR,United Kingdom,ESA_EXP,E01,Compensation of employees,prophet,2030,9.786000900248014,0.6015088925231404,9.015135976017199,10.55686582447883,8.607065125222789,10.96493667527324,Prophet(linear trend),1990,2025,36,20260919T085500Z
GBR,United Kingdom,ESA_EXP,E01,Compensation of employees,prophet,2031,9.795284367242086,0.5744939918785417,9.059040442962157,10.531528291522015,8.669296824943853,10.92127190954032,Prophet(linear trend),1990,2025,36,20260919T085500Z
GBR,United Kingdom,ESA_EXP,E01,Compensation of employees,uc,2026,10.498196511982917,0.3598238557698855,10.037063529973308,10.959329493992525,9.792954708332749,11.203438315633084,UC(local linear trend + damped cycle),1990,2025,36,20260919T085500Z
GBR,United Kingdom,ESA_EXP,E01,Compensation of employees,uc,2027,10.572377216642655,0.6415342489803334,9.750217716793411,11.3945367164919,9.314993183874165,11.829761249411145,UC(local linear trend + damped cycle),1990,2025,36,20260919T085500Z
GBR,United Kingdom,ESA_EXP,E01,Compensation of employees,uc,2028,10.793504090726659,0.884768563631232,9.659627168467926,11.927381012985391,9.059389557677735,12.527618623775583,UC(local linear trend + damped cycle),1990,2025,36,20260919T085500Z
GBR,United Kingdom,ESA_EXP,E01,Compensation of employees,uc,2029,11.073272626941996,1.1498354134351858,9.599698753183308,12.546846500700685,8.819636610683915,13.326908643200078,UC(local linear trend + damped cycle),1990,2025,36,20260919T085500Z
GBR,United Kingdom,ESA_EXP,E01,Compensation of employees,uc,2030,11.291355616052934,1.477430266632448,9.397951902989588,13.18475932911628,8.395645480942935,14.187065751162933,UC(local linear trend + damped cycle),1990,2025,36,20260919T085500Z
GBR,United Kingdom,ESA_EXP,E01,Compensation of employees,uc,2031,11.455274317179876,1.853128078154803,9.080394322364432,13.83015431199532,7.823209996607276,15.087338637752477,UC(local linear trend + damped cycle),1990,2025,36,20260919T085500Z
GBR,United Kingdom,ESA_EXP,E02,Intermediate consumption,auto.arima,2026,8.687608381519937,0.3984027594623379,8.177034528325459,9.198182234714414,7.906753315473095,9.468463447566778,"ARIMA(0, 1, 1)",1990,2025,36,20260919T085500Z
GBR,United Kingdom,ESA_EXP,E02,Intermediate consumption,auto.arima,2027,8.687608381519937,0.6739879763116291,7.823857742501816,9.551359020538058,7.366616211516291,10.008600551523582,"ARIMA(0, 1, 1)",1990,2025,36,20260919T085500Z
GBR,United Kingdom,ESA_EXP,E02,Intermediate consumption,auto.arima,2028,8.687608381519937,0.8659069382318664,7.577903613015012,9.797313150024861,6.990461955235254,10.384754807804619,"ARIMA(0, 1, 1)",1990,2025,36,20260919T085500Z
GBR,United Kingdom,ESA_EXP,E02,Intermediate consumption,auto.arima,2029,8.687608381519937,1.0224137416640706,7.377332006062863,9.99788475697701,6.683714254753058,10.691502508286815,"ARIMA(0, 1, 1)",1990,2025,36,20260919T085500Z
GBR,United Kingdom,ESA_EXP,E02,Intermediate consumption,auto.arima,2030,8.687608381519937,1.157957206726123,7.20362600732566,10.171590755714213,6.418053942796178,10.957162820243695,"ARIMA(0, 1, 1)",1990,2025,36,20260919T085500Z
GBR,United Kingdom,ESA_EXP,E02,Intermediate consumption,auto.arima,2031,8.687608381519937,1.2792184825409634,7.0482233767826,10.326993386257273,6.18038620760502,11.194830555434853,"ARIMA(0, 1, 1)",1990,2025,36,20260919T085500Z
GBR,United Kingdom,ESA_EXP,E02,Intermediate consumption,combination,2026,8.862778515386431,0.4991547711785137,8.223085720073064,9.502471310699798,7.884453133448306,9.841103897324555,mean of 4 + between-model variance,1990,2025,36,20260919T085500Z
GBR,United Kingdom,ESA_EXP,E02,Intermediate consumption,combination,2027,8.894018030682801,0.6752745435113542,8.028618588896737,9.759417472468865,7.570504235284114,10.217531826081489,mean of 4 + between-model variance,1990,2025,36,20260919T085500Z
GBR,United Kingdom,ESA_EXP,E02,Intermediate consumption,combination,2028,8.859717991616861,0.7753705603978887,7.866040299197826,9.853395684035897,7.340019606577174,10.379416376656549,mean of 4 + between-model variance,1990,2025,36,20260919T085500Z
GBR,United Kingdom,ESA_EXP,E02,Intermediate consumption,combination,2029,8.836946314297672,0.8783314202096457,7.71131892606516,9.962573702530184,7.115448350617894,10.55844427797745,mean of 4 + between-model variance,1990,2025,36,20260919T085500Z
GBR,United Kingdom,ESA_EXP,E02,Intermediate consumption,combination,2030,8.883284386729915,0.9759795066672655,7.632515898001468,10.134052875458362,6.970399688924315,10.796169084535515,mean of 4 + between-model variance,1990,2025,36,20260919T085500Z
GBR,United Kingdom,ESA_EXP,E02,Intermediate consumption,combination,2031,8.980111504744043,1.073636271839584,7.60419079329548,10.356032216192606,6.875823062844244,11.084399946643842,mean of 4 + between-model variance,1990,2025,36,20260919T085500Z
GBR,United Kingdom,ESA_EXP,E02,Intermediate consumption,ets,2026,8.678060462415665,0.452018761355214,8.098774914763368,9.257346010067963,7.792119962834855,9.564000961996475,"ETS(M,N,N)",1990,2025,36,20260919T085500Z
GBR,United Kingdom,ESA_EXP,E02,Intermediate consumption,ets,2027,8.678060462415665,0.6843136262270312,7.801076966097161,9.555043958734169,7.336830390301229,10.019290534530102,"ETS(M,N,N)",1990,2025,36,20260919T085500Z
GBR,United Kingdom,ESA_EXP,E02,Intermediate consumption,ets,2028,8.678060462415665,0.782468027955872,7.675286996252762,9.680833928578569,7.144451296471162,10.211669628360168,"ETS(M,N,N)",1990,2025,36,20260919T085500Z
GBR,United Kingdom,ESA_EXP,E02,Intermediate consumption,ets,2029,8.678060462415665,0.9345433203996644,7.480394601070834,9.875726323760496,6.846389197991858,10.509731726839473,"ETS(M,N,N)",1990,2025,36,20260919T085500Z
GBR,United Kingdom,ESA_EXP,E02,Intermediate consumption,ets,2030,8.678060462415665,1.0406515435447259,7.344411395482835,10.011709529348495,6.63842090052357,10.71770002430776,"ETS(M,N,N)",1990,2025,36,20260919T085500Z
GBR,United Kingdom,ESA_EXP,E02,Intermediate consumption,ets,2031,8.678060462415665,1.1255725338000804,7.2355807305791044,10.120540194252225,6.471978816778725,10.884142108052606,"ETS(M,N,N)",1990,2025,36,20260919T085500Z
GBR,United Kingdom,ESA_EXP,E02,Intermediate consumption,prophet,2026,9.029978875461577,0.5428568081294607,8.33427964728965,9.725678103633504,7.9659990743729265,10.093958676550226,Prophet(linear trend),1990,2025,36,20260919T085500Z
GBR,United Kingdom,ESA_EXP,E02,Intermediate consumption,prophet,2027,9.086229608129619,0.5376915418634308,8.397149937271456,9.775309278987782,8.032373542972802,10.140085673286436,Prophet(linear trend),1990,2025,36,20260919T085500Z
GBR,United Kingdom,ESA_EXP,E02,Intermediate consumption,prophet,2028,9.142634452394011,0.5495110711000559,8.438407440203592,9.84686146458443,8.065612535436461,10.219656369351561,Prophet(linear trend),1990,2025,36,20260919T085500Z
GBR,United Kingdom,ESA_EXP,E02,Intermediate consumption,prophet,2029,9.198885185062055,0.5104421360370913,8.54472704473945,9.853043325384661,8.198436974346254,10.199333395777856,Prophet(linear trend),1990,2025,36,20260919T085500Z
GBR,United Kingdom,ESA_EXP,E02,Intermediate consumption,prophet,2030,9.255135917730096,0.5565419727828124,8.541898439426337,9.968373396033854,8.164333686586804,10.345938148873387,Prophet(linear trend),1990,2025,36,20260919T085500Z
GBR,United Kingdom,ESA_EXP,E02,Intermediate consumption,prophet,2031,9.31138665039814,0.5236458375528513,8.640307279990608,9.98246602080567,8.285059660044702,10.337713640751577,Prophet(linear trend),1990,2025,36,20260919T085500Z
GBR,United Kingdom,ESA_EXP,E02,Intermediate consumption,uc,2026,9.055466342148542,0.4070579610891356,8.533800397998837,9.577132286298246,8.257647392500434,9.853285291796649,UC(local linear trend + damped cycle),1990,2025,36,20260919T085500Z
GBR,United Kingdom,ESA_EXP,E02,Intermediate consumption,uc,2027,9.124173670665986,0.6111025659470135,8.341013955071459,9.907333386260513,7.9264346411022135,10.321912700229758,UC(local linear trend + damped cycle),1990,2025,36,20260919T085500Z
GBR,United Kingdom,ESA_EXP,E02,Intermediate consumption,uc,2028,8.930568670137827,0.7374783217441115,7.9854518519500175,9.875685488325637,7.485137708738951,10.375999631536702,UC(local linear trend + damped cycle),1990,2025,36,20260919T085500Z
GBR,United Kingdom,ESA_EXP,E02,Intermediate consumption,uc,2029,8.783231228193033,0.815293382061949,7.738390363824778,9.828072092561289,7.185285549913367,10.3811769064727,UC(local linear trend + damped cycle),1990,2025,36,20260919T085500Z
GBR,United Kingdom,ESA_EXP,E02,Intermediate consumption,uc,2030,8.912332785253962,0.8853737758661347,7.777680252045165,10.04698531846276,7.177032058012269,10.647633512495656,UC(local linear trend + damped cycle),1990,2025,36,20260919T085500Z
GBR,United Kingdom,ESA_EXP,E02,Intermediate consumption,uc,2031,9.243390524642429,0.9791790747594062,7.9885216230263625,10.498259426258496,7.324234788560684,11.162546260724174,UC(local linear trend + damped cycle),1990,2025,36,20260919T085500Z
GBR,United Kingdom,ESA_EXP,E03,Social benefits other than social transfers in kind,auto.arima,2026,13.615466,0.6406566065325967,12.794431244584937,14.436500755415063,12.359802114833945,14.871129885166054,"ARIMA(0, 1, 0)",1987,2025,39,20260919T085500Z
GBR,United Kingdom,ESA_EXP,E03,Social benefits other than social transfers in kind,auto.arima,2027,13.615466,0.9060252618019948,12.454347513687129,14.77658448631287,11.839689103777514,15.391242896222485,"ARIMA(0, 1, 0)",1987,2025,39,20260919T085500Z
GBR,United Kingdom,ESA_EXP,E03,Social benefits other than social transfers in kind,auto.arima,2028,13.615466,1.1096497927512465,12.193392088800055,15.037539911199945,11.440592353600096,15.790339646399904,"ARIMA(0, 1, 0)",1987,2025,39,20260919T085500Z
GBR,United Kingdom,ESA_EXP,E03,Social benefits other than social transfers in kind,auto.arima,2029,13.615466,1.281313213106927,11.973396489116391,15.257535510883608,11.104138229586095,16.126793770413904,"ARIMA(0, 1, 0)",1987,2025,39,20260919T085500Z
GBR,United Kingdom,ESA_EXP,E03,Social benefits other than social transfers in kind,auto.arima,2030,13.615466,1.4325517224909918,11.779576474938224,15.451355525061775,10.807716195779665,16.423215804220334,"ARIMA(0, 1, 0)",1987,2025,39,20260919T085500Z
GBR,United Kingdom,ESA_EXP,E03,Social benefits other than social transfers in kind,auto.arima,2031,13.615466,1.569281786404666,11.604349788069527,15.626582211930472,10.539730192791165,16.691201807208834,"ARIMA(0, 1, 0)",1987,2025,39,20260919T085500Z
GBR,United Kingdom,ESA_EXP,E03,Social benefits other than social transfers in kind,combination,2026,13.678357940468295,0.7003884600457405,12.780773708719757,14.575942172216834,12.305621772763205,15.051094108173386,mean of 4 + between-model variance,1987,2025,39,20260919T085500Z
GBR,United Kingdom,ESA_EXP,E03,Social benefits other than social transfers in kind,combination,2027,13.716780157828682,0.8892316634352909,12.577183541089857,14.856376774567506,11.973918109835395,15.459642205821968,mean of 4 + between-model variance,1987,2025,39,20260919T085500Z
GBR,United Kingdom,ESA_EXP,E03,Social benefits other than social transfers in kind,combination,2028,13.755482986728898,1.0452977624560442,12.41587954865783,15.095086424799966,11.706737003034501,15.804228970423296,mean of 4 + between-model variance,1987,2025,39,20260919T085500Z
GBR,United Kingdom,ESA_EXP,E03,Social benefits other than social transfers in kind,combination,2029,13.79574539469474,1.1820411664149875,12.280898173793279,15.3105926155962,11.478987262003354,16.112503527386124,mean of 4 + between-model variance,1987,2025,39,20260919T085500Z
GBR,United Kingdom,ESA_EXP,E03,Social benefits other than social transfers in kind,combination,2030,13.837035872202561,1.312887952854727,12.15450169044568,15.519570053959441,11.263822748573599,16.410248995831523,mean of 4 + between-model variance,1987,2025,39,20260919T085500Z
GBR,United Kingdom,ESA_EXP,E03,Social benefits other than social transfers in kind,combination,2031,13.877945829824098,1.4411533480589813,12.031032874312414,15.724858785335782,11.053337149149025,16.70255451049917,mean of 4 + between-model variance,1987,2025,39,20260919T085500Z
GBR,United Kingdom,ESA_EXP,E03,Social benefits other than social transfers in kind,ets,2026,13.615449105233917,0.6324045499301899,12.804989789461782,14.425908421006053,12.375958953934543,14.854939256533292,"ETS(A,N,N)",1987,2025,39,20260919T085500Z
GBR,United Kingdom,ESA_EXP,E03,Social benefits other than social transfers in kind,ets,2027,13.615449105233917,0.8943103747811569,12.469343855812376,14.761554354655459,11.862632965836342,15.368265244631493,"ETS(A,N,N)",1987,2025,39,20260919T085500Z
GBR,United Kingdom,ESA_EXP,E03,Social benefits other than social transfers in kind,ets,2028,13.615449105233917,1.095283788846535,12.211785975070063,15.019112235397772,11.468732309311108,15.762165901156727,"ETS(A,N,N)",1987,2025,39,20260919T085500Z
GBR,United Kingdom,ESA_EXP,E03,Social benefits other than social transfers in kind,ets,2029,13.615449105233917,1.2647142403637381,11.994652041067289,15.236246169400546,11.136654723833644,16.09424348663419,"ETS(A,N,N)",1987,2025,39,20260919T085500Z
GBR,United Kingdom,ESA_EXP,E03,Social benefits other than social transfers in kind,ets,2030,13.615449105233917,1.4139864360904009,11.803351960089392,15.427546250378443,10.84408659400843,16.386811616459404,"ETS(A,N,N)",1987,2025,39,20260919T085500Z
GBR,United Kingdom,ESA_EXP,E03,Social benefits other than social transfers in kind,ets,2031,13.615449105233917,1.5489393703810497,11.630402757243342,15.600495453224493,10.579583701104394,16.65131450936344,"ETS(A,N,N)",1987,2025,39,20260919T085500Z
GBR,United Kingdom,ESA_EXP,E03,Social benefits other than social transfers in kind,prophet,2026,13.768925789898214,0.8902853203995695,12.627978856969504,14.909872722826924,12.023998612186592,15.513852967609836,Prophet(linear trend),1987,2025,39,20260919T085500Z
GBR,United Kingdom,ESA_EXP,E03,Social benefits other than social transfers in kind,prophet,2027,13.832448931287763,0.8925224853378644,12.688634955158053,14.976262907417473,12.08313699083502,15.581760871740505,Prophet(linear trend),1987,2025,39,20260919T085500Z
GBR,United Kingdom,ESA_EXP,E03,Social benefits other than social transfers in kind,prophet,2028,13.896146108681117,0.8807104091768522,12.767469922379703,15.024822294982531,12.169985412269217,15.622306805093018,Prophet(linear trend),1987,2025,39,20260919T085500Z
GBR,United Kingdom,ESA_EXP,E03,Social benefits other than social transfers in kind,prophet,2029,13.959669250070666,0.854646878317721,12.864394833868834,15.054943666272498,12.284592135855553,15.63474636428578,Prophet(linear trend),1987,2025,39,20260919T085500Z
GBR,United Kingdom,ESA_EXP,E03,Social benefits other than social transfers in kind,prophet,2030,14.023192391460213,0.8565916581408641,12.925425638786473,15.120959144133954,12.344303578803814,15.702081204116613,Prophet(linear trend),1987,2025,39,20260919T085500Z
GBR,United Kingdom,ESA_EXP,E03,Social benefits other than social transfers in kind,prophet,2031,14.086715532849762,0.8978144329647237,12.936119650654955,15.23731141504457,12.32703156555849,15.846399500141034,Prophet(linear trend),1987,2025,39,20260919T085500Z
GBR,United Kingdom,ESA_EXP,E03,Social benefits other than social transfers in kind,uc,2026,13.71359086674105,0.5796975156479355,12.970678356167408,14.456503377314693,12.57740460518166,14.84977712830044,UC(local linear trend + damped cycle),1987,2025,39,20260919T085500Z
GBR,United Kingdom,ESA_EXP,E03,Social benefits other than social transfers in kind,uc,2027,13.803756594793043,0.8308792459452764,12.738941635393383,14.868571554192703,12.175263184393156,15.43225000519293,UC(local linear trend + damped cycle),1987,2025,39,20260919T085500Z
GBR,United Kingdom,ESA_EXP,E03,Social benefits other than social transfers in kind,uc,2028,13.89487073300056,1.0292702173469543,12.575807427419136,15.213934038581986,11.877538160728355,15.912203305272767,UC(local linear trend + damped cycle),1987,2025,39,20260919T085500Z
GBR,United Kingdom,ESA_EXP,E03,Social benefits other than social transfers in kind,uc,2029,13.992397223474372,1.2013039377670702,12.452863759421108,15.531930687527636,11.637884752392674,16.34690969455607,UC(local linear trend + damped cycle),1987,2025,39,20260919T085500Z
GBR,United Kingdom,ESA_EXP,E03,Social benefits other than social transfers in kind,uc,2030,14.09403599211611,1.3580101150826074,12.353675413111764,15.834396571120456,11.432385054918342,16.755686929313878,UC(local linear trend + damped cycle),1987,2025,39,20260919T085500Z
GBR,United Kingdom,ESA_EXP,E03,Social benefits other than social transfers in kind,uc,2031,14.194152681212708,1.504858896548124,12.265597752623666,16.12270760980175,11.24468341889866,17.143621943526757,UC(local linear trend + damped cycle),1987,2025,39,20260919T085500Z
GBR,United Kingdom,ESA_EXP,E04,Social transfers in kind (purchased market production),auto.arima,2026,2.6832978679675077,0.11312487178663559,2.5383224622796012,2.828273273655414,2.4615771917610862,2.905018544173929,"ARIMA(0, 1, 0)+drift",1987,2025,39,20260919T085500Z
GBR,United Kingdom,ESA_EXP,E04,Social transfers in kind (purchased market production),auto.arima,2027,2.7236967359350155,0.1599827279223778,2.5186705510006364,2.9287229208693946,2.41013634858536,3.037257123284671,"ARIMA(0, 1, 0)+drift",1987,2025,39,20260919T085500Z
GBR,United Kingdom,ESA_EXP,E04,Social transfers in kind (purchased market production),auto.arima,2028,2.7640956039025233,0.19593802553416803,2.5129908354031594,3.015200372401887,2.380064127624473,3.1481270801805734,"ARIMA(0, 1, 0)+drift",1987,2025,39,20260919T085500Z
GBR,United Kingdom,ESA_EXP,E04,Social transfers in kind (purchased market production),auto.arima,2029,2.804494471870031,0.2262497435732714,2.514543660494218,3.094445283245844,2.3610531194571878,3.2479358242828744,"ARIMA(0, 1, 0)+drift",1987,2025,39,20260919T085500Z
GBR,United Kingdom,ESA_EXP,E04,Social transfers in kind (purchased market production),auto.arima,2030,2.844893339837539,0.2529549032608655,2.5207184776537703,3.1690682020213075,2.34911083582276,3.340675843852318,"ARIMA(0, 1, 0)+drift",1987,2025,39,20260919T085500Z
GBR,United Kingdom,ESA_EXP,E04,Social transfers in kind (purchased market production),auto.arima,2031,2.8852922078050467,0.27709821309502614,2.5301764386166896,3.2404079769934038,2.342189685674467,3.4283947299356266,"ARIMA(0, 1, 0)+drift",1987,2025,39,20260919T085500Z
GBR,United Kingdom,ESA_EXP,E04,Social transfers in kind (purchased market production),combination,2026,2.711609076544527,0.14453330320805194,2.5263821327516416,2.896836020337412,2.4283290054556605,2.994889147633393,mean of 4 + between-model variance,1987,2025,39,20260919T085500Z
GBR,United Kingdom,ESA_EXP,E04,Social transfers in kind (purchased market production),combination,2027,2.759551932897786,0.17505651341658038,2.5352079080157406,2.983895957779832,2.4164474686357718,3.1026563971598007,mean of 4 + between-model variance,1987,2025,39,20260919T085500Z
GBR,United Kingdom,ESA_EXP,E04,Social transfers in kind (purchased market production),combination,2028,2.804647520124356,0.1998494723427659,2.5485300291445396,3.0607650111041727,2.4129497489135394,3.196345291335173,mean of 4 + between-model variance,1987,2025,39,20260919T085500Z
GBR,United Kingdom,ESA_EXP,E04,Social transfers in kind (purchased market production),combination,2029,2.838888514126444,0.2251093235741655,2.550399210281325,3.127377817971563,2.397682343856728,3.28009468439616,mean of 4 + between-model variance,1987,2025,39,20260919T085500Z
GBR,United Kingdom,ESA_EXP,E04,Social transfers in kind (purchased market production),combination,2030,2.8750650219394767,0.2510638853826442,2.5533135974995784,3.196816446379375,2.382988844889368,3.3671411989895854,mean of 4 + between-model variance,1987,2025,39,20260919T085500Z
GBR,United Kingdom,ESA_EXP,E04,Social transfers in kind (purchased market production),combination,2031,2.9184182689758273,0.268887758302637,2.573824624547566,3.2630119134040885,2.3914079426619574,3.4454285952896972,mean of 4 + between-model variance,1987,2025,39,20260919T085500Z
GBR,United Kingdom,ESA_EXP,E04,Social transfers in kind (purchased market production),ets,2026,2.6878883506840525,0.1311240528660324,2.519846058485483,2.855930642882622,2.430889927532532,2.944886773835573,"ETS(M,A,N)",1987,2025,39,20260919T085500Z
GBR,United Kingdom,ESA_EXP,E04,Social transfers in kind (purchased market production),ets,2027,2.7328672805302565,0.19359636152617682,2.4847634762236614,2.9809710848368516,2.353425381407965,3.112309179652548,"ETS(M,A,N)",1987,2025,39,20260919T085500Z
GBR,United Kingdom,ESA_EXP,E04,Social transfers in kind (purchased market production),ets,2028,2.7778462103764605,0.23687556668564183,2.474277854139343,3.081414566613578,2.313578627193003,3.242113793559918,"ETS(M,A,N)",1987,2025,39,20260919T085500Z
GBR,United Kingdom,ESA_EXP,E04,Social transfers in kind (purchased market production),ets,2029,2.8228251402226645,0.2760957770910131,2.4689940449001226,3.1766562355452064,2.281687356572254,3.363962923873075,"ETS(M,A,N)",1987,2025,39,20260919T085500Z
GBR,United Kingdom,ESA_EXP,E04,Social transfers in kind (purchased market production),ets,2030,2.8678040700688685,0.3154241664995263,2.4635715986430675,3.2720365414946695,2.249584058999791,3.486024081137946,"ETS(M,A,N)",1987,2025,39,20260919T085500Z
GBR,United Kingdom,ESA_EXP,E04,Social transfers in kind (purchased market production),ets,2031,2.9127829999150725,0.3346374524569628,2.483927703443947,3.341638296386198,2.256905640047714,3.568660359782431,"ETS(M,A,N)",1987,2025,39,20260919T085500Z
GBR,United Kingdom,ESA_EXP,E04,Social transfers in kind (purchased market production),prophet,2026,2.8250846206047324,0.1275647419155038,2.6616037704734348,2.98856547073603,2.575062318781054,3.075106922428411,Prophet(linear trend),1987,2025,39,20260919T085500Z
GBR,United Kingdom,ESA_EXP,E04,Social transfers in kind (purchased market production),prophet,2027,2.8588230720117482,0.12752769575663617,2.6953896984594397,3.022256445564057,2.6088733793257886,3.108772764697708,Prophet(linear trend),1987,2025,39,20260919T085500Z
GBR,United Kingdom,ESA_EXP,E04,Social transfers in kind (purchased market production),prophet,2028,2.8926539575322083,0.13007482705906762,2.725956302765006,3.0593516122994107,2.63771197919021,3.1475959358742065,Prophet(linear trend),1987,2025,39,20260919T085500Z
GBR,United Kingdom,ESA_EXP,E04,Social transfers in kind (purchased market production),prophet,2029,2.926392408939225,0.12972361321487552,2.7601448529764747,3.0926399649019753,2.6721387970881447,3.1806460207903053,Prophet(linear trend),1987,2025,39,20260919T085500Z
GBR,United Kingdom,ESA_EXP,E04,Social transfers in kind (purchased market production),prophet,2030,2.9601308603462413,0.1273965600567974,2.7968655440123324,3.12339617668015,2.7104381889110805,3.209823531781402,Prophet(linear trend),1987,2025,39,20260919T085500Z
GBR,United Kingdom,ESA_EXP,E04,Social transfers in kind (purchased market production),prophet,2031,2.993869311753257,0.13099385235484787,2.825993878280197,3.161744745226317,2.7371260769164403,3.250612546590074,Prophet(linear trend),1987,2025,39,20260919T085500Z
GBR,United Kingdom,ESA_EXP,E04,Social transfers in kind (purchased market production),uc,2026,2.650165466921814,0.11521444152235064,2.5025121689599623,2.7978187648836657,2.4243493092579014,2.8759816245857266,UC(local linear trend + damped cycle),1987,2025,39,20260919T085500Z
GBR,United Kingdom,ESA_EXP,E04,Social transfers in kind (purchased market production),uc,2027,2.7228206431141246,0.16012383926759344,2.517613616653062,2.9280276695751875,2.4089836826078552,3.036657603620394,UC(local linear trend + damped cycle),1987,2025,39,20260919T085500Z
GBR,United Kingdom,ESA_EXP,E04,Social transfers in kind (purchased market production),uc,2028,2.783994308686231,0.18518126281263492,2.546674890966173,3.021313726406289,2.421045700098928,3.146942917273534,UC(local linear trend + damped cycle),1987,2025,39,20260919T085500Z
GBR,United Kingdom,ESA_EXP,E04,Social transfers in kind (purchased market production),uc,2029,2.801842035473855,0.21092727673519918,2.5315277621193073,3.072156308828403,2.388432166454827,3.215251904492883,UC(local linear trend + damped cycle),1987,2025,39,20260919T085500Z
GBR,United Kingdom,ESA_EXP,E04,Social transfers in kind (purchased market production),uc,2030,2.8274318175052566,0.2417979851622364,2.517555126024622,3.137308508985891,2.353516471314739,3.301347163695774,UC(local linear trend + damped cycle),1987,2025,39,20260919T085500Z
GBR,United Kingdom,ESA_EXP,E04,Social transfers in kind (purchased market production),uc,2031,2.881728556429934,0.26904774648004554,2.5369298788329386,3.2265272340269293,2.354404659047918,3.4090524538119498,UC(local linear trend + damped cycle),1987,2025,39,20260919T085500Z
GBR,United Kingdom,ESA_EXP,E05,Interest payable,auto.arima,2026,3.060650474613561,0.3773100679391389,2.577108002426022,3.5441929468011004,2.3211363246152947,3.8001646246118277,"ARIMA(1, 0, 1)+drift",1987,2025,39,20260919T085500Z
GBR,United Kingdom,ESA_EXP,E05,Interest payable,auto.arima,2027,2.8732988831224713,0.5359815793964061,2.186410618083848,3.5601871481610945,1.8227942828423735,3.923803483402569,"ARIMA(1, 0, 1)+drift",1987,2025,39,20260919T085500Z
GBR,United Kingdom,ESA_EXP,E05,Interest payable,auto.arima,2028,2.7966647649548406,0.5581416810787962,2.081377177284947,3.5119523526247343,1.7027271631409189,3.8906023667687624,"ARIMA(1, 0, 1)+drift",1987,2025,39,20260919T085500Z
GBR,United Kingdom,ESA_EXP,E05,Interest payable,auto.arima,2029,2.7653184175841554,0.5617639952032547,2.045388646003434,3.485248189164877,1.6642812104896034,3.8663556246787074,"ARIMA(1, 0, 1)+drift",1987,2025,39,20260919T085500Z
GBR,United Kingdom,ESA_EXP,E05,Interest payable,auto.arima,2030,2.7524965372392374,0.5623677768225952,2.031792988116687,3.473200086361788,1.6502759399069165,3.8547171345715583,"ARIMA(1, 0, 1)+drift",1987,2025,39,20260919T085500Z
GBR,United Kingdom,ESA_EXP,E05,Interest payable,auto.arima,2031,2.747251887403795,0.5624687340142824,2.026418956390323,3.4680848184172666,1.6448334176102257,3.849670357197364,"ARIMA(1, 0, 1)+drift",1987,2025,39,20260919T085500Z
GBR,United Kingdom,ESA_EXP,E05,Interest payable,combination,2026,3.1287098089353735,0.6365115705576155,2.3129871326641203,3.944432485206627,1.8811700450589872,4.37624957281176,mean of 4 + between-model variance,1987,2025,39,20260919T085500Z
GBR,United Kingdom,ESA_EXP,E05,Interest payable,combination,2027,3.052809772116173,0.714352787152432,2.1373295290353997,3.9682900151969465,1.652704025997744,4.452915518234603,mean of 4 + between-model variance,1987,2025,39,20260919T085500Z
GBR,United Kingdom,ESA_EXP,E05,Interest payable,combination,2028,2.9773611515259377,0.7326296525692798,2.038458155016472,3.9162641480354035,1.5414334071576417,4.413288895894234,mean of 4 + between-model variance,1987,2025,39,20260919T085500Z
GBR,United Kingdom,ESA_EXP,E05,Interest payable,combination,2029,2.987061860795902,0.7951030286911654,1.9680959841706813,4.006027737421123,1.4286885482702505,4.545435173321553,mean of 4 + between-model variance,1987,2025,39,20260919T085500Z
GBR,United Kingdom,ESA_EXP,E05,Interest payable,combination,2030,3.0363218727582586,0.8934910610833063,1.891266616444825,4.181377129071692,1.2851115587131772,4.78753218680334,mean of 4 + between-model variance,1987,2025,39,20260919T085500Z
GBR,United Kingdom,ESA_EXP,E05,Interest payable,combination,2031,3.0466436525002596,0.9612264209614673,1.8147820102642493,4.27850529473627,1.1626744715669384,4.930612833433581,mean of 4 + between-model variance,1987,2025,39,20260919T085500Z
GBR,United Kingdom,ESA_EXP,E05,Interest payable,ets,2026,3.261937368245684,0.41637651626969285,2.7283292110672264,3.7955455254241413,2.4458543859116713,4.078020350579696,"ETS(A,N,N)",1987,2025,39,20260919T085500Z
GBR,United Kingdom,ESA_EXP,E05,Interest payable,ets,2027,3.261937368245684,0.5888158748325366,2.507339206222297,4.016535530269071,2.107879450945406,4.415995285545962,"ETS(A,N,N)",1987,2025,39,20260919T085500Z
GBR,United Kingdom,ESA_EXP,E05,Interest payable,ets,2028,3.261937368245684,0.721137203040257,2.337762543415036,4.186112193076331,1.8485344112260895,4.675340325265278,"ETS(A,N,N)",1987,2025,39,20260919T085500Z
GBR,United Kingdom,ESA_EXP,E05,Interest payable,ets,2029,3.261937368245684,0.8326905768427096,2.1948010941117557,4.329073642379612,1.6298938144947392,4.893980921996628,"ETS(A,N,N)",1987,2025,39,20260919T085500Z
GBR,United Kingdom,ESA_EXP,E05,Interest payable,ets,2030,3.261937368245684,0.9309717116629076,2.0688487092206613,4.455026027270707,1.4372663283680047,5.086608408123363,"ETS(A,N,N)",1987,2025,39,20260919T085500Z
GBR,United Kingdom,ESA_EXP,E05,Interest payable,ets,2031,3.261937368245684,1.0198250139462572,1.95497858197283,4.568896154518537,1.2631170546115216,5.260757681879846,"ETS(A,N,N)",1987,2025,39,20260919T085500Z
GBR,United Kingdom,ESA_EXP,E05,Interest payable,prophet,2026,2.5553828498161058,0.5576169537076378,1.840767727558175,3.2699979720740364,1.4624736947594692,3.6482920048727423,Prophet(linear trend),1987,2025,39,20260919T085500Z
GBR,United Kingdom,ESA_EXP,E05,Interest payable,prophet,2027,2.5483265796661794,0.5539837315703778,1.8383676205046986,3.25828553882766,1.4625384092025753,3.6341147501297835,Prophet(linear trend),1987,2025,39,20260919T085500Z
GBR,United Kingdom,ESA_EXP,E05,Interest payable,prophet,2028,2.5412509772692666,0.5477838584271694,1.8392374779342109,3.243264476604322,1.467614334970918,3.6148876195676154,Prophet(linear trend),1987,2025,39,20260919T085500Z
GBR,United Kingdom,ESA_EXP,E05,Interest payable,prophet,2029,2.5341947071193407,0.5393277080355894,1.8430182042309151,3.2253712100077663,1.4771318151670747,3.5912575990716067,Prophet(linear trend),1987,2025,39,20260919T085500Z
GBR,United Kingdom,ESA_EXP,E05,Interest payable,prophet,2030,2.5271384369694143,0.5405988486993456,1.8343329012210705,3.219943972717758,1.4675841550772502,3.5866927188615785,Prophet(linear trend),1987,2025,39,20260919T085500Z
GBR,United Kingdom,ESA_EXP,E05,Interest payable,prophet,2031,2.5200821668194875,0.5364596934823682,1.8325811737177715,3.2075831599212035,1.468640480143011,3.5715238534959637,Prophet(linear trend),1987,2025,39,20260919T085500Z
GBR,United Kingdom,ESA_EXP,E05,Interest payable,uc,2026,3.6368685430661434,0.4260335877028814,3.0908843466783402,4.1828527394539465,2.801858048377653,4.471879037754634,UC(local linear trend + damped cycle),1987,2025,39,20260919T085500Z
GBR,United Kingdom,ESA_EXP,E05,Interest payable,uc,2027,3.527676257430358,0.5992005344948198,2.7597696140474524,4.2955829008132635,2.353264781039753,4.702087733820963,UC(local linear trend + damped cycle),1987,2025,39,20260919T085500Z
GBR,United Kingdom,ESA_EXP,E05,Interest payable,uc,2028,3.3095914956339603,0.6805033554685792,2.437491059426492,4.181691931841429,1.975829417036342,4.643353574231579,UC(local linear trend + damped cycle),1987,2025,39,20260919T085500Z
GBR,United Kingdom,ESA_EXP,E05,Interest payable,uc,2029,3.386796950234429,0.7590282463761701,2.4140627830345553,4.359531117434303,1.899128912354005,4.874464988114853,UC(local linear trend + damped cycle),1987,2025,39,20260919T085500Z
GBR,United Kingdom,ESA_EXP,E05,Interest payable,uc,2030,3.603715148578698,0.8762853686159605,2.4807098818581768,4.726720415299219,1.8862273723646856,5.32120292479271,UC(local linear trend + damped cycle),1987,2025,39,20260919T085500Z
GBR,United Kingdom,ESA_EXP,E05,Interest payable,uc,2031,3.6573031875320723,1.0017035251207704,2.3735680315064984,4.941038343557646,1.6940003396222665,5.620606035441878,UC(local linear trend + damped cycle),1987,2025,39,20260919T085500Z
GBR,United Kingdom,ESA_EXP,E06,Subsidies,auto.arima,2026,1.5986962905421223,0.8048723168957032,0.5672105630798001,2.6301820180044446,0.02117552482995233,3.176217056254292,"ARIMA(0, 1, 2)",1987,2025,39,20260919T085500Z
GBR,United Kingdom,ESA_EXP,E06,Subsidies,auto.arima,2027,1.68189714525218,0.925213001701239,0.49618857249595383,2.8676057180084062,-0.13148703041418708,3.495281320918547,"ARIMA(0, 1, 2)",1987,2025,39,20260919T085500Z
GBR,United Kingdom,ESA_EXP,E06,Subsidies,auto.arima,2028,1.68189714525218,0.9500421124454856,0.46436877596344295,2.8994255145409173,-0.18015119362492382,3.543945484129284,"ARIMA(0, 1, 2)",1987,2025,39,20260919T085500Z
GBR,United Kingdom,ESA_EXP,E06,Subsidies,auto.arima,2029,1.68189714525218,0.9742386423883753,0.43335966462207276,2.9304346258822873,-0.22757552123790958,3.5913698117422697,"ARIMA(0, 1, 2)",1987,2025,39,20260919T085500Z
GBR,United Kingdom,ESA_EXP,E06,Subsidies,auto.arima,2030,1.68189714525218,0.9978486103741432,0.4031022629299761,2.960692027574384,-0.27385020853116715,3.6376444990355274,"ARIMA(0, 1, 2)",1987,2025,39,20260919T085500Z
GBR,United Kingdom,ESA_EXP,E06,Subsidies,auto.arima,2031,1.68189714525218,1.0209127122964394,0.3735444169832536,2.9902498735211065,-0.3190550179911986,3.682849308495559,"ARIMA(0, 1, 2)",1987,2025,39,20260919T085500Z
GBR,United Kingdom,ESA_EXP,E06,Subsidies,combination,2026,1.5362917643329375,0.8838443317935868,0.40359929323420274,2.6689842354316724,-0.19601130758654817,3.268594836252423,mean of 4 + between-model variance,1987,2025,39,20260919T085500Z
GBR,United Kingdom,ESA_EXP,E06,Subsidies,combination,2027,1.5434297892393107,1.1105981360743356,0.12014052675697373,2.9667190517216477,-0.6333025759334883,3.72016215441211,mean of 4 + between-model variance,1987,2025,39,20260919T085500Z
GBR,United Kingdom,ESA_EXP,E06,Subsidies,combination,2028,1.531192829202162,1.476613237054326,-0.3611638179712835,3.4235494763756074,-1.362915957347783,4.425301615752106,mean of 4 + between-model variance,1987,2025,39,20260919T085500Z
GBR,United Kingdom,ESA_EXP,E06,Subsidies,combination,2029,1.580462723917212,1.7021198492230263,-0.6008923730942557,3.7618178209286794,-1.7556309042453477,4.9165563520797715,mean of 4 + between-model variance,1987,2025,39,20260919T085500Z
GBR,United Kingdom,ESA_EXP,E06,Subsidies,combination,2030,1.58933410458254,1.983226089783451,-0.9522732572316213,4.130941466396701,-2.297717635253792,5.476385844418871,mean of 4 + between-model variance,1987,2025,39,20260919T085500Z
GBR,United Kingdom,ESA_EXP,E06,Subsidies,combination,2031,1.5895734592364166,2.4144411391144103,-1.504658411477934,4.683805329950767,-3.1426442535468198,6.321791172019653,mean of 4 + between-model variance,1987,2025,39,20260919T085500Z
GBR,United Kingdom,ESA_EXP,E06,Subsidies,ets,2026,1.2475834081952963,0.9550441416622057,0.02364467835981321,2.4715221380307795,-0.624268727873527,3.1194355442641197,"ETS(M,N,N)",1987,2025,39,20260919T085500Z
GBR,United Kingdom,ESA_EXP,E06,Subsidies,ets,2027,1.2475834081952963,1.4968669541834936,-0.6707294306724683,3.1658962470630607,-1.6862219347940006,4.181388751184594,"ETS(M,N,N)",1987,2025,39,20260919T085500Z
GBR,United Kingdom,ESA_EXP,E06,Subsidies,ets,2028,1.2475834081952963,2.3827700373711322,-1.8060602987377532,4.301227115128346,-3.4225600853307774,5.91772690172137,"ETS(M,N,N)",1987,2025,39,20260919T085500Z
GBR,United Kingdom,ESA_EXP,E06,Subsidies,ets,2029,1.2475834081952963,2.840837732842322,-2.3930978700042473,4.88826468639484,-4.320356278017272,6.815523094407865,"ETS(M,N,N)",1987,2025,39,20260919T085500Z
GBR,United Kingdom,ESA_EXP,E06,Subsidies,ets,2030,1.2475834081952963,3.435696945101272,-3.1554408831931293,5.6506076995837216,-5.4862589191131725,7.981425735503766,"ETS(M,N,N)",1987,2025,39,20260919T085500Z
GBR,United Kingdom,ESA_EXP,E06,Subsidies,ets,2031,1.2475834081952963,4.360203849439348,-4.340244555461398,6.8354113718519915,-7.298259169367245,9.793425985757839,"ETS(M,N,N)",1987,2025,39,20260919T085500Z
GBR,United Kingdom,ESA_EXP,E06,Subsidies,prophet,2026,1.6679964423452711,0.7929538703580641,0.6517848238801534,2.6842080608103887,0.11383540278279836,3.222157481907744,Prophet(linear trend),1987,2025,39,20260919T085500Z
GBR,United Kingdom,ESA_EXP,E06,Subsidies,prophet,2027,1.7076836234560528,0.7789778729381965,0.7093829724363612,2.7059842744757443,0.1809150357006133,3.2344522112114924,Prophet(linear trend),1987,2025,39,20260919T085500Z
GBR,United Kingdom,ESA_EXP,E06,Subsidies,prophet,2028,1.7474795365698783,0.80148634144904,0.7203331127131782,2.7746259604265786,0.17659516083805205,3.3183639123017046,Prophet(linear trend),1987,2025,39,20260919T085500Z
GBR,United Kingdom,ESA_EXP,E06,Subsidies,prophet,2029,1.78716671768066,0.8214150364541299,0.7344806348827968,2.839852800478523,0.1772228171718777,3.3971106181894424,Prophet(linear trend),1987,2025,39,20260919T085500Z
GBR,United Kingdom,ESA_EXP,E06,Subsidies,prophet,2030,1.8268538987914422,0.823959002646804,0.7709075910314251,2.882800206551459,0.2119239161278017,3.4417838814550827,Prophet(linear trend),1987,2025,39,20260919T085500Z
GBR,United Kingdom,ESA_EXP,E06,Subsidies,prophet,2031,1.8665410799022242,0.8186882234775599,0.8173495497281102,2.915732610076338,0.26194163466225207,3.4711405251421965,Prophet(linear trend),1987,2025,39,20260919T085500Z
GBR,United Kingdom,ESA_EXP,E06,Subsidies,uc,2026,1.6308909162490604,0.8857930513192793,0.49570105974473533,2.7660807727533854,-0.10523157578687958,3.3670134082850005,UC(local linear trend + damped cycle),1987,2025,39,20260919T085500Z
GBR,United Kingdom,ESA_EXP,E06,Subsidies,uc,2027,1.5365549800537142,1.02565917468583,0.22211941341673946,2.8509905466906886,-0.4737000786002239,3.546810038707652,UC(local linear trend + damped cycle),1987,2025,39,20260919T085500Z
GBR,United Kingdom,ESA_EXP,E06,Subsidies,uc,2028,1.4478112267912935,1.135703225970872,-0.007651513858129455,2.9032739674407164,-0.7781262107954805,3.6737486643780675,UC(local linear trend + damped cycle),1987,2025,39,20260919T085500Z
GBR,United Kingdom,ESA_EXP,E06,Subsidies,uc,2029,1.6052036245407117,1.2943635478006377,-0.05359056887029112,3.2639978179517146,-0.9317023320608173,4.142109581142241,UC(local linear trend + damped cycle),1987,2025,39,20260919T085500Z
GBR,United Kingdom,ESA_EXP,E06,Subsidies,uc,2030,1.6010019660912422,1.418297610327709,-0.2166201730194539,3.418624105201938,-1.1788102914370957,4.380814223619581,UC(local linear trend + damped cycle),1987,2025,39,20260919T085500Z
GBR,United Kingdom,ESA_EXP,E06,Subsidies,uc,2031,1.5622722035959655,1.5243458385968016,-0.3912562545494429,3.515800661741374,-1.425390763603576,4.549935170795507,UC(local linear trend + damped cycle),1987,2025,39,20260919T085500Z
GBR,United Kingdom,ESA_EXP,E07,Other current expenditure,auto.arima,2026,1.2424488695967097,0.22472941778453615,0.9544464347761019,1.5304513044173176,0.8019873009980591,1.6829104381953603,"ARIMA(1, 0, 0)+drift",1990,2025,36,20260919T085500Z
GBR,United Kingdom,ESA_EXP,E07,Other current expenditure,auto.arima,2027,1.2997983394807446,0.3023420079813001,0.9123313344682935,1.6872653444931958,0.7072188881496837,1.8923777908118056,"ARIMA(1, 0, 0)+drift",1990,2025,36,20260919T085500Z
GBR,United Kingdom,ESA_EXP,E07,Other current expenditure,auto.arima,2028,1.3514126708993828,0.3529099326871858,0.8991402408442544,1.8036851009545112,0.6597219075900753,2.0431034342086902,"ARIMA(1, 0, 0)+drift",1990,2025,36,20260919T085500Z
GBR,United Kingdom,ESA_EXP,E07,Other current expenditure,auto.arima,2029,1.3978653968475026,0.38908142258910916,0.8992373215655844,1.8964934721294207,0.6352798155040618,2.1604509781909433,"ARIMA(1, 0, 0)+drift",1990,2025,36,20260919T085500Z
GBR,United Kingdom,ESA_EXP,E07,Other current expenditure,auto.arima,2030,1.4396726951055965,0.4160813955077364,0.9064427505298659,1.972902639681327,0.6241681388406715,2.2551772513705215,"ARIMA(1, 0, 0)+drift",1990,2025,36,20260919T085500Z
GBR,United Kingdom,ESA_EXP,E07,Other current expenditure,auto.arima,2031,1.4772991239527065,0.43672930999477305,0.917607803270285,2.036990444635128,0.6213253986181111,2.333272849287302,"ARIMA(1, 0, 0)+drift",1990,2025,36,20260919T085500Z
GBR,United Kingdom,ESA_EXP,E07,Other current expenditure,combination,2026,1.3900423999122815,0.5309752140187017,0.7095700524361862,2.0705147473883767,0.34935009554333085,2.430734704281232,mean of 4 + between-model variance,1990,2025,36,20260919T085500Z
GBR,United Kingdom,ESA_EXP,E07,Other current expenditure,combination,2027,1.374417994387164,0.5761219824003035,0.6360877155980901,2.112748273176238,0.2452396492739355,2.503596339500392,mean of 4 + between-model variance,1990,2025,36,20260919T085500Z
GBR,United Kingdom,ESA_EXP,E07,Other current expenditure,combination,2028,1.3573575081115705,0.6247321088120888,0.5567308245992204,2.1579841916239206,0.13290506519579348,2.5818099510273473,mean of 4 + between-model variance,1990,2025,36,20260919T085500Z
GBR,United Kingdom,ESA_EXP,E07,Other current expenditure,combination,2029,1.3390068920146836,0.6843503836674981,0.461976289124834,2.2160374949045334,-0.002295223359800813,2.6803090073891678,mean of 4 + between-model variance,1990,2025,36,20260919T085500Z
GBR,United Kingdom,ESA_EXP,E07,Other current expenditure,combination,2030,1.3194949270029601,0.7417573256078944,0.3688943428555118,2.2700955111504086,-0.13432272792479116,2.7733125819307114,mean of 4 + between-model variance,1990,2025,36,20260919T085500Z
GBR,United Kingdom,ESA_EXP,E07,Other current expenditure,combination,2031,1.2989381540932947,0.8073705196478638,0.26425084989753556,2.333625458289054,-0.28347899907781104,2.8813553072644007,mean of 4 + between-model variance,1990,2025,36,20260919T085500Z
GBR,United Kingdom,ESA_EXP,E07,Other current expenditure,ets,2026,1.1907660186704727,0.22569070893794138,0.901531639249636,1.4800003980913095,0.7484203540176293,1.6331116833233161,"ETS(A,N,N)",1990,2025,36,20260919T085500Z
GBR,United Kingdom,ESA_EXP,E07,Other current expenditure,ets,2027,1.1907660186704727,0.3021713439586215,0.8035177284776134,1.578014308863332,0.5985210626799571,1.7830109746609883,"ETS(A,N,N)",1990,2025,36,20260919T085500Z
GBR,United Kingdom,ESA_EXP,E07,Other current expenditure,ets,2028,1.1907660186704727,0.36287566206430616,0.7257219882006369,1.6558100491403085,0.47954278454826693,1.9019892527926785,"ETS(A,N,N)",1990,2025,36,20260919T085500Z
GBR,United Kingdom,ESA_EXP,E07,Other current expenditure,ets,2029,1.1907660186704727,0.41478906823523864,0.6591922586954662,1.7223397786454793,0.3777943773358614,2.003737660005084,"ETS(A,N,N)",1990,2025,36,20260919T085500Z
GBR,United Kingdom,ESA_EXP,E07,Other current expenditure,ets,2030,1.1907660186704727,0.46089174014762563,0.6001092873008028,1.7814227500401425,0.28743480008377176,2.0940972372571736,"ETS(A,N,N)",1990,2025,36,20260919T085500Z
GBR,United Kingdom,ESA_EXP,E07,Other current expenditure,ets,2031,1.1907660186704727,0.5027846667761016,0.5464213233942262,1.8351107139467193,0.20532617203731762,2.176205865303628,"ETS(A,N,N)",1990,2025,36,20260919T085500Z
GBR,United Kingdom,ESA_EXP,E07,Other current expenditure,prophet,2026,2.0453899754330918,0.45013028709205694,1.4685246057496921,2.6222553451164914,1.1631508174229954,2.927629133443188,Prophet(linear trend),1990,2025,36,20260919T085500Z
GBR,United Kingdom,ESA_EXP,E07,Other current expenditure,prophet,2027,2.0438738695864256,0.44533635275969036,1.4731521760345387,2.6145955631383124,1.1710306502861318,2.9167170888867195,Prophet(linear trend),1990,2025,36,20260919T085500Z
GBR,United Kingdom,ESA_EXP,E07,Other current expenditure,prophet,2028,2.0423536100251103,0.4264841623501892,1.4957919787969005,2.58891524125332,1.206460005248584,2.8782472148016365,Prophet(linear trend),1990,2025,36,20260919T085500Z
GBR,United Kingdom,ESA_EXP,E07,Other current expenditure,prophet,2029,2.0408375041784437,0.44558455387657186,1.4697977279888153,2.611877280368072,1.1675078196243023,2.914167188732585,Prophet(linear trend),1990,2025,36,20260919T085500Z
GBR,United Kingdom,ESA_EXP,E07,Other current expenditure,prophet,2030,2.0393213983317766,0.42985473578132694,1.4884402019817455,2.5902025946818075,1.196821590970864,2.881821205692689,Prophet(linear trend),1990,2025,36,20260919T085500Z
GBR,United Kingdom,ESA_EXP,E07,Other current expenditure,prophet,2031,2.0378052924851104,0.4516900420473005,1.4589410157193083,2.6166695692509125,1.152509070913915,2.923101514056306,Prophet(linear trend),1990,2025,36,20260919T085500Z
GBR,United Kingdom,ESA_EXP,E07,Other current expenditure,uc,2026,1.0815647359488514,0.2053534562073776,0.8183936034393742,1.3447358684583286,0.6790793545068148,1.484050117390888,UC(local linear trend + damped cycle),1990,2025,36,20260919T085500Z
GBR,United Kingdom,ESA_EXP,E07,Other current expenditure,uc,2027,0.9632337498110134,0.2669027648493741,0.6211839777127683,1.3052835219092584,0.4401139392057748,1.4863535604162519,UC(local linear trend + damped cycle),1990,2025,36,20260919T085500Z
GBR,United Kingdom,ESA_EXP,E07,Other current expenditure,uc,2028,0.844897732851317,0.33199035411612604,0.4194348305530874,1.2703606351495464,0.1942085904364581,1.4955868752661758,UC(local linear trend + damped cycle),1990,2025,36,20260919T085500Z
GBR,United Kingdom,ESA_EXP,E07,Other current expenditure,uc,2029,0.726558648362316,0.40070382087008466,0.2130358653186173,1.2400814314060147,-0.058806415205498674,1.5119237119301308,UC(local linear trend + damped cycle),1990,2025,36,20260919T085500Z
GBR,United Kingdom,ESA_EXP,E07,Other current expenditure,uc,2030,0.6082195959039943,0.4729978206623217,0.0020482928385545662,1.214390898969434,-0.31883910467261245,1.535278296480601,UC(local linear trend + damped cycle),1990,2025,36,20260919T085500Z
GBR,United Kingdom,ESA_EXP,E07,Other current expenditure,uc,2031,0.4898821812648893,0.5487802257065085,-0.21340821454973807,1.1931725770795167,-0.5857073050317421,1.5654716675615206,UC(local linear trend + damped cycle),1990,2025,36,20260919T085500Z
GBR,United Kingdom,ESA_EXP,E08,Gross capital formation and net acquisition of non-produced assets,auto.arima,2026,3.233894,0.25320678099682764,2.9093963433999535,3.558391656600046,2.7376178246903335,3.730170175309666,"ARIMA(0, 1, 0)",1987,2025,39,20260919T085500Z
GBR,United Kingdom,ESA_EXP,E08,Gross capital formation and net acquisition of non-produced assets,auto.arima,2027,3.233894,0.3580884639398531,2.7749850128609532,3.6928029871390464,2.5320535018625896,3.93573449813741,"ARIMA(0, 1, 0)",1987,2025,39,20260919T085500Z
GBR,United Kingdom,ESA_EXP,E08,Gross capital formation and net acquisition of non-produced assets,auto.arima,2028,3.233894,0.4385670097839458,2.6718475714773646,3.795940428522635,2.374318449235818,4.093469550764182,"ARIMA(0, 1, 0)",1987,2025,39,20260919T085500Z
GBR,United Kingdom,ESA_EXP,E08,Gross capital formation and net acquisition of non-produced assets,auto.arima,2029,3.233894,0.5064135623528061,2.5848986863396366,3.882889313660363,2.2413416486767446,4.226446351323255,"ARIMA(0, 1, 0)",1987,2025,39,20260919T085500Z
GBR,United Kingdom,ESA_EXP,E08,Gross capital formation and net acquisition of non-produced assets,auto.arima,2030,3.233894,0.566187575101121,2.5082951807540077,3.959492819245992,2.124186735554506,4.3436012644454935,"ARIMA(0, 1, 0)",1987,2025,39,20260919T085500Z
GBR,United Kingdom,ESA_EXP,E08,Gross capital formation and net acquisition of non-produced assets,auto.arima,2031,3.233894,0.6202274133436183,2.439040317974659,4.02874768202534,2.0182705980333884,4.449517401966611,"ARIMA(0, 1, 0)",1987,2025,39,20260919T085500Z
GBR,United Kingdom,ESA_EXP,E08,Gross capital formation and net acquisition of non-produced assets,combination,2026,3.1855075602504352,0.2988468707729575,2.80251975531761,3.5684953651832605,2.5997784520227865,3.771236668478084,mean of 4 + between-model variance,1987,2025,39,20260919T085500Z
GBR,United Kingdom,ESA_EXP,E08,Gross capital formation and net acquisition of non-produced assets,combination,2027,3.2056680060737643,0.38228958106330363,2.7157440288829253,3.6955919832646034,2.4563941896146075,3.954941822532921,mean of 4 + between-model variance,1987,2025,39,20260919T085500Z
GBR,United Kingdom,ESA_EXP,E08,Gross capital formation and net acquisition of non-produced assets,combination,2028,3.227684919770697,0.4530397857240874,2.647090876296421,3.8082789632449727,2.3397432491837717,4.115626590357622,mean of 4 + between-model variance,1987,2025,39,20260919T085500Z
GBR,United Kingdom,ESA_EXP,E08,Gross capital formation and net acquisition of non-produced assets,combination,2029,3.2468713954880837,0.5237567601831312,2.5756498719618715,3.918092919014296,2.220327000772513,4.2734157902036545,mean of 4 + between-model variance,1987,2025,39,20260919T085500Z
GBR,United Kingdom,ESA_EXP,E08,Gross capital formation and net acquisition of non-produced assets,combination,2030,3.2641660690859635,0.613503573419091,2.4779293375635807,4.050402800608347,2.061721151313188,4.466610986858739,mean of 4 + between-model variance,1987,2025,39,20260919T085500Z
GBR,United Kingdom,ESA_EXP,E08,Gross capital formation and net acquisition of non-produced assets,combination,2031,3.2825055120639828,0.7094945485758353,2.373251354347524,4.191759669780442,1.8919217386590943,4.673089285468871,mean of 4 + between-model variance,1987,2025,39,20260919T085500Z
GBR,United Kingdom,ESA_EXP,E08,Gross capital formation and net acquisition of non-produced assets,ets,2026,3.233890868685118,0.24994608724765852,2.913571960680707,3.5542097766895293,2.7440055357388484,3.723776201631388,"ETS(A,N,N)",1987,2025,39,20260919T085500Z
GBR,United Kingdom,ESA_EXP,E08,Gross capital formation and net acquisition of non-produced assets,ets,2027,3.233890868685118,0.35345947303227376,2.7809141741016616,3.686867563268575,2.5411230260828908,3.9266587112873457,"ETS(A,N,N)",1987,2025,39,20260919T085500Z
GBR,United Kingdom,ESA_EXP,E08,Gross capital formation and net acquisition of non-produced assets,ets,2028,3.233890868685118,0.4328904614588903,2.6791192320215544,3.788662505348682,2.3854411482823057,4.082340589087931,"ETS(A,N,N)",1987,2025,39,20260919T085500Z
GBR,United Kingdom,ESA_EXP,E08,Gross capital formation and net acquisition of non-produced assets,ets,2029,3.233890868685118,0.499854683050914,2.5933010999118533,3.874480637458383,2.2541936846739166,4.21358805269632,"ETS(A,N,N)",1987,2025,39,20260919T085500Z
GBR,United Kingdom,ESA_EXP,E08,Gross capital formation and net acquisition of non-produced assets,ets,2030,3.233890868685118,0.5588517305276669,2.5176933157239256,3.950088421646311,2.13856159551319,4.329220141857046,"ETS(A,N,N)",1987,2025,39,20260919T085500Z
GBR,United Kingdom,ESA_EXP,E08,Gross capital formation and net acquisition of non-produced assets,ets,2031,3.233890868685118,0.6121893573557178,2.4493383733871834,4.018443363983053,2.0340217670847762,4.43375997028546,"ETS(A,N,N)",1987,2025,39,20260919T085500Z
GBR,United Kingdom,ESA_EXP,E08,Gross capital formation and net acquisition of non-produced assets,prophet,2026,3.0082368196774625,0.34529279386103817,2.565726149119261,3.450747490235664,2.331475374250407,3.684998265104518,Prophet(linear trend),1987,2025,39,20260919T085500Z
GBR,United Kingdom,ESA_EXP,E08,Gross capital formation and net acquisition of non-produced assets,prophet,2027,3.0332541289583834,0.34417821080265454,2.59217185454782,3.474336403368947,2.3586772262007694,3.7078310317159975,Prophet(linear trend),1987,2025,39,20260919T085500Z
GBR,United Kingdom,ESA_EXP,E08,Gross capital formation and net acquisition of non-produced assets,prophet,2028,3.0583399788126777,0.3401568029179004,2.6224113477196367,3.4942686099057187,2.391644890738498,3.7250350668868575,Prophet(linear trend),1987,2025,39,20260919T085500Z
GBR,United Kingdom,ESA_EXP,E08,Gross capital formation and net acquisition of non-produced assets,prophet,2029,3.0833572880935987,0.32842356470033174,2.6624654119047593,3.504249164282438,2.4396589245292777,3.7270556516579196,Prophet(linear trend),1987,2025,39,20260919T085500Z
GBR,United Kingdom,ESA_EXP,E08,Gross capital formation and net acquisition of non-produced assets,prophet,2030,3.1083745973745205,0.3492883188355892,2.6607434537941335,3.5560057409549075,2.4237820668362438,3.792967127912797,Prophet(linear trend),1987,2025,39,20260919T085500Z
GBR,United Kingdom,ESA_EXP,E08,Gross capital formation and net acquisition of non-produced assets,prophet,2031,3.1333919066554414,0.3290445993045474,2.7117041423275,3.5550796709833827,2.4884763376241033,3.7783074756867796,Prophet(linear trend),1987,2025,39,20260919T085500Z
GBR,United Kingdom,ESA_EXP,E08,Gross capital formation and net acquisition of non-produced assets,uc,2026,3.2660085526391605,0.23375332785543937,2.9664415078193667,3.5655755974589542,2.807860445162302,3.724156660116019,UC(local linear trend + damped cycle),1987,2025,39,20260919T085500Z
GBR,United Kingdom,ESA_EXP,E08,Gross capital formation and net acquisition of non-produced assets,uc,2027,3.3216330266515564,0.39149902126096553,2.8199066729565234,3.8233593803465893,2.5543090389448295,4.088957014358283,UC(local linear trend + damped cycle),1987,2025,39,20260919T085500Z
GBR,United Kingdom,ESA_EXP,E08,Gross capital formation and net acquisition of non-produced assets,uc,2028,3.3846148315849915,0.504343799960905,2.7382720260574938,4.030957637112489,2.3961191400384165,4.373110523131567,UC(local linear trend + damped cycle),1987,2025,39,20260919T085500Z
GBR,United Kingdom,ESA_EXP,E08,Gross capital formation and net acquisition of non-produced assets,uc,2029,3.4363434251736185,0.6317820644048446,2.626681856971461,4.2460049933757755,2.198073323094442,4.674613527252795,UC(local linear trend + damped cycle),1987,2025,39,20260919T085500Z
GBR,United Kingdom,ESA_EXP,E08,Gross capital formation and net acquisition of non-produced assets,uc,2030,3.480504810284214,0.8083637933718775,2.444544574160898,4.51646504640753,1.8961408763718957,5.0648687441965325,UC(local linear trend + damped cycle),1987,2025,39,20260919T085500Z
GBR,United Kingdom,ESA_EXP,E08,Gross capital formation and net acquisition of non-produced assets,uc,2031,3.5288452729153708,1.0143679702065527,2.2288799719612227,4.828810573869519,1.540720568557455,5.516969977273287,UC(local linear trend + damped cycle),1987,2025,39,20260919T085500Z
GBR,United Kingdom,ESA_EXP,E09,Capital transfers payable,auto.arima,2026,1.8986518730156599,0.48151075960321166,1.2815707960246447,2.515732950006675,0.9549081185807107,2.842395627450609,"ARIMA(0, 1, 2)",1987,2025,39,20260919T085500Z
GBR,United Kingdom,ESA_EXP,E09,Capital transfers payable,auto.arima,2027,1.9997683486140359,0.569082237083101,1.2704598695157134,2.7290768277123583,0.8843876508916928,3.115149046336379,"ARIMA(0, 1, 2)",1987,2025,39,20260919T085500Z
GBR,United Kingdom,ESA_EXP,E09,Capital transfers payable,auto.arima,2028,1.9997683486140359,0.5897092569895477,1.244025270900567,2.7555114263275047,0.8439594344477741,3.1555772627802976,"ARIMA(0, 1, 2)",1987,2025,39,20260919T085500Z
GBR,United Kingdom,ESA_EXP,E09,Capital transfers payable,auto.arima,2029,1.9997683486140359,0.6096387643472336,1.21848457088731,2.7810521263407617,0.8048983174889743,3.1946383797390974,"ARIMA(0, 1, 2)",1987,2025,39,20260919T085500Z
GBR,United Kingdom,ESA_EXP,E09,Capital transfers payable,auto.arima,2030,1.9997683486140359,0.6289370701512824,1.1937527884875196,2.805783908740552,0.7670743328520477,3.232462364376024,"ARIMA(0, 1, 2)",1987,2025,39,20260919T085500Z
GBR,United Kingdom,ESA_EXP,E09,Capital transfers payable,auto.arima,2031,1.9997683486140359,0.6476606004892813,1.1697576107357963,2.8297790864922754,0.7303768874366621,3.2691598097914096,"ARIMA(0, 1, 2)",1987,2025,39,20260919T085500Z
GBR,United Kingdom,ESA_EXP,E09,Capital transfers payable,combination,2026,2.053737893772135,0.5262681049130445,1.3792979513846129,2.7281778361596567,1.0222713537943444,3.0852044337499254,mean of 4 + between-model variance,1987,2025,39,20260919T085500Z
GBR,United Kingdom,ESA_EXP,E09,Capital transfers payable,combination,2027,2.2186895916621143,0.6535388448205696,1.3811455780046238,3.056233605319605,0.9377769832122116,3.499602200112017,mean of 4 + between-model variance,1987,2025,39,20260919T085500Z
GBR,United Kingdom,ESA_EXP,E09,Capital transfers payable,combination,2028,2.210681233802472,0.6568949913137967,1.3688361438942933,3.052526323710651,0.9231906990471179,3.4981717685578264,mean of 4 + between-model variance,1987,2025,39,20260919T085500Z
GBR,United Kingdom,ESA_EXP,E09,Capital transfers payable,combination,2029,2.149180736496893,0.6300913972959783,1.3416858461094376,2.9566756268843486,0.9142242810870782,3.3841371919067083,mean of 4 + between-model variance,1987,2025,39,20260919T085500Z
GBR,United Kingdom,ESA_EXP,E09,Capital transfers payable,combination,2030,2.196978475928825,0.694417956290094,1.3070457552093424,3.086911196648307,0.8359442806466673,3.5580126712109825,mean of 4 + between-model variance,1987,2025,39,20260919T085500Z
GBR,United Kingdom,ESA_EXP,E09,Capital transfers payable,combination,2031,2.268695704179812,0.7654343964744118,1.2877517225092365,3.2496396858503873,0.7684718427282378,3.768919565631386,mean of 4 + between-model variance,1987,2025,39,20260919T085500Z
GBR,United Kingdom,ESA_EXP,E09,Capital transfers payable,ets,2026,2.2632614559464987,0.4923458535967425,1.6322946425778864,2.894228269315111,1.298281307347613,3.2282416045453846,"ETS(A,N,N)",1987,2025,39,20260919T085500Z
GBR,United Kingdom,ESA_EXP,E09,Capital transfers payable,ets,2027,2.2632614559464987,0.5412829626162019,1.56957919263978,2.9569437192532178,1.2023663354053973,3.3241565764876,"ETS(A,N,N)",1987,2025,39,20260919T085500Z
GBR,United Kingdom,ESA_EXP,E09,Capital transfers payable,ets,2028,2.2632614559464987,0.5861484894489106,1.5120816869962685,3.014441224896729,1.1144315179722541,3.4120913939207433,"ETS(A,N,N)",1987,2025,39,20260919T085500Z
GBR,United Kingdom,ESA_EXP,E09,Capital transfers payable,ets,2029,2.2632614559464987,0.6278159425722696,1.4586826791111216,3.067840232781876,1.032764809878783,3.4937581020142146,"ETS(A,N,N)",1987,2025,39,20260919T085500Z
GBR,United Kingdom,ESA_EXP,E09,Capital transfers payable,ets,2030,2.2632614559464987,0.6668850454258025,1.4086135922109708,3.1179093196820267,0.9561907747735612,3.5703321371194363,"ETS(A,N,N)",1987,2025,39,20260919T085500Z
GBR,United Kingdom,ESA_EXP,E09,Capital transfers payable,ets,2031,2.2632614559464987,0.7037886542686249,1.361319698491234,3.165203213401764,0.8838610299715475,3.64266188192145,"ETS(A,N,N)",1987,2025,39,20260919T085500Z
GBR,United Kingdom,ESA_EXP,E09,Capital transfers payable,prophet,2026,1.8643545230767729,0.4787016634211261,1.250873448916102,2.4778355972374437,0.9261164960312489,2.802592550122297,Prophet(linear trend),1987,2025,39,20260919T085500Z
GBR,United Kingdom,ESA_EXP,E09,Capital transfers payable,prophet,2027,1.8949694066576288,0.47136501932938424,1.2908906234060178,2.4990481899092396,0.9711109379127315,2.818827875402526,Prophet(linear trend),1987,2025,39,20260919T085500Z
GBR,United Kingdom,ESA_EXP,E09,Capital transfers payable,prophet,2028,1.925668166631857,0.486281945640615,1.3024725666322354,2.548863766631478,0.9725730593262946,2.878763273937419,Prophet(linear trend),1987,2025,39,20260919T085500Z
GBR,United Kingdom,ESA_EXP,E09,Capital transfers payable,prophet,2029,1.956283050212713,0.466253225806076,1.3587552961744849,2.5538108042509413,1.042443512748933,2.870122587676493,Prophet(linear trend),1987,2025,39,20260919T085500Z
GBR,United Kingdom,ESA_EXP,E09,Capital transfers payable,prophet,2030,1.986897933793569,0.5012708233742992,1.344493307556589,2.629302560030549,1.0044251657295842,2.969370701857554,Prophet(linear trend),1987,2025,39,20260919T085500Z
GBR,United Kingdom,ESA_EXP,E09,Capital transfers payable,prophet,2031,2.017512817374425,0.4774957291747189,1.4055772106591058,2.629448424089744,1.0816383780382264,2.9533872567106236,Prophet(linear trend),1987,2025,39,20260919T085500Z
GBR,United Kingdom,ESA_EXP,E09,Capital transfers payable,uc,2026,2.1886837230496075,0.49164603740682883,1.5586137605188113,2.8187536855804036,1.2250751889895697,3.1522922571096452,UC(local linear trend + damped cycle),1987,2025,39,20260919T085500Z
GBR,United Kingdom,ESA_EXP,E09,Capital transfers payable,uc,2027,2.716759155430294,0.5765272356342427,1.9779095235487592,3.455608787311829,1.5867865285676612,3.846731782292927,UC(local linear trend + damped cycle),1987,2025,39,20260919T085500Z
GBR,United Kingdom,ESA_EXP,E09,Capital transfers payable,uc,2028,2.6540269640174965,0.6040401602471137,1.8799180885724875,3.4281358394625054,1.4701299953789224,3.8379239326560706,UC(local linear trend + damped cycle),1987,2025,39,20260919T085500Z
GBR,United Kingdom,ESA_EXP,E09,Capital transfers payable,uc,2029,2.3774100912143252,0.6623248099633059,1.5286064063562306,3.22621377607242,1.0792773073794044,3.675542875049246,UC(local linear trend + damped cycle),1987,2025,39,20260919T085500Z
GBR,United Kingdom,ESA_EXP,E09,Capital transfers payable,uc,2030,2.537986165361195,0.7521224125286131,1.574102183340326,3.501870147382064,1.0638533132119643,4.012119017510425,UC(local linear trend + damped cycle),1987,2025,39,20260919T085500Z
GBR,United Kingdom,ESA_EXP,E09,Capital transfers payable,uc,2031,2.794240194784288,0.8074151902226975,1.7594956429240096,3.828984746644567,1.211735488894649,4.376744900673927,UC(local linear trend + damped cycle),1987,2025,39,20260919T085500Z
GBR,United Kingdom,ESA_REV,R01,Value added tax,auto.arima,2026,7.157359937024581,0.2584561658375689,6.826134920783113,7.48858495326605,6.650795156404916,7.663924717644246,"ARIMA(0, 1, 2)+drift",1973,2025,53,20260919T085500Z
GBR,United Kingdom,ESA_REV,R01,Value added tax,auto.arima,2027,7.243135151869777,0.4175985288772963,6.70796092199002,7.7783093817495335,6.424657068817316,8.061613234922238,"ARIMA(0, 1, 2)+drift",1973,2025,53,20260919T085500Z
GBR,United Kingdom,ESA_REV,R01,Value added tax,auto.arima,2028,7.340835424294723,0.48038669819936974,6.725194890443924,7.956475958145522,6.399294789745094,8.282376058844353,"ARIMA(0, 1, 2)+drift",1973,2025,53,20260919T085500Z
GBR,United Kingdom,ESA_REV,R01,Value added tax,auto.arima,2029,7.438535696719669,0.5358677339542872,6.751793330535085,8.125278062904254,6.388254229407689,8.48881716403165,"ARIMA(0, 1, 2)+drift",1973,2025,53,20260919T085500Z
GBR,United Kingdom,ESA_REV,R01,Value added tax,auto.arima,2030,7.536235969144616,0.5861203603183506,6.785092249137913,8.287379689151319,6.3874611632536205,8.685010775035611,"ARIMA(0, 1, 2)+drift",1973,2025,53,20260919T085500Z
GBR,United Kingdom,ESA_REV,R01,Value added tax,auto.arima,2031,7.633936241569562,0.63239222422965,6.823492721823605,8.444379761315519,6.39447024819952,8.873402234939604,"ARIMA(0, 1, 2)+drift",1973,2025,53,20260919T085500Z
GBR,United Kingdom,ESA_REV,R01,Value added tax,combination,2026,7.087532310082981,0.297116094879053,6.706762584458541,7.4683020357074215,6.505195460299452,7.66986915986651,mean of 4 + between-model variance,1973,2025,53,20260919T085500Z
GBR,United Kingdom,ESA_REV,R01,Value added tax,combination,2027,7.148129857835153,0.3997750536116598,6.635797338329024,7.6604623773412825,6.36458514465823,7.931674571012076,mean of 4 + between-model variance,1973,2025,53,20260919T085500Z
GBR,United Kingdom,ESA_REV,R01,Value added tax,combination,2028,7.2033656668822,0.471777493299083,6.5987582767897734,7.807973056974626,6.278698764005756,8.128032569758643,mean of 4 + between-model variance,1973,2025,53,20260919T085500Z
GBR,United Kingdom,ESA_REV,R01,Value added tax,combination,2029,7.247541770622299,0.5339268338777602,6.563286768812588,7.93179677243201,6.201064397587909,8.29401914365669,mean of 4 + between-model variance,1973,2025,53,20260919T085500Z
GBR,United Kingdom,ESA_REV,R01,Value added tax,combination,2030,7.290003596470315,0.5966801813744285,6.525326916669554,8.054680276271077,6.120531921462965,8.459475271477666,mean of 4 + between-model variance,1973,2025,53,20260919T085500Z
GBR,United Kingdom,ESA_REV,R01,Value added tax,combination,2031,7.339542434165187,0.6608582060356328,6.49261827850381,8.186466589826564,6.044284141230764,8.634800727099611,mean of 4 + between-model variance,1973,2025,53,20260919T085500Z
GBR,United Kingdom,ESA_REV,R01,Value added tax,ets,2026,6.951089442015687,0.26851791115247553,6.606969775942409,7.295209108088964,6.424804002801636,7.477374881229737,"ETS(A,Ad,N)",1973,2025,53,20260919T085500Z
GBR,United Kingdom,ESA_REV,R01,Value added tax,ets,2027,6.9566907127920015,0.3797402316877012,6.4700338593921645,7.4433475661918385,6.212413529332448,7.700967896251555,"ETS(A,Ad,N)",1973,2025,53,20260919T085500Z
GBR,United Kingdom,ESA_REV,R01,Value added tax,ets,2028,6.961867693062716,0.46509755554619736,6.365820990557376,7.557914395568057,6.050293227704169,7.8734421584212635,"ETS(A,Ad,N)",1973,2025,53,20260919T085500Z
GBR,United Kingdom,ESA_REV,R01,Value added tax,ets,2029,6.966652522397641,0.53706630347993,6.27837412704033,7.654930917754953,5.914021901963904,8.019283142831378,"ETS(A,Ad,N)",1973,2025,53,20260919T085500Z
GBR,United Kingdom,ESA_REV,R01,Value added tax,ets,2030,6.9710749058272,0.6004791556695996,6.201529642920513,7.740620168733886,5.794157377964389,8.14799243369001,"ETS(A,Ad,N)",1973,2025,53,20260919T085500Z
GBR,United Kingdom,ESA_REV,R01,Value added tax,ets,2031,6.975162298256285,0.6578145223870181,6.132138781462157,7.818185815050413,5.685869515700535,8.264455080812034,"ETS(A,Ad,N)",1973,2025,53,20260919T085500Z
GBR,United Kingdom,ESA_REV,R01,Value added tax,prophet,2026,7.225451245373106,0.29273620154080904,6.85029458081608,7.600607909930133,6.651698828856376,7.799203661889837,Prophet(linear trend),1973,2025,53,20260919T085500Z
GBR,United Kingdom,ESA_REV,R01,Value added tax,prophet,2027,7.2795434390014835,0.30012224344419225,6.894921177671092,7.664165700331875,6.69131464625163,7.867772231751337,Prophet(linear trend),1973,2025,53,20260919T085500Z
GBR,United Kingdom,ESA_REV,R01,Value added tax,prophet,2028,7.333783830420623,0.30681658273997453,6.940582425177044,7.726985235664203,6.732434373647251,7.935133287193995,Prophet(linear trend),1973,2025,53,20260919T085500Z
GBR,United Kingdom,ESA_REV,R01,Value added tax,prophet,2029,7.387876024048999,0.28922596642237813,7.017217908328467,7.75853413976953,6.821003541995928,7.954748506102069,Prophet(linear trend),1973,2025,53,20260919T085500Z
GBR,United Kingdom,ESA_REV,R01,Value added tax,prophet,2030,7.441968217677378,0.28285412294308976,7.079475950711415,7.80446048464334,6.887584319457348,7.996352115897407,Prophet(linear trend),1973,2025,53,20260919T085500Z
GBR,United Kingdom,ESA_REV,R01,Value added tax,prophet,2031,7.496060411305753,0.2894060158112406,7.125171552930826,7.8669492696806795,6.928835038932291,8.063285783679216,Prophet(linear trend),1973,2025,53,20260919T085500Z
GBR,United Kingdom,ESA_REV,R01,Value added tax,uc,2026,7.01622861591855,0.25505179027925357,6.6893664839825915,7.343090747854508,6.516336288835663,7.516120943001437,UC(local linear trend + damped cycle),1973,2025,53,20260919T085500Z
GBR,United Kingdom,ESA_REV,R01,Value added tax,uc,2027,7.113150127677351,0.380865357774934,6.625051366690169,7.601248888664534,6.366667737591361,7.859632517763342,UC(local linear trend + damped cycle),1973,2025,53,20260919T085500Z
GBR,United Kingdom,ESA_REV,R01,Value added tax,uc,2028,7.1769757197507404,0.47170588114312173,6.572460104360011,7.78149133514147,6.252449174121943,8.101502265379537,UC(local linear trend + damped cycle),1973,2025,53,20260919T085500Z
GBR,United Kingdom,ESA_REV,R01,Value added tax,uc,2029,7.197102839322887,0.5455074421057121,6.498006685877427,7.896198992768347,6.127927891063607,8.266277787582167,UC(local linear trend + damped cycle),1973,2025,53,20260919T085500Z
GBR,United Kingdom,ESA_REV,R01,Value added tax,uc,2030,7.21073529323207,0.6199677996375497,6.416214319670969,8.005256266793172,5.99562072478326,8.42584986168088,UC(local linear trend + damped cycle),1973,2025,53,20260919T085500Z
GBR,United Kingdom,ESA_REV,R01,Value added tax,uc,2031,7.253010785529147,0.7037781089227713,6.351082542482952,8.154939028575342,5.873631028052436,8.632390543005858,UC(local linear trend + damped cycle),1973,2025,53,20260919T085500Z
GBR,United Kingdom,ESA_REV,R02,Other taxes on production and imports,auto.arima,2026,5.057704789489251,0.19716951457397786,4.80502180374794,5.310387775230562,4.671259639026779,5.444149939951723,"ARIMA(1, 0, 0)+drift",1990,2025,36,20260919T085500Z
GBR,United Kingdom,ESA_REV,R02,Other taxes on production and imports,auto.arima,2027,5.153004241287222,0.25483520026076756,4.826419680722635,5.4795888018518095,4.653536422843327,5.652472059731117,"ARIMA(1, 0, 0)+drift",1990,2025,36,20260919T085500Z
GBR,United Kingdom,ESA_REV,R02,Other taxes on production and imports,auto.arima,2028,5.231037698402987,0.2870835250110194,4.8631252327580645,5.598950164047909,4.668364324388289,5.793711072417684,"ARIMA(1, 0, 0)+drift",1990,2025,36,20260919T085500Z
GBR,United Kingdom,ESA_REV,R02,Other taxes on production and imports,auto.arima,2029,5.2949333485306145,0.3068128194927283,4.90173676608407,5.688129930977159,4.693591267586369,5.89627542947486,"ARIMA(1, 0, 0)+drift",1990,2025,36,20260919T085500Z
GBR,United Kingdom,ESA_REV,R02,Other taxes on production and imports,auto.arima,2030,5.34725262613452,0.3193589447211242,4.937977531809274,5.756527720459767,4.721320591403127,5.973184660865914,"ARIMA(1, 0, 0)+drift",1990,2025,36,20260919T085500Z
GBR,United Kingdom,ESA_REV,R02,Other taxes on production and imports,auto.arima,2031,5.390092894658699,0.32750173475941563,4.970382391474301,5.809803397843098,4.748201284592696,6.0319845047247025,"ARIMA(1, 0, 0)+drift",1990,2025,36,20260919T085500Z
GBR,United Kingdom,ESA_REV,R02,Other taxes on production and imports,combination,2026,4.994787325796561,0.29632688323422124,4.615029015933978,5.3745456356591434,4.413997302425284,5.575577349167838,mean of 4 + between-model variance,1990,2025,36,20260919T085500Z
GBR,United Kingdom,ESA_REV,R02,Other taxes on production and imports,combination,2027,5.012976825508153,0.3365005809335446,4.581733833011606,5.444219818004699,4.3534478008993185,5.672505850116987,mean of 4 + between-model variance,1990,2025,36,20260919T085500Z
GBR,United Kingdom,ESA_REV,R02,Other taxes on production and imports,combination,2028,5.030430110535961,0.37150549669927535,4.554326498230011,5.506533722841911,4.302292711203262,5.7585675098686595,mean of 4 + between-model variance,1990,2025,36,20260919T085500Z
GBR,United Kingdom,ESA_REV,R02,Other taxes on production and imports,combination,2029,4.985205486730826,0.4664750725893288,4.387393424503826,5.583017548957826,4.070931137558355,5.899479835903297,mean of 4 + between-model variance,1990,2025,36,20260919T085500Z
GBR,United Kingdom,ESA_REV,R02,Other taxes on production and imports,combination,2030,4.99264775003313,0.5012389912819228,4.350283918277799,5.6350115817884605,4.010237371724247,5.975058128342012,mean of 4 + between-model variance,1990,2025,36,20260919T085500Z
GBR,United Kingdom,ESA_REV,R02,Other taxes on production and imports,combination,2031,5.0013293710761815,0.5232237787191663,4.330790891011077,5.671867851141286,3.9758296008426495,6.0268291413097135,mean of 4 + between-model variance,1990,2025,36,20260919T085500Z
GBR,United Kingdom,ESA_REV,R02,Other taxes on production and imports,ets,2026,4.943285276133343,0.202569656063662,4.683681728265645,5.202888824001041,4.546256042756184,5.3403145095105025,"ETS(A,N,N)",1990,2025,36,20260919T085500Z
GBR,United Kingdom,ESA_REV,R02,Other taxes on production and imports,ets,2027,4.943285276133343,0.2803629310032737,4.583985601180236,5.302584951086451,4.393784024432443,5.492786527834244,"ETS(A,N,N)",1990,2025,36,20260919T085500Z
GBR,United Kingdom,ESA_REV,R02,Other taxes on production and imports,ets,2028,4.943285276133343,0.34084055011653513,4.506480387450397,5.3800901648162895,4.2752500681647385,5.611320484101948,"ETS(A,N,N)",1990,2025,36,20260919T085500Z
GBR,United Kingdom,ESA_REV,R02,Other taxes on production and imports,ets,2029,4.943285276133343,0.39209844188256937,4.440790733741853,5.445779818524834,4.174786445587415,5.711784106679271,"ETS(A,N,N)",1990,2025,36,20260919T085500Z
GBR,United Kingdom,ESA_REV,R02,Other taxes on production and imports,ets,2030,4.943285276133343,0.4373900955094142,4.382747124453062,5.503823427813624,4.08601643497833,5.800554117288357,"ETS(A,N,N)",1990,2025,36,20260919T085500Z
GBR,United Kingdom,ESA_REV,R02,Other taxes on production and imports,ets,2031,4.943285276133343,0.47841300481146065,4.330174132991206,5.5563964192754804,4.005613009571054,5.880957542695633,"ETS(A,N,N)",1990,2025,36,20260919T085500Z
GBR,United Kingdom,ESA_REV,R02,Other taxes on production and imports,prophet,2026,5.243604650231858,0.22962647657624835,4.9493263799226135,5.537882920541103,4.793545022695568,5.693664277768148,Prophet(linear trend),1990,2025,36,20260919T085500Z
GBR,United Kingdom,ESA_REV,R02,Other taxes on production and imports,prophet,2027,5.205568474251795,0.24074915349562898,4.897035915091164,5.514101033412425,4.733708800369888,5.677428148133702,Prophet(linear trend),1990,2025,36,20260919T085500Z
GBR,United Kingdom,ESA_REV,R02,Other taxes on production and imports,prophet,2028,5.167428089570416,0.2451149884855414,4.853300485846794,5.481555693294038,4.687011536278341,5.647844642862491,Prophet(linear trend),1990,2025,36,20260919T085500Z
GBR,United Kingdom,ESA_REV,R02,Other taxes on production and imports,prophet,2029,5.129391913590354,0.2505529848957424,4.808295234691245,5.450488592489462,4.638317083102155,5.620466744078552,Prophet(linear trend),1990,2025,36,20260919T085500Z
GBR,United Kingdom,ESA_REV,R02,Other taxes on production and imports,prophet,2030,5.091355737610291,0.27638365767894013,4.73715570834453,5.445555766876052,4.549653718371244,5.633057756849338,Prophet(linear trend),1990,2025,36,20260919T085500Z
GBR,United Kingdom,ESA_REV,R02,Other taxes on production and imports,prophet,2031,5.053319561630228,0.2399561166561803,4.7458033204172665,5.360835802843189,4.583014211404314,5.523624911856142,Prophet(linear trend),1990,2025,36,20260919T085500Z
GBR,United Kingdom,ESA_REV,R02,Other taxes on production and imports,uc,2026,4.734554587331789,0.1922072020223394,4.488231063165656,4.980878111497922,4.357835390827276,5.111273783836301,UC(local linear trend + damped cycle),1990,2025,36,20260919T085500Z
GBR,United Kingdom,ESA_REV,R02,Other taxes on production and imports,uc,2027,4.75004931036025,0.2778069637548173,4.394025240346337,5.106073380374164,4.205557662451503,5.294540958268997,UC(local linear trend + damped cycle),1990,2025,36,20260919T085500Z
GBR,United Kingdom,ESA_REV,R02,Other taxes on production and imports,uc,2028,4.779969378037095,0.34777274110061207,4.3342805261341235,5.225658229940067,4.098347325298575,5.4615914307756155,UC(local linear trend + damped cycle),1990,2025,36,20260919T085500Z
GBR,United Kingdom,ESA_REV,R02,Other taxes on production and imports,uc,2029,4.573211408668993,0.4188721557269835,4.036404959752765,5.11001785758522,3.752237062841711,5.394185754496274,UC(local linear trend + damped cycle),1990,2025,36,20260919T085500Z
GBR,United Kingdom,ESA_REV,R02,Other taxes on production and imports,uc,2030,4.588697360254363,0.4835355965583544,3.969021349413811,5.208373371094915,3.6409849982814646,5.536409722227262,UC(local linear trend + damped cycle),1990,2025,36,20260919T085500Z
GBR,United Kingdom,ESA_REV,R02,Other taxes on production and imports,uc,2031,4.618619751882454,0.5444594206676361,3.9208666924070035,5.316372811357905,3.551498887913031,5.685740615851877,UC(local linear trend + damped cycle),1990,2025,36,20260919T085500Z
GBR,United Kingdom,ESA_REV,R02_A,Excise duties,auto.arima,2026,2.0239276990310033,0.0786950542929884,1.9230758948117155,2.1247795032502914,1.8696882256387006,2.178167172423306,"ARIMA(1, 1, 0)+drift",1995,2025,31,20260919T085500Z
GBR,United Kingdom,ESA_REV,R02_A,Excise duties,auto.arima,2027,1.9719532561202897,0.13781857400380434,1.7953315869685662,2.148574925272013,1.7018338125414973,2.242072699699082,"ARIMA(1, 1, 0)+drift",1995,2025,31,20260919T085500Z
GBR,United Kingdom,ESA_REV,R02_A,Excise duties,auto.arima,2028,1.922329325354782,0.1882399592309133,1.6810900291224866,2.1635686215870775,1.5533857819007242,2.2912728688088397,"ARIMA(1, 1, 0)+drift",1995,2025,31,20260919T085500Z
GBR,United Kingdom,ESA_REV,R02_A,Excise duties,auto.arima,2029,1.8737342685901872,0.23153979659968596,1.5770039791782664,2.170464558002108,1.4199246026874803,2.327543934492894,"ARIMA(1, 1, 0)+drift",1995,2025,31,20260919T085500Z
GBR,United Kingdom,ESA_REV,R02_A,Excise duties,auto.arima,2030,1.8255895739783319,0.26939637268534594,1.4803441137706814,2.1708350341859823,1.2975823817844705,2.3535967661721933,"ARIMA(1, 1, 0)+drift",1995,2025,31,20260919T085500Z
GBR,United Kingdom,ESA_REV,R02_A,Excise duties,auto.arima,2031,1.7776420133872022,0.30313036862418014,1.3891646832161468,2.1661193435582575,1.1835174035770795,2.371766623197325,"ARIMA(1, 1, 0)+drift",1995,2025,31,20260919T085500Z
GBR,United Kingdom,ESA_REV,R02_A,Excise duties,combination,2026,2.0670316399432567,0.1435222763199453,1.883100379680878,2.2509629002056353,1.7857331451581113,2.348330134728402,mean of 4 + between-model variance,1995,2025,31,20260919T085500Z
GBR,United Kingdom,ESA_REV,R02_A,Excise duties,combination,2027,2.0047686770970667,0.17784997441052083,1.776844686691315,2.2326926675028185,1.6561891298515246,2.353348224342609,mean of 4 + between-model variance,1995,2025,31,20260919T085500Z
GBR,United Kingdom,ESA_REV,R02_A,Excise duties,combination,2028,1.9453884295819415,0.22010586448816952,1.6633113187353987,2.227465540428484,1.513988858996251,2.376788000167632,mean of 4 + between-model variance,1995,2025,31,20260919T085500Z
GBR,United Kingdom,ESA_REV,R02_A,Excise duties,combination,2029,1.8881891702652744,0.2733797408575868,1.5378388166097523,2.2385395239207964,1.3523747198550753,2.4240036206754736,mean of 4 + between-model variance,1995,2025,31,20260919T085500Z
GBR,United Kingdom,ESA_REV,R02_A,Excise duties,combination,2030,1.8326008319993226,0.33331611435113856,1.405438899020392,2.259762764978253,1.1793132472512076,2.4858884167474375,mean of 4 + between-model variance,1995,2025,31,20260919T085500Z
GBR,United Kingdom,ESA_REV,R02_A,Excise duties,combination,2031,1.7782561172838514,0.39847466860072644,1.2675901087892532,2.2889221257784493,0.9972601119144971,2.5592521226532057,mean of 4 + between-model variance,1995,2025,31,20260919T085500Z
GBR,United Kingdom,ESA_REV,R02_A,Excise duties,ets,2026,2.021482053451267,0.050861774795378775,1.9563000442387,2.0866640626638344,1.9217948058762175,2.121169301026317,"ETS(M,Ad,N)",1995,2025,31,20260919T085500Z
GBR,United Kingdom,ESA_REV,R02_A,Excise duties,ets,2027,1.9746691201378868,0.10027763450051846,1.8461581170884784,2.103180123187295,1.7781285665117126,2.1712096737640607,"ETS(M,Ad,N)",1995,2025,31,20260919T085500Z
GBR,United Kingdom,ESA_REV,R02_A,Excise duties,ets,2028,1.9372187734871824,0.14595449100737884,1.750170503627694,2.124267043346671,1.6511532254743961,2.2232843214999685,"ETS(M,Ad,N)",1995,2025,31,20260919T085500Z
GBR,United Kingdom,ESA_REV,R02_A,Excise duties,ets,2029,1.907258496166619,0.19504972141947105,1.6572921355820531,2.157224856751185,1.524968063974427,2.289548928358811,"ETS(M,Ad,N)",1995,2025,31,20260919T085500Z
GBR,United Kingdom,ESA_REV,R02_A,Excise duties,ets,2030,1.8832902743101683,0.24711099790910365,1.5666046807177607,2.199975867902576,1.3989616144042498,2.367618934216087,"ETS(M,Ad,N)",1995,2025,31,20260919T085500Z
GBR,United Kingdom,ESA_REV,R02_A,Excise duties,ets,2031,1.8641156968250077,0.2964716321109532,1.4841718837499513,2.244059509900064,1.2830419708662955,2.44518942278372,"ETS(M,Ad,N)",1995,2025,31,20260919T085500Z
GBR,United Kingdom,ESA_REV,R02_A,Excise duties,prophet,2026,2.2273675874641676,0.14204088923913014,2.0453348017779818,2.4094003731503535,1.948972558027485,2.5057626169008502,Prophet(linear trend),1995,2025,31,20260919T085500Z
GBR,United Kingdom,ESA_REV,R02_A,Excise duties,prophet,2027,2.162826036935081,0.15238329207951554,1.9675389242039938,2.3581131496661683,1.8641602702577456,2.4614918036124167,Prophet(linear trend),1995,2025,31,20260919T085500Z
GBR,United Kingdom,ESA_REV,R02_A,Excise duties,prophet,2028,2.0981076602401614,0.14800277983348084,1.9084344017390042,2.2877809187413183,1.8080275398666128,2.38818778061371,Prophet(linear trend),1995,2025,31,20260919T085500Z
GBR,United Kingdom,ESA_REV,R02_A,Excise duties,prophet,2029,2.0335661097110744,0.15250375954081125,1.8381246116640286,2.22900760775812,1.7346642311464278,2.332467988275721,Prophet(linear trend),1995,2025,31,20260919T085500Z
GBR,United Kingdom,ESA_REV,R02_A,Excise duties,prophet,2030,1.969024559181988,0.14964006026135357,1.7772530406739298,2.160796077690046,1.6757354281119043,2.2623136902520713,Prophet(linear trend),1995,2025,31,20260919T085500Z
GBR,United Kingdom,ESA_REV,R02_A,Excise duties,prophet,2031,1.9044830086529008,0.14110824678276152,1.7236454527719591,2.085320564533842,1.6279159248555723,2.181050092450229,Prophet(linear trend),1995,2025,31,20260919T085500Z
GBR,United Kingdom,ESA_REV,R02_A,Excise duties,uc,2026,1.9953492198265885,0.08406859886379156,1.8876109388154987,2.1030875008376784,1.8305777925231161,2.1601206471300607,UC(local linear trend + damped cycle),1995,2025,31,20260919T085500Z
GBR,United Kingdom,ESA_REV,R02_A,Excise duties,uc,2027,1.9096262951950091,0.16195526093192825,1.7020722066371747,2.1171803837528436,1.5921998141578233,2.227052776232195,UC(local linear trend + damped cycle),1995,2025,31,20260919T085500Z
GBR,United Kingdom,ESA_REV,R02_A,Excise duties,uc,2028,1.8238979592456404,0.2521291930240682,1.5007812876672597,2.147014630824021,1.3297338175694156,2.3180621009218654,UC(local linear trend + damped cycle),1995,2025,31,20260919T085500Z
GBR,United Kingdom,ESA_REV,R02_A,Excise duties,uc,2029,1.7381978065932164,0.3536865846678298,1.2849300566389898,2.1914655565474432,1.044984833361318,2.4314107798251148,UC(local linear trend + damped cycle),1995,2025,31,20260919T085500Z
GBR,United Kingdom,ESA_REV,R02_A,Excise duties,uc,2030,1.652498920526802,0.4656313108016243,1.0557681829063585,2.2492296581472453,0.7398783140828071,2.565119526970797,UC(local linear trend + damped cycle),1995,2025,31,20260919T085500Z
GBR,United Kingdom,ESA_REV,R02_A,Excise duties,uc,2031,1.5667837502702948,0.5871387231397531,0.8143349453530979,2.319232555187492,0.4160129899104117,2.717554510630178,UC(local linear trend + damped cycle),1995,2025,31,20260919T085500Z
GBR,United Kingdom,ESA_REV,R02_X,Other taxes on production and imports excluding excise duties,auto.arima,2026,2.860047,0.18966423586667397,2.6169824191965922,3.1031115808034073,2.48831192561381,3.2317820743861896,"ARIMA(0, 1, 0)",1995,2025,31,20260919T085500Z
GBR,United Kingdom,ESA_REV,R02_X,Other taxes on production and imports excluding excise duties,auto.arima,2027,2.860047,0.2682257347366862,2.51630177319673,3.2037922268032695,2.3343342160425453,3.3857597839574542,"ARIMA(0, 1, 0)",1995,2025,31,20260919T085500Z
GBR,United Kingdom,ESA_REV,R02_X,Other taxes on production and imports excluding excise duties,auto.arima,2028,2.860047,0.3285080930253939,2.43904679636712,3.2810472036328795,2.2161829639615767,3.503911036038423,"ARIMA(0, 1, 0)",1995,2025,31,20260919T085500Z
GBR,United Kingdom,ESA_REV,R02_X,Other taxes on production and imports excluding excise duties,auto.arima,2029,2.860047,0.37932847189649077,2.3739178381841084,3.346176161815891,2.116576850907866,3.6035171490921334,"ARIMA(0, 1, 0)",1995,2025,31,20260919T085500Z
GBR,United Kingdom,ESA_REV,R02_X,Other taxes on production and imports excluding excise duties,auto.arima,2030,2.860047,0.4241021244929956,2.3165380741517523,3.4035559258482473,2.02882210367021,3.6912718963297895,"ARIMA(0, 1, 0)",1995,2025,31,20260919T085500Z
GBR,United Kingdom,ESA_REV,R02_X,Other taxes on production and imports excluding excise duties,auto.arima,2031,2.860047,0.4645806005502363,2.2646628022036435,3.455431197796356,1.9494857478231564,3.770608252176843,"ARIMA(0, 1, 0)",1995,2025,31,20260919T085500Z
GBR,United Kingdom,ESA_REV,R02_X,Other taxes on production and imports excluding excise duties,combination,2026,2.910443258512536,0.17472195248937805,2.686527990855869,3.1343585261692035,2.567994521623645,3.2528919954014275,mean of 4 + between-model variance,1995,2025,31,20260919T085500Z
GBR,United Kingdom,ESA_REV,R02_X,Other taxes on production and imports excluding excise duties,combination,2027,2.925443435753322,0.2035701442847348,2.6645577102049316,3.186329161301712,2.526453281480436,3.324433590026208,mean of 4 + between-model variance,1995,2025,31,20260919T085500Z
GBR,United Kingdom,ESA_REV,R02_X,Other taxes on production and imports excluding excise duties,combination,2028,2.936481759868734,0.2258875563439041,2.646995110261091,3.2259684094763768,2.4937502813867103,3.3792132383507574,mean of 4 + between-model variance,1995,2025,31,20260919T085500Z
GBR,United Kingdom,ESA_REV,R02_X,Other taxes on production and imports excluding excise duties,combination,2029,2.947228303660176,0.24560564487381253,2.6324718982608517,3.2619847090595004,2.4658500815107187,3.4286065258096334,mean of 4 + between-model variance,1995,2025,31,20260919T085500Z
GBR,United Kingdom,ESA_REV,R02_X,Other taxes on production and imports excluding excise duties,combination,2030,2.9592250049959468,0.26463484024158707,2.6200816962146605,3.298368313777233,2.4405502449766847,3.477899765015209,mean of 4 + between-model variance,1995,2025,31,20260919T085500Z
GBR,United Kingdom,ESA_REV,R02_X,Other taxes on production and imports excluding excise duties,combination,2031,2.9719969477620825,0.28410219640027645,2.6079052097609154,3.3360886857632495,2.415166870496611,3.528827025027554,mean of 4 + between-model variance,1995,2025,31,20260919T085500Z
GBR,United Kingdom,ESA_REV,R02_X,Other taxes on production and imports excluding excise duties,ets,2026,2.9378712716627624,0.165350486772423,2.7259660246385904,3.1497765186869344,2.613790270206337,3.2619522731191877,"ETS(A,A,N)",1995,2025,31,20260919T085500Z
GBR,United Kingdom,ESA_REV,R02_X,Other taxes on production and imports excluding excise duties,ets,2027,2.955513719902505,0.1653504875993409,2.7436084718185945,3.1674189679864155,2.6314327168253504,3.2795947229796596,"ETS(A,A,N)",1995,2025,31,20260919T085500Z
GBR,United Kingdom,ESA_REV,R02_X,Other taxes on production and imports excluding excise duties,ets,2028,2.9731561681422476,0.165350488426424,2.761250918998387,3.185061417286108,2.64907516344404,3.2972371728404553,"ETS(A,A,N)",1995,2025,31,20260919T085500Z
GBR,United Kingdom,ESA_REV,R02_X,Other taxes on production and imports excluding excise duties,ets,2029,2.99079861638199,0.1653504892536727,2.7788933661779676,3.202703866586013,2.666717610062405,3.3148796227015755,"ETS(A,A,N)",1995,2025,31,20260919T085500Z
GBR,United Kingdom,ESA_REV,R02_X,Other taxes on production and imports excluding excise duties,ets,2030,3.0084410646217328,0.1653504900810866,2.796535813357336,3.2203463158861294,2.684360056680446,3.3325220725630196,"ETS(A,A,N)",1995,2025,31,20260919T085500Z
GBR,United Kingdom,ESA_REV,R02_X,Other taxes on production and imports excluding excise duties,ets,2031,3.0260835128614754,0.16535049090866588,2.814178260536493,3.237988765186458,2.702002503298163,3.350164522424788,"ETS(A,A,N)",1995,2025,31,20260919T085500Z
GBR,United Kingdom,ESA_REV,R02_X,Other taxes on production and imports excluding excise duties,prophet,2026,2.9378593140710363,0.17066993354316673,2.719136919398924,3.1565817087431487,2.603352388444037,3.2723662396980355,Prophet(linear trend),1995,2025,31,20260919T085500Z
GBR,United Kingdom,ESA_REV,R02_X,Other taxes on production and imports excluding excise duties,prophet,2027,2.955489495477339,0.16949976728755822,2.738266729710434,3.172712261244244,2.6232760535853474,3.287702937369331,Prophet(linear trend),1995,2025,31,20260919T085500Z
GBR,United Kingdom,ESA_REV,R02_X,Other taxes on production and imports excluding excise duties,prophet,2028,2.9731679787505088,0.16750497677807447,2.7585016407506138,3.1878343167504037,2.644864254444647,3.3014717030563707,Prophet(linear trend),1995,2025,31,20260919T085500Z
GBR,United Kingdom,ESA_REV,R02_X,Other taxes on production and imports excluding excise duties,prophet,2029,2.9907981601568117,0.16016446655728725,2.785539067711387,3.196057252602236,2.6768815716253247,3.3047147486882986,Prophet(linear trend),1995,2025,31,20260919T085500Z
GBR,United Kingdom,ESA_REV,R02_X,Other taxes on production and imports excluding excise duties,prophet,2030,3.008428341563115,0.1550786393622092,2.809687001131197,3.207169681995033,2.704479791244202,3.312376891882028,Prophet(linear trend),1995,2025,31,20260919T085500Z
GBR,United Kingdom,ESA_REV,R02_X,Other taxes on production and imports excluding excise duties,prophet,2031,3.0260585229694175,0.1582462110038869,2.823257774764964,3.228859271173871,2.7159016462653955,3.3362153996734394,Prophet(linear trend),1995,2025,31,20260919T085500Z
GBR,United Kingdom,ESA_REV,R02_X,Other taxes on production and imports excluding excise duties,uc,2026,2.9059954483163444,0.15572895729844347,2.7064206916326095,3.1055702050000793,2.600772298253858,3.2112185983788306,UC(local linear trend + damped cycle),1995,2025,31,20260919T085500Z
GBR,United Kingdom,ESA_REV,R02_X,Other taxes on production and imports excluding excise duties,uc,2027,2.930723527633444,0.17204205041360082,2.710242693841793,3.151204361425095,2.5935273023366014,3.2679197529302866,UC(local linear trend + damped cycle),1995,2025,31,20260919T085500Z
GBR,United Kingdom,ESA_REV,R02_X,Other taxes on production and imports excluding excise duties,uc,2028,2.9395558925821796,0.1714477541732201,2.7198366803259812,3.159275104838378,2.6035244665218187,3.2755873186425406,UC(local linear trend + damped cycle),1995,2025,31,20260919T085500Z
GBR,United Kingdom,ESA_REV,R02_X,Other taxes on production and imports excluding excise duties,uc,2029,2.9472694381019027,0.17090529447386005,2.7282454161583383,3.166293460045467,2.612301213523738,3.2822376626800676,UC(local linear trend + damped cycle),1995,2025,31,20260919T085500Z
GBR,United Kingdom,ESA_REV,R02_X,Other taxes on production and imports excluding excise duties,uc,2030,2.959983613798939,0.17117308696317268,2.740616401855111,3.179350825742767,2.6244905255822513,3.295476702015627,UC(local linear trend + damped cycle),1995,2025,31,20260919T085500Z
GBR,United Kingdom,ESA_REV,R02_X,Other taxes on production and imports excluding excise duties,uc,2031,2.9757987552174363,0.17352649021611533,2.7534155346279934,3.1981819758068792,2.635693081347498,3.3159044290873747,UC(local linear trend + damped cycle),1995,2025,31,20260919T085500Z
GBR,United Kingdom,ESA_REV,R03,Taxes on household income,auto.arima,2026,10.817647620589469,0.5486510511302204,10.114522768711433,11.520772472467504,9.742311311812077,11.89298392936686,"ARIMA(1, 0, 1)+drift",1965,2025,61,20260919T085500Z
GBR,United Kingdom,ESA_REV,R03,Taxes on household income,auto.arima,2027,10.466064925222287,0.8155189045341639,9.420935042078721,11.511194808365854,8.86767723101589,12.064452619428685,"ARIMA(1, 0, 1)+drift",1965,2025,61,20260919T085500Z
GBR,United Kingdom,ESA_REV,R03,Taxes on household income,auto.arima,2028,10.217231159643415,0.9205599273507166,9.037485743627249,11.39697657565958,8.412966842193395,12.021495477093435,"ARIMA(1, 0, 1)+drift",1965,2025,61,20260919T085500Z
GBR,United Kingdom,ESA_REV,R03,Taxes on household income,auto.arima,2029,10.041118274373293,0.9689051055644652,8.799415998526941,11.282820550219645,8.142099148050741,11.940137400695845,"ARIMA(1, 0, 1)+drift",1965,2025,61,20260919T085500Z
GBR,United Kingdom,ESA_REV,R03,Taxes on household income,auto.arima,2030,9.916473822339164,0.9922368194183923,8.644870741939885,11.188076902738443,7.9717253768046135,11.861222267873714,"ARIMA(1, 0, 1)+drift",1965,2025,61,20260919T085500Z
GBR,United Kingdom,ESA_REV,R03,Taxes on household income,auto.arima,2031,9.828256316850801,1.003720156963681,8.541936742253682,11.11457589144792,7.861000943127637,11.795511690573965,"ARIMA(1, 0, 1)+drift",1965,2025,61,20260919T085500Z
GBR,United Kingdom,ESA_REV,R03,Taxes on household income,combination,2026,10.632823493476726,0.9258516859304827,9.446296413669144,11.819350573284309,8.818187519713673,12.44745946723978,mean of 4 + between-model variance,1965,2025,61,20260919T085500Z
GBR,United Kingdom,ESA_REV,R03,Taxes on household income,combination,2027,10.553674402630639,1.03770944590412,9.223795786813323,11.883553018447955,8.519801246198616,12.587547559062662,mean of 4 + between-model variance,1965,2025,61,20260919T085500Z
GBR,United Kingdom,ESA_REV,R03,Taxes on household income,combination,2028,10.500835664116787,1.1674446893561807,9.004694587582994,11.99697674065058,8.21268610098749,12.788985227246084,mean of 4 + between-model variance,1965,2025,61,20260919T085500Z
GBR,United Kingdom,ESA_REV,R03,Taxes on household income,combination,2029,10.471016429302315,1.2647249855117448,8.850205594669767,12.091827263934864,7.992200987798773,12.949831870805857,mean of 4 + between-model variance,1965,2025,61,20260919T085500Z
GBR,United Kingdom,ESA_REV,R03,Taxes on household income,combination,2030,10.456344927437314,1.3566774301031035,8.717692253533821,12.194997601340807,7.797306004822715,13.115383850051913,mean of 4 + between-model variance,1965,2025,61,20260919T085500Z
GBR,United Kingdom,ESA_REV,R03,Taxes on household income,combination,2031,10.44787936069762,1.4364570270417292,8.606984984778238,12.288773736617001,7.632475300148804,13.263283421246435,mean of 4 + between-model variance,1965,2025,61,20260919T085500Z
GBR,United Kingdom,ESA_REV,R03,Taxes on household income,ets,2026,11.019240726618161,0.6368643626954396,10.203065928877095,11.835415524359227,9.771009502852156,12.267471950384166,"ETS(M,N,N)",1965,2025,61,20260919T085500Z
GBR,United Kingdom,ESA_REV,R03,Taxes on household income,ets,2027,11.019240726618161,0.8857390745252114,9.884120044182227,12.154361409054095,9.28322402715543,12.755257426080892,"ETS(M,N,N)",1965,2025,61,20260919T085500Z
GBR,United Kingdom,ESA_REV,R03,Taxes on household income,ets,2028,11.019240726618161,1.1138682215398312,9.591760679567347,12.446720773668975,8.836099111656068,13.202382341580254,"ETS(M,N,N)",1965,2025,61,20260919T085500Z
GBR,United Kingdom,ESA_REV,R03,Taxes on household income,ets,2029,11.019240726618161,1.2684768969517504,9.393621622375852,12.64485983086047,8.533071673761022,13.5054097794753,"ETS(M,N,N)",1965,2025,61,20260919T085500Z
GBR,United Kingdom,ESA_REV,R03,Taxes on household income,ets,2030,11.019240726618161,1.424253051101511,9.193986380472918,12.844495072763404,8.22775601956904,13.810725433667283,"ETS(M,N,N)",1965,2025,61,20260919T085500Z
GBR,United Kingdom,ESA_REV,R03,Taxes on household income,ets,2031,11.019240726618161,1.5356675184604278,9.051202947000164,12.987278506236159,8.009387674466387,14.029093778769935,"ETS(M,N,N)",1965,2025,61,20260919T085500Z
GBR,United Kingdom,ESA_REV,R03,Taxes on household income,prophet,2026,9.638355173133004,0.7994240065000987,8.61385173875479,10.662858607511218,8.071512899657044,11.205197446608963,Prophet(linear trend),1965,2025,61,20260919T085500Z
GBR,United Kingdom,ESA_REV,R03,Taxes on household income,prophet,2027,9.65724429108383,0.746601643092015,8.700435462175971,10.614053119991688,8.193931948282632,11.120556633885027,Prophet(linear trend),1965,2025,61,20260919T085500Z
GBR,United Kingdom,ESA_REV,R03,Taxes on household income,prophet,2028,9.676185160042738,0.8103612365112508,8.637665096669272,10.714705223416205,8.087906309485202,11.264464010600275,Prophet(linear trend),1965,2025,61,20260919T085500Z
GBR,United Kingdom,ESA_REV,R03,Taxes on household income,prophet,2029,9.695074277993562,0.8026794929811364,8.666398768404601,10.723749787582523,8.121851368212283,11.268297187774841,Prophet(linear trend),1965,2025,61,20260919T085500Z
GBR,United Kingdom,ESA_REV,R03,Taxes on household income,prophet,2030,9.713963395944388,0.7847702787054845,8.708239475728817,10.719687316159959,8.175841901411673,11.252084890477104,Prophet(linear trend),1965,2025,61,20260919T085500Z
GBR,United Kingdom,ESA_REV,R03,Taxes on household income,prophet,2031,9.732852513895212,0.8108873273186626,8.693658237795326,10.772046789995098,8.143542544294416,11.322162483496008,Prophet(linear trend),1965,2025,61,20260919T085500Z
GBR,United Kingdom,ESA_REV,R03,Taxes on household income,uc,2026,11.05605045356627,0.5301167118859218,10.376678321215444,11.735422585917096,10.01704078247149,12.09506012466105,UC(local linear trend + damped cycle),1965,2025,61,20260919T085500Z
GBR,United Kingdom,ESA_REV,R03,Taxes on household income,uc,2027,11.07214766759828,0.7558039291359896,10.103545630606193,12.040749704590366,9.590799175433188,12.553496159763371,UC(local linear trend + damped cycle),1965,2025,61,20260919T085500Z
GBR,United Kingdom,ESA_REV,R03,Taxes on household income,uc,2028,11.090685610162831,0.93311008659777,9.894856512463285,12.286514707862377,9.26182343239432,12.919547787931343,UC(local linear trend + damped cycle),1965,2025,61,20260919T085500Z
GBR,United Kingdom,ESA_REV,R03,Taxes on household income,uc,2029,11.128632438224244,1.0860335741770868,9.73682393917045,12.520440937278039,9.000045730045825,13.257219146402663,UC(local linear trend + damped cycle),1965,2025,61,20260919T085500Z
GBR,United Kingdom,ESA_REV,R03,Taxes on household income,uc,2030,11.175701764847545,1.2237279502006853,9.607430762811957,12.743972766883134,8.77723903666041,13.574164493034681,UC(local linear trend + damped cycle),1965,2025,61,20260919T085500Z
GBR,United Kingdom,ESA_REV,R03,Taxes on household income,uc,2031,11.211167885426303,1.3508104862305033,9.480034005176629,12.942301765675976,8.56362796159202,13.858707809260585,UC(local linear trend + damped cycle),1965,2025,61,20260919T085500Z
GBR,United Kingdom,ESA_REV,R04,Taxes on corporate income,auto.arima,2026,3.2016556856379923,0.4665103076139546,2.6037984678947135,3.799512903381271,2.2873122770857153,4.115999094190269,"ARIMA(1, 0, 0)+drift",1965,2025,61,20260919T085500Z
GBR,United Kingdom,ESA_REV,R04,Taxes on corporate income,auto.arima,2027,3.0660776979597575,0.5757414795338149,2.328235053380238,3.803920342539277,1.9376451247667434,4.1945102711527715,"ARIMA(1, 0, 0)+drift",1965,2025,61,20260919T085500Z
GBR,United Kingdom,ESA_REV,R04,Taxes on corporate income,auto.arima,2028,2.96801867529343,0.6253262707950085,2.1666305423035452,3.7694068082833145,1.7424016962809619,4.193635654305898,"ARIMA(1, 0, 0)+drift",1965,2025,61,20260919T085500Z
GBR,United Kingdom,ESA_REV,R04,Taxes on corporate income,auto.arima,2029,2.897095864806702,0.649759084915465,2.0643958100151183,3.7297959195982857,1.6235914496994477,4.170600279913956,"ARIMA(1, 0, 0)+drift",1965,2025,61,20260919T085500Z
GBR,United Kingdom,ESA_REV,R04,Taxes on corporate income,auto.arima,2030,2.8457997687355387,0.6621811967765554,1.9971801316441506,3.6944194058269266,1.5479484615765742,4.143651075894503,"ARIMA(1, 0, 0)+drift",1965,2025,61,20260919T085500Z
GBR,United Kingdom,ESA_REV,R04,Taxes on corporate income,auto.arima,2031,2.8086990185807714,0.6685874440501058,1.9518694424834702,3.6655285946780727,1.4982916973905498,4.119106339770993,"ARIMA(1, 0, 0)+drift",1965,2025,61,20260919T085500Z
GBR,United Kingdom,ESA_REV,R04,Taxes on corporate income,combination,2026,3.2743148358915626,0.5190631118016749,2.6091084668359024,3.939521204947223,2.2569698230323048,4.29165984875082,mean of 4 + between-model variance,1965,2025,61,20260919T085500Z
GBR,United Kingdom,ESA_REV,R04,Taxes on corporate income,combination,2027,3.246805146052781,0.6401226227437656,2.4264547186302625,4.0671555734753,1.9921878498894192,4.501422442216143,mean of 4 + between-model variance,1965,2025,61,20260919T085500Z
GBR,United Kingdom,ESA_REV,R04,Taxes on corporate income,combination,2028,3.2286831419326423,0.7175933344217675,2.3090499690177575,4.148316314847527,1.822226039826017,4.635140244039268,mean of 4 + between-model variance,1965,2025,61,20260919T085500Z
GBR,United Kingdom,ESA_REV,R04,Taxes on corporate income,combination,2029,3.217337246391777,0.7931666322627945,2.200852962482128,4.233821530301426,1.662759201155461,4.771915291628092,mean of 4 + between-model variance,1965,2025,61,20260919T085500Z
GBR,United Kingdom,ESA_REV,R04,Taxes on corporate income,combination,2030,3.2108980294547997,0.8628993237975997,2.1050476752433385,4.316748383666261,1.519646419187161,4.902149639722438,mean of 4 + between-model variance,1965,2025,61,20260919T085500Z
GBR,United Kingdom,ESA_REV,R04,Taxes on corporate income,combination,2031,3.2080076489969183,0.9230856561983777,2.025025380124575,4.390989917869262,1.3987929939317212,5.017222304062115,mean of 4 + between-model variance,1965,2025,61,20260919T085500Z
GBR,United Kingdom,ESA_REV,R04,Taxes on corporate income,ets,2026,3.389710319704772,0.4938014517572823,2.7568780816023235,4.0225425578072205,2.421877251112762,4.357543388296782,"ETS(A,N,N)",1965,2025,61,20260919T085500Z
GBR,United Kingdom,ESA_REV,R04,Taxes on corporate income,ets,2027,3.389710319704772,0.6774670536600378,2.5215010621526432,4.257919577256901,2.0618992833450296,4.717521356064514,"ETS(A,N,N)",1965,2025,61,20260919T085500Z
GBR,United Kingdom,ESA_REV,R04,Taxes on corporate income,ets,2028,3.389710319704772,0.8210257875560458,2.3375230796107465,4.4418975597987975,1.780529333023274,4.99889130638627,"ETS(A,N,N)",1965,2025,61,20260919T085500Z
GBR,United Kingdom,ESA_REV,R04,Taxes on corporate income,ets,2029,3.389710319704772,0.942976711732182,2.1812366288309706,4.598184010578573,1.5415099118713176,5.237910727538226,"ETS(A,N,N)",1965,2025,61,20260919T085500Z
GBR,United Kingdom,ESA_REV,R04,Taxes on corporate income,ets,2030,3.389710319704772,1.0508695513271151,2.042966344462405,4.736454294947139,1.3300438304074742,5.44937680900207,"ETS(A,N,N)",1965,2025,61,20260919T085500Z
GBR,United Kingdom,ESA_REV,R04,Taxes on corporate income,ets,2031,3.389710319704772,1.148672515969484,1.917626759519048,4.861793879890496,1.1383535406151584,5.641067098794386,"ETS(A,N,N)",1965,2025,61,20260919T085500Z
GBR,United Kingdom,ESA_REV,R04,Taxes on corporate income,prophet,2026,3.102845029794398,0.6225796455663031,2.304976839859611,3.9007132197291847,1.8826113373516842,4.323078722237112,Prophet(linear trend),1965,2025,61,20260919T085500Z
GBR,United Kingdom,ESA_REV,R04,Taxes on corporate income,prophet,2027,3.114443949695871,0.652652847093405,2.2780353881976234,3.9508525111941184,1.8352678648952925,4.3936200344964496,Prophet(linear trend),1965,2025,61,20260919T085500Z
GBR,United Kingdom,ESA_REV,R04,Taxes on corporate income,prophet,2028,3.1260746474600882,0.5990634308353526,2.3583437095461806,3.893805585373996,1.9519318893063071,4.30021740561387,Prophet(linear trend),1965,2025,61,20260919T085500Z
GBR,United Kingdom,ESA_REV,R04,Taxes on corporate income,prophet,2029,3.137673567361562,0.5934978306066301,2.377075235551974,3.8982718991711502,1.974439185294469,4.300907949428655,Prophet(linear trend),1965,2025,61,20260919T085500Z
GBR,United Kingdom,ESA_REV,R04,Taxes on corporate income,prophet,2030,3.149272487263035,0.6061893466083788,2.372409317738374,3.926135656787696,1.9611631907270906,4.33738178379898,Prophet(linear trend),1965,2025,61,20260919T085500Z
GBR,United Kingdom,ESA_REV,R04,Taxes on corporate income,prophet,2031,3.160871407164508,0.6013012755414491,2.390272554891813,3.9314702594372033,1.9823425539491875,4.339400260379829,Prophet(linear trend),1965,2025,61,20260919T085500Z
GBR,United Kingdom,ESA_REV,R04,Taxes on corporate income,uc,2026,3.403048308429089,0.37753940896148724,2.919211923795677,3.886884693062501,2.6630846582832968,4.143011958574881,UC(local linear trend + damped cycle),1965,2025,61,20260919T085500Z
GBR,United Kingdom,ESA_REV,R04,Taxes on corporate income,uc,2027,3.416988616850725,0.5384025979483975,2.7269976906447604,4.10697954305669,2.361738907365392,4.472238326336058,UC(local linear trend + damped cycle),1965,2025,61,20260919T085500Z
GBR,United Kingdom,ESA_REV,R04,Taxes on corporate income,uc,2028,3.4309289252722777,0.6648488975664792,2.578890490898161,4.282967359646395,2.127849020602291,4.7340088299422645,UC(local linear trend + damped cycle),1965,2025,61,20260919T085500Z
GBR,United Kingdom,ESA_REV,R04,Taxes on corporate income,uc,2029,3.4448692336940705,0.7739354641867034,2.4530306916946722,4.436707775693469,1.9279835855648424,4.961754881823299,UC(local linear trend + damped cycle),1965,2025,61,20260919T085500Z
GBR,United Kingdom,ESA_REV,R04,Taxes on corporate income,uc,2030,3.4588095421158522,0.8722003760121426,2.3410394058367388,4.576579678394966,1.749328204345589,5.168290879886115,UC(local linear trend + damped cycle),1965,2025,61,20260919T085500Z
GBR,United Kingdom,ESA_REV,R04,Taxes on corporate income,uc,2031,3.472749850537621,0.9629622195150497,2.2386636921936702,4.706836008881572,1.5853785669280263,5.3601211341472155,UC(local linear trend + damped cycle),1965,2025,61,20260919T085500Z
GBR,United Kingdom,ESA_REV,R05,Other current taxes and capital taxes,auto.arima,2026,2.5732601893803677,0.2774044348224139,2.2177519811248336,2.928768397635902,2.02955748368809,3.1169628950726453,"ARIMA(0, 1, 1)",1990,2025,36,20260919T085500Z
GBR,United Kingdom,ESA_REV,R05,Other current taxes and capital taxes,auto.arima,2027,2.5732601893803677,0.2970839792232801,2.192531621638815,2.9539887571219205,1.9909862851259907,3.1555340936347447,"ARIMA(0, 1, 1)",1990,2025,36,20260919T085500Z
GBR,United Kingdom,ESA_REV,R05,Other current taxes and capital taxes,auto.arima,2028,2.5732601893803677,0.31553852532319066,2.168881161175382,2.977639217585353,1.9548160391338256,3.19170433962691,"ARIMA(0, 1, 1)",1990,2025,36,20260919T085500Z
GBR,United Kingdom,ESA_REV,R05,Other current taxes and capital taxes,auto.arima,2029,2.5732601893803677,0.3329718174487585,2.146539490785276,2.9999808879754593,1.920647414166229,3.2258729645945063,"ARIMA(0, 1, 1)",1990,2025,36,20260919T085500Z
GBR,United Kingdom,ESA_REV,R05,Other current taxes and capital taxes,auto.arima,2030,2.5732601893803677,0.34953669545145716,2.125310738251162,3.0212096405095736,1.888180849616548,3.2583395291441875,"ARIMA(0, 1, 1)",1990,2025,36,20260919T085500Z
GBR,United Kingdom,ESA_REV,R05,Other current taxes and capital taxes,auto.arima,2031,2.5732601893803677,0.36535129905218655,2.10504350137744,3.0414768773832956,1.857184795884848,3.2893355828758875,"ARIMA(0, 1, 1)",1990,2025,36,20260919T085500Z
GBR,United Kingdom,ESA_REV,R05,Other current taxes and capital taxes,combination,2026,2.6412670116119594,0.2918522607938144,2.267243163087125,3.015290860136794,2.0692470871374717,3.213286936086447,mean of 4 + between-model variance,1990,2025,36,20260919T085500Z
GBR,United Kingdom,ESA_REV,R05,Other current taxes and capital taxes,combination,2027,2.6519553127391253,0.32057365560597717,2.241123503249974,3.0627871222282765,2.023642488403012,3.2802681370752387,mean of 4 + between-model variance,1990,2025,36,20260919T085500Z
GBR,United Kingdom,ESA_REV,R05,Other current taxes and capital taxes,combination,2028,2.6626585681974406,0.34648725682125825,2.2186171312436436,3.1067000051512377,1.98355601836902,3.341761118025861,mean of 4 + between-model variance,1990,2025,36,20260919T085500Z
GBR,United Kingdom,ESA_REV,R05,Other current taxes and capital taxes,combination,2029,2.673346869460598,0.370169932911063,2.1989548515985597,3.1477388873226366,1.9478271270724994,3.398866611848697,mean of 4 + between-model variance,1990,2025,36,20260919T085500Z
GBR,United Kingdom,ESA_REV,R05,Other current taxes and capital taxes,combination,2030,2.6840351707447634,0.40514494535714174,2.1648208557324278,3.203249485757099,1.8899656630627986,3.478104678426728,mean of 4 + between-model variance,1990,2025,36,20260919T085500Z
GBR,United Kingdom,ESA_REV,R05,Other current taxes and capital taxes,combination,2031,2.694723472022149,0.4249553913131597,2.1501210403739868,3.2393259036703115,1.8618262034424435,3.5276207406018547,mean of 4 + between-model variance,1990,2025,36,20260919T085500Z
GBR,United Kingdom,ESA_REV,R05,Other current taxes and capital taxes,ets,2026,2.5771291221849495,0.2889928533533296,2.2067697529842834,2.9474884913856156,2.010713533355144,3.143544711014755,"ETS(M,N,N)",1990,2025,36,20260919T085500Z
GBR,United Kingdom,ESA_REV,R05,Other current taxes and capital taxes,ets,2027,2.5771291221849495,0.34638365964921697,2.1332204503941763,3.0210377939757227,1.8982296190842316,3.2560286252856674,"ETS(M,N,N)",1990,2025,36,20260919T085500Z
GBR,United Kingdom,ESA_REV,R05,Other current taxes and capital taxes,ets,2028,2.5771291221849495,0.4046908052427089,2.058496811344545,3.095761433025354,1.7839497127782287,3.3703085315916703,"ETS(M,N,N)",1990,2025,36,20260919T085500Z
GBR,United Kingdom,ESA_REV,R05,Other current taxes and capital taxes,ets,2029,2.5771291221849495,0.4410753976410476,2.0118680641872695,3.1423901801826295,1.7126372215228112,3.441621022847088,"ETS(M,N,N)",1990,2025,36,20260919T085500Z
GBR,United Kingdom,ESA_REV,R05,Other current taxes and capital taxes,ets,2030,2.5771291221849495,0.5086755704325301,1.9252349275459997,3.2290233168238993,1.580143316457726,3.5741149279121727,"ETS(M,N,N)",1990,2025,36,20260919T085500Z
GBR,United Kingdom,ESA_REV,R05,Other current taxes and capital taxes,ets,2031,2.5771291221849495,0.542625341071025,1.8817265310846953,3.2725317132852036,1.513602988198019,3.64065525617188,"ETS(M,N,N)",1990,2025,36,20260919T085500Z
GBR,United Kingdom,ESA_REV,R05,Other current taxes and capital taxes,prophet,2026,2.7789591895737105,0.26060437602318254,2.4449811302724487,3.1129372488749723,2.2681839943258097,3.289734384821611,Prophet(linear trend),1990,2025,36,20260919T085500Z
GBR,United Kingdom,ESA_REV,R05,Other current taxes and capital taxes,prophet,2027,2.8007922195738226,0.2679298451043462,2.4574261907206574,3.144158248426988,2.275659368643728,3.325925070503917,Prophet(linear trend),1990,2025,36,20260919T085500Z
GBR,United Kingdom,ESA_REV,R05,Other current taxes and capital taxes,prophet,2028,2.8226850660944827,0.2555526304053642,2.4951810814932274,3.150189050695738,2.3218111103946635,3.323559021794302,Prophet(linear trend),1990,2025,36,20260919T085500Z
GBR,United Kingdom,ESA_REV,R05,Other current taxes and capital taxes,prophet,2029,2.8445180960945944,0.2623647806757891,2.5082839866899755,3.1807522054992132,2.3302925711021523,3.3587436210870365,Prophet(linear trend),1990,2025,36,20260919T085500Z
GBR,United Kingdom,ESA_REV,R05,Other current taxes and capital taxes,prophet,2030,2.866351126094706,0.2787973095251652,2.5090578764781117,3.2236443757113005,2.319918436128525,3.412783816060887,Prophet(linear trend),1990,2025,36,20260919T085500Z
GBR,United Kingdom,ESA_REV,R05,Other current taxes and capital taxes,prophet,2031,2.8881841560948183,0.2658240016021968,2.5475168751935198,3.2288514369961168,2.36717868261857,3.4091896295710664,Prophet(linear trend),1990,2025,36,20260919T085500Z
GBR,United Kingdom,ESA_REV,R05,Other current taxes and capital taxes,uc,2026,2.6357195453088105,0.2745084612995879,2.283922677713401,2.98751641290422,2.097692843466225,3.1737462471513957,UC(local linear trend + damped cycle),1990,2025,36,20260919T085500Z
GBR,United Kingdom,ESA_REV,R05,Other current taxes and capital taxes,uc,2027,2.6566397198173624,0.29283887960463334,2.2813514679822853,3.0319279716524394,2.0826860579919466,3.230593381642778,UC(local linear trend + damped cycle),1990,2025,36,20260919T085500Z
GBR,United Kingdom,ESA_REV,R05,Other current taxes and capital taxes,uc,2028,2.6775598951299626,0.3109932577747742,2.279005863642185,3.07611392661774,2.068024305648685,3.2870954846112403,UC(local linear trend + damped cycle),1990,2025,36,20260919T085500Z
GBR,United Kingdom,ESA_REV,R05,Other current taxes and capital taxes,uc,2029,2.6984800701824803,0.32900073120314277,2.2768485251076305,3.12011161525733,2.053650481050644,3.3433096593143166,UC(local linear trend + damped cycle),1990,2025,36,20260919T085500Z
GBR,United Kingdom,ESA_REV,R05,Other current taxes and capital taxes,uc,2030,2.7194002453190316,0.34688418151734957,2.2748501287271092,3.163950361910954,2.039519737375561,3.3992807532625022,UC(local linear trend + damped cycle),1990,2025,36,20260919T085500Z
GBR,United Kingdom,ESA_REV,R05,Other current taxes and capital taxes,uc,2031,2.7403204204284615,0.3646618551466544,2.2729872906415562,3.2076535502153667,2.0255963121678042,3.4550445286891187,UC(local linear trend + damped cycle),1990,2025,36,20260919T085500Z
GBR,United Kingdom,ESA_REV,R06,Net social contributions,auto.arima,2026,8.61323397142857,0.2140114583164685,8.338967159000184,8.887500783856957,8.193779217540792,9.03268872531635,"ARIMA(0, 1, 0)+drift",1990,2025,36,20260919T085500Z
GBR,United Kingdom,ESA_REV,R06,Net social contributions,auto.arima,2027,8.678792942857141,0.3026579068543936,8.29092109701208,9.066664788702203,8.085594341107177,9.271991544607106,"ARIMA(0, 1, 0)+drift",1990,2025,36,20260919T085500Z
GBR,United Kingdom,ESA_REV,R06,Net social contributions,auto.arima,2028,8.744351914285712,0.37067871920603224,8.269307860329784,9.21939596824164,8.01783496907578,9.470868859495644,"ARIMA(0, 1, 0)+drift",1990,2025,36,20260919T085500Z
GBR,United Kingdom,ESA_REV,R06,Net social contributions,auto.arima,2029,8.809910885714283,0.42802291663293673,8.26137726085751,9.358444510571056,7.971001377938725,9.64882039348984,"ARIMA(0, 1, 0)+drift",1990,2025,36,20260919T085500Z
GBR,United Kingdom,ESA_REV,R06,Net social contributions,auto.arima,2030,8.875469857142853,0.47854416875948597,8.262190620580796,9.48874909370491,7.937540513964336,9.81339920032137,"ARIMA(0, 1, 0)+drift",1990,2025,36,20260919T085500Z
GBR,United Kingdom,ESA_REV,R06,Net social contributions,auto.arima,2031,8.941028828571424,0.5242188719842592,8.269215084742253,9.612842572400595,7.913578711361668,9.96847894578118,"ARIMA(0, 1, 0)+drift",1990,2025,36,20260919T085500Z
GBR,United Kingdom,ESA_REV,R06,Net social contributions,combination,2026,8.586976217600093,0.23659748390061366,8.283764238912294,8.890188196287891,8.12325366666431,9.050698768535876,mean of 4 + between-model variance,1990,2025,36,20260919T085500Z
GBR,United Kingdom,ESA_REV,R06,Net social contributions,combination,2027,8.637067892253192,0.3157288629274689,8.232444936510769,9.041690847995616,8.018250687154419,9.255885097351966,mean of 4 + between-model variance,1990,2025,36,20260919T085500Z
GBR,United Kingdom,ESA_REV,R06,Net social contributions,combination,2028,8.687207066443317,0.3821113386477666,8.197511516176595,9.17690261671004,7.938282598701886,9.43613153418475,mean of 4 + between-model variance,1990,2025,36,20260919T085500Z
GBR,United Kingdom,ESA_REV,R06,Net social contributions,combination,2029,8.737298741150276,0.44198659968794846,8.170869930346987,9.303727551953566,7.871020917279486,9.603576565021067,mean of 4 + between-model variance,1990,2025,36,20260919T085500Z
GBR,United Kingdom,ESA_REV,R06,Net social contributions,combination,2030,8.787390415870776,0.49319598872616205,8.155334110126786,9.419446721614767,7.820744033023093,9.75403679871846,mean of 4 + between-model variance,1990,2025,36,20260919T085500Z
GBR,United Kingdom,ESA_REV,R06,Net social contributions,combination,2031,8.837482090619527,0.5536450042081119,8.127957228186613,9.547006953052442,7.75235781359178,9.922606367647276,mean of 4 + between-model variance,1990,2025,36,20260919T085500Z
GBR,United Kingdom,ESA_REV,R06,Net social contributions,ets,2026,8.547617834224459,0.2319038323470101,8.250421014072483,8.844814654376435,8.093094671362284,9.002140997086634,"ETS(M,N,N)",1990,2025,36,20260919T085500Z
GBR,United Kingdom,ESA_REV,R06,Net social contributions,ets,2027,8.547617834224459,0.33575906195438354,8.117325136858694,8.977910531590224,7.889542160120097,9.205693508328821,"ETS(M,N,N)",1990,2025,36,20260919T085500Z
GBR,United Kingdom,ESA_REV,R06,Net social contributions,ets,2028,8.547617834224459,0.4201242197674048,8.009206800133102,9.086028868315816,7.724189487952257,9.371046180496661,"ETS(M,N,N)",1990,2025,36,20260919T085500Z
GBR,United Kingdom,ESA_REV,R06,Net social contributions,ets,2029,8.547617834224459,0.48087853551356485,7.931346985279979,9.163888683168938,7.605113216245151,9.490122452203767,"ETS(M,N,N)",1990,2025,36,20260919T085500Z
GBR,United Kingdom,ESA_REV,R06,Net social contributions,ets,2030,8.547617834224459,0.5295303741572788,7.86899712416245,9.226238544286469,7.509757363969662,9.585478304479256,"ETS(M,N,N)",1990,2025,36,20260919T085500Z
GBR,United Kingdom,ESA_REV,R06,Net social contributions,ets,2031,8.547617834224459,0.6084088126278989,7.76791030358355,9.327325364865368,7.355158464191032,9.740077204257886,"ETS(M,N,N)",1990,2025,36,20260919T085500Z
GBR,United Kingdom,ESA_REV,R06,Net social contributions,prophet,2026,8.573919423391452,0.26209816644616935,8.23802699398603,8.909811852796873,8.060216452690952,9.087622394091952,Prophet(linear trend),1990,2025,36,20260919T085500Z
GBR,United Kingdom,ESA_REV,R06,Net social contributions,prophet,2027,8.643268509129378,0.27040578083806,8.2967294398848,8.989807578373956,8.11328291329489,9.173254104963865,Prophet(linear trend),1990,2025,36,20260919T085500Z
GBR,United Kingdom,ESA_REV,R06,Net social contributions,prophet,2028,8.712807592362477,0.26706231512014594,8.370553348295624,9.05506183642933,8.189375068970335,9.236240115754619,Prophet(linear trend),1990,2025,36,20260919T085500Z
GBR,United Kingdom,ESA_REV,R06,Net social contributions,prophet,2029,8.782156678100405,0.28065854382467403,8.422478159944806,9.141835196256004,8.232076035911621,9.332237320289188,Prophet(linear trend),1990,2025,36,20260919T085500Z
GBR,United Kingdom,ESA_REV,R06,Net social contributions,prophet,2030,8.851505763838333,0.27225244607660326,8.502600097063969,9.200411430612697,8.317900770616248,9.385110757060417,Prophet(linear trend),1990,2025,36,20260919T085500Z
GBR,United Kingdom,ESA_REV,R06,Net social contributions,prophet,2031,8.920854849576259,0.2803033238646686,8.561631564270845,9.280078134881672,8.371470425721167,9.47023927343135,Prophet(linear trend),1990,2025,36,20260919T085500Z
GBR,United Kingdom,ESA_REV,R06,Net social contributions,uc,2026,8.613133641355889,0.22696566566152493,8.322265338596031,8.904001944115747,8.168289107423263,9.057978175288515,UC(local linear trend + damped cycle),1990,2025,36,20260919T085500Z
GBR,United Kingdom,ESA_REV,R06,Net social contributions,uc,2027,8.678592282801795,0.3254897793267554,8.261460205126033,9.095724360477556,8.04064403295341,9.31654053265018,UC(local linear trend + damped cycle),1990,2025,36,20260919T085500Z
GBR,United Kingdom,ESA_REV,R06,Net social contributions,uc,2028,8.744050924900622,0.4040922535147747,8.226185689224256,9.261916160576988,7.95204465533279,9.536057194468453,UC(local linear trend + damped cycle),1990,2025,36,20260919T085500Z
GBR,United Kingdom,ESA_REV,R06,Net social contributions,uc,2029,8.80950956656196,0.47281526220414916,8.203572221653708,9.415446911470212,7.882808673991267,9.736210459132653,UC(local linear trend + damped cycle),1990,2025,36,20260919T085500Z
GBR,United Kingdom,ESA_REV,R06,Net social contributions,uc,2030,8.874968208277458,0.535476203868542,8.18872760825732,9.561208808297597,7.825454125838455,9.924482290716462,UC(local linear trend + damped cycle),1990,2025,36,20260919T085500Z
GBR,United Kingdom,ESA_REV,R06,Net social contributions,uc,2031,8.940426850105968,0.593996656262292,8.179189247279716,9.70166445293222,7.776214787711501,10.104638912500436,UC(local linear trend + damped cycle),1990,2025,36,20260919T085500Z
GBR,United Kingdom,ESA_REV,R06_E,Employers' actual social contributions,auto.arima,2026,6.297436924193059,0.1647697123833392,6.086275969748766,6.508597878637352,5.97449421963136,6.620379628754758,"ARIMA(0, 1, 0)+drift",1990,2025,36,20260919T085500Z
GBR,United Kingdom,ESA_REV,R06_E,Employers' actual social contributions,auto.arima,2027,6.384480848386119,0.2330195619208322,6.085854162767352,6.683107534004885,5.927770895725517,6.841190801046721,"ARIMA(0, 1, 0)+drift",1990,2025,36,20260919T085500Z
GBR,United Kingdom,ESA_REV,R06_E,Employers' actual social contributions,auto.arima,2028,6.471524772579178,0.2853895133964541,6.105783270906926,6.83726627425143,5.91217160034461,7.030877944813746,"ARIMA(0, 1, 0)+drift",1990,2025,36,20260919T085500Z
GBR,United Kingdom,ESA_REV,R06_E,Employers' actual social contributions,auto.arima,2029,6.558568696772237,0.3295394247666784,6.1362467878836515,6.980890605660823,5.912683287648839,7.2044541058956355,"ARIMA(0, 1, 0)+drift",1990,2025,36,20260919T085500Z
GBR,United Kingdom,ESA_REV,R06_E,Employers' actual social contributions,auto.arima,2030,6.645612620965297,0.3684362775222352,6.173442372634121,7.117782869296472,5.923490780727707,7.367734461202887,"ARIMA(0, 1, 0)+drift",1990,2025,36,20260919T085500Z
GBR,United Kingdom,ESA_REV,R06_E,Employers' actual social contributions,auto.arima,2031,6.732656545158356,0.4036017204043237,6.215419953170755,7.249893137145958,5.941611702827816,7.523701387488896,"ARIMA(0, 1, 0)+drift",1990,2025,36,20260919T085500Z
GBR,United Kingdom,ESA_REV,R06_E,Employers' actual social contributions,combination,2026,6.184537234084875,0.4203288984598208,5.6458638936058945,6.723210574563855,5.36070772494397,7.008366743225779,mean of 4 + between-model variance,1990,2025,36,20260919T085500Z
GBR,United Kingdom,ESA_REV,R06_E,Employers' actual social contributions,combination,2027,6.249116021675855,0.4407052734793309,5.684329297037872,6.813902746313838,5.385349551046211,7.1128824923054985,mean of 4 + between-model variance,1990,2025,36,20260919T085500Z
GBR,United Kingdom,ESA_REV,R06_E,Employers' actual social contributions,combination,2028,6.313854400324962,0.4605574825467148,5.723626037452254,6.904082763197669,5.411178314602772,7.2165304860471515,mean of 4 + between-model variance,1990,2025,36,20260919T085500Z
GBR,United Kingdom,ESA_REV,R06_E,Employers' actual social contributions,combination,2029,6.450893399443601,0.5385372798430457,5.760729871386186,7.141056927501015,5.395379718293306,7.506407080593895,mean of 4 + between-model variance,1990,2025,36,20260919T085500Z
GBR,United Kingdom,ESA_REV,R06_E,Employers' actual social contributions,combination,2030,6.6365705330652505,0.6867748610665431,5.7564328363157,7.516708229814801,5.290516529269825,7.982624536860676,mean of 4 + between-model variance,1990,2025,36,20260919T085500Z
GBR,United Kingdom,ESA_REV,R06_E,Employers' actual social contributions,combination,2031,6.7869654138767,0.8167872647269874,5.7402100611913,7.8337207665621005,5.186091779353335,8.387839048400066,mean of 4 + between-model variance,1990,2025,36,20260919T085500Z
GBR,United Kingdom,ESA_REV,R06_E,Employers' actual social contributions,ets,2026,6.284581716015465,0.23405878829148158,5.98462320776294,6.58454022426799,5.82583491708054,6.74332851495039,"ETS(M,A,N)",1990,2025,36,20260919T085500Z
GBR,United Kingdom,ESA_REV,R06_E,Employers' actual social contributions,ets,2027,6.358828269511753,0.3292685819979316,5.93685345971514,6.780803079308367,5.713473702464759,7.004182836558748,"ETS(M,A,N)",1990,2025,36,20260919T085500Z
GBR,United Kingdom,ESA_REV,R06_E,Employers' actual social contributions,ets,2028,6.433074823008042,0.39676565900340355,5.924598999180912,6.9415506468351715,5.655428414925095,7.2107212310909885,"ETS(M,A,N)",1990,2025,36,20260919T085500Z
GBR,United Kingdom,ESA_REV,R06_E,Employers' actual social contributions,ets,2029,6.50732137650433,0.47602670598408636,5.897268399397012,7.117374353611648,5.574326169736937,7.4403165832717235,"ETS(M,A,N)",1990,2025,36,20260919T085500Z
GBR,United Kingdom,ESA_REV,R06_E,Employers' actual social contributions,ets,2030,6.5815679300006185,0.514802408057368,5.921821874349883,7.241313985651354,5.572573743094868,7.590562116906369,"ETS(M,A,N)",1990,2025,36,20260919T085500Z
GBR,United Kingdom,ESA_REV,R06_E,Employers' actual social contributions,ets,2031,6.655814483496907,0.5623378073817044,5.935149341771269,7.376479625222545,5.553652625189832,7.757976341803982,"ETS(M,A,N)",1990,2025,36,20260919T085500Z
GBR,United Kingdom,ESA_REV,R06_E,Employers' actual social contributions,prophet,2026,5.648610178685943,0.21568120852821657,5.37220349453419,5.925016862837696,5.225882774494146,6.0713375828777405,Prophet(linear trend),1990,2025,36,20260919T085500Z
GBR,United Kingdom,ESA_REV,R06_E,Employers' actual social contributions,prophet,2027,5.735215832115217,0.22570976058527117,5.445957037017641,6.0244746272127925,5.292832826919467,6.177598837310967,Prophet(linear trend),1990,2025,36,20260919T085500Z
GBR,United Kingdom,ESA_REV,R06_E,Employers' actual social contributions,prophet,2028,5.822058761307311,0.21681272288573336,5.544201982667653,6.099915539946968,5.397113629709297,6.247003892905324,Prophet(linear trend),1990,2025,36,20260919T085500Z
GBR,United Kingdom,ESA_REV,R06_E,Employers' actual social contributions,prophet,2029,5.9086644147365845,0.20882546910200236,5.6410437171579755,6.176285112315194,5.499374013013547,6.317954816459622,Prophet(linear trend),1990,2025,36,20260919T085500Z
GBR,United Kingdom,ESA_REV,R06_E,Employers' actual social contributions,prophet,2030,5.995270068165859,0.21285609542518044,5.722483913361528,6.26805622297019,5.5780797839519405,6.412460352379778,Prophet(linear trend),1990,2025,36,20260919T085500Z
GBR,United Kingdom,ESA_REV,R06_E,Employers' actual social contributions,prophet,2031,6.081875721595133,0.2058257671525002,5.8180992980493125,6.345652145140954,5.67846462770385,6.4852868154864165,Prophet(linear trend),1990,2025,36,20260919T085500Z
GBR,United Kingdom,ESA_REV,R06_E,Employers' actual social contributions,uc,2026,6.507520117445035,0.16083092547631014,6.301406923239019,6.7136333116510505,6.192297293424784,6.822742941465285,UC(local linear trend + damped cycle),1990,2025,36,20260919T085500Z
GBR,United Kingdom,ESA_REV,R06_E,Employers' actual social contributions,uc,2027,6.517939136690331,0.2725145135494009,6.16869761682207,6.867180656558593,5.983820500655993,7.05205777272467,UC(local linear trend + damped cycle),1990,2025,36,20260919T085500Z
GBR,United Kingdom,ESA_REV,R06_E,Employers' actual social contributions,uc,2028,6.528759244405313,0.3555477401740599,6.073106326889766,6.98441216192086,5.831898473382802,7.225620015427824,UC(local linear trend + damped cycle),1990,2025,36,20260919T085500Z
GBR,United Kingdom,ESA_REV,R06_E,Employers' actual social contributions,uc,2029,6.82901910976125,0.4229948684624477,6.2869291900934625,7.371109029429037,5.9999643953901165,7.658073824132383,UC(local linear trend + damped cycle),1990,2025,36,20260919T085500Z
GBR,United Kingdom,ESA_REV,R06_E,Employers' actual social contributions,uc,2030,7.323831513129228,0.5082286194367472,6.672510109432826,7.97515291682563,6.327721715263503,8.319941310994952,UC(local linear trend + damped cycle),1990,2025,36,20260919T085500Z
GBR,United Kingdom,ESA_REV,R06_E,Employers' actual social contributions,uc,2031,7.6775149052564045,0.6323844963102577,6.867081289241001,8.487948521271807,6.438064058330166,8.916965752182643,UC(local linear trend + damped cycle),1990,2025,36,20260919T085500Z
GBR,United Kingdom,ESA_REV,R06_H,Households' actual social contributions,auto.arima,2026,2.3567874504874355,0.13869933758132108,2.1790370370114185,2.5345378639634526,2.084941742004199,2.628633158970672,"ARIMA(2, 0, 0)+drift",1990,2025,36,20260919T085500Z
GBR,United Kingdom,ESA_REV,R06_H,Households' actual social contributions,auto.arima,2027,2.460570907821488,0.21638856370449705,2.1832577112288623,2.7378841044141136,2.036457112948967,2.884684702694009,"ARIMA(2, 0, 0)+drift",1990,2025,36,20260919T085500Z
GBR,United Kingdom,ESA_REV,R06_H,Households' actual social contributions,auto.arima,2028,2.561950109856273,0.26119643757854627,2.2272132928846116,2.8966869268279343,2.050014495274075,3.0738857244384707,"ARIMA(2, 0, 0)+drift",1990,2025,36,20260919T085500Z
GBR,United Kingdom,ESA_REV,R06_H,Households' actual social contributions,auto.arima,2029,2.6439864210956574,0.28426675190859707,2.279683796653691,3.008289045537624,2.086833820957876,3.201139021233439,"ARIMA(2, 0, 0)+drift",1990,2025,36,20260919T085500Z
GBR,United Kingdom,ESA_REV,R06_H,Households' actual social contributions,auto.arima,2030,2.703771633434582,0.2949991201729649,2.3257149209786783,3.0818283458904854,2.1255839778638967,3.281959289005267,"ARIMA(2, 0, 0)+drift",1990,2025,36,20260919T085500Z
GBR,United Kingdom,ESA_REV,R06_H,Households' actual social contributions,auto.arima,2031,2.7442479684820404,0.29952462675902636,2.360391584009757,3.128104352954324,2.157190482920912,3.331305454043169,"ARIMA(2, 0, 0)+drift",1990,2025,36,20260919T085500Z
GBR,United Kingdom,ESA_REV,R06_H,Households' actual social contributions,combination,2026,2.4689868219007653,0.47497511032931894,1.860281519308006,3.0776921244935247,1.538052704759272,3.399920939042259,mean of 4 + between-model variance,1990,2025,36,20260919T085500Z
GBR,United Kingdom,ESA_REV,R06_H,Households' actual social contributions,combination,2027,2.4508839292548315,0.5546801450444189,1.7400324800128664,3.1617353784967968,1.363730813452992,3.538037045056671,mean of 4 + between-model variance,1990,2025,36,20260919T085500Z
GBR,United Kingdom,ESA_REV,R06_H,Households' actual social contributions,combination,2028,2.432189180260123,0.6484611506240285,1.6011524957555978,3.263225864764648,1.1612286696384495,3.7031496908817965,mean of 4 + between-model variance,1990,2025,36,20260919T085500Z
GBR,United Kingdom,ESA_REV,R06_H,Households' actual social contributions,combination,2029,2.408649492875633,0.7527008798033956,1.4440241749618314,3.373274810789434,0.9333828656926502,3.8839161200586156,mean of 4 + between-model variance,1990,2025,36,20260919T085500Z
GBR,United Kingdom,ESA_REV,R06_H,Households' actual social contributions,combination,2030,2.379547030490565,0.8608898193065601,1.2762719607786042,3.4828221002025255,0.6922339766832022,4.066860084297927,mean of 4 + between-model variance,1990,2025,36,20260919T085500Z
GBR,United Kingdom,ESA_REV,R06_H,Households' actual social contributions,combination,2031,2.345617354274548,0.9705864922744148,1.1017602939272872,3.589474414621809,0.4433027705304169,4.247931938018679,mean of 4 + between-model variance,1990,2025,36,20260919T085500Z
GBR,United Kingdom,ESA_REV,R06_H,Households' actual social contributions,ets,2026,2.2964183069299273,0.11355511014243043,2.1508915284166754,2.4419450854431792,2.073854379034729,2.518982234825126,"ETS(M,N,N)",1990,2025,36,20260919T085500Z
GBR,United Kingdom,ESA_REV,R06_H,Households' actual social contributions,ets,2027,2.2964183069299273,0.16385771083180506,2.086426129898006,2.5064104839618486,1.9752630925771792,2.6175735212826754,"ETS(M,N,N)",1990,2025,36,20260919T085500Z
GBR,United Kingdom,ESA_REV,R06_H,Households' actual social contributions,ets,2028,2.2964183069299273,0.2044132186305643,2.0344521377674902,2.5583844760923644,1.8957757572898921,2.6970608565699625,"ETS(M,N,N)",1990,2025,36,20260919T085500Z
GBR,United Kingdom,ESA_REV,R06_H,Households' actual social contributions,ets,2029,2.2964183069299273,0.2382303888878753,1.9911136755898928,2.601722938269962,1.8294953210036917,2.763341292856163,"ETS(M,N,N)",1990,2025,36,20260919T085500Z
GBR,United Kingdom,ESA_REV,R06_H,Households' actual social contributions,ets,2030,2.2964183069299273,0.2677438177251083,1.9532906818366793,2.639545932023175,1.7716500629661531,2.8211865508937013,"ETS(M,N,N)",1990,2025,36,20260919T085500Z
GBR,United Kingdom,ESA_REV,R06_H,Households' actual social contributions,ets,2031,2.2964183069299273,0.29837470033878255,1.9140356129613598,2.6788010008984946,1.7116146357551258,2.881221978104729,"ETS(M,N,N)",1990,2025,36,20260919T085500Z
GBR,United Kingdom,ESA_REV,R06_H,Households' actual social contributions,prophet,2026,3.1159635744219782,0.23515089642150444,2.8146054728112064,3.41732167603275,2.6550762828681007,3.5768508659758558,Prophet(linear trend),1990,2025,36,20260919T085500Z
GBR,United Kingdom,ESA_REV,R06_H,Households' actual social contributions,prophet,2027,3.1294004834430553,0.2510912537159733,2.807613985060842,3.4511869818252685,2.6372706654448814,3.6215303014412292,Prophet(linear trend),1990,2025,36,20260919T085500Z
GBR,United Kingdom,ESA_REV,R06_H,Households' actual social contributions,prophet,2028,3.1428742059135044,0.23720338999022467,2.838885727064752,3.446862684762257,2.6779641008547035,3.6077843109723053,Prophet(linear trend),1990,2025,36,20260919T085500Z
GBR,United Kingdom,ESA_REV,R06_H,Households' actual social contributions,prophet,2029,3.156311114934581,0.23919827832709764,2.8497660829479323,3.46285614692123,2.6874911005514894,3.6251311293176727,Prophet(linear trend),1990,2025,36,20260919T085500Z
GBR,United Kingdom,ESA_REV,R06_H,Households' actual social contributions,prophet,2030,3.1697480239556577,0.24280456521487798,2.8585813477954005,3.480914700115915,2.6938598170988444,3.645636230812471,Prophet(linear trend),1990,2025,36,20260919T085500Z
GBR,United Kingdom,ESA_REV,R06_H,Households' actual social contributions,prophet,2031,3.1831849329767343,0.23590374790158106,2.8808620130459675,3.485507852907501,2.72082207962456,3.6455477863289087,Prophet(linear trend),1990,2025,36,20260919T085500Z
GBR,United Kingdom,ESA_REV,R06_H,Households' actual social contributions,uc,2026,2.10677795576372,0.15954156804831024,1.9023171401482717,2.311238771379168,1.7940822258854814,2.4194736856419583,UC(local linear trend + damped cycle),1990,2025,36,20260919T085500Z
GBR,United Kingdom,ESA_REV,R06_H,Households' actual social contributions,uc,2027,1.9171460188248555,0.2614210380530704,1.582121364665867,2.2521706729838438,1.4047701953982075,2.4295218422515035,UC(local linear trend + damped cycle),1990,2025,36,20260919T085500Z
GBR,United Kingdom,ESA_REV,R06_H,Households' actual social contributions,uc,2028,1.7275140983407877,0.364944639751169,1.2598185653783975,2.195209631303178,1.0122357424355277,2.4427924542460477,UC(local linear trend + damped cycle),1990,2025,36,20260919T085500Z
GBR,United Kingdom,ESA_REV,R06_H,Households' actual social contributions,uc,2029,1.537882128542366,0.4738213306175573,0.9306554546467742,2.145108802437958,0.6092093780998559,2.4665548789848764,UC(local linear trend + damped cycle),1990,2025,36,20260919T085500Z
GBR,United Kingdom,ESA_REV,R06_H,Households' actual social contributions,uc,2030,1.3482501576420929,0.5889222334742705,0.5935156914886746,2.1029846237955114,0.1939837812329277,2.5025165340512583,UC(local linear trend + damped cycle),1990,2025,36,20260919T085500Z
GBR,United Kingdom,ESA_REV,R06_H,Households' actual social contributions,uc,2031,1.1586182087094907,0.710404863032177,0.24819743568087826,2.069038981738103,-0.23374974825850692,2.5509861656774886,UC(local linear trend + damped cycle),1990,2025,36,20260919T085500Z
GBR,United Kingdom,ESA_REV,R06_X,Imputed and supplementary social contributions (D.612 + D.614 - D.61SC),auto.arima,2026,0.023690599485600917,0.06357068334265685,-0.05777853689354766,0.10515973586474948,-0.10090565132140618,0.14828685029260802,"ARIMA(0, 1, 0)+drift",1990,2025,36,20260919T085500Z
GBR,United Kingdom,ESA_REV,R06_X,Imputed and supplementary social contributions (D.612 + D.614 - D.61SC),auto.arima,2027,0.006509198971201835,0.08990252255251073,-0.1087055586110134,0.12172395655341707,-0.1696965087409073,0.18271490668331097,"ARIMA(0, 1, 0)+drift",1990,2025,36,20260919T085500Z
GBR,United Kingdom,ESA_REV,R06_X,Imputed and supplementary social contributions (D.612 + D.614 - D.61SC),auto.arima,2028,-0.010672201543197247,0.1101076534213542,-0.15178088500064058,0.13043648191424606,-0.22647923837352832,0.2051348352871338,"ARIMA(0, 1, 0)+drift",1990,2025,36,20260919T085500Z
GBR,United Kingdom,ESA_REV,R06_X,Imputed and supplementary social contributions (D.612 + D.614 - D.61SC),auto.arima,2029,-0.02785360205759633,0.1271413666853137,-0.19079187481589346,0.13508467070070082,-0.27704610367161053,0.22133889955641786,"ARIMA(0, 1, 0)+drift",1990,2025,36,20260919T085500Z
GBR,United Kingdom,ESA_REV,R06_X,Imputed and supplementary social contributions (D.612 + D.614 - D.61SC),auto.arima,2030,-0.045035002571995414,0.1421483693302943,-0.22720552958397272,0.1371355244399819,-0.3236406891180763,0.2335706839740855,"ARIMA(0, 1, 0)+drift",1990,2025,36,20260919T085500Z
GBR,United Kingdom,ESA_REV,R06_X,Imputed and supplementary social contributions (D.612 + D.614 - D.61SC),auto.arima,2031,-0.06221640308639449,0.1557157367895554,-0.2617742170005228,0.13734141082773382,-0.36741364142739863,0.24298083525460967,"ARIMA(0, 1, 0)+drift",1990,2025,36,20260919T085500Z
GBR,United Kingdom,ESA_REV,R06_X,Imputed and supplementary social contributions (D.612 + D.614 - D.61SC),combination,2026,-0.0039251496725118094,0.09905792937793965,-0.13087303718266913,0.1230227378376455,-0.19807512516781595,0.19022482582279232,mean of 4 + between-model variance,1990,2025,36,20260919T085500Z
GBR,United Kingdom,ESA_REV,R06_X,Imputed and supplementary social contributions (D.612 + D.614 - D.61SC),combination,2027,-0.015349651381113862,0.11230599913211657,-0.15927562918087612,0.1285763264186484,-0.2354653666640936,0.20476606390186589,mean of 4 + between-model variance,1990,2025,36,20260919T085500Z
GBR,United Kingdom,ESA_REV,R06_X,Imputed and supplementary social contributions (D.612 + D.614 - D.61SC),combination,2028,-0.026993467226677625,0.1250184982396714,-0.18721117368272497,0.13322423922936974,-0.2720252231104969,0.2180382886571417,mean of 4 + between-model variance,1990,2025,36,20260919T085500Z
GBR,United Kingdom,ESA_REV,R06_X,Imputed and supplementary social contributions (D.612 + D.614 - D.61SC),combination,2029,-0.03853722645812558,0.137595090846411,-0.21487249032252528,0.13779803740627414,-0.3082186510938207,0.23114419817756954,mean of 4 + between-model variance,1990,2025,36,20260919T085500Z
GBR,United Kingdom,ESA_REV,R06_X,Imputed and supplementary social contributions (D.612 + D.614 - D.61SC),combination,2030,-0.04996243301635004,0.15051253953738272,-0.24285207908556194,0.14292721305286188,-0.3449615920581969,0.24503672602549678,mean of 4 + between-model variance,1990,2025,36,20260919T085500Z
GBR,United Kingdom,ESA_REV,R06_X,Imputed and supplementary social contributions (D.612 + D.614 - D.61SC),combination,2031,-0.06149997352710897,0.16278063309103208,-0.27011181942618734,0.14711187237196938,-0.3805441542827406,0.25754420722852267,mean of 4 + between-model variance,1990,2025,36,20260919T085500Z
GBR,United Kingdom,ESA_REV,R06_X,Imputed and supplementary social contributions (D.612 + D.614 - D.61SC),ets,2026,0.04087178438927063,0.006652133468339718,0.03234672943865293,0.04939683933988833,0.027833842268129644,0.05390972651041162,"ETS(M,N,N)",1990,2025,36,20260919T085500Z
GBR,United Kingdom,ESA_REV,R06_X,Imputed and supplementary social contributions (D.612 + D.614 - D.61SC),ets,2027,0.04087178438927063,0.009568037196845751,0.028609847183578563,0.0531337215949627,0.022118775932792045,0.05962479284574922,"ETS(M,N,N)",1990,2025,36,20260919T085500Z
GBR,United Kingdom,ESA_REV,R06_X,Imputed and supplementary social contributions (D.612 + D.614 - D.61SC),ets,2028,0.04087178438927063,0.011901377053990629,0.025619550822974832,0.05612401795556643,0.01754551381302294,0.06419805496551832,"ETS(M,N,N)",1990,2025,36,20260919T085500Z
GBR,United Kingdom,ESA_REV,R06_X,Imputed and supplementary social contributions (D.612 + D.614 - D.61SC),ets,2029,0.04087178438927063,0.01401184107154978,0.022914881440343867,0.05882868733819739,0.013409080315311635,0.06833448846322962,"ETS(M,N,N)",1990,2025,36,20260919T085500Z
GBR,United Kingdom,ESA_REV,R06_X,Imputed and supplementary social contributions (D.612 + D.614 - D.61SC),ets,2030,0.04087178438927063,0.015129380318393898,0.021482696783472293,0.060260871995068965,0.011218743622910053,0.07052482515563122,"ETS(M,N,N)",1990,2025,36,20260919T085500Z
GBR,United Kingdom,ESA_REV,R06_X,Imputed and supplementary social contributions (D.612 + D.614 - D.61SC),ets,2031,0.04087178438927063,0.016468688487798557,0.019766303720355413,0.06197726505818585,0.00859374782597102,0.07314982095257025,"ETS(M,N,N)",1990,2025,36,20260919T085500Z
GBR,United Kingdom,ESA_REV,R06_X,Imputed and supplementary social contributions (D.612 + D.614 - D.61SC),prophet,2026,-0.10941948154117942,0.10638960908921707,-0.24576329784868375,0.026924334766324914,-0.31793928533011767,0.09910032224775883,Prophet(linear trend),1990,2025,36,20260919T085500Z
GBR,United Kingdom,ESA_REV,R06_X,Imputed and supplementary social contributions (D.612 + D.614 - D.61SC),prophet,2027,-0.1286993641363929,0.10732138816562146,-0.2662373037828214,0.008838575510035612,-0.339045421371037,0.0816466930982512,Prophet(linear trend),1990,2025,36,20260919T085500Z
GBR,United Kingdom,ESA_REV,R06_X,Imputed and supplementary social contributions (D.612 + D.614 - D.61SC),prophet,2028,-0.1480320683277577,0.10711722465934441,-0.28530836182438984,-0.010755774831125553,-0.35797797243998497,0.0619138357844696,Prophet(linear trend),1990,2025,36,20260919T085500Z
GBR,United Kingdom,ESA_REV,R06_X,Imputed and supplementary social contributions (D.612 + D.614 - D.61SC),prophet,2029,-0.1673119509229712,0.10649766676173891,-0.3037942487568112,-0.03082965308913116,-0.37604354385997607,0.04141964201403367,Prophet(linear trend),1990,2025,36,20260919T085500Z
GBR,United Kingdom,ESA_REV,R06_X,Imputed and supplementary social contributions (D.612 + D.614 - D.61SC),prophet,2030,-0.1865918335181845,0.10770796146832036,-0.3246251869538334,-0.048558480082535604,-0.3976955605094795,0.02451189347311053,Prophet(linear trend),1990,2025,36,20260919T085500Z
GBR,United Kingdom,ESA_REV,R06_X,Imputed and supplementary social contributions (D.612 + D.614 - D.61SC),prophet,2031,-0.20587171611339797,0.1052886327100632,-0.3408045739402449,-0.07093885828655105,-0.4122336458343443,0.0004902136075483343,Prophet(linear trend),1990,2025,36,20260919T085500Z
GBR,United Kingdom,ESA_REV,R06_X,Imputed and supplementary social contributions (D.612 + D.614 - D.61SC),uc,2026,0.02915649897626063,0.06209027829894911,-0.0504154213583142,0.10872841931083546,-0.09253821123966086,0.15085120919218212,UC(local linear trend + damped cycle),1990,2025,36,20260919T085500Z
GBR,United Kingdom,ESA_REV,R06_X,Imputed and supplementary social contributions (D.612 + D.614 - D.61SC),uc,2027,0.01991977525146499,0.08436622441482673,-0.08819992837980505,0.12803947888273504,-0.14543498741751648,0.18527453792044646,UC(local linear trend + damped cycle),1990,2025,36,20260919T085500Z
GBR,United Kingdom,ESA_REV,R06_X,Imputed and supplementary social contributions (D.612 + D.614 - D.61SC),uc,2028,0.009858616574973824,0.10458681323205167,-0.12417482309618848,0.14389205624613613,-0.1951277722345711,0.21484500538451876,UC(local linear trend + damped cycle),1990,2025,36,20260919T085500Z
GBR,United Kingdom,ESA_REV,R06_X,Imputed and supplementary social contributions (D.612 + D.614 - D.61SC),uc,2029,0.0001448627587945901,0.1239397900860549,-0.15869042310556924,0.1589801486231584,-0.24277266397742991,0.24306238949501907,UC(local linear trend + damped cycle),1990,2025,36,20260919T085500Z
GBR,United Kingdom,ESA_REV,R06_X,Imputed and supplementary social contributions (D.612 + D.614 - D.61SC),uc,2030,-0.009094680364490874,0.14293180775642952,-0.19226922445835865,0.1740798637293769,-0.2892358780220135,0.2710465172930318,UC(local linear trend + damped cycle),1990,2025,36,20260919T085500Z
GBR,United Kingdom,ESA_REV,R06_X,Imputed and supplementary social contributions (D.612 + D.614 - D.61SC),uc,2031,-0.01878355929791404,0.16182703900384465,-0.22617332478736915,0.1886062061915411,-0.3359587299720454,0.29839161137621734,UC(local linear trend + damped cycle),1990,2025,36,20260919T085500Z
GBR,United Kingdom,ESA_REV,R07,Interest receivable,auto.arima,2026,0.4964184230736781,0.07146540834971732,0.4048317860722812,0.588005060075075,0.35634879546293274,0.6364880506844235,"ARIMA(1, 0, 1)+drift",1990,2025,36,20260919T085500Z
GBR,United Kingdom,ESA_REV,R07,Interest receivable,auto.arima,2027,0.4793049765094416,0.12539093158855816,0.3186099773502617,0.6399999756686214,0.23354326466940478,0.7250666883494784,"ARIMA(1, 0, 1)+drift",1990,2025,36,20260919T085500Z
GBR,United Kingdom,ESA_REV,R07,Interest receivable,auto.arima,2028,0.4667464283860213,0.14642272930450143,0.2790980868003789,0.6543947699716637,0.17976315016745348,0.7537297066045892,"ARIMA(1, 0, 1)+drift",1990,2025,36,20260919T085500Z
GBR,United Kingdom,ESA_REV,R07,Interest receivable,auto.arima,2029,0.457530451325161,0.15658289720526328,0.2568613262459615,0.6581995764043606,0.15063360978714435,0.7644272928631777,"ARIMA(1, 0, 1)+drift",1990,2025,36,20260919T085500Z
GBR,United Kingdom,ESA_REV,R07,Interest receivable,auto.arima,2030,0.45076738983496284,0.16179027415452008,0.24342474041168932,0.6581100392582364,0.13366427694197303,0.7678705027279527,"ARIMA(1, 0, 1)+drift",1990,2025,36,20260919T085500Z
GBR,United Kingdom,ESA_REV,R07,Interest receivable,auto.arima,2031,0.4458043782716581,0.16452630033341328,0.2349553690267716,0.6566533875165446,0.12333875256498006,0.7682700039783361,"ARIMA(1, 0, 1)+drift",1990,2025,36,20260919T085500Z
GBR,United Kingdom,ESA_REV,R07,Interest receivable,combination,2026,0.47048256140454103,0.15055829981441235,0.2775342711607812,0.6634308516483008,0.17539371386708613,0.7655714089419959,mean of 4 + between-model variance,1990,2025,36,20260919T085500Z
GBR,United Kingdom,ESA_REV,R07,Interest receivable,combination,2027,0.4661042773265064,0.17641184104663302,0.24002332960951175,0.692185225043501,0.12034341970138335,0.8118651349516295,mean of 4 + between-model variance,1990,2025,36,20260919T085500Z
GBR,United Kingdom,ESA_REV,R07,Interest receivable,combination,2028,0.46286185879071884,0.1977684217037026,0.20941134241949538,0.7163123751619422,0.07524287191464307,0.8504808456667946,mean of 4 + between-model variance,1990,2025,36,20260919T085500Z
GBR,United Kingdom,ESA_REV,R07,Interest receivable,combination,2029,0.46045794208697266,0.21251813881353018,0.18810489625421545,0.7328109879197299,0.043930040665450754,0.8769858435084945,mean of 4 + between-model variance,1990,2025,36,20260919T085500Z
GBR,United Kingdom,ESA_REV,R07,Interest receivable,combination,2030,0.45866725427589194,0.22960474477059786,0.1644168344056427,0.7529176741461412,0.00865022029633189,0.908684288255452,mean of 4 + between-model variance,1990,2025,36,20260919T085500Z
GBR,United Kingdom,ESA_REV,R07,Interest receivable,combination,2031,0.4573265789465347,0.25182540508800405,0.13459922740519292,0.7800539304878765,-0.03624214931137004,0.9508953072044395,mean of 4 + between-model variance,1990,2025,36,20260919T085500Z
GBR,United Kingdom,ESA_REV,R07,Interest receivable,ets,2026,0.5365536685182096,0.11624161657654318,0.3875839923113076,0.6855233447251117,0.30872428472638175,0.7643830523100374,"ETS(M,N,N)",1990,2025,36,20260919T085500Z
GBR,United Kingdom,ESA_REV,R07,Interest receivable,ets,2027,0.5365536685182096,0.16502486712090156,0.325065720009684,0.7480416170267352,0.21311086985645894,0.8599964671799603,"ETS(M,N,N)",1990,2025,36,20260919T085500Z
GBR,United Kingdom,ESA_REV,R07,Interest receivable,ets,2028,0.5365536685182096,0.20736229085529037,0.27080810994803056,0.8022992270883886,0.13013104348431126,0.942976293552108,"ETS(M,N,N)",1990,2025,36,20260919T085500Z
GBR,United Kingdom,ESA_REV,R07,Interest receivable,ets,2029,0.5365536685182096,0.2294490274345771,0.24250280851137246,0.8306045285250467,0.08684183491142616,0.9862655021249931,"ETS(M,N,N)",1990,2025,36,20260919T085500Z
GBR,United Kingdom,ESA_REV,R07,Interest receivable,ets,2030,0.5365536685182096,0.2615079934022534,0.20141757655756498,0.8716897604788543,0.024007415737555493,1.0490999212988639,"ETS(M,N,N)",1990,2025,36,20260919T085500Z
GBR,United Kingdom,ESA_REV,R07,Interest receivable,ets,2031,0.5365536685182096,0.30968629501380635,0.13967457777067604,0.9334327592657432,-0.07042032100223028,1.1435276580386495,"ETS(M,N,N)",1990,2025,36,20260919T085500Z
GBR,United Kingdom,ESA_REV,R07,Interest receivable,prophet,2026,0.3086406036669254,0.13010292131974724,0.1419069446437607,0.47537426269009014,0.053643561585388355,0.5636376457484624,Prophet(linear trend),1990,2025,36,20260919T085500Z
GBR,United Kingdom,ESA_REV,R07,Interest receivable,prophet,2027,0.3044663667310155,0.13108786298513592,0.13647045374668862,0.4724622797153424,0.04753887444321658,0.5613938590188144,Prophet(linear trend),1990,2025,36,20260919T085500Z
GBR,United Kingdom,ESA_REV,R07,Interest receivable,prophet,2028,0.30028069352952774,0.13096338035642163,0.13244431150699487,0.4681170755520606,0.043597182712634186,0.5569642043464214,Prophet(linear trend),1990,2025,36,20260919T085500Z
GBR,United Kingdom,ESA_REV,R07,Interest receivable,prophet,2029,0.29610645659361784,0.13094453156366212,0.12829423027914352,0.46391868290809213,0.03945988873197637,0.5527530244552593,Prophet(linear trend),1990,2025,36,20260919T085500Z
GBR,United Kingdom,ESA_REV,R07,Interest receivable,prophet,2030,0.291932219657708,0.13286932485173963,0.12165327065531137,0.4622111686601046,0.03151312624399294,0.552351313071423,Prophet(linear trend),1990,2025,36,20260919T085500Z
GBR,United Kingdom,ESA_REV,R07,Interest receivable,prophet,2031,0.2877579827217981,0.13767811239173675,0.11131632242994308,0.46419964301365313,0.017913838846040142,0.557602126597556,Prophet(linear trend),1990,2025,36,20260919T085500Z
GBR,United Kingdom,ESA_REV,R07,Interest receivable,uc,2026,0.5403175503593508,0.08355404425457165,0.433238697836816,0.6473964028818856,0.37655463156598357,0.704080469152718,UC(local linear trend + damped cycle),1990,2025,36,20260919T085500Z
GBR,United Kingdom,ESA_REV,R07,Interest receivable,uc,2027,0.5440920975473589,0.12062080155327586,0.3895102680751551,0.6986739270195627,0.3076796688517941,0.7805045262429237,UC(local linear trend + damped cycle),1990,2025,36,20260919T085500Z
GBR,United Kingdom,ESA_REV,R07,Interest receivable,uc,2028,0.5478666447291167,0.1507333959787369,0.3546939596457745,0.7410393298124589,0.25243461501304765,0.8432986744451858,UC(local linear trend + damped cycle),1990,2025,36,20260919T085500Z
GBR,United Kingdom,ESA_REV,R07,Interest receivable,uc,2029,0.551641191910902,0.17751358514395932,0.32414830184249066,0.7791340819793133,0.2037209555178069,0.8995614283039971,UC(local linear trend + damped cycle),1990,2025,36,20260919T085500Z
GBR,United Kingdom,ESA_REV,R07,Interest receivable,uc,2030,0.5554157390926875,0.2023293958382775,0.2961200971973513,0.8147113809880238,0.15885740710791374,0.9519740710774612,UC(local linear trend + damped cycle),1990,2025,36,20260919T085500Z
GBR,United Kingdom,ESA_REV,R07,Interest receivable,uc,2031,0.559190286274473,0.22586533400001638,0.26973211575608397,0.848648456792862,0.11650236278646486,1.0018782097624812,UC(local linear trend + damped cycle),1990,2025,36,20260919T085500Z
GBR,United Kingdom,ESA_REV,R08,Other property income,auto.arima,2026,0.3020447652484376,0.17593779964573564,0.07657132623684579,0.5275182042600294,-0.04278698829641703,0.6468765187932922,"ARIMA(1, 0, 0)+drift",1990,2025,36,20260919T085500Z
GBR,United Kingdom,ESA_REV,R08,Other property income,auto.arima,2027,0.3755474735217985,0.20303485367200205,0.11534775072873693,0.6357471963148601,-0.022393530420593333,0.7734884774641904,"ARIMA(1, 0, 0)+drift",1990,2025,36,20260919T085500Z
GBR,United Kingdom,ESA_REV,R08,Other property income,auto.arima,2028,0.4178834089359833,0.2112579280830522,0.1471453886852916,0.688621429186675,0.003825475178611981,0.8319413426933546,"ARIMA(1, 0, 0)+drift",1990,2025,36,20260919T085500Z
GBR,United Kingdom,ESA_REV,R08,Other property income,auto.arima,2029,0.4422679720289273,0.21391612086973427,0.1681233394960776,0.716412604561777,0.02300007610459942,0.8615358679532552,"ARIMA(1, 0, 0)+drift",1990,2025,36,20260919T085500Z
GBR,United Kingdom,ESA_REV,R08,Other property income,auto.arima,2030,0.45631294142470313,0.2147907107685226,0.18104747645788144,0.7315784063915248,0.035330880783986496,0.8772950020654198,"ARIMA(1, 0, 0)+drift",1990,2025,36,20260919T085500Z
GBR,United Kingdom,ESA_REV,R08,Other property income,auto.arima,2031,0.46440253337582404,0.2150800708190176,0.1887662384575704,0.7400388282940777,0.04285333745309905,0.885951729298549,"ARIMA(1, 0, 0)+drift",1990,2025,36,20260919T085500Z
GBR,United Kingdom,ESA_REV,R08,Other property income,combination,2026,0.2666827497446055,0.2127932857535215,-0.006022911199391523,0.5393884106886024,-0.1503844297740095,0.6837499292632205,mean of 4 + between-model variance,1990,2025,36,20260919T085500Z
GBR,United Kingdom,ESA_REV,R08,Other property income,combination,2027,0.2806307499078521,0.2452623306135343,-0.03368568041458403,0.5949471802302881,-0.2000745886507731,0.7613360884664773,mean of 4 + between-model variance,1990,2025,36,20260919T085500Z
GBR,United Kingdom,ESA_REV,R08,Other property income,combination,2028,0.2867833725459149,0.267307879539308,-0.05578557509344434,0.6293523201852742,-0.23713044826746543,0.8106971933592952,mean of 4 + between-model variance,1990,2025,36,20260919T085500Z
GBR,United Kingdom,ESA_REV,R08,Other property income,combination,2029,0.28845183645563904,0.2866373916391025,-0.07888888607423605,0.6557925589855141,-0.27334713221090284,0.8502508051221809,mean of 4 + between-model variance,1990,2025,36,20260919T085500Z
GBR,United Kingdom,ESA_REV,R08,Other property income,combination,2030,0.28753540181773274,0.3086360245918657,-0.1079977127700219,0.6830685164054874,-0.31738009548543866,0.8924508991209041,mean of 4 + between-model variance,1990,2025,36,20260919T085500Z
GBR,United Kingdom,ESA_REV,R08,Other property income,combination,2031,0.2851301228357709,0.32523859561166807,-0.13168004984755355,0.7019402955190953,-0.35232581597365653,0.9225860616451983,mean of 4 + between-model variance,1990,2025,36,20260919T085500Z
GBR,United Kingdom,ESA_REV,R08,Other property income,ets,2026,0.20132267465905718,0.18463835125195935,-0.03530097366459384,0.4379463229827082,-0.1605618468141381,0.5632071961322525,"ETS(A,N,N)",1990,2025,36,20260919T085500Z
GBR,United Kingdom,ESA_REV,R08,Other property income,ets,2027,0.20132267465905718,0.21732342446668584,-0.07718859461307298,0.47983394393118733,-0.22462341365236627,0.6272687629704806,"ETS(A,N,N)",1990,2025,36,20260919T085500Z
GBR,United Kingdom,ESA_REV,R08,Other property income,ets,2028,0.20132267465905718,0.2456982313546695,-0.11355238512998223,0.5161977344480966,-0.2802370136597663,0.6828823629778806,"ETS(A,N,N)",1990,2025,36,20260919T085500Z
GBR,United Kingdom,ESA_REV,R08,Other property income,ets,2029,0.20132267465905718,0.2711194772783727,-0.14613103368599595,0.5487763830041104,-0.3300617405053713,0.7327070898234856,"ETS(A,N,N)",1990,2025,36,20260919T085500Z
GBR,United Kingdom,ESA_REV,R08,Other property income,ets,2030,0.20132267465905718,0.29435339479711026,-0.17590650714996908,0.5785518564680834,-0.3755993824210663,0.7782447317391806,"ETS(A,N,N)",1990,2025,36,20260919T085500Z
GBR,United Kingdom,ESA_REV,R08,Other property income,ets,2031,0.20132267465905718,0.31588300222941534,-0.20349781861405453,0.6061431679321689,-0.41779663792251664,0.820441987240631,"ETS(A,N,N)",1990,2025,36,20260919T085500Z
GBR,United Kingdom,ESA_REV,R08,Other property income,prophet,2026,0.3838514593586942,0.20306660507643373,0.12361104548978036,0.644091873227608,-0.014151776193333188,0.7818546949107216,Prophet(linear trend),1990,2025,36,20260919T085500Z
GBR,United Kingdom,ESA_REV,R08,Other property income,prophet,2027,0.37847264589350216,0.21290724247918935,0.1056209434798121,0.6513243483071922,-0.03881788470497971,0.795763176491984,Prophet(linear trend),1990,2025,36,20260919T085500Z
GBR,United Kingdom,ESA_REV,R08,Other property income,prophet,2028,0.37307909595306304,0.20029131017193233,0.11639536681960283,0.6297628250865233,-0.01948466149675815,0.7656428534028843,Prophet(linear trend),1990,2025,36,20260919T085500Z
GBR,United Kingdom,ESA_REV,R08,Other property income,prophet,2029,0.36770028248787107,0.19157482394994987,0.1221871837051649,0.6132133812705772,-0.0077794757603684705,0.7431800407361107,Prophet(linear trend),1990,2025,36,20260919T085500Z
GBR,United Kingdom,ESA_REV,R08,Other property income,prophet,2030,0.362321469022679,0.2130251990378655,0.08931859914530438,0.6353243389000536,-0.05520025218437202,0.77984319022973,Prophet(linear trend),1990,2025,36,20260919T085500Z
GBR,United Kingdom,ESA_REV,R08,Other property income,prophet,2031,0.35694265555748694,0.21206930848511732,0.08516480912976787,0.628720501985206,-0.05870555457823756,0.7725908656932114,Prophet(linear trend),1990,2025,36,20260919T085500Z
GBR,United Kingdom,ESA_REV,R08,Other property income,uc,2026,0.1795120997122331,0.19759284718528608,-0.07371340878376464,0.4327376082082308,-0.20776276742842897,0.5667869668528951,UC(local linear trend + damped cycle),1990,2025,36,20260919T085500Z
GBR,United Kingdom,ESA_REV,R08,Other property income,uc,2027,0.16718020555705057,0.2377147512275721,-0.1374636093081469,0.471824020422248,-0.29873214911794654,0.6330925602320477,UC(local linear trend + damped cycle),1990,2025,36,20260919T085500Z
GBR,United Kingdom,ESA_REV,R08,Other property income,uc,2028,0.15484831063555615,0.2736916465114343,-0.1959017663344655,0.5055983876055778,-0.3815774636275807,0.691274084898693,UC(local linear trend + damped cycle),1990,2025,36,20260919T085500Z
GBR,United Kingdom,ESA_REV,R08,Other property income,uc,2029,0.14251641664670064,0.3069843260521391,-0.25089996037407036,0.5359327936674716,-0.45916181097975406,0.7441946442731554,UC(local linear trend + damped cycle),1990,2025,36,20260919T085500Z
GBR,United Kingdom,ESA_REV,R08,Other property income,uc,2030,0.13018452216449167,0.3383859930857016,-0.3034747240464754,0.5638437683754587,-0.5330398423877325,0.7934088867167157,UC(local linear trend + damped cycle),1990,2025,36,20260919T085500Z
GBR,United Kingdom,ESA_REV,R08,Other property income,uc,2031,0.11785262775071542,0.3683805492259774,-0.35424620187093436,0.5899514573723652,-0.6041599870324281,0.8398652425338591,UC(local linear trend + damped cycle),1990,2025,36,20260919T085500Z
GBR,United Kingdom,ESA_REV,R09,Sales of goods and services,auto.arima,2026,2.6899246424189487,0.12657948638883165,2.527706448478369,2.8521428363595285,2.4418334059583486,2.9380158788795487,"ARIMA(0, 1, 0)+drift",1990,2025,36,20260919T085500Z
GBR,United Kingdom,ESA_REV,R09,Sales of goods and services,auto.arima,2027,2.7311822848378973,0.1790104263693061,2.5017711149034603,2.9605934547723343,2.3803282935294066,3.082036276146388,"ARIMA(0, 1, 0)+drift",1990,2025,36,20260919T085500Z
GBR,United Kingdom,ESA_REV,R09,Sales of goods and services,auto.arima,2028,2.772439927256846,0.2192421016214294,2.4914697734396998,3.053410081073992,2.3427333007945026,3.202146553719189,"ARIMA(0, 1, 0)+drift",1990,2025,36,20260919T085500Z
GBR,United Kingdom,ESA_REV,R09,Sales of goods and services,auto.arima,2029,2.8136975696757944,0.2531589727776631,2.489261181794635,3.138133957556954,2.3175150967545948,3.309880042596994,"ARIMA(0, 1, 0)+drift",1990,2025,36,20260919T085500Z
GBR,United Kingdom,ESA_REV,R09,Sales of goods and services,auto.arima,2030,2.854955212094743,0.2830403361224369,2.4922243032563616,3.2176861209331244,2.300206342746867,3.409704081442619,"ARIMA(0, 1, 0)+drift",1990,2025,36,20260919T085500Z
GBR,United Kingdom,ESA_REV,R09,Sales of goods and services,auto.arima,2031,2.8962128545136916,0.31005515355620594,2.498861052363429,3.2935646566639543,2.288515915529056,3.503909793498327,"ARIMA(0, 1, 0)+drift",1990,2025,36,20260919T085500Z
GBR,United Kingdom,ESA_REV,R09,Sales of goods and services,combination,2026,2.6812534531774124,0.15610749220777168,2.481193584323558,2.8813133220312666,2.375288388319899,2.9872185180349256,mean of 4 + between-model variance,1990,2025,36,20260919T085500Z
GBR,United Kingdom,ESA_REV,R09,Sales of goods and services,combination,2027,2.714237740940459,0.20502112985940552,2.4514925019268783,2.9769829799540397,2.312403707176699,3.116071774704219,mean of 4 + between-model variance,1990,2025,36,20260919T085500Z
GBR,United Kingdom,ESA_REV,R09,Sales of goods and services,combination,2028,2.7472369611325984,0.2561326819186453,2.418989610354395,3.075484311910802,2.2452261253486028,3.249247796916594,mean of 4 + between-model variance,1990,2025,36,20260919T085500Z
GBR,United Kingdom,ESA_REV,R09,Sales of goods and services,combination,2029,2.780221248897548,0.3059700378586728,2.38810473493969,3.1723377628554057,2.180530989615912,3.379911508179184,mean of 4 + between-model variance,1990,2025,36,20260919T085500Z
GBR,United Kingdom,ESA_REV,R09,Sales of goods and services,combination,2030,2.813205536663042,0.361823389163219,2.3495100486341403,3.2769010246919437,2.1040447195451426,3.5223663537809413,mean of 4 + between-model variance,1990,2025,36,20260919T085500Z
GBR,United Kingdom,ESA_REV,R09,Sales of goods and services,combination,2031,2.8461898244292927,0.41860760054694635,2.3097224167331527,3.3826572321254327,2.0257339972308976,3.6666456516276877,mean of 4 + between-model variance,1990,2025,36,20260919T085500Z
GBR,United Kingdom,ESA_REV,R09,Sales of goods and services,ets,2026,2.6486504087599676,0.1312745208950992,2.4804152839578113,2.816885533562124,2.3913570736883254,2.90594374383161,"ETS(A,N,N)",1990,2025,36,20260919T085500Z
GBR,United Kingdom,ESA_REV,R09,Sales of goods and services,ets,2027,2.6486504087599676,0.18564092556556158,2.410741909319571,2.886558908200364,2.2848008777247872,3.012499939795148,"ETS(A,N,N)",1990,2025,36,20260919T085500Z
GBR,United Kingdom,ESA_REV,R09,Sales of goods and services,ets,2028,2.6486504087599676,0.22735898190623324,2.357278050780071,2.9400227667398644,2.203034989147099,3.094265828372836,"ETS(A,N,N)",1990,2025,36,20260919T085500Z
GBR,United Kingdom,ESA_REV,R09,Sales of goods and services,ets,2029,2.6486504087599676,0.2625293508582222,2.3122053941089113,2.985095423411024,2.134102332134483,3.1631984853854522,"ETS(A,N,N)",1990,2025,36,20260919T085500Z
GBR,United Kingdom,ESA_REV,R09,Sales of goods and services,ets,2030,2.6486504087599676,0.2935152695698131,2.2724953280122344,3.024805489507701,2.0733710469528384,3.223929770567097,"ETS(A,N,N)",1990,2025,36,20260919T085500Z
GBR,United Kingdom,ESA_REV,R09,Sales of goods and services,ets,2031,2.6486504087599676,0.32152879634527387,2.236594536746089,3.060706280773846,2.018465542959899,3.278835274560036,"ETS(A,N,N)",1990,2025,36,20260919T085500Z
GBR,United Kingdom,ESA_REV,R09,Sales of goods and services,prophet,2026,2.6688935921915977,0.21405808390430156,2.3945670266478722,2.943220157735323,2.249347453830187,3.0884397305530085,Prophet(linear trend),1990,2025,36,20260919T085500Z
GBR,United Kingdom,ESA_REV,R09,Sales of goods and services,prophet,2027,2.6906949298535965,0.21527931453223395,2.414803293756183,2.96658656595101,2.268755223425741,3.112634636281452,Prophet(linear trend),1990,2025,36,20260919T085500Z
GBR,United Kingdom,ESA_REV,R09,Sales of goods and services,prophet,2028,2.7125559972078195,0.2206638535946825,2.4297637943058468,2.995348200109792,2.280062788060971,3.145049206354668,Prophet(linear trend),1990,2025,36,20260919T085500Z
GBR,United Kingdom,ESA_REV,R09,Sales of goods and services,prophet,2029,2.7343573348698182,0.20898850123752366,2.4665277031318675,3.002186966607769,2.3247473960303164,3.14396727370932,Prophet(linear trend),1990,2025,36,20260919T085500Z
GBR,United Kingdom,ESA_REV,R09,Sales of goods and services,prophet,2030,2.756158672531817,0.21757499150051796,2.477325007024345,3.034992338039289,2.329719521890496,3.182597823173138,Prophet(linear trend),1990,2025,36,20260919T085500Z
GBR,United Kingdom,ESA_REV,R09,Sales of goods and services,prophet,2031,2.7779600101938153,0.21745251341948052,2.499283306716053,3.0566367136715775,2.3517609121821166,3.204159108205514,Prophet(linear trend),1990,2025,36,20260919T085500Z
GBR,United Kingdom,ESA_REV,R09,Sales of goods and services,uc,2026,2.7175451693391364,0.12216640233653346,2.5609825720919472,2.8741077665863255,2.478103418750015,2.9569869199282577,UC(local linear trend + damped cycle),1990,2025,36,20260919T085500Z
GBR,United Kingdom,ESA_REV,R09,Sales of goods and services,uc,2027,2.7864233403103738,0.20365918819226417,2.525423500364201,3.0474231802565463,2.387258663184311,3.1855880174364364,UC(local linear trend + damped cycle),1990,2025,36,20260919T085500Z
GBR,United Kingdom,ESA_REV,R09,Sales of goods and services,uc,2028,2.8553015113057603,0.28806904640472575,2.4861260487476913,3.2244769738638293,2.2906965508381685,3.419906471773352,UC(local linear trend + damped cycle),1990,2025,36,20260919T085500Z
GBR,United Kingdom,ESA_REV,R09,Sales of goods and services,uc,2029,2.924179682284611,0.37785080585528313,2.4399442263391613,3.408415138230061,2.183605705437267,3.6647536591319554,UC(local linear trend + damped cycle),1990,2025,36,20260919T085500Z
GBR,United Kingdom,ESA_REV,R09,Sales of goods and services,uc,2030,2.9930578532656407,0.473461617060634,2.386292170998351,3.59982353553293,2.065090128445012,3.9210255780862693,UC(local linear trend + damped cycle),1990,2025,36,20260919T085500Z
GBR,United Kingdom,ESA_REV,R09,Sales of goods and services,uc,2031,3.061936024249696,0.5748863013371369,2.3251893349984853,3.7986827135009062,1.9351795695357557,4.188692478963636,UC(local linear trend + damped cycle),1990,2025,36,20260919T085500Z
GBR,United Kingdom,ESA_REV,R10,Other current and capital transfers receivable,auto.arima,2026,0.4787238814522658,0.15135344299005155,0.28475657388147924,0.6726911890230524,0.1820765819157124,0.7753711809888192,"ARIMA(3, 1, 1)+drift",1990,2025,36,20260919T085500Z
GBR,United Kingdom,ESA_REV,R10,Other current and capital transfers receivable,auto.arima,2027,0.4700316193130064,0.15130081315882069,0.27613175960769343,0.6639314790183194,0.1734874723509916,0.7665757662750212,"ARIMA(3, 1, 1)+drift",1990,2025,36,20260919T085500Z
GBR,United Kingdom,ESA_REV,R10,Other current and capital transfers receivable,auto.arima,2028,0.49811742964048267,0.15128297380337863,0.30424043199681516,0.6919944272841502,0.20160824717291748,0.7946266121080479,"ARIMA(3, 1, 1)+drift",1990,2025,36,20260919T085500Z
GBR,United Kingdom,ESA_REV,R10,Other current and capital transfers receivable,auto.arima,2029,0.479778835662798,0.1522641567092267,0.2846444011037751,0.6749132702218209,0.1813465700223552,0.7782111013032408,"ARIMA(3, 1, 1)+drift",1990,2025,36,20260919T085500Z
GBR,United Kingdom,ESA_REV,R10,Other current and capital transfers receivable,auto.arima,2030,0.49289353131390234,0.1523138586515896,0.2976954011312404,0.6880916614965643,0.19436385165569814,0.7914232109721066,"ARIMA(3, 1, 1)+drift",1990,2025,36,20260919T085500Z
GBR,United Kingdom,ESA_REV,R10,Other current and capital transfers receivable,auto.arima,2031,0.4999774825448626,0.15232784015425202,0.3047614343395006,0.6951935307502246,0.20142039964477415,0.7985345654449509,"ARIMA(3, 1, 1)+drift",1990,2025,36,20260919T085500Z
GBR,United Kingdom,ESA_REV,R10,Other current and capital transfers receivable,combination,2026,0.3900357109803133,0.2502821509893289,0.06928611981563693,0.7107853021449897,-0.10050829480133566,0.8805797167619622,mean of 4 + between-model variance,1990,2025,36,20260919T085500Z
GBR,United Kingdom,ESA_REV,R10,Other current and capital transfers receivable,combination,2027,0.37217181160089063,0.30772525797719136,-0.02219410821029494,0.7665377314120763,-0.23095861592511724,0.9753022391268985,mean of 4 + between-model variance,1990,2025,36,20260919T085500Z
GBR,United Kingdom,ESA_REV,R10,Other current and capital transfers receivable,combination,2028,0.3635087444317844,0.3864908831654937,-0.1317994198707204,0.8588169087342892,-0.3939994729007893,1.121016961764358,mean of 4 + between-model variance,1990,2025,36,20260919T085500Z
GBR,United Kingdom,ESA_REV,R10,Other current and capital transfers receivable,combination,2029,0.34323326209275545,0.4779138987985543,-0.2692382507403294,0.9557047749258403,-0.5934607746520542,1.2799272988375652,mean of 4 + between-model variance,1990,2025,36,20260919T085500Z
GBR,United Kingdom,ESA_REV,R10,Other current and capital transfers receivable,combination,2030,0.33082110216092364,0.5822084421106862,-0.4153092912429105,1.0769514955647579,-0.8102864848721053,1.4719286891939527,mean of 4 + between-model variance,1990,2025,36,20260919T085500Z
GBR,United Kingdom,ESA_REV,R10,Other current and capital transfers receivable,combination,2031,0.31690125612405584,0.6968185431533376,-0.5761079414911903,1.209910453739302,-1.0488380029889324,1.682640515237044,mean of 4 + between-model variance,1990,2025,36,20260919T085500Z
GBR,United Kingdom,ESA_REV,R10,Other current and capital transfers receivable,ets,2026,0.38302566403892,0.23068409229363368,0.08739200419182919,0.6786593238860108,-0.06910685222927943,0.8351581803071195,"ETS(M,A,N)",1990,2025,36,20260919T085500Z
GBR,United Kingdom,ESA_REV,R10,Other current and capital transfers receivable,ets,2027,0.3891044413702533,0.2193045273215346,0.10805428577228599,0.6701545969682206,-0.040724537216970946,0.8189334199574776,"ETS(M,A,N)",1990,2025,36,20260919T085500Z
GBR,United Kingdom,ESA_REV,R10,Other current and capital transfers receivable,ets,2028,0.39518321870158657,0.21482914287626156,0.11986850099022778,0.6704979364129453,-0.02587416748674254,0.8162406048899157,"ETS(M,A,N)",1990,2025,36,20260919T085500Z
GBR,United Kingdom,ESA_REV,R10,Other current and capital transfers receivable,ets,2029,0.40126199603291984,0.222966883162201,0.1155183409826348,0.6870056510832049,-0.0357450681572003,0.83826906022304,"ETS(M,A,N)",1990,2025,36,20260919T085500Z
GBR,United Kingdom,ESA_REV,R10,Other current and capital transfers receivable,ets,2030,0.4073407733642531,0.2228663299812704,0.12172598244409605,0.6929555642844102,-0.02946921021115756,0.8441507569396638,"ETS(M,A,N)",1990,2025,36,20260919T085500Z
GBR,United Kingdom,ESA_REV,R10,Other current and capital transfers receivable,ets,2031,0.4134195506955864,0.24180718935138254,0.1035310635679434,0.7233080378232294,-0.06051383537430677,0.8873529367654795,"ETS(M,A,N)",1990,2025,36,20260919T085500Z
GBR,United Kingdom,ESA_REV,R10,Other current and capital transfers receivable,prophet,2026,0.4474377183721045,0.14290702308965983,0.26429493711750474,0.6305804996267043,0.16734509776920248,0.7275303389750065,Prophet(linear trend),1990,2025,36,20260919T085500Z
GBR,United Kingdom,ESA_REV,R10,Other current and capital transfers receivable,prophet,2027,0.45665629507564887,0.15502325424661503,0.25798593354939087,0.6553266566019069,0.15281629758943627,0.7604962925618615,Prophet(linear trend),1990,2025,36,20260919T085500Z
GBR,United Kingdom,ESA_REV,R10,Other current and capital transfers receivable,prophet,2028,0.46590012815372356,0.14449374350670394,0.28072388217522015,0.651076374132227,0.18269759265535007,0.749102663652097,Prophet(linear trend),1990,2025,36,20260919T085500Z
GBR,United Kingdom,ESA_REV,R10,Other current and capital transfers receivable,prophet,2029,0.4751187048572679,0.15154078905560084,0.2809113035614845,0.6693261061530513,0.17810421377669627,0.7721331959378396,Prophet(linear trend),1990,2025,36,20260919T085500Z
GBR,United Kingdom,ESA_REV,R10,Other current and capital transfers receivable,prophet,2030,0.4843372815608123,0.15234322574590786,0.2891015159196926,0.679573047201932,0.1857500434549597,0.7829245196666649,Prophet(linear trend),1990,2025,36,20260919T085500Z
GBR,United Kingdom,ESA_REV,R10,Other current and capital transfers receivable,prophet,2031,0.49355585826435666,0.1464202225555857,0.3059107292078007,0.6812009873209126,0.20657749318342067,0.7805342233452927,Prophet(linear trend),1990,2025,36,20260919T085500Z
GBR,United Kingdom,ESA_REV,R10,Other current and capital transfers receivable,uc,2026,0.2509555800579628,0.33657368764020723,-0.18038110248472006,0.6822922626006457,-0.40871673106408835,0.910627891180014,UC(local linear trend + damped cycle),1990,2025,36,20260919T085500Z
GBR,United Kingdom,ESA_REV,R10,Other current and capital transfers receivable,uc,2027,0.17289489064465383,0.4562285425217553,-0.41178571048118684,0.7575754917704944,-0.7212966284704558,1.0670864097597634,UC(local linear trend + damped cycle),1990,2025,36,20260919T085500Z
GBR,United Kingdom,ESA_REV,R10,Other current and capital transfers receivable,uc,2028,0.09483420123134484,0.6098037134505341,-0.6866609673486139,0.8763293698113037,-1.1003591241980177,1.2900275266607073,UC(local linear trend + damped cycle),1990,2025,36,20260919T085500Z
GBR,United Kingdom,ESA_REV,R10,Other current and capital transfers receivable,uc,2029,0.016773511818035852,0.7893676004184917,-0.994842115233483,1.0283891388695547,-1.530358567768593,1.5639055914046647,UC(local linear trend + damped cycle),1990,2025,36,20260919T085500Z
GBR,United Kingdom,ESA_REV,R10,Other current and capital transfers receivable,uc,2030,-0.061287177595273135,0.9902209377546994,-1.3303068008166838,1.2077324456261374,-2.002084567640725,1.8795102124501786,UC(local linear trend + damped cycle),1990,2025,36,20260919T085500Z
GBR,United Kingdom,ESA_REV,R10,Other current and capital transfers receivable,uc,2031,-0.13934786700858212,1.2094794597136487,-1.689358687563528,1.4106629535463637,-2.509884066786784,2.23118833276962,UC(local linear trend + damped cycle),1990,2025,36,20260919T085500Z
