run_id,iso3,year,chain,step,value_lcu_mn,item_source_id,basis,period_basis,period_conversion_method,snapshot_sha256,quality_grade,notes
20260909T180316Z,DEU,1991,financing,A_cg_cash_requirement,,BMF_DATENPORTAL,cash,CY,,078c602ba8637118f6304e0c4083520092bb4ae00e46aea2bd64f81f5d3c9b42,A,"Kreditaufnahmebericht annex 4.10 Nettokreditaufnahme (Ist), edition = year"
20260909T180316Z,DEU,1991,financing,B_s1311_b9,,EUROSTAT_GOV10A_MAIN_S1311,accrued,CY,,bd00fe0ae307967c5ecb99bc6497ba609ec495e940582308ce24ae74aa66f94a,A,gov_10a_main S1311 B9
20260909T180316Z,DEU,1991,financing,C_s13_nlb,,package_NLB,accrued,CY,,,A,balance_ledger strict NLB
20260909T180316Z,DEU,1992,financing,A_cg_cash_requirement,,BMF_DATENPORTAL,cash,CY,,078c602ba8637118f6304e0c4083520092bb4ae00e46aea2bd64f81f5d3c9b42,A,"Kreditaufnahmebericht annex 4.10 Nettokreditaufnahme (Ist), edition = year"
20260909T180316Z,DEU,1992,financing,B_s1311_b9,,EUROSTAT_GOV10A_MAIN_S1311,accrued,CY,,bd00fe0ae307967c5ecb99bc6497ba609ec495e940582308ce24ae74aa66f94a,A,gov_10a_main S1311 B9
20260909T180316Z,DEU,1992,financing,C_s13_nlb,,package_NLB,accrued,CY,,,A,balance_ledger strict NLB
20260909T180316Z,DEU,1993,financing,A_cg_cash_requirement,,BMF_DATENPORTAL,cash,CY,,078c602ba8637118f6304e0c4083520092bb4ae00e46aea2bd64f81f5d3c9b42,A,"Kreditaufnahmebericht annex 4.10 Nettokreditaufnahme (Ist), edition = year"
20260909T180316Z,DEU,1993,financing,B_s1311_b9,,EUROSTAT_GOV10A_MAIN_S1311,accrued,CY,,bd00fe0ae307967c5ecb99bc6497ba609ec495e940582308ce24ae74aa66f94a,A,gov_10a_main S1311 B9
20260909T180316Z,DEU,1993,financing,C_s13_nlb,,package_NLB,accrued,CY,,,A,balance_ledger strict NLB
20260909T180316Z,DEU,1994,financing,A_cg_cash_requirement,,BMF_DATENPORTAL,cash,CY,,078c602ba8637118f6304e0c4083520092bb4ae00e46aea2bd64f81f5d3c9b42,A,"Kreditaufnahmebericht annex 4.10 Nettokreditaufnahme (Ist), edition = year"
20260909T180316Z,DEU,1994,financing,B_s1311_b9,,EUROSTAT_GOV10A_MAIN_S1311,accrued,CY,,bd00fe0ae307967c5ecb99bc6497ba609ec495e940582308ce24ae74aa66f94a,A,gov_10a_main S1311 B9
20260909T180316Z,DEU,1994,financing,C_s13_nlb,,package_NLB,accrued,CY,,,A,balance_ledger strict NLB
20260909T180316Z,DEU,1995,financing,A_cg_cash_requirement,,BMF_DATENPORTAL,cash,CY,,078c602ba8637118f6304e0c4083520092bb4ae00e46aea2bd64f81f5d3c9b42,A,"Kreditaufnahmebericht annex 4.10 Nettokreditaufnahme (Ist), edition = year"
20260909T180316Z,DEU,1995,financing,B_s1311_b9,-142372.0,EUROSTAT_GOV10A_MAIN_S1311,accrued,CY,,bd00fe0ae307967c5ecb99bc6497ba609ec495e940582308ce24ae74aa66f94a,A,gov_10a_main S1311 B9
20260909T180316Z,DEU,1995,financing,C_s13_nlb,-179290.0,package_NLB,accrued,CY,,,A,balance_ledger strict NLB
20260909T180316Z,DEU,1996,financing,A_cg_cash_requirement,,BMF_DATENPORTAL,cash,CY,,078c602ba8637118f6304e0c4083520092bb4ae00e46aea2bd64f81f5d3c9b42,A,"Kreditaufnahmebericht annex 4.10 Nettokreditaufnahme (Ist), edition = year"
20260909T180316Z,DEU,1996,financing,B_s1311_b9,-34465.0,EUROSTAT_GOV10A_MAIN_S1311,accrued,CY,,bd00fe0ae307967c5ecb99bc6497ba609ec495e940582308ce24ae74aa66f94a,A,gov_10a_main S1311 B9
20260909T180316Z,DEU,1996,financing,C_s13_nlb,-70169.0,package_NLB,accrued,CY,,,A,balance_ledger strict NLB
20260909T180316Z,DEU,1997,financing,A_cg_cash_requirement,,BMF_DATENPORTAL,cash,CY,,078c602ba8637118f6304e0c4083520092bb4ae00e46aea2bd64f81f5d3c9b42,A,"Kreditaufnahmebericht annex 4.10 Nettokreditaufnahme (Ist), edition = year"
20260909T180316Z,DEU,1997,financing,B_s1311_b9,-31126.0,EUROSTAT_GOV10A_MAIN_S1311,accrued,CY,,bd00fe0ae307967c5ecb99bc6497ba609ec495e940582308ce24ae74aa66f94a,A,gov_10a_main S1311 B9
20260909T180316Z,DEU,1997,financing,C_s13_nlb,-59551.0,package_NLB,accrued,CY,,,A,balance_ledger strict NLB
20260909T180316Z,DEU,1998,financing,A_cg_cash_requirement,,BMF_DATENPORTAL,cash,CY,,078c602ba8637118f6304e0c4083520092bb4ae00e46aea2bd64f81f5d3c9b42,A,"Kreditaufnahmebericht annex 4.10 Nettokreditaufnahme (Ist), edition = year"
20260909T180316Z,DEU,1998,financing,B_s1311_b9,-36868.0,EUROSTAT_GOV10A_MAIN_S1311,accrued,CY,,bd00fe0ae307967c5ecb99bc6497ba609ec495e940582308ce24ae74aa66f94a,A,gov_10a_main S1311 B9
20260909T180316Z,DEU,1998,financing,C_s13_nlb,-53582.0,package_NLB,accrued,CY,,,A,balance_ledger strict NLB
20260909T180316Z,DEU,1999,financing,A_cg_cash_requirement,,BMF_DATENPORTAL,cash,CY,,078c602ba8637118f6304e0c4083520092bb4ae00e46aea2bd64f81f5d3c9b42,A,"Kreditaufnahmebericht annex 4.10 Nettokreditaufnahme (Ist), edition = year"
20260909T180316Z,DEU,1999,financing,B_s1311_b9,-29786.0,EUROSTAT_GOV10A_MAIN_S1311,accrued,CY,,bd00fe0ae307967c5ecb99bc6497ba609ec495e940582308ce24ae74aa66f94a,A,gov_10a_main S1311 B9
20260909T180316Z,DEU,1999,financing,C_s13_nlb,-38771.0,package_NLB,accrued,CY,,,A,balance_ledger strict NLB
20260909T180316Z,DEU,2000,financing,A_cg_cash_requirement,,BMF_DATENPORTAL,cash,CY,,078c602ba8637118f6304e0c4083520092bb4ae00e46aea2bd64f81f5d3c9b42,A,"Kreditaufnahmebericht annex 4.10 Nettokreditaufnahme (Ist), edition = year"
20260909T180316Z,DEU,2000,financing,B_s1311_b9,-23805.0,EUROSTAT_GOV10A_MAIN_S1311,accrued,CY,,bd00fe0ae307967c5ecb99bc6497ba609ec495e940582308ce24ae74aa66f94a,A,gov_10a_main S1311 B9
20260909T180316Z,DEU,2000,financing,C_s13_nlb,-36509.0,package_NLB,accrued,CY,,,A,balance_ledger strict NLB
20260909T180316Z,DEU,2001,financing,A_cg_cash_requirement,,BMF_DATENPORTAL,cash,CY,,078c602ba8637118f6304e0c4083520092bb4ae00e46aea2bd64f81f5d3c9b42,A,"Kreditaufnahmebericht annex 4.10 Nettokreditaufnahme (Ist), edition = year"
20260909T180316Z,DEU,2001,financing,B_s1311_b9,-24788.0,EUROSTAT_GOV10A_MAIN_S1311,accrued,CY,,bd00fe0ae307967c5ecb99bc6497ba609ec495e940582308ce24ae74aa66f94a,A,gov_10a_main S1311 B9
20260909T180316Z,DEU,2001,financing,C_s13_nlb,-68602.0,package_NLB,accrued,CY,,,A,balance_ledger strict NLB
20260909T180316Z,DEU,2002,financing,A_cg_cash_requirement,,BMF_DATENPORTAL,cash,CY,,078c602ba8637118f6304e0c4083520092bb4ae00e46aea2bd64f81f5d3c9b42,A,"Kreditaufnahmebericht annex 4.10 Nettokreditaufnahme (Ist), edition = year"
20260909T180316Z,DEU,2002,financing,B_s1311_b9,-38238.0,EUROSTAT_GOV10A_MAIN_S1311,accrued,CY,,bd00fe0ae307967c5ecb99bc6497ba609ec495e940582308ce24ae74aa66f94a,A,gov_10a_main S1311 B9
20260909T180316Z,DEU,2002,financing,C_s13_nlb,-90850.0,package_NLB,accrued,CY,,,A,balance_ledger strict NLB
20260909T180316Z,DEU,2003,financing,A_cg_cash_requirement,,BMF_DATENPORTAL,cash,CY,,078c602ba8637118f6304e0c4083520092bb4ae00e46aea2bd64f81f5d3c9b42,A,"Kreditaufnahmebericht annex 4.10 Nettokreditaufnahme (Ist), edition = year"
20260909T180316Z,DEU,2003,financing,B_s1311_b9,-31329.0,EUROSTAT_GOV10A_MAIN_S1311,accrued,CY,,bd00fe0ae307967c5ecb99bc6497ba609ec495e940582308ce24ae74aa66f94a,A,gov_10a_main S1311 B9
20260909T180316Z,DEU,2003,financing,C_s13_nlb,-85812.0,package_NLB,accrued,CY,,,A,balance_ledger strict NLB
20260909T180316Z,DEU,2004,financing,A_cg_cash_requirement,,BMF_DATENPORTAL,cash,CY,,078c602ba8637118f6304e0c4083520092bb4ae00e46aea2bd64f81f5d3c9b42,A,"Kreditaufnahmebericht annex 4.10 Nettokreditaufnahme (Ist), edition = year"
20260909T180316Z,DEU,2004,financing,B_s1311_b9,-41551.0,EUROSTAT_GOV10A_MAIN_S1311,accrued,CY,,bd00fe0ae307967c5ecb99bc6497ba609ec495e940582308ce24ae74aa66f94a,A,gov_10a_main S1311 B9
20260909T180316Z,DEU,2004,financing,C_s13_nlb,-78445.0,package_NLB,accrued,CY,,,A,balance_ledger strict NLB
20260909T180316Z,DEU,2005,financing,A_cg_cash_requirement,,BMF_DATENPORTAL,cash,CY,,078c602ba8637118f6304e0c4083520092bb4ae00e46aea2bd64f81f5d3c9b42,A,"Kreditaufnahmebericht annex 4.10 Nettokreditaufnahme (Ist), edition = year"
20260909T180316Z,DEU,2005,financing,B_s1311_b9,-46939.0,EUROSTAT_GOV10A_MAIN_S1311,accrued,CY,,bd00fe0ae307967c5ecb99bc6497ba609ec495e940582308ce24ae74aa66f94a,A,gov_10a_main S1311 B9
20260909T180316Z,DEU,2005,financing,C_s13_nlb,-78396.0,package_NLB,accrued,CY,,,A,balance_ledger strict NLB
20260909T180316Z,DEU,2006,financing,A_cg_cash_requirement,,BMF_DATENPORTAL,cash,CY,,078c602ba8637118f6304e0c4083520092bb4ae00e46aea2bd64f81f5d3c9b42,A,"Kreditaufnahmebericht annex 4.10 Nettokreditaufnahme (Ist), edition = year"
20260909T180316Z,DEU,2006,financing,B_s1311_b9,-33650.0,EUROSTAT_GOV10A_MAIN_S1311,accrued,CY,,bd00fe0ae307967c5ecb99bc6497ba609ec495e940582308ce24ae74aa66f94a,A,gov_10a_main S1311 B9
20260909T180316Z,DEU,2006,financing,C_s13_nlb,-42584.0,package_NLB,accrued,CY,,,A,balance_ledger strict NLB
20260909T180316Z,DEU,2007,financing,A_cg_cash_requirement,,BMF_DATENPORTAL,cash,CY,,078c602ba8637118f6304e0c4083520092bb4ae00e46aea2bd64f81f5d3c9b42,A,"Kreditaufnahmebericht annex 4.10 Nettokreditaufnahme (Ist), edition = year"
20260909T180316Z,DEU,2007,financing,B_s1311_b9,-14565.0,EUROSTAT_GOV10A_MAIN_S1311,accrued,CY,,bd00fe0ae307967c5ecb99bc6497ba609ec495e940582308ce24ae74aa66f94a,A,gov_10a_main S1311 B9
20260909T180316Z,DEU,2007,financing,C_s13_nlb,3937.0,package_NLB,accrued,CY,,,A,balance_ledger strict NLB
20260909T180316Z,DEU,2008,financing,A_cg_cash_requirement,,BMF_DATENPORTAL,cash,CY,,078c602ba8637118f6304e0c4083520092bb4ae00e46aea2bd64f81f5d3c9b42,A,"Kreditaufnahmebericht annex 4.10 Nettokreditaufnahme (Ist), edition = year"
20260909T180316Z,DEU,2008,financing,B_s1311_b9,-14237.0,EUROSTAT_GOV10A_MAIN_S1311,accrued,CY,,bd00fe0ae307967c5ecb99bc6497ba609ec495e940582308ce24ae74aa66f94a,A,gov_10a_main S1311 B9
20260909T180316Z,DEU,2008,financing,C_s13_nlb,-6809.0,package_NLB,accrued,CY,,,A,balance_ledger strict NLB
20260909T180316Z,DEU,2009,financing,A_cg_cash_requirement,,BMF_DATENPORTAL,cash,CY,,078c602ba8637118f6304e0c4083520092bb4ae00e46aea2bd64f81f5d3c9b42,A,"Kreditaufnahmebericht annex 4.10 Nettokreditaufnahme (Ist), edition = year"
20260909T180316Z,DEU,2009,financing,B_s1311_b9,-37321.0,EUROSTAT_GOV10A_MAIN_S1311,accrued,CY,,bd00fe0ae307967c5ecb99bc6497ba609ec495e940582308ce24ae74aa66f94a,A,gov_10a_main S1311 B9
20260909T180316Z,DEU,2009,financing,C_s13_nlb,-79207.0,package_NLB,accrued,CY,,,A,balance_ledger strict NLB
20260909T180316Z,DEU,2010,financing,A_cg_cash_requirement,,BMF_DATENPORTAL,cash,CY,,078c602ba8637118f6304e0c4083520092bb4ae00e46aea2bd64f81f5d3c9b42,A,"Kreditaufnahmebericht annex 4.10 Nettokreditaufnahme (Ist), edition = year"
20260909T180316Z,DEU,2010,financing,B_s1311_b9,-87612.0,EUROSTAT_GOV10A_MAIN_S1311,accrued,CY,,bd00fe0ae307967c5ecb99bc6497ba609ec495e940582308ce24ae74aa66f94a,A,gov_10a_main S1311 B9
20260909T180316Z,DEU,2010,financing,C_s13_nlb,-115620.0,package_NLB,accrued,CY,,,A,balance_ledger strict NLB
20260909T180316Z,DEU,2011,financing,A_cg_cash_requirement,,BMF_DATENPORTAL,cash,CY,,078c602ba8637118f6304e0c4083520092bb4ae00e46aea2bd64f81f5d3c9b42,A,"Kreditaufnahmebericht annex 4.10 Nettokreditaufnahme (Ist), edition = year"
20260909T180316Z,DEU,2011,financing,B_s1311_b9,-25697.0,EUROSTAT_GOV10A_MAIN_S1311,accrued,CY,,bd00fe0ae307967c5ecb99bc6497ba609ec495e940582308ce24ae74aa66f94a,A,gov_10a_main S1311 B9
20260909T180316Z,DEU,2011,financing,C_s13_nlb,-23074.0,package_NLB,accrued,CY,,,A,balance_ledger strict NLB
20260909T180316Z,DEU,2012,financing,A_cg_cash_requirement,,BMF_DATENPORTAL,cash,CY,,078c602ba8637118f6304e0c4083520092bb4ae00e46aea2bd64f81f5d3c9b42,A,"Kreditaufnahmebericht annex 4.10 Nettokreditaufnahme (Ist), edition = year"
20260909T180316Z,DEU,2012,financing,B_s1311_b9,-16102.0,EUROSTAT_GOV10A_MAIN_S1311,accrued,CY,,bd00fe0ae307967c5ecb99bc6497ba609ec495e940582308ce24ae74aa66f94a,A,gov_10a_main S1311 B9
20260909T180316Z,DEU,2012,financing,C_s13_nlb,-1521.0,package_NLB,accrued,CY,,,A,balance_ledger strict NLB
20260909T180316Z,DEU,2013,financing,A_cg_cash_requirement,,BMF_DATENPORTAL,cash,CY,,078c602ba8637118f6304e0c4083520092bb4ae00e46aea2bd64f81f5d3c9b42,A,"Kreditaufnahmebericht annex 4.10 Nettokreditaufnahme (Ist), edition = year"
20260909T180316Z,DEU,2013,financing,B_s1311_b9,132.0,EUROSTAT_GOV10A_MAIN_S1311,accrued,CY,,bd00fe0ae307967c5ecb99bc6497ba609ec495e940582308ce24ae74aa66f94a,A,gov_10a_main S1311 B9
20260909T180316Z,DEU,2013,financing,C_s13_nlb,3512.0,package_NLB,accrued,CY,,,A,balance_ledger strict NLB
20260909T180316Z,DEU,2014,financing,A_cg_cash_requirement,,BMF_DATENPORTAL,cash,CY,,078c602ba8637118f6304e0c4083520092bb4ae00e46aea2bd64f81f5d3c9b42,A,"Kreditaufnahmebericht annex 4.10 Nettokreditaufnahme (Ist), edition = year"
20260909T180316Z,DEU,2014,financing,B_s1311_b9,17023.0,EUROSTAT_GOV10A_MAIN_S1311,accrued,CY,,bd00fe0ae307967c5ecb99bc6497ba609ec495e940582308ce24ae74aa66f94a,A,gov_10a_main S1311 B9
20260909T180316Z,DEU,2014,financing,C_s13_nlb,21832.0,package_NLB,accrued,CY,,,A,balance_ledger strict NLB
20260909T180316Z,DEU,2015,financing,A_cg_cash_requirement,,BMF_DATENPORTAL,cash,CY,,078c602ba8637118f6304e0c4083520092bb4ae00e46aea2bd64f81f5d3c9b42,A,"Kreditaufnahmebericht annex 4.10 Nettokreditaufnahme (Ist), edition = year"
20260909T180316Z,DEU,2015,financing,B_s1311_b9,17956.0,EUROSTAT_GOV10A_MAIN_S1311,accrued,CY,,bd00fe0ae307967c5ecb99bc6497ba609ec495e940582308ce24ae74aa66f94a,A,gov_10a_main S1311 B9
20260909T180316Z,DEU,2015,financing,C_s13_nlb,28239.0,package_NLB,accrued,CY,,,A,balance_ledger strict NLB
20260909T180316Z,DEU,2016,financing,A_cg_cash_requirement,,BMF_DATENPORTAL,cash,CY,,078c602ba8637118f6304e0c4083520092bb4ae00e46aea2bd64f81f5d3c9b42,A,"Kreditaufnahmebericht annex 4.10 Nettokreditaufnahme (Ist), edition = year"
20260909T180316Z,DEU,2016,financing,B_s1311_b9,14999.0,EUROSTAT_GOV10A_MAIN_S1311,accrued,CY,,bd00fe0ae307967c5ecb99bc6497ba609ec495e940582308ce24ae74aa66f94a,A,gov_10a_main S1311 B9
20260909T180316Z,DEU,2016,financing,C_s13_nlb,36237.0,package_NLB,accrued,CY,,,A,balance_ledger strict NLB
20260909T180316Z,DEU,2017,financing,A_cg_cash_requirement,,BMF_DATENPORTAL,cash,CY,,078c602ba8637118f6304e0c4083520092bb4ae00e46aea2bd64f81f5d3c9b42,A,"Kreditaufnahmebericht annex 4.10 Nettokreditaufnahme (Ist), edition = year"
20260909T180316Z,DEU,2017,financing,B_s1311_b9,10266.0,EUROSTAT_GOV10A_MAIN_S1311,accrued,CY,,bd00fe0ae307967c5ecb99bc6497ba609ec495e940582308ce24ae74aa66f94a,A,gov_10a_main S1311 B9
20260909T180316Z,DEU,2017,financing,C_s13_nlb,44571.0,package_NLB,accrued,CY,,,A,balance_ledger strict NLB
20260909T180316Z,DEU,2018,financing,A_cg_cash_requirement,,BMF_DATENPORTAL,cash,CY,,078c602ba8637118f6304e0c4083520092bb4ae00e46aea2bd64f81f5d3c9b42,A,"Kreditaufnahmebericht annex 4.10 Nettokreditaufnahme (Ist), edition = year"
20260909T180316Z,DEU,2018,financing,B_s1311_b9,22400.0,EUROSTAT_GOV10A_MAIN_S1311,accrued,CY,,bd00fe0ae307967c5ecb99bc6497ba609ec495e940582308ce24ae74aa66f94a,A,gov_10a_main S1311 B9
20260909T180316Z,DEU,2018,financing,C_s13_nlb,64667.0,package_NLB,accrued,CY,,,A,balance_ledger strict NLB
20260909T180316Z,DEU,2019,financing,A_cg_cash_requirement,0.0,BMF_DATENPORTAL,cash,CY,,078c602ba8637118f6304e0c4083520092bb4ae00e46aea2bd64f81f5d3c9b42,A,"Kreditaufnahmebericht annex 4.10 Nettokreditaufnahme (Ist), edition = year"
20260909T180316Z,DEU,2019,financing,B_s1311_b9,18184.0,EUROSTAT_GOV10A_MAIN_S1311,accrued,CY,,bd00fe0ae307967c5ecb99bc6497ba609ec495e940582308ce24ae74aa66f94a,A,gov_10a_main S1311 B9
20260909T180316Z,DEU,2019,financing,C_s13_nlb,46949.0,package_NLB,accrued,CY,,,A,balance_ledger strict NLB
20260909T180316Z,DEU,2020,financing,A_cg_cash_requirement,130464.48318883,BMF_DATENPORTAL,cash,CY,,078c602ba8637118f6304e0c4083520092bb4ae00e46aea2bd64f81f5d3c9b42,A,"Kreditaufnahmebericht annex 4.10 Nettokreditaufnahme (Ist), edition = year"
20260909T180316Z,DEU,2020,financing,B_s1311_b9,-91289.0,EUROSTAT_GOV10A_MAIN_S1311,accrued,CY,,bd00fe0ae307967c5ecb99bc6497ba609ec495e940582308ce24ae74aa66f94a,A,gov_10a_main S1311 B9
20260909T180316Z,DEU,2020,financing,C_s13_nlb,-151131.0,package_NLB,accrued,CY,,,A,balance_ledger strict NLB
20260909T180316Z,DEU,2021,financing,A_cg_cash_requirement,215378.83385097,BMF_DATENPORTAL,cash,CY,,078c602ba8637118f6304e0c4083520092bb4ae00e46aea2bd64f81f5d3c9b42,A,"Kreditaufnahmebericht annex 4.10 Nettokreditaufnahme (Ist), edition = year"
20260909T180316Z,DEU,2021,financing,B_s1311_b9,-132057.0,EUROSTAT_GOV10A_MAIN_S1311,accrued,CY,,bd00fe0ae307967c5ecb99bc6497ba609ec495e940582308ce24ae74aa66f94a,A,gov_10a_main S1311 B9
20260909T180316Z,DEU,2021,financing,C_s13_nlb,-116630.0,package_NLB,accrued,CY,,,A,balance_ledger strict NLB
20260909T180316Z,DEU,2022,financing,A_cg_cash_requirement,115441.64839878,BMF_DATENPORTAL,cash,CY,,078c602ba8637118f6304e0c4083520092bb4ae00e46aea2bd64f81f5d3c9b42,A,"Kreditaufnahmebericht annex 4.10 Nettokreditaufnahme (Ist), edition = year"
20260909T180316Z,DEU,2022,financing,B_s1311_b9,-111159.0,EUROSTAT_GOV10A_MAIN_S1311,accrued,CY,,bd00fe0ae307967c5ecb99bc6497ba609ec495e940582308ce24ae74aa66f94a,A,gov_10a_main S1311 B9
20260909T180316Z,DEU,2022,financing,C_s13_nlb,-76138.0,package_NLB,accrued,CY,,,A,balance_ledger strict NLB
20260909T180316Z,DEU,2023,financing,A_cg_cash_requirement,27176.57300384,BMF_DATENPORTAL,cash,CY,,078c602ba8637118f6304e0c4083520092bb4ae00e46aea2bd64f81f5d3c9b42,A,"Kreditaufnahmebericht annex 4.10 Nettokreditaufnahme (Ist), edition = year"
20260909T180316Z,DEU,2023,financing,B_s1311_b9,-92720.0,EUROSTAT_GOV10A_MAIN_S1311,accrued,CY,,bd00fe0ae307967c5ecb99bc6497ba609ec495e940582308ce24ae74aa66f94a,A,gov_10a_main S1311 B9
20260909T180316Z,DEU,2023,financing,C_s13_nlb,-105249.0,package_NLB,accrued,CY,,,A,balance_ledger strict NLB
20260909T180316Z,DEU,2024,financing,A_cg_cash_requirement,33320.159861830005,BMF_DATENPORTAL,cash,CY,,078c602ba8637118f6304e0c4083520092bb4ae00e46aea2bd64f81f5d3c9b42,A,"Kreditaufnahmebericht annex 4.10 Nettokreditaufnahme (Ist), edition = year"
20260909T180316Z,DEU,2024,financing,B_s1311_b9,-60916.0,EUROSTAT_GOV10A_MAIN_S1311,accrued,CY,,bd00fe0ae307967c5ecb99bc6497ba609ec495e940582308ce24ae74aa66f94a,A,gov_10a_main S1311 B9
20260909T180316Z,DEU,2024,financing,C_s13_nlb,-115295.0,package_NLB,accrued,CY,,,A,balance_ledger strict NLB
20260909T180316Z,DEU,2025,financing,A_cg_cash_requirement,66892.54104298001,BMF_DATENPORTAL,cash,CY,,078c602ba8637118f6304e0c4083520092bb4ae00e46aea2bd64f81f5d3c9b42,A,"Kreditaufnahmebericht annex 4.10 Nettokreditaufnahme (Ist), edition = year"
20260909T180316Z,DEU,2025,financing,B_s1311_b9,-79561.0,EUROSTAT_GOV10A_MAIN_S1311,accrued,CY,,bd00fe0ae307967c5ecb99bc6497ba609ec495e940582308ce24ae74aa66f94a,A,gov_10a_main S1311 B9
20260909T180316Z,DEU,2025,financing,C_s13_nlb,-119147.0,package_NLB,accrued,CY,,,A,balance_ledger strict NLB
20260909T180316Z,DEU,1991,interest,A_cg_cash,,BMF_DATENPORTAL,cash,CY,,078c602ba8637118f6304e0c4083520092bb4ae00e46aea2bd64f81f5d3c9b42,A,"Kreditaufnahmebericht 2025 annex 4.5 Insgesamt (Verzinsung, net of interest income; excl. swaps); max |diff| vs Datenportal Zinsen Dec YTD = 0.5 EUR mn"
20260909T180316Z,DEU,1991,interest,B_s1311_d41,,EUROSTAT_GOV10A_MAIN_S1311,accrued,CY,,1270e74f9027cc107a198b7e193b319791d387effc49493a243c83ec39490bd9,A,gov_10a_main S1311 D41PAY
20260909T180316Z,DEU,1991,interest,C_s13_gf01_7,42517.0,package_GF01_7,accrued,CY,,,A,"expenditure_long_strict GF01_7, actuals only"
20260909T180316Z,DEU,1992,interest,A_cg_cash,,BMF_DATENPORTAL,cash,CY,,078c602ba8637118f6304e0c4083520092bb4ae00e46aea2bd64f81f5d3c9b42,A,"Kreditaufnahmebericht 2025 annex 4.5 Insgesamt (Verzinsung, net of interest income; excl. swaps); max |diff| vs Datenportal Zinsen Dec YTD = 0.5 EUR mn"
20260909T180316Z,DEU,1992,interest,B_s1311_d41,,EUROSTAT_GOV10A_MAIN_S1311,accrued,CY,,1270e74f9027cc107a198b7e193b319791d387effc49493a243c83ec39490bd9,A,gov_10a_main S1311 D41PAY
20260909T180316Z,DEU,1992,interest,C_s13_gf01_7,52619.99999999999,package_GF01_7,accrued,CY,,,A,"expenditure_long_strict GF01_7, actuals only"
20260909T180316Z,DEU,1993,interest,A_cg_cash,,BMF_DATENPORTAL,cash,CY,,078c602ba8637118f6304e0c4083520092bb4ae00e46aea2bd64f81f5d3c9b42,A,"Kreditaufnahmebericht 2025 annex 4.5 Insgesamt (Verzinsung, net of interest income; excl. swaps); max |diff| vs Datenportal Zinsen Dec YTD = 0.5 EUR mn"
20260909T180316Z,DEU,1993,interest,B_s1311_d41,,EUROSTAT_GOV10A_MAIN_S1311,accrued,CY,,1270e74f9027cc107a198b7e193b319791d387effc49493a243c83ec39490bd9,A,gov_10a_main S1311 D41PAY
20260909T180316Z,DEU,1993,interest,C_s13_gf01_7,55595.99999999999,package_GF01_7,accrued,CY,,,A,"expenditure_long_strict GF01_7, actuals only"
20260909T180316Z,DEU,1994,interest,A_cg_cash,,BMF_DATENPORTAL,cash,CY,,078c602ba8637118f6304e0c4083520092bb4ae00e46aea2bd64f81f5d3c9b42,A,"Kreditaufnahmebericht 2025 annex 4.5 Insgesamt (Verzinsung, net of interest income; excl. swaps); max |diff| vs Datenportal Zinsen Dec YTD = 0.5 EUR mn"
20260909T180316Z,DEU,1994,interest,B_s1311_d41,,EUROSTAT_GOV10A_MAIN_S1311,accrued,CY,,1270e74f9027cc107a198b7e193b319791d387effc49493a243c83ec39490bd9,A,gov_10a_main S1311 D41PAY
20260909T180316Z,DEU,1994,interest,C_s13_gf01_7,60627.0,package_GF01_7,accrued,CY,,,A,"expenditure_long_strict GF01_7, actuals only"
20260909T180316Z,DEU,1995,interest,A_cg_cash,,BMF_DATENPORTAL,cash,CY,,078c602ba8637118f6304e0c4083520092bb4ae00e46aea2bd64f81f5d3c9b42,A,"Kreditaufnahmebericht 2025 annex 4.5 Insgesamt (Verzinsung, net of interest income; excl. swaps); max |diff| vs Datenportal Zinsen Dec YTD = 0.5 EUR mn"
20260909T180316Z,DEU,1995,interest,B_s1311_d41,44200.0,EUROSTAT_GOV10A_MAIN_S1311,accrued,CY,,1270e74f9027cc107a198b7e193b319791d387effc49493a243c83ec39490bd9,A,gov_10a_main S1311 D41PAY
20260909T180316Z,DEU,1995,interest,C_s13_gf01_7,66581.0,package_GF01_7,accrued,CY,,,A,"expenditure_long_strict GF01_7, actuals only"
20260909T180316Z,DEU,1996,interest,A_cg_cash,38785.0,BMF_DATENPORTAL,cash,CY,,078c602ba8637118f6304e0c4083520092bb4ae00e46aea2bd64f81f5d3c9b42,A,"Kreditaufnahmebericht 2025 annex 4.5 Insgesamt (Verzinsung, net of interest income; excl. swaps); max |diff| vs Datenportal Zinsen Dec YTD = 0.5 EUR mn"
20260909T180316Z,DEU,1996,interest,B_s1311_d41,44133.0,EUROSTAT_GOV10A_MAIN_S1311,accrued,CY,,1270e74f9027cc107a198b7e193b319791d387effc49493a243c83ec39490bd9,A,gov_10a_main S1311 D41PAY
20260909T180316Z,DEU,1996,interest,C_s13_gf01_7,66769.0,package_GF01_7,accrued,CY,,,A,"expenditure_long_strict GF01_7, actuals only"
20260909T180316Z,DEU,1997,interest,A_cg_cash,40135.0,BMF_DATENPORTAL,cash,CY,,078c602ba8637118f6304e0c4083520092bb4ae00e46aea2bd64f81f5d3c9b42,A,"Kreditaufnahmebericht 2025 annex 4.5 Insgesamt (Verzinsung, net of interest income; excl. swaps); max |diff| vs Datenportal Zinsen Dec YTD = 0.5 EUR mn"
20260909T180316Z,DEU,1997,interest,B_s1311_d41,44052.0,EUROSTAT_GOV10A_MAIN_S1311,accrued,CY,,1270e74f9027cc107a198b7e193b319791d387effc49493a243c83ec39490bd9,A,gov_10a_main S1311 D41PAY
20260909T180316Z,DEU,1997,interest,C_s13_gf01_7,66801.0,package_GF01_7,accrued,CY,,,A,"expenditure_long_strict GF01_7, actuals only"
20260909T180316Z,DEU,1998,interest,A_cg_cash,41319.0,BMF_DATENPORTAL,cash,CY,,078c602ba8637118f6304e0c4083520092bb4ae00e46aea2bd64f81f5d3c9b42,A,"Kreditaufnahmebericht 2025 annex 4.5 Insgesamt (Verzinsung, net of interest income; excl. swaps); max |diff| vs Datenportal Zinsen Dec YTD = 0.5 EUR mn"
20260909T180316Z,DEU,1998,interest,B_s1311_d41,44937.0,EUROSTAT_GOV10A_MAIN_S1311,accrued,CY,,1270e74f9027cc107a198b7e193b319791d387effc49493a243c83ec39490bd9,A,gov_10a_main S1311 D41PAY
20260909T180316Z,DEU,1998,interest,C_s13_gf01_7,67765.0,package_GF01_7,accrued,CY,,,A,"expenditure_long_strict GF01_7, actuals only"
20260909T180316Z,DEU,1999,interest,A_cg_cash,42918.0,BMF_DATENPORTAL,cash,CY,,078c602ba8637118f6304e0c4083520092bb4ae00e46aea2bd64f81f5d3c9b42,A,"Kreditaufnahmebericht 2025 annex 4.5 Insgesamt (Verzinsung, net of interest income; excl. swaps); max |diff| vs Datenportal Zinsen Dec YTD = 0.5 EUR mn"
20260909T180316Z,DEU,1999,interest,B_s1311_d41,42882.0,EUROSTAT_GOV10A_MAIN_S1311,accrued,CY,,1270e74f9027cc107a198b7e193b319791d387effc49493a243c83ec39490bd9,A,gov_10a_main S1311 D41PAY
20260909T180316Z,DEU,1999,interest,C_s13_gf01_7,64274.0,package_GF01_7,accrued,CY,,,A,"expenditure_long_strict GF01_7, actuals only"
20260909T180316Z,DEU,2000,interest,A_cg_cash,40410.0,BMF_DATENPORTAL,cash,CY,,078c602ba8637118f6304e0c4083520092bb4ae00e46aea2bd64f81f5d3c9b42,A,"Kreditaufnahmebericht 2025 annex 4.5 Insgesamt (Verzinsung, net of interest income; excl. swaps); max |diff| vs Datenportal Zinsen Dec YTD = 0.5 EUR mn"
20260909T180316Z,DEU,2000,interest,B_s1311_d41,44287.0,EUROSTAT_GOV10A_MAIN_S1311,accrued,CY,,1270e74f9027cc107a198b7e193b319791d387effc49493a243c83ec39490bd9,A,gov_10a_main S1311 D41PAY
20260909T180316Z,DEU,2000,interest,C_s13_gf01_7,71481.0,package_GF01_7,accrued,CY,,,A,"expenditure_long_strict GF01_7, actuals only"
20260909T180316Z,DEU,2001,interest,A_cg_cash,39147.0,BMF_DATENPORTAL,cash,CY,,078c602ba8637118f6304e0c4083520092bb4ae00e46aea2bd64f81f5d3c9b42,A,"Kreditaufnahmebericht 2025 annex 4.5 Insgesamt (Verzinsung, net of interest income; excl. swaps); max |diff| vs Datenportal Zinsen Dec YTD = 0.5 EUR mn"
20260909T180316Z,DEU,2001,interest,B_s1311_d41,42501.0,EUROSTAT_GOV10A_MAIN_S1311,accrued,CY,,1270e74f9027cc107a198b7e193b319791d387effc49493a243c83ec39490bd9,A,gov_10a_main S1311 D41PAY
20260909T180316Z,DEU,2001,interest,C_s13_gf01_7,70194.0,package_GF01_7,accrued,CY,,,A,"expenditure_long_strict GF01_7, actuals only"
20260909T180316Z,DEU,2002,interest,A_cg_cash,39471.0,BMF_DATENPORTAL,cash,CY,,078c602ba8637118f6304e0c4083520092bb4ae00e46aea2bd64f81f5d3c9b42,A,"Kreditaufnahmebericht 2025 annex 4.5 Insgesamt (Verzinsung, net of interest income; excl. swaps); max |diff| vs Datenportal Zinsen Dec YTD = 0.5 EUR mn"
20260909T180316Z,DEU,2002,interest,B_s1311_d41,42127.0,EUROSTAT_GOV10A_MAIN_S1311,accrued,CY,,1270e74f9027cc107a198b7e193b319791d387effc49493a243c83ec39490bd9,A,gov_10a_main S1311 D41PAY
20260909T180316Z,DEU,2002,interest,C_s13_gf01_7,70437.0,package_GF01_7,accrued,CY,,,A,"expenditure_long_strict GF01_7, actuals only"
20260909T180316Z,DEU,2003,interest,A_cg_cash,38327.0,BMF_DATENPORTAL,cash,CY,,078c602ba8637118f6304e0c4083520092bb4ae00e46aea2bd64f81f5d3c9b42,A,"Kreditaufnahmebericht 2025 annex 4.5 Insgesamt (Verzinsung, net of interest income; excl. swaps); max |diff| vs Datenportal Zinsen Dec YTD = 0.5 EUR mn"
20260909T180316Z,DEU,2003,interest,B_s1311_d41,40040.0,EUROSTAT_GOV10A_MAIN_S1311,accrued,CY,,1270e74f9027cc107a198b7e193b319791d387effc49493a243c83ec39490bd9,A,gov_10a_main S1311 D41PAY
20260909T180316Z,DEU,2003,interest,C_s13_gf01_7,68178.0,package_GF01_7,accrued,CY,,,A,"expenditure_long_strict GF01_7, actuals only"
20260909T180316Z,DEU,2004,interest,A_cg_cash,38702.0,BMF_DATENPORTAL,cash,CY,,078c602ba8637118f6304e0c4083520092bb4ae00e46aea2bd64f81f5d3c9b42,A,"Kreditaufnahmebericht 2025 annex 4.5 Insgesamt (Verzinsung, net of interest income; excl. swaps); max |diff| vs Datenportal Zinsen Dec YTD = 0.5 EUR mn"
20260909T180316Z,DEU,2004,interest,B_s1311_d41,39120.0,EUROSTAT_GOV10A_MAIN_S1311,accrued,CY,,1270e74f9027cc107a198b7e193b319791d387effc49493a243c83ec39490bd9,A,gov_10a_main S1311 D41PAY
20260909T180316Z,DEU,2004,interest,C_s13_gf01_7,67100.0,package_GF01_7,accrued,CY,,,A,"expenditure_long_strict GF01_7, actuals only"
20260909T180316Z,DEU,2005,interest,A_cg_cash,38210.0,BMF_DATENPORTAL,cash,CY,,078c602ba8637118f6304e0c4083520092bb4ae00e46aea2bd64f81f5d3c9b42,A,"Kreditaufnahmebericht 2025 annex 4.5 Insgesamt (Verzinsung, net of interest income; excl. swaps); max |diff| vs Datenportal Zinsen Dec YTD = 0.5 EUR mn"
20260909T180316Z,DEU,2005,interest,B_s1311_d41,38565.0,EUROSTAT_GOV10A_MAIN_S1311,accrued,CY,,1270e74f9027cc107a198b7e193b319791d387effc49493a243c83ec39490bd9,A,gov_10a_main S1311 D41PAY
20260909T180316Z,DEU,2005,interest,C_s13_gf01_7,66597.0,package_GF01_7,accrued,CY,,,A,"expenditure_long_strict GF01_7, actuals only"
20260909T180316Z,DEU,2006,interest,A_cg_cash,37906.0,BMF_DATENPORTAL,cash,CY,,078c602ba8637118f6304e0c4083520092bb4ae00e46aea2bd64f81f5d3c9b42,A,"Kreditaufnahmebericht 2025 annex 4.5 Insgesamt (Verzinsung, net of interest income; excl. swaps); max |diff| vs Datenportal Zinsen Dec YTD = 0.5 EUR mn"
20260909T180316Z,DEU,2006,interest,B_s1311_d41,38998.0,EUROSTAT_GOV10A_MAIN_S1311,accrued,CY,,1270e74f9027cc107a198b7e193b319791d387effc49493a243c83ec39490bd9,A,gov_10a_main S1311 D41PAY
20260909T180316Z,DEU,2006,interest,C_s13_gf01_7,67296.0,package_GF01_7,accrued,CY,,,A,"expenditure_long_strict GF01_7, actuals only"
20260909T180316Z,DEU,2007,interest,A_cg_cash,38448.0,BMF_DATENPORTAL,cash,CY,,078c602ba8637118f6304e0c4083520092bb4ae00e46aea2bd64f81f5d3c9b42,A,"Kreditaufnahmebericht 2025 annex 4.5 Insgesamt (Verzinsung, net of interest income; excl. swaps); max |diff| vs Datenportal Zinsen Dec YTD = 0.5 EUR mn"
20260909T180316Z,DEU,2007,interest,B_s1311_d41,40792.0,EUROSTAT_GOV10A_MAIN_S1311,accrued,CY,,1270e74f9027cc107a198b7e193b319791d387effc49493a243c83ec39490bd9,A,gov_10a_main S1311 D41PAY
20260909T180316Z,DEU,2007,interest,C_s13_gf01_7,68806.0,package_GF01_7,accrued,CY,,,A,"expenditure_long_strict GF01_7, actuals only"
20260909T180316Z,DEU,2008,interest,A_cg_cash,39217.0,BMF_DATENPORTAL,cash,CY,,078c602ba8637118f6304e0c4083520092bb4ae00e46aea2bd64f81f5d3c9b42,A,"Kreditaufnahmebericht 2025 annex 4.5 Insgesamt (Verzinsung, net of interest income; excl. swaps); max |diff| vs Datenportal Zinsen Dec YTD = 0.5 EUR mn"
20260909T180316Z,DEU,2008,interest,B_s1311_d41,41781.0,EUROSTAT_GOV10A_MAIN_S1311,accrued,CY,,1270e74f9027cc107a198b7e193b319791d387effc49493a243c83ec39490bd9,A,gov_10a_main S1311 D41PAY
20260909T180316Z,DEU,2008,interest,C_s13_gf01_7,70254.0,package_GF01_7,accrued,CY,,,A,"expenditure_long_strict GF01_7, actuals only"
20260909T180316Z,DEU,2009,interest,A_cg_cash,38210.0,BMF_DATENPORTAL,cash,CY,,078c602ba8637118f6304e0c4083520092bb4ae00e46aea2bd64f81f5d3c9b42,A,"Kreditaufnahmebericht 2025 annex 4.5 Insgesamt (Verzinsung, net of interest income; excl. swaps); max |diff| vs Datenportal Zinsen Dec YTD = 0.5 EUR mn"
20260909T180316Z,DEU,2009,interest,B_s1311_d41,39470.0,EUROSTAT_GOV10A_MAIN_S1311,accrued,CY,,1270e74f9027cc107a198b7e193b319791d387effc49493a243c83ec39490bd9,A,gov_10a_main S1311 D41PAY
20260909T180316Z,DEU,2009,interest,C_s13_gf01_7,67894.0,package_GF01_7,accrued,CY,,,A,"expenditure_long_strict GF01_7, actuals only"
20260909T180316Z,DEU,2010,interest,A_cg_cash,34011.0,BMF_DATENPORTAL,cash,CY,,078c602ba8637118f6304e0c4083520092bb4ae00e46aea2bd64f81f5d3c9b42,A,"Kreditaufnahmebericht 2025 annex 4.5 Insgesamt (Verzinsung, net of interest income; excl. swaps); max |diff| vs Datenportal Zinsen Dec YTD = 0.5 EUR mn"
20260909T180316Z,DEU,2010,interest,B_s1311_d41,37418.0,EUROSTAT_GOV10A_MAIN_S1311,accrued,CY,,1270e74f9027cc107a198b7e193b319791d387effc49493a243c83ec39490bd9,A,gov_10a_main S1311 D41PAY
20260909T180316Z,DEU,2010,interest,C_s13_gf01_7,66405.0,package_GF01_7,accrued,CY,,,A,"expenditure_long_strict GF01_7, actuals only"
20260909T180316Z,DEU,2011,interest,A_cg_cash,35816.0,BMF_DATENPORTAL,cash,CY,,078c602ba8637118f6304e0c4083520092bb4ae00e46aea2bd64f81f5d3c9b42,A,"Kreditaufnahmebericht 2025 annex 4.5 Insgesamt (Verzinsung, net of interest income; excl. swaps); max |diff| vs Datenportal Zinsen Dec YTD = 0.5 EUR mn"
20260909T180316Z,DEU,2011,interest,B_s1311_d41,41171.0,EUROSTAT_GOV10A_MAIN_S1311,accrued,CY,,1270e74f9027cc107a198b7e193b319791d387effc49493a243c83ec39490bd9,A,gov_10a_main S1311 D41PAY
20260909T180316Z,DEU,2011,interest,C_s13_gf01_7,71353.0,package_GF01_7,accrued,CY,,,A,"expenditure_long_strict GF01_7, actuals only"
20260909T180316Z,DEU,2012,interest,A_cg_cash,32986.0,BMF_DATENPORTAL,cash,CY,,078c602ba8637118f6304e0c4083520092bb4ae00e46aea2bd64f81f5d3c9b42,A,"Kreditaufnahmebericht 2025 annex 4.5 Insgesamt (Verzinsung, net of interest income; excl. swaps); max |diff| vs Datenportal Zinsen Dec YTD = 0.5 EUR mn"
20260909T180316Z,DEU,2012,interest,B_s1311_d41,38059.0,EUROSTAT_GOV10A_MAIN_S1311,accrued,CY,,1270e74f9027cc107a198b7e193b319791d387effc49493a243c83ec39490bd9,A,gov_10a_main S1311 D41PAY
20260909T180316Z,DEU,2012,interest,C_s13_gf01_7,67907.0,package_GF01_7,accrued,CY,,,A,"expenditure_long_strict GF01_7, actuals only"
20260909T180316Z,DEU,2013,interest,A_cg_cash,31757.0,BMF_DATENPORTAL,cash,CY,,078c602ba8637118f6304e0c4083520092bb4ae00e46aea2bd64f81f5d3c9b42,A,"Kreditaufnahmebericht 2025 annex 4.5 Insgesamt (Verzinsung, net of interest income; excl. swaps); max |diff| vs Datenportal Zinsen Dec YTD = 0.5 EUR mn"
20260909T180316Z,DEU,2013,interest,B_s1311_d41,28808.0,EUROSTAT_GOV10A_MAIN_S1311,accrued,CY,,1270e74f9027cc107a198b7e193b319791d387effc49493a243c83ec39490bd9,A,gov_10a_main S1311 D41PAY
20260909T180316Z,DEU,2013,interest,C_s13_gf01_7,55311.0,package_GF01_7,accrued,CY,,,A,"expenditure_long_strict GF01_7, actuals only"
20260909T180316Z,DEU,2014,interest,A_cg_cash,26590.0,BMF_DATENPORTAL,cash,CY,,078c602ba8637118f6304e0c4083520092bb4ae00e46aea2bd64f81f5d3c9b42,A,"Kreditaufnahmebericht 2025 annex 4.5 Insgesamt (Verzinsung, net of interest income; excl. swaps); max |diff| vs Datenportal Zinsen Dec YTD = 0.5 EUR mn"
20260909T180316Z,DEU,2014,interest,B_s1311_d41,26605.0,EUROSTAT_GOV10A_MAIN_S1311,accrued,CY,,1270e74f9027cc107a198b7e193b319791d387effc49493a243c83ec39490bd9,A,gov_10a_main S1311 D41PAY
20260909T180316Z,DEU,2014,interest,C_s13_gf01_7,51416.0,package_GF01_7,accrued,CY,,,A,"expenditure_long_strict GF01_7, actuals only"
20260909T180316Z,DEU,2015,interest,A_cg_cash,22101.0,BMF_DATENPORTAL,cash,CY,,078c602ba8637118f6304e0c4083520092bb4ae00e46aea2bd64f81f5d3c9b42,A,"Kreditaufnahmebericht 2025 annex 4.5 Insgesamt (Verzinsung, net of interest income; excl. swaps); max |diff| vs Datenportal Zinsen Dec YTD = 0.5 EUR mn"
20260909T180316Z,DEU,2015,interest,B_s1311_d41,23752.0,EUROSTAT_GOV10A_MAIN_S1311,accrued,CY,,1270e74f9027cc107a198b7e193b319791d387effc49493a243c83ec39490bd9,A,gov_10a_main S1311 D41PAY
20260909T180316Z,DEU,2015,interest,C_s13_gf01_7,46629.0,package_GF01_7,accrued,CY,,,A,"expenditure_long_strict GF01_7, actuals only"
20260909T180316Z,DEU,2016,interest,A_cg_cash,18592.0,BMF_DATENPORTAL,cash,CY,,078c602ba8637118f6304e0c4083520092bb4ae00e46aea2bd64f81f5d3c9b42,A,"Kreditaufnahmebericht 2025 annex 4.5 Insgesamt (Verzinsung, net of interest income; excl. swaps); max |diff| vs Datenportal Zinsen Dec YTD = 0.5 EUR mn"
20260909T180316Z,DEU,2016,interest,B_s1311_d41,20609.0,EUROSTAT_GOV10A_MAIN_S1311,accrued,CY,,1270e74f9027cc107a198b7e193b319791d387effc49493a243c83ec39490bd9,A,gov_10a_main S1311 D41PAY
20260909T180316Z,DEU,2016,interest,C_s13_gf01_7,41212.0,package_GF01_7,accrued,CY,,,A,"expenditure_long_strict GF01_7, actuals only"
20260909T180316Z,DEU,2017,interest,A_cg_cash,18112.0,BMF_DATENPORTAL,cash,CY,,078c602ba8637118f6304e0c4083520092bb4ae00e46aea2bd64f81f5d3c9b42,A,"Kreditaufnahmebericht 2025 annex 4.5 Insgesamt (Verzinsung, net of interest income; excl. swaps); max |diff| vs Datenportal Zinsen Dec YTD = 0.5 EUR mn"
20260909T180316Z,DEU,2017,interest,B_s1311_d41,18254.0,EUROSTAT_GOV10A_MAIN_S1311,accrued,CY,,1270e74f9027cc107a198b7e193b319791d387effc49493a243c83ec39490bd9,A,gov_10a_main S1311 D41PAY
20260909T180316Z,DEU,2017,interest,C_s13_gf01_7,37300.0,package_GF01_7,accrued,CY,,,A,"expenditure_long_strict GF01_7, actuals only"
20260909T180316Z,DEU,2018,interest,A_cg_cash,17109.0,BMF_DATENPORTAL,cash,CY,,078c602ba8637118f6304e0c4083520092bb4ae00e46aea2bd64f81f5d3c9b42,A,"Kreditaufnahmebericht 2025 annex 4.5 Insgesamt (Verzinsung, net of interest income; excl. swaps); max |diff| vs Datenportal Zinsen Dec YTD = 0.5 EUR mn"
20260909T180316Z,DEU,2018,interest,B_s1311_d41,17154.0,EUROSTAT_GOV10A_MAIN_S1311,accrued,CY,,1270e74f9027cc107a198b7e193b319791d387effc49493a243c83ec39490bd9,A,gov_10a_main S1311 D41PAY
20260909T180316Z,DEU,2018,interest,C_s13_gf01_7,34282.0,package_GF01_7,accrued,CY,,,A,"expenditure_long_strict GF01_7, actuals only"
20260909T180316Z,DEU,2019,interest,A_cg_cash,13049.0,BMF_DATENPORTAL,cash,CY,,078c602ba8637118f6304e0c4083520092bb4ae00e46aea2bd64f81f5d3c9b42,A,"Kreditaufnahmebericht 2025 annex 4.5 Insgesamt (Verzinsung, net of interest income; excl. swaps); max |diff| vs Datenportal Zinsen Dec YTD = 0.5 EUR mn"
20260909T180316Z,DEU,2019,interest,B_s1311_d41,15074.0,EUROSTAT_GOV10A_MAIN_S1311,accrued,CY,,1270e74f9027cc107a198b7e193b319791d387effc49493a243c83ec39490bd9,A,gov_10a_main S1311 D41PAY
20260909T180316Z,DEU,2019,interest,C_s13_gf01_7,30593.0,package_GF01_7,accrued,CY,,,A,"expenditure_long_strict GF01_7, actuals only"
20260909T180316Z,DEU,2020,interest,A_cg_cash,5287.0,BMF_DATENPORTAL,cash,CY,,078c602ba8637118f6304e0c4083520092bb4ae00e46aea2bd64f81f5d3c9b42,A,"Kreditaufnahmebericht 2025 annex 4.5 Insgesamt (Verzinsung, net of interest income; excl. swaps); max |diff| vs Datenportal Zinsen Dec YTD = 0.5 EUR mn"
20260909T180316Z,DEU,2020,interest,B_s1311_d41,10721.0,EUROSTAT_GOV10A_MAIN_S1311,accrued,CY,,1270e74f9027cc107a198b7e193b319791d387effc49493a243c83ec39490bd9,A,gov_10a_main S1311 D41PAY
20260909T180316Z,DEU,2020,interest,C_s13_gf01_7,24721.0,package_GF01_7,accrued,CY,,,A,"expenditure_long_strict GF01_7, actuals only"
20260909T180316Z,DEU,2021,interest,A_cg_cash,3490.0,BMF_DATENPORTAL,cash,CY,,078c602ba8637118f6304e0c4083520092bb4ae00e46aea2bd64f81f5d3c9b42,A,"Kreditaufnahmebericht 2025 annex 4.5 Insgesamt (Verzinsung, net of interest income; excl. swaps); max |diff| vs Datenportal Zinsen Dec YTD = 0.5 EUR mn"
20260909T180316Z,DEU,2021,interest,B_s1311_d41,10555.0,EUROSTAT_GOV10A_MAIN_S1311,accrued,CY,,1270e74f9027cc107a198b7e193b319791d387effc49493a243c83ec39490bd9,A,gov_10a_main S1311 D41PAY
20260909T180316Z,DEU,2021,interest,C_s13_gf01_7,23515.0,package_GF01_7,accrued,CY,,,A,"expenditure_long_strict GF01_7, actuals only"
20260909T180316Z,DEU,2022,interest,A_cg_cash,15894.0,BMF_DATENPORTAL,cash,CY,,078c602ba8637118f6304e0c4083520092bb4ae00e46aea2bd64f81f5d3c9b42,A,"Kreditaufnahmebericht 2025 annex 4.5 Insgesamt (Verzinsung, net of interest income; excl. swaps); max |diff| vs Datenportal Zinsen Dec YTD = 0.5 EUR mn"
20260909T180316Z,DEU,2022,interest,B_s1311_d41,16835.0,EUROSTAT_GOV10A_MAIN_S1311,accrued,CY,,1270e74f9027cc107a198b7e193b319791d387effc49493a243c83ec39490bd9,A,gov_10a_main S1311 D41PAY
20260909T180316Z,DEU,2022,interest,C_s13_gf01_7,29957.0,package_GF01_7,accrued,CY,,,A,"expenditure_long_strict GF01_7, actuals only"
20260909T180316Z,DEU,2023,interest,A_cg_cash,39858.0,BMF_DATENPORTAL,cash,CY,,078c602ba8637118f6304e0c4083520092bb4ae00e46aea2bd64f81f5d3c9b42,A,"Kreditaufnahmebericht 2025 annex 4.5 Insgesamt (Verzinsung, net of interest income; excl. swaps); max |diff| vs Datenportal Zinsen Dec YTD = 0.5 EUR mn"
20260909T180316Z,DEU,2023,interest,B_s1311_d41,24620.0,EUROSTAT_GOV10A_MAIN_S1311,accrued,CY,,1270e74f9027cc107a198b7e193b319791d387effc49493a243c83ec39490bd9,A,gov_10a_main S1311 D41PAY
20260909T180316Z,DEU,2023,interest,C_s13_gf01_7,40250.0,package_GF01_7,accrued,CY,,,A,"expenditure_long_strict GF01_7, actuals only"
20260909T180316Z,DEU,2024,interest,A_cg_cash,33238.0,BMF_DATENPORTAL,cash,CY,,078c602ba8637118f6304e0c4083520092bb4ae00e46aea2bd64f81f5d3c9b42,A,"Kreditaufnahmebericht 2025 annex 4.5 Insgesamt (Verzinsung, net of interest income; excl. swaps); max |diff| vs Datenportal Zinsen Dec YTD = 0.5 EUR mn"
20260909T180316Z,DEU,2024,interest,B_s1311_d41,31644.0,EUROSTAT_GOV10A_MAIN_S1311,accrued,CY,,1270e74f9027cc107a198b7e193b319791d387effc49493a243c83ec39490bd9,A,gov_10a_main S1311 D41PAY
20260909T180316Z,DEU,2024,interest,C_s13_gf01_7,49280.0,package_GF01_7,accrued,CY,,,A,"expenditure_long_strict GF01_7, actuals only"
20260909T180316Z,DEU,2025,interest,A_cg_cash,29853.0,BMF_DATENPORTAL,cash,CY,,078c602ba8637118f6304e0c4083520092bb4ae00e46aea2bd64f81f5d3c9b42,A,"Kreditaufnahmebericht 2025 annex 4.5 Insgesamt (Verzinsung, net of interest income; excl. swaps); max |diff| vs Datenportal Zinsen Dec YTD = 0.5 EUR mn"
20260909T180316Z,DEU,2025,interest,B_s1311_d41,33064.0,EUROSTAT_GOV10A_MAIN_S1311,accrued,CY,,1270e74f9027cc107a198b7e193b319791d387effc49493a243c83ec39490bd9,A,gov_10a_main S1311 D41PAY
20260909T180316Z,DEU,2025,interest,C_s13_gf01_7,53275.90817840622,package_GF01_7,accrued,CY,,,A,"expenditure_long_strict GF01_7, actuals only"
20260909T180316Z,FRA,1978,financing,A_cg_cash_requirement,,FRA_AFT_FINANCEMENT,cash,CY,,,D,FRA_AFT_FINANCEMENT unreachable (OQ-8): no official total
20260909T180316Z,FRA,1978,financing,B_s1311_b9,,EUROSTAT_GOV10A_MAIN_S1311,accrued,CY,,be9b2fc46d106f83c85593b7239a217bdbaaf744798989dd181b56452ae8a33e,A,gov_10a_main S1311 B9
20260909T180316Z,FRA,1978,financing,C_s13_nlb,,package_NLB,accrued,CY,,,A,balance_ledger strict NLB
20260909T180316Z,FRA,1979,financing,A_cg_cash_requirement,,FRA_AFT_FINANCEMENT,cash,CY,,,D,FRA_AFT_FINANCEMENT unreachable (OQ-8): no official total
20260909T180316Z,FRA,1979,financing,B_s1311_b9,,EUROSTAT_GOV10A_MAIN_S1311,accrued,CY,,be9b2fc46d106f83c85593b7239a217bdbaaf744798989dd181b56452ae8a33e,A,gov_10a_main S1311 B9
20260909T180316Z,FRA,1979,financing,C_s13_nlb,,package_NLB,accrued,CY,,,A,balance_ledger strict NLB
20260909T180316Z,FRA,1980,financing,A_cg_cash_requirement,,FRA_AFT_FINANCEMENT,cash,CY,,,D,FRA_AFT_FINANCEMENT unreachable (OQ-8): no official total
20260909T180316Z,FRA,1980,financing,B_s1311_b9,,EUROSTAT_GOV10A_MAIN_S1311,accrued,CY,,be9b2fc46d106f83c85593b7239a217bdbaaf744798989dd181b56452ae8a33e,A,gov_10a_main S1311 B9
20260909T180316Z,FRA,1980,financing,C_s13_nlb,,package_NLB,accrued,CY,,,A,balance_ledger strict NLB
20260909T180316Z,FRA,1981,financing,A_cg_cash_requirement,,FRA_AFT_FINANCEMENT,cash,CY,,,D,FRA_AFT_FINANCEMENT unreachable (OQ-8): no official total
20260909T180316Z,FRA,1981,financing,B_s1311_b9,,EUROSTAT_GOV10A_MAIN_S1311,accrued,CY,,be9b2fc46d106f83c85593b7239a217bdbaaf744798989dd181b56452ae8a33e,A,gov_10a_main S1311 B9
20260909T180316Z,FRA,1981,financing,C_s13_nlb,,package_NLB,accrued,CY,,,A,balance_ledger strict NLB
20260909T180316Z,FRA,1982,financing,A_cg_cash_requirement,,FRA_AFT_FINANCEMENT,cash,CY,,,D,FRA_AFT_FINANCEMENT unreachable (OQ-8): no official total
20260909T180316Z,FRA,1982,financing,B_s1311_b9,,EUROSTAT_GOV10A_MAIN_S1311,accrued,CY,,be9b2fc46d106f83c85593b7239a217bdbaaf744798989dd181b56452ae8a33e,A,gov_10a_main S1311 B9
20260909T180316Z,FRA,1982,financing,C_s13_nlb,,package_NLB,accrued,CY,,,A,balance_ledger strict NLB
20260909T180316Z,FRA,1983,financing,A_cg_cash_requirement,,FRA_AFT_FINANCEMENT,cash,CY,,,D,FRA_AFT_FINANCEMENT unreachable (OQ-8): no official total
20260909T180316Z,FRA,1983,financing,B_s1311_b9,,EUROSTAT_GOV10A_MAIN_S1311,accrued,CY,,be9b2fc46d106f83c85593b7239a217bdbaaf744798989dd181b56452ae8a33e,A,gov_10a_main S1311 B9
20260909T180316Z,FRA,1983,financing,C_s13_nlb,,package_NLB,accrued,CY,,,A,balance_ledger strict NLB
20260909T180316Z,FRA,1984,financing,A_cg_cash_requirement,,FRA_AFT_FINANCEMENT,cash,CY,,,D,FRA_AFT_FINANCEMENT unreachable (OQ-8): no official total
20260909T180316Z,FRA,1984,financing,B_s1311_b9,,EUROSTAT_GOV10A_MAIN_S1311,accrued,CY,,be9b2fc46d106f83c85593b7239a217bdbaaf744798989dd181b56452ae8a33e,A,gov_10a_main S1311 B9
20260909T180316Z,FRA,1984,financing,C_s13_nlb,,package_NLB,accrued,CY,,,A,balance_ledger strict NLB
20260909T180316Z,FRA,1985,financing,A_cg_cash_requirement,,FRA_AFT_FINANCEMENT,cash,CY,,,D,FRA_AFT_FINANCEMENT unreachable (OQ-8): no official total
20260909T180316Z,FRA,1985,financing,B_s1311_b9,,EUROSTAT_GOV10A_MAIN_S1311,accrued,CY,,be9b2fc46d106f83c85593b7239a217bdbaaf744798989dd181b56452ae8a33e,A,gov_10a_main S1311 B9
20260909T180316Z,FRA,1985,financing,C_s13_nlb,,package_NLB,accrued,CY,,,A,balance_ledger strict NLB
20260909T180316Z,FRA,1986,financing,A_cg_cash_requirement,,FRA_AFT_FINANCEMENT,cash,CY,,,D,FRA_AFT_FINANCEMENT unreachable (OQ-8): no official total
20260909T180316Z,FRA,1986,financing,B_s1311_b9,,EUROSTAT_GOV10A_MAIN_S1311,accrued,CY,,be9b2fc46d106f83c85593b7239a217bdbaaf744798989dd181b56452ae8a33e,A,gov_10a_main S1311 B9
20260909T180316Z,FRA,1986,financing,C_s13_nlb,,package_NLB,accrued,CY,,,A,balance_ledger strict NLB
20260909T180316Z,FRA,1987,financing,A_cg_cash_requirement,,FRA_AFT_FINANCEMENT,cash,CY,,,D,FRA_AFT_FINANCEMENT unreachable (OQ-8): no official total
20260909T180316Z,FRA,1987,financing,B_s1311_b9,,EUROSTAT_GOV10A_MAIN_S1311,accrued,CY,,be9b2fc46d106f83c85593b7239a217bdbaaf744798989dd181b56452ae8a33e,A,gov_10a_main S1311 B9
20260909T180316Z,FRA,1987,financing,C_s13_nlb,,package_NLB,accrued,CY,,,A,balance_ledger strict NLB
20260909T180316Z,FRA,1988,financing,A_cg_cash_requirement,,FRA_AFT_FINANCEMENT,cash,CY,,,D,FRA_AFT_FINANCEMENT unreachable (OQ-8): no official total
20260909T180316Z,FRA,1988,financing,B_s1311_b9,,EUROSTAT_GOV10A_MAIN_S1311,accrued,CY,,be9b2fc46d106f83c85593b7239a217bdbaaf744798989dd181b56452ae8a33e,A,gov_10a_main S1311 B9
20260909T180316Z,FRA,1988,financing,C_s13_nlb,,package_NLB,accrued,CY,,,A,balance_ledger strict NLB
20260909T180316Z,FRA,1989,financing,A_cg_cash_requirement,,FRA_AFT_FINANCEMENT,cash,CY,,,D,FRA_AFT_FINANCEMENT unreachable (OQ-8): no official total
20260909T180316Z,FRA,1989,financing,B_s1311_b9,,EUROSTAT_GOV10A_MAIN_S1311,accrued,CY,,be9b2fc46d106f83c85593b7239a217bdbaaf744798989dd181b56452ae8a33e,A,gov_10a_main S1311 B9
20260909T180316Z,FRA,1989,financing,C_s13_nlb,,package_NLB,accrued,CY,,,A,balance_ledger strict NLB
20260909T180316Z,FRA,1990,financing,A_cg_cash_requirement,,FRA_AFT_FINANCEMENT,cash,CY,,,D,FRA_AFT_FINANCEMENT unreachable (OQ-8): no official total
20260909T180316Z,FRA,1990,financing,B_s1311_b9,,EUROSTAT_GOV10A_MAIN_S1311,accrued,CY,,be9b2fc46d106f83c85593b7239a217bdbaaf744798989dd181b56452ae8a33e,A,gov_10a_main S1311 B9
20260909T180316Z,FRA,1990,financing,C_s13_nlb,,package_NLB,accrued,CY,,,A,balance_ledger strict NLB
20260909T180316Z,FRA,1991,financing,A_cg_cash_requirement,,FRA_AFT_FINANCEMENT,cash,CY,,,D,FRA_AFT_FINANCEMENT unreachable (OQ-8): no official total
20260909T180316Z,FRA,1991,financing,B_s1311_b9,,EUROSTAT_GOV10A_MAIN_S1311,accrued,CY,,be9b2fc46d106f83c85593b7239a217bdbaaf744798989dd181b56452ae8a33e,A,gov_10a_main S1311 B9
20260909T180316Z,FRA,1991,financing,C_s13_nlb,,package_NLB,accrued,CY,,,A,balance_ledger strict NLB
20260909T180316Z,FRA,1992,financing,A_cg_cash_requirement,,FRA_AFT_FINANCEMENT,cash,CY,,,D,FRA_AFT_FINANCEMENT unreachable (OQ-8): no official total
20260909T180316Z,FRA,1992,financing,B_s1311_b9,,EUROSTAT_GOV10A_MAIN_S1311,accrued,CY,,be9b2fc46d106f83c85593b7239a217bdbaaf744798989dd181b56452ae8a33e,A,gov_10a_main S1311 B9
20260909T180316Z,FRA,1992,financing,C_s13_nlb,,package_NLB,accrued,CY,,,A,balance_ledger strict NLB
20260909T180316Z,FRA,1993,financing,A_cg_cash_requirement,,FRA_AFT_FINANCEMENT,cash,CY,,,D,FRA_AFT_FINANCEMENT unreachable (OQ-8): no official total
20260909T180316Z,FRA,1993,financing,B_s1311_b9,,EUROSTAT_GOV10A_MAIN_S1311,accrued,CY,,be9b2fc46d106f83c85593b7239a217bdbaaf744798989dd181b56452ae8a33e,A,gov_10a_main S1311 B9
20260909T180316Z,FRA,1993,financing,C_s13_nlb,,package_NLB,accrued,CY,,,A,balance_ledger strict NLB
20260909T180316Z,FRA,1994,financing,A_cg_cash_requirement,,FRA_AFT_FINANCEMENT,cash,CY,,,D,FRA_AFT_FINANCEMENT unreachable (OQ-8): no official total
20260909T180316Z,FRA,1994,financing,B_s1311_b9,,EUROSTAT_GOV10A_MAIN_S1311,accrued,CY,,be9b2fc46d106f83c85593b7239a217bdbaaf744798989dd181b56452ae8a33e,A,gov_10a_main S1311 B9
20260909T180316Z,FRA,1994,financing,C_s13_nlb,,package_NLB,accrued,CY,,,A,balance_ledger strict NLB
20260909T180316Z,FRA,1995,financing,A_cg_cash_requirement,,FRA_AFT_FINANCEMENT,cash,CY,,,D,FRA_AFT_FINANCEMENT unreachable (OQ-8): no official total
20260909T180316Z,FRA,1995,financing,B_s1311_b9,-49274.0,EUROSTAT_GOV10A_MAIN_S1311,accrued,CY,,be9b2fc46d106f83c85593b7239a217bdbaaf744798989dd181b56452ae8a33e,A,gov_10a_main S1311 B9
20260909T180316Z,FRA,1995,financing,C_s13_nlb,-62038.70000000007,package_NLB,accrued,CY,,,A,balance_ledger strict NLB
20260909T180316Z,FRA,1996,financing,A_cg_cash_requirement,,FRA_AFT_FINANCEMENT,cash,CY,,,D,FRA_AFT_FINANCEMENT unreachable (OQ-8): no official total
20260909T180316Z,FRA,1996,financing,B_s1311_b9,-42761.0,EUROSTAT_GOV10A_MAIN_S1311,accrued,CY,,be9b2fc46d106f83c85593b7239a217bdbaaf744798989dd181b56452ae8a33e,A,gov_10a_main S1311 B9
20260909T180316Z,FRA,1996,financing,C_s13_nlb,-48584.0,package_NLB,accrued,CY,,,A,balance_ledger strict NLB
20260909T180316Z,FRA,1997,financing,A_cg_cash_requirement,,FRA_AFT_FINANCEMENT,cash,CY,,,D,FRA_AFT_FINANCEMENT unreachable (OQ-8): no official total
20260909T180316Z,FRA,1997,financing,B_s1311_b9,-46207.3,EUROSTAT_GOV10A_MAIN_S1311,accrued,CY,,be9b2fc46d106f83c85593b7239a217bdbaaf744798989dd181b56452ae8a33e,A,gov_10a_main S1311 B9
20260909T180316Z,FRA,1997,financing,C_s13_nlb,-47865.29999999993,package_NLB,accrued,CY,,,A,balance_ledger strict NLB
20260909T180316Z,FRA,1998,financing,A_cg_cash_requirement,,FRA_AFT_FINANCEMENT,cash,CY,,,D,FRA_AFT_FINANCEMENT unreachable (OQ-8): no official total
20260909T180316Z,FRA,1998,financing,B_s1311_b9,-34596.3,EUROSTAT_GOV10A_MAIN_S1311,accrued,CY,,be9b2fc46d106f83c85593b7239a217bdbaaf744798989dd181b56452ae8a33e,A,gov_10a_main S1311 B9
20260909T180316Z,FRA,1998,financing,C_s13_nlb,-32194.699999999953,package_NLB,accrued,CY,,,A,balance_ledger strict NLB
20260909T180316Z,FRA,1999,financing,A_cg_cash_requirement,,FRA_AFT_FINANCEMENT,cash,CY,,,D,FRA_AFT_FINANCEMENT unreachable (OQ-8): no official total
20260909T180316Z,FRA,1999,financing,B_s1311_b9,-30182.6,EUROSTAT_GOV10A_MAIN_S1311,accrued,CY,,be9b2fc46d106f83c85593b7239a217bdbaaf744798989dd181b56452ae8a33e,A,gov_10a_main S1311 B9
20260909T180316Z,FRA,1999,financing,C_s13_nlb,-21544.300000000047,package_NLB,accrued,CY,,,A,balance_ledger strict NLB
20260909T180316Z,FRA,2000,financing,A_cg_cash_requirement,,FRA_AFT_FINANCEMENT,cash,CY,,,D,FRA_AFT_FINANCEMENT unreachable (OQ-8): no official total
20260909T180316Z,FRA,2000,financing,B_s1311_b9,-31762.4,EUROSTAT_GOV10A_MAIN_S1311,accrued,CY,,be9b2fc46d106f83c85593b7239a217bdbaaf744798989dd181b56452ae8a33e,A,gov_10a_main S1311 B9
20260909T180316Z,FRA,2000,financing,C_s13_nlb,-19342.199999999953,package_NLB,accrued,CY,,,A,balance_ledger strict NLB
20260909T180316Z,FRA,2001,financing,A_cg_cash_requirement,,FRA_AFT_FINANCEMENT,cash,CY,,,D,FRA_AFT_FINANCEMENT unreachable (OQ-8): no official total
20260909T180316Z,FRA,2001,financing,B_s1311_b9,-32766.3,EUROSTAT_GOV10A_MAIN_S1311,accrued,CY,,be9b2fc46d106f83c85593b7239a217bdbaaf744798989dd181b56452ae8a33e,A,gov_10a_main S1311 B9
20260909T180316Z,FRA,2001,financing,C_s13_nlb,-21686.599999999977,package_NLB,accrued,CY,,,A,balance_ledger strict NLB
20260909T180316Z,FRA,2002,financing,A_cg_cash_requirement,,FRA_AFT_FINANCEMENT,cash,CY,,,D,FRA_AFT_FINANCEMENT unreachable (OQ-8): no official total
20260909T180316Z,FRA,2002,financing,B_s1311_b9,-54464.9,EUROSTAT_GOV10A_MAIN_S1311,accrued,CY,,be9b2fc46d106f83c85593b7239a217bdbaaf744798989dd181b56452ae8a33e,A,gov_10a_main S1311 B9
20260909T180316Z,FRA,2002,financing,C_s13_nlb,-50120.90000000002,package_NLB,accrued,CY,,,A,balance_ledger strict NLB
20260909T180316Z,FRA,2003,financing,A_cg_cash_requirement,,FRA_AFT_FINANCEMENT,cash,CY,,,D,FRA_AFT_FINANCEMENT unreachable (OQ-8): no official total
20260909T180316Z,FRA,2003,financing,B_s1311_b9,-61899.6,EUROSTAT_GOV10A_MAIN_S1311,accrued,CY,,be9b2fc46d106f83c85593b7239a217bdbaaf744798989dd181b56452ae8a33e,A,gov_10a_main S1311 B9
20260909T180316Z,FRA,2003,financing,C_s13_nlb,-66317.0,package_NLB,accrued,CY,,,A,balance_ledger strict NLB
20260909T180316Z,FRA,2004,financing,A_cg_cash_requirement,,FRA_AFT_FINANCEMENT,cash,CY,,,D,FRA_AFT_FINANCEMENT unreachable (OQ-8): no official total
20260909T180316Z,FRA,2004,financing,B_s1311_b9,-45868.5,EUROSTAT_GOV10A_MAIN_S1311,accrued,CY,,be9b2fc46d106f83c85593b7239a217bdbaaf744798989dd181b56452ae8a33e,A,gov_10a_main S1311 B9
20260909T180316Z,FRA,2004,financing,C_s13_nlb,-60299.80000000005,package_NLB,accrued,CY,,,A,balance_ledger strict NLB
20260909T180316Z,FRA,2005,financing,A_cg_cash_requirement,,FRA_AFT_FINANCEMENT,cash,CY,,,D,FRA_AFT_FINANCEMENT unreachable (OQ-8): no official total
20260909T180316Z,FRA,2005,financing,B_s1311_b9,-48930.9,EUROSTAT_GOV10A_MAIN_S1311,accrued,CY,,be9b2fc46d106f83c85593b7239a217bdbaaf744798989dd181b56452ae8a33e,A,gov_10a_main S1311 B9
20260909T180316Z,FRA,2005,financing,C_s13_nlb,-61801.40000000002,package_NLB,accrued,CY,,,A,balance_ledger strict NLB
20260909T180316Z,FRA,2006,financing,A_cg_cash_requirement,,FRA_AFT_FINANCEMENT,cash,CY,,,D,FRA_AFT_FINANCEMENT unreachable (OQ-8): no official total
20260909T180316Z,FRA,2006,financing,B_s1311_b9,-46082.3,EUROSTAT_GOV10A_MAIN_S1311,accrued,CY,,be9b2fc46d106f83c85593b7239a217bdbaaf744798989dd181b56452ae8a33e,A,gov_10a_main S1311 B9
20260909T180316Z,FRA,2006,financing,C_s13_nlb,-49062.60000000009,package_NLB,accrued,CY,,,A,balance_ledger strict NLB
20260909T180316Z,FRA,2007,financing,A_cg_cash_requirement,,FRA_AFT_FINANCEMENT,cash,CY,,,D,FRA_AFT_FINANCEMENT unreachable (OQ-8): no official total
20260909T180316Z,FRA,2007,financing,B_s1311_b9,-51905.5,EUROSTAT_GOV10A_MAIN_S1311,accrued,CY,,be9b2fc46d106f83c85593b7239a217bdbaaf744798989dd181b56452ae8a33e,A,gov_10a_main S1311 B9
20260909T180316Z,FRA,2007,financing,C_s13_nlb,-57935.69999999995,package_NLB,accrued,CY,,,A,balance_ledger strict NLB
20260909T180316Z,FRA,2008,financing,A_cg_cash_requirement,,FRA_AFT_FINANCEMENT,cash,CY,,,D,FRA_AFT_FINANCEMENT unreachable (OQ-8): no official total
20260909T180316Z,FRA,2008,financing,B_s1311_b9,-71531.0,EUROSTAT_GOV10A_MAIN_S1311,accrued,CY,,be9b2fc46d106f83c85593b7239a217bdbaaf744798989dd181b56452ae8a33e,A,gov_10a_main S1311 B9
20260909T180316Z,FRA,2008,financing,C_s13_nlb,-69690.09999999998,package_NLB,accrued,CY,,,A,balance_ledger strict NLB
20260909T180316Z,FRA,2009,financing,A_cg_cash_requirement,,FRA_AFT_FINANCEMENT,cash,CY,,,D,FRA_AFT_FINANCEMENT unreachable (OQ-8): no official total
20260909T180316Z,FRA,2009,financing,B_s1311_b9,-119237.1,EUROSTAT_GOV10A_MAIN_S1311,accrued,CY,,be9b2fc46d106f83c85593b7239a217bdbaaf744798989dd181b56452ae8a33e,A,gov_10a_main S1311 B9
20260909T180316Z,FRA,2009,financing,C_s13_nlb,-142833.90000000002,package_NLB,accrued,CY,,,A,balance_ledger strict NLB
20260909T180316Z,FRA,2010,financing,A_cg_cash_requirement,,FRA_AFT_FINANCEMENT,cash,CY,,,D,FRA_AFT_FINANCEMENT unreachable (OQ-8): no official total
20260909T180316Z,FRA,2010,financing,B_s1311_b9,-114834.9,EUROSTAT_GOV10A_MAIN_S1311,accrued,CY,,be9b2fc46d106f83c85593b7239a217bdbaaf744798989dd181b56452ae8a33e,A,gov_10a_main S1311 B9
20260909T180316Z,FRA,2010,financing,C_s13_nlb,-142760.5,package_NLB,accrued,CY,,,A,balance_ledger strict NLB
20260909T180316Z,FRA,2011,financing,A_cg_cash_requirement,,FRA_AFT_FINANCEMENT,cash,CY,,,D,FRA_AFT_FINANCEMENT unreachable (OQ-8): no official total
20260909T180316Z,FRA,2011,financing,B_s1311_b9,-93239.6,EUROSTAT_GOV10A_MAIN_S1311,accrued,CY,,be9b2fc46d106f83c85593b7239a217bdbaaf744798989dd181b56452ae8a33e,A,gov_10a_main S1311 B9
20260909T180316Z,FRA,2011,financing,C_s13_nlb,-109385.5,package_NLB,accrued,CY,,,A,balance_ledger strict NLB
20260909T180316Z,FRA,2012,financing,A_cg_cash_requirement,,FRA_AFT_FINANCEMENT,cash,CY,,,D,FRA_AFT_FINANCEMENT unreachable (OQ-8): no official total
20260909T180316Z,FRA,2012,financing,B_s1311_b9,-88741.8,EUROSTAT_GOV10A_MAIN_S1311,accrued,CY,,be9b2fc46d106f83c85593b7239a217bdbaaf744798989dd181b56452ae8a33e,A,gov_10a_main S1311 B9
20260909T180316Z,FRA,2012,financing,C_s13_nlb,-107987.20000000019,package_NLB,accrued,CY,,,A,balance_ledger strict NLB
20260909T180316Z,FRA,2013,financing,A_cg_cash_requirement,,FRA_AFT_FINANCEMENT,cash,CY,,,D,FRA_AFT_FINANCEMENT unreachable (OQ-8): no official total
20260909T180316Z,FRA,2013,financing,B_s1311_b9,-85613.8,EUROSTAT_GOV10A_MAIN_S1311,accrued,CY,,be9b2fc46d106f83c85593b7239a217bdbaaf744798989dd181b56452ae8a33e,A,gov_10a_main S1311 B9
20260909T180316Z,FRA,2013,financing,C_s13_nlb,-104711.80000000005,package_NLB,accrued,CY,,,A,balance_ledger strict NLB
20260909T180316Z,FRA,2014,financing,A_cg_cash_requirement,,FRA_AFT_FINANCEMENT,cash,CY,,,D,FRA_AFT_FINANCEMENT unreachable (OQ-8): no official total
20260909T180316Z,FRA,2014,financing,B_s1311_b9,-83691.0,EUROSTAT_GOV10A_MAIN_S1311,accrued,CY,,be9b2fc46d106f83c85593b7239a217bdbaaf744798989dd181b56452ae8a33e,A,gov_10a_main S1311 B9
20260909T180316Z,FRA,2014,financing,C_s13_nlb,-98504.0,package_NLB,accrued,CY,,,A,balance_ledger strict NLB
20260909T180316Z,FRA,2015,financing,A_cg_cash_requirement,,FRA_AFT_FINANCEMENT,cash,CY,,,D,FRA_AFT_FINANCEMENT unreachable (OQ-8): no official total
20260909T180316Z,FRA,2015,financing,B_s1311_b9,-79584.0,EUROSTAT_GOV10A_MAIN_S1311,accrued,CY,,be9b2fc46d106f83c85593b7239a217bdbaaf744798989dd181b56452ae8a33e,A,gov_10a_main S1311 B9
20260909T180316Z,FRA,2015,financing,C_s13_nlb,-85681.0,package_NLB,accrued,CY,,,A,balance_ledger strict NLB
20260909T180316Z,FRA,2016,financing,A_cg_cash_requirement,,FRA_AFT_FINANCEMENT,cash,CY,,,D,FRA_AFT_FINANCEMENT unreachable (OQ-8): no official total
20260909T180316Z,FRA,2016,financing,B_s1311_b9,-81898.2,EUROSTAT_GOV10A_MAIN_S1311,accrued,CY,,be9b2fc46d106f83c85593b7239a217bdbaaf744798989dd181b56452ae8a33e,A,gov_10a_main S1311 B9
20260909T180316Z,FRA,2016,financing,C_s13_nlb,-84025.20000000019,package_NLB,accrued,CY,,,A,balance_ledger strict NLB
20260909T180316Z,FRA,2017,financing,A_cg_cash_requirement,,FRA_AFT_FINANCEMENT,cash,CY,,,D,FRA_AFT_FINANCEMENT unreachable (OQ-8): no official total
20260909T180316Z,FRA,2017,financing,B_s1311_b9,-81875.7,EUROSTAT_GOV10A_MAIN_S1311,accrued,CY,,be9b2fc46d106f83c85593b7239a217bdbaaf744798989dd181b56452ae8a33e,A,gov_10a_main S1311 B9
20260909T180316Z,FRA,2017,financing,C_s13_nlb,-77057.70000000019,package_NLB,accrued,CY,,,A,balance_ledger strict NLB
20260909T180316Z,FRA,2018,financing,A_cg_cash_requirement,,FRA_AFT_FINANCEMENT,cash,CY,,,D,FRA_AFT_FINANCEMENT unreachable (OQ-8): no official total
20260909T180316Z,FRA,2018,financing,B_s1311_b9,-65607.2,EUROSTAT_GOV10A_MAIN_S1311,accrued,CY,,be9b2fc46d106f83c85593b7239a217bdbaaf744798989dd181b56452ae8a33e,A,gov_10a_main S1311 B9
20260909T180316Z,FRA,2018,financing,C_s13_nlb,-54616.19999999995,package_NLB,accrued,CY,,,A,balance_ledger strict NLB
20260909T180316Z,FRA,2019,financing,A_cg_cash_requirement,,FRA_AFT_FINANCEMENT,cash,CY,,,D,FRA_AFT_FINANCEMENT unreachable (OQ-8): no official total
20260909T180316Z,FRA,2019,financing,B_s1311_b9,-67768.5,EUROSTAT_GOV10A_MAIN_S1311,accrued,CY,,be9b2fc46d106f83c85593b7239a217bdbaaf744798989dd181b56452ae8a33e,A,gov_10a_main S1311 B9
20260909T180316Z,FRA,2019,financing,C_s13_nlb,-58225.5,package_NLB,accrued,CY,,,A,balance_ledger strict NLB
20260909T180316Z,FRA,2020,financing,A_cg_cash_requirement,,FRA_AFT_FINANCEMENT,cash,CY,,,D,FRA_AFT_FINANCEMENT unreachable (OQ-8): no official total
20260909T180316Z,FRA,2020,financing,B_s1311_b9,-154922.5,EUROSTAT_GOV10A_MAIN_S1311,accrued,CY,,be9b2fc46d106f83c85593b7239a217bdbaaf744798989dd181b56452ae8a33e,A,gov_10a_main S1311 B9
20260909T180316Z,FRA,2020,financing,C_s13_nlb,-207084.3999999999,package_NLB,accrued,CY,,,A,balance_ledger strict NLB
20260909T180316Z,FRA,2021,financing,A_cg_cash_requirement,,FRA_AFT_FINANCEMENT,cash,CY,,,D,FRA_AFT_FINANCEMENT unreachable (OQ-8): no official total
20260909T180316Z,FRA,2021,financing,B_s1311_b9,-144546.7,EUROSTAT_GOV10A_MAIN_S1311,accrued,CY,,be9b2fc46d106f83c85593b7239a217bdbaaf744798989dd181b56452ae8a33e,A,gov_10a_main S1311 B9
20260909T180316Z,FRA,2021,financing,C_s13_nlb,-165149.30000000005,package_NLB,accrued,CY,,,A,balance_ledger strict NLB
20260909T180316Z,FRA,2022,financing,A_cg_cash_requirement,,FRA_AFT_FINANCEMENT,cash,CY,,,D,FRA_AFT_FINANCEMENT unreachable (OQ-8): no official total
20260909T180316Z,FRA,2022,financing,B_s1311_b9,-133247.0,EUROSTAT_GOV10A_MAIN_S1311,accrued,CY,,be9b2fc46d106f83c85593b7239a217bdbaaf744798989dd181b56452ae8a33e,A,gov_10a_main S1311 B9
20260909T180316Z,FRA,2022,financing,C_s13_nlb,-125895.79999999981,package_NLB,accrued,CY,,,A,balance_ledger strict NLB
20260909T180316Z,FRA,2023,financing,A_cg_cash_requirement,,FRA_AFT_FINANCEMENT,cash,CY,,,D,FRA_AFT_FINANCEMENT unreachable (OQ-8): no official total
20260909T180316Z,FRA,2023,financing,B_s1311_b9,-153819.0,EUROSTAT_GOV10A_MAIN_S1311,accrued,CY,,be9b2fc46d106f83c85593b7239a217bdbaaf744798989dd181b56452ae8a33e,A,gov_10a_main S1311 B9
20260909T180316Z,FRA,2023,financing,C_s13_nlb,-151920.30000000005,package_NLB,accrued,CY,,,A,balance_ledger strict NLB
20260909T180316Z,FRA,2024,financing,A_cg_cash_requirement,,FRA_AFT_FINANCEMENT,cash,CY,,,D,FRA_AFT_FINANCEMENT unreachable (OQ-8): no official total
20260909T180316Z,FRA,2024,financing,B_s1311_b9,-152464.3,EUROSTAT_GOV10A_MAIN_S1311,accrued,CY,,be9b2fc46d106f83c85593b7239a217bdbaaf744798989dd181b56452ae8a33e,A,gov_10a_main S1311 B9
20260909T180316Z,FRA,2024,financing,C_s13_nlb,-169118.09999999986,package_NLB,accrued,CY,,,A,balance_ledger strict NLB
20260909T180316Z,FRA,2025,financing,A_cg_cash_requirement,,FRA_AFT_FINANCEMENT,cash,CY,,,D,FRA_AFT_FINANCEMENT unreachable (OQ-8): no official total
20260909T180316Z,FRA,2025,financing,B_s1311_b9,-130237.3,EUROSTAT_GOV10A_MAIN_S1311,accrued,CY,,be9b2fc46d106f83c85593b7239a217bdbaaf744798989dd181b56452ae8a33e,A,gov_10a_main S1311 B9
20260909T180316Z,FRA,2025,financing,C_s13_nlb,-152511.09999999986,package_NLB,accrued,CY,,,A,balance_ledger strict NLB
20260909T180316Z,FRA,1978,interest,A_cg_cash,,FRA_PLF_P117,cash_budgetaire,CY,,,D,FRA_PLF_P117 unreachable (OQ-8): no official total
20260909T180316Z,FRA,1978,interest,B_s1311_d41,,EUROSTAT_GOV10A_MAIN_S1311,accrued,CY,,f68700424af587901cffc3d7db9af08fecba733f424a72c058e606b8329704ea,A,gov_10a_main S1311 D41PAY
20260909T180316Z,FRA,1978,interest,C_s13_gf01_7,3763.370224807419,package_GF01_7,accrued,CY,,,A,"expenditure_long_strict GF01_7, actuals only"
20260909T180316Z,FRA,1979,interest,A_cg_cash,,FRA_PLF_P117,cash_budgetaire,CY,,,D,FRA_PLF_P117 unreachable (OQ-8): no official total
20260909T180316Z,FRA,1979,interest,B_s1311_d41,,EUROSTAT_GOV10A_MAIN_S1311,accrued,CY,,f68700424af587901cffc3d7db9af08fecba733f424a72c058e606b8329704ea,A,gov_10a_main S1311 D41PAY
20260909T180316Z,FRA,1979,interest,C_s13_gf01_7,4721.737510301886,package_GF01_7,accrued,CY,,,A,"expenditure_long_strict GF01_7, actuals only"
20260909T180316Z,FRA,1980,interest,A_cg_cash,,FRA_PLF_P117,cash_budgetaire,CY,,,D,FRA_PLF_P117 unreachable (OQ-8): no official total
20260909T180316Z,FRA,1980,interest,B_s1311_d41,,EUROSTAT_GOV10A_MAIN_S1311,accrued,CY,,f68700424af587901cffc3d7db9af08fecba733f424a72c058e606b8329704ea,A,gov_10a_main S1311 D41PAY
20260909T180316Z,FRA,1980,interest,C_s13_gf01_7,5762.758742907775,package_GF01_7,accrued,CY,,,A,"expenditure_long_strict GF01_7, actuals only"
20260909T180316Z,FRA,1981,interest,A_cg_cash,,FRA_PLF_P117,cash_budgetaire,CY,,,D,FRA_PLF_P117 unreachable (OQ-8): no official total
20260909T180316Z,FRA,1981,interest,B_s1311_d41,,EUROSTAT_GOV10A_MAIN_S1311,accrued,CY,,f68700424af587901cffc3d7db9af08fecba733f424a72c058e606b8329704ea,A,gov_10a_main S1311 D41PAY
20260909T180316Z,FRA,1981,interest,C_s13_gf01_7,9069.96287985975,package_GF01_7,accrued,CY,,,A,"expenditure_long_strict GF01_7, actuals only"
20260909T180316Z,FRA,1982,interest,A_cg_cash,,FRA_PLF_P117,cash_budgetaire,CY,,,D,FRA_PLF_P117 unreachable (OQ-8): no official total
20260909T180316Z,FRA,1982,interest,B_s1311_d41,,EUROSTAT_GOV10A_MAIN_S1311,accrued,CY,,f68700424af587901cffc3d7db9af08fecba733f424a72c058e606b8329704ea,A,gov_10a_main S1311 D41PAY
20260909T180316Z,FRA,1982,interest,C_s13_gf01_7,10727.226832068522,package_GF01_7,accrued,CY,,,A,"expenditure_long_strict GF01_7, actuals only"
20260909T180316Z,FRA,1983,interest,A_cg_cash,,FRA_PLF_P117,cash_budgetaire,CY,,,D,FRA_PLF_P117 unreachable (OQ-8): no official total
20260909T180316Z,FRA,1983,interest,B_s1311_d41,,EUROSTAT_GOV10A_MAIN_S1311,accrued,CY,,f68700424af587901cffc3d7db9af08fecba733f424a72c058e606b8329704ea,A,gov_10a_main S1311 D41PAY
20260909T180316Z,FRA,1983,interest,C_s13_gf01_7,15018.954566891996,package_GF01_7,accrued,CY,,,A,"expenditure_long_strict GF01_7, actuals only"
20260909T180316Z,FRA,1984,interest,A_cg_cash,,FRA_PLF_P117,cash_budgetaire,CY,,,D,FRA_PLF_P117 unreachable (OQ-8): no official total
20260909T180316Z,FRA,1984,interest,B_s1311_d41,,EUROSTAT_GOV10A_MAIN_S1311,accrued,CY,,f68700424af587901cffc3d7db9af08fecba733f424a72c058e606b8329704ea,A,gov_10a_main S1311 D41PAY
20260909T180316Z,FRA,1984,interest,C_s13_gf01_7,17247.472381415155,package_GF01_7,accrued,CY,,,A,"expenditure_long_strict GF01_7, actuals only"
20260909T180316Z,FRA,1985,interest,A_cg_cash,,FRA_PLF_P117,cash_budgetaire,CY,,,D,FRA_PLF_P117 unreachable (OQ-8): no official total
20260909T180316Z,FRA,1985,interest,B_s1311_d41,,EUROSTAT_GOV10A_MAIN_S1311,accrued,CY,,f68700424af587901cffc3d7db9af08fecba733f424a72c058e606b8329704ea,A,gov_10a_main S1311 D41PAY
20260909T180316Z,FRA,1985,interest,C_s13_gf01_7,20029.45776583632,package_GF01_7,accrued,CY,,,A,"expenditure_long_strict GF01_7, actuals only"
20260909T180316Z,FRA,1986,interest,A_cg_cash,,FRA_PLF_P117,cash_budgetaire,CY,,,D,FRA_PLF_P117 unreachable (OQ-8): no official total
20260909T180316Z,FRA,1986,interest,B_s1311_d41,,EUROSTAT_GOV10A_MAIN_S1311,accrued,CY,,f68700424af587901cffc3d7db9af08fecba733f424a72c058e606b8329704ea,A,gov_10a_main S1311 D41PAY
20260909T180316Z,FRA,1986,interest,C_s13_gf01_7,21773.560675136843,package_GF01_7,accrued,CY,,,A,"expenditure_long_strict GF01_7, actuals only"
20260909T180316Z,FRA,1987,interest,A_cg_cash,,FRA_PLF_P117,cash_budgetaire,CY,,,D,FRA_PLF_P117 unreachable (OQ-8): no official total
20260909T180316Z,FRA,1987,interest,B_s1311_d41,,EUROSTAT_GOV10A_MAIN_S1311,accrued,CY,,f68700424af587901cffc3d7db9af08fecba733f424a72c058e606b8329704ea,A,gov_10a_main S1311 D41PAY
20260909T180316Z,FRA,1987,interest,C_s13_gf01_7,22057.095101303876,package_GF01_7,accrued,CY,,,A,"expenditure_long_strict GF01_7, actuals only"
20260909T180316Z,FRA,1988,interest,A_cg_cash,,FRA_PLF_P117,cash_budgetaire,CY,,,D,FRA_PLF_P117 unreachable (OQ-8): no official total
20260909T180316Z,FRA,1988,interest,B_s1311_d41,,EUROSTAT_GOV10A_MAIN_S1311,accrued,CY,,f68700424af587901cffc3d7db9af08fecba733f424a72c058e606b8329704ea,A,gov_10a_main S1311 D41PAY
20260909T180316Z,FRA,1988,interest,C_s13_gf01_7,22941.17845964757,package_GF01_7,accrued,CY,,,A,"expenditure_long_strict GF01_7, actuals only"
20260909T180316Z,FRA,1989,interest,A_cg_cash,,FRA_PLF_P117,cash_budgetaire,CY,,,D,FRA_PLF_P117 unreachable (OQ-8): no official total
20260909T180316Z,FRA,1989,interest,B_s1311_d41,,EUROSTAT_GOV10A_MAIN_S1311,accrued,CY,,f68700424af587901cffc3d7db9af08fecba733f424a72c058e606b8329704ea,A,gov_10a_main S1311 D41PAY
20260909T180316Z,FRA,1989,interest,C_s13_gf01_7,25587.151019708166,package_GF01_7,accrued,CY,,,A,"expenditure_long_strict GF01_7, actuals only"
20260909T180316Z,FRA,1990,interest,A_cg_cash,,FRA_PLF_P117,cash_budgetaire,CY,,,D,FRA_PLF_P117 unreachable (OQ-8): no official total
20260909T180316Z,FRA,1990,interest,B_s1311_d41,,EUROSTAT_GOV10A_MAIN_S1311,accrued,CY,,f68700424af587901cffc3d7db9af08fecba733f424a72c058e606b8329704ea,A,gov_10a_main S1311 D41PAY
20260909T180316Z,FRA,1990,interest,C_s13_gf01_7,29415.388899210626,package_GF01_7,accrued,CY,,,A,"expenditure_long_strict GF01_7, actuals only"
20260909T180316Z,FRA,1991,interest,A_cg_cash,,FRA_PLF_P117,cash_budgetaire,CY,,,D,FRA_PLF_P117 unreachable (OQ-8): no official total
20260909T180316Z,FRA,1991,interest,B_s1311_d41,,EUROSTAT_GOV10A_MAIN_S1311,accrued,CY,,f68700424af587901cffc3d7db9af08fecba733f424a72c058e606b8329704ea,A,gov_10a_main S1311 D41PAY
20260909T180316Z,FRA,1991,interest,C_s13_gf01_7,31956.736209763094,package_GF01_7,accrued,CY,,,A,"expenditure_long_strict GF01_7, actuals only"
20260909T180316Z,FRA,1992,interest,A_cg_cash,,FRA_PLF_P117,cash_budgetaire,CY,,,D,FRA_PLF_P117 unreachable (OQ-8): no official total
20260909T180316Z,FRA,1992,interest,B_s1311_d41,,EUROSTAT_GOV10A_MAIN_S1311,accrued,CY,,f68700424af587901cffc3d7db9af08fecba733f424a72c058e606b8329704ea,A,gov_10a_main S1311 D41PAY
20260909T180316Z,FRA,1992,interest,C_s13_gf01_7,35221.04399441674,package_GF01_7,accrued,CY,,,A,"expenditure_long_strict GF01_7, actuals only"
20260909T180316Z,FRA,1993,interest,A_cg_cash,,FRA_PLF_P117,cash_budgetaire,CY,,,D,FRA_PLF_P117 unreachable (OQ-8): no official total
20260909T180316Z,FRA,1993,interest,B_s1311_d41,,EUROSTAT_GOV10A_MAIN_S1311,accrued,CY,,f68700424af587901cffc3d7db9af08fecba733f424a72c058e606b8329704ea,A,gov_10a_main S1311 D41PAY
20260909T180316Z,FRA,1993,interest,C_s13_gf01_7,38459.195466693345,package_GF01_7,accrued,CY,,,A,"expenditure_long_strict GF01_7, actuals only"
20260909T180316Z,FRA,1994,interest,A_cg_cash,,FRA_PLF_P117,cash_budgetaire,CY,,,D,FRA_PLF_P117 unreachable (OQ-8): no official total
20260909T180316Z,FRA,1994,interest,B_s1311_d41,,EUROSTAT_GOV10A_MAIN_S1311,accrued,CY,,f68700424af587901cffc3d7db9af08fecba733f424a72c058e606b8329704ea,A,gov_10a_main S1311 D41PAY
20260909T180316Z,FRA,1994,interest,C_s13_gf01_7,40979.617727344186,package_GF01_7,accrued,CY,,,A,"expenditure_long_strict GF01_7, actuals only"
20260909T180316Z,FRA,1995,interest,A_cg_cash,,FRA_PLF_P117,cash_budgetaire,CY,,,D,FRA_PLF_P117 unreachable (OQ-8): no official total
20260909T180316Z,FRA,1995,interest,B_s1311_d41,34088.3,EUROSTAT_GOV10A_MAIN_S1311,accrued,CY,,f68700424af587901cffc3d7db9af08fecba733f424a72c058e606b8329704ea,A,gov_10a_main S1311 D41PAY
20260909T180316Z,FRA,1995,interest,C_s13_gf01_7,43924.4,package_GF01_7,accrued,CY,,,A,"expenditure_long_strict GF01_7, actuals only"
20260909T180316Z,FRA,1996,interest,A_cg_cash,,FRA_PLF_P117,cash_budgetaire,CY,,,D,FRA_PLF_P117 unreachable (OQ-8): no official total
20260909T180316Z,FRA,1996,interest,B_s1311_d41,36494.7,EUROSTAT_GOV10A_MAIN_S1311,accrued,CY,,f68700424af587901cffc3d7db9af08fecba733f424a72c058e606b8329704ea,A,gov_10a_main S1311 D41PAY
20260909T180316Z,FRA,1996,interest,C_s13_gf01_7,47142.4,package_GF01_7,accrued,CY,,,A,"expenditure_long_strict GF01_7, actuals only"
20260909T180316Z,FRA,1997,interest,A_cg_cash,,FRA_PLF_P117,cash_budgetaire,CY,,,D,FRA_PLF_P117 unreachable (OQ-8): no official total
20260909T180316Z,FRA,1997,interest,B_s1311_d41,37532.8,EUROSTAT_GOV10A_MAIN_S1311,accrued,CY,,f68700424af587901cffc3d7db9af08fecba733f424a72c058e606b8329704ea,A,gov_10a_main S1311 D41PAY
20260909T180316Z,FRA,1997,interest,C_s13_gf01_7,47293.7,package_GF01_7,accrued,CY,,,A,"expenditure_long_strict GF01_7, actuals only"
20260909T180316Z,FRA,1998,interest,A_cg_cash,,FRA_PLF_P117,cash_budgetaire,CY,,,D,FRA_PLF_P117 unreachable (OQ-8): no official total
20260909T180316Z,FRA,1998,interest,B_s1311_d41,37662.3,EUROSTAT_GOV10A_MAIN_S1311,accrued,CY,,f68700424af587901cffc3d7db9af08fecba733f424a72c058e606b8329704ea,A,gov_10a_main S1311 D41PAY
20260909T180316Z,FRA,1998,interest,C_s13_gf01_7,47297.8,package_GF01_7,accrued,CY,,,A,"expenditure_long_strict GF01_7, actuals only"
20260909T180316Z,FRA,1999,interest,A_cg_cash,,FRA_PLF_P117,cash_budgetaire,CY,,,D,FRA_PLF_P117 unreachable (OQ-8): no official total
20260909T180316Z,FRA,1999,interest,B_s1311_d41,36492.4,EUROSTAT_GOV10A_MAIN_S1311,accrued,CY,,f68700424af587901cffc3d7db9af08fecba733f424a72c058e606b8329704ea,A,gov_10a_main S1311 D41PAY
20260909T180316Z,FRA,1999,interest,C_s13_gf01_7,45415.3,package_GF01_7,accrued,CY,,,A,"expenditure_long_strict GF01_7, actuals only"
20260909T180316Z,FRA,2000,interest,A_cg_cash,,FRA_PLF_P117,cash_budgetaire,CY,,,D,FRA_PLF_P117 unreachable (OQ-8): no official total
20260909T180316Z,FRA,2000,interest,B_s1311_d41,37117.8,EUROSTAT_GOV10A_MAIN_S1311,accrued,CY,,f68700424af587901cffc3d7db9af08fecba733f424a72c058e606b8329704ea,A,gov_10a_main S1311 D41PAY
20260909T180316Z,FRA,2000,interest,C_s13_gf01_7,46181.9,package_GF01_7,accrued,CY,,,A,"expenditure_long_strict GF01_7, actuals only"
20260909T180316Z,FRA,2001,interest,A_cg_cash,,FRA_PLF_P117,cash_budgetaire,CY,,,D,FRA_PLF_P117 unreachable (OQ-8): no official total
20260909T180316Z,FRA,2001,interest,B_s1311_d41,39262.1,EUROSTAT_GOV10A_MAIN_S1311,accrued,CY,,f68700424af587901cffc3d7db9af08fecba733f424a72c058e606b8329704ea,A,gov_10a_main S1311 D41PAY
20260909T180316Z,FRA,2001,interest,C_s13_gf01_7,49127.9,package_GF01_7,accrued,CY,,,A,"expenditure_long_strict GF01_7, actuals only"
20260909T180316Z,FRA,2002,interest,A_cg_cash,,FRA_PLF_P117,cash_budgetaire,CY,,,D,FRA_PLF_P117 unreachable (OQ-8): no official total
20260909T180316Z,FRA,2002,interest,B_s1311_d41,41039.7,EUROSTAT_GOV10A_MAIN_S1311,accrued,CY,,f68700424af587901cffc3d7db9af08fecba733f424a72c058e606b8329704ea,A,gov_10a_main S1311 D41PAY
20260909T180316Z,FRA,2002,interest,C_s13_gf01_7,49844.7,package_GF01_7,accrued,CY,,,A,"expenditure_long_strict GF01_7, actuals only"
20260909T180316Z,FRA,2003,interest,A_cg_cash,,FRA_PLF_P117,cash_budgetaire,CY,,,D,FRA_PLF_P117 unreachable (OQ-8): no official total
20260909T180316Z,FRA,2003,interest,B_s1311_d41,40585.0,EUROSTAT_GOV10A_MAIN_S1311,accrued,CY,,f68700424af587901cffc3d7db9af08fecba733f424a72c058e606b8329704ea,A,gov_10a_main S1311 D41PAY
20260909T180316Z,FRA,2003,interest,C_s13_gf01_7,48094.7,package_GF01_7,accrued,CY,,,A,"expenditure_long_strict GF01_7, actuals only"
20260909T180316Z,FRA,2004,interest,A_cg_cash,,FRA_PLF_P117,cash_budgetaire,CY,,,D,FRA_PLF_P117 unreachable (OQ-8): no official total
20260909T180316Z,FRA,2004,interest,B_s1311_d41,41072.8,EUROSTAT_GOV10A_MAIN_S1311,accrued,CY,,f68700424af587901cffc3d7db9af08fecba733f424a72c058e606b8329704ea,A,gov_10a_main S1311 D41PAY
20260909T180316Z,FRA,2004,interest,C_s13_gf01_7,49389.1,package_GF01_7,accrued,CY,,,A,"expenditure_long_strict GF01_7, actuals only"
20260909T180316Z,FRA,2005,interest,A_cg_cash,,FRA_PLF_P117,cash_budgetaire,CY,,,D,FRA_PLF_P117 unreachable (OQ-8): no official total
20260909T180316Z,FRA,2005,interest,B_s1311_d41,41166.6,EUROSTAT_GOV10A_MAIN_S1311,accrued,CY,,f68700424af587901cffc3d7db9af08fecba733f424a72c058e606b8329704ea,A,gov_10a_main S1311 D41PAY
20260909T180316Z,FRA,2005,interest,C_s13_gf01_7,50038.4,package_GF01_7,accrued,CY,,,A,"expenditure_long_strict GF01_7, actuals only"
20260909T180316Z,FRA,2006,interest,A_cg_cash,,FRA_PLF_P117,cash_budgetaire,CY,,,D,FRA_PLF_P117 unreachable (OQ-8): no official total
20260909T180316Z,FRA,2006,interest,B_s1311_d41,40766.3,EUROSTAT_GOV10A_MAIN_S1311,accrued,CY,,f68700424af587901cffc3d7db9af08fecba733f424a72c058e606b8329704ea,A,gov_10a_main S1311 D41PAY
20260909T180316Z,FRA,2006,interest,C_s13_gf01_7,49762.7,package_GF01_7,accrued,CY,,,A,"expenditure_long_strict GF01_7, actuals only"
20260909T180316Z,FRA,2007,interest,A_cg_cash,,FRA_PLF_P117,cash_budgetaire,CY,,,D,FRA_PLF_P117 unreachable (OQ-8): no official total
20260909T180316Z,FRA,2007,interest,B_s1311_d41,43403.4,EUROSTAT_GOV10A_MAIN_S1311,accrued,CY,,f68700424af587901cffc3d7db9af08fecba733f424a72c058e606b8329704ea,A,gov_10a_main S1311 D41PAY
20260909T180316Z,FRA,2007,interest,C_s13_gf01_7,53162.1,package_GF01_7,accrued,CY,,,A,"expenditure_long_strict GF01_7, actuals only"
20260909T180316Z,FRA,2008,interest,A_cg_cash,,FRA_PLF_P117,cash_budgetaire,CY,,,D,FRA_PLF_P117 unreachable (OQ-8): no official total
20260909T180316Z,FRA,2008,interest,B_s1311_d41,46760.4,EUROSTAT_GOV10A_MAIN_S1311,accrued,CY,,f68700424af587901cffc3d7db9af08fecba733f424a72c058e606b8329704ea,A,gov_10a_main S1311 D41PAY
20260909T180316Z,FRA,2008,interest,C_s13_gf01_7,57855.0,package_GF01_7,accrued,CY,,,A,"expenditure_long_strict GF01_7, actuals only"
20260909T180316Z,FRA,2009,interest,A_cg_cash,,FRA_PLF_P117,cash_budgetaire,CY,,,D,FRA_PLF_P117 unreachable (OQ-8): no official total
20260909T180316Z,FRA,2009,interest,B_s1311_d41,42100.4,EUROSTAT_GOV10A_MAIN_S1311,accrued,CY,,f68700424af587901cffc3d7db9af08fecba733f424a72c058e606b8329704ea,A,gov_10a_main S1311 D41PAY
20260909T180316Z,FRA,2009,interest,C_s13_gf01_7,51352.6,package_GF01_7,accrued,CY,,,A,"expenditure_long_strict GF01_7, actuals only"
20260909T180316Z,FRA,2010,interest,A_cg_cash,,FRA_PLF_P117,cash_budgetaire,CY,,,D,FRA_PLF_P117 unreachable (OQ-8): no official total
20260909T180316Z,FRA,2010,interest,B_s1311_d41,44799.1,EUROSTAT_GOV10A_MAIN_S1311,accrued,CY,,f68700424af587901cffc3d7db9af08fecba733f424a72c058e606b8329704ea,A,gov_10a_main S1311 D41PAY
20260909T180316Z,FRA,2010,interest,C_s13_gf01_7,54392.3,package_GF01_7,accrued,CY,,,A,"expenditure_long_strict GF01_7, actuals only"
20260909T180316Z,FRA,2011,interest,A_cg_cash,,FRA_PLF_P117,cash_budgetaire,CY,,,D,FRA_PLF_P117 unreachable (OQ-8): no official total
20260909T180316Z,FRA,2011,interest,B_s1311_d41,48544.4,EUROSTAT_GOV10A_MAIN_S1311,accrued,CY,,f68700424af587901cffc3d7db9af08fecba733f424a72c058e606b8329704ea,A,gov_10a_main S1311 D41PAY
20260909T180316Z,FRA,2011,interest,C_s13_gf01_7,59001.9,package_GF01_7,accrued,CY,,,A,"expenditure_long_strict GF01_7, actuals only"
20260909T180316Z,FRA,2012,interest,A_cg_cash,,FRA_PLF_P117,cash_budgetaire,CY,,,D,FRA_PLF_P117 unreachable (OQ-8): no official total
20260909T180316Z,FRA,2012,interest,B_s1311_d41,46843.5,EUROSTAT_GOV10A_MAIN_S1311,accrued,CY,,f68700424af587901cffc3d7db9af08fecba733f424a72c058e606b8329704ea,A,gov_10a_main S1311 D41PAY
20260909T180316Z,FRA,2012,interest,C_s13_gf01_7,57857.7,package_GF01_7,accrued,CY,,,A,"expenditure_long_strict GF01_7, actuals only"
20260909T180316Z,FRA,2013,interest,A_cg_cash,,FRA_PLF_P117,cash_budgetaire,CY,,,D,FRA_PLF_P117 unreachable (OQ-8): no official total
20260909T180316Z,FRA,2013,interest,B_s1311_d41,42094.5,EUROSTAT_GOV10A_MAIN_S1311,accrued,CY,,f68700424af587901cffc3d7db9af08fecba733f424a72c058e606b8329704ea,A,gov_10a_main S1311 D41PAY
20260909T180316Z,FRA,2013,interest,C_s13_gf01_7,52770.9,package_GF01_7,accrued,CY,,,A,"expenditure_long_strict GF01_7, actuals only"
20260909T180316Z,FRA,2014,interest,A_cg_cash,,FRA_PLF_P117,cash_budgetaire,CY,,,D,FRA_PLF_P117 unreachable (OQ-8): no official total
20260909T180316Z,FRA,2014,interest,B_s1311_d41,40480.3,EUROSTAT_GOV10A_MAIN_S1311,accrued,CY,,f68700424af587901cffc3d7db9af08fecba733f424a72c058e606b8329704ea,A,gov_10a_main S1311 D41PAY
20260909T180316Z,FRA,2014,interest,C_s13_gf01_7,51417.9,package_GF01_7,accrued,CY,,,A,"expenditure_long_strict GF01_7, actuals only"
20260909T180316Z,FRA,2015,interest,A_cg_cash,,FRA_PLF_P117,cash_budgetaire,CY,,,D,FRA_PLF_P117 unreachable (OQ-8): no official total
20260909T180316Z,FRA,2015,interest,B_s1311_d41,38487.8,EUROSTAT_GOV10A_MAIN_S1311,accrued,CY,,f68700424af587901cffc3d7db9af08fecba733f424a72c058e606b8329704ea,A,gov_10a_main S1311 D41PAY
20260909T180316Z,FRA,2015,interest,C_s13_gf01_7,48847.6,package_GF01_7,accrued,CY,,,A,"expenditure_long_strict GF01_7, actuals only"
20260909T180316Z,FRA,2016,interest,A_cg_cash,,FRA_PLF_P117,cash_budgetaire,CY,,,D,FRA_PLF_P117 unreachable (OQ-8): no official total
20260909T180316Z,FRA,2016,interest,B_s1311_d41,36434.9,EUROSTAT_GOV10A_MAIN_S1311,accrued,CY,,f68700424af587901cffc3d7db9af08fecba733f424a72c058e606b8329704ea,A,gov_10a_main S1311 D41PAY
20260909T180316Z,FRA,2016,interest,C_s13_gf01_7,46741.8,package_GF01_7,accrued,CY,,,A,"expenditure_long_strict GF01_7, actuals only"
20260909T180316Z,FRA,2017,interest,A_cg_cash,,FRA_PLF_P117,cash_budgetaire,CY,,,D,FRA_PLF_P117 unreachable (OQ-8): no official total
20260909T180316Z,FRA,2017,interest,B_s1311_d41,35459.4,EUROSTAT_GOV10A_MAIN_S1311,accrued,CY,,f68700424af587901cffc3d7db9af08fecba733f424a72c058e606b8329704ea,A,gov_10a_main S1311 D41PAY
20260909T180316Z,FRA,2017,interest,C_s13_gf01_7,44979.8,package_GF01_7,accrued,CY,,,A,"expenditure_long_strict GF01_7, actuals only"
20260909T180316Z,FRA,2018,interest,A_cg_cash,,FRA_PLF_P117,cash_budgetaire,CY,,,D,FRA_PLF_P117 unreachable (OQ-8): no official total
20260909T180316Z,FRA,2018,interest,B_s1311_d41,36039.2,EUROSTAT_GOV10A_MAIN_S1311,accrued,CY,,f68700424af587901cffc3d7db9af08fecba733f424a72c058e606b8329704ea,A,gov_10a_main S1311 D41PAY
20260909T180316Z,FRA,2018,interest,C_s13_gf01_7,45221.8,package_GF01_7,accrued,CY,,,A,"expenditure_long_strict GF01_7, actuals only"
20260909T180316Z,FRA,2019,interest,A_cg_cash,,FRA_PLF_P117,cash_budgetaire,CY,,,D,FRA_PLF_P117 unreachable (OQ-8): no official total
20260909T180316Z,FRA,2019,interest,B_s1311_d41,31612.2,EUROSTAT_GOV10A_MAIN_S1311,accrued,CY,,f68700424af587901cffc3d7db9af08fecba733f424a72c058e606b8329704ea,A,gov_10a_main S1311 D41PAY
20260909T180316Z,FRA,2019,interest,C_s13_gf01_7,40027.5,package_GF01_7,accrued,CY,,,A,"expenditure_long_strict GF01_7, actuals only"
20260909T180316Z,FRA,2020,interest,A_cg_cash,,FRA_PLF_P117,cash_budgetaire,CY,,,D,FRA_PLF_P117 unreachable (OQ-8): no official total
20260909T180316Z,FRA,2020,interest,B_s1311_d41,25390.6,EUROSTAT_GOV10A_MAIN_S1311,accrued,CY,,f68700424af587901cffc3d7db9af08fecba733f424a72c058e606b8329704ea,A,gov_10a_main S1311 D41PAY
20260909T180316Z,FRA,2020,interest,C_s13_gf01_7,32912.6,package_GF01_7,accrued,CY,,,A,"expenditure_long_strict GF01_7, actuals only"
20260909T180316Z,FRA,2021,interest,A_cg_cash,,FRA_PLF_P117,cash_budgetaire,CY,,,D,FRA_PLF_P117 unreachable (OQ-8): no official total
20260909T180316Z,FRA,2021,interest,B_s1311_d41,30966.0,EUROSTAT_GOV10A_MAIN_S1311,accrued,CY,,f68700424af587901cffc3d7db9af08fecba733f424a72c058e606b8329704ea,A,gov_10a_main S1311 D41PAY
20260909T180316Z,FRA,2021,interest,C_s13_gf01_7,37739.9,package_GF01_7,accrued,CY,,,A,"expenditure_long_strict GF01_7, actuals only"
20260909T180316Z,FRA,2022,interest,A_cg_cash,,FRA_PLF_P117,cash_budgetaire,CY,,,D,FRA_PLF_P117 unreachable (OQ-8): no official total
20260909T180316Z,FRA,2022,interest,B_s1311_d41,46051.1,EUROSTAT_GOV10A_MAIN_S1311,accrued,CY,,f68700424af587901cffc3d7db9af08fecba733f424a72c058e606b8329704ea,A,gov_10a_main S1311 D41PAY
20260909T180316Z,FRA,2022,interest,C_s13_gf01_7,53023.1,package_GF01_7,accrued,CY,,,A,"expenditure_long_strict GF01_7, actuals only"
20260909T180316Z,FRA,2023,interest,A_cg_cash,,FRA_PLF_P117,cash_budgetaire,CY,,,D,FRA_PLF_P117 unreachable (OQ-8): no official total
20260909T180316Z,FRA,2023,interest,B_s1311_d41,41416.0,EUROSTAT_GOV10A_MAIN_S1311,accrued,CY,,f68700424af587901cffc3d7db9af08fecba733f424a72c058e606b8329704ea,A,gov_10a_main S1311 D41PAY
20260909T180316Z,FRA,2023,interest,C_s13_gf01_7,51706.4,package_GF01_7,accrued,CY,,,A,"expenditure_long_strict GF01_7, actuals only"
20260909T180316Z,FRA,2024,interest,A_cg_cash,,FRA_PLF_P117,cash_budgetaire,CY,,,D,FRA_PLF_P117 unreachable (OQ-8): no official total
20260909T180316Z,FRA,2024,interest,B_s1311_d41,46851.0,EUROSTAT_GOV10A_MAIN_S1311,accrued,CY,,f68700424af587901cffc3d7db9af08fecba733f424a72c058e606b8329704ea,A,gov_10a_main S1311 D41PAY
20260909T180316Z,FRA,2024,interest,C_s13_gf01_7,58870.2,package_GF01_7,accrued,CY,,,A,"expenditure_long_strict GF01_7, actuals only"
20260909T180316Z,FRA,2025,interest,A_cg_cash,,FRA_PLF_P117,cash_budgetaire,CY,,,D,FRA_PLF_P117 unreachable (OQ-8): no official total
20260909T180316Z,FRA,2025,interest,B_s1311_d41,53510.0,EUROSTAT_GOV10A_MAIN_S1311,accrued,CY,,f68700424af587901cffc3d7db9af08fecba733f424a72c058e606b8329704ea,A,gov_10a_main S1311 D41PAY
20260909T180316Z,FRA,2025,interest,C_s13_gf01_7,65238.81665133901,package_GF01_7,accrued,CY,,,A,"expenditure_long_strict GF01_7, actuals only"
20260909T180316Z,GBR,1987,financing,A_cg_cash_requirement,,ONS_PSF_APPENDIX_S,cash,M,sum of 12 calendar months,21d7fd85ca0dea2ec2e1d2b26e207506d542f4bdf6ddd729dfecf3dab231b060,A,M98R CGNCR excl. NRAM/B&B/Network Rail; sign: + = borrowing
20260909T180316Z,GBR,1987,financing,B_s1311_b9,,ONS_PSF_APPENDIX_A,accrued,CY,,da9919a727d10e89e41247568c93060dc18278f4d69a27936b04b4d3cf206078,A,PSA6B_2 central government net borrowing (NMFJ) with sign flipped to B.9 net lending
20260909T180316Z,GBR,1987,financing,C_s13_nlb,,package_NLB,accrued,CY,,,A,balance_ledger strict NLB
20260909T180316Z,GBR,1988,financing,A_cg_cash_requirement,,ONS_PSF_APPENDIX_S,cash,M,sum of 12 calendar months,21d7fd85ca0dea2ec2e1d2b26e207506d542f4bdf6ddd729dfecf3dab231b060,A,M98R CGNCR excl. NRAM/B&B/Network Rail; sign: + = borrowing
20260909T180316Z,GBR,1988,financing,B_s1311_b9,,ONS_PSF_APPENDIX_A,accrued,CY,,da9919a727d10e89e41247568c93060dc18278f4d69a27936b04b4d3cf206078,A,PSA6B_2 central government net borrowing (NMFJ) with sign flipped to B.9 net lending
20260909T180316Z,GBR,1988,financing,C_s13_nlb,,package_NLB,accrued,CY,,,A,balance_ledger strict NLB
20260909T180316Z,GBR,1989,financing,A_cg_cash_requirement,,ONS_PSF_APPENDIX_S,cash,M,sum of 12 calendar months,21d7fd85ca0dea2ec2e1d2b26e207506d542f4bdf6ddd729dfecf3dab231b060,A,M98R CGNCR excl. NRAM/B&B/Network Rail; sign: + = borrowing
20260909T180316Z,GBR,1989,financing,B_s1311_b9,,ONS_PSF_APPENDIX_A,accrued,CY,,da9919a727d10e89e41247568c93060dc18278f4d69a27936b04b4d3cf206078,A,PSA6B_2 central government net borrowing (NMFJ) with sign flipped to B.9 net lending
20260909T180316Z,GBR,1989,financing,C_s13_nlb,,package_NLB,accrued,CY,,,A,balance_ledger strict NLB
20260909T180316Z,GBR,1990,financing,A_cg_cash_requirement,,ONS_PSF_APPENDIX_S,cash,M,sum of 12 calendar months,21d7fd85ca0dea2ec2e1d2b26e207506d542f4bdf6ddd729dfecf3dab231b060,A,M98R CGNCR excl. NRAM/B&B/Network Rail; sign: + = borrowing
20260909T180316Z,GBR,1990,financing,B_s1311_b9,,ONS_PSF_APPENDIX_A,accrued,CY,,da9919a727d10e89e41247568c93060dc18278f4d69a27936b04b4d3cf206078,A,PSA6B_2 central government net borrowing (NMFJ) with sign flipped to B.9 net lending
20260909T180316Z,GBR,1990,financing,C_s13_nlb,-9940.0,package_NLB,accrued,CY,,,A,balance_ledger strict NLB
20260909T180316Z,GBR,1991,financing,A_cg_cash_requirement,,ONS_PSF_APPENDIX_S,cash,M,sum of 12 calendar months,21d7fd85ca0dea2ec2e1d2b26e207506d542f4bdf6ddd729dfecf3dab231b060,A,M98R CGNCR excl. NRAM/B&B/Network Rail; sign: + = borrowing
20260909T180316Z,GBR,1991,financing,B_s1311_b9,,ONS_PSF_APPENDIX_A,accrued,CY,,da9919a727d10e89e41247568c93060dc18278f4d69a27936b04b4d3cf206078,A,PSA6B_2 central government net borrowing (NMFJ) with sign flipped to B.9 net lending
20260909T180316Z,GBR,1991,financing,C_s13_nlb,-19339.0,package_NLB,accrued,CY,,,A,balance_ledger strict NLB
20260909T180316Z,GBR,1992,financing,A_cg_cash_requirement,,ONS_PSF_APPENDIX_S,cash,M,sum of 12 calendar months,21d7fd85ca0dea2ec2e1d2b26e207506d542f4bdf6ddd729dfecf3dab231b060,A,M98R CGNCR excl. NRAM/B&B/Network Rail; sign: + = borrowing
20260909T180316Z,GBR,1992,financing,B_s1311_b9,,ONS_PSF_APPENDIX_A,accrued,CY,,da9919a727d10e89e41247568c93060dc18278f4d69a27936b04b4d3cf206078,A,PSA6B_2 central government net borrowing (NMFJ) with sign flipped to B.9 net lending
20260909T180316Z,GBR,1992,financing,C_s13_nlb,-40038.0,package_NLB,accrued,CY,,,A,balance_ledger strict NLB
20260909T180316Z,GBR,1993,financing,A_cg_cash_requirement,,ONS_PSF_APPENDIX_S,cash,M,sum of 12 calendar months,21d7fd85ca0dea2ec2e1d2b26e207506d542f4bdf6ddd729dfecf3dab231b060,A,M98R CGNCR excl. NRAM/B&B/Network Rail; sign: + = borrowing
20260909T180316Z,GBR,1993,financing,B_s1311_b9,,ONS_PSF_APPENDIX_A,accrued,CY,,da9919a727d10e89e41247568c93060dc18278f4d69a27936b04b4d3cf206078,A,PSA6B_2 central government net borrowing (NMFJ) with sign flipped to B.9 net lending
20260909T180316Z,GBR,1993,financing,C_s13_nlb,-53417.0,package_NLB,accrued,CY,,,A,balance_ledger strict NLB
20260909T180316Z,GBR,1994,financing,A_cg_cash_requirement,,ONS_PSF_APPENDIX_S,cash,M,sum of 12 calendar months,21d7fd85ca0dea2ec2e1d2b26e207506d542f4bdf6ddd729dfecf3dab231b060,A,M98R CGNCR excl. NRAM/B&B/Network Rail; sign: + = borrowing
20260909T180316Z,GBR,1994,financing,B_s1311_b9,,ONS_PSF_APPENDIX_A,accrued,CY,,da9919a727d10e89e41247568c93060dc18278f4d69a27936b04b4d3cf206078,A,PSA6B_2 central government net borrowing (NMFJ) with sign flipped to B.9 net lending
20260909T180316Z,GBR,1994,financing,C_s13_nlb,-49803.0,package_NLB,accrued,CY,,,A,balance_ledger strict NLB
20260909T180316Z,GBR,1995,financing,A_cg_cash_requirement,,ONS_PSF_APPENDIX_S,cash,M,sum of 12 calendar months,21d7fd85ca0dea2ec2e1d2b26e207506d542f4bdf6ddd729dfecf3dab231b060,A,M98R CGNCR excl. NRAM/B&B/Network Rail; sign: + = borrowing
20260909T180316Z,GBR,1995,financing,B_s1311_b9,,ONS_PSF_APPENDIX_A,accrued,CY,,da9919a727d10e89e41247568c93060dc18278f4d69a27936b04b4d3cf206078,A,PSA6B_2 central government net borrowing (NMFJ) with sign flipped to B.9 net lending
20260909T180316Z,GBR,1995,financing,C_s13_nlb,-46210.0,package_NLB,accrued,CY,,,A,balance_ledger strict NLB
20260909T180316Z,GBR,1996,financing,A_cg_cash_requirement,,ONS_PSF_APPENDIX_S,cash,M,sum of 12 calendar months,21d7fd85ca0dea2ec2e1d2b26e207506d542f4bdf6ddd729dfecf3dab231b060,A,M98R CGNCR excl. NRAM/B&B/Network Rail; sign: + = borrowing
20260909T180316Z,GBR,1996,financing,B_s1311_b9,,ONS_PSF_APPENDIX_A,accrued,CY,,da9919a727d10e89e41247568c93060dc18278f4d69a27936b04b4d3cf206078,A,PSA6B_2 central government net borrowing (NMFJ) with sign flipped to B.9 net lending
20260909T180316Z,GBR,1996,financing,C_s13_nlb,-37465.0,package_NLB,accrued,CY,,,A,balance_ledger strict NLB
20260909T180316Z,GBR,1997,financing,A_cg_cash_requirement,16077.0,ONS_PSF_APPENDIX_S,cash,M,sum of 12 calendar months,21d7fd85ca0dea2ec2e1d2b26e207506d542f4bdf6ddd729dfecf3dab231b060,A,M98R CGNCR excl. NRAM/B&B/Network Rail; sign: + = borrowing
20260909T180316Z,GBR,1997,financing,B_s1311_b9,,ONS_PSF_APPENDIX_A,accrued,CY,,da9919a727d10e89e41247568c93060dc18278f4d69a27936b04b4d3cf206078,A,PSA6B_2 central government net borrowing (NMFJ) with sign flipped to B.9 net lending
20260909T180316Z,GBR,1997,financing,C_s13_nlb,-18843.0,package_NLB,accrued,CY,,,A,balance_ledger strict NLB
20260909T180316Z,GBR,1998,financing,A_cg_cash_requirement,-4853.0,ONS_PSF_APPENDIX_S,cash,M,sum of 12 calendar months,21d7fd85ca0dea2ec2e1d2b26e207506d542f4bdf6ddd729dfecf3dab231b060,A,M98R CGNCR excl. NRAM/B&B/Network Rail; sign: + = borrowing
20260909T180316Z,GBR,1998,financing,B_s1311_b9,1504.0,ONS_PSF_APPENDIX_A,accrued,CY,,da9919a727d10e89e41247568c93060dc18278f4d69a27936b04b4d3cf206078,A,PSA6B_2 central government net borrowing (NMFJ) with sign flipped to B.9 net lending
20260909T180316Z,GBR,1998,financing,C_s13_nlb,-2083.0,package_NLB,accrued,CY,,,A,balance_ledger strict NLB
20260909T180316Z,GBR,1999,financing,A_cg_cash_requirement,-391.0,ONS_PSF_APPENDIX_S,cash,M,sum of 12 calendar months,21d7fd85ca0dea2ec2e1d2b26e207506d542f4bdf6ddd729dfecf3dab231b060,A,M98R CGNCR excl. NRAM/B&B/Network Rail; sign: + = borrowing
20260909T180316Z,GBR,1999,financing,B_s1311_b9,10696.0,ONS_PSF_APPENDIX_A,accrued,CY,,da9919a727d10e89e41247568c93060dc18278f4d69a27936b04b4d3cf206078,A,PSA6B_2 central government net borrowing (NMFJ) with sign flipped to B.9 net lending
20260909T180316Z,GBR,1999,financing,C_s13_nlb,7977.0,package_NLB,accrued,CY,,,A,balance_ledger strict NLB
20260909T180316Z,GBR,2000,financing,A_cg_cash_requirement,-37576.0,ONS_PSF_APPENDIX_S,cash,M,sum of 12 calendar months,21d7fd85ca0dea2ec2e1d2b26e207506d542f4bdf6ddd729dfecf3dab231b060,A,M98R CGNCR excl. NRAM/B&B/Network Rail; sign: + = borrowing
20260909T180316Z,GBR,2000,financing,B_s1311_b9,13628.0,ONS_PSF_APPENDIX_A,accrued,CY,,da9919a727d10e89e41247568c93060dc18278f4d69a27936b04b4d3cf206078,A,PSA6B_2 central government net borrowing (NMFJ) with sign flipped to B.9 net lending
20260909T180316Z,GBR,2000,financing,C_s13_nlb,15420.0,package_NLB,accrued,CY,,,A,balance_ledger strict NLB
20260909T180316Z,GBR,2001,financing,A_cg_cash_requirement,-2707.0,ONS_PSF_APPENDIX_S,cash,M,sum of 12 calendar months,21d7fd85ca0dea2ec2e1d2b26e207506d542f4bdf6ddd729dfecf3dab231b060,A,M98R CGNCR excl. NRAM/B&B/Network Rail; sign: + = borrowing
20260909T180316Z,GBR,2001,financing,B_s1311_b9,6870.0,ONS_PSF_APPENDIX_A,accrued,CY,,da9919a727d10e89e41247568c93060dc18278f4d69a27936b04b4d3cf206078,A,PSA6B_2 central government net borrowing (NMFJ) with sign flipped to B.9 net lending
20260909T180316Z,GBR,2001,financing,C_s13_nlb,3903.0,package_NLB,accrued,CY,,,A,balance_ledger strict NLB
20260909T180316Z,GBR,2002,financing,A_cg_cash_requirement,17361.0,ONS_PSF_APPENDIX_S,cash,M,sum of 12 calendar months,21d7fd85ca0dea2ec2e1d2b26e207506d542f4bdf6ddd729dfecf3dab231b060,A,M98R CGNCR excl. NRAM/B&B/Network Rail; sign: + = borrowing
20260909T180316Z,GBR,2002,financing,B_s1311_b9,-22366.0,ONS_PSF_APPENDIX_A,accrued,CY,,da9919a727d10e89e41247568c93060dc18278f4d69a27936b04b4d3cf206078,A,PSA6B_2 central government net borrowing (NMFJ) with sign flipped to B.9 net lending
20260909T180316Z,GBR,2002,financing,C_s13_nlb,-23245.0,package_NLB,accrued,CY,,,A,balance_ledger strict NLB
20260909T180316Z,GBR,2003,financing,A_cg_cash_requirement,37615.0,ONS_PSF_APPENDIX_S,cash,M,sum of 12 calendar months,21d7fd85ca0dea2ec2e1d2b26e207506d542f4bdf6ddd729dfecf3dab231b060,A,M98R CGNCR excl. NRAM/B&B/Network Rail; sign: + = borrowing
20260909T180316Z,GBR,2003,financing,B_s1311_b9,-41692.0,ONS_PSF_APPENDIX_A,accrued,CY,,da9919a727d10e89e41247568c93060dc18278f4d69a27936b04b4d3cf206078,A,PSA6B_2 central government net borrowing (NMFJ) with sign flipped to B.9 net lending
20260909T180316Z,GBR,2003,financing,C_s13_nlb,-40318.0,package_NLB,accrued,CY,,,A,balance_ledger strict NLB
20260909T180316Z,GBR,2004,financing,A_cg_cash_requirement,43193.0,ONS_PSF_APPENDIX_S,cash,M,sum of 12 calendar months,21d7fd85ca0dea2ec2e1d2b26e207506d542f4bdf6ddd729dfecf3dab231b060,A,M98R CGNCR excl. NRAM/B&B/Network Rail; sign: + = borrowing
20260909T180316Z,GBR,2004,financing,B_s1311_b9,-38538.0,ONS_PSF_APPENDIX_A,accrued,CY,,da9919a727d10e89e41247568c93060dc18278f4d69a27936b04b4d3cf206078,A,PSA6B_2 central government net borrowing (NMFJ) with sign flipped to B.9 net lending
20260909T180316Z,GBR,2004,financing,C_s13_nlb,-41714.0,package_NLB,accrued,CY,,,A,balance_ledger strict NLB
20260909T180316Z,GBR,2005,financing,A_cg_cash_requirement,40422.0,ONS_PSF_APPENDIX_S,cash,M,sum of 12 calendar months,21d7fd85ca0dea2ec2e1d2b26e207506d542f4bdf6ddd729dfecf3dab231b060,A,M98R CGNCR excl. NRAM/B&B/Network Rail; sign: + = borrowing
20260909T180316Z,GBR,2005,financing,B_s1311_b9,-39009.0,ONS_PSF_APPENDIX_A,accrued,CY,,da9919a727d10e89e41247568c93060dc18278f4d69a27936b04b4d3cf206078,A,PSA6B_2 central government net borrowing (NMFJ) with sign flipped to B.9 net lending
20260909T180316Z,GBR,2005,financing,C_s13_nlb,-43934.0,package_NLB,accrued,CY,,,A,balance_ledger strict NLB
20260909T180316Z,GBR,2006,financing,A_cg_cash_requirement,39612.0,ONS_PSF_APPENDIX_S,cash,M,sum of 12 calendar months,21d7fd85ca0dea2ec2e1d2b26e207506d542f4bdf6ddd729dfecf3dab231b060,A,M98R CGNCR excl. NRAM/B&B/Network Rail; sign: + = borrowing
20260909T180316Z,GBR,2006,financing,B_s1311_b9,-39278.0,ONS_PSF_APPENDIX_A,accrued,CY,,da9919a727d10e89e41247568c93060dc18278f4d69a27936b04b4d3cf206078,A,PSA6B_2 central government net borrowing (NMFJ) with sign flipped to B.9 net lending
20260909T180316Z,GBR,2006,financing,C_s13_nlb,-40467.0,package_NLB,accrued,CY,,,A,balance_ledger strict NLB
20260909T180316Z,GBR,2007,financing,A_cg_cash_requirement,33777.0,ONS_PSF_APPENDIX_S,cash,M,sum of 12 calendar months,21d7fd85ca0dea2ec2e1d2b26e207506d542f4bdf6ddd729dfecf3dab231b060,A,M98R CGNCR excl. NRAM/B&B/Network Rail; sign: + = borrowing
20260909T180316Z,GBR,2007,financing,B_s1311_b9,-38958.0,ONS_PSF_APPENDIX_A,accrued,CY,,da9919a727d10e89e41247568c93060dc18278f4d69a27936b04b4d3cf206078,A,PSA6B_2 central government net borrowing (NMFJ) with sign flipped to B.9 net lending
20260909T180316Z,GBR,2007,financing,C_s13_nlb,-40835.0,package_NLB,accrued,CY,,,A,balance_ledger strict NLB
20260909T180316Z,GBR,2008,financing,A_cg_cash_requirement,125576.0,ONS_PSF_APPENDIX_S,cash,M,sum of 12 calendar months,21d7fd85ca0dea2ec2e1d2b26e207506d542f4bdf6ddd729dfecf3dab231b060,A,M98R CGNCR excl. NRAM/B&B/Network Rail; sign: + = borrowing
20260909T180316Z,GBR,2008,financing,B_s1311_b9,-76528.0,ONS_PSF_APPENDIX_A,accrued,CY,,da9919a727d10e89e41247568c93060dc18278f4d69a27936b04b4d3cf206078,A,PSA6B_2 central government net borrowing (NMFJ) with sign flipped to B.9 net lending
20260909T180316Z,GBR,2008,financing,C_s13_nlb,-80874.0,package_NLB,accrued,CY,,,A,balance_ledger strict NLB
20260909T180316Z,GBR,2009,financing,A_cg_cash_requirement,195503.0,ONS_PSF_APPENDIX_S,cash,M,sum of 12 calendar months,21d7fd85ca0dea2ec2e1d2b26e207506d542f4bdf6ddd729dfecf3dab231b060,A,M98R CGNCR excl. NRAM/B&B/Network Rail; sign: + = borrowing
20260909T180316Z,GBR,2009,financing,B_s1311_b9,-148193.0,ONS_PSF_APPENDIX_A,accrued,CY,,da9919a727d10e89e41247568c93060dc18278f4d69a27936b04b4d3cf206078,A,PSA6B_2 central government net borrowing (NMFJ) with sign flipped to B.9 net lending
20260909T180316Z,GBR,2009,financing,C_s13_nlb,-155504.0,package_NLB,accrued,CY,,,A,balance_ledger strict NLB
20260909T180316Z,GBR,2010,financing,A_cg_cash_requirement,155649.0,ONS_PSF_APPENDIX_S,cash,M,sum of 12 calendar months,21d7fd85ca0dea2ec2e1d2b26e207506d542f4bdf6ddd729dfecf3dab231b060,A,M98R CGNCR excl. NRAM/B&B/Network Rail; sign: + = borrowing
20260909T180316Z,GBR,2010,financing,B_s1311_b9,-145589.0,ONS_PSF_APPENDIX_A,accrued,CY,,da9919a727d10e89e41247568c93060dc18278f4d69a27936b04b4d3cf206078,A,PSA6B_2 central government net borrowing (NMFJ) with sign flipped to B.9 net lending
20260909T180316Z,GBR,2010,financing,C_s13_nlb,-149424.0,package_NLB,accrued,CY,,,A,balance_ledger strict NLB
20260909T180316Z,GBR,2011,financing,A_cg_cash_requirement,120083.0,ONS_PSF_APPENDIX_S,cash,M,sum of 12 calendar months,21d7fd85ca0dea2ec2e1d2b26e207506d542f4bdf6ddd729dfecf3dab231b060,A,M98R CGNCR excl. NRAM/B&B/Network Rail; sign: + = borrowing
20260909T180316Z,GBR,2011,financing,B_s1311_b9,-118964.0,ONS_PSF_APPENDIX_A,accrued,CY,,da9919a727d10e89e41247568c93060dc18278f4d69a27936b04b4d3cf206078,A,PSA6B_2 central government net borrowing (NMFJ) with sign flipped to B.9 net lending
20260909T180316Z,GBR,2011,financing,C_s13_nlb,-123992.0,package_NLB,accrued,CY,,,A,balance_ledger strict NLB
20260909T180316Z,GBR,2012,financing,A_cg_cash_requirement,115091.0,ONS_PSF_APPENDIX_S,cash,M,sum of 12 calendar months,21d7fd85ca0dea2ec2e1d2b26e207506d542f4bdf6ddd729dfecf3dab231b060,A,M98R CGNCR excl. NRAM/B&B/Network Rail; sign: + = borrowing
20260909T180316Z,GBR,2012,financing,B_s1311_b9,-128700.0,ONS_PSF_APPENDIX_A,accrued,CY,,da9919a727d10e89e41247568c93060dc18278f4d69a27936b04b4d3cf206078,A,PSA6B_2 central government net borrowing (NMFJ) with sign flipped to B.9 net lending
20260909T180316Z,GBR,2012,financing,C_s13_nlb,-137032.0,package_NLB,accrued,CY,,,A,balance_ledger strict NLB
20260909T180316Z,GBR,2013,financing,A_cg_cash_requirement,73782.0,ONS_PSF_APPENDIX_S,cash,M,sum of 12 calendar months,21d7fd85ca0dea2ec2e1d2b26e207506d542f4bdf6ddd729dfecf3dab231b060,A,M98R CGNCR excl. NRAM/B&B/Network Rail; sign: + = borrowing
20260909T180316Z,GBR,2013,financing,B_s1311_b9,-92574.0,ONS_PSF_APPENDIX_A,accrued,CY,,da9919a727d10e89e41247568c93060dc18278f4d69a27936b04b4d3cf206078,A,PSA6B_2 central government net borrowing (NMFJ) with sign flipped to B.9 net lending
20260909T180316Z,GBR,2013,financing,C_s13_nlb,-94718.0,package_NLB,accrued,CY,,,A,balance_ledger strict NLB
20260909T180316Z,GBR,2014,financing,A_cg_cash_requirement,95491.0,ONS_PSF_APPENDIX_S,cash,M,sum of 12 calendar months,21d7fd85ca0dea2ec2e1d2b26e207506d542f4bdf6ddd729dfecf3dab231b060,A,M98R CGNCR excl. NRAM/B&B/Network Rail; sign: + = borrowing
20260909T180316Z,GBR,2014,financing,B_s1311_b9,-104396.0,ONS_PSF_APPENDIX_A,accrued,CY,,da9919a727d10e89e41247568c93060dc18278f4d69a27936b04b4d3cf206078,A,PSA6B_2 central government net borrowing (NMFJ) with sign flipped to B.9 net lending
20260909T180316Z,GBR,2014,financing,C_s13_nlb,-102516.0,package_NLB,accrued,CY,,,A,balance_ledger strict NLB
20260909T180316Z,GBR,2015,financing,A_cg_cash_requirement,88147.0,ONS_PSF_APPENDIX_S,cash,M,sum of 12 calendar months,21d7fd85ca0dea2ec2e1d2b26e207506d542f4bdf6ddd729dfecf3dab231b060,A,M98R CGNCR excl. NRAM/B&B/Network Rail; sign: + = borrowing
20260909T180316Z,GBR,2015,financing,B_s1311_b9,-85679.0,ONS_PSF_APPENDIX_A,accrued,CY,,da9919a727d10e89e41247568c93060dc18278f4d69a27936b04b4d3cf206078,A,PSA6B_2 central government net borrowing (NMFJ) with sign flipped to B.9 net lending
20260909T180316Z,GBR,2015,financing,C_s13_nlb,-87435.0,package_NLB,accrued,CY,,,A,balance_ledger strict NLB
20260909T180316Z,GBR,2016,financing,A_cg_cash_requirement,82284.0,ONS_PSF_APPENDIX_S,cash,M,sum of 12 calendar months,21d7fd85ca0dea2ec2e1d2b26e207506d542f4bdf6ddd729dfecf3dab231b060,A,M98R CGNCR excl. NRAM/B&B/Network Rail; sign: + = borrowing
20260909T180316Z,GBR,2016,financing,B_s1311_b9,-57953.0,ONS_PSF_APPENDIX_A,accrued,CY,,da9919a727d10e89e41247568c93060dc18278f4d69a27936b04b4d3cf206078,A,PSA6B_2 central government net borrowing (NMFJ) with sign flipped to B.9 net lending
20260909T180316Z,GBR,2016,financing,C_s13_nlb,-65763.0,package_NLB,accrued,CY,,,A,balance_ledger strict NLB
20260909T180316Z,GBR,2017,financing,A_cg_cash_requirement,36946.0,ONS_PSF_APPENDIX_S,cash,M,sum of 12 calendar months,21d7fd85ca0dea2ec2e1d2b26e207506d542f4bdf6ddd729dfecf3dab231b060,A,M98R CGNCR excl. NRAM/B&B/Network Rail; sign: + = borrowing
20260909T180316Z,GBR,2017,financing,B_s1311_b9,-41934.0,ONS_PSF_APPENDIX_A,accrued,CY,,da9919a727d10e89e41247568c93060dc18278f4d69a27936b04b4d3cf206078,A,PSA6B_2 central government net borrowing (NMFJ) with sign flipped to B.9 net lending
20260909T180316Z,GBR,2017,financing,C_s13_nlb,-52077.0,package_NLB,accrued,CY,,,A,balance_ledger strict NLB
20260909T180316Z,GBR,2018,financing,A_cg_cash_requirement,32879.0,ONS_PSF_APPENDIX_S,cash,M,sum of 12 calendar months,21d7fd85ca0dea2ec2e1d2b26e207506d542f4bdf6ddd729dfecf3dab231b060,A,M98R CGNCR excl. NRAM/B&B/Network Rail; sign: + = borrowing
20260909T180316Z,GBR,2018,financing,B_s1311_b9,-41145.0,ONS_PSF_APPENDIX_A,accrued,CY,,da9919a727d10e89e41247568c93060dc18278f4d69a27936b04b4d3cf206078,A,PSA6B_2 central government net borrowing (NMFJ) with sign flipped to B.9 net lending
20260909T180316Z,GBR,2018,financing,C_s13_nlb,-48472.0,package_NLB,accrued,CY,,,A,balance_ledger strict NLB
20260909T180316Z,GBR,2019,financing,A_cg_cash_requirement,52768.0,ONS_PSF_APPENDIX_S,cash,M,sum of 12 calendar months,21d7fd85ca0dea2ec2e1d2b26e207506d542f4bdf6ddd729dfecf3dab231b060,A,M98R CGNCR excl. NRAM/B&B/Network Rail; sign: + = borrowing
20260909T180316Z,GBR,2019,financing,B_s1311_b9,-43254.0,ONS_PSF_APPENDIX_A,accrued,CY,,da9919a727d10e89e41247568c93060dc18278f4d69a27936b04b4d3cf206078,A,PSA6B_2 central government net borrowing (NMFJ) with sign flipped to B.9 net lending
20260909T180316Z,GBR,2019,financing,C_s13_nlb,-53627.0,package_NLB,accrued,CY,,,A,balance_ledger strict NLB
20260909T180316Z,GBR,2020,financing,A_cg_cash_requirement,315825.0,ONS_PSF_APPENDIX_S,cash,M,sum of 12 calendar months,21d7fd85ca0dea2ec2e1d2b26e207506d542f4bdf6ddd729dfecf3dab231b060,A,M98R CGNCR excl. NRAM/B&B/Network Rail; sign: + = borrowing
20260909T180316Z,GBR,2020,financing,B_s1311_b9,-277761.0,ONS_PSF_APPENDIX_A,accrued,CY,,da9919a727d10e89e41247568c93060dc18278f4d69a27936b04b4d3cf206078,A,PSA6B_2 central government net borrowing (NMFJ) with sign flipped to B.9 net lending
20260909T180316Z,GBR,2020,financing,C_s13_nlb,-274362.0,package_NLB,accrued,CY,,,A,balance_ledger strict NLB
20260909T180316Z,GBR,2021,financing,A_cg_cash_requirement,148531.0,ONS_PSF_APPENDIX_S,cash,M,sum of 12 calendar months,21d7fd85ca0dea2ec2e1d2b26e207506d542f4bdf6ddd729dfecf3dab231b060,A,M98R CGNCR excl. NRAM/B&B/Network Rail; sign: + = borrowing
20260909T180316Z,GBR,2021,financing,B_s1311_b9,-177830.0,ONS_PSF_APPENDIX_A,accrued,CY,,da9919a727d10e89e41247568c93060dc18278f4d69a27936b04b4d3cf206078,A,PSA6B_2 central government net borrowing (NMFJ) with sign flipped to B.9 net lending
20260909T180316Z,GBR,2021,financing,C_s13_nlb,-175067.0,package_NLB,accrued,CY,,,A,balance_ledger strict NLB
20260909T180316Z,GBR,2022,financing,A_cg_cash_requirement,97348.0,ONS_PSF_APPENDIX_S,cash,M,sum of 12 calendar months,21d7fd85ca0dea2ec2e1d2b26e207506d542f4bdf6ddd729dfecf3dab231b060,A,M98R CGNCR excl. NRAM/B&B/Network Rail; sign: + = borrowing
20260909T180316Z,GBR,2022,financing,B_s1311_b9,-107608.0,ONS_PSF_APPENDIX_A,accrued,CY,,da9919a727d10e89e41247568c93060dc18278f4d69a27936b04b4d3cf206078,A,PSA6B_2 central government net borrowing (NMFJ) with sign flipped to B.9 net lending
20260909T180316Z,GBR,2022,financing,C_s13_nlb,-118719.0,package_NLB,accrued,CY,,,A,balance_ledger strict NLB
20260909T180316Z,GBR,2023,financing,A_cg_cash_requirement,152265.0,ONS_PSF_APPENDIX_S,cash,M,sum of 12 calendar months,21d7fd85ca0dea2ec2e1d2b26e207506d542f4bdf6ddd729dfecf3dab231b060,A,M98R CGNCR excl. NRAM/B&B/Network Rail; sign: + = borrowing
20260909T180316Z,GBR,2023,financing,B_s1311_b9,-154118.0,ONS_PSF_APPENDIX_A,accrued,CY,,da9919a727d10e89e41247568c93060dc18278f4d69a27936b04b4d3cf206078,A,PSA6B_2 central government net borrowing (NMFJ) with sign flipped to B.9 net lending
20260909T180316Z,GBR,2023,financing,C_s13_nlb,-166583.0,package_NLB,accrued,CY,,,A,balance_ledger strict NLB
20260909T180316Z,GBR,2024,financing,A_cg_cash_requirement,183661.0,ONS_PSF_APPENDIX_S,cash,M,sum of 12 calendar months,21d7fd85ca0dea2ec2e1d2b26e207506d542f4bdf6ddd729dfecf3dab231b060,A,M98R CGNCR excl. NRAM/B&B/Network Rail; sign: + = borrowing
20260909T180316Z,GBR,2024,financing,B_s1311_b9,-159684.0,ONS_PSF_APPENDIX_A,accrued,CY,,da9919a727d10e89e41247568c93060dc18278f4d69a27936b04b4d3cf206078,A,PSA6B_2 central government net borrowing (NMFJ) with sign flipped to B.9 net lending
20260909T180316Z,GBR,2024,financing,C_s13_nlb,-174577.0,package_NLB,accrued,CY,,,A,balance_ledger strict NLB
20260909T180316Z,GBR,2025,financing,A_cg_cash_requirement,152554.0,ONS_PSF_APPENDIX_S,cash,M,sum of 12 calendar months,21d7fd85ca0dea2ec2e1d2b26e207506d542f4bdf6ddd729dfecf3dab231b060,A,M98R CGNCR excl. NRAM/B&B/Network Rail; sign: + = borrowing
20260909T180316Z,GBR,2025,financing,B_s1311_b9,-143559.0,ONS_PSF_APPENDIX_A,accrued,CY,,da9919a727d10e89e41247568c93060dc18278f4d69a27936b04b4d3cf206078,A,PSA6B_2 central government net borrowing (NMFJ) with sign flipped to B.9 net lending
20260909T180316Z,GBR,2025,financing,C_s13_nlb,-157482.0,package_NLB,accrued,CY,,,A,balance_ledger strict NLB
20260909T180316Z,GBR,1987,interest,A_cg_cash,,HMT_NLF,accrued_nlf_finance_costs,FY,,,D,no NLF edition pair for this year
20260909T180316Z,GBR,1987,interest,B_s1311_d41,18604.0,ONS_PSF_TIMESERIES,accrued,CY,,66cd0ad7e616e3b8451eb894e071f8390a82e8e337f1a492602931b3d70447ad,A,"NMFX central government interest payable (D.41), calendar year, PUSF"
20260909T180316Z,GBR,1987,interest,C_s13_gf01_7,18977.121867607886,package_GF01_7,accrued,CY,,,A,"expenditure_long_strict GF01_7, actuals only"
20260909T180316Z,GBR,1988,interest,A_cg_cash,,HMT_NLF,accrued_nlf_finance_costs,FY,,,D,no NLF edition pair for this year
20260909T180316Z,GBR,1988,interest,B_s1311_d41,18941.0,ONS_PSF_TIMESERIES,accrued,CY,,66cd0ad7e616e3b8451eb894e071f8390a82e8e337f1a492602931b3d70447ad,A,"NMFX central government interest payable (D.41), calendar year, PUSF"
20260909T180316Z,GBR,1988,interest,C_s13_gf01_7,19543.053040648196,package_GF01_7,accrued,CY,,,A,"expenditure_long_strict GF01_7, actuals only"
20260909T180316Z,GBR,1989,interest,A_cg_cash,,HMT_NLF,accrued_nlf_finance_costs,FY,,,D,no NLF edition pair for this year
20260909T180316Z,GBR,1989,interest,B_s1311_d41,19947.0,ONS_PSF_TIMESERIES,accrued,CY,,66cd0ad7e616e3b8451eb894e071f8390a82e8e337f1a492602931b3d70447ad,A,"NMFX central government interest payable (D.41), calendar year, PUSF"
20260909T180316Z,GBR,1989,interest,C_s13_gf01_7,21000.87863834972,package_GF01_7,accrued,CY,,,A,"expenditure_long_strict GF01_7, actuals only"
20260909T180316Z,GBR,1990,interest,A_cg_cash,,HMT_NLF,accrued_nlf_finance_costs,FY,,,D,no NLF edition pair for this year
20260909T180316Z,GBR,1990,interest,B_s1311_d41,20071.0,ONS_PSF_TIMESERIES,accrued,CY,,66cd0ad7e616e3b8451eb894e071f8390a82e8e337f1a492602931b3d70447ad,A,"NMFX central government interest payable (D.41), calendar year, PUSF"
20260909T180316Z,GBR,1990,interest,C_s13_gf01_7,21241.665562913906,package_GF01_7,accrued,CY,,,A,"expenditure_long_strict GF01_7, actuals only"
20260909T180316Z,GBR,1991,interest,A_cg_cash,,HMT_NLF,accrued_nlf_finance_costs,FY,,,D,no NLF edition pair for this year
20260909T180316Z,GBR,1991,interest,B_s1311_d41,18146.0,ONS_PSF_TIMESERIES,accrued,CY,,66cd0ad7e616e3b8451eb894e071f8390a82e8e337f1a492602931b3d70447ad,A,"NMFX central government interest payable (D.41), calendar year, PUSF"
20260909T180316Z,GBR,1991,interest,C_s13_gf01_7,19108.179409993976,package_GF01_7,accrued,CY,,,A,"expenditure_long_strict GF01_7, actuals only"
20260909T180316Z,GBR,1992,interest,A_cg_cash,,HMT_NLF,accrued_nlf_finance_costs,FY,,,D,no NLF edition pair for this year
20260909T180316Z,GBR,1992,interest,B_s1311_d41,18556.0,ONS_PSF_TIMESERIES,accrued,CY,,66cd0ad7e616e3b8451eb894e071f8390a82e8e337f1a492602931b3d70447ad,A,"NMFX central government interest payable (D.41), calendar year, PUSF"
20260909T180316Z,GBR,1992,interest,C_s13_gf01_7,19261.501806140877,package_GF01_7,accrued,CY,,,A,"expenditure_long_strict GF01_7, actuals only"
20260909T180316Z,GBR,1993,interest,A_cg_cash,,HMT_NLF,accrued_nlf_finance_costs,FY,,,D,no NLF edition pair for this year
20260909T180316Z,GBR,1993,interest,B_s1311_d41,19827.0,ONS_PSF_TIMESERIES,accrued,CY,,66cd0ad7e616e3b8451eb894e071f8390a82e8e337f1a492602931b3d70447ad,A,"NMFX central government interest payable (D.41), calendar year, PUSF"
20260909T180316Z,GBR,1993,interest,C_s13_gf01_7,20350.792293798917,package_GF01_7,accrued,CY,,,A,"expenditure_long_strict GF01_7, actuals only"
20260909T180316Z,GBR,1994,interest,A_cg_cash,,HMT_NLF,accrued_nlf_finance_costs,FY,,,D,no NLF edition pair for this year
20260909T180316Z,GBR,1994,interest,B_s1311_d41,22658.0,ONS_PSF_TIMESERIES,accrued,CY,,66cd0ad7e616e3b8451eb894e071f8390a82e8e337f1a492602931b3d70447ad,A,"NMFX central government interest payable (D.41), calendar year, PUSF"
20260909T180316Z,GBR,1994,interest,C_s13_gf01_7,23224.835641180012,package_GF01_7,accrued,CY,,,A,"expenditure_long_strict GF01_7, actuals only"
20260909T180316Z,GBR,1995,interest,A_cg_cash,,HMT_NLF,accrued_nlf_finance_costs,FY,,,D,no NLF edition pair for this year
20260909T180316Z,GBR,1995,interest,B_s1311_d41,25899.0,ONS_PSF_TIMESERIES,accrued,CY,,66cd0ad7e616e3b8451eb894e071f8390a82e8e337f1a492602931b3d70447ad,A,"NMFX central government interest payable (D.41), calendar year, PUSF"
20260909T180316Z,GBR,1995,interest,C_s13_gf01_7,26632.0,package_GF01_7,accrued,CY,,,A,"expenditure_long_strict GF01_7, actuals only"
20260909T180316Z,GBR,1996,interest,A_cg_cash,,HMT_NLF,accrued_nlf_finance_costs,FY,,,D,no NLF edition pair for this year
20260909T180316Z,GBR,1996,interest,B_s1311_d41,27402.0,ONS_PSF_TIMESERIES,accrued,CY,,66cd0ad7e616e3b8451eb894e071f8390a82e8e337f1a492602931b3d70447ad,A,"NMFX central government interest payable (D.41), calendar year, PUSF"
20260909T180316Z,GBR,1996,interest,C_s13_gf01_7,28333.0,package_GF01_7,accrued,CY,,,A,"expenditure_long_strict GF01_7, actuals only"
20260909T180316Z,GBR,1997,interest,A_cg_cash,,HMT_NLF,accrued_nlf_finance_costs,FY,,,D,no NLF edition pair for this year
20260909T180316Z,GBR,1997,interest,B_s1311_d41,29335.0,ONS_PSF_TIMESERIES,accrued,CY,,66cd0ad7e616e3b8451eb894e071f8390a82e8e337f1a492602931b3d70447ad,A,"NMFX central government interest payable (D.41), calendar year, PUSF"
20260909T180316Z,GBR,1997,interest,C_s13_gf01_7,30131.0,package_GF01_7,accrued,CY,,,A,"expenditure_long_strict GF01_7, actuals only"
20260909T180316Z,GBR,1998,interest,A_cg_cash,,HMT_NLF,accrued_nlf_finance_costs,FY,,,D,no NLF edition pair for this year
20260909T180316Z,GBR,1998,interest,B_s1311_d41,30109.0,ONS_PSF_TIMESERIES,accrued,CY,,66cd0ad7e616e3b8451eb894e071f8390a82e8e337f1a492602931b3d70447ad,A,"NMFX central government interest payable (D.41), calendar year, PUSF"
20260909T180316Z,GBR,1998,interest,C_s13_gf01_7,31128.0,package_GF01_7,accrued,CY,,,A,"expenditure_long_strict GF01_7, actuals only"
20260909T180316Z,GBR,1999,interest,A_cg_cash,,HMT_NLF,accrued_nlf_finance_costs,FY,,,D,no NLF edition pair for this year
20260909T180316Z,GBR,1999,interest,B_s1311_d41,26577.0,ONS_PSF_TIMESERIES,accrued,CY,,66cd0ad7e616e3b8451eb894e071f8390a82e8e337f1a492602931b3d70447ad,A,"NMFX central government interest payable (D.41), calendar year, PUSF"
20260909T180316Z,GBR,1999,interest,C_s13_gf01_7,27315.0,package_GF01_7,accrued,CY,,,A,"expenditure_long_strict GF01_7, actuals only"
20260909T180316Z,GBR,2000,interest,A_cg_cash,,HMT_NLF,accrued_nlf_finance_costs,FY,,,D,no NLF edition pair for this year
20260909T180316Z,GBR,2000,interest,B_s1311_d41,26615.0,ONS_PSF_TIMESERIES,accrued,CY,,66cd0ad7e616e3b8451eb894e071f8390a82e8e337f1a492602931b3d70447ad,A,"NMFX central government interest payable (D.41), calendar year, PUSF"
20260909T180316Z,GBR,2000,interest,C_s13_gf01_7,27323.0,package_GF01_7,accrued,CY,,,A,"expenditure_long_strict GF01_7, actuals only"
20260909T180316Z,GBR,2001,interest,A_cg_cash,,HMT_NLF,accrued_nlf_finance_costs,FY,,,D,no NLF edition pair for this year
20260909T180316Z,GBR,2001,interest,B_s1311_d41,24106.0,ONS_PSF_TIMESERIES,accrued,CY,,66cd0ad7e616e3b8451eb894e071f8390a82e8e337f1a492602931b3d70447ad,A,"NMFX central government interest payable (D.41), calendar year, PUSF"
20260909T180316Z,GBR,2001,interest,C_s13_gf01_7,24766.0,package_GF01_7,accrued,CY,,,A,"expenditure_long_strict GF01_7, actuals only"
20260909T180316Z,GBR,2002,interest,A_cg_cash,,HMT_NLF,accrued_nlf_finance_costs,FY,,,D,no NLF edition pair for this year
20260909T180316Z,GBR,2002,interest,B_s1311_d41,21907.0,ONS_PSF_TIMESERIES,accrued,CY,,66cd0ad7e616e3b8451eb894e071f8390a82e8e337f1a492602931b3d70447ad,A,"NMFX central government interest payable (D.41), calendar year, PUSF"
20260909T180316Z,GBR,2002,interest,C_s13_gf01_7,22404.0,package_GF01_7,accrued,CY,,,A,"expenditure_long_strict GF01_7, actuals only"
20260909T180316Z,GBR,2003,interest,A_cg_cash,,HMT_NLF,accrued_nlf_finance_costs,FY,,,D,no NLF edition pair for this year
20260909T180316Z,GBR,2003,interest,B_s1311_d41,22996.0,ONS_PSF_TIMESERIES,accrued,CY,,66cd0ad7e616e3b8451eb894e071f8390a82e8e337f1a492602931b3d70447ad,A,"NMFX central government interest payable (D.41), calendar year, PUSF"
20260909T180316Z,GBR,2003,interest,C_s13_gf01_7,23450.0,package_GF01_7,accrued,CY,,,A,"expenditure_long_strict GF01_7, actuals only"
20260909T180316Z,GBR,2004,interest,A_cg_cash,,HMT_NLF,accrued_nlf_finance_costs,FY,,,D,no NLF edition pair for this year
20260909T180316Z,GBR,2004,interest,B_s1311_d41,24697.0,ONS_PSF_TIMESERIES,accrued,CY,,66cd0ad7e616e3b8451eb894e071f8390a82e8e337f1a492602931b3d70447ad,A,"NMFX central government interest payable (D.41), calendar year, PUSF"
20260909T180316Z,GBR,2004,interest,C_s13_gf01_7,25382.0,package_GF01_7,accrued,CY,,,A,"expenditure_long_strict GF01_7, actuals only"
20260909T180316Z,GBR,2005,interest,A_cg_cash,,HMT_NLF,accrued_nlf_finance_costs,FY,,,D,no NLF edition pair for this year
20260909T180316Z,GBR,2005,interest,B_s1311_d41,27721.0,ONS_PSF_TIMESERIES,accrued,CY,,66cd0ad7e616e3b8451eb894e071f8390a82e8e337f1a492602931b3d70447ad,A,"NMFX central government interest payable (D.41), calendar year, PUSF"
20260909T180316Z,GBR,2005,interest,C_s13_gf01_7,28542.0,package_GF01_7,accrued,CY,,,A,"expenditure_long_strict GF01_7, actuals only"
20260909T180316Z,GBR,2006,interest,A_cg_cash,,HMT_NLF,accrued_nlf_finance_costs,FY,,,D,no NLF edition pair for this year
20260909T180316Z,GBR,2006,interest,B_s1311_d41,29413.0,ONS_PSF_TIMESERIES,accrued,CY,,66cd0ad7e616e3b8451eb894e071f8390a82e8e337f1a492602931b3d70447ad,A,"NMFX central government interest payable (D.41), calendar year, PUSF"
20260909T180316Z,GBR,2006,interest,C_s13_gf01_7,30077.0,package_GF01_7,accrued,CY,,,A,"expenditure_long_strict GF01_7, actuals only"
20260909T180316Z,GBR,2007,interest,A_cg_cash,,HMT_NLF,accrued_nlf_finance_costs,FY,,,D,no NLF edition pair for this year
20260909T180316Z,GBR,2007,interest,B_s1311_d41,33944.0,ONS_PSF_TIMESERIES,accrued,CY,,66cd0ad7e616e3b8451eb894e071f8390a82e8e337f1a492602931b3d70447ad,A,"NMFX central government interest payable (D.41), calendar year, PUSF"
20260909T180316Z,GBR,2007,interest,C_s13_gf01_7,34617.0,package_GF01_7,accrued,CY,,,A,"expenditure_long_strict GF01_7, actuals only"
20260909T180316Z,GBR,2008,interest,A_cg_cash,,HMT_NLF,accrued_nlf_finance_costs,FY,,,D,no NLF edition pair for this year
20260909T180316Z,GBR,2008,interest,B_s1311_d41,34990.0,ONS_PSF_TIMESERIES,accrued,CY,,66cd0ad7e616e3b8451eb894e071f8390a82e8e337f1a492602931b3d70447ad,A,"NMFX central government interest payable (D.41), calendar year, PUSF"
20260909T180316Z,GBR,2008,interest,C_s13_gf01_7,36033.0,package_GF01_7,accrued,CY,,,A,"expenditure_long_strict GF01_7, actuals only"
20260909T180316Z,GBR,2009,interest,A_cg_cash,38181.75,HMT_NLF,accrued_nlf_finance_costs,FY,0.25*FY(t-1/t)+0.75*FY(t/t+1) (§7.10),0da0e2521fd9ce99dee2cb91c95d248880b2787a28f125bf7857976fbb3ea545,A,NLF total finance costs of borrowing; FY 2008-09 and 2009-10; cash interest paid FY2009-10: -38547.0
20260909T180316Z,GBR,2009,interest,B_s1311_d41,29793.0,ONS_PSF_TIMESERIES,accrued,CY,,66cd0ad7e616e3b8451eb894e071f8390a82e8e337f1a492602931b3d70447ad,A,"NMFX central government interest payable (D.41), calendar year, PUSF"
20260909T180316Z,GBR,2009,interest,C_s13_gf01_7,30321.0,package_GF01_7,accrued,CY,,,A,"expenditure_long_strict GF01_7, actuals only"
20260909T180316Z,GBR,2010,interest,A_cg_cash,47858.0,HMT_NLF,accrued_nlf_finance_costs,FY,0.25*FY(t-1/t)+0.75*FY(t/t+1) (§7.10),e9069a5cc206e338c22b6e150b0a7fae62917631dc1fc2dd3eb73b6542e2557c,A,NLF total finance costs of borrowing; FY 2009-10 and 2010-11; cash interest paid FY2010-11: -42042.0
20260909T180316Z,GBR,2010,interest,B_s1311_d41,46883.0,ONS_PSF_TIMESERIES,accrued,CY,,66cd0ad7e616e3b8451eb894e071f8390a82e8e337f1a492602931b3d70447ad,A,"NMFX central government interest payable (D.41), calendar year, PUSF"
20260909T180316Z,GBR,2010,interest,C_s13_gf01_7,47373.0,package_GF01_7,accrued,CY,,,A,"expenditure_long_strict GF01_7, actuals only"
20260909T180316Z,GBR,2011,interest,A_cg_cash,52553.0,HMT_NLF,accrued_nlf_finance_costs,FY,0.25*FY(t-1/t)+0.75*FY(t/t+1) (§7.10),9c2ce46f6fd3cea091b736c7218ef9b53d8a0177719d2d3d4195b124d01a8066,A,NLF total finance costs of borrowing; FY 2010-11 and 2011-12; cash interest paid FY2011-12: -44192.0
20260909T180316Z,GBR,2011,interest,B_s1311_d41,53587.0,ONS_PSF_TIMESERIES,accrued,CY,,66cd0ad7e616e3b8451eb894e071f8390a82e8e337f1a492602931b3d70447ad,A,"NMFX central government interest payable (D.41), calendar year, PUSF"
20260909T180316Z,GBR,2011,interest,C_s13_gf01_7,54161.0,package_GF01_7,accrued,CY,,,A,"expenditure_long_strict GF01_7, actuals only"
20260909T180316Z,GBR,2012,interest,A_cg_cash,53531.75,HMT_NLF,accrued_nlf_finance_costs,FY,0.25*FY(t-1/t)+0.75*FY(t/t+1) (§7.10),7de88917fca6767a220d92a8512f34affa0f4b56799bb08a7689e08c966bc97f,A,NLF total finance costs of borrowing; FY 2011-12 and 2012-13; cash interest paid FY2012-13: -48691.0
20260909T180316Z,GBR,2012,interest,B_s1311_d41,49824.0,ONS_PSF_TIMESERIES,accrued,CY,,66cd0ad7e616e3b8451eb894e071f8390a82e8e337f1a492602931b3d70447ad,A,"NMFX central government interest payable (D.41), calendar year, PUSF"
20260909T180316Z,GBR,2012,interest,C_s13_gf01_7,50404.0,package_GF01_7,accrued,CY,,,A,"expenditure_long_strict GF01_7, actuals only"
20260909T180316Z,GBR,2013,interest,A_cg_cash,52384.0,HMT_NLF,accrued_nlf_finance_costs,FY,0.25*FY(t-1/t)+0.75*FY(t/t+1) (§7.10),132769a8e54a8dddee542001c5f8499336a2f8dd1a2a3c85467e3938bd985199,A,NLF total finance costs of borrowing; FY 2012-13 and 2013-14; cash interest paid FY2013-14: -45768.0
20260909T180316Z,GBR,2013,interest,B_s1311_d41,50827.0,ONS_PSF_TIMESERIES,accrued,CY,,66cd0ad7e616e3b8451eb894e071f8390a82e8e337f1a492602931b3d70447ad,A,"NMFX central government interest payable (D.41), calendar year, PUSF"
20260909T180316Z,GBR,2013,interest,C_s13_gf01_7,51305.0,package_GF01_7,accrued,CY,,,A,"expenditure_long_strict GF01_7, actuals only"
20260909T180316Z,GBR,2014,interest,A_cg_cash,49264.25,HMT_NLF,accrued_nlf_finance_costs,FY,0.25*FY(t-1/t)+0.75*FY(t/t+1) (§7.10),a1a5b5f9353c9954ea9c1d9ffcf9db98cbd66560595951efd6b3794e921b74fc,A,NLF total finance costs of borrowing; FY 2013-14 and 2014-15; cash interest paid FY2014-15: -46750.0
20260909T180316Z,GBR,2014,interest,B_s1311_d41,49760.0,ONS_PSF_TIMESERIES,accrued,CY,,66cd0ad7e616e3b8451eb894e071f8390a82e8e337f1a492602931b3d70447ad,A,"NMFX central government interest payable (D.41), calendar year, PUSF"
20260909T180316Z,GBR,2014,interest,C_s13_gf01_7,50379.0,package_GF01_7,accrued,CY,,,A,"expenditure_long_strict GF01_7, actuals only"
20260909T180316Z,GBR,2015,interest,A_cg_cash,48289.5,HMT_NLF,accrued_nlf_finance_costs,FY,0.25*FY(t-1/t)+0.75*FY(t/t+1) (§7.10),f2733c280aca4c0d02671639d5ce0a71564c4c6a5af653655d1101437b38aa0c,A,NLF total finance costs of borrowing; FY 2014-15 and 2015-16; cash interest paid FY2015-16: -46870.0
20260909T180316Z,GBR,2015,interest,B_s1311_d41,44529.0,ONS_PSF_TIMESERIES,accrued,CY,,66cd0ad7e616e3b8451eb894e071f8390a82e8e337f1a492602931b3d70447ad,A,"NMFX central government interest payable (D.41), calendar year, PUSF"
20260909T180316Z,GBR,2015,interest,C_s13_gf01_7,45225.0,package_GF01_7,accrued,CY,,,A,"expenditure_long_strict GF01_7, actuals only"
20260909T180316Z,GBR,2016,interest,A_cg_cash,50709.25,HMT_NLF,accrued_nlf_finance_costs,FY,0.25*FY(t-1/t)+0.75*FY(t/t+1) (§7.10),f05676514f7d1cee4af8995eee93a8598b98a64c4e2fa116f0ae8bb9e0e1ed1f,A,NLF total finance costs of borrowing; FY 2015-16 and 2016-17; cash interest paid FY2016-17: -45788.0
20260909T180316Z,GBR,2016,interest,B_s1311_d41,48612.0,ONS_PSF_TIMESERIES,accrued,CY,,66cd0ad7e616e3b8451eb894e071f8390a82e8e337f1a492602931b3d70447ad,A,"NMFX central government interest payable (D.41), calendar year, PUSF"
20260909T180316Z,GBR,2016,interest,C_s13_gf01_7,49623.0,package_GF01_7,accrued,CY,,,A,"expenditure_long_strict GF01_7, actuals only"
20260909T180316Z,GBR,2017,interest,A_cg_cash,55488.0,HMT_NLF,accrued_nlf_finance_costs,FY,0.25*FY(t-1/t)+0.75*FY(t/t+1) (§7.10),01e4da1b52aa3f51d769539174b9593d75566941209e1fff6504d53d0735bd7a,A,NLF total finance costs of borrowing; FY 2016-17 and 2017-18; cash interest paid FY2017-18: -45253.0
20260909T180316Z,GBR,2017,interest,B_s1311_d41,55835.0,ONS_PSF_TIMESERIES,accrued,CY,,66cd0ad7e616e3b8451eb894e071f8390a82e8e337f1a492602931b3d70447ad,A,"NMFX central government interest payable (D.41), calendar year, PUSF"
20260909T180316Z,GBR,2017,interest,C_s13_gf01_7,56693.0,package_GF01_7,accrued,CY,,,A,"expenditure_long_strict GF01_7, actuals only"
20260909T180316Z,GBR,2018,interest,A_cg_cash,52492.0,HMT_NLF,accrued_nlf_finance_costs,FY,0.25*FY(t-1/t)+0.75*FY(t/t+1) (§7.10),20dc40eb1d0bb585a20059e24eb5ca89ae541011e1796b146cb889525198d73c,A,NLF total finance costs of borrowing; FY 2017-18 and 2018-19; cash interest paid FY2018-19: -43884.0
20260909T180316Z,GBR,2018,interest,B_s1311_d41,53208.0,ONS_PSF_TIMESERIES,accrued,CY,,66cd0ad7e616e3b8451eb894e071f8390a82e8e337f1a492602931b3d70447ad,A,"NMFX central government interest payable (D.41), calendar year, PUSF"
20260909T180316Z,GBR,2018,interest,C_s13_gf01_7,53891.0,package_GF01_7,accrued,CY,,,A,"expenditure_long_strict GF01_7, actuals only"
20260909T180316Z,GBR,2019,interest,A_cg_cash,50690.75,HMT_NLF,accrued_nlf_finance_costs,FY,0.25*FY(t-1/t)+0.75*FY(t/t+1) (§7.10),e64afcdc55f19b86debc567b98247ae0b5453d0898dcc666172d37e10799c1cc,A,NLF total finance costs of borrowing; FY 2018-19 and 2019-20; cash interest paid FY2019-20: -42855.0
20260909T180316Z,GBR,2019,interest,B_s1311_d41,48572.0,ONS_PSF_TIMESERIES,accrued,CY,,66cd0ad7e616e3b8451eb894e071f8390a82e8e337f1a492602931b3d70447ad,A,"NMFX central government interest payable (D.41), calendar year, PUSF"
20260909T180316Z,GBR,2019,interest,C_s13_gf01_7,49450.0,package_GF01_7,accrued,CY,,,A,"expenditure_long_strict GF01_7, actuals only"
20260909T180316Z,GBR,2020,interest,A_cg_cash,43883.75,HMT_NLF,accrued_nlf_finance_costs,FY,0.25*FY(t-1/t)+0.75*FY(t/t+1) (§7.10),99fba95cda92e4d6c19e24baf0115956aff7144152950048ae1b521c86857686,A,NLF total finance costs of borrowing; FY 2019-20 and 2020-21; cash interest paid FY2020-21: -41803.0
20260909T180316Z,GBR,2020,interest,B_s1311_d41,41836.0,ONS_PSF_TIMESERIES,accrued,CY,,66cd0ad7e616e3b8451eb894e071f8390a82e8e337f1a492602931b3d70447ad,A,"NMFX central government interest payable (D.41), calendar year, PUSF"
20260909T180316Z,GBR,2020,interest,C_s13_gf01_7,42622.0,package_GF01_7,accrued,CY,,,A,"expenditure_long_strict GF01_7, actuals only"
20260909T180316Z,GBR,2021,interest,A_cg_cash,62171.25,HMT_NLF,accrued_nlf_finance_costs,FY,0.25*FY(t-1/t)+0.75*FY(t/t+1) (§7.10),f8102b795630e3eb6d9311d65cabbdf1efcf1f99e34286949f6617af97ad2032,A,NLF total finance costs of borrowing; FY 2020-21 and 2021-22; cash interest paid FY2021-22: -41419.0
20260909T180316Z,GBR,2021,interest,B_s1311_d41,62175.0,ONS_PSF_TIMESERIES,accrued,CY,,66cd0ad7e616e3b8451eb894e071f8390a82e8e337f1a492602931b3d70447ad,A,"NMFX central government interest payable (D.41), calendar year, PUSF"
20260909T180316Z,GBR,2021,interest,C_s13_gf01_7,63115.0,package_GF01_7,accrued,CY,,,A,"expenditure_long_strict GF01_7, actuals only"
20260909T180316Z,GBR,2022,interest,A_cg_cash,97719.25,HMT_NLF,accrued_nlf_finance_costs,FY,0.25*FY(t-1/t)+0.75*FY(t/t+1) (§7.10),800c67eb115baad19ff206c4f68cf9a34bb5bb991f9d973042f02eb8ad0285fb,A,NLF total finance costs of borrowing; FY 2021-22 and 2022-23; cash interest paid FY2022-23: -42392.0
20260909T180316Z,GBR,2022,interest,B_s1311_d41,107845.0,ONS_PSF_TIMESERIES,accrued,CY,,66cd0ad7e616e3b8451eb894e071f8390a82e8e337f1a492602931b3d70447ad,A,"NMFX central government interest payable (D.41), calendar year, PUSF"
20260909T180316Z,GBR,2022,interest,C_s13_gf01_7,108924.0,package_GF01_7,accrued,CY,,,A,"expenditure_long_strict GF01_7, actuals only"
20260909T180316Z,GBR,2023,interest,A_cg_cash,89947.5,HMT_NLF,accrued_nlf_finance_costs,FY,0.25*FY(t-1/t)+0.75*FY(t/t+1) (§7.10),75341a59afd6f996e1f1da5eb28e9878e09260201b1db1adfbd9a1b579c94fa3,A,NLF total finance costs of borrowing; FY 2022-23 and 2023-24; cash interest paid FY2023-24: -52147.0
20260909T180316Z,GBR,2023,interest,B_s1311_d41,86281.0,ONS_PSF_TIMESERIES,accrued,CY,,66cd0ad7e616e3b8451eb894e071f8390a82e8e337f1a492602931b3d70447ad,A,"NMFX central government interest payable (D.41), calendar year, PUSF"
20260909T180316Z,GBR,2023,interest,C_s13_gf01_7,87436.0,package_GF01_7,accrued,CY,,,A,"expenditure_long_strict GF01_7, actuals only"
20260909T180316Z,GBR,2024,interest,A_cg_cash,86253.5,HMT_NLF,accrued_nlf_finance_costs,FY,0.25*FY(t-1/t)+0.75*FY(t/t+1) (§7.10),e02a2b2cd7d6d988b5b651724b385590350dc97b859df0f54bcafd8b30355c86,A,NLF total finance costs of borrowing; FY 2023-24 and 2024-25; cash interest paid FY2024-25: -63307.0
20260909T180316Z,GBR,2024,interest,B_s1311_d41,81920.0,ONS_PSF_TIMESERIES,accrued,CY,,66cd0ad7e616e3b8451eb894e071f8390a82e8e337f1a492602931b3d70447ad,A,"NMFX central government interest payable (D.41), calendar year, PUSF"
20260909T180316Z,GBR,2024,interest,C_s13_gf01_7,83231.0,package_GF01_7,accrued,CY,,,A,"expenditure_long_strict GF01_7, actuals only"
20260909T180316Z,GBR,2025,interest,A_cg_cash,,HMT_NLF,accrued_nlf_finance_costs,FY,,,D,no NLF edition pair for this year
20260909T180316Z,GBR,2025,interest,B_s1311_d41,97759.0,ONS_PSF_TIMESERIES,accrued,CY,,66cd0ad7e616e3b8451eb894e071f8390a82e8e337f1a492602931b3d70447ad,A,"NMFX central government interest payable (D.41), calendar year, PUSF"
20260909T180316Z,GBR,2025,interest,C_s13_gf01_7,98889.79636087423,package_GF01_7,accrued,CY,,,A,"expenditure_long_strict GF01_7, actuals only"
