series_id,iso3,classification,line_code,line_level,line_label,year,native_period,source_period_basis,value_lcu_mn,currency,gdp_lcu_mn,gdp_source_id,pct_gdp,total_lcu_mn,total_source_id,pct_total,series_variant,observation_type,anchor_source,anchor_year,anchor_value,growth_source_id,growth_rate,residual_method,interpolation_method,period_conversion_method,coverage_share,coverage_share_year,quality_grade,crosswalk_version,source_id,source_release_date,source_vintage,source_status,scenario_label,concept_flag,imf_value,imf_diff_pct,oecd_rs_value,oecd_rs_diff_pct,is_interpolated,is_period_converted,is_forecast,run_id,notes
GBR_E01_strict,GBR,ESA_EXP,E01,1,Compensation of employees,1990,1990,CY,63672.0,GBP,672977.0,ONS_GDP,9.461245,237527.0,ONS_GG_RECEIPTS,26.806216,strict,anchor_actual,ONS_GG_RECEIPTS,1990.0,63672.0,,,,,,,,A,,ONS_GG_RECEIPTS,2026-06-18,2026-08-31,current,,,59903.0,-5.9194,,,False,False,False,20260921T154333Z,
GBR_E01_strict,GBR,ESA_EXP,E01,1,Compensation of employees,1991,1991,CY,69748.0,GBP,708072.0,ONS_GDP,9.850411,257370.0,ONS_GG_RECEIPTS,27.100284,strict,anchor_actual,ONS_GG_RECEIPTS,1991.0,69748.0,,,,,,,,A,,ONS_GG_RECEIPTS,2026-06-18,2026-08-31,current,,,63266.0,-9.2935,,,False,False,False,20260921T154333Z,
GBR_E01_strict,GBR,ESA_EXP,E01,1,Compensation of employees,1992,1992,CY,75252.0,GBP,733221.0,ONS_GDP,10.263209,281615.0,ONS_GG_RECEIPTS,26.721588,strict,anchor_actual,ONS_GG_RECEIPTS,1992.0,75252.0,,,,,,,,A,,ONS_GG_RECEIPTS,2026-06-18,2026-08-31,current,,,66383.0,-11.7857,,,False,False,False,20260921T154333Z,
GBR_E01_strict,GBR,ESA_EXP,E01,1,Compensation of employees,1993,1993,CY,76896.0,GBP,772390.0,ONS_GDP,9.955592,298094.0,ONS_GG_RECEIPTS,25.79589,strict,anchor_actual,ONS_GG_RECEIPTS,1993.0,76896.0,,,,,,,,A,,ONS_GG_RECEIPTS,2026-06-18,2026-08-31,current,,,62590.0,-18.6043,,,False,False,False,20260921T154333Z,
GBR_E01_strict,GBR,ESA_EXP,E01,1,Compensation of employees,1994,1994,CY,75986.0,GBP,813527.0,ONS_GDP,9.340317,311997.0,ONS_GG_RECEIPTS,24.354721,strict,anchor_actual,ONS_GG_RECEIPTS,1994.0,75986.0,,,,,,,,A,,ONS_GG_RECEIPTS,2026-06-18,2026-08-31,current,,,55845.0,-26.5062,,,False,False,False,20260921T154333Z,
GBR_E01_strict,GBR,ESA_EXP,E01,1,Compensation of employees,1995,1995,CY,78424.0,GBP,854921.0,ONS_GDP,9.173245,328874.0,ONS_GG_RECEIPTS,23.846215,strict,anchor_actual,ONS_GG_RECEIPTS,1995.0,78424.0,,,,,,,,A,,ONS_GG_RECEIPTS,2026-06-18,2026-08-31,current,,,79213.0,1.0061,,,False,False,False,20260921T154333Z,
GBR_E01_strict,GBR,ESA_EXP,E01,1,Compensation of employees,1996,1996,CY,82845.0,GBP,913609.0,ONS_GDP,9.067884,337467.0,ONS_GG_RECEIPTS,24.549067,strict,anchor_actual,ONS_GG_RECEIPTS,1996.0,82845.0,,,,,,,,A,,ONS_GG_RECEIPTS,2026-06-18,2026-08-31,current,,,83013.0,0.2028,,,False,False,False,20260921T154333Z,
GBR_E01_strict,GBR,ESA_EXP,E01,1,Compensation of employees,1997,1997,CY,84400.0,GBP,958539.0,ONS_GDP,8.805067,341776.0,ONS_GG_RECEIPTS,24.694537,strict,anchor_actual,ONS_GG_RECEIPTS,1997.0,84400.0,,,,,,,,A,,ONS_GG_RECEIPTS,2026-06-18,2026-08-31,current,,,91641.0,8.5794,,,False,False,False,20260921T154333Z,
GBR_E01_strict,GBR,ESA_EXP,E01,1,Compensation of employees,1998,1998,CY,86072.0,GBP,1002804.0,ONS_GDP,8.583133,353573.0,ONS_GG_RECEIPTS,24.343488,strict,anchor_actual,ONS_GG_RECEIPTS,1998.0,86072.0,,,,,,,,A,,ONS_GG_RECEIPTS,2026-06-18,2026-08-31,current,,,93872.0,9.0622,,,False,False,False,20260921T154333Z,
GBR_E01_strict,GBR,ESA_EXP,E01,1,Compensation of employees,1999,1999,CY,90048.0,GBP,1046727.0,ONS_GDP,8.602816,364712.0,ONS_GG_RECEIPTS,24.690166,strict,anchor_actual,ONS_GG_RECEIPTS,1999.0,90048.0,,,,,,,,A,,ONS_GG_RECEIPTS,2026-06-18,2026-08-31,current,,,97673.0,8.4677,,,False,False,False,20260921T154333Z,
GBR_E01_strict,GBR,ESA_EXP,E01,1,Compensation of employees,2000,2000,CY,95601.0,GBP,1104759.0,ONS_GDP,8.653562,386659.0,ONS_GG_RECEIPTS,24.724887,strict,anchor_actual,ONS_GG_RECEIPTS,2000.0,95601.0,,,,,,,,A,,ONS_GG_RECEIPTS,2026-06-18,2026-08-31,current,,,103621.0,8.389,,,False,False,False,20260921T154333Z,
GBR_E01_strict,GBR,ESA_EXP,E01,1,Compensation of employees,2001,2001,CY,103954.0,GBP,1150542.0,ONS_GDP,9.03522,414039.0,ONS_GG_RECEIPTS,25.107297,strict,anchor_actual,ONS_GG_RECEIPTS,2001.0,103954.0,,,,,,,,A,,ONS_GG_RECEIPTS,2026-06-18,2026-08-31,current,,,112468.0,8.1902,,,False,False,False,20260921T154333Z,
GBR_E01_strict,GBR,ESA_EXP,E01,1,Compensation of employees,2002,2002,CY,111430.0,GBP,1194646.0,ONS_GDP,9.327449,447236.0,ONS_GG_RECEIPTS,24.915257,strict,anchor_actual,ONS_GG_RECEIPTS,2002.0,111430.0,,,,,,,,A,,ONS_GG_RECEIPTS,2026-06-18,2026-08-31,current,,,119221.0,6.9918,,,False,False,False,20260921T154333Z,
GBR_E01_strict,GBR,ESA_EXP,E01,1,Compensation of employees,2003,2003,CY,122320.0,GBP,1262502.0,ONS_GDP,9.688698,488220.0,ONS_GG_RECEIPTS,25.054279,strict,anchor_actual,ONS_GG_RECEIPTS,2003.0,122320.0,,,,,,,,A,,ONS_GG_RECEIPTS,2026-06-18,2026-08-31,current,,,128518.0,5.067,,,False,False,False,20260921T154333Z,
GBR_E01_strict,GBR,ESA_EXP,E01,1,Compensation of employees,2004,2004,CY,133686.0,GBP,1327143.0,ONS_GDP,10.073217,529773.0,ONS_GG_RECEIPTS,25.234582,strict,anchor_actual,ONS_GG_RECEIPTS,2004.0,133686.0,,,,,,,,A,,ONS_GG_RECEIPTS,2026-06-18,2026-08-31,current,,,138987.0,3.9653,,,False,False,False,20260921T154333Z,
GBR_E01_strict,GBR,ESA_EXP,E01,1,Compensation of employees,2005,2005,CY,143871.0,GBP,1403249.0,ONS_GDP,10.252706,576622.0,ONS_GG_RECEIPTS,24.950661,strict,anchor_actual,ONS_GG_RECEIPTS,2005.0,143871.0,,,,,,,,A,,ONS_GG_RECEIPTS,2026-06-18,2026-08-31,current,,,148281.0,3.0652,,,False,False,False,20260921T154333Z,
GBR_E01_strict,GBR,ESA_EXP,E01,1,Compensation of employees,2006,2006,CY,151885.0,GBP,1478080.0,ONS_GDP,10.275831,601477.0,ONS_GG_RECEIPTS,25.252005,strict,anchor_actual,ONS_GG_RECEIPTS,2006.0,151885.0,,,,,,,,A,,ONS_GG_RECEIPTS,2026-06-18,2026-08-31,current,,,157292.0,3.5599,,,False,False,False,20260921T154333Z,
GBR_E01_strict,GBR,ESA_EXP,E01,1,Compensation of employees,2007,2007,CY,156451.0,GBP,1551729.0,ONS_GDP,10.082366,634877.0,ONS_GG_RECEIPTS,24.642726,strict,anchor_actual,ONS_GG_RECEIPTS,2007.0,156451.0,,,,,,,,A,,ONS_GG_RECEIPTS,2026-06-18,2026-08-31,current,,,164173.0,4.9357,,,False,False,False,20260921T154333Z,
GBR_E01_strict,GBR,ESA_EXP,E01,1,Compensation of employees,2008,2008,CY,160580.0,GBP,1602217.0,ONS_GDP,10.022363,706148.0,ONS_GG_RECEIPTS,22.740275,strict,anchor_actual,ONS_GG_RECEIPTS,2008.0,160580.0,,,,,,,,A,,ONS_GG_RECEIPTS,2026-06-18,2026-08-31,current,,,170745.0,6.3302,,,False,False,False,20260921T154333Z,
GBR_E01_strict,GBR,ESA_EXP,E01,1,Compensation of employees,2009,2009,CY,165870.0,GBP,1559405.0,ONS_GDP,10.636749,732024.0,ONS_GG_RECEIPTS,22.659093,strict,anchor_actual,ONS_GG_RECEIPTS,2009.0,165870.0,,,,,,,,A,,ONS_GG_RECEIPTS,2026-06-18,2026-08-31,current,,,176053.0,6.1391,,,False,False,False,20260921T154333Z,
GBR_E01_strict,GBR,ESA_EXP,E01,1,Compensation of employees,2010,2010,CY,171797.0,GBP,1615839.0,ONS_GDP,10.632062,761564.0,ONS_GG_RECEIPTS,22.558446,strict,anchor_actual,ONS_GG_RECEIPTS,2010.0,171797.0,,,,,,,,A,,ONS_GG_RECEIPTS,2026-06-18,2026-08-31,current,,,179624.0,4.556,,,False,False,False,20260921T154333Z,
GBR_E01_strict,GBR,ESA_EXP,E01,1,Compensation of employees,2011,2011,CY,170722.0,GBP,1669945.0,ONS_GDP,10.223211,761359.0,ONS_GG_RECEIPTS,22.423325,strict,anchor_actual,ONS_GG_RECEIPTS,2011.0,170722.0,,,,,,,,A,,ONS_GG_RECEIPTS,2026-06-18,2026-08-31,current,,,178906.0,4.7938,,,False,False,False,20260921T154333Z,
GBR_E01_strict,GBR,ESA_EXP,E01,1,Compensation of employees,2012,2012,CY,170707.0,GBP,1721708.0,ONS_GDP,9.91498,780852.0,ONS_GG_RECEIPTS,21.861633,strict,anchor_actual,ONS_GG_RECEIPTS,2012.0,170707.0,,,,,,,,A,,ONS_GG_RECEIPTS,2026-06-18,2026-08-31,current,,,177355.0,3.8944,,,False,False,False,20260921T154333Z,
GBR_E01_strict,GBR,ESA_EXP,E01,1,Compensation of employees,2013,2013,CY,167253.0,GBP,1789072.0,ONS_GDP,9.34859,780359.0,ONS_GG_RECEIPTS,21.432828,strict,anchor_actual,ONS_GG_RECEIPTS,2013.0,167253.0,,,,,,,,A,,ONS_GG_RECEIPTS,2026-06-18,2026-08-31,current,,,156892.0,-6.1948,,,False,False,False,20260921T154333Z,
GBR_E01_strict,GBR,ESA_EXP,E01,1,Compensation of employees,2014,2014,CY,171243.0,GBP,1875066.0,ONS_GDP,9.132639,803006.0,ONS_GG_RECEIPTS,21.325245,strict,anchor_actual,ONS_GG_RECEIPTS,2014.0,171243.0,,,,,,,,A,,ONS_GG_RECEIPTS,2026-06-18,2026-08-31,current,,,159865.0,-6.6444,,,False,False,False,20260921T154333Z,
GBR_E01_strict,GBR,ESA_EXP,E01,1,Compensation of employees,2015,2015,CY,173610.0,GBP,1928016.0,ONS_GDP,9.004593,812579.0,ONS_GG_RECEIPTS,21.365307,strict,anchor_actual,ONS_GG_RECEIPTS,2015.0,173610.0,,,,,,,,A,,ONS_GG_RECEIPTS,2026-06-18,2026-08-31,current,,,159740.0,-7.9892,,,False,False,False,20260921T154333Z,
GBR_E01_strict,GBR,ESA_EXP,E01,1,Compensation of employees,2016,2016,CY,179449.0,GBP,2004755.0,ONS_GDP,8.951169,828878.0,ONS_GG_RECEIPTS,21.649628,strict,anchor_actual,ONS_GG_RECEIPTS,2016.0,179449.0,,,,,,,,A,,ONS_GG_RECEIPTS,2026-06-18,2026-08-31,current,,,162764.0,-9.2979,,,False,False,False,20260921T154333Z,
GBR_E01_strict,GBR,ESA_EXP,E01,1,Compensation of employees,2017,2017,CY,185222.0,GBP,2097222.0,ONS_GDP,8.831778,857578.0,ONS_GG_RECEIPTS,21.598269,strict,anchor_actual,ONS_GG_RECEIPTS,2017.0,185222.0,,,,,,,,A,,ONS_GG_RECEIPTS,2026-06-18,2026-08-31,current,,,178408.0,-3.6788,,,False,False,False,20260921T154333Z,
GBR_E01_strict,GBR,ESA_EXP,E01,1,Compensation of employees,2018,2018,CY,190755.0,GBP,2171559.0,ONS_GDP,8.784242,880582.0,ONS_GG_RECEIPTS,21.662378,strict,anchor_actual,ONS_GG_RECEIPTS,2018.0,190755.0,,,,,,,,A,,ONS_GG_RECEIPTS,2026-06-18,2026-08-31,current,,,191120.0,0.1913,,,False,False,False,20260921T154333Z,
GBR_E01_strict,GBR,ESA_EXP,E01,1,Compensation of employees,2019,2019,CY,203172.0,GBP,2252961.0,ONS_GDP,9.017999,912674.0,ONS_GG_RECEIPTS,22.26118,strict,anchor_actual,ONS_GG_RECEIPTS,2019.0,203172.0,,,,,,,,A,,ONS_GG_RECEIPTS,2026-06-18,2026-08-31,current,,,200172.0,-1.4766,,,False,False,False,20260921T154333Z,
GBR_E01_strict,GBR,ESA_EXP,E01,1,Compensation of employees,2020,2020,CY,217346.0,GBP,2124720.0,ONS_GDP,10.229395,1099852.0,ONS_GG_RECEIPTS,19.761386,strict,anchor_actual,ONS_GG_RECEIPTS,2020.0,217346.0,,,,,,,,A,,ONS_GG_RECEIPTS,2026-06-18,2026-08-31,current,,,214373.0,-1.3679,,,False,False,False,20260921T154333Z,
GBR_E01_strict,GBR,ESA_EXP,E01,1,Compensation of employees,2021,2021,CY,230418.0,GBP,2322652.0,ONS_GDP,9.92047,1101087.0,ONS_GG_RECEIPTS,20.926412,strict,anchor_actual,ONS_GG_RECEIPTS,2021.0,230418.0,,,,,,,,A,,ONS_GG_RECEIPTS,2026-06-18,2026-08-31,current,,,222349.0,-3.5019,,,False,False,False,20260921T154333Z,
GBR_E01_strict,GBR,ESA_EXP,E01,1,Compensation of employees,2022,2022,CY,243973.0,GBP,2580949.0,ONS_GDP,9.452841,1175592.0,ONS_GG_RECEIPTS,20.753203,strict,anchor_actual,ONS_GG_RECEIPTS,2022.0,243973.0,,,,,,,,A,,ONS_GG_RECEIPTS,2026-06-18,2026-08-31,current,,,236021.0,-3.2594,,,False,False,False,20260921T154333Z,
GBR_E01_strict,GBR,ESA_EXP,E01,1,Compensation of employees,2023,2023,CY,268585.0,GBP,2752164.0,ONS_GDP,9.759048,1280766.0,ONS_GG_RECEIPTS,20.970653,strict,anchor_actual,ONS_GG_RECEIPTS,2023.0,268585.0,,,,,,,,A,,ONS_GG_RECEIPTS,2026-06-18,2026-08-31,current,,,260274.0,-3.0944,,,False,False,False,20260921T154333Z,
GBR_E01_strict,GBR,ESA_EXP,E01,1,Compensation of employees,2024,2024,CY,289130.0,GBP,2890254.0,ONS_GDP,10.003619,1337389.0,ONS_GG_RECEIPTS,21.61899,strict,anchor_actual,ONS_GG_RECEIPTS,2024.0,289130.0,,,,,,,,A,,ONS_GG_RECEIPTS,2026-06-18,2026-08-31,current,,,278279.0,-3.753,,,False,False,False,20260921T154333Z,
GBR_E01_strict,GBR,ESA_EXP,E01,1,Compensation of employees,2025,2025,CY,315837.0,GBP,3033866.0,ONS_GDP,10.410381,1403741.0,ONS_GG_RECEIPTS,22.499663,strict,anchor_actual,ONS_GG_RECEIPTS,2025.0,315837.0,,,,,,,,A,,ONS_GG_RECEIPTS,2026-06-18,2026-08-31,current,,,,,,,False,False,False,20260921T154333Z,
GBR_E02_strict,GBR,ESA_EXP,E02,1,Intermediate consumption,1990,1990,CY,34205.0,GBP,672977.0,ONS_GDP,5.08264,237527.0,ONS_GG_RECEIPTS,14.400468,strict,anchor_actual,ONS_GG_RECEIPTS,1990.0,34205.0,,,,,,,,A,,ONS_GG_RECEIPTS,2026-06-18,2026-08-31,current,,,47255.0,38.1523,,,False,False,False,20260921T154333Z,
GBR_E02_strict,GBR,ESA_EXP,E02,1,Intermediate consumption,1991,1991,CY,37604.0,GBP,708072.0,ONS_GDP,5.310759,257370.0,ONS_GG_RECEIPTS,14.610872,strict,anchor_actual,ONS_GG_RECEIPTS,1991.0,37604.0,,,,,,,,A,,ONS_GG_RECEIPTS,2026-06-18,2026-08-31,current,,,53383.0,41.961,,,False,False,False,20260921T154333Z,
GBR_E02_strict,GBR,ESA_EXP,E02,1,Intermediate consumption,1992,1992,CY,41959.0,GBP,733221.0,ONS_GDP,5.722558,281615.0,ONS_GG_RECEIPTS,14.899419,strict,anchor_actual,ONS_GG_RECEIPTS,1992.0,41959.0,,,,,,,,A,,ONS_GG_RECEIPTS,2026-06-18,2026-08-31,current,,,58549.0,39.5386,,,False,False,False,20260921T154333Z,
GBR_E02_strict,GBR,ESA_EXP,E02,1,Intermediate consumption,1993,1993,CY,42998.0,GBP,772390.0,ONS_GDP,5.566877,298094.0,ONS_GG_RECEIPTS,14.424309,strict,anchor_actual,ONS_GG_RECEIPTS,1993.0,42998.0,,,,,,,,A,,ONS_GG_RECEIPTS,2026-06-18,2026-08-31,current,,,63794.0,48.365,,,False,False,False,20260921T154333Z,
GBR_E02_strict,GBR,ESA_EXP,E02,1,Intermediate consumption,1994,1994,CY,47584.0,GBP,813527.0,ONS_GDP,5.849099,311997.0,ONS_GG_RECEIPTS,15.251429,strict,anchor_actual,ONS_GG_RECEIPTS,1994.0,47584.0,,,,,,,,A,,ONS_GG_RECEIPTS,2026-06-18,2026-08-31,current,,,76042.0,59.8058,,,False,False,False,20260921T154333Z,
GBR_E02_strict,GBR,ESA_EXP,E02,1,Intermediate consumption,1995,1995,CY,50305.0,GBP,854921.0,ONS_GDP,5.884169,328874.0,ONS_GG_RECEIPTS,15.296132,strict,anchor_actual,ONS_GG_RECEIPTS,1995.0,50305.0,,,,,,,,A,,ONS_GG_RECEIPTS,2026-06-18,2026-08-31,current,,,50043.0,-0.5208,,,False,False,False,20260921T154333Z,
GBR_E02_strict,GBR,ESA_EXP,E02,1,Intermediate consumption,1996,1996,CY,51831.0,GBP,913609.0,ONS_GDP,5.673215,337467.0,ONS_GG_RECEIPTS,15.358835,strict,anchor_actual,ONS_GG_RECEIPTS,1996.0,51831.0,,,,,,,,A,,ONS_GG_RECEIPTS,2026-06-18,2026-08-31,current,,,51560.0,-0.5229,,,False,False,False,20260921T154333Z,
GBR_E02_strict,GBR,ESA_EXP,E02,1,Intermediate consumption,1997,1997,CY,52068.0,GBP,958539.0,ONS_GDP,5.432017,341776.0,ONS_GG_RECEIPTS,15.23454,strict,anchor_actual,ONS_GG_RECEIPTS,1997.0,52068.0,,,,,,,,A,,ONS_GG_RECEIPTS,2026-06-18,2026-08-31,current,,,51539.0,-1.016,,,False,False,False,20260921T154333Z,
GBR_E02_strict,GBR,ESA_EXP,E02,1,Intermediate consumption,1998,1998,CY,56265.0,GBP,1002804.0,ONS_GDP,5.610767,353573.0,ONS_GG_RECEIPTS,15.913263,strict,anchor_actual,ONS_GG_RECEIPTS,1998.0,56265.0,,,,,,,,A,,ONS_GG_RECEIPTS,2026-06-18,2026-08-31,current,,,55669.0,-1.0593,,,False,False,False,20260921T154333Z,
GBR_E02_strict,GBR,ESA_EXP,E02,1,Intermediate consumption,1999,1999,CY,61969.0,GBP,1046727.0,ONS_GDP,5.920264,364712.0,ONS_GG_RECEIPTS,16.991215,strict,anchor_actual,ONS_GG_RECEIPTS,1999.0,61969.0,,,,,,,,A,,ONS_GG_RECEIPTS,2026-06-18,2026-08-31,current,,,61166.0,-1.2958,,,False,False,False,20260921T154333Z,
GBR_E02_strict,GBR,ESA_EXP,E02,1,Intermediate consumption,2000,2000,CY,67488.0,GBP,1104759.0,ONS_GDP,6.108844,386659.0,ONS_GG_RECEIPTS,17.454139,strict,anchor_actual,ONS_GG_RECEIPTS,2000.0,67488.0,,,,,,,,A,,ONS_GG_RECEIPTS,2026-06-18,2026-08-31,current,,,66533.0,-1.4151,,,False,False,False,20260921T154333Z,
GBR_E02_strict,GBR,ESA_EXP,E02,1,Intermediate consumption,2001,2001,CY,73683.0,GBP,1150542.0,ONS_GDP,6.404199,414039.0,ONS_GG_RECEIPTS,17.79615,strict,anchor_actual,ONS_GG_RECEIPTS,2001.0,73683.0,,,,,,,,A,,ONS_GG_RECEIPTS,2026-06-18,2026-08-31,current,,,72429.0,-1.7019,,,False,False,False,20260921T154333Z,
GBR_E02_strict,GBR,ESA_EXP,E02,1,Intermediate consumption,2002,2002,CY,81942.0,GBP,1194646.0,ONS_GDP,6.859103,447236.0,ONS_GG_RECEIPTS,18.32187,strict,anchor_actual,ONS_GG_RECEIPTS,2002.0,81942.0,,,,,,,,A,,ONS_GG_RECEIPTS,2026-06-18,2026-08-31,current,,,80427.0,-1.8489,,,False,False,False,20260921T154333Z,
GBR_E02_strict,GBR,ESA_EXP,E02,1,Intermediate consumption,2003,2003,CY,89155.0,GBP,1262502.0,ONS_GDP,7.061771,488220.0,ONS_GG_RECEIPTS,18.261235,strict,anchor_actual,ONS_GG_RECEIPTS,2003.0,89155.0,,,,,,,,A,,ONS_GG_RECEIPTS,2026-06-18,2026-08-31,current,,,87371.0,-2.001,,,False,False,False,20260921T154333Z,
GBR_E02_strict,GBR,ESA_EXP,E02,1,Intermediate consumption,2004,2004,CY,99267.0,GBP,1327143.0,ONS_GDP,7.479752,529773.0,ONS_GG_RECEIPTS,18.737648,strict,anchor_actual,ONS_GG_RECEIPTS,2004.0,99267.0,,,,,,,,A,,ONS_GG_RECEIPTS,2026-06-18,2026-08-31,current,,,97057.0,-2.2263,,,False,False,False,20260921T154333Z,
GBR_E02_strict,GBR,ESA_EXP,E02,1,Intermediate consumption,2005,2005,CY,106914.0,GBP,1403249.0,ONS_GDP,7.619033,576622.0,ONS_GG_RECEIPTS,18.541436,strict,anchor_actual,ONS_GG_RECEIPTS,2005.0,106914.0,,,,,,,,A,,ONS_GG_RECEIPTS,2026-06-18,2026-08-31,current,,,104561.0,-2.2008,,,False,False,False,20260921T154333Z,
GBR_E02_strict,GBR,ESA_EXP,E02,1,Intermediate consumption,2006,2006,CY,116900.0,GBP,1478080.0,ONS_GDP,7.908909,601477.0,ONS_GG_RECEIPTS,19.43549,strict,anchor_actual,ONS_GG_RECEIPTS,2006.0,116900.0,,,,,,,,A,,ONS_GG_RECEIPTS,2026-06-18,2026-08-31,current,,,114172.0,-2.3336,,,False,False,False,20260921T154333Z,
GBR_E02_strict,GBR,ESA_EXP,E02,1,Intermediate consumption,2007,2007,CY,124466.0,GBP,1551729.0,ONS_GDP,8.021117,634877.0,ONS_GG_RECEIPTS,19.604742,strict,anchor_actual,ONS_GG_RECEIPTS,2007.0,124466.0,,,,,,,,A,,ONS_GG_RECEIPTS,2026-06-18,2026-08-31,current,,,121375.0,-2.4834,,,False,False,False,20260921T154333Z,
GBR_E02_strict,GBR,ESA_EXP,E02,1,Intermediate consumption,2008,2008,CY,137873.0,GBP,1602217.0,ONS_GDP,8.605139,706148.0,ONS_GG_RECEIPTS,19.524661,strict,anchor_actual,ONS_GG_RECEIPTS,2008.0,137873.0,,,,,,,,A,,ONS_GG_RECEIPTS,2026-06-18,2026-08-31,current,,,133960.0,-2.8381,,,False,False,False,20260921T154333Z,
GBR_E02_strict,GBR,ESA_EXP,E02,1,Intermediate consumption,2009,2009,CY,147839.0,GBP,1559405.0,ONS_GDP,9.480475,732024.0,ONS_GG_RECEIPTS,20.195923,strict,anchor_actual,ONS_GG_RECEIPTS,2009.0,147839.0,,,,,,,,A,,ONS_GG_RECEIPTS,2026-06-18,2026-08-31,current,,,143716.0,-2.7888,,,False,False,False,20260921T154333Z,
GBR_E02_strict,GBR,ESA_EXP,E02,1,Intermediate consumption,2010,2010,CY,147431.0,GBP,1615839.0,ONS_GDP,9.124114,761564.0,ONS_GG_RECEIPTS,19.358977,strict,anchor_actual,ONS_GG_RECEIPTS,2010.0,147431.0,,,,,,,,A,,ONS_GG_RECEIPTS,2026-06-18,2026-08-31,current,,,142522.0,-3.3297,,,False,False,False,20260921T154333Z,
GBR_E02_strict,GBR,ESA_EXP,E02,1,Intermediate consumption,2011,2011,CY,144996.0,GBP,1669945.0,ONS_GDP,8.682681,761359.0,ONS_GG_RECEIPTS,19.044367,strict,anchor_actual,ONS_GG_RECEIPTS,2011.0,144996.0,,,,,,,,A,,ONS_GG_RECEIPTS,2026-06-18,2026-08-31,current,,,140014.0,-3.436,,,False,False,False,20260921T154333Z,
GBR_E02_strict,GBR,ESA_EXP,E02,1,Intermediate consumption,2012,2012,CY,147963.0,GBP,1721708.0,ONS_GDP,8.593966,780852.0,ONS_GG_RECEIPTS,18.948917,strict,anchor_actual,ONS_GG_RECEIPTS,2012.0,147963.0,,,,,,,,A,,ONS_GG_RECEIPTS,2026-06-18,2026-08-31,current,,,142771.0,-3.509,,,False,False,False,20260921T154333Z,
GBR_E02_strict,GBR,ESA_EXP,E02,1,Intermediate consumption,2013,2013,CY,155413.0,GBP,1789072.0,ONS_GDP,8.686794,780359.0,ONS_GG_RECEIPTS,19.915577,strict,anchor_actual,ONS_GG_RECEIPTS,2013.0,155413.0,,,,,,,,A,,ONS_GG_RECEIPTS,2026-06-18,2026-08-31,current,,,149894.0,-3.5512,,,False,False,False,20260921T154333Z,
GBR_E02_strict,GBR,ESA_EXP,E02,1,Intermediate consumption,2014,2014,CY,161996.0,GBP,1875066.0,ONS_GDP,8.639483,803006.0,ONS_GG_RECEIPTS,20.173697,strict,anchor_actual,ONS_GG_RECEIPTS,2014.0,161996.0,,,,,,,,A,,ONS_GG_RECEIPTS,2026-06-18,2026-08-31,current,,,156037.0,-3.6785,,,False,False,False,20260921T154333Z,
GBR_E02_strict,GBR,ESA_EXP,E02,1,Intermediate consumption,2015,2015,CY,161436.0,GBP,1928016.0,ONS_GDP,8.373167,812579.0,ONS_GG_RECEIPTS,19.867114,strict,anchor_actual,ONS_GG_RECEIPTS,2015.0,161436.0,,,,,,,,A,,ONS_GG_RECEIPTS,2026-06-18,2026-08-31,current,,,155415.0,-3.7297,,,False,False,False,20260921T154333Z,
GBR_E02_strict,GBR,ESA_EXP,E02,1,Intermediate consumption,2016,2016,CY,162126.0,GBP,2004755.0,ONS_GDP,8.087073,828878.0,ONS_GG_RECEIPTS,19.559694,strict,anchor_actual,ONS_GG_RECEIPTS,2016.0,162126.0,,,,,,,,A,,ONS_GG_RECEIPTS,2026-06-18,2026-08-31,current,,,156123.0,-3.7027,,,False,False,False,20260921T154333Z,
GBR_E02_strict,GBR,ESA_EXP,E02,1,Intermediate consumption,2017,2017,CY,161510.0,GBP,2097222.0,ONS_GDP,7.70114,857578.0,ONS_GG_RECEIPTS,18.833272,strict,anchor_actual,ONS_GG_RECEIPTS,2017.0,161510.0,,,,,,,,A,,ONS_GG_RECEIPTS,2026-06-18,2026-08-31,current,,,155364.0,-3.8053,,,False,False,False,20260921T154333Z,
GBR_E02_strict,GBR,ESA_EXP,E02,1,Intermediate consumption,2018,2018,CY,166071.0,GBP,2171559.0,ONS_GDP,7.647547,880582.0,ONS_GG_RECEIPTS,18.859232,strict,anchor_actual,ONS_GG_RECEIPTS,2018.0,166071.0,,,,,,,,A,,ONS_GG_RECEIPTS,2026-06-18,2026-08-31,current,,,159737.0,-3.814,,,False,False,False,20260921T154333Z,
GBR_E02_strict,GBR,ESA_EXP,E02,1,Intermediate consumption,2019,2019,CY,173569.0,GBP,2252961.0,ONS_GDP,7.704039,912674.0,ONS_GG_RECEIPTS,19.017634,strict,anchor_actual,ONS_GG_RECEIPTS,2019.0,173569.0,,,,,,,,A,,ONS_GG_RECEIPTS,2026-06-18,2026-08-31,current,,,167497.0,-3.4983,,,False,False,False,20260921T154333Z,
GBR_E02_strict,GBR,ESA_EXP,E02,1,Intermediate consumption,2020,2020,CY,198361.0,GBP,2124720.0,ONS_GDP,9.335865,1099852.0,ONS_GG_RECEIPTS,18.035245,strict,anchor_actual,ONS_GG_RECEIPTS,2020.0,198361.0,,,,,,,,A,,ONS_GG_RECEIPTS,2026-06-18,2026-08-31,current,,,192115.0,-3.1488,,,False,False,False,20260921T154333Z,
GBR_E02_strict,GBR,ESA_EXP,E02,1,Intermediate consumption,2021,2021,CY,219693.0,GBP,2322652.0,ONS_GDP,9.458714,1101087.0,ONS_GG_RECEIPTS,19.952374,strict,anchor_actual,ONS_GG_RECEIPTS,2021.0,219693.0,,,,,,,,A,,ONS_GG_RECEIPTS,2026-06-18,2026-08-31,current,,,213154.0,-2.9764,,,False,False,False,20260921T154333Z,
GBR_E02_strict,GBR,ESA_EXP,E02,1,Intermediate consumption,2022,2022,CY,226608.0,GBP,2580949.0,ONS_GDP,8.780026,1175592.0,ONS_GG_RECEIPTS,19.276075,strict,anchor_actual,ONS_GG_RECEIPTS,2022.0,226608.0,,,,,,,,A,,ONS_GG_RECEIPTS,2026-06-18,2026-08-31,current,,,220012.0,-2.9108,,,False,False,False,20260921T154333Z,
GBR_E02_strict,GBR,ESA_EXP,E02,1,Intermediate consumption,2023,2023,CY,233225.0,GBP,2752164.0,ONS_GDP,8.474241,1280766.0,ONS_GG_RECEIPTS,18.209806,strict,anchor_actual,ONS_GG_RECEIPTS,2023.0,233225.0,,,,,,,,A,,ONS_GG_RECEIPTS,2026-06-18,2026-08-31,current,,,226687.0,-2.8033,,,False,False,False,20260921T154333Z,
GBR_E02_strict,GBR,ESA_EXP,E02,1,Intermediate consumption,2024,2024,CY,248351.0,GBP,2890254.0,ONS_GDP,8.592705,1337389.0,ONS_GG_RECEIPTS,18.56984,strict,anchor_actual,ONS_GG_RECEIPTS,2024.0,248351.0,,,,,,,,A,,ONS_GG_RECEIPTS,2026-06-18,2026-08-31,current,,,240344.0,-3.2241,,,False,False,False,20260921T154333Z,
GBR_E02_strict,GBR,ESA_EXP,E02,1,Intermediate consumption,2025,2025,CY,263281.0,GBP,3033866.0,ONS_GDP,8.678069,1403741.0,ONS_GG_RECEIPTS,18.755668,strict,anchor_actual,ONS_GG_RECEIPTS,2025.0,263281.0,,,,,,,,A,,ONS_GG_RECEIPTS,2026-06-18,2026-08-31,current,,,,,,,False,False,False,20260921T154333Z,
GBR_E03_strict,GBR,ESA_EXP,E03,1,Social benefits other than social transfers in kind,1990,1990,CY,66867.0,GBP,672977.0,ONS_GDP,9.936001,237527.0,ONS_GG_RECEIPTS,28.151326,strict,anchor_actual,ONS_GG_RECEIPTS,1990.0,66867.0,,,,,,,,A,,ONS_GG_RECEIPTS,2026-06-18,2026-08-31,current,,,,,,,False,False,False,20260921T154333Z,
GBR_E03_strict,GBR,ESA_EXP,E03,1,Social benefits other than social transfers in kind,1991,1991,CY,82679.0,GBP,708072.0,ONS_GDP,11.676637,257370.0,ONS_GG_RECEIPTS,32.124568,strict,anchor_actual,ONS_GG_RECEIPTS,1991.0,82679.0,,,,,,,,A,,ONS_GG_RECEIPTS,2026-06-18,2026-08-31,current,,,,,,,False,False,False,20260921T154333Z,
GBR_E03_strict,GBR,ESA_EXP,E03,1,Social benefits other than social transfers in kind,1992,1992,CY,94873.0,GBP,733221.0,ONS_GDP,12.939209,281615.0,ONS_GG_RECEIPTS,33.688902,strict,anchor_actual,ONS_GG_RECEIPTS,1992.0,94873.0,,,,,,,,A,,ONS_GG_RECEIPTS,2026-06-18,2026-08-31,current,,,,,,,False,False,False,20260921T154333Z,
GBR_E03_strict,GBR,ESA_EXP,E03,1,Social benefits other than social transfers in kind,1993,1993,CY,102802.0,GBP,772390.0,ONS_GDP,13.309597,298094.0,ONS_GG_RECEIPTS,34.486437,strict,anchor_actual,ONS_GG_RECEIPTS,1993.0,102802.0,,,,,,,,A,,ONS_GG_RECEIPTS,2026-06-18,2026-08-31,current,,,,,,,False,False,False,20260921T154333Z,
GBR_E03_strict,GBR,ESA_EXP,E03,1,Social benefits other than social transfers in kind,1994,1994,CY,105936.0,GBP,813527.0,ONS_GDP,13.021817,311997.0,ONS_GG_RECEIPTS,33.954173,strict,anchor_actual,ONS_GG_RECEIPTS,1994.0,105936.0,,,,,,,,A,,ONS_GG_RECEIPTS,2026-06-18,2026-08-31,current,,,,,,,False,False,False,20260921T154333Z,
GBR_E03_strict,GBR,ESA_EXP,E03,1,Social benefits other than social transfers in kind,1995,1995,CY,110325.0,GBP,854921.0,ONS_GDP,12.904701,328874.0,ONS_GG_RECEIPTS,33.546282,strict,anchor_actual,ONS_GG_RECEIPTS,1995.0,110325.0,,,,,,,,A,,ONS_GG_RECEIPTS,2026-06-18,2026-08-31,current,,,,,,,False,False,False,20260921T154333Z,
GBR_E03_strict,GBR,ESA_EXP,E03,1,Social benefits other than social transfers in kind,1996,1996,CY,113754.0,GBP,913609.0,ONS_GDP,12.451059,337467.0,ONS_GG_RECEIPTS,33.708185,strict,anchor_actual,ONS_GG_RECEIPTS,1996.0,113754.0,,,,,,,,A,,ONS_GG_RECEIPTS,2026-06-18,2026-08-31,current,,,,,,,False,False,False,20260921T154333Z,
GBR_E03_strict,GBR,ESA_EXP,E03,1,Social benefits other than social transfers in kind,1997,1997,CY,117122.0,GBP,958539.0,ONS_GDP,12.218804,341776.0,ONS_GG_RECEIPTS,34.268644,strict,anchor_actual,ONS_GG_RECEIPTS,1997.0,117122.0,,,,,,,,A,,ONS_GG_RECEIPTS,2026-06-18,2026-08-31,current,,,,,,,False,False,False,20260921T154333Z,
GBR_E03_strict,GBR,ESA_EXP,E03,1,Social benefits other than social transfers in kind,1998,1998,CY,117512.0,GBP,1002804.0,ONS_GDP,11.718342,353573.0,ONS_GG_RECEIPTS,33.235569,strict,anchor_actual,ONS_GG_RECEIPTS,1998.0,117512.0,,,,,,,,A,,ONS_GG_RECEIPTS,2026-06-18,2026-08-31,current,,,,,,,False,False,False,20260921T154333Z,
GBR_E03_strict,GBR,ESA_EXP,E03,1,Social benefits other than social transfers in kind,1999,1999,CY,118806.0,GBP,1046727.0,ONS_GDP,11.350237,364712.0,ONS_GG_RECEIPTS,32.575292,strict,anchor_actual,ONS_GG_RECEIPTS,1999.0,118806.0,,,,,,,,A,,ONS_GG_RECEIPTS,2026-06-18,2026-08-31,current,,,,,,,False,False,False,20260921T154333Z,
GBR_E03_strict,GBR,ESA_EXP,E03,1,Social benefits other than social transfers in kind,2000,2000,CY,122636.0,GBP,1104759.0,ONS_GDP,11.100702,386659.0,ONS_GG_RECEIPTS,31.716836,strict,anchor_actual,ONS_GG_RECEIPTS,2000.0,122636.0,,,,,,,,A,,ONS_GG_RECEIPTS,2026-06-18,2026-08-31,current,,,,,,,False,False,False,20260921T154333Z,
GBR_E03_strict,GBR,ESA_EXP,E03,1,Social benefits other than social transfers in kind,2001,2001,CY,131305.0,GBP,1150542.0,ONS_GDP,11.412447,414039.0,ONS_GG_RECEIPTS,31.713196,strict,anchor_actual,ONS_GG_RECEIPTS,2001.0,131305.0,,,,,,,,A,,ONS_GG_RECEIPTS,2026-06-18,2026-08-31,current,,,,,,,False,False,False,20260921T154333Z,
GBR_E03_strict,GBR,ESA_EXP,E03,1,Social benefits other than social transfers in kind,2002,2002,CY,137798.0,GBP,1194646.0,ONS_GDP,11.53463,447236.0,ONS_GG_RECEIPTS,30.811026,strict,anchor_actual,ONS_GG_RECEIPTS,2002.0,137798.0,,,,,,,,A,,ONS_GG_RECEIPTS,2026-06-18,2026-08-31,current,,,,,,,False,False,False,20260921T154333Z,
GBR_E03_strict,GBR,ESA_EXP,E03,1,Social benefits other than social transfers in kind,2003,2003,CY,148779.0,GBP,1262502.0,ONS_GDP,11.784457,488220.0,ONS_GG_RECEIPTS,30.473762,strict,anchor_actual,ONS_GG_RECEIPTS,2003.0,148779.0,,,,,,,,A,,ONS_GG_RECEIPTS,2026-06-18,2026-08-31,current,,,,,,,False,False,False,20260921T154333Z,
GBR_E03_strict,GBR,ESA_EXP,E03,1,Social benefits other than social transfers in kind,2004,2004,CY,159573.0,GBP,1327143.0,ONS_GDP,12.023798,529773.0,ONS_GG_RECEIPTS,30.121014,strict,anchor_actual,ONS_GG_RECEIPTS,2004.0,159573.0,,,,,,,,A,,ONS_GG_RECEIPTS,2026-06-18,2026-08-31,current,,,,,,,False,False,False,20260921T154333Z,
GBR_E03_strict,GBR,ESA_EXP,E03,1,Social benefits other than social transfers in kind,2005,2005,CY,166813.0,GBP,1403249.0,ONS_GDP,11.887627,576622.0,ONS_GG_RECEIPTS,28.929351,strict,anchor_actual,ONS_GG_RECEIPTS,2005.0,166813.0,,,,,,,,A,,ONS_GG_RECEIPTS,2026-06-18,2026-08-31,current,,,,,,,False,False,False,20260921T154333Z,
GBR_E03_strict,GBR,ESA_EXP,E03,1,Social benefits other than social transfers in kind,2006,2006,CY,172593.0,GBP,1478080.0,ONS_GDP,11.676838,601477.0,ONS_GG_RECEIPTS,28.694863,strict,anchor_actual,ONS_GG_RECEIPTS,2006.0,172593.0,,,,,,,,A,,ONS_GG_RECEIPTS,2026-06-18,2026-08-31,current,,,,,,,False,False,False,20260921T154333Z,
GBR_E03_strict,GBR,ESA_EXP,E03,1,Social benefits other than social transfers in kind,2007,2007,CY,183934.0,GBP,1551729.0,ONS_GDP,11.853487,634877.0,ONS_GG_RECEIPTS,28.971596,strict,anchor_actual,ONS_GG_RECEIPTS,2007.0,183934.0,,,,,,,,A,,ONS_GG_RECEIPTS,2026-06-18,2026-08-31,current,,,,,,,False,False,False,20260921T154333Z,
GBR_E03_strict,GBR,ESA_EXP,E03,1,Social benefits other than social transfers in kind,2008,2008,CY,196881.0,GBP,1602217.0,ONS_GDP,12.288036,706148.0,ONS_GG_RECEIPTS,27.880982,strict,anchor_actual,ONS_GG_RECEIPTS,2008.0,196881.0,,,,,,,,A,,ONS_GG_RECEIPTS,2026-06-18,2026-08-31,current,,,,,,,False,False,False,20260921T154333Z,
GBR_E03_strict,GBR,ESA_EXP,E03,1,Social benefits other than social transfers in kind,2009,2009,CY,218392.0,GBP,1559405.0,ONS_GDP,14.004829,732024.0,ONS_GG_RECEIPTS,29.833995,strict,anchor_actual,ONS_GG_RECEIPTS,2009.0,218392.0,,,,,,,,A,,ONS_GG_RECEIPTS,2026-06-18,2026-08-31,current,,,,,,,False,False,False,20260921T154333Z,
GBR_E03_strict,GBR,ESA_EXP,E03,1,Social benefits other than social transfers in kind,2010,2010,CY,228247.0,GBP,1615839.0,ONS_GDP,14.125603,761564.0,ONS_GG_RECEIPTS,29.970823,strict,anchor_actual,ONS_GG_RECEIPTS,2010.0,228247.0,,,,,,,,A,,ONS_GG_RECEIPTS,2026-06-18,2026-08-31,current,,,,,,,False,False,False,20260921T154333Z,
GBR_E03_strict,GBR,ESA_EXP,E03,1,Social benefits other than social transfers in kind,2011,2011,CY,235908.0,GBP,1669945.0,ONS_GDP,14.126693,761359.0,ONS_GG_RECEIPTS,30.98512,strict,anchor_actual,ONS_GG_RECEIPTS,2011.0,235908.0,,,,,,,,A,,ONS_GG_RECEIPTS,2026-06-18,2026-08-31,current,,,,,,,False,False,False,20260921T154333Z,
GBR_E03_strict,GBR,ESA_EXP,E03,1,Social benefits other than social transfers in kind,2012,2012,CY,246684.0,GBP,1721708.0,ONS_GDP,14.327865,780852.0,ONS_GG_RECEIPTS,31.591646,strict,anchor_actual,ONS_GG_RECEIPTS,2012.0,246684.0,,,,,,,,A,,ONS_GG_RECEIPTS,2026-06-18,2026-08-31,current,,,,,,,False,False,False,20260921T154333Z,
GBR_E03_strict,GBR,ESA_EXP,E03,1,Social benefits other than social transfers in kind,2013,2013,CY,250846.0,GBP,1789072.0,ONS_GDP,14.021012,780359.0,ONS_GG_RECEIPTS,32.144949,strict,anchor_actual,ONS_GG_RECEIPTS,2013.0,250846.0,,,,,,,,A,,ONS_GG_RECEIPTS,2026-06-18,2026-08-31,current,,,,,,,False,False,False,20260921T154333Z,
GBR_E03_strict,GBR,ESA_EXP,E03,1,Social benefits other than social transfers in kind,2014,2014,CY,256123.0,GBP,1875066.0,ONS_GDP,13.659413,803006.0,ONS_GG_RECEIPTS,31.895528,strict,anchor_actual,ONS_GG_RECEIPTS,2014.0,256123.0,,,,,,,,A,,ONS_GG_RECEIPTS,2026-06-18,2026-08-31,current,,,,,,,False,False,False,20260921T154333Z,
GBR_E03_strict,GBR,ESA_EXP,E03,1,Social benefits other than social transfers in kind,2015,2015,CY,261334.0,GBP,1928016.0,ONS_GDP,13.554556,812579.0,ONS_GG_RECEIPTS,32.161058,strict,anchor_actual,ONS_GG_RECEIPTS,2015.0,261334.0,,,,,,,,A,,ONS_GG_RECEIPTS,2026-06-18,2026-08-31,current,,,,,,,False,False,False,20260921T154333Z,
GBR_E03_strict,GBR,ESA_EXP,E03,1,Social benefits other than social transfers in kind,2016,2016,CY,264427.0,GBP,2004755.0,ONS_GDP,13.189991,828878.0,ONS_GG_RECEIPTS,31.9018,strict,anchor_actual,ONS_GG_RECEIPTS,2016.0,264427.0,,,,,,,,A,,ONS_GG_RECEIPTS,2026-06-18,2026-08-31,current,,,,,,,False,False,False,20260921T154333Z,
GBR_E03_strict,GBR,ESA_EXP,E03,1,Social benefits other than social transfers in kind,2017,2017,CY,266216.0,GBP,2097222.0,ONS_GDP,12.693744,857578.0,ONS_GG_RECEIPTS,31.042774,strict,anchor_actual,ONS_GG_RECEIPTS,2017.0,266216.0,,,,,,,,A,,ONS_GG_RECEIPTS,2026-06-18,2026-08-31,current,,,,,,,False,False,False,20260921T154333Z,
GBR_E03_strict,GBR,ESA_EXP,E03,1,Social benefits other than social transfers in kind,2018,2018,CY,272596.0,GBP,2171559.0,ONS_GDP,12.553009,880582.0,ONS_GG_RECEIPTS,30.956345,strict,anchor_actual,ONS_GG_RECEIPTS,2018.0,272596.0,,,,,,,,A,,ONS_GG_RECEIPTS,2026-06-18,2026-08-31,current,,,,,,,False,False,False,20260921T154333Z,
GBR_E03_strict,GBR,ESA_EXP,E03,1,Social benefits other than social transfers in kind,2019,2019,CY,278396.0,GBP,2252961.0,ONS_GDP,12.356894,912674.0,ONS_GG_RECEIPTS,30.503334,strict,anchor_actual,ONS_GG_RECEIPTS,2019.0,278396.0,,,,,,,,A,,ONS_GG_RECEIPTS,2026-06-18,2026-08-31,current,,,,,,,False,False,False,20260921T154333Z,
GBR_E03_strict,GBR,ESA_EXP,E03,1,Social benefits other than social transfers in kind,2020,2020,CY,299710.0,GBP,2124720.0,ONS_GDP,14.105859,1099852.0,ONS_GG_RECEIPTS,27.25003,strict,anchor_actual,ONS_GG_RECEIPTS,2020.0,299710.0,,,,,,,,A,,ONS_GG_RECEIPTS,2026-06-18,2026-08-31,current,,,,,,,False,False,False,20260921T154333Z,
GBR_E03_strict,GBR,ESA_EXP,E03,1,Social benefits other than social transfers in kind,2021,2021,CY,307890.0,GBP,2322652.0,ONS_GDP,13.255968,1101087.0,ONS_GG_RECEIPTS,27.962368,strict,anchor_actual,ONS_GG_RECEIPTS,2021.0,307890.0,,,,,,,,A,,ONS_GG_RECEIPTS,2026-06-18,2026-08-31,current,,,,,,,False,False,False,20260921T154333Z,
GBR_E03_strict,GBR,ESA_EXP,E03,1,Social benefits other than social transfers in kind,2022,2022,CY,324124.0,GBP,2580949.0,ONS_GDP,12.558326,1175592.0,ONS_GG_RECEIPTS,27.57113,strict,anchor_actual,ONS_GG_RECEIPTS,2022.0,324124.0,,,,,,,,A,,ONS_GG_RECEIPTS,2026-06-18,2026-08-31,current,,,,,,,False,False,False,20260921T154333Z,
GBR_E03_strict,GBR,ESA_EXP,E03,1,Social benefits other than social transfers in kind,2023,2023,CY,356130.0,GBP,2752164.0,ONS_GDP,12.939999,1280766.0,ONS_GG_RECEIPTS,27.806016,strict,anchor_actual,ONS_GG_RECEIPTS,2023.0,356130.0,,,,,,,,A,,ONS_GG_RECEIPTS,2026-06-18,2026-08-31,current,,,,,,,False,False,False,20260921T154333Z,
GBR_E03_strict,GBR,ESA_EXP,E03,1,Social benefits other than social transfers in kind,2024,2024,CY,388640.0,GBP,2890254.0,ONS_GDP,13.446569,1337389.0,ONS_GG_RECEIPTS,29.059608,strict,anchor_actual,ONS_GG_RECEIPTS,2024.0,388640.0,,,,,,,,A,,ONS_GG_RECEIPTS,2026-06-18,2026-08-31,current,,,,,,,False,False,False,20260921T154333Z,
GBR_E03_strict,GBR,ESA_EXP,E03,1,Social benefits other than social transfers in kind,2025,2025,CY,413075.0,GBP,3033866.0,ONS_GDP,13.615466,1403741.0,ONS_GG_RECEIPTS,29.426725,strict,anchor_actual,ONS_GG_RECEIPTS,2025.0,413075.0,,,,,,,,A,,ONS_GG_RECEIPTS,2026-06-18,2026-08-31,current,,,,,,,False,False,False,20260921T154333Z,
GBR_E04_strict,GBR,ESA_EXP,E04,1,Social transfers in kind (purchased market production),1990,1990,CY,7554.0,GBP,672977.0,ONS_GDP,1.122475,237527.0,ONS_GG_RECEIPTS,3.18027,strict,anchor_actual,ONS_GG_RECEIPTS,1990.0,7554.0,,,,,,,,A,,ONS_GG_RECEIPTS,2026-06-18,2026-08-31,current,,,,,,,False,False,False,20260921T154333Z,
GBR_E04_strict,GBR,ESA_EXP,E04,1,Social transfers in kind (purchased market production),1991,1991,CY,8487.0,GBP,708072.0,ONS_GDP,1.198607,257370.0,ONS_GG_RECEIPTS,3.297587,strict,anchor_actual,ONS_GG_RECEIPTS,1991.0,8487.0,,,,,,,,A,,ONS_GG_RECEIPTS,2026-06-18,2026-08-31,current,,,,,,,False,False,False,20260921T154333Z,
GBR_E04_strict,GBR,ESA_EXP,E04,1,Social transfers in kind (purchased market production),1992,1992,CY,9481.0,GBP,733221.0,ONS_GDP,1.293062,281615.0,ONS_GG_RECEIPTS,3.366653,strict,anchor_actual,ONS_GG_RECEIPTS,1992.0,9481.0,,,,,,,,A,,ONS_GG_RECEIPTS,2026-06-18,2026-08-31,current,,,,,,,False,False,False,20260921T154333Z,
GBR_E04_strict,GBR,ESA_EXP,E04,1,Social transfers in kind (purchased market production),1993,1993,CY,9968.0,GBP,772390.0,ONS_GDP,1.29054,298094.0,ONS_GG_RECEIPTS,3.343912,strict,anchor_actual,ONS_GG_RECEIPTS,1993.0,9968.0,,,,,,,,A,,ONS_GG_RECEIPTS,2026-06-18,2026-08-31,current,,,,,,,False,False,False,20260921T154333Z,
GBR_E04_strict,GBR,ESA_EXP,E04,1,Social transfers in kind (purchased market production),1994,1994,CY,10948.0,GBP,813527.0,ONS_GDP,1.345745,311997.0,ONS_GG_RECEIPTS,3.509008,strict,anchor_actual,ONS_GG_RECEIPTS,1994.0,10948.0,,,,,,,,A,,ONS_GG_RECEIPTS,2026-06-18,2026-08-31,current,,,,,,,False,False,False,20260921T154333Z,
GBR_E04_strict,GBR,ESA_EXP,E04,1,Social transfers in kind (purchased market production),1995,1995,CY,11673.0,GBP,854921.0,ONS_GDP,1.365389,328874.0,ONS_GG_RECEIPTS,3.549384,strict,anchor_actual,ONS_GG_RECEIPTS,1995.0,11673.0,,,,,,,,A,,ONS_GG_RECEIPTS,2026-06-18,2026-08-31,current,,,,,,,False,False,False,20260921T154333Z,
GBR_E04_strict,GBR,ESA_EXP,E04,1,Social transfers in kind (purchased market production),1996,1996,CY,12249.0,GBP,913609.0,ONS_GDP,1.340727,337467.0,ONS_GG_RECEIPTS,3.629688,strict,anchor_actual,ONS_GG_RECEIPTS,1996.0,12249.0,,,,,,,,A,,ONS_GG_RECEIPTS,2026-06-18,2026-08-31,current,,,,,,,False,False,False,20260921T154333Z,
GBR_E04_strict,GBR,ESA_EXP,E04,1,Social transfers in kind (purchased market production),1997,1997,CY,12909.0,GBP,958539.0,ONS_GDP,1.346737,341776.0,ONS_GG_RECEIPTS,3.777035,strict,anchor_actual,ONS_GG_RECEIPTS,1997.0,12909.0,,,,,,,,A,,ONS_GG_RECEIPTS,2026-06-18,2026-08-31,current,,,,,,,False,False,False,20260921T154333Z,
GBR_E04_strict,GBR,ESA_EXP,E04,1,Social transfers in kind (purchased market production),1998,1998,CY,14373.0,GBP,1002804.0,ONS_GDP,1.433281,353573.0,ONS_GG_RECEIPTS,4.065073,strict,anchor_actual,ONS_GG_RECEIPTS,1998.0,14373.0,,,,,,,,A,,ONS_GG_RECEIPTS,2026-06-18,2026-08-31,current,,,,,,,False,False,False,20260921T154333Z,
GBR_E04_strict,GBR,ESA_EXP,E04,1,Social transfers in kind (purchased market production),1999,1999,CY,17019.0,GBP,1046727.0,ONS_GDP,1.625925,364712.0,ONS_GG_RECEIPTS,4.666422,strict,anchor_actual,ONS_GG_RECEIPTS,1999.0,17019.0,,,,,,,,A,,ONS_GG_RECEIPTS,2026-06-18,2026-08-31,current,,,,,,,False,False,False,20260921T154333Z,
GBR_E04_strict,GBR,ESA_EXP,E04,1,Social transfers in kind (purchased market production),2000,2000,CY,18488.0,GBP,1104759.0,ONS_GDP,1.673487,386659.0,ONS_GG_RECEIPTS,4.781474,strict,anchor_actual,ONS_GG_RECEIPTS,2000.0,18488.0,,,,,,,,A,,ONS_GG_RECEIPTS,2026-06-18,2026-08-31,current,,,,,,,False,False,False,20260921T154333Z,
GBR_E04_strict,GBR,ESA_EXP,E04,1,Social transfers in kind (purchased market production),2001,2001,CY,20341.0,GBP,1150542.0,ONS_GDP,1.767949,414039.0,ONS_GG_RECEIPTS,4.912822,strict,anchor_actual,ONS_GG_RECEIPTS,2001.0,20341.0,,,,,,,,A,,ONS_GG_RECEIPTS,2026-06-18,2026-08-31,current,,,,,,,False,False,False,20260921T154333Z,
GBR_E04_strict,GBR,ESA_EXP,E04,1,Social transfers in kind (purchased market production),2002,2002,CY,23899.0,GBP,1194646.0,ONS_GDP,2.000509,447236.0,ONS_GG_RECEIPTS,5.343711,strict,anchor_actual,ONS_GG_RECEIPTS,2002.0,23899.0,,,,,,,,A,,ONS_GG_RECEIPTS,2026-06-18,2026-08-31,current,,,,,,,False,False,False,20260921T154333Z,
GBR_E04_strict,GBR,ESA_EXP,E04,1,Social transfers in kind (purchased market production),2003,2003,CY,26465.0,GBP,1262502.0,ONS_GDP,2.096234,488220.0,ONS_GG_RECEIPTS,5.420712,strict,anchor_actual,ONS_GG_RECEIPTS,2003.0,26465.0,,,,,,,,A,,ONS_GG_RECEIPTS,2026-06-18,2026-08-31,current,,,,,,,False,False,False,20260921T154333Z,
GBR_E04_strict,GBR,ESA_EXP,E04,1,Social transfers in kind (purchased market production),2004,2004,CY,29352.0,GBP,1327143.0,ONS_GDP,2.211668,529773.0,ONS_GG_RECEIPTS,5.540486,strict,anchor_actual,ONS_GG_RECEIPTS,2004.0,29352.0,,,,,,,,A,,ONS_GG_RECEIPTS,2026-06-18,2026-08-31,current,,,,,,,False,False,False,20260921T154333Z,
GBR_E04_strict,GBR,ESA_EXP,E04,1,Social transfers in kind (purchased market production),2005,2005,CY,31312.0,GBP,1403249.0,ONS_GDP,2.231393,576622.0,ONS_GG_RECEIPTS,5.430247,strict,anchor_actual,ONS_GG_RECEIPTS,2005.0,31312.0,,,,,,,,A,,ONS_GG_RECEIPTS,2026-06-18,2026-08-31,current,,,,,,,False,False,False,20260921T154333Z,
GBR_E04_strict,GBR,ESA_EXP,E04,1,Social transfers in kind (purchased market production),2006,2006,CY,33848.0,GBP,1478080.0,ONS_GDP,2.289998,601477.0,ONS_GG_RECEIPTS,5.62748,strict,anchor_actual,ONS_GG_RECEIPTS,2006.0,33848.0,,,,,,,,A,,ONS_GG_RECEIPTS,2026-06-18,2026-08-31,current,,,,,,,False,False,False,20260921T154333Z,
GBR_E04_strict,GBR,ESA_EXP,E04,1,Social transfers in kind (purchased market production),2007,2007,CY,34780.0,GBP,1551729.0,ONS_GDP,2.241371,634877.0,ONS_GG_RECEIPTS,5.478226,strict,anchor_actual,ONS_GG_RECEIPTS,2007.0,34780.0,,,,,,,,A,,ONS_GG_RECEIPTS,2026-06-18,2026-08-31,current,,,,,,,False,False,False,20260921T154333Z,
GBR_E04_strict,GBR,ESA_EXP,E04,1,Social transfers in kind (purchased market production),2008,2008,CY,36734.0,GBP,1602217.0,ONS_GDP,2.292698,706148.0,ONS_GG_RECEIPTS,5.202026,strict,anchor_actual,ONS_GG_RECEIPTS,2008.0,36734.0,,,,,,,,A,,ONS_GG_RECEIPTS,2026-06-18,2026-08-31,current,,,,,,,False,False,False,20260921T154333Z,
GBR_E04_strict,GBR,ESA_EXP,E04,1,Social transfers in kind (purchased market production),2009,2009,CY,38203.0,GBP,1559405.0,ONS_GDP,2.449845,732024.0,ONS_GG_RECEIPTS,5.218818,strict,anchor_actual,ONS_GG_RECEIPTS,2009.0,38203.0,,,,,,,,A,,ONS_GG_RECEIPTS,2026-06-18,2026-08-31,current,,,,,,,False,False,False,20260921T154333Z,
GBR_E04_strict,GBR,ESA_EXP,E04,1,Social transfers in kind (purchased market production),2010,2010,CY,39283.0,GBP,1615839.0,ONS_GDP,2.431121,761564.0,ONS_GG_RECEIPTS,5.158201,strict,anchor_actual,ONS_GG_RECEIPTS,2010.0,39283.0,,,,,,,,A,,ONS_GG_RECEIPTS,2026-06-18,2026-08-31,current,,,,,,,False,False,False,20260921T154333Z,
GBR_E04_strict,GBR,ESA_EXP,E04,1,Social transfers in kind (purchased market production),2011,2011,CY,40564.0,GBP,1669945.0,ONS_GDP,2.429062,761359.0,ONS_GG_RECEIPTS,5.327841,strict,anchor_actual,ONS_GG_RECEIPTS,2011.0,40564.0,,,,,,,,A,,ONS_GG_RECEIPTS,2026-06-18,2026-08-31,current,,,,,,,False,False,False,20260921T154333Z,
GBR_E04_strict,GBR,ESA_EXP,E04,1,Social transfers in kind (purchased market production),2012,2012,CY,41521.0,GBP,1721708.0,ONS_GDP,2.411617,780852.0,ONS_GG_RECEIPTS,5.317397,strict,anchor_actual,ONS_GG_RECEIPTS,2012.0,41521.0,,,,,,,,A,,ONS_GG_RECEIPTS,2026-06-18,2026-08-31,current,,,,,,,False,False,False,20260921T154333Z,
GBR_E04_strict,GBR,ESA_EXP,E04,1,Social transfers in kind (purchased market production),2013,2013,CY,41226.0,GBP,1789072.0,ONS_GDP,2.304323,780359.0,ONS_GG_RECEIPTS,5.282953,strict,anchor_actual,ONS_GG_RECEIPTS,2013.0,41226.0,,,,,,,,A,,ONS_GG_RECEIPTS,2026-06-18,2026-08-31,current,,,,,,,False,False,False,20260921T154333Z,
GBR_E04_strict,GBR,ESA_EXP,E04,1,Social transfers in kind (purchased market production),2014,2014,CY,43061.0,GBP,1875066.0,ONS_GDP,2.296506,803006.0,ONS_GG_RECEIPTS,5.362475,strict,anchor_actual,ONS_GG_RECEIPTS,2014.0,43061.0,,,,,,,,A,,ONS_GG_RECEIPTS,2026-06-18,2026-08-31,current,,,,,,,False,False,False,20260921T154333Z,
GBR_E04_strict,GBR,ESA_EXP,E04,1,Social transfers in kind (purchased market production),2015,2015,CY,46027.0,GBP,1928016.0,ONS_GDP,2.387273,812579.0,ONS_GG_RECEIPTS,5.664311,strict,anchor_actual,ONS_GG_RECEIPTS,2015.0,46027.0,,,,,,,,A,,ONS_GG_RECEIPTS,2026-06-18,2026-08-31,current,,,,,,,False,False,False,20260921T154333Z,
GBR_E04_strict,GBR,ESA_EXP,E04,1,Social transfers in kind (purchased market production),2016,2016,CY,48184.0,GBP,2004755.0,ONS_GDP,2.403486,828878.0,ONS_GG_RECEIPTS,5.813159,strict,anchor_actual,ONS_GG_RECEIPTS,2016.0,48184.0,,,,,,,,A,,ONS_GG_RECEIPTS,2026-06-18,2026-08-31,current,,,,,,,False,False,False,20260921T154333Z,
GBR_E04_strict,GBR,ESA_EXP,E04,1,Social transfers in kind (purchased market production),2017,2017,CY,49853.0,GBP,2097222.0,ONS_GDP,2.377097,857578.0,ONS_GG_RECEIPTS,5.813232,strict,anchor_actual,ONS_GG_RECEIPTS,2017.0,49853.0,,,,,,,,A,,ONS_GG_RECEIPTS,2026-06-18,2026-08-31,current,,,,,,,False,False,False,20260921T154333Z,
GBR_E04_strict,GBR,ESA_EXP,E04,1,Social transfers in kind (purchased market production),2018,2018,CY,51308.0,GBP,2171559.0,ONS_GDP,2.362727,880582.0,ONS_GG_RECEIPTS,5.826601,strict,anchor_actual,ONS_GG_RECEIPTS,2018.0,51308.0,,,,,,,,A,,ONS_GG_RECEIPTS,2026-06-18,2026-08-31,current,,,,,,,False,False,False,20260921T154333Z,
GBR_E04_strict,GBR,ESA_EXP,E04,1,Social transfers in kind (purchased market production),2019,2019,CY,55212.0,GBP,2252961.0,ONS_GDP,2.450642,912674.0,ONS_GG_RECEIPTS,6.049477,strict,anchor_actual,ONS_GG_RECEIPTS,2019.0,55212.0,,,,,,,,A,,ONS_GG_RECEIPTS,2026-06-18,2026-08-31,current,,,,,,,False,False,False,20260921T154333Z,
GBR_E04_strict,GBR,ESA_EXP,E04,1,Social transfers in kind (purchased market production),2020,2020,CY,62957.0,GBP,2124720.0,ONS_GDP,2.963073,1099852.0,ONS_GG_RECEIPTS,5.724134,strict,anchor_actual,ONS_GG_RECEIPTS,2020.0,62957.0,,,,,,,,A,,ONS_GG_RECEIPTS,2026-06-18,2026-08-31,current,,,,,,,False,False,False,20260921T154333Z,
GBR_E04_strict,GBR,ESA_EXP,E04,1,Social transfers in kind (purchased market production),2021,2021,CY,65706.0,GBP,2322652.0,ONS_GDP,2.828921,1101087.0,ONS_GG_RECEIPTS,5.967376,strict,anchor_actual,ONS_GG_RECEIPTS,2021.0,65706.0,,,,,,,,A,,ONS_GG_RECEIPTS,2026-06-18,2026-08-31,current,,,,,,,False,False,False,20260921T154333Z,
GBR_E04_strict,GBR,ESA_EXP,E04,1,Social transfers in kind (purchased market production),2022,2022,CY,67705.0,GBP,2580949.0,ONS_GDP,2.62326,1175592.0,ONS_GG_RECEIPTS,5.759226,strict,anchor_actual,ONS_GG_RECEIPTS,2022.0,67705.0,,,,,,,,A,,ONS_GG_RECEIPTS,2026-06-18,2026-08-31,current,,,,,,,False,False,False,20260921T154333Z,
GBR_E04_strict,GBR,ESA_EXP,E04,1,Social transfers in kind (purchased market production),2023,2023,CY,73962.0,GBP,2752164.0,ONS_GDP,2.687413,1280766.0,ONS_GG_RECEIPTS,5.774825,strict,anchor_actual,ONS_GG_RECEIPTS,2023.0,73962.0,,,,,,,,A,,ONS_GG_RECEIPTS,2026-06-18,2026-08-31,current,,,,,,,False,False,False,20260921T154333Z,
GBR_E04_strict,GBR,ESA_EXP,E04,1,Social transfers in kind (purchased market production),2024,2024,CY,78098.0,GBP,2890254.0,ONS_GDP,2.702115,1337389.0,ONS_GG_RECEIPTS,5.839587,strict,anchor_actual,ONS_GG_RECEIPTS,2024.0,78098.0,,,,,,,,A,,ONS_GG_RECEIPTS,2026-06-18,2026-08-31,current,,,,,,,False,False,False,20260921T154333Z,
GBR_E04_strict,GBR,ESA_EXP,E04,1,Social transfers in kind (purchased market production),2025,2025,CY,80182.0,GBP,3033866.0,ONS_GDP,2.642899,1403741.0,ONS_GG_RECEIPTS,5.712022,strict,anchor_actual,ONS_GG_RECEIPTS,2025.0,80182.0,,,,,,,,A,,ONS_GG_RECEIPTS,2026-06-18,2026-08-31,current,,,,,,,False,False,False,20260921T154333Z,
GBR_E05_strict,GBR,ESA_EXP,E05,1,Interest payable,1990,1990,CY,21197.0,GBP,672977.0,ONS_GDP,3.149736,237527.0,ONS_GG_RECEIPTS,8.924038,strict,anchor_actual,ONS_GG_RECEIPTS,1990.0,21197.0,,,,,,,,A,,ONS_GG_RECEIPTS,2026-06-18,2026-08-31,current,,d41_gross_accrued,23668.0,11.6573,,,False,False,False,20260921T154333Z,
GBR_E05_strict,GBR,ESA_EXP,E05,1,Interest payable,1991,1991,CY,19068.0,GBP,708072.0,ONS_GDP,2.692946,257370.0,ONS_GG_RECEIPTS,7.408789,strict,anchor_actual,ONS_GG_RECEIPTS,1991.0,19068.0,,,,,,,,A,,ONS_GG_RECEIPTS,2026-06-18,2026-08-31,current,,d41_gross_accrued,21826.0,14.464,,,False,False,False,20260921T154333Z,
GBR_E05_strict,GBR,ESA_EXP,E05,1,Interest payable,1992,1992,CY,19221.0,GBP,733221.0,ONS_GDP,2.621447,281615.0,ONS_GG_RECEIPTS,6.825276,strict,anchor_actual,ONS_GG_RECEIPTS,1992.0,19221.0,,,,,,,,A,,ONS_GG_RECEIPTS,2026-06-18,2026-08-31,current,,d41_gross_accrued,21831.0,13.5789,,,False,False,False,20260921T154333Z,
GBR_E05_strict,GBR,ESA_EXP,E05,1,Interest payable,1993,1993,CY,20308.0,GBP,772390.0,ONS_GDP,2.629242,298094.0,ONS_GG_RECEIPTS,6.812616,strict,anchor_actual,ONS_GG_RECEIPTS,1993.0,20308.0,,,,,,,,A,,ONS_GG_RECEIPTS,2026-06-18,2026-08-31,current,,d41_gross_accrued,22868.0,12.6059,,,False,False,False,20260921T154333Z,
GBR_E05_strict,GBR,ESA_EXP,E05,1,Interest payable,1994,1994,CY,23176.0,GBP,813527.0,ONS_GDP,2.84883,311997.0,ONS_GG_RECEIPTS,7.428277,strict,anchor_actual,ONS_GG_RECEIPTS,1994.0,23176.0,,,,,,,,A,,ONS_GG_RECEIPTS,2026-06-18,2026-08-31,current,,d41_gross_accrued,25893.0,11.7233,,,False,False,False,20260921T154333Z,
GBR_E05_strict,GBR,ESA_EXP,E05,1,Interest payable,1995,1995,CY,26576.0,GBP,854921.0,ONS_GDP,3.108591,328874.0,ONS_GG_RECEIPTS,8.080906,strict,anchor_actual,ONS_GG_RECEIPTS,1995.0,26576.0,,,,,,,,A,,ONS_GG_RECEIPTS,2026-06-18,2026-08-31,current,,d41_gross_accrued,26678.0,0.3838,,,False,False,False,20260921T154333Z,
GBR_E05_strict,GBR,ESA_EXP,E05,1,Interest payable,1996,1996,CY,28269.0,GBP,913609.0,ONS_GDP,3.094212,337467.0,ONS_GG_RECEIPTS,8.376819,strict,anchor_actual,ONS_GG_RECEIPTS,1996.0,28269.0,,,,,,,,A,,ONS_GG_RECEIPTS,2026-06-18,2026-08-31,current,,d41_gross_accrued,28371.0,0.3608,,,False,False,False,20260921T154333Z,
GBR_E05_strict,GBR,ESA_EXP,E05,1,Interest payable,1997,1997,CY,30042.0,GBP,958539.0,ONS_GDP,3.134145,341776.0,ONS_GG_RECEIPTS,8.789968,strict,anchor_actual,ONS_GG_RECEIPTS,1997.0,30042.0,,,,,,,,A,,ONS_GG_RECEIPTS,2026-06-18,2026-08-31,current,,d41_gross_accrued,30128.0,0.2863,,,False,False,False,20260921T154333Z,
GBR_E05_strict,GBR,ESA_EXP,E05,1,Interest payable,1998,1998,CY,30999.0,GBP,1002804.0,ONS_GDP,3.091232,353573.0,ONS_GG_RECEIPTS,8.767355,strict,anchor_actual,ONS_GG_RECEIPTS,1998.0,30999.0,,,,,,,,A,,ONS_GG_RECEIPTS,2026-06-18,2026-08-31,current,,d41_gross_accrued,31095.0,0.3097,,,False,False,False,20260921T154333Z,
GBR_E05_strict,GBR,ESA_EXP,E05,1,Interest payable,1999,1999,CY,27200.0,GBP,1046727.0,ONS_GDP,2.598576,364712.0,ONS_GG_RECEIPTS,7.457939,strict,anchor_actual,ONS_GG_RECEIPTS,1999.0,27200.0,,,,,,,,A,,ONS_GG_RECEIPTS,2026-06-18,2026-08-31,current,,d41_gross_accrued,27326.0,0.4632,,,False,False,False,20260921T154333Z,
GBR_E05_strict,GBR,ESA_EXP,E05,1,Interest payable,2000,2000,CY,27244.0,GBP,1104759.0,ONS_GDP,2.466058,386659.0,ONS_GG_RECEIPTS,7.046002,strict,anchor_actual,ONS_GG_RECEIPTS,2000.0,27244.0,,,,,,,,A,,ONS_GG_RECEIPTS,2026-06-18,2026-08-31,current,,d41_gross_accrued,27405.0,0.591,,,False,False,False,20260921T154333Z,
GBR_E05_strict,GBR,ESA_EXP,E05,1,Interest payable,2001,2001,CY,24696.0,GBP,1150542.0,ONS_GDP,2.146467,414039.0,ONS_GG_RECEIPTS,5.964656,strict,anchor_actual,ONS_GG_RECEIPTS,2001.0,24696.0,,,,,,,,A,,ONS_GG_RECEIPTS,2026-06-18,2026-08-31,current,,d41_gross_accrued,24986.0,1.1743,,,False,False,False,20260921T154333Z,
GBR_E05_strict,GBR,ESA_EXP,E05,1,Interest payable,2002,2002,CY,22355.0,GBP,1194646.0,ONS_GDP,1.871266,447236.0,ONS_GG_RECEIPTS,4.99848,strict,anchor_actual,ONS_GG_RECEIPTS,2002.0,22355.0,,,,,,,,A,,ONS_GG_RECEIPTS,2026-06-18,2026-08-31,current,,d41_gross_accrued,22741.0,1.7267,,,False,False,False,20260921T154333Z,
GBR_E05_strict,GBR,ESA_EXP,E05,1,Interest payable,2003,2003,CY,23382.0,GBP,1262502.0,ONS_GDP,1.852037,488220.0,ONS_GG_RECEIPTS,4.789234,strict,anchor_actual,ONS_GG_RECEIPTS,2003.0,23382.0,,,,,,,,A,,ONS_GG_RECEIPTS,2026-06-18,2026-08-31,current,,d41_gross_accrued,23859.0,2.04,,,False,False,False,20260921T154333Z,
GBR_E05_strict,GBR,ESA_EXP,E05,1,Interest payable,2004,2004,CY,25199.0,GBP,1327143.0,ONS_GDP,1.89874,529773.0,ONS_GG_RECEIPTS,4.756566,strict,anchor_actual,ONS_GG_RECEIPTS,2004.0,25199.0,,,,,,,,A,,ONS_GG_RECEIPTS,2026-06-18,2026-08-31,current,,d41_gross_accrued,25757.0,2.2144,,,False,False,False,20260921T154333Z,
GBR_E05_strict,GBR,ESA_EXP,E05,1,Interest payable,2005,2005,CY,28331.0,GBP,1403249.0,ONS_GDP,2.018957,576622.0,ONS_GG_RECEIPTS,4.913271,strict,anchor_actual,ONS_GG_RECEIPTS,2005.0,28331.0,,,,,,,,A,,ONS_GG_RECEIPTS,2026-06-18,2026-08-31,current,,d41_gross_accrued,28978.0,2.2837,,,False,False,False,20260921T154333Z,
GBR_E05_strict,GBR,ESA_EXP,E05,1,Interest payable,2006,2006,CY,29858.0,GBP,1478080.0,ONS_GDP,2.020053,601477.0,ONS_GG_RECEIPTS,4.964113,strict,anchor_actual,ONS_GG_RECEIPTS,2006.0,29858.0,,,,,,,,A,,ONS_GG_RECEIPTS,2026-06-18,2026-08-31,current,,d41_gross_accrued,30633.0,2.5956,,,False,False,False,20260921T154333Z,
GBR_E05_strict,GBR,ESA_EXP,E05,1,Interest payable,2007,2007,CY,34462.0,GBP,1551729.0,ONS_GDP,2.220877,634877.0,ONS_GG_RECEIPTS,5.428138,strict,anchor_actual,ONS_GG_RECEIPTS,2007.0,34462.0,,,,,,,,A,,ONS_GG_RECEIPTS,2026-06-18,2026-08-31,current,,d41_gross_accrued,35400.0,2.7218,,,False,False,False,20260921T154333Z,
GBR_E05_strict,GBR,ESA_EXP,E05,1,Interest payable,2008,2008,CY,35670.0,GBP,1602217.0,ONS_GDP,2.22629,706148.0,ONS_GG_RECEIPTS,5.051349,strict,anchor_actual,ONS_GG_RECEIPTS,2008.0,35670.0,,,,,,,,A,,ONS_GG_RECEIPTS,2026-06-18,2026-08-31,current,,d41_gross_accrued,36701.0,2.8904,,,False,False,False,20260921T154333Z,
GBR_E05_strict,GBR,ESA_EXP,E05,1,Interest payable,2009,2009,CY,30067.0,GBP,1559405.0,ONS_GDP,1.928107,732024.0,ONS_GG_RECEIPTS,4.107379,strict,anchor_actual,ONS_GG_RECEIPTS,2009.0,30067.0,,,,,,,,A,,ONS_GG_RECEIPTS,2026-06-18,2026-08-31,current,,d41_gross_accrued,31558.0,4.9589,,,False,False,False,20260921T154333Z,
GBR_E05_strict,GBR,ESA_EXP,E05,1,Interest payable,2010,2010,CY,47183.0,GBP,1615839.0,ONS_GDP,2.920031,761564.0,ONS_GG_RECEIPTS,6.19554,strict,anchor_actual,ONS_GG_RECEIPTS,2010.0,47183.0,,,,,,,,A,,ONS_GG_RECEIPTS,2026-06-18,2026-08-31,current,,d41_gross_accrued,48872.0,3.5797,,,False,False,False,20260921T154333Z,
GBR_E05_strict,GBR,ESA_EXP,E05,1,Interest payable,2011,2011,CY,53902.0,GBP,1669945.0,ONS_GDP,3.227771,761359.0,ONS_GG_RECEIPTS,7.079709,strict,anchor_actual,ONS_GG_RECEIPTS,2011.0,53902.0,,,,,,,,A,,ONS_GG_RECEIPTS,2026-06-18,2026-08-31,current,,d41_gross_accrued,55611.0,3.1706,,,False,False,False,20260921T154333Z,
GBR_E05_strict,GBR,ESA_EXP,E05,1,Interest payable,2012,2012,CY,50165.0,GBP,1721708.0,ONS_GDP,2.913676,780852.0,ONS_GG_RECEIPTS,6.424393,strict,anchor_actual,ONS_GG_RECEIPTS,2012.0,50165.0,,,,,,,,A,,ONS_GG_RECEIPTS,2026-06-18,2026-08-31,current,,d41_gross_accrued,51908.0,3.4745,,,False,False,False,20260921T154333Z,
GBR_E05_strict,GBR,ESA_EXP,E05,1,Interest payable,2013,2013,CY,51132.0,GBP,1789072.0,ONS_GDP,2.858018,780359.0,ONS_GG_RECEIPTS,6.552369,strict,anchor_actual,ONS_GG_RECEIPTS,2013.0,51132.0,,,,,,,,A,,ONS_GG_RECEIPTS,2026-06-18,2026-08-31,current,,d41_gross_accrued,53055.0,3.7609,,,False,False,False,20260921T154333Z,
GBR_E05_strict,GBR,ESA_EXP,E05,1,Interest payable,2014,2014,CY,50182.0,GBP,1875066.0,ONS_GDP,2.676279,803006.0,ONS_GG_RECEIPTS,6.249268,strict,anchor_actual,ONS_GG_RECEIPTS,2014.0,50182.0,,,,,,,,A,,ONS_GG_RECEIPTS,2026-06-18,2026-08-31,current,,d41_gross_accrued,52246.0,4.113,,,False,False,False,20260921T154333Z,
GBR_E05_strict,GBR,ESA_EXP,E05,1,Interest payable,2015,2015,CY,44991.0,GBP,1928016.0,ONS_GDP,2.333539,812579.0,ONS_GG_RECEIPTS,5.536815,strict,anchor_actual,ONS_GG_RECEIPTS,2015.0,44991.0,,,,,,,,A,,ONS_GG_RECEIPTS,2026-06-18,2026-08-31,current,,d41_gross_accrued,47122.0,4.7365,,,False,False,False,20260921T154333Z,
GBR_E05_strict,GBR,ESA_EXP,E05,1,Interest payable,2016,2016,CY,49189.0,GBP,2004755.0,ONS_GDP,2.453617,828878.0,ONS_GG_RECEIPTS,5.934408,strict,anchor_actual,ONS_GG_RECEIPTS,2016.0,49189.0,,,,,,,,A,,ONS_GG_RECEIPTS,2026-06-18,2026-08-31,current,,d41_gross_accrued,51337.0,4.3668,,,False,False,False,20260921T154333Z,
GBR_E05_strict,GBR,ESA_EXP,E05,1,Interest payable,2017,2017,CY,56436.0,GBP,2097222.0,ONS_GDP,2.690988,857578.0,ONS_GG_RECEIPTS,6.580859,strict,anchor_actual,ONS_GG_RECEIPTS,2017.0,56436.0,,,,,,,,A,,ONS_GG_RECEIPTS,2026-06-18,2026-08-31,current,,d41_gross_accrued,58741.0,4.0843,,,False,False,False,20260921T154333Z,
GBR_E05_strict,GBR,ESA_EXP,E05,1,Interest payable,2018,2018,CY,53641.0,GBP,2171559.0,ONS_GDP,2.470161,880582.0,ONS_GG_RECEIPTS,6.091539,strict,anchor_actual,ONS_GG_RECEIPTS,2018.0,53641.0,,,,,,,,A,,ONS_GG_RECEIPTS,2026-06-18,2026-08-31,current,,d41_gross_accrued,55972.0,4.3456,,,False,False,False,20260921T154333Z,
GBR_E05_strict,GBR,ESA_EXP,E05,1,Interest payable,2019,2019,CY,49198.0,GBP,2252961.0,ONS_GDP,2.183704,912674.0,ONS_GG_RECEIPTS,5.390534,strict,anchor_actual,ONS_GG_RECEIPTS,2019.0,49198.0,,,,,,,,A,,ONS_GG_RECEIPTS,2026-06-18,2026-08-31,current,,d41_gross_accrued,51459.0,4.5957,,,False,False,False,20260921T154333Z,
GBR_E05_strict,GBR,ESA_EXP,E05,1,Interest payable,2020,2020,CY,42016.0,GBP,2124720.0,ONS_GDP,1.977484,1099852.0,ONS_GG_RECEIPTS,3.82015,strict,anchor_actual,ONS_GG_RECEIPTS,2020.0,42016.0,,,,,,,,A,,ONS_GG_RECEIPTS,2026-06-18,2026-08-31,current,,d41_gross_accrued,44202.0,5.2028,,,False,False,False,20260921T154333Z,
GBR_E05_strict,GBR,ESA_EXP,E05,1,Interest payable,2021,2021,CY,62158.0,GBP,2322652.0,ONS_GDP,2.676165,1101087.0,ONS_GG_RECEIPTS,5.645149,strict,anchor_actual,ONS_GG_RECEIPTS,2021.0,62158.0,,,,,,,,A,,ONS_GG_RECEIPTS,2026-06-18,2026-08-31,current,,d41_gross_accrued,64304.0,3.4525,,,False,False,False,20260921T154333Z,
GBR_E05_strict,GBR,ESA_EXP,E05,1,Interest payable,2022,2022,CY,108246.0,GBP,2580949.0,ONS_GDP,4.194039,1175592.0,ONS_GG_RECEIPTS,9.207786,strict,anchor_actual,ONS_GG_RECEIPTS,2022.0,108246.0,,,,,,,,A,,ONS_GG_RECEIPTS,2026-06-18,2026-08-31,current,,d41_gross_accrued,110233.0,1.8356,,,False,False,False,20260921T154333Z,
GBR_E05_strict,GBR,ESA_EXP,E05,1,Interest payable,2023,2023,CY,86971.0,GBP,2752164.0,ONS_GDP,3.160095,1280766.0,ONS_GG_RECEIPTS,6.790546,strict,anchor_actual,ONS_GG_RECEIPTS,2023.0,86971.0,,,,,,,,A,,ONS_GG_RECEIPTS,2026-06-18,2026-08-31,current,,d41_gross_accrued,88809.0,2.1133,,,False,False,False,20260921T154333Z,
GBR_E05_strict,GBR,ESA_EXP,E05,1,Interest payable,2024,2024,CY,82824.0,GBP,2890254.0,ONS_GDP,2.86563,1337389.0,ONS_GG_RECEIPTS,6.192963,strict,anchor_actual,ONS_GG_RECEIPTS,2024.0,82824.0,,,,,,,,A,,ONS_GG_RECEIPTS,2026-06-18,2026-08-31,current,,d41_gross_accrued,84666.0,2.224,,,False,False,False,20260921T154333Z,
GBR_E05_strict,GBR,ESA_EXP,E05,1,Interest payable,2025,2025,CY,98964.0,GBP,3033866.0,ONS_GDP,3.261977,1403741.0,ONS_GG_RECEIPTS,7.050018,strict,anchor_actual,ONS_GG_RECEIPTS,2025.0,98964.0,,,,,,,,A,,ONS_GG_RECEIPTS,2026-06-18,2026-08-31,current,,d41_gross_accrued,,,,,False,False,False,20260921T154333Z,
GBR_E06_strict,GBR,ESA_EXP,E06,1,Subsidies,1990,1990,CY,3914.0,GBP,672977.0,ONS_GDP,0.581595,237527.0,ONS_GG_RECEIPTS,1.647813,strict,anchor_actual,ONS_GG_RECEIPTS,1990.0,3914.0,,,,,,,,A,,ONS_GG_RECEIPTS,2026-06-18,2026-08-31,current,,,,,,,False,False,False,20260921T154333Z,
GBR_E06_strict,GBR,ESA_EXP,E06,1,Subsidies,1991,1991,CY,3595.0,GBP,708072.0,ONS_GDP,0.507717,257370.0,ONS_GG_RECEIPTS,1.396822,strict,anchor_actual,ONS_GG_RECEIPTS,1991.0,3595.0,,,,,,,,A,,ONS_GG_RECEIPTS,2026-06-18,2026-08-31,current,,,,,,,False,False,False,20260921T154333Z,
GBR_E06_strict,GBR,ESA_EXP,E06,1,Subsidies,1992,1992,CY,4306.0,GBP,733221.0,ONS_GDP,0.587272,281615.0,ONS_GG_RECEIPTS,1.529038,strict,anchor_actual,ONS_GG_RECEIPTS,1992.0,4306.0,,,,,,,,A,,ONS_GG_RECEIPTS,2026-06-18,2026-08-31,current,,,,,,,False,False,False,20260921T154333Z,
GBR_E06_strict,GBR,ESA_EXP,E06,1,Subsidies,1993,1993,CY,4288.0,GBP,772390.0,ONS_GDP,0.55516,298094.0,ONS_GG_RECEIPTS,1.438472,strict,anchor_actual,ONS_GG_RECEIPTS,1993.0,4288.0,,,,,,,,A,,ONS_GG_RECEIPTS,2026-06-18,2026-08-31,current,,,,,,,False,False,False,20260921T154333Z,
GBR_E06_strict,GBR,ESA_EXP,E06,1,Subsidies,1994,1994,CY,4778.0,GBP,813527.0,ONS_GDP,0.587319,311997.0,ONS_GG_RECEIPTS,1.531425,strict,anchor_actual,ONS_GG_RECEIPTS,1994.0,4778.0,,,,,,,,A,,ONS_GG_RECEIPTS,2026-06-18,2026-08-31,current,,,,,,,False,False,False,20260921T154333Z,
GBR_E06_strict,GBR,ESA_EXP,E06,1,Subsidies,1995,1995,CY,4461.0,GBP,854921.0,ONS_GDP,0.521803,328874.0,ONS_GG_RECEIPTS,1.356447,strict,anchor_actual,ONS_GG_RECEIPTS,1995.0,4461.0,,,,,,,,A,,ONS_GG_RECEIPTS,2026-06-18,2026-08-31,current,,,4461.0,0.0,,,False,False,False,20260921T154333Z,
GBR_E06_strict,GBR,ESA_EXP,E06,1,Subsidies,1996,1996,CY,3798.0,GBP,913609.0,ONS_GDP,0.415714,337467.0,ONS_GG_RECEIPTS,1.125443,strict,anchor_actual,ONS_GG_RECEIPTS,1996.0,3798.0,,,,,,,,A,,ONS_GG_RECEIPTS,2026-06-18,2026-08-31,current,,,3798.0,0.0,,,False,False,False,20260921T154333Z,
GBR_E06_strict,GBR,ESA_EXP,E06,1,Subsidies,1997,1997,CY,4293.0,GBP,958539.0,ONS_GDP,0.447869,341776.0,ONS_GG_RECEIPTS,1.256086,strict,anchor_actual,ONS_GG_RECEIPTS,1997.0,4293.0,,,,,,,,A,,ONS_GG_RECEIPTS,2026-06-18,2026-08-31,current,,,4293.0,0.0,,,False,False,False,20260921T154333Z,
GBR_E06_strict,GBR,ESA_EXP,E06,1,Subsidies,1998,1998,CY,3606.0,GBP,1002804.0,ONS_GDP,0.359592,353573.0,ONS_GG_RECEIPTS,1.019874,strict,anchor_actual,ONS_GG_RECEIPTS,1998.0,3606.0,,,,,,,,A,,ONS_GG_RECEIPTS,2026-06-18,2026-08-31,current,,,3606.0,0.0,,,False,False,False,20260921T154333Z,
GBR_E06_strict,GBR,ESA_EXP,E06,1,Subsidies,1999,1999,CY,3888.0,GBP,1046727.0,ONS_GDP,0.371444,364712.0,ONS_GG_RECEIPTS,1.066047,strict,anchor_actual,ONS_GG_RECEIPTS,1999.0,3888.0,,,,,,,,A,,ONS_GG_RECEIPTS,2026-06-18,2026-08-31,current,,,3888.0,0.0,,,False,False,False,20260921T154333Z,
GBR_E06_strict,GBR,ESA_EXP,E06,1,Subsidies,2000,2000,CY,4146.0,GBP,1104759.0,ONS_GDP,0.375285,386659.0,ONS_GG_RECEIPTS,1.072263,strict,anchor_actual,ONS_GG_RECEIPTS,2000.0,4146.0,,,,,,,,A,,ONS_GG_RECEIPTS,2026-06-18,2026-08-31,current,,,4146.0,0.0,,,False,False,False,20260921T154333Z,
GBR_E06_strict,GBR,ESA_EXP,E06,1,Subsidies,2001,2001,CY,4424.0,GBP,1150542.0,ONS_GDP,0.384514,414039.0,ONS_GG_RECEIPTS,1.068498,strict,anchor_actual,ONS_GG_RECEIPTS,2001.0,4424.0,,,,,,,,A,,ONS_GG_RECEIPTS,2026-06-18,2026-08-31,current,,,4424.0,0.0,,,False,False,False,20260921T154333Z,
GBR_E06_strict,GBR,ESA_EXP,E06,1,Subsidies,2002,2002,CY,5533.0,GBP,1194646.0,ONS_GDP,0.46315,447236.0,ONS_GG_RECEIPTS,1.237154,strict,anchor_actual,ONS_GG_RECEIPTS,2002.0,5533.0,,,,,,,,A,,ONS_GG_RECEIPTS,2026-06-18,2026-08-31,current,,,5533.0,0.0,,,False,False,False,20260921T154333Z,
GBR_E06_strict,GBR,ESA_EXP,E06,1,Subsidies,2003,2003,CY,6522.0,GBP,1262502.0,ONS_GDP,0.516593,488220.0,ONS_GG_RECEIPTS,1.335873,strict,anchor_actual,ONS_GG_RECEIPTS,2003.0,6522.0,,,,,,,,A,,ONS_GG_RECEIPTS,2026-06-18,2026-08-31,current,,,6522.0,0.0,,,False,False,False,20260921T154333Z,
GBR_E06_strict,GBR,ESA_EXP,E06,1,Subsidies,2004,2004,CY,6212.0,GBP,1327143.0,ONS_GDP,0.468073,529773.0,ONS_GG_RECEIPTS,1.172578,strict,anchor_actual,ONS_GG_RECEIPTS,2004.0,6212.0,,,,,,,,A,,ONS_GG_RECEIPTS,2026-06-18,2026-08-31,current,,,6212.0,0.0,,,False,False,False,20260921T154333Z,
GBR_E06_strict,GBR,ESA_EXP,E06,1,Subsidies,2005,2005,CY,7284.0,GBP,1403249.0,ONS_GDP,0.519081,576622.0,ONS_GG_RECEIPTS,1.263219,strict,anchor_actual,ONS_GG_RECEIPTS,2005.0,7284.0,,,,,,,,A,,ONS_GG_RECEIPTS,2026-06-18,2026-08-31,current,,,7284.0,0.0,,,False,False,False,20260921T154333Z,
GBR_E06_strict,GBR,ESA_EXP,E06,1,Subsidies,2006,2006,CY,8920.0,GBP,1478080.0,ONS_GDP,0.603486,601477.0,ONS_GG_RECEIPTS,1.483016,strict,anchor_actual,ONS_GG_RECEIPTS,2006.0,8920.0,,,,,,,,A,,ONS_GG_RECEIPTS,2026-06-18,2026-08-31,current,,,8920.0,0.0,,,False,False,False,20260921T154333Z,
GBR_E06_strict,GBR,ESA_EXP,E06,1,Subsidies,2007,2007,CY,9400.0,GBP,1551729.0,ONS_GDP,0.605776,634877.0,ONS_GG_RECEIPTS,1.480602,strict,anchor_actual,ONS_GG_RECEIPTS,2007.0,9400.0,,,,,,,,A,,ONS_GG_RECEIPTS,2026-06-18,2026-08-31,current,,,9400.0,0.0,,,False,False,False,20260921T154333Z,
GBR_E06_strict,GBR,ESA_EXP,E06,1,Subsidies,2008,2008,CY,9490.0,GBP,1602217.0,ONS_GDP,0.592304,706148.0,ONS_GG_RECEIPTS,1.343911,strict,anchor_actual,ONS_GG_RECEIPTS,2008.0,9490.0,,,,,,,,A,,ONS_GG_RECEIPTS,2026-06-18,2026-08-31,current,,,9490.0,0.0,,,False,False,False,20260921T154333Z,
GBR_E06_strict,GBR,ESA_EXP,E06,1,Subsidies,2009,2009,CY,10005.0,GBP,1559405.0,ONS_GDP,0.641591,732024.0,ONS_GG_RECEIPTS,1.366758,strict,anchor_actual,ONS_GG_RECEIPTS,2009.0,10005.0,,,,,,,,A,,ONS_GG_RECEIPTS,2026-06-18,2026-08-31,current,,,10005.0,0.0,,,False,False,False,20260921T154333Z,
GBR_E06_strict,GBR,ESA_EXP,E06,1,Subsidies,2010,2010,CY,9924.0,GBP,1615839.0,ONS_GDP,0.61417,761564.0,ONS_GG_RECEIPTS,1.303108,strict,anchor_actual,ONS_GG_RECEIPTS,2010.0,9924.0,,,,,,,,A,,ONS_GG_RECEIPTS,2026-06-18,2026-08-31,current,,,9924.0,0.0,,,False,False,False,20260921T154333Z,
GBR_E06_strict,GBR,ESA_EXP,E06,1,Subsidies,2011,2011,CY,8489.0,GBP,1669945.0,ONS_GDP,0.50834,761359.0,ONS_GG_RECEIPTS,1.11498,strict,anchor_actual,ONS_GG_RECEIPTS,2011.0,8489.0,,,,,,,,A,,ONS_GG_RECEIPTS,2026-06-18,2026-08-31,current,,,8489.0,0.0,,,False,False,False,20260921T154333Z,
GBR_E06_strict,GBR,ESA_EXP,E06,1,Subsidies,2012,2012,CY,9732.0,GBP,1721708.0,ONS_GDP,0.565253,780852.0,ONS_GG_RECEIPTS,1.246331,strict,anchor_actual,ONS_GG_RECEIPTS,2012.0,9732.0,,,,,,,,A,,ONS_GG_RECEIPTS,2026-06-18,2026-08-31,current,,,9721.0,-0.113,,,False,False,False,20260921T154333Z,
GBR_E06_strict,GBR,ESA_EXP,E06,1,Subsidies,2013,2013,CY,9378.0,GBP,1789072.0,ONS_GDP,0.524182,780359.0,ONS_GG_RECEIPTS,1.201755,strict,anchor_actual,ONS_GG_RECEIPTS,2013.0,9378.0,,,,,,,,A,,ONS_GG_RECEIPTS,2026-06-18,2026-08-31,current,,,9347.0,-0.3306,,,False,False,False,20260921T154333Z,
GBR_E06_strict,GBR,ESA_EXP,E06,1,Subsidies,2014,2014,CY,10387.0,GBP,1875066.0,ONS_GDP,0.553954,803006.0,ONS_GG_RECEIPTS,1.293515,strict,anchor_actual,ONS_GG_RECEIPTS,2014.0,10387.0,,,,,,,,A,,ONS_GG_RECEIPTS,2026-06-18,2026-08-31,current,,,10360.0,-0.2599,,,False,False,False,20260921T154333Z,
GBR_E06_strict,GBR,ESA_EXP,E06,1,Subsidies,2015,2015,CY,12972.0,GBP,1928016.0,ONS_GDP,0.672816,812579.0,ONS_GG_RECEIPTS,1.596399,strict,anchor_actual,ONS_GG_RECEIPTS,2015.0,12972.0,,,,,,,,A,,ONS_GG_RECEIPTS,2026-06-18,2026-08-31,current,,,12944.0,-0.2158,,,False,False,False,20260921T154333Z,
GBR_E06_strict,GBR,ESA_EXP,E06,1,Subsidies,2016,2016,CY,15201.0,GBP,2004755.0,ONS_GDP,0.758247,828878.0,ONS_GG_RECEIPTS,1.833925,strict,anchor_actual,ONS_GG_RECEIPTS,2016.0,15201.0,,,,,,,,A,,ONS_GG_RECEIPTS,2026-06-18,2026-08-31,current,,,15172.0,-0.1908,,,False,False,False,20260921T154333Z,
GBR_E06_strict,GBR,ESA_EXP,E06,1,Subsidies,2017,2017,CY,17736.0,GBP,2097222.0,ONS_GDP,0.84569,857578.0,ONS_GG_RECEIPTS,2.06815,strict,anchor_actual,ONS_GG_RECEIPTS,2017.0,17736.0,,,,,,,,A,,ONS_GG_RECEIPTS,2026-06-18,2026-08-31,current,,,17707.0,-0.1635,,,False,False,False,20260921T154333Z,
GBR_E06_strict,GBR,ESA_EXP,E06,1,Subsidies,2018,2018,CY,19983.0,GBP,2171559.0,ONS_GDP,0.920214,880582.0,ONS_GG_RECEIPTS,2.269295,strict,anchor_actual,ONS_GG_RECEIPTS,2018.0,19983.0,,,,,,,,A,,ONS_GG_RECEIPTS,2026-06-18,2026-08-31,current,,,19953.0,-0.1501,,,False,False,False,20260921T154333Z,
GBR_E06_strict,GBR,ESA_EXP,E06,1,Subsidies,2019,2019,CY,22223.0,GBP,2252961.0,ONS_GDP,0.986391,912674.0,ONS_GG_RECEIPTS,2.434933,strict,anchor_actual,ONS_GG_RECEIPTS,2019.0,22223.0,,,,,,,,A,,ONS_GG_RECEIPTS,2026-06-18,2026-08-31,current,,,22192.0,-0.1395,,,False,False,False,20260921T154333Z,
GBR_E06_strict,GBR,ESA_EXP,E06,1,Subsidies,2020,2020,CY,120608.0,GBP,2124720.0,ONS_GDP,5.676419,1099852.0,ONS_GG_RECEIPTS,10.965839,strict,anchor_actual,ONS_GG_RECEIPTS,2020.0,120608.0,,,,,,,,A,,ONS_GG_RECEIPTS,2026-06-18,2026-08-31,current,,,120390.0,-0.1808,,,False,False,False,20260921T154333Z,
GBR_E06_strict,GBR,ESA_EXP,E06,1,Subsidies,2021,2021,CY,72814.0,GBP,2322652.0,ONS_GDP,3.134951,1101087.0,ONS_GG_RECEIPTS,6.61292,strict,anchor_actual,ONS_GG_RECEIPTS,2021.0,72814.0,,,,,,,,A,,ONS_GG_RECEIPTS,2026-06-18,2026-08-31,current,,,72717.0,-0.1332,,,False,False,False,20260921T154333Z,
GBR_E06_strict,GBR,ESA_EXP,E06,1,Subsidies,2022,2022,CY,41999.0,GBP,2580949.0,ONS_GDP,1.62727,1175592.0,ONS_GG_RECEIPTS,3.572583,strict,anchor_actual,ONS_GG_RECEIPTS,2022.0,41999.0,,,,,,,,A,,ONS_GG_RECEIPTS,2026-06-18,2026-08-31,current,,,41964.0,-0.0833,,,False,False,False,20260921T154333Z,
GBR_E06_strict,GBR,ESA_EXP,E06,1,Subsidies,2023,2023,CY,56176.0,GBP,2752164.0,ONS_GDP,2.041157,1280766.0,ONS_GG_RECEIPTS,4.386125,strict,anchor_actual,ONS_GG_RECEIPTS,2023.0,56176.0,,,,,,,,A,,ONS_GG_RECEIPTS,2026-06-18,2026-08-31,current,,,56109.0,-0.1193,,,False,False,False,20260921T154333Z,
GBR_E06_strict,GBR,ESA_EXP,E06,1,Subsidies,2024,2024,CY,36174.0,GBP,2890254.0,ONS_GDP,1.251586,1337389.0,ONS_GG_RECEIPTS,2.704823,strict,anchor_actual,ONS_GG_RECEIPTS,2024.0,36174.0,,,,,,,,A,,ONS_GG_RECEIPTS,2026-06-18,2026-08-31,current,,,36363.0,0.5225,,,False,False,False,20260921T154333Z,
GBR_E06_strict,GBR,ESA_EXP,E06,1,Subsidies,2025,2025,CY,37850.0,GBP,3033866.0,ONS_GDP,1.247583,1403741.0,ONS_GG_RECEIPTS,2.696366,strict,anchor_actual,ONS_GG_RECEIPTS,2025.0,37850.0,,,,,,,,A,,ONS_GG_RECEIPTS,2026-06-18,2026-08-31,current,,,,,,,False,False,False,20260921T154333Z,
GBR_E07_strict,GBR,ESA_EXP,E07,1,Other current expenditure,1990,1990,CY,9591.0,GBP,672977.0,ONS_GDP,1.42516,237527.0,ONS_GG_RECEIPTS,4.037857,strict,derived_actual,ONS_GG_RECEIPTS,1990.0,9591.0,,,,,,,,A,,ONS_GG_RECEIPTS,2026-06-18,2026-08-31,current,,,,,,,False,False,False,20260921T154333Z,derived D.29 + D.5 + (D.4 - D.41) + D.7 + D.8 (sum of the anchor's own items)
GBR_E07_strict,GBR,ESA_EXP,E07,1,Other current expenditure,1991,1991,CY,8353.0,GBP,708072.0,ONS_GDP,1.179682,257370.0,ONS_GG_RECEIPTS,3.245522,strict,derived_actual,ONS_GG_RECEIPTS,1991.0,8353.0,,,,,,,,A,,ONS_GG_RECEIPTS,2026-06-18,2026-08-31,current,,,,,,,False,False,False,20260921T154333Z,derived D.29 + D.5 + (D.4 - D.41) + D.7 + D.8 (sum of the anchor's own items)
GBR_E07_strict,GBR,ESA_EXP,E07,1,Other current expenditure,1992,1992,CY,10443.0,GBP,733221.0,ONS_GDP,1.424264,281615.0,ONS_GG_RECEIPTS,3.708254,strict,derived_actual,ONS_GG_RECEIPTS,1992.0,10443.0,,,,,,,,A,,ONS_GG_RECEIPTS,2026-06-18,2026-08-31,current,,,,,,,False,False,False,20260921T154333Z,derived D.29 + D.5 + (D.4 - D.41) + D.7 + D.8 (sum of the anchor's own items)
GBR_E07_strict,GBR,ESA_EXP,E07,1,Other current expenditure,1993,1993,CY,14366.0,GBP,772390.0,ONS_GDP,1.859941,298094.0,ONS_GG_RECEIPTS,4.819285,strict,derived_actual,ONS_GG_RECEIPTS,1993.0,14366.0,,,,,,,,A,,ONS_GG_RECEIPTS,2026-06-18,2026-08-31,current,,,,,,,False,False,False,20260921T154333Z,derived D.29 + D.5 + (D.4 - D.41) + D.7 + D.8 (sum of the anchor's own items)
GBR_E07_strict,GBR,ESA_EXP,E07,1,Other current expenditure,1994,1994,CY,16178.0,GBP,813527.0,ONS_GDP,1.988625,311997.0,ONS_GG_RECEIPTS,5.185306,strict,derived_actual,ONS_GG_RECEIPTS,1994.0,16178.0,,,,,,,,A,,ONS_GG_RECEIPTS,2026-06-18,2026-08-31,current,,,,,,,False,False,False,20260921T154333Z,derived D.29 + D.5 + (D.4 - D.41) + D.7 + D.8 (sum of the anchor's own items)
GBR_E07_strict,GBR,ESA_EXP,E07,1,Other current expenditure,1995,1995,CY,18593.0,GBP,854921.0,ONS_GDP,2.174821,328874.0,ONS_GG_RECEIPTS,5.653533,strict,derived_actual,ONS_GG_RECEIPTS,1995.0,18593.0,,,,,,,,A,,ONS_GG_RECEIPTS,2026-06-18,2026-08-31,current,,,,,,,False,False,False,20260921T154333Z,derived D.29 + D.5 + (D.4 - D.41) + D.7 + D.8 (sum of the anchor's own items)
GBR_E07_strict,GBR,ESA_EXP,E07,1,Other current expenditure,1996,1996,CY,18790.0,GBP,913609.0,ONS_GDP,2.056679,337467.0,ONS_GG_RECEIPTS,5.567952,strict,derived_actual,ONS_GG_RECEIPTS,1996.0,18790.0,,,,,,,,A,,ONS_GG_RECEIPTS,2026-06-18,2026-08-31,current,,,,,,,False,False,False,20260921T154333Z,derived D.29 + D.5 + (D.4 - D.41) + D.7 + D.8 (sum of the anchor's own items)
GBR_E07_strict,GBR,ESA_EXP,E07,1,Other current expenditure,1997,1997,CY,16955.0,GBP,958539.0,ONS_GDP,1.768838,341776.0,ONS_GG_RECEIPTS,4.960852,strict,derived_actual,ONS_GG_RECEIPTS,1997.0,16955.0,,,,,,,,A,,ONS_GG_RECEIPTS,2026-06-18,2026-08-31,current,,,,,,,False,False,False,20260921T154333Z,derived D.29 + D.5 + (D.4 - D.41) + D.7 + D.8 (sum of the anchor's own items)
GBR_E07_strict,GBR,ESA_EXP,E07,1,Other current expenditure,1998,1998,CY,19950.0,GBP,1002804.0,ONS_GDP,1.989422,353573.0,ONS_GG_RECEIPTS,5.642399,strict,derived_actual,ONS_GG_RECEIPTS,1998.0,19950.0,,,,,,,,A,,ONS_GG_RECEIPTS,2026-06-18,2026-08-31,current,,,,,,,False,False,False,20260921T154333Z,derived D.29 + D.5 + (D.4 - D.41) + D.7 + D.8 (sum of the anchor's own items)
GBR_E07_strict,GBR,ESA_EXP,E07,1,Other current expenditure,1999,1999,CY,20812.0,GBP,1046727.0,ONS_GDP,1.988293,364712.0,ONS_GG_RECEIPTS,5.70642,strict,derived_actual,ONS_GG_RECEIPTS,1999.0,20812.0,,,,,,,,A,,ONS_GG_RECEIPTS,2026-06-18,2026-08-31,current,,,,,,,False,False,False,20260921T154333Z,derived D.29 + D.5 + (D.4 - D.41) + D.7 + D.8 (sum of the anchor's own items)
GBR_E07_strict,GBR,ESA_EXP,E07,1,Other current expenditure,2000,2000,CY,25372.0,GBP,1104759.0,ONS_GDP,2.296609,386659.0,ONS_GG_RECEIPTS,6.561854,strict,derived_actual,ONS_GG_RECEIPTS,2000.0,25372.0,,,,,,,,A,,ONS_GG_RECEIPTS,2026-06-18,2026-08-31,current,,,,,,,False,False,False,20260921T154333Z,derived D.29 + D.5 + (D.4 - D.41) + D.7 + D.8 (sum of the anchor's own items)
GBR_E07_strict,GBR,ESA_EXP,E07,1,Other current expenditure,2001,2001,CY,23923.0,GBP,1150542.0,ONS_GDP,2.079281,414039.0,ONS_GG_RECEIPTS,5.777958,strict,derived_actual,ONS_GG_RECEIPTS,2001.0,23923.0,,,,,,,,A,,ONS_GG_RECEIPTS,2026-06-18,2026-08-31,current,,,,,,,False,False,False,20260921T154333Z,derived D.29 + D.5 + (D.4 - D.41) + D.7 + D.8 (sum of the anchor's own items)
GBR_E07_strict,GBR,ESA_EXP,E07,1,Other current expenditure,2002,2002,CY,29499.0,GBP,1194646.0,ONS_GDP,2.469267,447236.0,ONS_GG_RECEIPTS,6.595846,strict,derived_actual,ONS_GG_RECEIPTS,2002.0,29499.0,,,,,,,,A,,ONS_GG_RECEIPTS,2026-06-18,2026-08-31,current,,,,,,,False,False,False,20260921T154333Z,derived D.29 + D.5 + (D.4 - D.41) + D.7 + D.8 (sum of the anchor's own items)
GBR_E07_strict,GBR,ESA_EXP,E07,1,Other current expenditure,2003,2003,CY,31646.0,GBP,1262502.0,ONS_GDP,2.50661,488220.0,ONS_GG_RECEIPTS,6.481914,strict,derived_actual,ONS_GG_RECEIPTS,2003.0,31646.0,,,,,,,,A,,ONS_GG_RECEIPTS,2026-06-18,2026-08-31,current,,,,,,,False,False,False,20260921T154333Z,derived D.29 + D.5 + (D.4 - D.41) + D.7 + D.8 (sum of the anchor's own items)
GBR_E07_strict,GBR,ESA_EXP,E07,1,Other current expenditure,2004,2004,CY,32904.0,GBP,1327143.0,ONS_GDP,2.479311,529773.0,ONS_GG_RECEIPTS,6.210962,strict,derived_actual,ONS_GG_RECEIPTS,2004.0,32904.0,,,,,,,,A,,ONS_GG_RECEIPTS,2026-06-18,2026-08-31,current,,,,,,,False,False,False,20260921T154333Z,derived D.29 + D.5 + (D.4 - D.41) + D.7 + D.8 (sum of the anchor's own items)
GBR_E07_strict,GBR,ESA_EXP,E07,1,Other current expenditure,2005,2005,CY,36281.0,GBP,1403249.0,ONS_GDP,2.5855,576622.0,ONS_GG_RECEIPTS,6.29199,strict,derived_actual,ONS_GG_RECEIPTS,2005.0,36281.0,,,,,,,,A,,ONS_GG_RECEIPTS,2026-06-18,2026-08-31,current,,,,,,,False,False,False,20260921T154333Z,derived D.29 + D.5 + (D.4 - D.41) + D.7 + D.8 (sum of the anchor's own items)
GBR_E07_strict,GBR,ESA_EXP,E07,1,Other current expenditure,2006,2006,CY,37459.0,GBP,1478080.0,ONS_GDP,2.534301,601477.0,ONS_GG_RECEIPTS,6.227836,strict,derived_actual,ONS_GG_RECEIPTS,2006.0,37459.0,,,,,,,,A,,ONS_GG_RECEIPTS,2026-06-18,2026-08-31,current,,,,,,,False,False,False,20260921T154333Z,derived D.29 + D.5 + (D.4 - D.41) + D.7 + D.8 (sum of the anchor's own items)
GBR_E07_strict,GBR,ESA_EXP,E07,1,Other current expenditure,2007,2007,CY,38713.0,GBP,1551729.0,ONS_GDP,2.49483,634877.0,ONS_GG_RECEIPTS,6.097717,strict,derived_actual,ONS_GG_RECEIPTS,2007.0,38713.0,,,,,,,,A,,ONS_GG_RECEIPTS,2026-06-18,2026-08-31,current,,,,,,,False,False,False,20260921T154333Z,derived D.29 + D.5 + (D.4 - D.41) + D.7 + D.8 (sum of the anchor's own items)
GBR_E07_strict,GBR,ESA_EXP,E07,1,Other current expenditure,2008,2008,CY,38332.0,GBP,1602217.0,ONS_GDP,2.392435,706148.0,ONS_GG_RECEIPTS,5.428324,strict,derived_actual,ONS_GG_RECEIPTS,2008.0,38332.0,,,,,,,,A,,ONS_GG_RECEIPTS,2026-06-18,2026-08-31,current,,,,,,,False,False,False,20260921T154333Z,derived D.29 + D.5 + (D.4 - D.41) + D.7 + D.8 (sum of the anchor's own items)
GBR_E07_strict,GBR,ESA_EXP,E07,1,Other current expenditure,2009,2009,CY,41642.0,GBP,1559405.0,ONS_GDP,2.670377,732024.0,ONS_GG_RECEIPTS,5.688611,strict,derived_actual,ONS_GG_RECEIPTS,2009.0,41642.0,,,,,,,,A,,ONS_GG_RECEIPTS,2026-06-18,2026-08-31,current,,,,,,,False,False,False,20260921T154333Z,derived D.29 + D.5 + (D.4 - D.41) + D.7 + D.8 (sum of the anchor's own items)
GBR_E07_strict,GBR,ESA_EXP,E07,1,Other current expenditure,2010,2010,CY,46943.0,GBP,1615839.0,ONS_GDP,2.905178,761564.0,ONS_GG_RECEIPTS,6.164026,strict,derived_actual,ONS_GG_RECEIPTS,2010.0,46943.0,,,,,,,,A,,ONS_GG_RECEIPTS,2026-06-18,2026-08-31,current,,,,,,,False,False,False,20260921T154333Z,derived D.29 + D.5 + (D.4 - D.41) + D.7 + D.8 (sum of the anchor's own items)
GBR_E07_strict,GBR,ESA_EXP,E07,1,Other current expenditure,2011,2011,CY,43919.0,GBP,1669945.0,ONS_GDP,2.629967,761359.0,ONS_GG_RECEIPTS,5.768501,strict,derived_actual,ONS_GG_RECEIPTS,2011.0,43919.0,,,,,,,,A,,ONS_GG_RECEIPTS,2026-06-18,2026-08-31,current,,,,,,,False,False,False,20260921T154333Z,derived D.29 + D.5 + (D.4 - D.41) + D.7 + D.8 (sum of the anchor's own items)
GBR_E07_strict,GBR,ESA_EXP,E07,1,Other current expenditure,2012,2012,CY,44261.0,GBP,1721708.0,ONS_GDP,2.570761,780852.0,ONS_GG_RECEIPTS,5.668296,strict,derived_actual,ONS_GG_RECEIPTS,2012.0,44261.0,,,,,,,,A,,ONS_GG_RECEIPTS,2026-06-18,2026-08-31,current,,,,,,,False,False,False,20260921T154333Z,derived D.29 + D.5 + (D.4 - D.41) + D.7 + D.8 (sum of the anchor's own items)
GBR_E07_strict,GBR,ESA_EXP,E07,1,Other current expenditure,2013,2013,CY,46065.0,GBP,1789072.0,ONS_GDP,2.574799,780359.0,ONS_GG_RECEIPTS,5.903052,strict,derived_actual,ONS_GG_RECEIPTS,2013.0,46065.0,,,,,,,,A,,ONS_GG_RECEIPTS,2026-06-18,2026-08-31,current,,,,,,,False,False,False,20260921T154333Z,derived D.29 + D.5 + (D.4 - D.41) + D.7 + D.8 (sum of the anchor's own items)
GBR_E07_strict,GBR,ESA_EXP,E07,1,Other current expenditure,2014,2014,CY,41741.0,GBP,1875066.0,ONS_GDP,2.226108,803006.0,ONS_GG_RECEIPTS,5.198093,strict,derived_actual,ONS_GG_RECEIPTS,2014.0,41741.0,,,,,,,,A,,ONS_GG_RECEIPTS,2026-06-18,2026-08-31,current,,,,,,,False,False,False,20260921T154333Z,derived D.29 + D.5 + (D.4 - D.41) + D.7 + D.8 (sum of the anchor's own items)
GBR_E07_strict,GBR,ESA_EXP,E07,1,Other current expenditure,2015,2015,CY,40169.0,GBP,1928016.0,ONS_GDP,2.083437,812579.0,ONS_GG_RECEIPTS,4.943396,strict,derived_actual,ONS_GG_RECEIPTS,2015.0,40169.0,,,,,,,,A,,ONS_GG_RECEIPTS,2026-06-18,2026-08-31,current,,,,,,,False,False,False,20260921T154333Z,derived D.29 + D.5 + (D.4 - D.41) + D.7 + D.8 (sum of the anchor's own items)
GBR_E07_strict,GBR,ESA_EXP,E07,1,Other current expenditure,2016,2016,CY,39888.0,GBP,2004755.0,ONS_GDP,1.98967,828878.0,ONS_GG_RECEIPTS,4.812288,strict,derived_actual,ONS_GG_RECEIPTS,2016.0,39888.0,,,,,,,,A,,ONS_GG_RECEIPTS,2026-06-18,2026-08-31,current,,,,,,,False,False,False,20260921T154333Z,derived D.29 + D.5 + (D.4 - D.41) + D.7 + D.8 (sum of the anchor's own items)
GBR_E07_strict,GBR,ESA_EXP,E07,1,Other current expenditure,2017,2017,CY,38159.0,GBP,2097222.0,ONS_GDP,1.819502,857578.0,ONS_GG_RECEIPTS,4.449624,strict,derived_actual,ONS_GG_RECEIPTS,2017.0,38159.0,,,,,,,,A,,ONS_GG_RECEIPTS,2026-06-18,2026-08-31,current,,,,,,,False,False,False,20260921T154333Z,derived D.29 + D.5 + (D.4 - D.41) + D.7 + D.8 (sum of the anchor's own items)
GBR_E07_strict,GBR,ESA_EXP,E07,1,Other current expenditure,2018,2018,CY,40887.0,GBP,2171559.0,ONS_GDP,1.882841,880582.0,ONS_GG_RECEIPTS,4.643179,strict,derived_actual,ONS_GG_RECEIPTS,2018.0,40887.0,,,,,,,,A,,ONS_GG_RECEIPTS,2026-06-18,2026-08-31,current,,,,,,,False,False,False,20260921T154333Z,derived D.29 + D.5 + (D.4 - D.41) + D.7 + D.8 (sum of the anchor's own items)
GBR_E07_strict,GBR,ESA_EXP,E07,1,Other current expenditure,2019,2019,CY,42113.0,GBP,2252961.0,ONS_GDP,1.869229,912674.0,ONS_GG_RECEIPTS,4.614243,strict,derived_actual,ONS_GG_RECEIPTS,2019.0,42113.0,,,,,,,,A,,ONS_GG_RECEIPTS,2026-06-18,2026-08-31,current,,,,,,,False,False,False,20260921T154333Z,derived D.29 + D.5 + (D.4 - D.41) + D.7 + D.8 (sum of the anchor's own items)
GBR_E07_strict,GBR,ESA_EXP,E07,1,Other current expenditure,2020,2020,CY,45168.0,GBP,2124720.0,ONS_GDP,2.125833,1099852.0,ONS_GG_RECEIPTS,4.106734,strict,derived_actual,ONS_GG_RECEIPTS,2020.0,45168.0,,,,,,,,A,,ONS_GG_RECEIPTS,2026-06-18,2026-08-31,current,,,,,,,False,False,False,20260921T154333Z,derived D.29 + D.5 + (D.4 - D.41) + D.7 + D.8 (sum of the anchor's own items)
GBR_E07_strict,GBR,ESA_EXP,E07,1,Other current expenditure,2021,2021,CY,37630.0,GBP,2322652.0,ONS_GDP,1.620131,1101087.0,ONS_GG_RECEIPTS,3.417532,strict,derived_actual,ONS_GG_RECEIPTS,2021.0,37630.0,,,,,,,,A,,ONS_GG_RECEIPTS,2026-06-18,2026-08-31,current,,,,,,,False,False,False,20260921T154333Z,derived D.29 + D.5 + (D.4 - D.41) + D.7 + D.8 (sum of the anchor's own items)
GBR_E07_strict,GBR,ESA_EXP,E07,1,Other current expenditure,2022,2022,CY,49145.0,GBP,2580949.0,ONS_GDP,1.904145,1175592.0,ONS_GG_RECEIPTS,4.180447,strict,derived_actual,ONS_GG_RECEIPTS,2022.0,49145.0,,,,,,,,A,,ONS_GG_RECEIPTS,2026-06-18,2026-08-31,current,,,,,,,False,False,False,20260921T154333Z,derived D.29 + D.5 + (D.4 - D.41) + D.7 + D.8 (sum of the anchor's own items)
GBR_E07_strict,GBR,ESA_EXP,E07,1,Other current expenditure,2023,2023,CY,45158.0,GBP,2752164.0,ONS_GDP,1.640818,1280766.0,ONS_GG_RECEIPTS,3.525859,strict,derived_actual,ONS_GG_RECEIPTS,2023.0,45158.0,,,,,,,,A,,ONS_GG_RECEIPTS,2026-06-18,2026-08-31,current,,,,,,,False,False,False,20260921T154333Z,derived D.29 + D.5 + (D.4 - D.41) + D.7 + D.8 (sum of the anchor's own items)
GBR_E07_strict,GBR,ESA_EXP,E07,1,Other current expenditure,2024,2024,CY,35891.0,GBP,2890254.0,ONS_GDP,1.241794,1337389.0,ONS_GG_RECEIPTS,2.683662,strict,derived_actual,ONS_GG_RECEIPTS,2024.0,35891.0,,,,,,,,A,,ONS_GG_RECEIPTS,2026-06-18,2026-08-31,current,,,,,,,False,False,False,20260921T154333Z,derived D.29 + D.5 + (D.4 - D.41) + D.7 + D.8 (sum of the anchor's own items)
GBR_E07_strict,GBR,ESA_EXP,E07,1,Other current expenditure,2025,2025,CY,35761.0,GBP,3033866.0,ONS_GDP,1.178727,1403741.0,ONS_GG_RECEIPTS,2.54755,strict,derived_actual,ONS_GG_RECEIPTS,2025.0,35761.0,,,,,,,,A,,ONS_GG_RECEIPTS,2026-06-18,2026-08-31,current,,,,,,,False,False,False,20260921T154333Z,derived D.29 + D.5 + (D.4 - D.41) + D.7 + D.8 (sum of the anchor's own items)
GBR_E08_strict,GBR,ESA_EXP,E08,1,Gross capital formation and net acquisition of non-produced assets,1990,1990,CY,18145.0,GBP,672977.0,ONS_GDP,2.696229,237527.0,ONS_GG_RECEIPTS,7.639132,strict,derived_actual,ONS_GG_RECEIPTS,1990.0,18145.0,,,,,,,,A,,ONS_GG_RECEIPTS,2026-06-18,2026-08-31,current,,,,,,,False,False,False,20260921T154333Z,derived P.5 + NP (sum of the anchor's own items)
GBR_E08_strict,GBR,ESA_EXP,E08,1,Gross capital formation and net acquisition of non-produced assets,1991,1991,CY,18890.0,GBP,708072.0,ONS_GDP,2.667808,257370.0,ONS_GG_RECEIPTS,7.339628,strict,derived_actual,ONS_GG_RECEIPTS,1991.0,18890.0,,,,,,,,A,,ONS_GG_RECEIPTS,2026-06-18,2026-08-31,current,,,,,,,False,False,False,20260921T154333Z,derived P.5 + NP (sum of the anchor's own items)
GBR_E08_strict,GBR,ESA_EXP,E08,1,Gross capital formation and net acquisition of non-produced assets,1992,1992,CY,17744.0,GBP,733221.0,ONS_GDP,2.420007,281615.0,ONS_GG_RECEIPTS,6.300801,strict,derived_actual,ONS_GG_RECEIPTS,1992.0,17744.0,,,,,,,,A,,ONS_GG_RECEIPTS,2026-06-18,2026-08-31,current,,,,,,,False,False,False,20260921T154333Z,derived P.5 + NP (sum of the anchor's own items)
GBR_E08_strict,GBR,ESA_EXP,E08,1,Gross capital formation and net acquisition of non-produced assets,1993,1993,CY,17383.0,GBP,772390.0,ONS_GDP,2.250547,298094.0,ONS_GG_RECEIPTS,5.831382,strict,derived_actual,ONS_GG_RECEIPTS,1993.0,17383.0,,,,,,,,A,,ONS_GG_RECEIPTS,2026-06-18,2026-08-31,current,,,,,,,False,False,False,20260921T154333Z,derived P.5 + NP (sum of the anchor's own items)
GBR_E08_strict,GBR,ESA_EXP,E08,1,Gross capital formation and net acquisition of non-produced assets,1994,1994,CY,18885.0,GBP,813527.0,ONS_GDP,2.321373,311997.0,ONS_GG_RECEIPTS,6.052943,strict,derived_actual,ONS_GG_RECEIPTS,1994.0,18885.0,,,,,,,,A,,ONS_GG_RECEIPTS,2026-06-18,2026-08-31,current,,,,,,,False,False,False,20260921T154333Z,derived P.5 + NP (sum of the anchor's own items)
GBR_E08_strict,GBR,ESA_EXP,E08,1,Gross capital formation and net acquisition of non-produced assets,1995,1995,CY,19208.0,GBP,854921.0,ONS_GDP,2.246757,328874.0,ONS_GG_RECEIPTS,5.840535,strict,derived_actual,ONS_GG_RECEIPTS,1995.0,19208.0,,,,,,,,A,,ONS_GG_RECEIPTS,2026-06-18,2026-08-31,current,,,,,,,False,False,False,20260921T154333Z,derived P.5 + NP (sum of the anchor's own items)
GBR_E08_strict,GBR,ESA_EXP,E08,1,Gross capital formation and net acquisition of non-produced assets,1996,1996,CY,17278.0,GBP,913609.0,ONS_GDP,1.891181,337467.0,ONS_GG_RECEIPTS,5.119908,strict,derived_actual,ONS_GG_RECEIPTS,1996.0,17278.0,,,,,,,,A,,ONS_GG_RECEIPTS,2026-06-18,2026-08-31,current,,,,,,,False,False,False,20260921T154333Z,derived P.5 + NP (sum of the anchor's own items)
GBR_E08_strict,GBR,ESA_EXP,E08,1,Gross capital formation and net acquisition of non-produced assets,1997,1997,CY,17111.0,GBP,958539.0,ONS_GDP,1.785113,341776.0,ONS_GG_RECEIPTS,5.006495,strict,derived_actual,ONS_GG_RECEIPTS,1997.0,17111.0,,,,,,,,A,,ONS_GG_RECEIPTS,2026-06-18,2026-08-31,current,,,,,,,False,False,False,20260921T154333Z,derived P.5 + NP (sum of the anchor's own items)
GBR_E08_strict,GBR,ESA_EXP,E08,1,Gross capital formation and net acquisition of non-produced assets,1998,1998,CY,18007.0,GBP,1002804.0,ONS_GDP,1.795665,353573.0,ONS_GG_RECEIPTS,5.092866,strict,derived_actual,ONS_GG_RECEIPTS,1998.0,18007.0,,,,,,,,A,,ONS_GG_RECEIPTS,2026-06-18,2026-08-31,current,,,,,,,False,False,False,20260921T154333Z,derived P.5 + NP (sum of the anchor's own items)
GBR_E08_strict,GBR,ESA_EXP,E08,1,Gross capital formation and net acquisition of non-produced assets,1999,1999,CY,17614.0,GBP,1046727.0,ONS_GDP,1.682769,364712.0,ONS_GG_RECEIPTS,4.829564,strict,derived_actual,ONS_GG_RECEIPTS,1999.0,17614.0,,,,,,,,A,,ONS_GG_RECEIPTS,2026-06-18,2026-08-31,current,,,,,,,False,False,False,20260921T154333Z,derived P.5 + NP (sum of the anchor's own items)
GBR_E08_strict,GBR,ESA_EXP,E08,1,Gross capital formation and net acquisition of non-produced assets,2000,2000,CY,18372.0,GBP,1104759.0,ONS_GDP,1.662987,386659.0,ONS_GG_RECEIPTS,4.751474,strict,derived_actual,ONS_GG_RECEIPTS,2000.0,18372.0,,,,,,,,A,,ONS_GG_RECEIPTS,2026-06-18,2026-08-31,current,,,,,,,False,False,False,20260921T154333Z,derived P.5 + NP (sum of the anchor's own items)
GBR_E08_strict,GBR,ESA_EXP,E08,1,Gross capital formation and net acquisition of non-produced assets,2001,2001,CY,22352.0,GBP,1150542.0,ONS_GDP,1.942737,414039.0,ONS_GG_RECEIPTS,5.398525,strict,derived_actual,ONS_GG_RECEIPTS,2001.0,22352.0,,,,,,,,A,,ONS_GG_RECEIPTS,2026-06-18,2026-08-31,current,,,,,,,False,False,False,20260921T154333Z,derived P.5 + NP (sum of the anchor's own items)
GBR_E08_strict,GBR,ESA_EXP,E08,1,Gross capital formation and net acquisition of non-produced assets,2002,2002,CY,24900.0,GBP,1194646.0,ONS_GDP,2.084299,447236.0,ONS_GG_RECEIPTS,5.56753,strict,derived_actual,ONS_GG_RECEIPTS,2002.0,24900.0,,,,,,,,A,,ONS_GG_RECEIPTS,2026-06-18,2026-08-31,current,,,,,,,False,False,False,20260921T154333Z,derived P.5 + NP (sum of the anchor's own items)
GBR_E08_strict,GBR,ESA_EXP,E08,1,Gross capital formation and net acquisition of non-produced assets,2003,2003,CY,27177.0,GBP,1262502.0,ONS_GDP,2.15263,488220.0,ONS_GG_RECEIPTS,5.566548,strict,derived_actual,ONS_GG_RECEIPTS,2003.0,27177.0,,,,,,,,A,,ONS_GG_RECEIPTS,2026-06-18,2026-08-31,current,,,,,,,False,False,False,20260921T154333Z,derived P.5 + NP (sum of the anchor's own items)
GBR_E08_strict,GBR,ESA_EXP,E08,1,Gross capital formation and net acquisition of non-produced assets,2004,2004,CY,33544.0,GBP,1327143.0,ONS_GDP,2.527535,529773.0,ONS_GG_RECEIPTS,6.331769,strict,derived_actual,ONS_GG_RECEIPTS,2004.0,33544.0,,,,,,,,A,,ONS_GG_RECEIPTS,2026-06-18,2026-08-31,current,,,,,,,False,False,False,20260921T154333Z,derived P.5 + NP (sum of the anchor's own items)
GBR_E08_strict,GBR,ESA_EXP,E08,1,Gross capital formation and net acquisition of non-produced assets,2005,2005,CY,42870.0,GBP,1403249.0,ONS_GDP,3.055053,576622.0,ONS_GG_RECEIPTS,7.43468,strict,derived_actual,ONS_GG_RECEIPTS,2005.0,42870.0,,,,,,,,A,,ONS_GG_RECEIPTS,2026-06-18,2026-08-31,current,,,,,,,False,False,False,20260921T154333Z,derived P.5 + NP (sum of the anchor's own items)
GBR_E08_strict,GBR,ESA_EXP,E08,1,Gross capital formation and net acquisition of non-produced assets,2006,2006,CY,37012.0,GBP,1478080.0,ONS_GDP,2.504059,601477.0,ONS_GG_RECEIPTS,6.153519,strict,derived_actual,ONS_GG_RECEIPTS,2006.0,37012.0,,,,,,,,A,,ONS_GG_RECEIPTS,2026-06-18,2026-08-31,current,,,,,,,False,False,False,20260921T154333Z,derived P.5 + NP (sum of the anchor's own items)
GBR_E08_strict,GBR,ESA_EXP,E08,1,Gross capital formation and net acquisition of non-produced assets,2007,2007,CY,37261.0,GBP,1551729.0,ONS_GDP,2.401257,634877.0,ONS_GG_RECEIPTS,5.869011,strict,derived_actual,ONS_GG_RECEIPTS,2007.0,37261.0,,,,,,,,A,,ONS_GG_RECEIPTS,2026-06-18,2026-08-31,current,,,,,,,False,False,False,20260921T154333Z,derived P.5 + NP (sum of the anchor's own items)
GBR_E08_strict,GBR,ESA_EXP,E08,1,Gross capital formation and net acquisition of non-produced assets,2008,2008,CY,47481.0,GBP,1602217.0,ONS_GDP,2.963456,706148.0,ONS_GG_RECEIPTS,6.723945,strict,derived_actual,ONS_GG_RECEIPTS,2008.0,47481.0,,,,,,,,A,,ONS_GG_RECEIPTS,2026-06-18,2026-08-31,current,,,,,,,False,False,False,20260921T154333Z,derived P.5 + NP (sum of the anchor's own items)
GBR_E08_strict,GBR,ESA_EXP,E08,1,Gross capital formation and net acquisition of non-produced assets,2009,2009,CY,50943.0,GBP,1559405.0,ONS_GDP,3.266823,732024.0,ONS_GG_RECEIPTS,6.959198,strict,derived_actual,ONS_GG_RECEIPTS,2009.0,50943.0,,,,,,,,A,,ONS_GG_RECEIPTS,2026-06-18,2026-08-31,current,,,,,,,False,False,False,20260921T154333Z,derived P.5 + NP (sum of the anchor's own items)
GBR_E08_strict,GBR,ESA_EXP,E08,1,Gross capital formation and net acquisition of non-produced assets,2010,2010,CY,50319.0,GBP,1615839.0,ONS_GDP,3.11411,761564.0,ONS_GG_RECEIPTS,6.607324,strict,derived_actual,ONS_GG_RECEIPTS,2010.0,50319.0,,,,,,,,A,,ONS_GG_RECEIPTS,2026-06-18,2026-08-31,current,,,,,,,False,False,False,20260921T154333Z,derived P.5 + NP (sum of the anchor's own items)
GBR_E08_strict,GBR,ESA_EXP,E08,1,Gross capital formation and net acquisition of non-produced assets,2011,2011,CY,46615.0,GBP,1669945.0,ONS_GDP,2.791409,761359.0,ONS_GG_RECEIPTS,6.122604,strict,derived_actual,ONS_GG_RECEIPTS,2011.0,46615.0,,,,,,,,A,,ONS_GG_RECEIPTS,2026-06-18,2026-08-31,current,,,,,,,False,False,False,20260921T154333Z,derived P.5 + NP (sum of the anchor's own items)
GBR_E08_strict,GBR,ESA_EXP,E08,1,Gross capital formation and net acquisition of non-produced assets,2012,2012,CY,43467.0,GBP,1721708.0,ONS_GDP,2.524644,780852.0,ONS_GG_RECEIPTS,5.566612,strict,derived_actual,ONS_GG_RECEIPTS,2012.0,43467.0,,,,,,,,A,,ONS_GG_RECEIPTS,2026-06-18,2026-08-31,current,,,,,,,False,False,False,20260921T154333Z,derived P.5 + NP (sum of the anchor's own items)
GBR_E08_strict,GBR,ESA_EXP,E08,1,Gross capital formation and net acquisition of non-produced assets,2013,2013,CY,41861.0,GBP,1789072.0,ONS_GDP,2.339816,780359.0,ONS_GG_RECEIPTS,5.364326,strict,derived_actual,ONS_GG_RECEIPTS,2013.0,41861.0,,,,,,,,A,,ONS_GG_RECEIPTS,2026-06-18,2026-08-31,current,,,,,,,False,False,False,20260921T154333Z,derived P.5 + NP (sum of the anchor's own items)
GBR_E08_strict,GBR,ESA_EXP,E08,1,Gross capital formation and net acquisition of non-produced assets,2014,2014,CY,48216.0,GBP,1875066.0,ONS_GDP,2.571429,803006.0,ONS_GG_RECEIPTS,6.004438,strict,derived_actual,ONS_GG_RECEIPTS,2014.0,48216.0,,,,,,,,A,,ONS_GG_RECEIPTS,2026-06-18,2026-08-31,current,,,,,,,False,False,False,20260921T154333Z,derived P.5 + NP (sum of the anchor's own items)
GBR_E08_strict,GBR,ESA_EXP,E08,1,Gross capital formation and net acquisition of non-produced assets,2015,2015,CY,48883.0,GBP,1928016.0,ONS_GDP,2.535404,812579.0,ONS_GG_RECEIPTS,6.015784,strict,derived_actual,ONS_GG_RECEIPTS,2015.0,48883.0,,,,,,,,A,,ONS_GG_RECEIPTS,2026-06-18,2026-08-31,current,,,,,,,False,False,False,20260921T154333Z,derived P.5 + NP (sum of the anchor's own items)
GBR_E08_strict,GBR,ESA_EXP,E08,1,Gross capital formation and net acquisition of non-produced assets,2016,2016,CY,47923.0,GBP,2004755.0,ONS_GDP,2.390467,828878.0,ONS_GG_RECEIPTS,5.781671,strict,derived_actual,ONS_GG_RECEIPTS,2016.0,47923.0,,,,,,,,A,,ONS_GG_RECEIPTS,2026-06-18,2026-08-31,current,,,,,,,False,False,False,20260921T154333Z,derived P.5 + NP (sum of the anchor's own items)
GBR_E08_strict,GBR,ESA_EXP,E08,1,Gross capital formation and net acquisition of non-produced assets,2017,2017,CY,55472.0,GBP,2097222.0,ONS_GDP,2.645023,857578.0,ONS_GG_RECEIPTS,6.46845,strict,derived_actual,ONS_GG_RECEIPTS,2017.0,55472.0,,,,,,,,A,,ONS_GG_RECEIPTS,2026-06-18,2026-08-31,current,,,,,,,False,False,False,20260921T154333Z,derived P.5 + NP (sum of the anchor's own items)
GBR_E08_strict,GBR,ESA_EXP,E08,1,Gross capital formation and net acquisition of non-produced assets,2018,2018,CY,56493.0,GBP,2171559.0,ONS_GDP,2.601495,880582.0,ONS_GG_RECEIPTS,6.415416,strict,derived_actual,ONS_GG_RECEIPTS,2018.0,56493.0,,,,,,,,A,,ONS_GG_RECEIPTS,2026-06-18,2026-08-31,current,,,,,,,False,False,False,20260921T154333Z,derived P.5 + NP (sum of the anchor's own items)
GBR_E08_strict,GBR,ESA_EXP,E08,1,Gross capital formation and net acquisition of non-produced assets,2019,2019,CY,60509.0,GBP,2252961.0,ONS_GDP,2.685754,912674.0,ONS_GG_RECEIPTS,6.629859,strict,derived_actual,ONS_GG_RECEIPTS,2019.0,60509.0,,,,,,,,A,,ONS_GG_RECEIPTS,2026-06-18,2026-08-31,current,,,,,,,False,False,False,20260921T154333Z,derived P.5 + NP (sum of the anchor's own items)
GBR_E08_strict,GBR,ESA_EXP,E08,1,Gross capital formation and net acquisition of non-produced assets,2020,2020,CY,64541.0,GBP,2124720.0,ONS_GDP,3.037624,1099852.0,ONS_GG_RECEIPTS,5.868153,strict,derived_actual,ONS_GG_RECEIPTS,2020.0,64541.0,,,,,,,,A,,ONS_GG_RECEIPTS,2026-06-18,2026-08-31,current,,,,,,,False,False,False,20260921T154333Z,derived P.5 + NP (sum of the anchor's own items)
GBR_E08_strict,GBR,ESA_EXP,E08,1,Gross capital formation and net acquisition of non-produced assets,2021,2021,CY,69896.0,GBP,2322652.0,ONS_GDP,3.009319,1101087.0,ONS_GG_RECEIPTS,6.347909,strict,derived_actual,ONS_GG_RECEIPTS,2021.0,69896.0,,,,,,,,A,,ONS_GG_RECEIPTS,2026-06-18,2026-08-31,current,,,,,,,False,False,False,20260921T154333Z,derived P.5 + NP (sum of the anchor's own items)
GBR_E08_strict,GBR,ESA_EXP,E08,1,Gross capital formation and net acquisition of non-produced assets,2022,2022,CY,76898.0,GBP,2580949.0,ONS_GDP,2.979447,1175592.0,ONS_GG_RECEIPTS,6.541215,strict,derived_actual,ONS_GG_RECEIPTS,2022.0,76898.0,,,,,,,,A,,ONS_GG_RECEIPTS,2026-06-18,2026-08-31,current,,,,,,,False,False,False,20260921T154333Z,derived P.5 + NP (sum of the anchor's own items)
GBR_E08_strict,GBR,ESA_EXP,E08,1,Gross capital formation and net acquisition of non-produced assets,2023,2023,CY,85623.0,GBP,2752164.0,ONS_GDP,3.111115,1280766.0,ONS_GG_RECEIPTS,6.685296,strict,derived_actual,ONS_GG_RECEIPTS,2023.0,85623.0,,,,,,,,A,,ONS_GG_RECEIPTS,2026-06-18,2026-08-31,current,,,,,,,False,False,False,20260921T154333Z,derived P.5 + NP (sum of the anchor's own items)
GBR_E08_strict,GBR,ESA_EXP,E08,1,Gross capital formation and net acquisition of non-produced assets,2024,2024,CY,92563.0,GBP,2890254.0,ONS_GDP,3.20259,1337389.0,ONS_GG_RECEIPTS,6.921173,strict,derived_actual,ONS_GG_RECEIPTS,2024.0,92563.0,,,,,,,,A,,ONS_GG_RECEIPTS,2026-06-18,2026-08-31,current,,,,,,,False,False,False,20260921T154333Z,derived P.5 + NP (sum of the anchor's own items)
GBR_E08_strict,GBR,ESA_EXP,E08,1,Gross capital formation and net acquisition of non-produced assets,2025,2025,CY,98112.0,GBP,3033866.0,ONS_GDP,3.233894,1403741.0,ONS_GG_RECEIPTS,6.989324,strict,derived_actual,ONS_GG_RECEIPTS,2025.0,98112.0,,,,,,,,A,,ONS_GG_RECEIPTS,2026-06-18,2026-08-31,current,,,,,,,False,False,False,20260921T154333Z,derived P.5 + NP (sum of the anchor's own items)
GBR_E09_strict,GBR,ESA_EXP,E09,1,Capital transfers payable,1990,1990,CY,12382.0,GBP,672977.0,ONS_GDP,1.839885,237527.0,ONS_GG_RECEIPTS,5.212881,strict,anchor_actual,ONS_GG_RECEIPTS,1990.0,12382.0,,,,,,,,A,,ONS_GG_RECEIPTS,2026-06-18,2026-08-31,current,,,,,,,False,False,False,20260921T154333Z,
GBR_E09_strict,GBR,ESA_EXP,E09,1,Capital transfers payable,1991,1991,CY,8946.0,GBP,708072.0,ONS_GDP,1.263431,257370.0,ONS_GG_RECEIPTS,3.47593,strict,anchor_actual,ONS_GG_RECEIPTS,1991.0,8946.0,,,,,,,,A,,ONS_GG_RECEIPTS,2026-06-18,2026-08-31,current,,,,,,,False,False,False,20260921T154333Z,
GBR_E09_strict,GBR,ESA_EXP,E09,1,Capital transfers payable,1992,1992,CY,8336.0,GBP,733221.0,ONS_GDP,1.136901,281615.0,ONS_GG_RECEIPTS,2.96007,strict,anchor_actual,ONS_GG_RECEIPTS,1992.0,8336.0,,,,,,,,A,,ONS_GG_RECEIPTS,2026-06-18,2026-08-31,current,,,,,,,False,False,False,20260921T154333Z,
GBR_E09_strict,GBR,ESA_EXP,E09,1,Capital transfers payable,1993,1993,CY,9085.0,GBP,772390.0,ONS_GDP,1.176219,298094.0,ONS_GG_RECEIPTS,3.047696,strict,anchor_actual,ONS_GG_RECEIPTS,1993.0,9085.0,,,,,,,,A,,ONS_GG_RECEIPTS,2026-06-18,2026-08-31,current,,,,,,,False,False,False,20260921T154333Z,
GBR_E09_strict,GBR,ESA_EXP,E09,1,Capital transfers payable,1994,1994,CY,8526.0,GBP,813527.0,ONS_GDP,1.048029,311997.0,ONS_GG_RECEIPTS,2.732719,strict,anchor_actual,ONS_GG_RECEIPTS,1994.0,8526.0,,,,,,,,A,,ONS_GG_RECEIPTS,2026-06-18,2026-08-31,current,,,,,,,False,False,False,20260921T154333Z,
GBR_E09_strict,GBR,ESA_EXP,E09,1,Capital transfers payable,1995,1995,CY,9309.0,GBP,854921.0,ONS_GDP,1.088873,328874.0,ONS_GG_RECEIPTS,2.830567,strict,anchor_actual,ONS_GG_RECEIPTS,1995.0,9309.0,,,,,,,,A,,ONS_GG_RECEIPTS,2026-06-18,2026-08-31,current,,,,,,,False,False,False,20260921T154333Z,
GBR_E09_strict,GBR,ESA_EXP,E09,1,Capital transfers payable,1996,1996,CY,8653.0,GBP,913609.0,ONS_GDP,0.947123,337467.0,ONS_GG_RECEIPTS,2.564103,strict,anchor_actual,ONS_GG_RECEIPTS,1996.0,8653.0,,,,,,,,A,,ONS_GG_RECEIPTS,2026-06-18,2026-08-31,current,,,,,,,False,False,False,20260921T154333Z,
GBR_E09_strict,GBR,ESA_EXP,E09,1,Capital transfers payable,1997,1997,CY,6876.0,GBP,958539.0,ONS_GDP,0.717342,341776.0,ONS_GG_RECEIPTS,2.011844,strict,anchor_actual,ONS_GG_RECEIPTS,1997.0,6876.0,,,,,,,,A,,ONS_GG_RECEIPTS,2026-06-18,2026-08-31,current,,,,,,,False,False,False,20260921T154333Z,
GBR_E09_strict,GBR,ESA_EXP,E09,1,Capital transfers payable,1998,1998,CY,6789.0,GBP,1002804.0,ONS_GDP,0.677002,353573.0,ONS_GG_RECEIPTS,1.920113,strict,anchor_actual,ONS_GG_RECEIPTS,1998.0,6789.0,,,,,,,,A,,ONS_GG_RECEIPTS,2026-06-18,2026-08-31,current,,,,,,,False,False,False,20260921T154333Z,
GBR_E09_strict,GBR,ESA_EXP,E09,1,Capital transfers payable,1999,1999,CY,7356.0,GBP,1046727.0,ONS_GDP,0.702762,364712.0,ONS_GG_RECEIPTS,2.016934,strict,anchor_actual,ONS_GG_RECEIPTS,1999.0,7356.0,,,,,,,,A,,ONS_GG_RECEIPTS,2026-06-18,2026-08-31,current,,,,,,,False,False,False,20260921T154333Z,
GBR_E09_strict,GBR,ESA_EXP,E09,1,Capital transfers payable,2000,2000,CY,7312.0,GBP,1104759.0,ONS_GDP,0.661864,386659.0,ONS_GG_RECEIPTS,1.891072,strict,anchor_actual,ONS_GG_RECEIPTS,2000.0,7312.0,,,,,,,,A,,ONS_GG_RECEIPTS,2026-06-18,2026-08-31,current,,,,,,,False,False,False,20260921T154333Z,
GBR_E09_strict,GBR,ESA_EXP,E09,1,Capital transfers payable,2001,2001,CY,9361.0,GBP,1150542.0,ONS_GDP,0.813617,414039.0,ONS_GG_RECEIPTS,2.260898,strict,anchor_actual,ONS_GG_RECEIPTS,2001.0,9361.0,,,,,,,,A,,ONS_GG_RECEIPTS,2026-06-18,2026-08-31,current,,,,,,,False,False,False,20260921T154333Z,
GBR_E09_strict,GBR,ESA_EXP,E09,1,Capital transfers payable,2002,2002,CY,9880.0,GBP,1194646.0,ONS_GDP,0.827023,447236.0,ONS_GG_RECEIPTS,2.209124,strict,anchor_actual,ONS_GG_RECEIPTS,2002.0,9880.0,,,,,,,,A,,ONS_GG_RECEIPTS,2026-06-18,2026-08-31,current,,,,,,,False,False,False,20260921T154333Z,
GBR_E09_strict,GBR,ESA_EXP,E09,1,Capital transfers payable,2003,2003,CY,12774.0,GBP,1262502.0,ONS_GDP,1.0118,488220.0,ONS_GG_RECEIPTS,2.616443,strict,anchor_actual,ONS_GG_RECEIPTS,2003.0,12774.0,,,,,,,,A,,ONS_GG_RECEIPTS,2026-06-18,2026-08-31,current,,,,,,,False,False,False,20260921T154333Z,
GBR_E09_strict,GBR,ESA_EXP,E09,1,Capital transfers payable,2004,2004,CY,10036.0,GBP,1327143.0,ONS_GDP,0.756211,529773.0,ONS_GG_RECEIPTS,1.894396,strict,anchor_actual,ONS_GG_RECEIPTS,2004.0,10036.0,,,,,,,,A,,ONS_GG_RECEIPTS,2026-06-18,2026-08-31,current,,,,,,,False,False,False,20260921T154333Z,
GBR_E09_strict,GBR,ESA_EXP,E09,1,Capital transfers payable,2005,2005,CY,12946.0,GBP,1403249.0,ONS_GDP,0.922573,576622.0,ONS_GG_RECEIPTS,2.245145,strict,anchor_actual,ONS_GG_RECEIPTS,2005.0,12946.0,,,,,,,,A,,ONS_GG_RECEIPTS,2026-06-18,2026-08-31,current,,,,,,,False,False,False,20260921T154333Z,
GBR_E09_strict,GBR,ESA_EXP,E09,1,Capital transfers payable,2006,2006,CY,13002.0,GBP,1478080.0,ONS_GDP,0.879655,601477.0,ONS_GG_RECEIPTS,2.161679,strict,anchor_actual,ONS_GG_RECEIPTS,2006.0,13002.0,,,,,,,,A,,ONS_GG_RECEIPTS,2026-06-18,2026-08-31,current,,,,,,,False,False,False,20260921T154333Z,
GBR_E09_strict,GBR,ESA_EXP,E09,1,Capital transfers payable,2007,2007,CY,15410.0,GBP,1551729.0,ONS_GDP,0.993086,634877.0,ONS_GG_RECEIPTS,2.427242,strict,anchor_actual,ONS_GG_RECEIPTS,2007.0,15410.0,,,,,,,,A,,ONS_GG_RECEIPTS,2026-06-18,2026-08-31,current,,,,,,,False,False,False,20260921T154333Z,
GBR_E09_strict,GBR,ESA_EXP,E09,1,Capital transfers payable,2008,2008,CY,43107.0,GBP,1602217.0,ONS_GDP,2.69046,706148.0,ONS_GG_RECEIPTS,6.104528,strict,anchor_actual,ONS_GG_RECEIPTS,2008.0,43107.0,,,,,,,,A,,ONS_GG_RECEIPTS,2026-06-18,2026-08-31,current,,,,,,,False,False,False,20260921T154333Z,
GBR_E09_strict,GBR,ESA_EXP,E09,1,Capital transfers payable,2009,2009,CY,29063.0,GBP,1559405.0,ONS_GDP,1.863724,732024.0,ONS_GG_RECEIPTS,3.970225,strict,anchor_actual,ONS_GG_RECEIPTS,2009.0,29063.0,,,,,,,,A,,ONS_GG_RECEIPTS,2026-06-18,2026-08-31,current,,,,,,,False,False,False,20260921T154333Z,
GBR_E09_strict,GBR,ESA_EXP,E09,1,Capital transfers payable,2010,2010,CY,20437.0,GBP,1615839.0,ONS_GDP,1.264792,761564.0,ONS_GG_RECEIPTS,2.683556,strict,anchor_actual,ONS_GG_RECEIPTS,2010.0,20437.0,,,,,,,,A,,ONS_GG_RECEIPTS,2026-06-18,2026-08-31,current,,,,,,,False,False,False,20260921T154333Z,
GBR_E09_strict,GBR,ESA_EXP,E09,1,Capital transfers payable,2011,2011,CY,16244.0,GBP,1669945.0,ONS_GDP,0.972727,761359.0,ONS_GG_RECEIPTS,2.133553,strict,anchor_actual,ONS_GG_RECEIPTS,2011.0,16244.0,,,,,,,,A,,ONS_GG_RECEIPTS,2026-06-18,2026-08-31,current,,,,,,,False,False,False,20260921T154333Z,
GBR_E09_strict,GBR,ESA_EXP,E09,1,Capital transfers payable,2012,2012,CY,26352.0,GBP,1721708.0,ONS_GDP,1.530573,780852.0,ONS_GG_RECEIPTS,3.374775,strict,anchor_actual,ONS_GG_RECEIPTS,2012.0,26352.0,,,,,,,,A,,ONS_GG_RECEIPTS,2026-06-18,2026-08-31,current,,,,,,,False,False,False,20260921T154333Z,
GBR_E09_strict,GBR,ESA_EXP,E09,1,Capital transfers payable,2013,2013,CY,17185.0,GBP,1789072.0,ONS_GDP,0.960554,780359.0,ONS_GG_RECEIPTS,2.202192,strict,anchor_actual,ONS_GG_RECEIPTS,2013.0,17185.0,,,,,,,,A,,ONS_GG_RECEIPTS,2026-06-18,2026-08-31,current,,,,,,,False,False,False,20260921T154333Z,
GBR_E09_strict,GBR,ESA_EXP,E09,1,Capital transfers payable,2014,2014,CY,20057.0,GBP,1875066.0,ONS_GDP,1.069669,803006.0,ONS_GG_RECEIPTS,2.49774,strict,anchor_actual,ONS_GG_RECEIPTS,2014.0,20057.0,,,,,,,,A,,ONS_GG_RECEIPTS,2026-06-18,2026-08-31,current,,,,,,,False,False,False,20260921T154333Z,
GBR_E09_strict,GBR,ESA_EXP,E09,1,Capital transfers payable,2015,2015,CY,23157.0,GBP,1928016.0,ONS_GDP,1.201079,812579.0,ONS_GG_RECEIPTS,2.849815,strict,anchor_actual,ONS_GG_RECEIPTS,2015.0,23157.0,,,,,,,,A,,ONS_GG_RECEIPTS,2026-06-18,2026-08-31,current,,,,,,,False,False,False,20260921T154333Z,
GBR_E09_strict,GBR,ESA_EXP,E09,1,Capital transfers payable,2016,2016,CY,22491.0,GBP,2004755.0,ONS_GDP,1.121883,828878.0,ONS_GG_RECEIPTS,2.713427,strict,anchor_actual,ONS_GG_RECEIPTS,2016.0,22491.0,,,,,,,,A,,ONS_GG_RECEIPTS,2026-06-18,2026-08-31,current,,,,,,,False,False,False,20260921T154333Z,
GBR_E09_strict,GBR,ESA_EXP,E09,1,Capital transfers payable,2017,2017,CY,26974.0,GBP,2097222.0,ONS_GDP,1.286178,857578.0,ONS_GG_RECEIPTS,3.14537,strict,anchor_actual,ONS_GG_RECEIPTS,2017.0,26974.0,,,,,,,,A,,ONS_GG_RECEIPTS,2026-06-18,2026-08-31,current,,,,,,,False,False,False,20260921T154333Z,
GBR_E09_strict,GBR,ESA_EXP,E09,1,Capital transfers payable,2018,2018,CY,28848.0,GBP,2171559.0,ONS_GDP,1.328447,880582.0,ONS_GG_RECEIPTS,3.276015,strict,anchor_actual,ONS_GG_RECEIPTS,2018.0,28848.0,,,,,,,,A,,ONS_GG_RECEIPTS,2026-06-18,2026-08-31,current,,,,,,,False,False,False,20260921T154333Z,
GBR_E09_strict,GBR,ESA_EXP,E09,1,Capital transfers payable,2019,2019,CY,28282.0,GBP,2252961.0,ONS_GDP,1.255326,912674.0,ONS_GG_RECEIPTS,3.098806,strict,anchor_actual,ONS_GG_RECEIPTS,2019.0,28282.0,,,,,,,,A,,ONS_GG_RECEIPTS,2026-06-18,2026-08-31,current,,,,,,,False,False,False,20260921T154333Z,
GBR_E09_strict,GBR,ESA_EXP,E09,1,Capital transfers payable,2020,2020,CY,49145.0,GBP,2124720.0,ONS_GDP,2.313011,1099852.0,ONS_GG_RECEIPTS,4.468328,strict,anchor_actual,ONS_GG_RECEIPTS,2020.0,49145.0,,,,,,,,A,,ONS_GG_RECEIPTS,2026-06-18,2026-08-31,current,,,,,,,False,False,False,20260921T154333Z,
GBR_E09_strict,GBR,ESA_EXP,E09,1,Capital transfers payable,2021,2021,CY,34882.0,GBP,2322652.0,ONS_GDP,1.501818,1101087.0,ONS_GG_RECEIPTS,3.16796,strict,anchor_actual,ONS_GG_RECEIPTS,2021.0,34882.0,,,,,,,,A,,ONS_GG_RECEIPTS,2026-06-18,2026-08-31,current,,,,,,,False,False,False,20260921T154333Z,
GBR_E09_strict,GBR,ESA_EXP,E09,1,Capital transfers payable,2022,2022,CY,36894.0,GBP,2580949.0,ONS_GDP,1.429474,1175592.0,ONS_GG_RECEIPTS,3.138334,strict,anchor_actual,ONS_GG_RECEIPTS,2022.0,36894.0,,,,,,,,A,,ONS_GG_RECEIPTS,2026-06-18,2026-08-31,current,,,,,,,False,False,False,20260921T154333Z,
GBR_E09_strict,GBR,ESA_EXP,E09,1,Capital transfers payable,2023,2023,CY,74936.0,GBP,2752164.0,ONS_GDP,2.722803,1280766.0,ONS_GG_RECEIPTS,5.850874,strict,anchor_actual,ONS_GG_RECEIPTS,2023.0,74936.0,,,,,,,,A,,ONS_GG_RECEIPTS,2026-06-18,2026-08-31,current,,,,,,,False,False,False,20260921T154333Z,
GBR_E09_strict,GBR,ESA_EXP,E09,1,Capital transfers payable,2024,2024,CY,85718.0,GBP,2890254.0,ONS_GDP,2.96576,1337389.0,ONS_GG_RECEIPTS,6.409354,strict,anchor_actual,ONS_GG_RECEIPTS,2024.0,85718.0,,,,,,,,A,,ONS_GG_RECEIPTS,2026-06-18,2026-08-31,current,,,,,,,False,False,False,20260921T154333Z,
GBR_E09_strict,GBR,ESA_EXP,E09,1,Capital transfers payable,2025,2025,CY,60679.0,GBP,3033866.0,ONS_GDP,2.000055,1403741.0,ONS_GG_RECEIPTS,4.322664,strict,anchor_actual,ONS_GG_RECEIPTS,2025.0,60679.0,,,,,,,,A,,ONS_GG_RECEIPTS,2026-06-18,2026-08-31,current,,,,,,,False,False,False,20260921T154333Z,
GBR_TE_ESA_strict,GBR,ESA_EXP,TE_ESA,total,Total expenditure (ESA main aggregates),1990,1990,CY,237527.0,GBP,672977.0,ONS_GDP,35.294966,,ONS_GG_RECEIPTS,,strict,anchor_actual,ONS_GG_RECEIPTS,1990.0,237527.0,,,,,,,,A,,ONS_GG_RECEIPTS,2026-06-18,2026-08-31,current,,,,,,,False,False,False,20260921T154333Z,
GBR_TE_ESA_strict,GBR,ESA_EXP,TE_ESA,total,Total expenditure (ESA main aggregates),1991,1991,CY,257370.0,GBP,708072.0,ONS_GDP,36.347999,,ONS_GG_RECEIPTS,,strict,anchor_actual,ONS_GG_RECEIPTS,1991.0,257370.0,,,,,,,,A,,ONS_GG_RECEIPTS,2026-06-18,2026-08-31,current,,,,,,,False,False,False,20260921T154333Z,
GBR_TE_ESA_strict,GBR,ESA_EXP,TE_ESA,total,Total expenditure (ESA main aggregates),1992,1992,CY,281615.0,GBP,733221.0,ONS_GDP,38.407929,,ONS_GG_RECEIPTS,,strict,anchor_actual,ONS_GG_RECEIPTS,1992.0,281615.0,,,,,,,,A,,ONS_GG_RECEIPTS,2026-06-18,2026-08-31,current,,,,,,,False,False,False,20260921T154333Z,
GBR_TE_ESA_strict,GBR,ESA_EXP,TE_ESA,total,Total expenditure (ESA main aggregates),1993,1993,CY,298094.0,GBP,772390.0,ONS_GDP,38.593716,,ONS_GG_RECEIPTS,,strict,anchor_actual,ONS_GG_RECEIPTS,1993.0,298094.0,,,,,,,,A,,ONS_GG_RECEIPTS,2026-06-18,2026-08-31,current,,,,,,,False,False,False,20260921T154333Z,
GBR_TE_ESA_strict,GBR,ESA_EXP,TE_ESA,total,Total expenditure (ESA main aggregates),1994,1994,CY,311997.0,GBP,813527.0,ONS_GDP,38.351155,,ONS_GG_RECEIPTS,,strict,anchor_actual,ONS_GG_RECEIPTS,1994.0,311997.0,,,,,,,,A,,ONS_GG_RECEIPTS,2026-06-18,2026-08-31,current,,,,,,,False,False,False,20260921T154333Z,
GBR_TE_ESA_strict,GBR,ESA_EXP,TE_ESA,total,Total expenditure (ESA main aggregates),1995,1995,CY,328874.0,GBP,854921.0,ONS_GDP,38.46835,,ONS_GG_RECEIPTS,,strict,anchor_actual,ONS_GG_RECEIPTS,1995.0,328874.0,,,,,,,,A,,ONS_GG_RECEIPTS,2026-06-18,2026-08-31,current,,,,,,,False,False,False,20260921T154333Z,
GBR_TE_ESA_strict,GBR,ESA_EXP,TE_ESA,total,Total expenditure (ESA main aggregates),1996,1996,CY,337467.0,GBP,913609.0,ONS_GDP,36.937793,,ONS_GG_RECEIPTS,,strict,anchor_actual,ONS_GG_RECEIPTS,1996.0,337467.0,,,,,,,,A,,ONS_GG_RECEIPTS,2026-06-18,2026-08-31,current,,,,,,,False,False,False,20260921T154333Z,
GBR_TE_ESA_strict,GBR,ESA_EXP,TE_ESA,total,Total expenditure (ESA main aggregates),1997,1997,CY,341776.0,GBP,958539.0,ONS_GDP,35.655931,,ONS_GG_RECEIPTS,,strict,anchor_actual,ONS_GG_RECEIPTS,1997.0,341776.0,,,,,,,,A,,ONS_GG_RECEIPTS,2026-06-18,2026-08-31,current,,,,,,,False,False,False,20260921T154333Z,
GBR_TE_ESA_strict,GBR,ESA_EXP,TE_ESA,total,Total expenditure (ESA main aggregates),1998,1998,CY,353573.0,GBP,1002804.0,ONS_GDP,35.258435,,ONS_GG_RECEIPTS,,strict,anchor_actual,ONS_GG_RECEIPTS,1998.0,353573.0,,,,,,,,A,,ONS_GG_RECEIPTS,2026-06-18,2026-08-31,current,,,,,,,False,False,False,20260921T154333Z,
GBR_TE_ESA_strict,GBR,ESA_EXP,TE_ESA,total,Total expenditure (ESA main aggregates),1999,1999,CY,364712.0,GBP,1046727.0,ONS_GDP,34.843087,,ONS_GG_RECEIPTS,,strict,anchor_actual,ONS_GG_RECEIPTS,1999.0,364712.0,,,,,,,,A,,ONS_GG_RECEIPTS,2026-06-18,2026-08-31,current,,,,,,,False,False,False,20260921T154333Z,
GBR_TE_ESA_strict,GBR,ESA_EXP,TE_ESA,total,Total expenditure (ESA main aggregates),2000,2000,CY,386659.0,GBP,1104759.0,ONS_GDP,34.999398,,ONS_GG_RECEIPTS,,strict,anchor_actual,ONS_GG_RECEIPTS,2000.0,386659.0,,,,,,,,A,,ONS_GG_RECEIPTS,2026-06-18,2026-08-31,current,,,,,,,False,False,False,20260921T154333Z,
GBR_TE_ESA_strict,GBR,ESA_EXP,TE_ESA,total,Total expenditure (ESA main aggregates),2001,2001,CY,414039.0,GBP,1150542.0,ONS_GDP,35.986431,,ONS_GG_RECEIPTS,,strict,anchor_actual,ONS_GG_RECEIPTS,2001.0,414039.0,,,,,,,,A,,ONS_GG_RECEIPTS,2026-06-18,2026-08-31,current,,,,,,,False,False,False,20260921T154333Z,
GBR_TE_ESA_strict,GBR,ESA_EXP,TE_ESA,total,Total expenditure (ESA main aggregates),2002,2002,CY,447236.0,GBP,1194646.0,ONS_GDP,37.436697,,ONS_GG_RECEIPTS,,strict,anchor_actual,ONS_GG_RECEIPTS,2002.0,447236.0,,,,,,,,A,,ONS_GG_RECEIPTS,2026-06-18,2026-08-31,current,,,,,,,False,False,False,20260921T154333Z,
GBR_TE_ESA_strict,GBR,ESA_EXP,TE_ESA,total,Total expenditure (ESA main aggregates),2003,2003,CY,488220.0,GBP,1262502.0,ONS_GDP,38.67083,,ONS_GG_RECEIPTS,,strict,anchor_actual,ONS_GG_RECEIPTS,2003.0,488220.0,,,,,,,,A,,ONS_GG_RECEIPTS,2026-06-18,2026-08-31,current,,,,,,,False,False,False,20260921T154333Z,
GBR_TE_ESA_strict,GBR,ESA_EXP,TE_ESA,total,Total expenditure (ESA main aggregates),2004,2004,CY,529773.0,GBP,1327143.0,ONS_GDP,39.918306,,ONS_GG_RECEIPTS,,strict,anchor_actual,ONS_GG_RECEIPTS,2004.0,529773.0,,,,,,,,A,,ONS_GG_RECEIPTS,2026-06-18,2026-08-31,current,,,,,,,False,False,False,20260921T154333Z,
GBR_TE_ESA_strict,GBR,ESA_EXP,TE_ESA,total,Total expenditure (ESA main aggregates),2005,2005,CY,576622.0,GBP,1403249.0,ONS_GDP,41.091923,,ONS_GG_RECEIPTS,,strict,anchor_actual,ONS_GG_RECEIPTS,2005.0,576622.0,,,,,,,,A,,ONS_GG_RECEIPTS,2026-06-18,2026-08-31,current,,,,,,,False,False,False,20260921T154333Z,
GBR_TE_ESA_strict,GBR,ESA_EXP,TE_ESA,total,Total expenditure (ESA main aggregates),2006,2006,CY,601477.0,GBP,1478080.0,ONS_GDP,40.693129,,ONS_GG_RECEIPTS,,strict,anchor_actual,ONS_GG_RECEIPTS,2006.0,601477.0,,,,,,,,A,,ONS_GG_RECEIPTS,2026-06-18,2026-08-31,current,,,,,,,False,False,False,20260921T154333Z,
GBR_TE_ESA_strict,GBR,ESA_EXP,TE_ESA,total,Total expenditure (ESA main aggregates),2007,2007,CY,634877.0,GBP,1551729.0,ONS_GDP,40.914167,,ONS_GG_RECEIPTS,,strict,anchor_actual,ONS_GG_RECEIPTS,2007.0,634877.0,,,,,,,,A,,ONS_GG_RECEIPTS,2026-06-18,2026-08-31,current,,,,,,,False,False,False,20260921T154333Z,
GBR_TE_ESA_strict,GBR,ESA_EXP,TE_ESA,total,Total expenditure (ESA main aggregates),2008,2008,CY,706148.0,GBP,1602217.0,ONS_GDP,44.073181,,ONS_GG_RECEIPTS,,strict,anchor_actual,ONS_GG_RECEIPTS,2008.0,706148.0,,,,,,,,A,,ONS_GG_RECEIPTS,2026-06-18,2026-08-31,current,,,,,,,False,False,False,20260921T154333Z,
GBR_TE_ESA_strict,GBR,ESA_EXP,TE_ESA,total,Total expenditure (ESA main aggregates),2009,2009,CY,732024.0,GBP,1559405.0,ONS_GDP,46.94252,,ONS_GG_RECEIPTS,,strict,anchor_actual,ONS_GG_RECEIPTS,2009.0,732024.0,,,,,,,,A,,ONS_GG_RECEIPTS,2026-06-18,2026-08-31,current,,,,,,,False,False,False,20260921T154333Z,
GBR_TE_ESA_strict,GBR,ESA_EXP,TE_ESA,total,Total expenditure (ESA main aggregates),2010,2010,CY,761564.0,GBP,1615839.0,ONS_GDP,47.131181,,ONS_GG_RECEIPTS,,strict,anchor_actual,ONS_GG_RECEIPTS,2010.0,761564.0,,,,,,,,A,,ONS_GG_RECEIPTS,2026-06-18,2026-08-31,current,,,,,,,False,False,False,20260921T154333Z,
GBR_TE_ESA_strict,GBR,ESA_EXP,TE_ESA,total,Total expenditure (ESA main aggregates),2011,2011,CY,761359.0,GBP,1669945.0,ONS_GDP,45.591861,,ONS_GG_RECEIPTS,,strict,anchor_actual,ONS_GG_RECEIPTS,2011.0,761359.0,,,,,,,,A,,ONS_GG_RECEIPTS,2026-06-18,2026-08-31,current,,,,,,,False,False,False,20260921T154333Z,
GBR_TE_ESA_strict,GBR,ESA_EXP,TE_ESA,total,Total expenditure (ESA main aggregates),2012,2012,CY,780852.0,GBP,1721708.0,ONS_GDP,45.353335,,ONS_GG_RECEIPTS,,strict,anchor_actual,ONS_GG_RECEIPTS,2012.0,780852.0,,,,,,,,A,,ONS_GG_RECEIPTS,2026-06-18,2026-08-31,current,,,,,,,False,False,False,20260921T154333Z,
GBR_TE_ESA_strict,GBR,ESA_EXP,TE_ESA,total,Total expenditure (ESA main aggregates),2013,2013,CY,780359.0,GBP,1789072.0,ONS_GDP,43.618088,,ONS_GG_RECEIPTS,,strict,anchor_actual,ONS_GG_RECEIPTS,2013.0,780359.0,,,,,,,,A,,ONS_GG_RECEIPTS,2026-06-18,2026-08-31,current,,,,,,,False,False,False,20260921T154333Z,
GBR_TE_ESA_strict,GBR,ESA_EXP,TE_ESA,total,Total expenditure (ESA main aggregates),2014,2014,CY,803006.0,GBP,1875066.0,ONS_GDP,42.825479,,ONS_GG_RECEIPTS,,strict,anchor_actual,ONS_GG_RECEIPTS,2014.0,803006.0,,,,,,,,A,,ONS_GG_RECEIPTS,2026-06-18,2026-08-31,current,,,,,,,False,False,False,20260921T154333Z,
GBR_TE_ESA_strict,GBR,ESA_EXP,TE_ESA,total,Total expenditure (ESA main aggregates),2015,2015,CY,812579.0,GBP,1928016.0,ONS_GDP,42.145864,,ONS_GG_RECEIPTS,,strict,anchor_actual,ONS_GG_RECEIPTS,2015.0,812579.0,,,,,,,,A,,ONS_GG_RECEIPTS,2026-06-18,2026-08-31,current,,,,,,,False,False,False,20260921T154333Z,
GBR_TE_ESA_strict,GBR,ESA_EXP,TE_ESA,total,Total expenditure (ESA main aggregates),2016,2016,CY,828878.0,GBP,2004755.0,ONS_GDP,41.345601,,ONS_GG_RECEIPTS,,strict,anchor_actual,ONS_GG_RECEIPTS,2016.0,828878.0,,,,,,,,A,,ONS_GG_RECEIPTS,2026-06-18,2026-08-31,current,,,,,,,False,False,False,20260921T154333Z,
GBR_TE_ESA_strict,GBR,ESA_EXP,TE_ESA,total,Total expenditure (ESA main aggregates),2017,2017,CY,857578.0,GBP,2097222.0,ONS_GDP,40.891141,,ONS_GG_RECEIPTS,,strict,anchor_actual,ONS_GG_RECEIPTS,2017.0,857578.0,,,,,,,,A,,ONS_GG_RECEIPTS,2026-06-18,2026-08-31,current,,,,,,,False,False,False,20260921T154333Z,
GBR_TE_ESA_strict,GBR,ESA_EXP,TE_ESA,total,Total expenditure (ESA main aggregates),2018,2018,CY,880582.0,GBP,2171559.0,ONS_GDP,40.550683,,ONS_GG_RECEIPTS,,strict,anchor_actual,ONS_GG_RECEIPTS,2018.0,880582.0,,,,,,,,A,,ONS_GG_RECEIPTS,2026-06-18,2026-08-31,current,,,,,,,False,False,False,20260921T154333Z,
GBR_TE_ESA_strict,GBR,ESA_EXP,TE_ESA,total,Total expenditure (ESA main aggregates),2019,2019,CY,912674.0,GBP,2252961.0,ONS_GDP,40.509978,,ONS_GG_RECEIPTS,,strict,anchor_actual,ONS_GG_RECEIPTS,2019.0,912674.0,,,,,,,,A,,ONS_GG_RECEIPTS,2026-06-18,2026-08-31,current,,,,,,,False,False,False,20260921T154333Z,
GBR_TE_ESA_strict,GBR,ESA_EXP,TE_ESA,total,Total expenditure (ESA main aggregates),2020,2020,CY,1099852.0,GBP,2124720.0,ONS_GDP,51.764562,,ONS_GG_RECEIPTS,,strict,anchor_actual,ONS_GG_RECEIPTS,2020.0,1099852.0,,,,,,,,A,,ONS_GG_RECEIPTS,2026-06-18,2026-08-31,current,,,,,,,False,False,False,20260921T154333Z,
GBR_TE_ESA_strict,GBR,ESA_EXP,TE_ESA,total,Total expenditure (ESA main aggregates),2021,2021,CY,1101087.0,GBP,2322652.0,ONS_GDP,47.406456,,ONS_GG_RECEIPTS,,strict,anchor_actual,ONS_GG_RECEIPTS,2021.0,1101087.0,,,,,,,,A,,ONS_GG_RECEIPTS,2026-06-18,2026-08-31,current,,,,,,,False,False,False,20260921T154333Z,
GBR_TE_ESA_strict,GBR,ESA_EXP,TE_ESA,total,Total expenditure (ESA main aggregates),2022,2022,CY,1175592.0,GBP,2580949.0,ONS_GDP,45.548827,,ONS_GG_RECEIPTS,,strict,anchor_actual,ONS_GG_RECEIPTS,2022.0,1175592.0,,,,,,,,A,,ONS_GG_RECEIPTS,2026-06-18,2026-08-31,current,,,,,,,False,False,False,20260921T154333Z,
GBR_TE_ESA_strict,GBR,ESA_EXP,TE_ESA,total,Total expenditure (ESA main aggregates),2023,2023,CY,1280766.0,GBP,2752164.0,ONS_GDP,46.536689,,ONS_GG_RECEIPTS,,strict,anchor_actual,ONS_GG_RECEIPTS,2023.0,1280766.0,,,,,,,,A,,ONS_GG_RECEIPTS,2026-06-18,2026-08-31,current,,,,,,,False,False,False,20260921T154333Z,
GBR_TE_ESA_strict,GBR,ESA_EXP,TE_ESA,total,Total expenditure (ESA main aggregates),2024,2024,CY,1337389.0,GBP,2890254.0,ONS_GDP,46.272369,,ONS_GG_RECEIPTS,,strict,anchor_actual,ONS_GG_RECEIPTS,2024.0,1337389.0,,,,,,,,A,,ONS_GG_RECEIPTS,2026-06-18,2026-08-31,current,,,,,,,False,False,False,20260921T154333Z,
GBR_TE_ESA_strict,GBR,ESA_EXP,TE_ESA,total,Total expenditure (ESA main aggregates),2025,2025,CY,1403741.0,GBP,3033866.0,ONS_GDP,46.269051,,ONS_GG_RECEIPTS,,strict,anchor_actual,ONS_GG_RECEIPTS,2025.0,1403741.0,,,,,,,,A,,ONS_GG_RECEIPTS,2026-06-18,2026-08-31,current,,,,,,,False,False,False,20260921T154333Z,
GBR_E03_strict,GBR,ESA_EXP,E03,1,Social benefits other than social transfers in kind,1989,1989,CY,61018.02202741189,GBP,616595.0,ONS_GDP,9.895964,,,,strict,stitched_actual,ONS_GG_RECEIPTS,1990.0,66867.0,EC_AMECO,0.9125281832206005,,,,1.0013,2025.0,B,EC_AMECO_to_ESA_EXP:1.0,EC_AMECO,2026-06-03,2026-08-31,current,,,,,,,False,False,False,20260921T154333Z,"AMECO UYTGH: Social benefits other than social transfers in kind (D.62), general government, ESA 2010, Commission redistribution of national accounts; same concept as the anchor's main-aggregates item"
GBR_E03_strict,GBR,ESA_EXP,E03,1,Social benefits other than social transfers in kind,1988,1988,CY,58429.276477394094,GBP,557277.0,ONS_GDP,10.484782,,,,strict,stitched_actual,ONS_GG_RECEIPTS,1990.0,66867.0,EC_AMECO,0.9575740828036867,,,,1.0013,2025.0,B,EC_AMECO_to_ESA_EXP:1.0,EC_AMECO,2026-06-03,2026-08-31,current,,,,,,,False,False,False,20260921T154333Z,"AMECO UYTGH: Social benefits other than social transfers in kind (D.62), general government, ESA 2010, Commission redistribution of national accounts; same concept as the anchor's main-aggregates item"
GBR_E03_strict,GBR,ESA_EXP,E03,1,Social benefits other than social transfers in kind,1987,1987,CY,56654.84514061944,GBP,498040.0,ONS_GDP,11.375561,,,,strict,stitched_actual,ONS_GG_RECEIPTS,1990.0,66867.0,EC_AMECO,0.9696311259739598,,,,1.0013,2025.0,B,EC_AMECO_to_ESA_EXP:1.0,EC_AMECO,2026-06-03,2026-08-31,current,,,,,,,False,False,False,20260921T154333Z,"AMECO UYTGH: Social benefits other than social transfers in kind (D.62), general government, ESA 2010, Commission redistribution of national accounts; same concept as the anchor's main-aggregates item"
GBR_E04_strict,GBR,ESA_EXP,E04,1,Social transfers in kind (purchased market production),1989,1989,CY,6676.0,GBP,616595.0,ONS_GDP,1.08272,,,,strict,stitched_actual,ONS_GG_RECEIPTS,1990.0,7554.0,EC_AMECO,0.8837701879798782,,,,1.0,2025.0,B,EC_AMECO_to_ESA_EXP:1.0,EC_AMECO,2026-06-03,2026-08-31,current,,,,,,,False,False,False,20260921T154333Z,"AMECO UYTGM: Social transfers in kind (purchased market production) (D.632), general government, ESA 2010, Commission redistribution of national accounts; same concept as the anchor's main-aggregates item"
GBR_E04_strict,GBR,ESA_EXP,E04,1,Social transfers in kind (purchased market production),1988,1988,CY,5943.0,GBP,557277.0,ONS_GDP,1.066436,,,,strict,stitched_actual,ONS_GG_RECEIPTS,1990.0,7554.0,EC_AMECO,0.890203714799281,,,,1.0,2025.0,B,EC_AMECO_to_ESA_EXP:1.0,EC_AMECO,2026-06-03,2026-08-31,current,,,,,,,False,False,False,20260921T154333Z,"AMECO UYTGM: Social transfers in kind (purchased market production) (D.632), general government, ESA 2010, Commission redistribution of national accounts; same concept as the anchor's main-aggregates item"
GBR_E04_strict,GBR,ESA_EXP,E04,1,Social transfers in kind (purchased market production),1987,1987,CY,5517.000000000001,GBP,498040.0,ONS_GDP,1.107742,,,,strict,stitched_actual,ONS_GG_RECEIPTS,1990.0,7554.0,EC_AMECO,0.9283190307925292,,,,1.0,2025.0,B,EC_AMECO_to_ESA_EXP:1.0,EC_AMECO,2026-06-03,2026-08-31,current,,,,,,,False,False,False,20260921T154333Z,"AMECO UYTGM: Social transfers in kind (purchased market production) (D.632), general government, ESA 2010, Commission redistribution of national accounts; same concept as the anchor's main-aggregates item"
GBR_E05_strict,GBR,ESA_EXP,E05,1,Interest payable,1989,1989,CY,20956.71938618137,GBP,616595.0,ONS_GDP,3.398782,,,,strict,stitched_actual,ONS_GG_RECEIPTS,1990.0,21197.0,EC_AMECO,0.9886644046884638,,,,1.0432,2025.0,B,EC_AMECO_to_ESA_EXP:1.0,EC_AMECO,2026-06-03,2026-08-31,current,,d41_gross_accrued,,,,,False,False,False,20260921T154333Z,"AMECO UYIG: Interest payable (D.41 (uses)), general government, ESA 2010, Commission redistribution of national accounts; same concept as the anchor's main-aggregates item"
GBR_E05_strict,GBR,ESA_EXP,E05,1,Interest payable,1988,1988,CY,19501.959207279455,GBP,557277.0,ONS_GDP,3.499509,,,,strict,stitched_actual,ONS_GG_RECEIPTS,1990.0,21197.0,EC_AMECO,0.9305826378597613,,,,1.0432,2025.0,B,EC_AMECO_to_ESA_EXP:1.0,EC_AMECO,2026-06-03,2026-08-31,current,,d41_gross_accrued,,,,,False,False,False,20260921T154333Z,"AMECO UYIG: Interest payable (D.41 (uses)), general government, ESA 2010, Commission redistribution of national accounts; same concept as the anchor's main-aggregates item"
GBR_E05_strict,GBR,ESA_EXP,E05,1,Interest payable,1987,1987,CY,18937.218036705737,GBP,498040.0,ONS_GDP,3.802349,,,,strict,stitched_actual,ONS_GG_RECEIPTS,1990.0,21197.0,EC_AMECO,0.9710418238203001,,,,1.0432,2025.0,B,EC_AMECO_to_ESA_EXP:1.0,EC_AMECO,2026-06-03,2026-08-31,current,,d41_gross_accrued,,,,,False,False,False,20260921T154333Z,"AMECO UYIG: Interest payable (D.41 (uses)), general government, ESA 2010, Commission redistribution of national accounts; same concept as the anchor's main-aggregates item"
GBR_E06_strict,GBR,ESA_EXP,E06,1,Subsidies,1989,1989,CY,3533.561779242175,GBP,616595.0,ONS_GDP,0.573077,,,,strict,stitched_actual,ONS_GG_RECEIPTS,1990.0,3914.0,EC_AMECO,0.9028006589785833,,,,1.0276,2025.0,B,EC_AMECO_to_ESA_EXP:1.0,EC_AMECO,2026-06-03,2026-08-31,current,,,,,,,False,False,False,20260921T154333Z,"AMECO UYVG: Subsidies (D.3), general government, ESA 2010, Commission redistribution of national accounts; same concept as the anchor's main-aggregates item"
GBR_E06_strict,GBR,ESA_EXP,E06,1,Subsidies,1988,1988,CY,3809.218286655683,GBP,557277.0,ONS_GDP,0.683541,,,,strict,stitched_actual,ONS_GG_RECEIPTS,1990.0,3914.0,EC_AMECO,1.0780109489051093,,,,1.0276,2025.0,B,EC_AMECO_to_ESA_EXP:1.0,EC_AMECO,2026-06-03,2026-08-31,current,,,,,,,False,False,False,20260921T154333Z,"AMECO UYVG: Subsidies (D.3), general government, ESA 2010, Commission redistribution of national accounts; same concept as the anchor's main-aggregates item"
GBR_E06_strict,GBR,ESA_EXP,E06,1,Subsidies,1987,1987,CY,3964.7788303130137,GBP,498040.0,ONS_GDP,0.796076,,,,strict,stitched_actual,ONS_GG_RECEIPTS,1990.0,3914.0,EC_AMECO,1.0408379179009732,,,,1.0276,2025.0,B,EC_AMECO_to_ESA_EXP:1.0,EC_AMECO,2026-06-03,2026-08-31,current,,,,,,,False,False,False,20260921T154333Z,"AMECO UYVG: Subsidies (D.3), general government, ESA 2010, Commission redistribution of national accounts; same concept as the anchor's main-aggregates item"
GBR_E08_strict,GBR,ESA_EXP,E08,1,Gross capital formation and net acquisition of non-produced assets,1989,1989,CY,14874.42610174295,GBP,616595.0,ONS_GDP,2.412349,,,,strict,stitched_actual,ONS_GG_RECEIPTS,1990.0,18145.0,EC_AMECO,0.8197534363043787,,,,1.0302,2025.0,B,EC_AMECO_to_ESA_EXP:1.0,EC_AMECO,2026-06-03,2026-08-31,current,,,,,,,False,False,False,20260921T154333Z,"AMECO UIGG0: Gross capital formation and net acquisition of non-produced assets (P.5 + NP), general government, ESA 2010, Commission redistribution of national accounts; same concept as the anchor's main-aggregates item; partial component (§7.8), coverage measured"
GBR_E08_strict,GBR,ESA_EXP,E08,1,Gross capital formation and net acquisition of non-produced assets,1988,1988,CY,10943.052288507864,GBP,557277.0,ONS_GDP,1.963665,,,,strict,stitched_actual,ONS_GG_RECEIPTS,1990.0,18145.0,EC_AMECO,0.735695764909248,,,,1.0302,2025.0,B,EC_AMECO_to_ESA_EXP:1.0,EC_AMECO,2026-06-03,2026-08-31,current,,,,,,,False,False,False,20260921T154333Z,"AMECO UIGG0: Gross capital formation and net acquisition of non-produced assets (P.5 + NP), general government, ESA 2010, Commission redistribution of national accounts; same concept as the anchor's main-aggregates item; partial component (§7.8), coverage measured"
GBR_E08_strict,GBR,ESA_EXP,E08,1,Gross capital formation and net acquisition of non-produced assets,1987,1987,CY,11528.430163903453,GBP,498040.0,ONS_GDP,2.31476,,,,strict,stitched_actual,ONS_GG_RECEIPTS,1990.0,18145.0,EC_AMECO,1.0534931077694236,,,,1.0302,2025.0,B,EC_AMECO_to_ESA_EXP:1.0,EC_AMECO,2026-06-03,2026-08-31,current,,,,,,,False,False,False,20260921T154333Z,"AMECO UIGG0: Gross capital formation and net acquisition of non-produced assets (P.5 + NP), general government, ESA 2010, Commission redistribution of national accounts; same concept as the anchor's main-aggregates item; partial component (§7.8), coverage measured"
GBR_E09_strict,GBR,ESA_EXP,E09,1,Capital transfers payable,1989,1989,CY,4253.961350732145,GBP,616595.0,ONS_GDP,0.689912,,,,strict,stitched_actual,ONS_GG_RECEIPTS,1990.0,12382.0,EC_AMECO,0.3435601155493575,,,,0.9456,2025.0,B,EC_AMECO_to_ESA_EXP:1.0,EC_AMECO,2026-06-03,2026-08-31,current,,,,,,,False,False,False,20260921T154333Z,"AMECO UKOG: Capital transfers payable (D.9), general government, ESA 2010, Commission redistribution of national accounts; same concept as the anchor's main-aggregates item; partial component (§7.8), coverage measured"
GBR_E09_strict,GBR,ESA_EXP,E09,1,Capital transfers payable,1988,1988,CY,3414.0229106484708,GBP,557277.0,ONS_GDP,0.612626,,,,strict,stitched_actual,ONS_GG_RECEIPTS,1990.0,12382.0,EC_AMECO,0.8025514641925195,,,,0.9456,2025.0,B,EC_AMECO_to_ESA_EXP:1.0,EC_AMECO,2026-06-03,2026-08-31,current,,,,,,,False,False,False,20260921T154333Z,"AMECO UKOG: Capital transfers payable (D.9), general government, ESA 2010, Commission redistribution of national accounts; same concept as the anchor's main-aggregates item; partial component (§7.8), coverage measured"
GBR_E09_strict,GBR,ESA_EXP,E09,1,Capital transfers payable,1987,1987,CY,2527.215658930172,GBP,498040.0,ONS_GDP,0.507432,,,,strict,stitched_actual,ONS_GG_RECEIPTS,1990.0,12382.0,EC_AMECO,0.7402456647398844,,,,0.9456,2025.0,B,EC_AMECO_to_ESA_EXP:1.0,EC_AMECO,2026-06-03,2026-08-31,current,,,,,,,False,False,False,20260921T154333Z,"AMECO UKOG: Capital transfers payable (D.9), general government, ESA 2010, Commission redistribution of national accounts; same concept as the anchor's main-aggregates item; partial component (§7.8), coverage measured"
GBR_E03_strict,GBR,ESA_EXP,E03,1,Social benefits other than social transfers in kind,2026,2026,CY,425446.81616836396,GBP,3142696.44,EC_AMECO,13.537636,,,,strict,direct_forecast,ONS_GG_RECEIPTS,2025.0,413075.0,EC_AMECO,1.0299505323933038,,,,1.0013,2025.0,A,EC_AMECO_to_ESA_EXP:1.0,EC_AMECO,2026-06-03,2026-08-31,current,,,,,,,False,False,True,20260921T154333Z,"AMECO UYTGH (Spring 2026): Social benefits other than social transfers in kind (D.62), general government, ESA 2010 — the anchor's own economic aggregate in the Commission's forecast vintage (D-S13-003)"
GBR_E03_strict,GBR,ESA_EXP,E03,1,Social benefits other than social transfers in kind,2027,2027,CY,438210.22085315903,GBP,3247261.8000000003,EC_AMECO,13.494761,,,,strict,direct_forecast,ONS_GG_RECEIPTS,2025.0,413075.0,EC_AMECO,1.0300000004694927,,,,1.0013,2025.0,A,EC_AMECO_to_ESA_EXP:1.0,EC_AMECO,2026-06-03,2026-08-31,current,,,,,,,False,False,True,20260921T154333Z,"AMECO UYTGH (Spring 2026): Social benefits other than social transfers in kind (D.62), general government, ESA 2010 — the anchor's own economic aggregate in the Commission's forecast vintage (D-S13-003)"
GBR_E04_strict,GBR,ESA_EXP,E04,1,Social transfers in kind (purchased market production),2026,2026,CY,82587.45999999998,GBP,3142696.44,EC_AMECO,2.627917,,,,strict,direct_forecast,ONS_GG_RECEIPTS,2025.0,80182.0,EC_AMECO,1.0299999999999998,,,,1.0,2025.0,A,EC_AMECO_to_ESA_EXP:1.0,EC_AMECO,2026-06-03,2026-08-31,current,,,,,,,False,False,True,20260921T154333Z,"AMECO UYTGM (Spring 2026): Social transfers in kind (purchased market production) (D.632), general government, ESA 2010 — the anchor's own economic aggregate in the Commission's forecast vintage (D-S13-003)"
GBR_E04_strict,GBR,ESA_EXP,E04,1,Social transfers in kind (purchased market production),2027,2027,CY,85065.07999999999,GBP,3247261.8000000003,EC_AMECO,2.619594,,,,strict,direct_forecast,ONS_GG_RECEIPTS,2025.0,80182.0,EC_AMECO,1.0299999539881721,,,,1.0,2025.0,A,EC_AMECO_to_ESA_EXP:1.0,EC_AMECO,2026-06-03,2026-08-31,current,,,,,,,False,False,True,20260921T154333Z,"AMECO UYTGM (Spring 2026): Social transfers in kind (purchased market production) (D.632), general government, ESA 2010 — the anchor's own economic aggregate in the Commission's forecast vintage (D-S13-003)"
GBR_E05_strict,GBR,ESA_EXP,E05,1,Interest payable,2026,2026,CY,103912.20000000001,GBP,3142696.44,EC_AMECO,3.306466,,,,strict,direct_forecast,ONS_GG_RECEIPTS,2025.0,98964.0,EC_AMECO,1.05,,,,1.0432,2025.0,B,EC_AMECO_to_ESA_EXP:1.0,EC_AMECO,2026-06-03,2026-08-31,current,,d41_gross_accrued,,,,,False,False,True,20260921T154333Z,"AMECO UYIG (Spring 2026): Interest payable (D.41 (uses)), general government, ESA 2010 — the anchor's own economic aggregate in the Commission's forecast vintage (D-S13-003)"
GBR_E05_strict,GBR,ESA_EXP,E05,1,Interest payable,2027,2027,CY,107029.56216552366,GBP,3247261.8000000003,EC_AMECO,3.295994,,,,strict,direct_forecast,ONS_GG_RECEIPTS,2025.0,98964.0,EC_AMECO,1.029999963098882,,,,1.0432,2025.0,B,EC_AMECO_to_ESA_EXP:1.0,EC_AMECO,2026-06-03,2026-08-31,current,,d41_gross_accrued,,,,,False,False,True,20260921T154333Z,"AMECO UYIG (Spring 2026): Interest payable (D.41 (uses)), general government, ESA 2010 — the anchor's own economic aggregate in the Commission's forecast vintage (D-S13-003)"
GBR_E06_strict,GBR,ESA_EXP,E06,1,Subsidies,2026,2026,CY,37970.16907908268,GBP,3142696.44,EC_AMECO,1.208204,,,,strict,direct_forecast,ONS_GG_RECEIPTS,2025.0,37850.0,EC_AMECO,1.0031748765939943,,,,1.0276,2025.0,B,EC_AMECO_to_ESA_EXP:1.0,EC_AMECO,2026-06-03,2026-08-31,current,,,,,,,False,False,True,20260921T154333Z,"AMECO UYVG (Spring 2026): Subsidies (D.3), general government, ESA 2010 — the anchor's own economic aggregate in the Commission's forecast vintage (D-S13-003)"
GBR_E06_strict,GBR,ESA_EXP,E06,1,Subsidies,2027,2027,CY,39109.26957784863,GBP,3247261.8000000003,EC_AMECO,1.204377,,,,strict,direct_forecast,ONS_GG_RECEIPTS,2025.0,37850.0,EC_AMECO,1.029999879547375,,,,1.0276,2025.0,B,EC_AMECO_to_ESA_EXP:1.0,EC_AMECO,2026-06-03,2026-08-31,current,,,,,,,False,False,True,20260921T154333Z,"AMECO UYVG (Spring 2026): Subsidies (D.3), general government, ESA 2010 — the anchor's own economic aggregate in the Commission's forecast vintage (D-S13-003)"
FRA_E01_strict,FRA,ESA_EXP,E01,1,Compensation of employees,1995,1995,CY,164088.2,EUR,1213802.4,EUROSTAT_NAMA10_GDP,13.518527,680370.4,EUROSTAT_GOV10A_MAIN,24.117481,strict,anchor_actual,EUROSTAT_GOV10A_MAIN,1995.0,164088.2,,,,,,,,A,,EUROSTAT_GOV10A_MAIN,2026-07-21,2026-09-03,current,,,155119.98634936998,-5.4655,,,False,False,False,20260921T154333Z,
FRA_E01_strict,FRA,ESA_EXP,E01,1,Compensation of employees,1996,1996,CY,170427.4,EUR,1246973.7,EUROSTAT_NAMA10_GDP,13.667281,698523.5,EUROSTAT_GOV10A_MAIN,24.398234,strict,anchor_actual,EUROSTAT_GOV10A_MAIN,1996.0,170427.4,,,,,,,,A,,EUROSTAT_GOV10A_MAIN,2026-07-21,2026-09-03,current,,,161370.93650347,-5.314,,,False,False,False,20260921T154333Z,
FRA_E01_strict,FRA,ESA_EXP,E01,1,Compensation of employees,1997,1997,CY,174584.7,EUR,1289669.2,EUROSTAT_NAMA10_GDP,13.537169,716646.7,EUROSTAT_GOV10A_MAIN,24.361335,strict,anchor_actual,EUROSTAT_GOV10A_MAIN,1997.0,174584.7,,,,,,,,A,,EUROSTAT_GOV10A_MAIN,2026-07-21,2026-09-03,current,,,165736.55215315,-5.0681,,,False,False,False,20260921T154333Z,
FRA_E01_strict,FRA,ESA_EXP,E01,1,Compensation of employees,1998,1998,CY,179338.4,EUR,1346317.6,EUROSTAT_NAMA10_GDP,13.320661,726716.1,EUROSTAT_GOV10A_MAIN,24.677918,strict,anchor_actual,EUROSTAT_GOV10A_MAIN,1998.0,179338.4,,,,,,,,A,,EUROSTAT_GOV10A_MAIN,2026-07-21,2026-09-03,current,,,169837.82859099,-5.2976,,,False,False,False,20260921T154333Z,
FRA_E01_strict,FRA,ESA_EXP,E01,1,Compensation of employees,1999,1999,CY,186144.9,EUR,1395148.0,EUROSTAT_NAMA10_GDP,13.342305,748589.0,EUROSTAT_GOV10A_MAIN,24.866101,strict,anchor_actual,EUROSTAT_GOV10A_MAIN,1999.0,186144.9,,,,,,,,A,,EUROSTAT_GOV10A_MAIN,2026-07-21,2026-09-03,current,,,176385.38812342,-5.243,,,False,False,False,20260921T154333Z,
FRA_E01_strict,FRA,ESA_EXP,E01,1,Compensation of employees,2000,2000,CY,194022.8,EUR,1473517.3,EUROSTAT_NAMA10_GDP,13.167324,775348.7,EUROSTAT_GOV10A_MAIN,25.023941,strict,anchor_actual,EUROSTAT_GOV10A_MAIN,2000.0,194022.8,,,,,,,,A,,EUROSTAT_GOV10A_MAIN,2026-07-21,2026-09-03,current,,,183601.13148771,-5.3714,,,False,False,False,20260921T154333Z,
FRA_E01_strict,FRA,ESA_EXP,E01,1,Compensation of employees,2001,2001,CY,200052.2,EUR,1530070.9,EUROSTAT_NAMA10_GDP,13.074701,808225.6,EUROSTAT_GOV10A_MAIN,24.752025,strict,anchor_actual,EUROSTAT_GOV10A_MAIN,2001.0,200052.2,,,,,,,,A,,EUROSTAT_GOV10A_MAIN,2026-07-21,2026-09-03,current,,,189172.11201814,-5.4386,,,False,False,False,20260921T154333Z,
FRA_E01_strict,FRA,ESA_EXP,E01,1,Compensation of employees,2002,2002,CY,209169.6,EUR,1578330.4,EUROSTAT_NAMA10_GDP,13.252586,851107.4,EUROSTAT_GOV10A_MAIN,24.57617,strict,anchor_actual,EUROSTAT_GOV10A_MAIN,2002.0,209169.6,,,,,,,,A,,EUROSTAT_GOV10A_MAIN,2026-07-21,2026-09-03,current,,,197752.11671459,-5.4585,,,False,False,False,20260921T154333Z,
FRA_E01_strict,FRA,ESA_EXP,E01,1,Compensation of employees,2003,2003,CY,216534.0,EUR,1622312.8,EUROSTAT_NAMA10_GDP,13.347241,881785.6,EUROSTAT_GOV10A_MAIN,24.556309,strict,anchor_actual,EUROSTAT_GOV10A_MAIN,2003.0,216534.0,,,,,,,,A,,EUROSTAT_GOV10A_MAIN,2026-07-21,2026-09-03,current,,,204723.78808904998,-5.4542,,,False,False,False,20260921T154333Z,
FRA_E01_strict,FRA,ESA_EXP,E01,1,Compensation of employees,2004,2004,CY,221353.9,EUR,1696107.7,EUROSTAT_NAMA10_GDP,13.050698,915906.4,EUROSTAT_GOV10A_MAIN,24.167742,strict,anchor_actual,EUROSTAT_GOV10A_MAIN,2004.0,221353.9,,,,,,,,A,,EUROSTAT_GOV10A_MAIN,2026-07-21,2026-09-03,current,,,209331.00109935002,-5.4315,,,False,False,False,20260921T154333Z,
FRA_E01_strict,FRA,ESA_EXP,E01,1,Compensation of employees,2005,2005,CY,229824.1,EUR,1762047.7,EUROSTAT_NAMA10_GDP,13.043012,956142.5,EUROSTAT_GOV10A_MAIN,24.036595,strict,anchor_actual,EUROSTAT_GOV10A_MAIN,2005.0,229824.1,,,,,,,,A,,EUROSTAT_GOV10A_MAIN,2026-07-21,2026-09-03,current,,,217266.38642479002,-5.4641,,,False,False,False,20260921T154333Z,
FRA_E01_strict,FRA,ESA_EXP,E01,1,Compensation of employees,2006,2006,CY,235441.8,EUR,1846020.8,EUROSTAT_NAMA10_GDP,12.754017,992240.8,EUROSTAT_GOV10A_MAIN,23.728293,strict,anchor_actual,EUROSTAT_GOV10A_MAIN,2006.0,235441.8,,,,,,,,A,,EUROSTAT_GOV10A_MAIN,2026-07-21,2026-09-03,current,,,222578.13320216,-5.4636,,,False,False,False,20260921T154333Z,
FRA_E01_strict,FRA,ESA_EXP,E01,1,Compensation of employees,2007,2007,CY,242883.8,EUR,1937876.3,EUROSTAT_NAMA10_GDP,12.533504,1039287.6,EUROSTAT_GOV10A_MAIN,23.37022,strict,anchor_actual,EUROSTAT_GOV10A_MAIN,2007.0,242883.8,,,,,,,,A,,EUROSTAT_GOV10A_MAIN,2026-07-21,2026-09-03,current,,,229534.63594814003,-5.4961,,,False,False,False,20260921T154333Z,
FRA_E01_strict,FRA,ESA_EXP,E01,1,Compensation of employees,2008,2008,CY,249274.0,EUR,1989999.7,EUROSTAT_NAMA10_GDP,12.526334,1080220.5,EUROSTAT_GOV10A_MAIN,23.076215,strict,anchor_actual,EUROSTAT_GOV10A_MAIN,2008.0,249274.0,,,,,,,,A,,EUROSTAT_GOV10A_MAIN,2026-07-21,2026-09-03,current,,,235377.60665099,-5.5747,,,False,False,False,20260921T154333Z,
FRA_E01_strict,FRA,ESA_EXP,E01,1,Compensation of employees,2009,2009,CY,257817.1,EUR,1935840.2,EUROSTAT_NAMA10_GDP,13.318098,1122607.3,EUROSTAT_GOV10A_MAIN,22.96592,strict,anchor_actual,EUROSTAT_GOV10A_MAIN,2009.0,257817.1,,,,,,,,A,,EUROSTAT_GOV10A_MAIN,2026-07-21,2026-09-03,current,,,243111.23986189,-5.704,,,False,False,False,20260921T154333Z,
FRA_E01_strict,FRA,ESA_EXP,E01,1,Compensation of employees,2010,2010,CY,262535.5,EUR,1996075.1,EUROSTAT_NAMA10_GDP,13.152586,1151961.8,EUROSTAT_GOV10A_MAIN,22.790296,strict,anchor_actual,EUROSTAT_GOV10A_MAIN,2010.0,262535.5,,,,,,,,A,,EUROSTAT_GOV10A_MAIN,2026-07-21,2026-09-03,current,,,247191.33334866,-5.8446,,,False,False,False,20260921T154333Z,
FRA_E01_strict,FRA,ESA_EXP,E01,1,Compensation of employees,2011,2011,CY,268478.4,EUR,2062141.4,EUROSTAT_NAMA10_GDP,13.019398,1175704.7,EUROSTAT_GOV10A_MAIN,22.83553,strict,anchor_actual,EUROSTAT_GOV10A_MAIN,2011.0,268478.4,,,,,,,,A,,EUROSTAT_GOV10A_MAIN,2026-07-21,2026-09-03,current,,,252509.01481709,-5.9481,,,False,False,False,20260921T154333Z,
FRA_E01_strict,FRA,ESA_EXP,E01,1,Compensation of employees,2012,2012,CY,272609.0,EUR,2088286.7,EUROSTAT_NAMA10_GDP,13.054194,1208953.1,EUROSTAT_GOV10A_MAIN,22.549179,strict,anchor_actual,EUROSTAT_GOV10A_MAIN,2012.0,272609.0,,,,,,,,A,,EUROSTAT_GOV10A_MAIN,2026-07-21,2026-09-03,current,,,257062.90837162,-5.7027,,,False,False,False,20260921T154333Z,
FRA_E01_strict,FRA,ESA_EXP,E01,1,Compensation of employees,2013,2013,CY,278079.4,EUR,2120351.9,EUROSTAT_NAMA10_GDP,13.114776,1242358.0,EUROSTAT_GOV10A_MAIN,22.383194,strict,anchor_actual,EUROSTAT_GOV10A_MAIN,2013.0,278079.4,,,,,,,,A,,EUROSTAT_GOV10A_MAIN,2026-07-21,2026-09-03,current,,,261922.85089429002,-5.81,,,False,False,False,20260921T154333Z,
FRA_E01_strict,FRA,ESA_EXP,E01,1,Compensation of employees,2014,2014,CY,282943.7,EUR,2153733.1,EUROSTAT_NAMA10_GDP,13.137361,1257649.1,EUROSTAT_GOV10A_MAIN,22.497826,strict,anchor_actual,EUROSTAT_GOV10A_MAIN,2014.0,282943.7,,,,,,,,A,,EUROSTAT_GOV10A_MAIN,2026-07-21,2026-09-03,current,,,266813.91857732,-5.7007,,,False,False,False,20260921T154333Z,
FRA_E01_strict,FRA,ESA_EXP,E01,1,Compensation of employees,2015,2015,CY,285115.5,EUR,2201401.6,EUROSTAT_NAMA10_GDP,12.951544,1268007.8,EUROSTAT_GOV10A_MAIN,22.485311,strict,anchor_actual,EUROSTAT_GOV10A_MAIN,2015.0,285115.5,,,,,,,,A,,EUROSTAT_GOV10A_MAIN,2026-07-21,2026-09-03,current,,,268757.37393301004,-5.7374,,,False,False,False,20260921T154333Z,
FRA_E01_strict,FRA,ESA_EXP,E01,1,Compensation of employees,2016,2016,CY,287660.1,EUR,2231819.2,EUROSTAT_NAMA10_GDP,12.889041,1280648.1,EUROSTAT_GOV10A_MAIN,22.462072,strict,anchor_actual,EUROSTAT_GOV10A_MAIN,2016.0,287660.1,,,,,,,,A,,EUROSTAT_GOV10A_MAIN,2026-07-21,2026-09-03,current,,,271173.13015295,-5.7314,,,False,False,False,20260921T154333Z,
FRA_E01_strict,FRA,ESA_EXP,E01,1,Compensation of employees,2017,2017,CY,294836.0,EUR,2291680.5,EUROSTAT_NAMA10_GDP,12.865493,1321444.6,EUROSTAT_GOV10A_MAIN,22.311643,strict,anchor_actual,EUROSTAT_GOV10A_MAIN,2017.0,294836.0,,,,,,,,A,,EUROSTAT_GOV10A_MAIN,2026-07-21,2026-09-03,current,,,278164.69831775,-5.6544,,,False,False,False,20260921T154333Z,
FRA_E01_strict,FRA,ESA_EXP,E01,1,Compensation of employees,2018,2018,CY,296685.1,EUR,2355362.8,EUROSTAT_NAMA10_GDP,12.596153,1327632.3,EUROSTAT_GOV10A_MAIN,22.346933,strict,anchor_actual,EUROSTAT_GOV10A_MAIN,2018.0,296685.1,,,,,,,,A,,EUROSTAT_GOV10A_MAIN,2026-07-21,2026-09-03,current,,,279743.04513437,-5.7105,,,False,False,False,20260921T154333Z,
FRA_E01_strict,FRA,ESA_EXP,E01,1,Compensation of employees,2019,2019,CY,300632.0,EUR,2432206.8,EUROSTAT_NAMA10_GDP,12.360462,1346154.7,EUROSTAT_GOV10A_MAIN,22.332649,strict,anchor_actual,EUROSTAT_GOV10A_MAIN,2019.0,300632.0,,,,,,,,A,,EUROSTAT_GOV10A_MAIN,2026-07-21,2026-09-03,current,,,283214.64426503005,-5.7936,,,False,False,False,20260921T154333Z,
FRA_E01_strict,FRA,ESA_EXP,E01,1,Compensation of employees,2020,2020,CY,307596.0,EUR,2318276.2,EUROSTAT_NAMA10_GDP,13.268307,1430357.0,EUROSTAT_GOV10A_MAIN,21.504841,strict,anchor_actual,EUROSTAT_GOV10A_MAIN,2020.0,307596.0,,,,,,,,A,,EUROSTAT_GOV10A_MAIN,2026-07-21,2026-09-03,current,,,290710.19634622,-5.4896,,,False,False,False,20260921T154333Z,
FRA_E01_strict,FRA,ESA_EXP,E01,1,Compensation of employees,2021,2021,CY,317140.0,EUR,2508102.3,EUROSTAT_NAMA10_GDP,12.64462,1491381.1,EUROSTAT_GOV10A_MAIN,21.264853,strict,anchor_actual,EUROSTAT_GOV10A_MAIN,2021.0,317140.0,,,,,,,,A,,EUROSTAT_GOV10A_MAIN,2026-07-21,2026-09-03,current,,,299437.49304368,-5.5819,,,False,False,False,20260921T154333Z,
FRA_E01_strict,FRA,ESA_EXP,E01,1,Compensation of employees,2022,2022,CY,331171.0,EUR,2653997.2,EUROSTAT_NAMA10_GDP,12.478197,1550331.4,EUROSTAT_GOV10A_MAIN,21.361304,strict,anchor_actual,EUROSTAT_GOV10A_MAIN,2022.0,331171.0,,,,,,,,A,,EUROSTAT_GOV10A_MAIN,2026-07-21,2026-09-03,current,,,312972.72152622,-5.4951,,,False,False,False,20260921T154333Z,
FRA_E01_strict,FRA,ESA_EXP,E01,1,Compensation of employees,2023,2023,CY,346343.0,EUR,2833826.4,EUROSTAT_NAMA10_GDP,12.221744,1608270.8,EUROSTAT_GOV10A_MAIN,21.535117,strict,anchor_actual,EUROSTAT_GOV10A_MAIN,2023.0,346343.0,,,,,,,,A,,EUROSTAT_GOV10A_MAIN,2026-07-21,2026-09-03,current,,,327217.88508912,-5.522,,,False,False,False,20260921T154333Z,
FRA_E01_strict,FRA,ESA_EXP,E01,1,Compensation of employees,2024,2024,CY,363038.0,EUR,2935236.2,EUROSTAT_NAMA10_GDP,12.368272,1672708.2,EUROSTAT_GOV10A_MAIN,21.703606,strict,anchor_actual,EUROSTAT_GOV10A_MAIN,2024.0,363038.0,,,,,,,,A,,EUROSTAT_GOV10A_MAIN,2026-07-21,2026-09-03,current,,,341896.60209921,-5.8235,,,False,False,False,20260921T154333Z,
FRA_E01_strict,FRA,ESA_EXP,E01,1,Compensation of employees,2025,2025,CY,370016.0,EUR,2991055.9,EUROSTAT_NAMA10_GDP,12.370748,1714137.2,EUROSTAT_GOV10A_MAIN,21.586137,strict,anchor_actual,EUROSTAT_GOV10A_MAIN,2025.0,370016.0,,,,,,,,A,,EUROSTAT_GOV10A_MAIN,2026-07-21,2026-09-03,current,,,,,,,False,False,False,20260921T154333Z,
FRA_E02_strict,FRA,ESA_EXP,E02,1,Intermediate consumption,1995,1995,CY,66311.2,EUR,1213802.4,EUROSTAT_NAMA10_GDP,5.463097,680370.4,EUROSTAT_GOV10A_MAIN,9.746338,strict,anchor_actual,EUROSTAT_GOV10A_MAIN,1995.0,66311.2,,,,,,,,A,,EUROSTAT_GOV10A_MAIN,2026-07-21,2026-09-03,current,,,61474.624079220004,-7.2938,,,False,False,False,20260921T154333Z,
FRA_E02_strict,FRA,ESA_EXP,E02,1,Intermediate consumption,1996,1996,CY,70961.4,EUR,1246973.7,EUROSTAT_NAMA10_GDP,5.690689,698523.5,EUROSTAT_GOV10A_MAIN,10.158771,strict,anchor_actual,EUROSTAT_GOV10A_MAIN,1996.0,70961.4,,,,,,,,A,,EUROSTAT_GOV10A_MAIN,2026-07-21,2026-09-03,current,,,65881.26490117,-7.159,,,False,False,False,20260921T154333Z,
FRA_E02_strict,FRA,ESA_EXP,E02,1,Intermediate consumption,1997,1997,CY,73933.0,EUR,1289669.2,EUROSTAT_NAMA10_GDP,5.73271,716646.7,EUROSTAT_GOV10A_MAIN,10.31652,strict,anchor_actual,EUROSTAT_GOV10A_MAIN,1997.0,73933.0,,,,,,,,A,,EUROSTAT_GOV10A_MAIN,2026-07-21,2026-09-03,current,,,69418.35039287,-6.1064,,,False,False,False,20260921T154333Z,
FRA_E02_strict,FRA,ESA_EXP,E02,1,Intermediate consumption,1998,1998,CY,69153.0,EUR,1346317.6,EUROSTAT_NAMA10_GDP,5.136455,726716.1,EUROSTAT_GOV10A_MAIN,9.515821,strict,anchor_actual,EUROSTAT_GOV10A_MAIN,1998.0,69153.0,,,,,,,,A,,EUROSTAT_GOV10A_MAIN,2026-07-21,2026-09-03,current,,,64716.01867128,-6.4162,,,False,False,False,20260921T154333Z,
FRA_E02_strict,FRA,ESA_EXP,E02,1,Intermediate consumption,1999,1999,CY,70950.1,EUR,1395148.0,EUROSTAT_NAMA10_GDP,5.085489,748589.0,EUROSTAT_GOV10A_MAIN,9.477844,strict,anchor_actual,EUROSTAT_GOV10A_MAIN,1999.0,70950.1,,,,,,,,A,,EUROSTAT_GOV10A_MAIN,2026-07-21,2026-09-03,current,,,65640.08536405,-7.4842,,,False,False,False,20260921T154333Z,
FRA_E02_strict,FRA,ESA_EXP,E02,1,Intermediate consumption,2000,2000,CY,75842.5,EUR,1473517.3,EUROSTAT_NAMA10_GDP,5.147038,775348.7,EUROSTAT_GOV10A_MAIN,9.781728,strict,anchor_actual,EUROSTAT_GOV10A_MAIN,2000.0,75842.5,,,,,,,,A,,EUROSTAT_GOV10A_MAIN,2026-07-21,2026-09-03,current,,,70155.85498926,-7.498,,,False,False,False,20260921T154333Z,
FRA_E02_strict,FRA,ESA_EXP,E02,1,Intermediate consumption,2001,2001,CY,75891.6,EUR,1530070.9,EUROSTAT_NAMA10_GDP,4.960005,808225.6,EUROSTAT_GOV10A_MAIN,9.389903,strict,anchor_actual,EUROSTAT_GOV10A_MAIN,2001.0,75891.6,,,,,,,,A,,EUROSTAT_GOV10A_MAIN,2026-07-21,2026-09-03,current,,,70187.0842455,-7.5167,,,False,False,False,20260921T154333Z,
FRA_E02_strict,FRA,ESA_EXP,E02,1,Intermediate consumption,2002,2002,CY,81426.7,EUR,1578330.4,EUROSTAT_NAMA10_GDP,5.15904,851107.4,EUROSTAT_GOV10A_MAIN,9.567147,strict,anchor_actual,EUROSTAT_GOV10A_MAIN,2002.0,81426.7,,,,,,,,A,,EUROSTAT_GOV10A_MAIN,2026-07-21,2026-09-03,current,,,75914.25019939,-6.7698,,,False,False,False,20260921T154333Z,
FRA_E02_strict,FRA,ESA_EXP,E02,1,Intermediate consumption,2003,2003,CY,82143.8,EUR,1622312.8,EUROSTAT_NAMA10_GDP,5.063376,881785.6,EUROSTAT_GOV10A_MAIN,9.31562,strict,anchor_actual,EUROSTAT_GOV10A_MAIN,2003.0,82143.8,,,,,,,,A,,EUROSTAT_GOV10A_MAIN,2026-07-21,2026-09-03,current,,,77342.24415228999,-5.8453,,,False,False,False,20260921T154333Z,
FRA_E02_strict,FRA,ESA_EXP,E02,1,Intermediate consumption,2004,2004,CY,86776.6,EUR,1696107.7,EUROSTAT_NAMA10_GDP,5.11622,915906.4,EUROSTAT_GOV10A_MAIN,9.474396,strict,anchor_actual,EUROSTAT_GOV10A_MAIN,2004.0,86776.6,,,,,,,,A,,EUROSTAT_GOV10A_MAIN,2026-07-21,2026-09-03,current,,,81375.47367342,-6.2242,,,False,False,False,20260921T154333Z,
FRA_E02_strict,FRA,ESA_EXP,E02,1,Intermediate consumption,2005,2005,CY,90454.0,EUR,1762047.7,EUROSTAT_NAMA10_GDP,5.133459,956142.5,EUROSTAT_GOV10A_MAIN,9.460305,strict,anchor_actual,EUROSTAT_GOV10A_MAIN,2005.0,90454.0,,,,,,,,A,,EUROSTAT_GOV10A_MAIN,2026-07-21,2026-09-03,current,,,84491.81190871,-6.5914,,,False,False,False,20260921T154333Z,
FRA_E02_strict,FRA,ESA_EXP,E02,1,Intermediate consumption,2006,2006,CY,92857.1,EUR,1846020.8,EUROSTAT_NAMA10_GDP,5.030122,992240.8,EUROSTAT_GOV10A_MAIN,9.358323,strict,anchor_actual,EUROSTAT_GOV10A_MAIN,2006.0,92857.1,,,,,,,,A,,EUROSTAT_GOV10A_MAIN,2026-07-21,2026-09-03,current,,,87386.41443441,-5.8915,,,False,False,False,20260921T154333Z,
FRA_E02_strict,FRA,ESA_EXP,E02,1,Intermediate consumption,2007,2007,CY,95007.4,EUR,1937876.3,EUROSTAT_NAMA10_GDP,4.902656,1039287.6,EUROSTAT_GOV10A_MAIN,9.141589,strict,anchor_actual,EUROSTAT_GOV10A_MAIN,2007.0,95007.4,,,,,,,,A,,EUROSTAT_GOV10A_MAIN,2026-07-21,2026-09-03,current,,,90014.11218506,-5.2557,,,False,False,False,20260921T154333Z,
FRA_E02_strict,FRA,ESA_EXP,E02,1,Intermediate consumption,2008,2008,CY,97783.4,EUR,1989999.7,EUROSTAT_NAMA10_GDP,4.913739,1080220.5,EUROSTAT_GOV10A_MAIN,9.05217,strict,anchor_actual,EUROSTAT_GOV10A_MAIN,2008.0,97783.4,,,,,,,,A,,EUROSTAT_GOV10A_MAIN,2026-07-21,2026-09-03,current,,,92903.36747532,-4.9907,,,False,False,False,20260921T154333Z,
FRA_E02_strict,FRA,ESA_EXP,E02,1,Intermediate consumption,2009,2009,CY,103869.5,EUR,1935840.2,EUROSTAT_NAMA10_GDP,5.365603,1122607.3,EUROSTAT_GOV10A_MAIN,9.252523,strict,anchor_actual,EUROSTAT_GOV10A_MAIN,2009.0,103869.5,,,,,,,,A,,EUROSTAT_GOV10A_MAIN,2026-07-21,2026-09-03,current,,,97287.06501096001,-6.3372,,,False,False,False,20260921T154333Z,
FRA_E02_strict,FRA,ESA_EXP,E02,1,Intermediate consumption,2010,2010,CY,107406.3,EUR,1996075.1,EUROSTAT_NAMA10_GDP,5.380875,1151961.8,EUROSTAT_GOV10A_MAIN,9.323773,strict,anchor_actual,EUROSTAT_GOV10A_MAIN,2010.0,107406.3,,,,,,,,A,,EUROSTAT_GOV10A_MAIN,2026-07-21,2026-09-03,current,,,99200.00011923,-7.6404,,,False,False,False,20260921T154333Z,
FRA_E02_strict,FRA,ESA_EXP,E02,1,Intermediate consumption,2011,2011,CY,108819.0,EUR,2062141.4,EUROSTAT_NAMA10_GDP,5.27699,1175704.7,EUROSTAT_GOV10A_MAIN,9.25564,strict,anchor_actual,EUROSTAT_GOV10A_MAIN,2011.0,108819.0,,,,,,,,A,,EUROSTAT_GOV10A_MAIN,2026-07-21,2026-09-03,current,,,101058.01042507001,-7.132,,,False,False,False,20260921T154333Z,
FRA_E02_strict,FRA,ESA_EXP,E02,1,Intermediate consumption,2012,2012,CY,111816.2,EUR,2088286.7,EUROSTAT_NAMA10_GDP,5.354447,1208953.1,EUROSTAT_GOV10A_MAIN,9.249011,strict,anchor_actual,EUROSTAT_GOV10A_MAIN,2012.0,111816.2,,,,,,,,A,,EUROSTAT_GOV10A_MAIN,2026-07-21,2026-09-03,current,,,104318.70205550999,-6.7052,,,False,False,False,20260921T154333Z,
FRA_E02_strict,FRA,ESA_EXP,E02,1,Intermediate consumption,2013,2013,CY,114110.9,EUR,2120351.9,EUROSTAT_NAMA10_GDP,5.381696,1242358.0,EUROSTAT_GOV10A_MAIN,9.185026,strict,anchor_actual,EUROSTAT_GOV10A_MAIN,2013.0,114110.9,,,,,,,,A,,EUROSTAT_GOV10A_MAIN,2026-07-21,2026-09-03,current,,,105963.76660104,-7.1397,,,False,False,False,20260921T154333Z,
FRA_E02_strict,FRA,ESA_EXP,E02,1,Intermediate consumption,2014,2014,CY,113863.5,EUR,2153733.1,EUROSTAT_NAMA10_GDP,5.286797,1257649.1,EUROSTAT_GOV10A_MAIN,9.053678,strict,anchor_actual,EUROSTAT_GOV10A_MAIN,2014.0,113863.5,,,,,,,,A,,EUROSTAT_GOV10A_MAIN,2026-07-21,2026-09-03,current,,,105075.38178755999,-7.7181,,,False,False,False,20260921T154333Z,
FRA_E02_strict,FRA,ESA_EXP,E02,1,Intermediate consumption,2015,2015,CY,115582.8,EUR,2201401.6,EUROSTAT_NAMA10_GDP,5.250419,1268007.8,EUROSTAT_GOV10A_MAIN,9.115307,strict,anchor_actual,EUROSTAT_GOV10A_MAIN,2015.0,115582.8,,,,,,,,A,,EUROSTAT_GOV10A_MAIN,2026-07-21,2026-09-03,current,,,106519.93237339,-7.841,,,False,False,False,20260921T154333Z,
FRA_E02_strict,FRA,ESA_EXP,E02,1,Intermediate consumption,2016,2016,CY,116204.0,EUR,2231819.2,EUROSTAT_NAMA10_GDP,5.206694,1280648.1,EUROSTAT_GOV10A_MAIN,9.073843,strict,anchor_actual,EUROSTAT_GOV10A_MAIN,2016.0,116204.0,,,,,,,,A,,EUROSTAT_GOV10A_MAIN,2026-07-21,2026-09-03,current,,,106939.36762794999,-7.9727,,,False,False,False,20260921T154333Z,
FRA_E02_strict,FRA,ESA_EXP,E02,1,Intermediate consumption,2017,2017,CY,120636.0,EUR,2291680.5,EUROSTAT_NAMA10_GDP,5.264085,1321444.6,EUROSTAT_GOV10A_MAIN,9.1291,strict,anchor_actual,EUROSTAT_GOV10A_MAIN,2017.0,120636.0,,,,,,,,A,,EUROSTAT_GOV10A_MAIN,2026-07-21,2026-09-03,current,,,111529.477051,-7.5488,,,False,False,False,20260921T154333Z,
FRA_E02_strict,FRA,ESA_EXP,E02,1,Intermediate consumption,2018,2018,CY,122878.0,EUR,2355362.8,EUROSTAT_NAMA10_GDP,5.216946,1327632.3,EUROSTAT_GOV10A_MAIN,9.255424,strict,anchor_actual,EUROSTAT_GOV10A_MAIN,2018.0,122878.0,,,,,,,,A,,EUROSTAT_GOV10A_MAIN,2026-07-21,2026-09-03,current,,,114038.34093903999,-7.1939,,,False,False,False,20260921T154333Z,
FRA_E02_strict,FRA,ESA_EXP,E02,1,Intermediate consumption,2019,2019,CY,126711.6,EUR,2432206.8,EUROSTAT_NAMA10_GDP,5.209738,1346154.7,EUROSTAT_GOV10A_MAIN,9.412856,strict,anchor_actual,EUROSTAT_GOV10A_MAIN,2019.0,126711.6,,,,,,,,A,,EUROSTAT_GOV10A_MAIN,2026-07-21,2026-09-03,current,,,117968.36400014,-6.9001,,,False,False,False,20260921T154333Z,
FRA_E02_strict,FRA,ESA_EXP,E02,1,Intermediate consumption,2020,2020,CY,126408.9,EUR,2318276.2,EUROSTAT_NAMA10_GDP,5.452711,1430357.0,EUROSTAT_GOV10A_MAIN,8.837577,strict,anchor_actual,EUROSTAT_GOV10A_MAIN,2020.0,126408.9,,,,,,,,A,,EUROSTAT_GOV10A_MAIN,2026-07-21,2026-09-03,current,,,117781.11207092999,-6.8253,,,False,False,False,20260921T154333Z,
FRA_E02_strict,FRA,ESA_EXP,E02,1,Intermediate consumption,2021,2021,CY,136081.3,EUR,2508102.3,EUROSTAT_NAMA10_GDP,5.425668,1491381.1,EUROSTAT_GOV10A_MAIN,9.124516,strict,anchor_actual,EUROSTAT_GOV10A_MAIN,2021.0,136081.3,,,,,,,,A,,EUROSTAT_GOV10A_MAIN,2026-07-21,2026-09-03,current,,,127070.48207622,-6.6216,,,False,False,False,20260921T154333Z,
FRA_E02_strict,FRA,ESA_EXP,E02,1,Intermediate consumption,2022,2022,CY,145878.9,EUR,2653997.2,EUROSTAT_NAMA10_GDP,5.496573,1550331.4,EUROSTAT_GOV10A_MAIN,9.40953,strict,anchor_actual,EUROSTAT_GOV10A_MAIN,2022.0,145878.9,,,,,,,,A,,EUROSTAT_GOV10A_MAIN,2026-07-21,2026-09-03,current,,,137400.40526346,-5.812,,,False,False,False,20260921T154333Z,
FRA_E02_strict,FRA,ESA_EXP,E02,1,Intermediate consumption,2023,2023,CY,157548.0,EUR,2833826.4,EUROSTAT_NAMA10_GDP,5.55955,1608270.8,EUROSTAT_GOV10A_MAIN,9.796111,strict,anchor_actual,EUROSTAT_GOV10A_MAIN,2023.0,157548.0,,,,,,,,A,,EUROSTAT_GOV10A_MAIN,2026-07-21,2026-09-03,current,,,151820.20091661,-3.6356,,,False,False,False,20260921T154333Z,
FRA_E02_strict,FRA,ESA_EXP,E02,1,Intermediate consumption,2024,2024,CY,162408.5,EUR,2935236.2,EUROSTAT_NAMA10_GDP,5.533064,1672708.2,EUROSTAT_GOV10A_MAIN,9.709315,strict,anchor_actual,EUROSTAT_GOV10A_MAIN,2024.0,162408.5,,,,,,,,A,,EUROSTAT_GOV10A_MAIN,2026-07-21,2026-09-03,current,,,155174.51456631,-4.4542,,,False,False,False,20260921T154333Z,
FRA_E02_strict,FRA,ESA_EXP,E02,1,Intermediate consumption,2025,2025,CY,162994.5,EUR,2991055.9,EUROSTAT_NAMA10_GDP,5.449397,1714137.2,EUROSTAT_GOV10A_MAIN,9.508836,strict,anchor_actual,EUROSTAT_GOV10A_MAIN,2025.0,162994.5,,,,,,,,A,,EUROSTAT_GOV10A_MAIN,2026-07-21,2026-09-03,current,,,,,,,False,False,False,20260921T154333Z,
FRA_E03_strict,FRA,ESA_EXP,E03,1,Social benefits other than social transfers in kind,1995,1995,CY,215078.3,EUR,1213802.4,EUROSTAT_NAMA10_GDP,17.719383,680370.4,EUROSTAT_GOV10A_MAIN,31.611943,strict,anchor_actual,EUROSTAT_GOV10A_MAIN,1995.0,215078.3,,,,,,,,A,,EUROSTAT_GOV10A_MAIN,2026-07-21,2026-09-03,current,,,,,,,False,False,False,20260921T154333Z,
FRA_E03_strict,FRA,ESA_EXP,E03,1,Social benefits other than social transfers in kind,1996,1996,CY,222072.7,EUR,1246973.7,EUROSTAT_NAMA10_GDP,17.808932,698523.5,EUROSTAT_GOV10A_MAIN,31.791729,strict,anchor_actual,EUROSTAT_GOV10A_MAIN,1996.0,222072.7,,,,,,,,A,,EUROSTAT_GOV10A_MAIN,2026-07-21,2026-09-03,current,,,,,,,False,False,False,20260921T154333Z,
FRA_E03_strict,FRA,ESA_EXP,E03,1,Social benefits other than social transfers in kind,1997,1997,CY,230297.6,EUR,1289669.2,EUROSTAT_NAMA10_GDP,17.857106,716646.7,EUROSTAT_GOV10A_MAIN,32.135444,strict,anchor_actual,EUROSTAT_GOV10A_MAIN,1997.0,230297.6,,,,,,,,A,,EUROSTAT_GOV10A_MAIN,2026-07-21,2026-09-03,current,,,,,,,False,False,False,20260921T154333Z,
FRA_E03_strict,FRA,ESA_EXP,E03,1,Social benefits other than social transfers in kind,1998,1998,CY,235606.3,EUR,1346317.6,EUROSTAT_NAMA10_GDP,17.500053,726716.1,EUROSTAT_GOV10A_MAIN,32.42068,strict,anchor_actual,EUROSTAT_GOV10A_MAIN,1998.0,235606.3,,,,,,,,A,,EUROSTAT_GOV10A_MAIN,2026-07-21,2026-09-03,current,,,,,,,False,False,False,20260921T154333Z,
FRA_E03_strict,FRA,ESA_EXP,E03,1,Social benefits other than social transfers in kind,1999,1999,CY,242066.1,EUR,1395148.0,EUROSTAT_NAMA10_GDP,17.350568,748589.0,EUROSTAT_GOV10A_MAIN,32.336315,strict,anchor_actual,EUROSTAT_GOV10A_MAIN,1999.0,242066.1,,,,,,,,A,,EUROSTAT_GOV10A_MAIN,2026-07-21,2026-09-03,current,,,,,,,False,False,False,20260921T154333Z,
FRA_E03_strict,FRA,ESA_EXP,E03,1,Social benefits other than social transfers in kind,2000,2000,CY,247651.8,EUR,1473517.3,EUROSTAT_NAMA10_GDP,16.806847,775348.7,EUROSTAT_GOV10A_MAIN,31.9407,strict,anchor_actual,EUROSTAT_GOV10A_MAIN,2000.0,247651.8,,,,,,,,A,,EUROSTAT_GOV10A_MAIN,2026-07-21,2026-09-03,current,,,,,,,False,False,False,20260921T154333Z,
FRA_E03_strict,FRA,ESA_EXP,E03,1,Social benefits other than social transfers in kind,2001,2001,CY,258920.7,EUR,1530070.9,EUROSTAT_NAMA10_GDP,16.922137,808225.6,EUROSTAT_GOV10A_MAIN,32.035696,strict,anchor_actual,EUROSTAT_GOV10A_MAIN,2001.0,258920.7,,,,,,,,A,,EUROSTAT_GOV10A_MAIN,2026-07-21,2026-09-03,current,,,,,,,False,False,False,20260921T154333Z,
FRA_E03_strict,FRA,ESA_EXP,E03,1,Social benefits other than social transfers in kind,2002,2002,CY,271758.1,EUR,1578330.4,EUROSTAT_NAMA10_GDP,17.218074,851107.4,EUROSTAT_GOV10A_MAIN,31.929942,strict,anchor_actual,EUROSTAT_GOV10A_MAIN,2002.0,271758.1,,,,,,,,A,,EUROSTAT_GOV10A_MAIN,2026-07-21,2026-09-03,current,,,,,,,False,False,False,20260921T154333Z,
FRA_E03_strict,FRA,ESA_EXP,E03,1,Social benefits other than social transfers in kind,2003,2003,CY,282799.8,EUR,1622312.8,EUROSTAT_NAMA10_GDP,17.431891,881785.6,EUROSTAT_GOV10A_MAIN,32.071265,strict,anchor_actual,EUROSTAT_GOV10A_MAIN,2003.0,282799.8,,,,,,,,A,,EUROSTAT_GOV10A_MAIN,2026-07-21,2026-09-03,current,,,,,,,False,False,False,20260921T154333Z,
FRA_E03_strict,FRA,ESA_EXP,E03,1,Social benefits other than social transfers in kind,2004,2004,CY,295514.0,EUR,1696107.7,EUROSTAT_NAMA10_GDP,17.423068,915906.4,EUROSTAT_GOV10A_MAIN,32.264651,strict,anchor_actual,EUROSTAT_GOV10A_MAIN,2004.0,295514.0,,,,,,,,A,,EUROSTAT_GOV10A_MAIN,2026-07-21,2026-09-03,current,,,,,,,False,False,False,20260921T154333Z,
FRA_E03_strict,FRA,ESA_EXP,E03,1,Social benefits other than social transfers in kind,2005,2005,CY,308724.3,EUR,1762047.7,EUROSTAT_NAMA10_GDP,17.520769,956142.5,EUROSTAT_GOV10A_MAIN,32.288524,strict,anchor_actual,EUROSTAT_GOV10A_MAIN,2005.0,308724.3,,,,,,,,A,,EUROSTAT_GOV10A_MAIN,2026-07-21,2026-09-03,current,,,,,,,False,False,False,20260921T154333Z,
FRA_E03_strict,FRA,ESA_EXP,E03,1,Social benefits other than social transfers in kind,2006,2006,CY,323955.4,EUR,1846020.8,EUROSTAT_NAMA10_GDP,17.548849,992240.8,EUROSTAT_GOV10A_MAIN,32.648869,strict,anchor_actual,EUROSTAT_GOV10A_MAIN,2006.0,323955.4,,,,,,,,A,,EUROSTAT_GOV10A_MAIN,2026-07-21,2026-09-03,current,,,,,,,False,False,False,20260921T154333Z,
FRA_E03_strict,FRA,ESA_EXP,E03,1,Social benefits other than social transfers in kind,2007,2007,CY,338128.1,EUR,1937876.3,EUROSTAT_NAMA10_GDP,17.448384,1039287.6,EUROSTAT_GOV10A_MAIN,32.534604,strict,anchor_actual,EUROSTAT_GOV10A_MAIN,2007.0,338128.1,,,,,,,,A,,EUROSTAT_GOV10A_MAIN,2026-07-21,2026-09-03,current,,,,,,,False,False,False,20260921T154333Z,
FRA_E03_strict,FRA,ESA_EXP,E03,1,Social benefits other than social transfers in kind,2008,2008,CY,349719.2,EUR,1989999.7,EUROSTAT_NAMA10_GDP,17.573832,1080220.5,EUROSTAT_GOV10A_MAIN,32.374798,strict,anchor_actual,EUROSTAT_GOV10A_MAIN,2008.0,349719.2,,,,,,,,A,,EUROSTAT_GOV10A_MAIN,2026-07-21,2026-09-03,current,,,,,,,False,False,False,20260921T154333Z,
FRA_E03_strict,FRA,ESA_EXP,E03,1,Social benefits other than social transfers in kind,2009,2009,CY,369634.3,EUR,1935840.2,EUROSTAT_NAMA10_GDP,19.094257,1122607.3,EUROSTAT_GOV10A_MAIN,32.926412,strict,anchor_actual,EUROSTAT_GOV10A_MAIN,2009.0,369634.3,,,,,,,,A,,EUROSTAT_GOV10A_MAIN,2026-07-21,2026-09-03,current,,,,,,,False,False,False,20260921T154333Z,
FRA_E03_strict,FRA,ESA_EXP,E03,1,Social benefits other than social transfers in kind,2010,2010,CY,381066.8,EUR,1996075.1,EUROSTAT_NAMA10_GDP,19.090805,1151961.8,EUROSTAT_GOV10A_MAIN,33.079812,strict,anchor_actual,EUROSTAT_GOV10A_MAIN,2010.0,381066.8,,,,,,,,A,,EUROSTAT_GOV10A_MAIN,2026-07-21,2026-09-03,current,,,,,,,False,False,False,20260921T154333Z,
FRA_E03_strict,FRA,ESA_EXP,E03,1,Social benefits other than social transfers in kind,2011,2011,CY,392506.4,EUR,2062141.4,EUROSTAT_NAMA10_GDP,19.033923,1175704.7,EUROSTAT_GOV10A_MAIN,33.384778,strict,anchor_actual,EUROSTAT_GOV10A_MAIN,2011.0,392506.4,,,,,,,,A,,EUROSTAT_GOV10A_MAIN,2026-07-21,2026-09-03,current,,,,,,,False,False,False,20260921T154333Z,
FRA_E03_strict,FRA,ESA_EXP,E03,1,Social benefits other than social transfers in kind,2012,2012,CY,406488.5,EUR,2088286.7,EUROSTAT_NAMA10_GDP,19.465167,1208953.1,EUROSTAT_GOV10A_MAIN,33.623182,strict,anchor_actual,EUROSTAT_GOV10A_MAIN,2012.0,406488.5,,,,,,,,A,,EUROSTAT_GOV10A_MAIN,2026-07-21,2026-09-03,current,,,,,,,False,False,False,20260921T154333Z,
FRA_E03_strict,FRA,ESA_EXP,E03,1,Social benefits other than social transfers in kind,2013,2013,CY,418605.5,EUR,2120351.9,EUROSTAT_NAMA10_GDP,19.742265,1242358.0,EUROSTAT_GOV10A_MAIN,33.694434,strict,anchor_actual,EUROSTAT_GOV10A_MAIN,2013.0,418605.5,,,,,,,,A,,EUROSTAT_GOV10A_MAIN,2026-07-21,2026-09-03,current,,,,,,,False,False,False,20260921T154333Z,
FRA_E03_strict,FRA,ESA_EXP,E03,1,Social benefits other than social transfers in kind,2014,2014,CY,427027.4,EUR,2153733.1,EUROSTAT_NAMA10_GDP,19.827313,1257649.1,EUROSTAT_GOV10A_MAIN,33.954415,strict,anchor_actual,EUROSTAT_GOV10A_MAIN,2014.0,427027.4,,,,,,,,A,,EUROSTAT_GOV10A_MAIN,2026-07-21,2026-09-03,current,,,,,,,False,False,False,20260921T154333Z,
FRA_E03_strict,FRA,ESA_EXP,E03,1,Social benefits other than social transfers in kind,2015,2015,CY,433874.9,EUR,2201401.6,EUROSTAT_NAMA10_GDP,19.70903,1268007.8,EUROSTAT_GOV10A_MAIN,34.217053,strict,anchor_actual,EUROSTAT_GOV10A_MAIN,2015.0,433874.9,,,,,,,,A,,EUROSTAT_GOV10A_MAIN,2026-07-21,2026-09-03,current,,,,,,,False,False,False,20260921T154333Z,
FRA_E03_strict,FRA,ESA_EXP,E03,1,Social benefits other than social transfers in kind,2016,2016,CY,440517.1,EUR,2231819.2,EUROSTAT_NAMA10_GDP,19.738028,1280648.1,EUROSTAT_GOV10A_MAIN,34.397982,strict,anchor_actual,EUROSTAT_GOV10A_MAIN,2016.0,440517.1,,,,,,,,A,,EUROSTAT_GOV10A_MAIN,2026-07-21,2026-09-03,current,,,,,,,False,False,False,20260921T154333Z,
FRA_E03_strict,FRA,ESA_EXP,E03,1,Social benefits other than social transfers in kind,2017,2017,CY,447707.1,EUR,2291680.5,EUROSTAT_NAMA10_GDP,19.536192,1321444.6,EUROSTAT_GOV10A_MAIN,33.880126,strict,anchor_actual,EUROSTAT_GOV10A_MAIN,2017.0,447707.1,,,,,,,,A,,EUROSTAT_GOV10A_MAIN,2026-07-21,2026-09-03,current,,,,,,,False,False,False,20260921T154333Z,
FRA_E03_strict,FRA,ESA_EXP,E03,1,Social benefits other than social transfers in kind,2018,2018,CY,457155.3,EUR,2355362.8,EUROSTAT_NAMA10_GDP,19.409125,1327632.3,EUROSTAT_GOV10A_MAIN,34.433879,strict,anchor_actual,EUROSTAT_GOV10A_MAIN,2018.0,457155.3,,,,,,,,A,,EUROSTAT_GOV10A_MAIN,2026-07-21,2026-09-03,current,,,,,,,False,False,False,20260921T154333Z,
FRA_E03_strict,FRA,ESA_EXP,E03,1,Social benefits other than social transfers in kind,2019,2019,CY,470560.4,EUR,2432206.8,EUROSTAT_NAMA10_GDP,19.347056,1346154.7,EUROSTAT_GOV10A_MAIN,34.955893,strict,anchor_actual,EUROSTAT_GOV10A_MAIN,2019.0,470560.4,,,,,,,,A,,EUROSTAT_GOV10A_MAIN,2026-07-21,2026-09-03,current,,,,,,,False,False,False,20260921T154333Z,
FRA_E03_strict,FRA,ESA_EXP,E03,1,Social benefits other than social transfers in kind,2020,2020,CY,517837.5,EUR,2318276.2,EUROSTAT_NAMA10_GDP,22.337179,1430357.0,EUROSTAT_GOV10A_MAIN,36.203374,strict,anchor_actual,EUROSTAT_GOV10A_MAIN,2020.0,517837.5,,,,,,,,A,,EUROSTAT_GOV10A_MAIN,2026-07-21,2026-09-03,current,,,,,,,False,False,False,20260921T154333Z,
FRA_E03_strict,FRA,ESA_EXP,E03,1,Social benefits other than social transfers in kind,2021,2021,CY,505925.1,EUR,2508102.3,EUROSTAT_NAMA10_GDP,20.171629,1491381.1,EUROSTAT_GOV10A_MAIN,33.923261,strict,anchor_actual,EUROSTAT_GOV10A_MAIN,2021.0,505925.1,,,,,,,,A,,EUROSTAT_GOV10A_MAIN,2026-07-21,2026-09-03,current,,,,,,,False,False,False,20260921T154333Z,
FRA_E03_strict,FRA,ESA_EXP,E03,1,Social benefits other than social transfers in kind,2022,2022,CY,510034.0,EUR,2653997.2,EUROSTAT_NAMA10_GDP,19.217579,1550331.4,EUROSTAT_GOV10A_MAIN,32.898385,strict,anchor_actual,EUROSTAT_GOV10A_MAIN,2022.0,510034.0,,,,,,,,A,,EUROSTAT_GOV10A_MAIN,2026-07-21,2026-09-03,current,,,,,,,False,False,False,20260921T154333Z,
FRA_E03_strict,FRA,ESA_EXP,E03,1,Social benefits other than social transfers in kind,2023,2023,CY,530907.6,EUR,2833826.4,EUROSTAT_NAMA10_GDP,18.734655,1608270.8,EUROSTAT_GOV10A_MAIN,33.011082,strict,anchor_actual,EUROSTAT_GOV10A_MAIN,2023.0,530907.6,,,,,,,,A,,EUROSTAT_GOV10A_MAIN,2026-07-21,2026-09-03,current,,,,,,,False,False,False,20260921T154333Z,
FRA_E03_strict,FRA,ESA_EXP,E03,1,Social benefits other than social transfers in kind,2024,2024,CY,563685.3,EUR,2935236.2,EUROSTAT_NAMA10_GDP,19.204087,1672708.2,EUROSTAT_GOV10A_MAIN,33.698962,strict,anchor_actual,EUROSTAT_GOV10A_MAIN,2024.0,563685.3,,,,,,,,A,,EUROSTAT_GOV10A_MAIN,2026-07-21,2026-09-03,current,,,,,,,False,False,False,20260921T154333Z,
FRA_E03_strict,FRA,ESA_EXP,E03,1,Social benefits other than social transfers in kind,2025,2025,CY,579542.3,EUR,2991055.9,EUROSTAT_NAMA10_GDP,19.375843,1714137.2,EUROSTAT_GOV10A_MAIN,33.809563,strict,anchor_actual,EUROSTAT_GOV10A_MAIN,2025.0,579542.3,,,,,,,,A,,EUROSTAT_GOV10A_MAIN,2026-07-21,2026-09-03,current,,,,,,,False,False,False,20260921T154333Z,
FRA_E04_strict,FRA,ESA_EXP,E04,1,Social transfers in kind (purchased market production),1995,1995,CY,56994.1,EUR,1213802.4,EUROSTAT_NAMA10_GDP,4.695501,680370.4,EUROSTAT_GOV10A_MAIN,8.376922,strict,anchor_actual,EUROSTAT_GOV10A_MAIN,1995.0,56994.1,,,,,,,,A,,EUROSTAT_GOV10A_MAIN,2026-07-21,2026-09-03,current,,,,,,,False,False,False,20260921T154333Z,
FRA_E04_strict,FRA,ESA_EXP,E04,1,Social transfers in kind (purchased market production),1996,1996,CY,59886.8,EUR,1246973.7,EUROSTAT_NAMA10_GDP,4.802571,698523.5,EUROSTAT_GOV10A_MAIN,8.573341,strict,anchor_actual,EUROSTAT_GOV10A_MAIN,1996.0,59886.8,,,,,,,,A,,EUROSTAT_GOV10A_MAIN,2026-07-21,2026-09-03,current,,,,,,,False,False,False,20260921T154333Z,
FRA_E04_strict,FRA,ESA_EXP,E04,1,Social transfers in kind (purchased market production),1997,1997,CY,62362.1,EUR,1289669.2,EUROSTAT_NAMA10_GDP,4.835511,716646.7,EUROSTAT_GOV10A_MAIN,8.701931,strict,anchor_actual,EUROSTAT_GOV10A_MAIN,1997.0,62362.1,,,,,,,,A,,EUROSTAT_GOV10A_MAIN,2026-07-21,2026-09-03,current,,,,,,,False,False,False,20260921T154333Z,
FRA_E04_strict,FRA,ESA_EXP,E04,1,Social transfers in kind (purchased market production),1998,1998,CY,65004.7,EUR,1346317.6,EUROSTAT_NAMA10_GDP,4.828333,726716.1,EUROSTAT_GOV10A_MAIN,8.944992,strict,anchor_actual,EUROSTAT_GOV10A_MAIN,1998.0,65004.7,,,,,,,,A,,EUROSTAT_GOV10A_MAIN,2026-07-21,2026-09-03,current,,,,,,,False,False,False,20260921T154333Z,
FRA_E04_strict,FRA,ESA_EXP,E04,1,Social transfers in kind (purchased market production),1999,1999,CY,68151.8,EUR,1395148.0,EUROSTAT_NAMA10_GDP,4.884915,748589.0,EUROSTAT_GOV10A_MAIN,9.104034,strict,anchor_actual,EUROSTAT_GOV10A_MAIN,1999.0,68151.8,,,,,,,,A,,EUROSTAT_GOV10A_MAIN,2026-07-21,2026-09-03,current,,,,,,,False,False,False,20260921T154333Z,
FRA_E04_strict,FRA,ESA_EXP,E04,1,Social transfers in kind (purchased market production),2000,2000,CY,71525.9,EUR,1473517.3,EUROSTAT_NAMA10_GDP,4.854093,775348.7,EUROSTAT_GOV10A_MAIN,9.224998,strict,anchor_actual,EUROSTAT_GOV10A_MAIN,2000.0,71525.9,,,,,,,,A,,EUROSTAT_GOV10A_MAIN,2026-07-21,2026-09-03,current,,,,,,,False,False,False,20260921T154333Z,
FRA_E04_strict,FRA,ESA_EXP,E04,1,Social transfers in kind (purchased market production),2001,2001,CY,75946.4,EUR,1530070.9,EUROSTAT_NAMA10_GDP,4.963587,808225.6,EUROSTAT_GOV10A_MAIN,9.396683,strict,anchor_actual,EUROSTAT_GOV10A_MAIN,2001.0,75946.4,,,,,,,,A,,EUROSTAT_GOV10A_MAIN,2026-07-21,2026-09-03,current,,,,,,,False,False,False,20260921T154333Z,
FRA_E04_strict,FRA,ESA_EXP,E04,1,Social transfers in kind (purchased market production),2002,2002,CY,82036.4,EUR,1578330.4,EUROSTAT_NAMA10_GDP,5.19767,851107.4,EUROSTAT_GOV10A_MAIN,9.638784,strict,anchor_actual,EUROSTAT_GOV10A_MAIN,2002.0,82036.4,,,,,,,,A,,EUROSTAT_GOV10A_MAIN,2026-07-21,2026-09-03,current,,,,,,,False,False,False,20260921T154333Z,
FRA_E04_strict,FRA,ESA_EXP,E04,1,Social transfers in kind (purchased market production),2003,2003,CY,88983.8,EUR,1622312.8,EUROSTAT_NAMA10_GDP,5.484996,881785.6,EUROSTAT_GOV10A_MAIN,10.091319,strict,anchor_actual,EUROSTAT_GOV10A_MAIN,2003.0,88983.8,,,,,,,,A,,EUROSTAT_GOV10A_MAIN,2026-07-21,2026-09-03,current,,,,,,,False,False,False,20260921T154333Z,
FRA_E04_strict,FRA,ESA_EXP,E04,1,Social transfers in kind (purchased market production),2004,2004,CY,94549.9,EUR,1696107.7,EUROSTAT_NAMA10_GDP,5.574522,915906.4,EUROSTAT_GOV10A_MAIN,10.323096,strict,anchor_actual,EUROSTAT_GOV10A_MAIN,2004.0,94549.9,,,,,,,,A,,EUROSTAT_GOV10A_MAIN,2026-07-21,2026-09-03,current,,,,,,,False,False,False,20260921T154333Z,
FRA_E04_strict,FRA,ESA_EXP,E04,1,Social transfers in kind (purchased market production),2005,2005,CY,98365.2,EUR,1762047.7,EUROSTAT_NAMA10_GDP,5.582437,956142.5,EUROSTAT_GOV10A_MAIN,10.287713,strict,anchor_actual,EUROSTAT_GOV10A_MAIN,2005.0,98365.2,,,,,,,,A,,EUROSTAT_GOV10A_MAIN,2026-07-21,2026-09-03,current,,,,,,,False,False,False,20260921T154333Z,
FRA_E04_strict,FRA,ESA_EXP,E04,1,Social transfers in kind (purchased market production),2006,2006,CY,102975.6,EUR,1846020.8,EUROSTAT_NAMA10_GDP,5.578247,992240.8,EUROSTAT_GOV10A_MAIN,10.378086,strict,anchor_actual,EUROSTAT_GOV10A_MAIN,2006.0,102975.6,,,,,,,,A,,EUROSTAT_GOV10A_MAIN,2026-07-21,2026-09-03,current,,,,,,,False,False,False,20260921T154333Z,
FRA_E04_strict,FRA,ESA_EXP,E04,1,Social transfers in kind (purchased market production),2007,2007,CY,108628.0,EUR,1937876.3,EUROSTAT_NAMA10_GDP,5.605518,1039287.6,EUROSTAT_GOV10A_MAIN,10.45216,strict,anchor_actual,EUROSTAT_GOV10A_MAIN,2007.0,108628.0,,,,,,,,A,,EUROSTAT_GOV10A_MAIN,2026-07-21,2026-09-03,current,,,,,,,False,False,False,20260921T154333Z,
FRA_E04_strict,FRA,ESA_EXP,E04,1,Social transfers in kind (purchased market production),2008,2008,CY,112567.1,EUR,1989999.7,EUROSTAT_NAMA10_GDP,5.656639,1080220.5,EUROSTAT_GOV10A_MAIN,10.420752,strict,anchor_actual,EUROSTAT_GOV10A_MAIN,2008.0,112567.1,,,,,,,,A,,EUROSTAT_GOV10A_MAIN,2026-07-21,2026-09-03,current,,,,,,,False,False,False,20260921T154333Z,
FRA_E04_strict,FRA,ESA_EXP,E04,1,Social transfers in kind (purchased market production),2009,2009,CY,117050.9,EUR,1935840.2,EUROSTAT_NAMA10_GDP,6.046517,1122607.3,EUROSTAT_GOV10A_MAIN,10.4267,strict,anchor_actual,EUROSTAT_GOV10A_MAIN,2009.0,117050.9,,,,,,,,A,,EUROSTAT_GOV10A_MAIN,2026-07-21,2026-09-03,current,,,,,,,False,False,False,20260921T154333Z,
FRA_E04_strict,FRA,ESA_EXP,E04,1,Social transfers in kind (purchased market production),2010,2010,CY,120866.1,EUR,1996075.1,EUROSTAT_NAMA10_GDP,6.055188,1151961.8,EUROSTAT_GOV10A_MAIN,10.492197,strict,anchor_actual,EUROSTAT_GOV10A_MAIN,2010.0,120866.1,,,,,,,,A,,EUROSTAT_GOV10A_MAIN,2026-07-21,2026-09-03,current,,,,,,,False,False,False,20260921T154333Z,
FRA_E04_strict,FRA,ESA_EXP,E04,1,Social transfers in kind (purchased market production),2011,2011,CY,123766.0,EUR,2062141.4,EUROSTAT_NAMA10_GDP,6.001819,1175704.7,EUROSTAT_GOV10A_MAIN,10.526963,strict,anchor_actual,EUROSTAT_GOV10A_MAIN,2011.0,123766.0,,,,,,,,A,,EUROSTAT_GOV10A_MAIN,2026-07-21,2026-09-03,current,,,,,,,False,False,False,20260921T154333Z,
FRA_E04_strict,FRA,ESA_EXP,E04,1,Social transfers in kind (purchased market production),2012,2012,CY,127270.8,EUR,2088286.7,EUROSTAT_NAMA10_GDP,6.094508,1208953.1,EUROSTAT_GOV10A_MAIN,10.527356,strict,anchor_actual,EUROSTAT_GOV10A_MAIN,2012.0,127270.8,,,,,,,,A,,EUROSTAT_GOV10A_MAIN,2026-07-21,2026-09-03,current,,,,,,,False,False,False,20260921T154333Z,
FRA_E04_strict,FRA,ESA_EXP,E04,1,Social transfers in kind (purchased market production),2013,2013,CY,130227.9,EUR,2120351.9,EUROSTAT_NAMA10_GDP,6.141806,1242358.0,EUROSTAT_GOV10A_MAIN,10.482317,strict,anchor_actual,EUROSTAT_GOV10A_MAIN,2013.0,130227.9,,,,,,,,A,,EUROSTAT_GOV10A_MAIN,2026-07-21,2026-09-03,current,,,,,,,False,False,False,20260921T154333Z,
FRA_E04_strict,FRA,ESA_EXP,E04,1,Social transfers in kind (purchased market production),2014,2014,CY,134107.6,EUR,2153733.1,EUROSTAT_NAMA10_GDP,6.226751,1257649.1,EUROSTAT_GOV10A_MAIN,10.663356,strict,anchor_actual,EUROSTAT_GOV10A_MAIN,2014.0,134107.6,,,,,,,,A,,EUROSTAT_GOV10A_MAIN,2026-07-21,2026-09-03,current,,,,,,,False,False,False,20260921T154333Z,
FRA_E04_strict,FRA,ESA_EXP,E04,1,Social transfers in kind (purchased market production),2015,2015,CY,136175.2,EUR,2201401.6,EUROSTAT_NAMA10_GDP,6.185841,1268007.8,EUROSTAT_GOV10A_MAIN,10.739303,strict,anchor_actual,EUROSTAT_GOV10A_MAIN,2015.0,136175.2,,,,,,,,A,,EUROSTAT_GOV10A_MAIN,2026-07-21,2026-09-03,current,,,,,,,False,False,False,20260921T154333Z,
FRA_E04_strict,FRA,ESA_EXP,E04,1,Social transfers in kind (purchased market production),2016,2016,CY,139712.8,EUR,2231819.2,EUROSTAT_NAMA10_GDP,6.260041,1280648.1,EUROSTAT_GOV10A_MAIN,10.909539,strict,anchor_actual,EUROSTAT_GOV10A_MAIN,2016.0,139712.8,,,,,,,,A,,EUROSTAT_GOV10A_MAIN,2026-07-21,2026-09-03,current,,,,,,,False,False,False,20260921T154333Z,
FRA_E04_strict,FRA,ESA_EXP,E04,1,Social transfers in kind (purchased market production),2017,2017,CY,145512.3,EUR,2291680.5,EUROSTAT_NAMA10_GDP,6.349589,1321444.6,EUROSTAT_GOV10A_MAIN,11.011608,strict,anchor_actual,EUROSTAT_GOV10A_MAIN,2017.0,145512.3,,,,,,,,A,,EUROSTAT_GOV10A_MAIN,2026-07-21,2026-09-03,current,,,,,,,False,False,False,20260921T154333Z,
FRA_E04_strict,FRA,ESA_EXP,E04,1,Social transfers in kind (purchased market production),2018,2018,CY,146972.7,EUR,2355362.8,EUROSTAT_NAMA10_GDP,6.239918,1327632.3,EUROSTAT_GOV10A_MAIN,11.070287,strict,anchor_actual,EUROSTAT_GOV10A_MAIN,2018.0,146972.7,,,,,,,,A,,EUROSTAT_GOV10A_MAIN,2026-07-21,2026-09-03,current,,,,,,,False,False,False,20260921T154333Z,
FRA_E04_strict,FRA,ESA_EXP,E04,1,Social transfers in kind (purchased market production),2019,2019,CY,149581.6,EUR,2432206.8,EUROSTAT_NAMA10_GDP,6.150036,1346154.7,EUROSTAT_GOV10A_MAIN,11.111769,strict,anchor_actual,EUROSTAT_GOV10A_MAIN,2019.0,149581.6,,,,,,,,A,,EUROSTAT_GOV10A_MAIN,2026-07-21,2026-09-03,current,,,,,,,False,False,False,20260921T154333Z,
FRA_E04_strict,FRA,ESA_EXP,E04,1,Social transfers in kind (purchased market production),2020,2020,CY,150582.5,EUR,2318276.2,EUROSTAT_NAMA10_GDP,6.495451,1430357.0,EUROSTAT_GOV10A_MAIN,10.527617,strict,anchor_actual,EUROSTAT_GOV10A_MAIN,2020.0,150582.5,,,,,,,,A,,EUROSTAT_GOV10A_MAIN,2026-07-21,2026-09-03,current,,,,,,,False,False,False,20260921T154333Z,
FRA_E04_strict,FRA,ESA_EXP,E04,1,Social transfers in kind (purchased market production),2021,2021,CY,173273.9,EUR,2508102.3,EUROSTAT_NAMA10_GDP,6.908566,1491381.1,EUROSTAT_GOV10A_MAIN,11.618352,strict,anchor_actual,EUROSTAT_GOV10A_MAIN,2021.0,173273.9,,,,,,,,A,,EUROSTAT_GOV10A_MAIN,2026-07-21,2026-09-03,current,,,,,,,False,False,False,20260921T154333Z,
FRA_E04_strict,FRA,ESA_EXP,E04,1,Social transfers in kind (purchased market production),2022,2022,CY,175858.0,EUR,2653997.2,EUROSTAT_NAMA10_GDP,6.626156,1550331.4,EUROSTAT_GOV10A_MAIN,11.343252,strict,anchor_actual,EUROSTAT_GOV10A_MAIN,2022.0,175858.0,,,,,,,,A,,EUROSTAT_GOV10A_MAIN,2026-07-21,2026-09-03,current,,,,,,,False,False,False,20260921T154333Z,
FRA_E04_strict,FRA,ESA_EXP,E04,1,Social transfers in kind (purchased market production),2023,2023,CY,178135.4,EUR,2833826.4,EUROSTAT_NAMA10_GDP,6.286038,1608270.8,EUROSTAT_GOV10A_MAIN,11.076207,strict,anchor_actual,EUROSTAT_GOV10A_MAIN,2023.0,178135.4,,,,,,,,A,,EUROSTAT_GOV10A_MAIN,2026-07-21,2026-09-03,current,,,,,,,False,False,False,20260921T154333Z,
FRA_E04_strict,FRA,ESA_EXP,E04,1,Social transfers in kind (purchased market production),2024,2024,CY,183733.7,EUR,2935236.2,EUROSTAT_NAMA10_GDP,6.259588,1672708.2,EUROSTAT_GOV10A_MAIN,10.984205,strict,anchor_actual,EUROSTAT_GOV10A_MAIN,2024.0,183733.7,,,,,,,,A,,EUROSTAT_GOV10A_MAIN,2026-07-21,2026-09-03,current,,,,,,,False,False,False,20260921T154333Z,
FRA_E04_strict,FRA,ESA_EXP,E04,1,Social transfers in kind (purchased market production),2025,2025,CY,191496.7,EUR,2991055.9,EUROSTAT_NAMA10_GDP,6.402311,1714137.2,EUROSTAT_GOV10A_MAIN,11.171609,strict,anchor_actual,EUROSTAT_GOV10A_MAIN,2025.0,191496.7,,,,,,,,A,,EUROSTAT_GOV10A_MAIN,2026-07-21,2026-09-03,current,,,,,,,False,False,False,20260921T154333Z,
FRA_E05_strict,FRA,ESA_EXP,E05,1,Interest payable,1995,1995,CY,41982.6,EUR,1213802.4,EUROSTAT_NAMA10_GDP,3.458767,680370.4,EUROSTAT_GOV10A_MAIN,6.170551,strict,anchor_actual,EUROSTAT_GOV10A_MAIN,1995.0,41982.6,,,,,,,,A,,EUROSTAT_GOV10A_MAIN,2026-07-21,2026-09-03,current,,d41_gross_accrued,43705.6,4.1041,,,False,False,False,20260921T154333Z,
FRA_E05_strict,FRA,ESA_EXP,E05,1,Interest payable,1996,1996,CY,45073.4,EUR,1246973.7,EUROSTAT_NAMA10_GDP,3.614623,698523.5,EUROSTAT_GOV10A_MAIN,6.452668,strict,anchor_actual,EUROSTAT_GOV10A_MAIN,1996.0,45073.4,,,,,,,,A,,EUROSTAT_GOV10A_MAIN,2026-07-21,2026-09-03,current,,d41_gross_accrued,46892.2,4.0352,,,False,False,False,20260921T154333Z,
FRA_E05_strict,FRA,ESA_EXP,E05,1,Interest payable,1997,1997,CY,45796.3,EUR,1289669.2,EUROSTAT_NAMA10_GDP,3.551011,716646.7,EUROSTAT_GOV10A_MAIN,6.390359,strict,anchor_actual,EUROSTAT_GOV10A_MAIN,1997.0,45796.3,,,,,,,,A,,EUROSTAT_GOV10A_MAIN,2026-07-21,2026-09-03,current,,d41_gross_accrued,47090.1,2.8251,,,False,False,False,20260921T154333Z,
FRA_E05_strict,FRA,ESA_EXP,E05,1,Interest payable,1998,1998,CY,45585.8,EUR,1346317.6,EUROSTAT_NAMA10_GDP,3.385962,726716.1,EUROSTAT_GOV10A_MAIN,6.272849,strict,anchor_actual,EUROSTAT_GOV10A_MAIN,1998.0,45585.8,,,,,,,,A,,EUROSTAT_GOV10A_MAIN,2026-07-21,2026-09-03,current,,d41_gross_accrued,47002.0,3.1067,,,False,False,False,20260921T154333Z,
FRA_E05_strict,FRA,ESA_EXP,E05,1,Interest payable,1999,1999,CY,42943.3,EUR,1395148.0,EUROSTAT_NAMA10_GDP,3.078046,748589.0,EUROSTAT_GOV10A_MAIN,5.736566,strict,anchor_actual,EUROSTAT_GOV10A_MAIN,1999.0,42943.3,,,,,,,,A,,EUROSTAT_GOV10A_MAIN,2026-07-21,2026-09-03,current,,d41_gross_accrued,45459.8,5.8601,,,False,False,False,20260921T154333Z,
FRA_E05_strict,FRA,ESA_EXP,E05,1,Interest payable,2000,2000,CY,43605.9,EUR,1473517.3,EUROSTAT_NAMA10_GDP,2.959307,775348.7,EUROSTAT_GOV10A_MAIN,5.624037,strict,anchor_actual,EUROSTAT_GOV10A_MAIN,2000.0,43605.9,,,,,,,,A,,EUROSTAT_GOV10A_MAIN,2026-07-21,2026-09-03,current,,d41_gross_accrued,46267.0,6.1026,,,False,False,False,20260921T154333Z,
FRA_E05_strict,FRA,ESA_EXP,E05,1,Interest payable,2001,2001,CY,46706.4,EUR,1530070.9,EUROSTAT_NAMA10_GDP,3.052564,808225.6,EUROSTAT_GOV10A_MAIN,5.778882,strict,anchor_actual,EUROSTAT_GOV10A_MAIN,2001.0,46706.4,,,,,,,,A,,EUROSTAT_GOV10A_MAIN,2026-07-21,2026-09-03,current,,d41_gross_accrued,47861.4,2.4729,,,False,False,False,20260921T154333Z,
FRA_E05_strict,FRA,ESA_EXP,E05,1,Interest payable,2002,2002,CY,47793.5,EUR,1578330.4,EUROSTAT_NAMA10_GDP,3.028105,851107.4,EUROSTAT_GOV10A_MAIN,5.615449,strict,anchor_actual,EUROSTAT_GOV10A_MAIN,2002.0,47793.5,,,,,,,,A,,EUROSTAT_GOV10A_MAIN,2026-07-21,2026-09-03,current,,d41_gross_accrued,49073.3,2.6778,,,False,False,False,20260921T154333Z,
FRA_E05_strict,FRA,ESA_EXP,E05,1,Interest payable,2003,2003,CY,46658.1,EUR,1622312.8,EUROSTAT_NAMA10_GDP,2.876024,881785.6,EUROSTAT_GOV10A_MAIN,5.29132,strict,anchor_actual,EUROSTAT_GOV10A_MAIN,2003.0,46658.1,,,,,,,,A,,EUROSTAT_GOV10A_MAIN,2026-07-21,2026-09-03,current,,d41_gross_accrued,47774.1,2.3919,,,False,False,False,20260921T154333Z,
FRA_E05_strict,FRA,ESA_EXP,E05,1,Interest payable,2004,2004,CY,47510.6,EUR,1696107.7,EUROSTAT_NAMA10_GDP,2.801155,915906.4,EUROSTAT_GOV10A_MAIN,5.187277,strict,anchor_actual,EUROSTAT_GOV10A_MAIN,2004.0,47510.6,,,,,,,,A,,EUROSTAT_GOV10A_MAIN,2026-07-21,2026-09-03,current,,d41_gross_accrued,48507.5,2.0983,,,False,False,False,20260921T154333Z,
FRA_E05_strict,FRA,ESA_EXP,E05,1,Interest payable,2005,2005,CY,47845.1,EUR,1762047.7,EUROSTAT_NAMA10_GDP,2.715312,956142.5,EUROSTAT_GOV10A_MAIN,5.003972,strict,anchor_actual,EUROSTAT_GOV10A_MAIN,2005.0,47845.1,,,,,,,,A,,EUROSTAT_GOV10A_MAIN,2026-07-21,2026-09-03,current,,d41_gross_accrued,49628.3,3.727,,,False,False,False,20260921T154333Z,
FRA_E05_strict,FRA,ESA_EXP,E05,1,Interest payable,2006,2006,CY,48060.1,EUR,1846020.8,EUROSTAT_NAMA10_GDP,2.603443,992240.8,EUROSTAT_GOV10A_MAIN,4.843592,strict,anchor_actual,EUROSTAT_GOV10A_MAIN,2006.0,48060.1,,,,,,,,A,,EUROSTAT_GOV10A_MAIN,2026-07-21,2026-09-03,current,,d41_gross_accrued,49445.1,2.8818,,,False,False,False,20260921T154333Z,
FRA_E05_strict,FRA,ESA_EXP,E05,1,Interest payable,2007,2007,CY,52095.2,EUR,1937876.3,EUROSTAT_NAMA10_GDP,2.688262,1039287.6,EUROSTAT_GOV10A_MAIN,5.012587,strict,anchor_actual,EUROSTAT_GOV10A_MAIN,2007.0,52095.2,,,,,,,,A,,EUROSTAT_GOV10A_MAIN,2026-07-21,2026-09-03,current,,d41_gross_accrued,52643.7,1.0529,,,False,False,False,20260921T154333Z,
FRA_E05_strict,FRA,ESA_EXP,E05,1,Interest payable,2008,2008,CY,57169.3,EUR,1989999.7,EUROSTAT_NAMA10_GDP,2.87283,1080220.5,EUROSTAT_GOV10A_MAIN,5.292373,strict,anchor_actual,EUROSTAT_GOV10A_MAIN,2008.0,57169.3,,,,,,,,A,,EUROSTAT_GOV10A_MAIN,2026-07-21,2026-09-03,current,,d41_gross_accrued,56886.5,-0.4947,,,False,False,False,20260921T154333Z,
FRA_E05_strict,FRA,ESA_EXP,E05,1,Interest payable,2009,2009,CY,49281.5,EUR,1935840.2,EUROSTAT_NAMA10_GDP,2.545742,1122607.3,EUROSTAT_GOV10A_MAIN,4.389914,strict,anchor_actual,EUROSTAT_GOV10A_MAIN,2009.0,49281.5,,,,,,,,A,,EUROSTAT_GOV10A_MAIN,2026-07-21,2026-09-03,current,,d41_gross_accrued,50922.4,3.3296,,,False,False,False,20260921T154333Z,
FRA_E05_strict,FRA,ESA_EXP,E05,1,Interest payable,2010,2010,CY,50707.9,EUR,1996075.1,EUROSTAT_NAMA10_GDP,2.54038,1151961.8,EUROSTAT_GOV10A_MAIN,4.401873,strict,anchor_actual,EUROSTAT_GOV10A_MAIN,2010.0,50707.9,,,,,,,,A,,EUROSTAT_GOV10A_MAIN,2026-07-21,2026-09-03,current,,d41_gross_accrued,53968.0,6.4292,,,False,False,False,20260921T154333Z,
FRA_E05_strict,FRA,ESA_EXP,E05,1,Interest payable,2011,2011,CY,55995.7,EUR,2062141.4,EUROSTAT_NAMA10_GDP,2.715415,1175704.7,EUROSTAT_GOV10A_MAIN,4.762735,strict,anchor_actual,EUROSTAT_GOV10A_MAIN,2011.0,55995.7,,,,,,,,A,,EUROSTAT_GOV10A_MAIN,2026-07-21,2026-09-03,current,,d41_gross_accrued,58427.3,4.3425,,,False,False,False,20260921T154333Z,
FRA_E05_strict,FRA,ESA_EXP,E05,1,Interest payable,2012,2012,CY,54940.8,EUR,2088286.7,EUROSTAT_NAMA10_GDP,2.630903,1208953.1,EUROSTAT_GOV10A_MAIN,4.544494,strict,anchor_actual,EUROSTAT_GOV10A_MAIN,2012.0,54940.8,,,,,,,,A,,EUROSTAT_GOV10A_MAIN,2026-07-21,2026-09-03,current,,d41_gross_accrued,57525.6,4.7047,,,False,False,False,20260921T154333Z,
FRA_E05_strict,FRA,ESA_EXP,E05,1,Interest payable,2013,2013,CY,49426.0,EUR,2120351.9,EUROSTAT_NAMA10_GDP,2.331028,1242358.0,EUROSTAT_GOV10A_MAIN,3.978402,strict,anchor_actual,EUROSTAT_GOV10A_MAIN,2013.0,49426.0,,,,,,,,A,,EUROSTAT_GOV10A_MAIN,2026-07-21,2026-09-03,current,,d41_gross_accrued,52586.4,6.3942,,,False,False,False,20260921T154333Z,
FRA_E05_strict,FRA,ESA_EXP,E05,1,Interest payable,2014,2014,CY,47315.8,EUR,2153733.1,EUROSTAT_NAMA10_GDP,2.19692,1257649.1,EUROSTAT_GOV10A_MAIN,3.762242,strict,anchor_actual,EUROSTAT_GOV10A_MAIN,2014.0,47315.8,,,,,,,,A,,EUROSTAT_GOV10A_MAIN,2026-07-21,2026-09-03,current,,d41_gross_accrued,51239.2,8.2919,,,False,False,False,20260921T154333Z,
FRA_E05_strict,FRA,ESA_EXP,E05,1,Interest payable,2015,2015,CY,44707.4,EUR,2201401.6,EUROSTAT_NAMA10_GDP,2.030861,1268007.8,EUROSTAT_GOV10A_MAIN,3.525799,strict,anchor_actual,EUROSTAT_GOV10A_MAIN,2015.0,44707.4,,,,,,,,A,,EUROSTAT_GOV10A_MAIN,2026-07-21,2026-09-03,current,,d41_gross_accrued,48539.8,8.5722,,,False,False,False,20260921T154333Z,
FRA_E05_strict,FRA,ESA_EXP,E05,1,Interest payable,2016,2016,CY,42430.7,EUR,2231819.2,EUROSTAT_NAMA10_GDP,1.901171,1280648.1,EUROSTAT_GOV10A_MAIN,3.313221,strict,anchor_actual,EUROSTAT_GOV10A_MAIN,2016.0,42430.7,,,,,,,,A,,EUROSTAT_GOV10A_MAIN,2026-07-21,2026-09-03,current,,d41_gross_accrued,46424.2,9.4118,,,False,False,False,20260921T154333Z,
FRA_E05_strict,FRA,ESA_EXP,E05,1,Interest payable,2017,2017,CY,41020.1,EUR,2291680.5,EUROSTAT_NAMA10_GDP,1.789957,1321444.6,EUROSTAT_GOV10A_MAIN,3.104186,strict,anchor_actual,EUROSTAT_GOV10A_MAIN,2017.0,41020.1,,,,,,,,A,,EUROSTAT_GOV10A_MAIN,2026-07-21,2026-09-03,current,,d41_gross_accrued,44662.3,8.8791,,,False,False,False,20260921T154333Z,
FRA_E05_strict,FRA,ESA_EXP,E05,1,Interest payable,2018,2018,CY,41660.6,EUR,2355362.8,EUROSTAT_NAMA10_GDP,1.768755,1327632.3,EUROSTAT_GOV10A_MAIN,3.137962,strict,anchor_actual,EUROSTAT_GOV10A_MAIN,2018.0,41660.6,,,,,,,,A,,EUROSTAT_GOV10A_MAIN,2026-07-21,2026-09-03,current,,d41_gross_accrued,44903.3,7.7836,,,False,False,False,20260921T154333Z,
FRA_E05_strict,FRA,ESA_EXP,E05,1,Interest payable,2019,2019,CY,36868.2,EUR,2432206.8,EUROSTAT_NAMA10_GDP,1.515833,1346154.7,EUROSTAT_GOV10A_MAIN,2.738779,strict,anchor_actual,EUROSTAT_GOV10A_MAIN,2019.0,36868.2,,,,,,,,A,,EUROSTAT_GOV10A_MAIN,2026-07-21,2026-09-03,current,,d41_gross_accrued,39720.0,7.7351,,,False,False,False,20260921T154333Z,
FRA_E05_strict,FRA,ESA_EXP,E05,1,Interest payable,2020,2020,CY,29724.1,EUR,2318276.2,EUROSTAT_NAMA10_GDP,1.282164,1430357.0,EUROSTAT_GOV10A_MAIN,2.07809,strict,anchor_actual,EUROSTAT_GOV10A_MAIN,2020.0,29724.1,,,,,,,,A,,EUROSTAT_GOV10A_MAIN,2026-07-21,2026-09-03,current,,d41_gross_accrued,32693.0,9.9882,,,False,False,False,20260921T154333Z,
FRA_E05_strict,FRA,ESA_EXP,E05,1,Interest payable,2021,2021,CY,34799.9,EUR,2508102.3,EUROSTAT_NAMA10_GDP,1.387499,1491381.1,EUROSTAT_GOV10A_MAIN,2.333401,strict,anchor_actual,EUROSTAT_GOV10A_MAIN,2021.0,34799.9,,,,,,,,A,,EUROSTAT_GOV10A_MAIN,2026-07-21,2026-09-03,current,,d41_gross_accrued,37608.9,8.0719,,,False,False,False,20260921T154333Z,
FRA_E05_strict,FRA,ESA_EXP,E05,1,Interest payable,2022,2022,CY,50934.0,EUR,2653997.2,EUROSTAT_NAMA10_GDP,1.919143,1550331.4,EUROSTAT_GOV10A_MAIN,3.285362,strict,anchor_actual,EUROSTAT_GOV10A_MAIN,2022.0,50934.0,,,,,,,,A,,EUROSTAT_GOV10A_MAIN,2026-07-21,2026-09-03,current,,d41_gross_accrued,52752.0,3.5693,,,False,False,False,20260921T154333Z,
FRA_E05_strict,FRA,ESA_EXP,E05,1,Interest payable,2023,2023,CY,53409.9,EUR,2833826.4,EUROSTAT_NAMA10_GDP,1.884727,1608270.8,EUROSTAT_GOV10A_MAIN,3.320952,strict,anchor_actual,EUROSTAT_GOV10A_MAIN,2023.0,53409.9,,,,,,,,A,,EUROSTAT_GOV10A_MAIN,2026-07-21,2026-09-03,current,,d41_gross_accrued,50649.2,-5.1689,,,False,False,False,20260921T154333Z,
FRA_E05_strict,FRA,ESA_EXP,E05,1,Interest payable,2024,2024,CY,60130.9,EUR,2935236.2,EUROSTAT_NAMA10_GDP,2.048588,1672708.2,EUROSTAT_GOV10A_MAIN,3.594823,strict,anchor_actual,EUROSTAT_GOV10A_MAIN,2024.0,60130.9,,,,,,,,A,,EUROSTAT_GOV10A_MAIN,2026-07-21,2026-09-03,current,,d41_gross_accrued,58023.2,-3.5052,,,False,False,False,20260921T154333Z,
FRA_E05_strict,FRA,ESA_EXP,E05,1,Interest payable,2025,2025,CY,66635.9,EUR,2991055.9,EUROSTAT_NAMA10_GDP,2.227839,1714137.2,EUROSTAT_GOV10A_MAIN,3.887431,strict,anchor_actual,EUROSTAT_GOV10A_MAIN,2025.0,66635.9,,,,,,,,A,,EUROSTAT_GOV10A_MAIN,2026-07-21,2026-09-03,current,,d41_gross_accrued,,,,,False,False,False,20260921T154333Z,
FRA_E06_strict,FRA,ESA_EXP,E06,1,Subsidies,1995,1995,CY,18371.5,EUR,1213802.4,EUROSTAT_NAMA10_GDP,1.513549,680370.4,EUROSTAT_GOV10A_MAIN,2.70022,strict,anchor_actual,EUROSTAT_GOV10A_MAIN,1995.0,18371.5,,,,,,,,A,,EUROSTAT_GOV10A_MAIN,2026-07-21,2026-09-03,current,,,18371.5,0.0,,,False,False,False,20260921T154333Z,
FRA_E06_strict,FRA,ESA_EXP,E06,1,Subsidies,1996,1996,CY,19115.3,EUR,1246973.7,EUROSTAT_NAMA10_GDP,1.532935,698523.5,EUROSTAT_GOV10A_MAIN,2.736529,strict,anchor_actual,EUROSTAT_GOV10A_MAIN,1996.0,19115.3,,,,,,,,A,,EUROSTAT_GOV10A_MAIN,2026-07-21,2026-09-03,current,,,19115.3,0.0,,,False,False,False,20260921T154333Z,
FRA_E06_strict,FRA,ESA_EXP,E06,1,Subsidies,1997,1997,CY,18612.3,EUR,1289669.2,EUROSTAT_NAMA10_GDP,1.443184,716646.7,EUROSTAT_GOV10A_MAIN,2.597137,strict,anchor_actual,EUROSTAT_GOV10A_MAIN,1997.0,18612.3,,,,,,,,A,,EUROSTAT_GOV10A_MAIN,2026-07-21,2026-09-03,current,,,18612.3,0.0,,,False,False,False,20260921T154333Z,
FRA_E06_strict,FRA,ESA_EXP,E06,1,Subsidies,1998,1998,CY,19098.7,EUR,1346317.6,EUROSTAT_NAMA10_GDP,1.418588,726716.1,EUROSTAT_GOV10A_MAIN,2.628083,strict,anchor_actual,EUROSTAT_GOV10A_MAIN,1998.0,19098.7,,,,,,,,A,,EUROSTAT_GOV10A_MAIN,2026-07-21,2026-09-03,current,,,19098.7,0.0,,,False,False,False,20260921T154333Z,
FRA_E06_strict,FRA,ESA_EXP,E06,1,Subsidies,1999,1999,CY,19937.2,EUR,1395148.0,EUROSTAT_NAMA10_GDP,1.429038,748589.0,EUROSTAT_GOV10A_MAIN,2.663304,strict,anchor_actual,EUROSTAT_GOV10A_MAIN,1999.0,19937.2,,,,,,,,A,,EUROSTAT_GOV10A_MAIN,2026-07-21,2026-09-03,current,,,19937.2,0.0,,,False,False,False,20260921T154333Z,
FRA_E06_strict,FRA,ESA_EXP,E06,1,Subsidies,2000,2000,CY,19764.8,EUR,1473517.3,EUROSTAT_NAMA10_GDP,1.341335,775348.7,EUROSTAT_GOV10A_MAIN,2.54915,strict,anchor_actual,EUROSTAT_GOV10A_MAIN,2000.0,19764.8,,,,,,,,A,,EUROSTAT_GOV10A_MAIN,2026-07-21,2026-09-03,current,,,19764.8,0.0,,,False,False,False,20260921T154333Z,
FRA_E06_strict,FRA,ESA_EXP,E06,1,Subsidies,2001,2001,CY,21984.4,EUR,1530070.9,EUROSTAT_NAMA10_GDP,1.436822,808225.6,EUROSTAT_GOV10A_MAIN,2.720082,strict,anchor_actual,EUROSTAT_GOV10A_MAIN,2001.0,21984.4,,,,,,,,A,,EUROSTAT_GOV10A_MAIN,2026-07-21,2026-09-03,current,,,21984.4,0.0,,,False,False,False,20260921T154333Z,
FRA_E06_strict,FRA,ESA_EXP,E06,1,Subsidies,2002,2002,CY,25182.3,EUR,1578330.4,EUROSTAT_NAMA10_GDP,1.595502,851107.4,EUROSTAT_GOV10A_MAIN,2.958769,strict,anchor_actual,EUROSTAT_GOV10A_MAIN,2002.0,25182.3,,,,,,,,A,,EUROSTAT_GOV10A_MAIN,2026-07-21,2026-09-03,current,,,25182.3,0.0,,,False,False,False,20260921T154333Z,
FRA_E06_strict,FRA,ESA_EXP,E06,1,Subsidies,2003,2003,CY,25000.5,EUR,1622312.8,EUROSTAT_NAMA10_GDP,1.541041,881785.6,EUROSTAT_GOV10A_MAIN,2.835213,strict,anchor_actual,EUROSTAT_GOV10A_MAIN,2003.0,25000.5,,,,,,,,A,,EUROSTAT_GOV10A_MAIN,2026-07-21,2026-09-03,current,,,25000.5,0.0,,,False,False,False,20260921T154333Z,
FRA_E06_strict,FRA,ESA_EXP,E06,1,Subsidies,2004,2004,CY,24295.9,EUR,1696107.7,EUROSTAT_NAMA10_GDP,1.43245,915906.4,EUROSTAT_GOV10A_MAIN,2.652662,strict,anchor_actual,EUROSTAT_GOV10A_MAIN,2004.0,24295.9,,,,,,,,A,,EUROSTAT_GOV10A_MAIN,2026-07-21,2026-09-03,current,,,24295.9,0.0,,,False,False,False,20260921T154333Z,
FRA_E06_strict,FRA,ESA_EXP,E06,1,Subsidies,2005,2005,CY,24117.8,EUR,1762047.7,EUROSTAT_NAMA10_GDP,1.368737,956142.5,EUROSTAT_GOV10A_MAIN,2.522406,strict,anchor_actual,EUROSTAT_GOV10A_MAIN,2005.0,24117.8,,,,,,,,A,,EUROSTAT_GOV10A_MAIN,2026-07-21,2026-09-03,current,,,24117.8,0.0,,,False,False,False,20260921T154333Z,
FRA_E06_strict,FRA,ESA_EXP,E06,1,Subsidies,2006,2006,CY,25294.3,EUR,1846020.8,EUROSTAT_NAMA10_GDP,1.370207,992240.8,EUROSTAT_GOV10A_MAIN,2.54921,strict,anchor_actual,EUROSTAT_GOV10A_MAIN,2006.0,25294.3,,,,,,,,A,,EUROSTAT_GOV10A_MAIN,2026-07-21,2026-09-03,current,,,25294.3,0.0,,,False,False,False,20260921T154333Z,
FRA_E06_strict,FRA,ESA_EXP,E06,1,Subsidies,2007,2007,CY,28471.8,EUR,1937876.3,EUROSTAT_NAMA10_GDP,1.469227,1039287.6,EUROSTAT_GOV10A_MAIN,2.73955,strict,anchor_actual,EUROSTAT_GOV10A_MAIN,2007.0,28471.8,,,,,,,,A,,EUROSTAT_GOV10A_MAIN,2026-07-21,2026-09-03,current,,,28471.8,0.0,,,False,False,False,20260921T154333Z,
FRA_E06_strict,FRA,ESA_EXP,E06,1,Subsidies,2008,2008,CY,29702.7,EUR,1989999.7,EUROSTAT_NAMA10_GDP,1.492598,1080220.5,EUROSTAT_GOV10A_MAIN,2.749689,strict,anchor_actual,EUROSTAT_GOV10A_MAIN,2008.0,29702.7,,,,,,,,A,,EUROSTAT_GOV10A_MAIN,2026-07-21,2026-09-03,current,,,29702.7,0.0,,,False,False,False,20260921T154333Z,
FRA_E06_strict,FRA,ESA_EXP,E06,1,Subsidies,2009,2009,CY,33047.6,EUR,1935840.2,EUROSTAT_NAMA10_GDP,1.707145,1122607.3,EUROSTAT_GOV10A_MAIN,2.943826,strict,anchor_actual,EUROSTAT_GOV10A_MAIN,2009.0,33047.6,,,,,,,,A,,EUROSTAT_GOV10A_MAIN,2026-07-21,2026-09-03,current,,,33047.6,0.0,,,False,False,False,20260921T154333Z,
FRA_E06_strict,FRA,ESA_EXP,E06,1,Subsidies,2010,2010,CY,34832.0,EUR,1996075.1,EUROSTAT_NAMA10_GDP,1.745025,1151961.8,EUROSTAT_GOV10A_MAIN,3.023711,strict,anchor_actual,EUROSTAT_GOV10A_MAIN,2010.0,34832.0,,,,,,,,A,,EUROSTAT_GOV10A_MAIN,2026-07-21,2026-09-03,current,,,34832.0,0.0,,,False,False,False,20260921T154333Z,
FRA_E06_strict,FRA,ESA_EXP,E06,1,Subsidies,2011,2011,CY,33352.9,EUR,2062141.4,EUROSTAT_NAMA10_GDP,1.617392,1175704.7,EUROSTAT_GOV10A_MAIN,2.836843,strict,anchor_actual,EUROSTAT_GOV10A_MAIN,2011.0,33352.9,,,,,,,,A,,EUROSTAT_GOV10A_MAIN,2026-07-21,2026-09-03,current,,,33352.9,0.0,,,False,False,False,20260921T154333Z,
FRA_E06_strict,FRA,ESA_EXP,E06,1,Subsidies,2012,2012,CY,34805.8,EUR,2088286.7,EUROSTAT_NAMA10_GDP,1.666716,1208953.1,EUROSTAT_GOV10A_MAIN,2.879003,strict,anchor_actual,EUROSTAT_GOV10A_MAIN,2012.0,34805.8,,,,,,,,A,,EUROSTAT_GOV10A_MAIN,2026-07-21,2026-09-03,current,,,34805.8,0.0,,,False,False,False,20260921T154333Z,
FRA_E06_strict,FRA,ESA_EXP,E06,1,Subsidies,2013,2013,CY,46579.2,EUR,2120351.9,EUROSTAT_NAMA10_GDP,2.196767,1242358.0,EUROSTAT_GOV10A_MAIN,3.749257,strict,anchor_actual,EUROSTAT_GOV10A_MAIN,2013.0,46579.2,,,,,,,,A,,EUROSTAT_GOV10A_MAIN,2026-07-21,2026-09-03,current,,,46579.2,0.0,,,False,False,False,20260921T154333Z,
FRA_E06_strict,FRA,ESA_EXP,E06,1,Subsidies,2014,2014,CY,53555.7,EUR,2153733.1,EUROSTAT_NAMA10_GDP,2.486645,1257649.1,EUROSTAT_GOV10A_MAIN,4.258398,strict,anchor_actual,EUROSTAT_GOV10A_MAIN,2014.0,53555.7,,,,,,,,A,,EUROSTAT_GOV10A_MAIN,2026-07-21,2026-09-03,current,,,53555.7,0.0,,,False,False,False,20260921T154333Z,
FRA_E06_strict,FRA,ESA_EXP,E06,1,Subsidies,2015,2015,CY,55295.5,EUR,2201401.6,EUROSTAT_NAMA10_GDP,2.511832,1268007.8,EUROSTAT_GOV10A_MAIN,4.360817,strict,anchor_actual,EUROSTAT_GOV10A_MAIN,2015.0,55295.5,,,,,,,,A,,EUROSTAT_GOV10A_MAIN,2026-07-21,2026-09-03,current,,,55295.5,0.0,,,False,False,False,20260921T154333Z,
FRA_E06_strict,FRA,ESA_EXP,E06,1,Subsidies,2016,2016,CY,54603.0,EUR,2231819.2,EUROSTAT_NAMA10_GDP,2.446569,1280648.1,EUROSTAT_GOV10A_MAIN,4.263701,strict,anchor_actual,EUROSTAT_GOV10A_MAIN,2016.0,54603.0,,,,,,,,A,,EUROSTAT_GOV10A_MAIN,2026-07-21,2026-09-03,current,,,54603.0,0.0,,,False,False,False,20260921T154333Z,
FRA_E06_strict,FRA,ESA_EXP,E06,1,Subsidies,2017,2017,CY,59586.9,EUR,2291680.5,EUROSTAT_NAMA10_GDP,2.60014,1321444.6,EUROSTAT_GOV10A_MAIN,4.509224,strict,anchor_actual,EUROSTAT_GOV10A_MAIN,2017.0,59586.9,,,,,,,,A,,EUROSTAT_GOV10A_MAIN,2026-07-21,2026-09-03,current,,,59586.9,0.0,,,False,False,False,20260921T154333Z,
FRA_E06_strict,FRA,ESA_EXP,E06,1,Subsidies,2018,2018,CY,55760.1,EUR,2355362.8,EUROSTAT_NAMA10_GDP,2.367368,1327632.3,EUROSTAT_GOV10A_MAIN,4.199966,strict,anchor_actual,EUROSTAT_GOV10A_MAIN,2018.0,55760.1,,,,,,,,A,,EUROSTAT_GOV10A_MAIN,2026-07-21,2026-09-03,current,,,55760.1,0.0,,,False,False,False,20260921T154333Z,
FRA_E06_strict,FRA,ESA_EXP,E06,1,Subsidies,2019,2019,CY,40616.0,EUR,2432206.8,EUROSTAT_NAMA10_GDP,1.669924,1346154.7,EUROSTAT_GOV10A_MAIN,3.017187,strict,anchor_actual,EUROSTAT_GOV10A_MAIN,2019.0,40616.0,,,,,,,,A,,EUROSTAT_GOV10A_MAIN,2026-07-21,2026-09-03,current,,,40616.0,0.0,,,False,False,False,20260921T154333Z,
FRA_E06_strict,FRA,ESA_EXP,E06,1,Subsidies,2020,2020,CY,70065.0,EUR,2318276.2,EUROSTAT_NAMA10_GDP,3.022289,1430357.0,EUROSTAT_GOV10A_MAIN,4.898427,strict,anchor_actual,EUROSTAT_GOV10A_MAIN,2020.0,70065.0,,,,,,,,A,,EUROSTAT_GOV10A_MAIN,2026-07-21,2026-09-03,current,,,70065.0,0.0,,,False,False,False,20260921T154333Z,
FRA_E06_strict,FRA,ESA_EXP,E06,1,Subsidies,2021,2021,CY,77268.0,EUR,2508102.3,EUROSTAT_NAMA10_GDP,3.080736,1491381.1,EUROSTAT_GOV10A_MAIN,5.18097,strict,anchor_actual,EUROSTAT_GOV10A_MAIN,2021.0,77268.0,,,,,,,,A,,EUROSTAT_GOV10A_MAIN,2026-07-21,2026-09-03,current,,,77268.0,0.0,,,False,False,False,20260921T154333Z,
FRA_E06_strict,FRA,ESA_EXP,E06,1,Subsidies,2022,2022,CY,74016.0,EUR,2653997.2,EUROSTAT_NAMA10_GDP,2.78885,1550331.4,EUROSTAT_GOV10A_MAIN,4.774205,strict,anchor_actual,EUROSTAT_GOV10A_MAIN,2022.0,74016.0,,,,,,,,A,,EUROSTAT_GOV10A_MAIN,2026-07-21,2026-09-03,current,,,74016.0,0.0,,,False,False,False,20260921T154333Z,
FRA_E06_strict,FRA,ESA_EXP,E06,1,Subsidies,2023,2023,CY,70504.0,EUR,2833826.4,EUROSTAT_NAMA10_GDP,2.487944,1608270.8,EUROSTAT_GOV10A_MAIN,4.383839,strict,anchor_actual,EUROSTAT_GOV10A_MAIN,2023.0,70504.0,,,,,,,,A,,EUROSTAT_GOV10A_MAIN,2026-07-21,2026-09-03,current,,,69952.0,-0.7829,,,False,False,False,20260921T154333Z,
FRA_E06_strict,FRA,ESA_EXP,E06,1,Subsidies,2024,2024,CY,57467.0,EUR,2935236.2,EUROSTAT_NAMA10_GDP,1.957832,1672708.2,EUROSTAT_GOV10A_MAIN,3.435566,strict,anchor_actual,EUROSTAT_GOV10A_MAIN,2024.0,57467.0,,,,,,,,A,,EUROSTAT_GOV10A_MAIN,2026-07-21,2026-09-03,current,,,57670.0,0.3532,,,False,False,False,20260921T154333Z,
FRA_E06_strict,FRA,ESA_EXP,E06,1,Subsidies,2025,2025,CY,56516.0,EUR,2991055.9,EUROSTAT_NAMA10_GDP,1.8895,1714137.2,EUROSTAT_GOV10A_MAIN,3.297052,strict,anchor_actual,EUROSTAT_GOV10A_MAIN,2025.0,56516.0,,,,,,,,A,,EUROSTAT_GOV10A_MAIN,2026-07-21,2026-09-03,current,,,,,,,False,False,False,20260921T154333Z,
FRA_E07_strict,FRA,ESA_EXP,E07,1,Other current expenditure,1995,1995,CY,38423.10000000001,EUR,1213802.4,EUROSTAT_NAMA10_GDP,3.165515,680370.4,EUROSTAT_GOV10A_MAIN,5.64738,strict,derived_actual,EUROSTAT_GOV10A_MAIN,1995.0,38423.10000000001,,,,,,,,A,,EUROSTAT_GOV10A_MAIN,2026-07-21,2026-09-03,current,,,,,,,False,False,False,20260921T154333Z,derived D.29 + D.5 + (D.4 - D.41) + D.7 + D.8 (sum of the anchor's own items)
FRA_E07_strict,FRA,ESA_EXP,E07,1,Other current expenditure,1996,1996,CY,38985.49999999999,EUR,1246973.7,EUROSTAT_NAMA10_GDP,3.126409,698523.5,EUROSTAT_GOV10A_MAIN,5.581129,strict,derived_actual,EUROSTAT_GOV10A_MAIN,1996.0,38985.49999999999,,,,,,,,A,,EUROSTAT_GOV10A_MAIN,2026-07-21,2026-09-03,current,,,,,,,False,False,False,20260921T154333Z,derived D.29 + D.5 + (D.4 - D.41) + D.7 + D.8 (sum of the anchor's own items)
FRA_E07_strict,FRA,ESA_EXP,E07,1,Other current expenditure,1997,1997,CY,39946.59999999999,EUR,1289669.2,EUROSTAT_NAMA10_GDP,3.09743,716646.7,EUROSTAT_GOV10A_MAIN,5.574099,strict,derived_actual,EUROSTAT_GOV10A_MAIN,1997.0,39946.59999999999,,,,,,,,A,,EUROSTAT_GOV10A_MAIN,2026-07-21,2026-09-03,current,,,,,,,False,False,False,20260921T154333Z,derived D.29 + D.5 + (D.4 - D.41) + D.7 + D.8 (sum of the anchor's own items)
FRA_E07_strict,FRA,ESA_EXP,E07,1,Other current expenditure,1998,1998,CY,41744.5,EUR,1346317.6,EUROSTAT_NAMA10_GDP,3.100643,726716.1,EUROSTAT_GOV10A_MAIN,5.744265,strict,derived_actual,EUROSTAT_GOV10A_MAIN,1998.0,41744.5,,,,,,,,A,,EUROSTAT_GOV10A_MAIN,2026-07-21,2026-09-03,current,,,,,,,False,False,False,20260921T154333Z,derived D.29 + D.5 + (D.4 - D.41) + D.7 + D.8 (sum of the anchor's own items)
FRA_E07_strict,FRA,ESA_EXP,E07,1,Other current expenditure,1999,1999,CY,42256.09999999999,EUR,1395148.0,EUROSTAT_NAMA10_GDP,3.02879,748589.0,EUROSTAT_GOV10A_MAIN,5.644766,strict,derived_actual,EUROSTAT_GOV10A_MAIN,1999.0,42256.09999999999,,,,,,,,A,,EUROSTAT_GOV10A_MAIN,2026-07-21,2026-09-03,current,,,,,,,False,False,False,20260921T154333Z,derived D.29 + D.5 + (D.4 - D.41) + D.7 + D.8 (sum of the anchor's own items)
FRA_E07_strict,FRA,ESA_EXP,E07,1,Other current expenditure,2000,2000,CY,44614.700000000004,EUR,1473517.3,EUROSTAT_NAMA10_GDP,3.027769,775348.7,EUROSTAT_GOV10A_MAIN,5.754146,strict,derived_actual,EUROSTAT_GOV10A_MAIN,2000.0,44614.700000000004,,,,,,,,A,,EUROSTAT_GOV10A_MAIN,2026-07-21,2026-09-03,current,,,,,,,False,False,False,20260921T154333Z,derived D.29 + D.5 + (D.4 - D.41) + D.7 + D.8 (sum of the anchor's own items)
FRA_E07_strict,FRA,ESA_EXP,E07,1,Other current expenditure,2001,2001,CY,47615.6,EUR,1530070.9,EUROSTAT_NAMA10_GDP,3.111987,808225.6,EUROSTAT_GOV10A_MAIN,5.891375,strict,derived_actual,EUROSTAT_GOV10A_MAIN,2001.0,47615.6,,,,,,,,A,,EUROSTAT_GOV10A_MAIN,2026-07-21,2026-09-03,current,,,,,,,False,False,False,20260921T154333Z,derived D.29 + D.5 + (D.4 - D.41) + D.7 + D.8 (sum of the anchor's own items)
FRA_E07_strict,FRA,ESA_EXP,E07,1,Other current expenditure,2002,2002,CY,50219.70000000001,EUR,1578330.4,EUROSTAT_NAMA10_GDP,3.181824,851107.4,EUROSTAT_GOV10A_MAIN,5.900513,strict,derived_actual,EUROSTAT_GOV10A_MAIN,2002.0,50219.70000000001,,,,,,,,A,,EUROSTAT_GOV10A_MAIN,2026-07-21,2026-09-03,current,,,,,,,False,False,False,20260921T154333Z,derived D.29 + D.5 + (D.4 - D.41) + D.7 + D.8 (sum of the anchor's own items)
FRA_E07_strict,FRA,ESA_EXP,E07,1,Other current expenditure,2003,2003,CY,53766.9,EUR,1622312.8,EUROSTAT_NAMA10_GDP,3.314213,881785.6,EUROSTAT_GOV10A_MAIN,6.097503,strict,derived_actual,EUROSTAT_GOV10A_MAIN,2003.0,53766.9,,,,,,,,A,,EUROSTAT_GOV10A_MAIN,2026-07-21,2026-09-03,current,,,,,,,False,False,False,20260921T154333Z,derived D.29 + D.5 + (D.4 - D.41) + D.7 + D.8 (sum of the anchor's own items)
FRA_E07_strict,FRA,ESA_EXP,E07,1,Other current expenditure,2004,2004,CY,53990.19999999999,EUR,1696107.7,EUROSTAT_NAMA10_GDP,3.183182,915906.4,EUROSTAT_GOV10A_MAIN,5.894729,strict,derived_actual,EUROSTAT_GOV10A_MAIN,2004.0,53990.19999999999,,,,,,,,A,,EUROSTAT_GOV10A_MAIN,2026-07-21,2026-09-03,current,,,,,,,False,False,False,20260921T154333Z,derived D.29 + D.5 + (D.4 - D.41) + D.7 + D.8 (sum of the anchor's own items)
FRA_E07_strict,FRA,ESA_EXP,E07,1,Other current expenditure,2005,2005,CY,57911.9,EUR,1762047.7,EUROSTAT_NAMA10_GDP,3.286625,956142.5,EUROSTAT_GOV10A_MAIN,6.056827,strict,derived_actual,EUROSTAT_GOV10A_MAIN,2005.0,57911.9,,,,,,,,A,,EUROSTAT_GOV10A_MAIN,2026-07-21,2026-09-03,current,,,,,,,False,False,False,20260921T154333Z,derived D.29 + D.5 + (D.4 - D.41) + D.7 + D.8 (sum of the anchor's own items)
FRA_E07_strict,FRA,ESA_EXP,E07,1,Other current expenditure,2006,2006,CY,61103.1,EUR,1846020.8,EUROSTAT_NAMA10_GDP,3.30999,992240.8,EUROSTAT_GOV10A_MAIN,6.158092,strict,derived_actual,EUROSTAT_GOV10A_MAIN,2006.0,61103.1,,,,,,,,A,,EUROSTAT_GOV10A_MAIN,2026-07-21,2026-09-03,current,,,,,,,False,False,False,20260921T154333Z,derived D.29 + D.5 + (D.4 - D.41) + D.7 + D.8 (sum of the anchor's own items)
FRA_E07_strict,FRA,ESA_EXP,E07,1,Other current expenditure,2007,2007,CY,63737.100000000006,EUR,1937876.3,EUROSTAT_NAMA10_GDP,3.289018,1039287.6,EUROSTAT_GOV10A_MAIN,6.132768,strict,derived_actual,EUROSTAT_GOV10A_MAIN,2007.0,63737.100000000006,,,,,,,,A,,EUROSTAT_GOV10A_MAIN,2026-07-21,2026-09-03,current,,,,,,,False,False,False,20260921T154333Z,derived D.29 + D.5 + (D.4 - D.41) + D.7 + D.8 (sum of the anchor's own items)
FRA_E07_strict,FRA,ESA_EXP,E07,1,Other current expenditure,2008,2008,CY,67206.3,EUR,1989999.7,EUROSTAT_NAMA10_GDP,3.377202,1080220.5,EUROSTAT_GOV10A_MAIN,6.221535,strict,derived_actual,EUROSTAT_GOV10A_MAIN,2008.0,67206.3,,,,,,,,A,,EUROSTAT_GOV10A_MAIN,2026-07-21,2026-09-03,current,,,,,,,False,False,False,20260921T154333Z,derived D.29 + D.5 + (D.4 - D.41) + D.7 + D.8 (sum of the anchor's own items)
FRA_E07_strict,FRA,ESA_EXP,E07,1,Other current expenditure,2009,2009,CY,71027.0,EUR,1935840.2,EUROSTAT_NAMA10_GDP,3.669053,1122607.3,EUROSTAT_GOV10A_MAIN,6.326968,strict,derived_actual,EUROSTAT_GOV10A_MAIN,2009.0,71027.0,,,,,,,,A,,EUROSTAT_GOV10A_MAIN,2026-07-21,2026-09-03,current,,,,,,,False,False,False,20260921T154333Z,derived D.29 + D.5 + (D.4 - D.41) + D.7 + D.8 (sum of the anchor's own items)
FRA_E07_strict,FRA,ESA_EXP,E07,1,Other current expenditure,2010,2010,CY,73431.1,EUR,1996075.1,EUROSTAT_NAMA10_GDP,3.678774,1151961.8,EUROSTAT_GOV10A_MAIN,6.374439,strict,derived_actual,EUROSTAT_GOV10A_MAIN,2010.0,73431.1,,,,,,,,A,,EUROSTAT_GOV10A_MAIN,2026-07-21,2026-09-03,current,,,,,,,False,False,False,20260921T154333Z,derived D.29 + D.5 + (D.4 - D.41) + D.7 + D.8 (sum of the anchor's own items)
FRA_E07_strict,FRA,ESA_EXP,E07,1,Other current expenditure,2011,2011,CY,74264.2,EUR,2062141.4,EUROSTAT_NAMA10_GDP,3.601315,1175704.7,EUROSTAT_GOV10A_MAIN,6.316569,strict,derived_actual,EUROSTAT_GOV10A_MAIN,2011.0,74264.2,,,,,,,,A,,EUROSTAT_GOV10A_MAIN,2026-07-21,2026-09-03,current,,,,,,,False,False,False,20260921T154333Z,derived D.29 + D.5 + (D.4 - D.41) + D.7 + D.8 (sum of the anchor's own items)
FRA_E07_strict,FRA,ESA_EXP,E07,1,Other current expenditure,2012,2012,CY,76898.8,EUR,2088286.7,EUROSTAT_NAMA10_GDP,3.682387,1208953.1,EUROSTAT_GOV10A_MAIN,6.360776,strict,derived_actual,EUROSTAT_GOV10A_MAIN,2012.0,76898.8,,,,,,,,A,,EUROSTAT_GOV10A_MAIN,2026-07-21,2026-09-03,current,,,,,,,False,False,False,20260921T154333Z,derived D.29 + D.5 + (D.4 - D.41) + D.7 + D.8 (sum of the anchor's own items)
FRA_E07_strict,FRA,ESA_EXP,E07,1,Other current expenditure,2013,2013,CY,80728.29999999999,EUR,2120351.9,EUROSTAT_NAMA10_GDP,3.807307,1242358.0,EUROSTAT_GOV10A_MAIN,6.49799,strict,derived_actual,EUROSTAT_GOV10A_MAIN,2013.0,80728.29999999999,,,,,,,,A,,EUROSTAT_GOV10A_MAIN,2026-07-21,2026-09-03,current,,,,,,,False,False,False,20260921T154333Z,derived D.29 + D.5 + (D.4 - D.41) + D.7 + D.8 (sum of the anchor's own items)
FRA_E07_strict,FRA,ESA_EXP,E07,1,Other current expenditure,2014,2014,CY,78460.4,EUR,2153733.1,EUROSTAT_NAMA10_GDP,3.642996,1257649.1,EUROSTAT_GOV10A_MAIN,6.238656,strict,derived_actual,EUROSTAT_GOV10A_MAIN,2014.0,78460.4,,,,,,,,A,,EUROSTAT_GOV10A_MAIN,2026-07-21,2026-09-03,current,,,,,,,False,False,False,20260921T154333Z,derived D.29 + D.5 + (D.4 - D.41) + D.7 + D.8 (sum of the anchor's own items)
FRA_E07_strict,FRA,ESA_EXP,E07,1,Other current expenditure,2015,2015,CY,79223.70000000001,EUR,2201401.6,EUROSTAT_NAMA10_GDP,3.598785,1268007.8,EUROSTAT_GOV10A_MAIN,6.247887,strict,derived_actual,EUROSTAT_GOV10A_MAIN,2015.0,79223.70000000001,,,,,,,,A,,EUROSTAT_GOV10A_MAIN,2026-07-21,2026-09-03,current,,,,,,,False,False,False,20260921T154333Z,derived D.29 + D.5 + (D.4 - D.41) + D.7 + D.8 (sum of the anchor's own items)
FRA_E07_strict,FRA,ESA_EXP,E07,1,Other current expenditure,2016,2016,CY,81583.59999999999,EUR,2231819.2,EUROSTAT_NAMA10_GDP,3.655475,1280648.1,EUROSTAT_GOV10A_MAIN,6.370493,strict,derived_actual,EUROSTAT_GOV10A_MAIN,2016.0,81583.59999999999,,,,,,,,A,,EUROSTAT_GOV10A_MAIN,2026-07-21,2026-09-03,current,,,,,,,False,False,False,20260921T154333Z,derived D.29 + D.5 + (D.4 - D.41) + D.7 + D.8 (sum of the anchor's own items)
FRA_E07_strict,FRA,ESA_EXP,E07,1,Other current expenditure,2017,2017,CY,80457.9,EUR,2291680.5,EUROSTAT_NAMA10_GDP,3.510869,1321444.6,EUROSTAT_GOV10A_MAIN,6.088632,strict,derived_actual,EUROSTAT_GOV10A_MAIN,2017.0,80457.9,,,,,,,,A,,EUROSTAT_GOV10A_MAIN,2026-07-21,2026-09-03,current,,,,,,,False,False,False,20260921T154333Z,derived D.29 + D.5 + (D.4 - D.41) + D.7 + D.8 (sum of the anchor's own items)
FRA_E07_strict,FRA,ESA_EXP,E07,1,Other current expenditure,2018,2018,CY,85471.1,EUR,2355362.8,EUROSTAT_NAMA10_GDP,3.628787,1327632.3,EUROSTAT_GOV10A_MAIN,6.437859,strict,derived_actual,EUROSTAT_GOV10A_MAIN,2018.0,85471.1,,,,,,,,A,,EUROSTAT_GOV10A_MAIN,2026-07-21,2026-09-03,current,,,,,,,False,False,False,20260921T154333Z,derived D.29 + D.5 + (D.4 - D.41) + D.7 + D.8 (sum of the anchor's own items)
FRA_E07_strict,FRA,ESA_EXP,E07,1,Other current expenditure,2019,2019,CY,87956.8,EUR,2432206.8,EUROSTAT_NAMA10_GDP,3.616337,1346154.7,EUROSTAT_GOV10A_MAIN,6.53393,strict,derived_actual,EUROSTAT_GOV10A_MAIN,2019.0,87956.8,,,,,,,,A,,EUROSTAT_GOV10A_MAIN,2026-07-21,2026-09-03,current,,,,,,,False,False,False,20260921T154333Z,derived D.29 + D.5 + (D.4 - D.41) + D.7 + D.8 (sum of the anchor's own items)
FRA_E07_strict,FRA,ESA_EXP,E07,1,Other current expenditure,2020,2020,CY,95182.69999999998,EUR,2318276.2,EUROSTAT_NAMA10_GDP,4.105753,1430357.0,EUROSTAT_GOV10A_MAIN,6.654472,strict,derived_actual,EUROSTAT_GOV10A_MAIN,2020.0,95182.69999999998,,,,,,,,A,,EUROSTAT_GOV10A_MAIN,2026-07-21,2026-09-03,current,,,,,,,False,False,False,20260921T154333Z,derived D.29 + D.5 + (D.4 - D.41) + D.7 + D.8 (sum of the anchor's own items)
FRA_E07_strict,FRA,ESA_EXP,E07,1,Other current expenditure,2021,2021,CY,101104.20000000001,EUR,2508102.3,EUROSTAT_NAMA10_GDP,4.031104,1491381.1,EUROSTAT_GOV10A_MAIN,6.779233,strict,derived_actual,EUROSTAT_GOV10A_MAIN,2021.0,101104.20000000001,,,,,,,,A,,EUROSTAT_GOV10A_MAIN,2026-07-21,2026-09-03,current,,,,,,,False,False,False,20260921T154333Z,derived D.29 + D.5 + (D.4 - D.41) + D.7 + D.8 (sum of the anchor's own items)
FRA_E07_strict,FRA,ESA_EXP,E07,1,Other current expenditure,2022,2022,CY,104634.4,EUR,2653997.2,EUROSTAT_NAMA10_GDP,3.942521,1550331.4,EUROSTAT_GOV10A_MAIN,6.749163,strict,derived_actual,EUROSTAT_GOV10A_MAIN,2022.0,104634.4,,,,,,,,A,,EUROSTAT_GOV10A_MAIN,2026-07-21,2026-09-03,current,,,,,,,False,False,False,20260921T154333Z,derived D.29 + D.5 + (D.4 - D.41) + D.7 + D.8 (sum of the anchor's own items)
FRA_E07_strict,FRA,ESA_EXP,E07,1,Other current expenditure,2023,2023,CY,107457.30000000002,EUR,2833826.4,EUROSTAT_NAMA10_GDP,3.791951,1608270.8,EUROSTAT_GOV10A_MAIN,6.681543,strict,derived_actual,EUROSTAT_GOV10A_MAIN,2023.0,107457.30000000002,,,,,,,,A,,EUROSTAT_GOV10A_MAIN,2026-07-21,2026-09-03,current,,,,,,,False,False,False,20260921T154333Z,derived D.29 + D.5 + (D.4 - D.41) + D.7 + D.8 (sum of the anchor's own items)
FRA_E07_strict,FRA,ESA_EXP,E07,1,Other current expenditure,2024,2024,CY,107437.9,EUR,2935236.2,EUROSTAT_NAMA10_GDP,3.660281,1672708.2,EUROSTAT_GOV10A_MAIN,6.422991,strict,derived_actual,EUROSTAT_GOV10A_MAIN,2024.0,107437.9,,,,,,,,A,,EUROSTAT_GOV10A_MAIN,2026-07-21,2026-09-03,current,,,,,,,False,False,False,20260921T154333Z,derived D.29 + D.5 + (D.4 - D.41) + D.7 + D.8 (sum of the anchor's own items)
FRA_E07_strict,FRA,ESA_EXP,E07,1,Other current expenditure,2025,2025,CY,108184.9,EUR,2991055.9,EUROSTAT_NAMA10_GDP,3.616947,1714137.2,EUROSTAT_GOV10A_MAIN,6.311333,strict,derived_actual,EUROSTAT_GOV10A_MAIN,2025.0,108184.9,,,,,,,,A,,EUROSTAT_GOV10A_MAIN,2026-07-21,2026-09-03,current,,,,,,,False,False,False,20260921T154333Z,derived D.29 + D.5 + (D.4 - D.41) + D.7 + D.8 (sum of the anchor's own items)
FRA_E08_strict,FRA,ESA_EXP,E08,1,Gross capital formation and net acquisition of non-produced assets,1995,1995,CY,58453.7,EUR,1213802.4,EUROSTAT_NAMA10_GDP,4.815751,680370.4,EUROSTAT_GOV10A_MAIN,8.591453,strict,derived_actual,EUROSTAT_GOV10A_MAIN,1995.0,58453.7,,,,,,,,A,,EUROSTAT_GOV10A_MAIN,2026-07-21,2026-09-03,current,,,,,,,False,False,False,20260921T154333Z,derived P.5 + NP (sum of the anchor's own items)
FRA_E08_strict,FRA,ESA_EXP,E08,1,Gross capital formation and net acquisition of non-produced assets,1996,1996,CY,58638.4,EUR,1246973.7,EUROSTAT_NAMA10_GDP,4.702457,698523.5,EUROSTAT_GOV10A_MAIN,8.394621,strict,derived_actual,EUROSTAT_GOV10A_MAIN,1996.0,58638.4,,,,,,,,A,,EUROSTAT_GOV10A_MAIN,2026-07-21,2026-09-03,current,,,,,,,False,False,False,20260921T154333Z,derived P.5 + NP (sum of the anchor's own items)
FRA_E08_strict,FRA,ESA_EXP,E08,1,Gross capital formation and net acquisition of non-produced assets,1997,1997,CY,53881.5,EUR,1289669.2,EUROSTAT_NAMA10_GDP,4.177932,716646.7,EUROSTAT_GOV10A_MAIN,7.518558,strict,derived_actual,EUROSTAT_GOV10A_MAIN,1997.0,53881.5,,,,,,,,A,,EUROSTAT_GOV10A_MAIN,2026-07-21,2026-09-03,current,,,,,,,False,False,False,20260921T154333Z,derived P.5 + NP (sum of the anchor's own items)
FRA_E08_strict,FRA,ESA_EXP,E08,1,Gross capital formation and net acquisition of non-produced assets,1998,1998,CY,57643.7,EUR,1346317.6,EUROSTAT_NAMA10_GDP,4.281583,726716.1,EUROSTAT_GOV10A_MAIN,7.93208,strict,derived_actual,EUROSTAT_GOV10A_MAIN,1998.0,57643.7,,,,,,,,A,,EUROSTAT_GOV10A_MAIN,2026-07-21,2026-09-03,current,,,,,,,False,False,False,20260921T154333Z,derived P.5 + NP (sum of the anchor's own items)
FRA_E08_strict,FRA,ESA_EXP,E08,1,Gross capital formation and net acquisition of non-produced assets,1999,1999,CY,60125.0,EUR,1395148.0,EUROSTAT_NAMA10_GDP,4.309579,748589.0,EUROSTAT_GOV10A_MAIN,8.031777,strict,derived_actual,EUROSTAT_GOV10A_MAIN,1999.0,60125.0,,,,,,,,A,,EUROSTAT_GOV10A_MAIN,2026-07-21,2026-09-03,current,,,,,,,False,False,False,20260921T154333Z,derived P.5 + NP (sum of the anchor's own items)
FRA_E08_strict,FRA,ESA_EXP,E08,1,Gross capital formation and net acquisition of non-produced assets,2000,2000,CY,64766.4,EUR,1473517.3,EUROSTAT_NAMA10_GDP,4.395361,775348.7,EUROSTAT_GOV10A_MAIN,8.353196,strict,derived_actual,EUROSTAT_GOV10A_MAIN,2000.0,64766.4,,,,,,,,A,,EUROSTAT_GOV10A_MAIN,2026-07-21,2026-09-03,current,,,,,,,False,False,False,20260921T154333Z,derived P.5 + NP (sum of the anchor's own items)
FRA_E08_strict,FRA,ESA_EXP,E08,1,Gross capital formation and net acquisition of non-produced assets,2001,2001,CY,66753.6,EUR,1530070.9,EUROSTAT_NAMA10_GDP,4.362778,808225.6,EUROSTAT_GOV10A_MAIN,8.259278,strict,derived_actual,EUROSTAT_GOV10A_MAIN,2001.0,66753.6,,,,,,,,A,,EUROSTAT_GOV10A_MAIN,2026-07-21,2026-09-03,current,,,,,,,False,False,False,20260921T154333Z,derived P.5 + NP (sum of the anchor's own items)
FRA_E08_strict,FRA,ESA_EXP,E08,1,Gross capital formation and net acquisition of non-produced assets,2002,2002,CY,68400.4,EUR,1578330.4,EUROSTAT_NAMA10_GDP,4.333719,851107.4,EUROSTAT_GOV10A_MAIN,8.036636,strict,derived_actual,EUROSTAT_GOV10A_MAIN,2002.0,68400.4,,,,,,,,A,,EUROSTAT_GOV10A_MAIN,2026-07-21,2026-09-03,current,,,,,,,False,False,False,20260921T154333Z,derived P.5 + NP (sum of the anchor's own items)
FRA_E08_strict,FRA,ESA_EXP,E08,1,Gross capital formation and net acquisition of non-produced assets,2003,2003,CY,71489.1,EUR,1622312.8,EUROSTAT_NAMA10_GDP,4.406616,881785.6,EUROSTAT_GOV10A_MAIN,8.107311,strict,derived_actual,EUROSTAT_GOV10A_MAIN,2003.0,71489.1,,,,,,,,A,,EUROSTAT_GOV10A_MAIN,2026-07-21,2026-09-03,current,,,,,,,False,False,False,20260921T154333Z,derived P.5 + NP (sum of the anchor's own items)
FRA_E08_strict,FRA,ESA_EXP,E08,1,Gross capital formation and net acquisition of non-produced assets,2004,2004,CY,75932.4,EUR,1696107.7,EUROSTAT_NAMA10_GDP,4.476862,915906.4,EUROSTAT_GOV10A_MAIN,8.29041,strict,derived_actual,EUROSTAT_GOV10A_MAIN,2004.0,75932.4,,,,,,,,A,,EUROSTAT_GOV10A_MAIN,2026-07-21,2026-09-03,current,,,,,,,False,False,False,20260921T154333Z,derived P.5 + NP (sum of the anchor's own items)
FRA_E08_strict,FRA,ESA_EXP,E08,1,Gross capital formation and net acquisition of non-produced assets,2005,2005,CY,81103.4,EUR,1762047.7,EUROSTAT_NAMA10_GDP,4.602793,956142.5,EUROSTAT_GOV10A_MAIN,8.482355,strict,derived_actual,EUROSTAT_GOV10A_MAIN,2005.0,81103.4,,,,,,,,A,,EUROSTAT_GOV10A_MAIN,2026-07-21,2026-09-03,current,,,,,,,False,False,False,20260921T154333Z,derived P.5 + NP (sum of the anchor's own items)
FRA_E08_strict,FRA,ESA_EXP,E08,1,Gross capital formation and net acquisition of non-produced assets,2006,2006,CY,83260.5,EUR,1846020.8,EUROSTAT_NAMA10_GDP,4.510269,992240.8,EUROSTAT_GOV10A_MAIN,8.391159,strict,derived_actual,EUROSTAT_GOV10A_MAIN,2006.0,83260.5,,,,,,,,A,,EUROSTAT_GOV10A_MAIN,2026-07-21,2026-09-03,current,,,,,,,False,False,False,20260921T154333Z,derived P.5 + NP (sum of the anchor's own items)
FRA_E08_strict,FRA,ESA_EXP,E08,1,Gross capital formation and net acquisition of non-produced assets,2007,2007,CY,87653.5,EUR,1937876.3,EUROSTAT_NAMA10_GDP,4.523173,1039287.6,EUROSTAT_GOV10A_MAIN,8.433998,strict,derived_actual,EUROSTAT_GOV10A_MAIN,2007.0,87653.5,,,,,,,,A,,EUROSTAT_GOV10A_MAIN,2026-07-21,2026-09-03,current,,,,,,,False,False,False,20260921T154333Z,derived P.5 + NP (sum of the anchor's own items)
FRA_E08_strict,FRA,ESA_EXP,E08,1,Gross capital formation and net acquisition of non-produced assets,2008,2008,CY,91382.90000000001,EUR,1989999.7,EUROSTAT_NAMA10_GDP,4.592106,1080220.5,EUROSTAT_GOV10A_MAIN,8.459652,strict,derived_actual,EUROSTAT_GOV10A_MAIN,2008.0,91382.90000000001,,,,,,,,A,,EUROSTAT_GOV10A_MAIN,2026-07-21,2026-09-03,current,,,,,,,False,False,False,20260921T154333Z,derived P.5 + NP (sum of the anchor's own items)
FRA_E08_strict,FRA,ESA_EXP,E08,1,Gross capital formation and net acquisition of non-produced assets,2009,2009,CY,97109.8,EUR,1935840.2,EUROSTAT_NAMA10_GDP,5.016416,1122607.3,EUROSTAT_GOV10A_MAIN,8.65038,strict,derived_actual,EUROSTAT_GOV10A_MAIN,2009.0,97109.8,,,,,,,,A,,EUROSTAT_GOV10A_MAIN,2026-07-21,2026-09-03,current,,,,,,,False,False,False,20260921T154333Z,derived P.5 + NP (sum of the anchor's own items)
FRA_E08_strict,FRA,ESA_EXP,E08,1,Gross capital formation and net acquisition of non-produced assets,2010,2010,CY,98798.0,EUR,1996075.1,EUROSTAT_NAMA10_GDP,4.949613,1151961.8,EUROSTAT_GOV10A_MAIN,8.5765,strict,derived_actual,EUROSTAT_GOV10A_MAIN,2010.0,98798.0,,,,,,,,A,,EUROSTAT_GOV10A_MAIN,2026-07-21,2026-09-03,current,,,,,,,False,False,False,20260921T154333Z,derived P.5 + NP (sum of the anchor's own items)
FRA_E08_strict,FRA,ESA_EXP,E08,1,Gross capital formation and net acquisition of non-produced assets,2011,2011,CY,95300.9,EUR,2062141.4,EUROSTAT_NAMA10_GDP,4.621453,1175704.7,EUROSTAT_GOV10A_MAIN,8.105853,strict,derived_actual,EUROSTAT_GOV10A_MAIN,2011.0,95300.9,,,,,,,,A,,EUROSTAT_GOV10A_MAIN,2026-07-21,2026-09-03,current,,,,,,,False,False,False,20260921T154333Z,derived P.5 + NP (sum of the anchor's own items)
FRA_E08_strict,FRA,ESA_EXP,E08,1,Gross capital formation and net acquisition of non-produced assets,2012,2012,CY,99209.7,EUR,2088286.7,EUROSTAT_NAMA10_GDP,4.75077,1208953.1,EUROSTAT_GOV10A_MAIN,8.206249,strict,derived_actual,EUROSTAT_GOV10A_MAIN,2012.0,99209.7,,,,,,,,A,,EUROSTAT_GOV10A_MAIN,2026-07-21,2026-09-03,current,,,,,,,False,False,False,20260921T154333Z,derived P.5 + NP (sum of the anchor's own items)
FRA_E08_strict,FRA,ESA_EXP,E08,1,Gross capital formation and net acquisition of non-produced assets,2013,2013,CY,100488.7,EUR,2120351.9,EUROSTAT_NAMA10_GDP,4.739246,1242358.0,EUROSTAT_GOV10A_MAIN,8.088546,strict,derived_actual,EUROSTAT_GOV10A_MAIN,2013.0,100488.7,,,,,,,,A,,EUROSTAT_GOV10A_MAIN,2026-07-21,2026-09-03,current,,,,,,,False,False,False,20260921T154333Z,derived P.5 + NP (sum of the anchor's own items)
FRA_E08_strict,FRA,ESA_EXP,E08,1,Gross capital formation and net acquisition of non-produced assets,2014,2014,CY,94691.0,EUR,2153733.1,EUROSTAT_NAMA10_GDP,4.396599,1257649.1,EUROSTAT_GOV10A_MAIN,7.529207,strict,derived_actual,EUROSTAT_GOV10A_MAIN,2014.0,94691.0,,,,,,,,A,,EUROSTAT_GOV10A_MAIN,2026-07-21,2026-09-03,current,,,,,,,False,False,False,20260921T154333Z,derived P.5 + NP (sum of the anchor's own items)
FRA_E08_strict,FRA,ESA_EXP,E08,1,Gross capital formation and net acquisition of non-produced assets,2015,2015,CY,89321.3,EUR,2201401.6,EUROSTAT_NAMA10_GDP,4.057474,1268007.8,EUROSTAT_GOV10A_MAIN,7.044223,strict,derived_actual,EUROSTAT_GOV10A_MAIN,2015.0,89321.3,,,,,,,,A,,EUROSTAT_GOV10A_MAIN,2026-07-21,2026-09-03,current,,,,,,,False,False,False,20260921T154333Z,derived P.5 + NP (sum of the anchor's own items)
FRA_E08_strict,FRA,ESA_EXP,E08,1,Gross capital formation and net acquisition of non-produced assets,2016,2016,CY,90252.2,EUR,2231819.2,EUROSTAT_NAMA10_GDP,4.043885,1280648.1,EUROSTAT_GOV10A_MAIN,7.047385,strict,derived_actual,EUROSTAT_GOV10A_MAIN,2016.0,90252.2,,,,,,,,A,,EUROSTAT_GOV10A_MAIN,2026-07-21,2026-09-03,current,,,,,,,False,False,False,20260921T154333Z,derived P.5 + NP (sum of the anchor's own items)
FRA_E08_strict,FRA,ESA_EXP,E08,1,Gross capital formation and net acquisition of non-produced assets,2017,2017,CY,90956.2,EUR,2291680.5,EUROSTAT_NAMA10_GDP,3.968974,1321444.6,EUROSTAT_GOV10A_MAIN,6.883088,strict,derived_actual,EUROSTAT_GOV10A_MAIN,2017.0,90956.2,,,,,,,,A,,EUROSTAT_GOV10A_MAIN,2026-07-21,2026-09-03,current,,,,,,,False,False,False,20260921T154333Z,derived P.5 + NP (sum of the anchor's own items)
FRA_E08_strict,FRA,ESA_EXP,E08,1,Gross capital formation and net acquisition of non-produced assets,2018,2018,CY,95140.2,EUR,2355362.8,EUROSTAT_NAMA10_GDP,4.039301,1327632.3,EUROSTAT_GOV10A_MAIN,7.166156,strict,derived_actual,EUROSTAT_GOV10A_MAIN,2018.0,95140.2,,,,,,,,A,,EUROSTAT_GOV10A_MAIN,2026-07-21,2026-09-03,current,,,,,,,False,False,False,20260921T154333Z,derived P.5 + NP (sum of the anchor's own items)
FRA_E08_strict,FRA,ESA_EXP,E08,1,Gross capital formation and net acquisition of non-produced assets,2019,2019,CY,104657.1,EUR,2432206.8,EUROSTAT_NAMA10_GDP,4.302969,1346154.7,EUROSTAT_GOV10A_MAIN,7.774522,strict,derived_actual,EUROSTAT_GOV10A_MAIN,2019.0,104657.1,,,,,,,,A,,EUROSTAT_GOV10A_MAIN,2026-07-21,2026-09-03,current,,,,,,,False,False,False,20260921T154333Z,derived P.5 + NP (sum of the anchor's own items)
FRA_E08_strict,FRA,ESA_EXP,E08,1,Gross capital formation and net acquisition of non-produced assets,2020,2020,CY,101531.3,EUR,2318276.2,EUROSTAT_NAMA10_GDP,4.379603,1430357.0,EUROSTAT_GOV10A_MAIN,7.098319,strict,derived_actual,EUROSTAT_GOV10A_MAIN,2020.0,101531.3,,,,,,,,A,,EUROSTAT_GOV10A_MAIN,2026-07-21,2026-09-03,current,,,,,,,False,False,False,20260921T154333Z,derived P.5 + NP (sum of the anchor's own items)
FRA_E08_strict,FRA,ESA_EXP,E08,1,Gross capital formation and net acquisition of non-produced assets,2021,2021,CY,105657.7,EUR,2508102.3,EUROSTAT_NAMA10_GDP,4.212655,1491381.1,EUROSTAT_GOV10A_MAIN,7.084554,strict,derived_actual,EUROSTAT_GOV10A_MAIN,2021.0,105657.7,,,,,,,,A,,EUROSTAT_GOV10A_MAIN,2026-07-21,2026-09-03,current,,,,,,,False,False,False,20260921T154333Z,derived P.5 + NP (sum of the anchor's own items)
FRA_E08_strict,FRA,ESA_EXP,E08,1,Gross capital formation and net acquisition of non-produced assets,2022,2022,CY,115085.1,EUR,2653997.2,EUROSTAT_NAMA10_GDP,4.336293,1550331.4,EUROSTAT_GOV10A_MAIN,7.423258,strict,derived_actual,EUROSTAT_GOV10A_MAIN,2022.0,115085.1,,,,,,,,A,,EUROSTAT_GOV10A_MAIN,2026-07-21,2026-09-03,current,,,,,,,False,False,False,20260921T154333Z,derived P.5 + NP (sum of the anchor's own items)
FRA_E08_strict,FRA,ESA_EXP,E08,1,Gross capital formation and net acquisition of non-produced assets,2023,2023,CY,122593.6,EUR,2833826.4,EUROSTAT_NAMA10_GDP,4.32608,1608270.8,EUROSTAT_GOV10A_MAIN,7.622696,strict,derived_actual,EUROSTAT_GOV10A_MAIN,2023.0,122593.6,,,,,,,,A,,EUROSTAT_GOV10A_MAIN,2026-07-21,2026-09-03,current,,,,,,,False,False,False,20260921T154333Z,derived P.5 + NP (sum of the anchor's own items)
FRA_E08_strict,FRA,ESA_EXP,E08,1,Gross capital formation and net acquisition of non-produced assets,2024,2024,CY,132576.9,EUR,2935236.2,EUROSTAT_NAMA10_GDP,4.516737,1672708.2,EUROSTAT_GOV10A_MAIN,7.925883,strict,derived_actual,EUROSTAT_GOV10A_MAIN,2024.0,132576.9,,,,,,,,A,,EUROSTAT_GOV10A_MAIN,2026-07-21,2026-09-03,current,,,,,,,False,False,False,20260921T154333Z,derived P.5 + NP (sum of the anchor's own items)
FRA_E08_strict,FRA,ESA_EXP,E08,1,Gross capital formation and net acquisition of non-produced assets,2025,2025,CY,137187.9,EUR,2991055.9,EUROSTAT_NAMA10_GDP,4.586604,1714137.2,EUROSTAT_GOV10A_MAIN,8.003321,strict,derived_actual,EUROSTAT_GOV10A_MAIN,2025.0,137187.9,,,,,,,,A,,EUROSTAT_GOV10A_MAIN,2026-07-21,2026-09-03,current,,,,,,,False,False,False,20260921T154333Z,derived P.5 + NP (sum of the anchor's own items)
FRA_E09_strict,FRA,ESA_EXP,E09,1,Capital transfers payable,1995,1995,CY,20667.7,EUR,1213802.4,EUROSTAT_NAMA10_GDP,1.702724,680370.4,EUROSTAT_GOV10A_MAIN,3.037713,strict,anchor_actual,EUROSTAT_GOV10A_MAIN,1995.0,20667.7,,,,,,,,A,,EUROSTAT_GOV10A_MAIN,2026-07-21,2026-09-03,current,,,,,,,False,False,False,20260921T154333Z,
FRA_E09_strict,FRA,ESA_EXP,E09,1,Capital transfers payable,1996,1996,CY,13362.6,EUR,1246973.7,EUROSTAT_NAMA10_GDP,1.071602,698523.5,EUROSTAT_GOV10A_MAIN,1.912978,strict,anchor_actual,EUROSTAT_GOV10A_MAIN,1996.0,13362.6,,,,,,,,A,,EUROSTAT_GOV10A_MAIN,2026-07-21,2026-09-03,current,,,,,,,False,False,False,20260921T154333Z,
FRA_E09_strict,FRA,ESA_EXP,E09,1,Capital transfers payable,1997,1997,CY,17232.6,EUR,1289669.2,EUROSTAT_NAMA10_GDP,1.336203,716646.7,EUROSTAT_GOV10A_MAIN,2.404616,strict,anchor_actual,EUROSTAT_GOV10A_MAIN,1997.0,17232.6,,,,,,,,A,,EUROSTAT_GOV10A_MAIN,2026-07-21,2026-09-03,current,,,,,,,False,False,False,20260921T154333Z,
FRA_E09_strict,FRA,ESA_EXP,E09,1,Capital transfers payable,1998,1998,CY,13541.0,EUR,1346317.6,EUROSTAT_NAMA10_GDP,1.005781,726716.1,EUROSTAT_GOV10A_MAIN,1.863314,strict,anchor_actual,EUROSTAT_GOV10A_MAIN,1998.0,13541.0,,,,,,,,A,,EUROSTAT_GOV10A_MAIN,2026-07-21,2026-09-03,current,,,,,,,False,False,False,20260921T154333Z,
FRA_E09_strict,FRA,ESA_EXP,E09,1,Capital transfers payable,1999,1999,CY,16014.5,EUR,1395148.0,EUROSTAT_NAMA10_GDP,1.147871,748589.0,EUROSTAT_GOV10A_MAIN,2.139291,strict,anchor_actual,EUROSTAT_GOV10A_MAIN,1999.0,16014.5,,,,,,,,A,,EUROSTAT_GOV10A_MAIN,2026-07-21,2026-09-03,current,,,,,,,False,False,False,20260921T154333Z,
FRA_E09_strict,FRA,ESA_EXP,E09,1,Capital transfers payable,2000,2000,CY,13553.9,EUR,1473517.3,EUROSTAT_NAMA10_GDP,0.919833,775348.7,EUROSTAT_GOV10A_MAIN,1.748104,strict,anchor_actual,EUROSTAT_GOV10A_MAIN,2000.0,13553.9,,,,,,,,A,,EUROSTAT_GOV10A_MAIN,2026-07-21,2026-09-03,current,,,,,,,False,False,False,20260921T154333Z,
FRA_E09_strict,FRA,ESA_EXP,E09,1,Capital transfers payable,2001,2001,CY,14354.7,EUR,1530070.9,EUROSTAT_NAMA10_GDP,0.938172,808225.6,EUROSTAT_GOV10A_MAIN,1.776076,strict,anchor_actual,EUROSTAT_GOV10A_MAIN,2001.0,14354.7,,,,,,,,A,,EUROSTAT_GOV10A_MAIN,2026-07-21,2026-09-03,current,,,,,,,False,False,False,20260921T154333Z,
FRA_E09_strict,FRA,ESA_EXP,E09,1,Capital transfers payable,2002,2002,CY,15120.7,EUR,1578330.4,EUROSTAT_NAMA10_GDP,0.958019,851107.4,EUROSTAT_GOV10A_MAIN,1.776591,strict,anchor_actual,EUROSTAT_GOV10A_MAIN,2002.0,15120.7,,,,,,,,A,,EUROSTAT_GOV10A_MAIN,2026-07-21,2026-09-03,current,,,,,,,False,False,False,20260921T154333Z,
FRA_E09_strict,FRA,ESA_EXP,E09,1,Capital transfers payable,2003,2003,CY,14409.6,EUR,1622312.8,EUROSTAT_NAMA10_GDP,0.888213,881785.6,EUROSTAT_GOV10A_MAIN,1.634139,strict,anchor_actual,EUROSTAT_GOV10A_MAIN,2003.0,14409.6,,,,,,,,A,,EUROSTAT_GOV10A_MAIN,2026-07-21,2026-09-03,current,,,,,,,False,False,False,20260921T154333Z,
FRA_E09_strict,FRA,ESA_EXP,E09,1,Capital transfers payable,2004,2004,CY,15982.9,EUR,1696107.7,EUROSTAT_NAMA10_GDP,0.942328,915906.4,EUROSTAT_GOV10A_MAIN,1.745036,strict,anchor_actual,EUROSTAT_GOV10A_MAIN,2004.0,15982.9,,,,,,,,A,,EUROSTAT_GOV10A_MAIN,2026-07-21,2026-09-03,current,,,,,,,False,False,False,20260921T154333Z,
FRA_E09_strict,FRA,ESA_EXP,E09,1,Capital transfers payable,2005,2005,CY,17796.7,EUR,1762047.7,EUROSTAT_NAMA10_GDP,1.010001,956142.5,EUROSTAT_GOV10A_MAIN,1.861302,strict,anchor_actual,EUROSTAT_GOV10A_MAIN,2005.0,17796.7,,,,,,,,A,,EUROSTAT_GOV10A_MAIN,2026-07-21,2026-09-03,current,,,,,,,False,False,False,20260921T154333Z,
FRA_E09_strict,FRA,ESA_EXP,E09,1,Capital transfers payable,2006,2006,CY,19292.9,EUR,1846020.8,EUROSTAT_NAMA10_GDP,1.045107,992240.8,EUROSTAT_GOV10A_MAIN,1.944377,strict,anchor_actual,EUROSTAT_GOV10A_MAIN,2006.0,19292.9,,,,,,,,A,,EUROSTAT_GOV10A_MAIN,2026-07-21,2026-09-03,current,,,,,,,False,False,False,20260921T154333Z,
FRA_E09_strict,FRA,ESA_EXP,E09,1,Capital transfers payable,2007,2007,CY,22682.7,EUR,1937876.3,EUROSTAT_NAMA10_GDP,1.170493,1039287.6,EUROSTAT_GOV10A_MAIN,2.182524,strict,anchor_actual,EUROSTAT_GOV10A_MAIN,2007.0,22682.7,,,,,,,,A,,EUROSTAT_GOV10A_MAIN,2026-07-21,2026-09-03,current,,,,,,,False,False,False,20260921T154333Z,
FRA_E09_strict,FRA,ESA_EXP,E09,1,Capital transfers payable,2008,2008,CY,25415.6,EUR,1989999.7,EUROSTAT_NAMA10_GDP,1.277166,1080220.5,EUROSTAT_GOV10A_MAIN,2.352816,strict,anchor_actual,EUROSTAT_GOV10A_MAIN,2008.0,25415.6,,,,,,,,A,,EUROSTAT_GOV10A_MAIN,2026-07-21,2026-09-03,current,,,,,,,False,False,False,20260921T154333Z,
FRA_E09_strict,FRA,ESA_EXP,E09,1,Capital transfers payable,2009,2009,CY,23769.6,EUR,1935840.2,EUROSTAT_NAMA10_GDP,1.22787,1122607.3,EUROSTAT_GOV10A_MAIN,2.117357,strict,anchor_actual,EUROSTAT_GOV10A_MAIN,2009.0,23769.6,,,,,,,,A,,EUROSTAT_GOV10A_MAIN,2026-07-21,2026-09-03,current,,,,,,,False,False,False,20260921T154333Z,
FRA_E09_strict,FRA,ESA_EXP,E09,1,Capital transfers payable,2010,2010,CY,22318.1,EUR,1996075.1,EUROSTAT_NAMA10_GDP,1.118099,1151961.8,EUROSTAT_GOV10A_MAIN,1.937399,strict,anchor_actual,EUROSTAT_GOV10A_MAIN,2010.0,22318.1,,,,,,,,A,,EUROSTAT_GOV10A_MAIN,2026-07-21,2026-09-03,current,,,,,,,False,False,False,20260921T154333Z,
FRA_E09_strict,FRA,ESA_EXP,E09,1,Capital transfers payable,2011,2011,CY,23221.2,EUR,2062141.4,EUROSTAT_NAMA10_GDP,1.126072,1175704.7,EUROSTAT_GOV10A_MAIN,1.975088,strict,anchor_actual,EUROSTAT_GOV10A_MAIN,2011.0,23221.2,,,,,,,,A,,EUROSTAT_GOV10A_MAIN,2026-07-21,2026-09-03,current,,,,,,,False,False,False,20260921T154333Z,
FRA_E09_strict,FRA,ESA_EXP,E09,1,Capital transfers payable,2012,2012,CY,24913.5,EUR,2088286.7,EUROSTAT_NAMA10_GDP,1.193011,1208953.1,EUROSTAT_GOV10A_MAIN,2.06075,strict,anchor_actual,EUROSTAT_GOV10A_MAIN,2012.0,24913.5,,,,,,,,A,,EUROSTAT_GOV10A_MAIN,2026-07-21,2026-09-03,current,,,,,,,False,False,False,20260921T154333Z,
FRA_E09_strict,FRA,ESA_EXP,E09,1,Capital transfers payable,2013,2013,CY,24112.1,EUR,2120351.9,EUROSTAT_NAMA10_GDP,1.137174,1242358.0,EUROSTAT_GOV10A_MAIN,1.940833,strict,anchor_actual,EUROSTAT_GOV10A_MAIN,2013.0,24112.1,,,,,,,,A,,EUROSTAT_GOV10A_MAIN,2026-07-21,2026-09-03,current,,,,,,,False,False,False,20260921T154333Z,
FRA_E09_strict,FRA,ESA_EXP,E09,1,Capital transfers payable,2014,2014,CY,25684.0,EUR,2153733.1,EUROSTAT_NAMA10_GDP,1.192534,1257649.1,EUROSTAT_GOV10A_MAIN,2.042223,strict,anchor_actual,EUROSTAT_GOV10A_MAIN,2014.0,25684.0,,,,,,,,A,,EUROSTAT_GOV10A_MAIN,2026-07-21,2026-09-03,current,,,,,,,False,False,False,20260921T154333Z,
FRA_E09_strict,FRA,ESA_EXP,E09,1,Capital transfers payable,2015,2015,CY,28711.5,EUR,2201401.6,EUROSTAT_NAMA10_GDP,1.304237,1268007.8,EUROSTAT_GOV10A_MAIN,2.2643,strict,anchor_actual,EUROSTAT_GOV10A_MAIN,2015.0,28711.5,,,,,,,,A,,EUROSTAT_GOV10A_MAIN,2026-07-21,2026-09-03,current,,,,,,,False,False,False,20260921T154333Z,
FRA_E09_strict,FRA,ESA_EXP,E09,1,Capital transfers payable,2016,2016,CY,27684.6,EUR,2231819.2,EUROSTAT_NAMA10_GDP,1.24045,1280648.1,EUROSTAT_GOV10A_MAIN,2.161765,strict,anchor_actual,EUROSTAT_GOV10A_MAIN,2016.0,27684.6,,,,,,,,A,,EUROSTAT_GOV10A_MAIN,2026-07-21,2026-09-03,current,,,,,,,False,False,False,20260921T154333Z,
FRA_E09_strict,FRA,ESA_EXP,E09,1,Capital transfers payable,2017,2017,CY,40732.1,EUR,2291680.5,EUROSTAT_NAMA10_GDP,1.77739,1321444.6,EUROSTAT_GOV10A_MAIN,3.082392,strict,anchor_actual,EUROSTAT_GOV10A_MAIN,2017.0,40732.1,,,,,,,,A,,EUROSTAT_GOV10A_MAIN,2026-07-21,2026-09-03,current,,,,,,,False,False,False,20260921T154333Z,
FRA_E09_strict,FRA,ESA_EXP,E09,1,Capital transfers payable,2018,2018,CY,25909.2,EUR,2355362.8,EUROSTAT_NAMA10_GDP,1.100009,1327632.3,EUROSTAT_GOV10A_MAIN,1.951534,strict,anchor_actual,EUROSTAT_GOV10A_MAIN,2018.0,25909.2,,,,,,,,A,,EUROSTAT_GOV10A_MAIN,2026-07-21,2026-09-03,current,,,,,,,False,False,False,20260921T154333Z,
FRA_E09_strict,FRA,ESA_EXP,E09,1,Capital transfers payable,2019,2019,CY,28571.0,EUR,2432206.8,EUROSTAT_NAMA10_GDP,1.174695,1346154.7,EUROSTAT_GOV10A_MAIN,2.122416,strict,anchor_actual,EUROSTAT_GOV10A_MAIN,2019.0,28571.0,,,,,,,,A,,EUROSTAT_GOV10A_MAIN,2026-07-21,2026-09-03,current,,,,,,,False,False,False,20260921T154333Z,
FRA_E09_strict,FRA,ESA_EXP,E09,1,Capital transfers payable,2020,2020,CY,31429.0,EUR,2318276.2,EUROSTAT_NAMA10_GDP,1.355706,1430357.0,EUROSTAT_GOV10A_MAIN,2.197284,strict,anchor_actual,EUROSTAT_GOV10A_MAIN,2020.0,31429.0,,,,,,,,A,,EUROSTAT_GOV10A_MAIN,2026-07-21,2026-09-03,current,,,,,,,False,False,False,20260921T154333Z,
FRA_E09_strict,FRA,ESA_EXP,E09,1,Capital transfers payable,2021,2021,CY,40131.0,EUR,2508102.3,EUROSTAT_NAMA10_GDP,1.600054,1491381.1,EUROSTAT_GOV10A_MAIN,2.690862,strict,anchor_actual,EUROSTAT_GOV10A_MAIN,2021.0,40131.0,,,,,,,,A,,EUROSTAT_GOV10A_MAIN,2026-07-21,2026-09-03,current,,,,,,,False,False,False,20260921T154333Z,
FRA_E09_strict,FRA,ESA_EXP,E09,1,Capital transfers payable,2022,2022,CY,42720.0,EUR,2653997.2,EUROSTAT_NAMA10_GDP,1.609648,1550331.4,EUROSTAT_GOV10A_MAIN,2.75554,strict,anchor_actual,EUROSTAT_GOV10A_MAIN,2022.0,42720.0,,,,,,,,A,,EUROSTAT_GOV10A_MAIN,2026-07-21,2026-09-03,current,,,,,,,False,False,False,20260921T154333Z,
FRA_E09_strict,FRA,ESA_EXP,E09,1,Capital transfers payable,2023,2023,CY,41372.0,EUR,2833826.4,EUROSTAT_NAMA10_GDP,1.459934,1608270.8,EUROSTAT_GOV10A_MAIN,2.572452,strict,anchor_actual,EUROSTAT_GOV10A_MAIN,2023.0,41372.0,,,,,,,,A,,EUROSTAT_GOV10A_MAIN,2026-07-21,2026-09-03,current,,,,,,,False,False,False,20260921T154333Z,
FRA_E09_strict,FRA,ESA_EXP,E09,1,Capital transfers payable,2024,2024,CY,42230.0,EUR,2935236.2,EUROSTAT_NAMA10_GDP,1.438726,1672708.2,EUROSTAT_GOV10A_MAIN,2.524648,strict,anchor_actual,EUROSTAT_GOV10A_MAIN,2024.0,42230.0,,,,,,,,A,,EUROSTAT_GOV10A_MAIN,2026-07-21,2026-09-03,current,,,,,,,False,False,False,20260921T154333Z,
FRA_E09_strict,FRA,ESA_EXP,E09,1,Capital transfers payable,2025,2025,CY,41563.0,EUR,2991055.9,EUROSTAT_NAMA10_GDP,1.389576,1714137.2,EUROSTAT_GOV10A_MAIN,2.424718,strict,anchor_actual,EUROSTAT_GOV10A_MAIN,2025.0,41563.0,,,,,,,,A,,EUROSTAT_GOV10A_MAIN,2026-07-21,2026-09-03,current,,,,,,,False,False,False,20260921T154333Z,
FRA_TE_ESA_strict,FRA,ESA_EXP,TE_ESA,total,Total expenditure (ESA main aggregates),1995,1995,CY,680370.4,EUR,1213802.4,EUROSTAT_NAMA10_GDP,56.052814,,EUROSTAT_GOV10A_MAIN,,strict,anchor_actual,EUROSTAT_GOV10A_MAIN,1995.0,680370.4,,,,,,,,A,,EUROSTAT_GOV10A_MAIN,2026-07-21,2026-09-03,current,,,,,,,False,False,False,20260921T154333Z,
FRA_TE_ESA_strict,FRA,ESA_EXP,TE_ESA,total,Total expenditure (ESA main aggregates),1996,1996,CY,698523.5,EUR,1246973.7,EUROSTAT_NAMA10_GDP,56.017501,,EUROSTAT_GOV10A_MAIN,,strict,anchor_actual,EUROSTAT_GOV10A_MAIN,1996.0,698523.5,,,,,,,,A,,EUROSTAT_GOV10A_MAIN,2026-07-21,2026-09-03,current,,,,,,,False,False,False,20260921T154333Z,
FRA_TE_ESA_strict,FRA,ESA_EXP,TE_ESA,total,Total expenditure (ESA main aggregates),1997,1997,CY,716646.7,EUR,1289669.2,EUROSTAT_NAMA10_GDP,55.568257,,EUROSTAT_GOV10A_MAIN,,strict,anchor_actual,EUROSTAT_GOV10A_MAIN,1997.0,716646.7,,,,,,,,A,,EUROSTAT_GOV10A_MAIN,2026-07-21,2026-09-03,current,,,,,,,False,False,False,20260921T154333Z,
FRA_TE_ESA_strict,FRA,ESA_EXP,TE_ESA,total,Total expenditure (ESA main aggregates),1998,1998,CY,726716.1,EUR,1346317.6,EUROSTAT_NAMA10_GDP,53.978058,,EUROSTAT_GOV10A_MAIN,,strict,anchor_actual,EUROSTAT_GOV10A_MAIN,1998.0,726716.1,,,,,,,,A,,EUROSTAT_GOV10A_MAIN,2026-07-21,2026-09-03,current,,,,,,,False,False,False,20260921T154333Z,
FRA_TE_ESA_strict,FRA,ESA_EXP,TE_ESA,total,Total expenditure (ESA main aggregates),1999,1999,CY,748589.0,EUR,1395148.0,EUROSTAT_NAMA10_GDP,53.656601,,EUROSTAT_GOV10A_MAIN,,strict,anchor_actual,EUROSTAT_GOV10A_MAIN,1999.0,748589.0,,,,,,,,A,,EUROSTAT_GOV10A_MAIN,2026-07-21,2026-09-03,current,,,,,,,False,False,False,20260921T154333Z,
FRA_TE_ESA_strict,FRA,ESA_EXP,TE_ESA,total,Total expenditure (ESA main aggregates),2000,2000,CY,775348.7,EUR,1473517.3,EUROSTAT_NAMA10_GDP,52.618907,,EUROSTAT_GOV10A_MAIN,,strict,anchor_actual,EUROSTAT_GOV10A_MAIN,2000.0,775348.7,,,,,,,,A,,EUROSTAT_GOV10A_MAIN,2026-07-21,2026-09-03,current,,,,,,,False,False,False,20260921T154333Z,
FRA_TE_ESA_strict,FRA,ESA_EXP,TE_ESA,total,Total expenditure (ESA main aggregates),2001,2001,CY,808225.6,EUR,1530070.9,EUROSTAT_NAMA10_GDP,52.822755,,EUROSTAT_GOV10A_MAIN,,strict,anchor_actual,EUROSTAT_GOV10A_MAIN,2001.0,808225.6,,,,,,,,A,,EUROSTAT_GOV10A_MAIN,2026-07-21,2026-09-03,current,,,,,,,False,False,False,20260921T154333Z,
FRA_TE_ESA_strict,FRA,ESA_EXP,TE_ESA,total,Total expenditure (ESA main aggregates),2002,2002,CY,851107.4,EUR,1578330.4,EUROSTAT_NAMA10_GDP,53.92454,,EUROSTAT_GOV10A_MAIN,,strict,anchor_actual,EUROSTAT_GOV10A_MAIN,2002.0,851107.4,,,,,,,,A,,EUROSTAT_GOV10A_MAIN,2026-07-21,2026-09-03,current,,,,,,,False,False,False,20260921T154333Z,
FRA_TE_ESA_strict,FRA,ESA_EXP,TE_ESA,total,Total expenditure (ESA main aggregates),2003,2003,CY,881785.6,EUR,1622312.8,EUROSTAT_NAMA10_GDP,54.353612,,EUROSTAT_GOV10A_MAIN,,strict,anchor_actual,EUROSTAT_GOV10A_MAIN,2003.0,881785.6,,,,,,,,A,,EUROSTAT_GOV10A_MAIN,2026-07-21,2026-09-03,current,,,,,,,False,False,False,20260921T154333Z,
FRA_TE_ESA_strict,FRA,ESA_EXP,TE_ESA,total,Total expenditure (ESA main aggregates),2004,2004,CY,915906.4,EUR,1696107.7,EUROSTAT_NAMA10_GDP,54.000486,,EUROSTAT_GOV10A_MAIN,,strict,anchor_actual,EUROSTAT_GOV10A_MAIN,2004.0,915906.4,,,,,,,,A,,EUROSTAT_GOV10A_MAIN,2026-07-21,2026-09-03,current,,,,,,,False,False,False,20260921T154333Z,
FRA_TE_ESA_strict,FRA,ESA_EXP,TE_ESA,total,Total expenditure (ESA main aggregates),2005,2005,CY,956142.5,EUR,1762047.7,EUROSTAT_NAMA10_GDP,54.263145,,EUROSTAT_GOV10A_MAIN,,strict,anchor_actual,EUROSTAT_GOV10A_MAIN,2005.0,956142.5,,,,,,,,A,,EUROSTAT_GOV10A_MAIN,2026-07-21,2026-09-03,current,,,,,,,False,False,False,20260921T154333Z,
FRA_TE_ESA_strict,FRA,ESA_EXP,TE_ESA,total,Total expenditure (ESA main aggregates),2006,2006,CY,992240.8,EUR,1846020.8,EUROSTAT_NAMA10_GDP,53.75025,,EUROSTAT_GOV10A_MAIN,,strict,anchor_actual,EUROSTAT_GOV10A_MAIN,2006.0,992240.8,,,,,,,,A,,EUROSTAT_GOV10A_MAIN,2026-07-21,2026-09-03,current,,,,,,,False,False,False,20260921T154333Z,
FRA_TE_ESA_strict,FRA,ESA_EXP,TE_ESA,total,Total expenditure (ESA main aggregates),2007,2007,CY,1039287.6,EUR,1937876.3,EUROSTAT_NAMA10_GDP,53.630234,,EUROSTAT_GOV10A_MAIN,,strict,anchor_actual,EUROSTAT_GOV10A_MAIN,2007.0,1039287.6,,,,,,,,A,,EUROSTAT_GOV10A_MAIN,2026-07-21,2026-09-03,current,,,,,,,False,False,False,20260921T154333Z,
FRA_TE_ESA_strict,FRA,ESA_EXP,TE_ESA,total,Total expenditure (ESA main aggregates),2008,2008,CY,1080220.5,EUR,1989999.7,EUROSTAT_NAMA10_GDP,54.282445,,EUROSTAT_GOV10A_MAIN,,strict,anchor_actual,EUROSTAT_GOV10A_MAIN,2008.0,1080220.5,,,,,,,,A,,EUROSTAT_GOV10A_MAIN,2026-07-21,2026-09-03,current,,,,,,,False,False,False,20260921T154333Z,
FRA_TE_ESA_strict,FRA,ESA_EXP,TE_ESA,total,Total expenditure (ESA main aggregates),2009,2009,CY,1122607.3,EUR,1935840.2,EUROSTAT_NAMA10_GDP,57.990701,,EUROSTAT_GOV10A_MAIN,,strict,anchor_actual,EUROSTAT_GOV10A_MAIN,2009.0,1122607.3,,,,,,,,A,,EUROSTAT_GOV10A_MAIN,2026-07-21,2026-09-03,current,,,,,,,False,False,False,20260921T154333Z,
FRA_TE_ESA_strict,FRA,ESA_EXP,TE_ESA,total,Total expenditure (ESA main aggregates),2010,2010,CY,1151961.8,EUR,1996075.1,EUROSTAT_NAMA10_GDP,57.711346,,EUROSTAT_GOV10A_MAIN,,strict,anchor_actual,EUROSTAT_GOV10A_MAIN,2010.0,1151961.8,,,,,,,,A,,EUROSTAT_GOV10A_MAIN,2026-07-21,2026-09-03,current,,,,,,,False,False,False,20260921T154333Z,
FRA_TE_ESA_strict,FRA,ESA_EXP,TE_ESA,total,Total expenditure (ESA main aggregates),2011,2011,CY,1175704.7,EUR,2062141.4,EUROSTAT_NAMA10_GDP,57.013777,,EUROSTAT_GOV10A_MAIN,,strict,anchor_actual,EUROSTAT_GOV10A_MAIN,2011.0,1175704.7,,,,,,,,A,,EUROSTAT_GOV10A_MAIN,2026-07-21,2026-09-03,current,,,,,,,False,False,False,20260921T154333Z,
FRA_TE_ESA_strict,FRA,ESA_EXP,TE_ESA,total,Total expenditure (ESA main aggregates),2012,2012,CY,1208953.1,EUR,2088286.7,EUROSTAT_NAMA10_GDP,57.892104,,EUROSTAT_GOV10A_MAIN,,strict,anchor_actual,EUROSTAT_GOV10A_MAIN,2012.0,1208953.1,,,,,,,,A,,EUROSTAT_GOV10A_MAIN,2026-07-21,2026-09-03,current,,,,,,,False,False,False,20260921T154333Z,
FRA_TE_ESA_strict,FRA,ESA_EXP,TE_ESA,total,Total expenditure (ESA main aggregates),2013,2013,CY,1242358.0,EUR,2120351.9,EUROSTAT_NAMA10_GDP,58.592067,,EUROSTAT_GOV10A_MAIN,,strict,anchor_actual,EUROSTAT_GOV10A_MAIN,2013.0,1242358.0,,,,,,,,A,,EUROSTAT_GOV10A_MAIN,2026-07-21,2026-09-03,current,,,,,,,False,False,False,20260921T154333Z,
FRA_TE_ESA_strict,FRA,ESA_EXP,TE_ESA,total,Total expenditure (ESA main aggregates),2014,2014,CY,1257649.1,EUR,2153733.1,EUROSTAT_NAMA10_GDP,58.393916,,EUROSTAT_GOV10A_MAIN,,strict,anchor_actual,EUROSTAT_GOV10A_MAIN,2014.0,1257649.1,,,,,,,,A,,EUROSTAT_GOV10A_MAIN,2026-07-21,2026-09-03,current,,,,,,,False,False,False,20260921T154333Z,
FRA_TE_ESA_strict,FRA,ESA_EXP,TE_ESA,total,Total expenditure (ESA main aggregates),2015,2015,CY,1268007.8,EUR,2201401.6,EUROSTAT_NAMA10_GDP,57.600022,,EUROSTAT_GOV10A_MAIN,,strict,anchor_actual,EUROSTAT_GOV10A_MAIN,2015.0,1268007.8,,,,,,,,A,,EUROSTAT_GOV10A_MAIN,2026-07-21,2026-09-03,current,,,,,,,False,False,False,20260921T154333Z,
FRA_TE_ESA_strict,FRA,ESA_EXP,TE_ESA,total,Total expenditure (ESA main aggregates),2016,2016,CY,1280648.1,EUR,2231819.2,EUROSTAT_NAMA10_GDP,57.381355,,EUROSTAT_GOV10A_MAIN,,strict,anchor_actual,EUROSTAT_GOV10A_MAIN,2016.0,1280648.1,,,,,,,,A,,EUROSTAT_GOV10A_MAIN,2026-07-21,2026-09-03,current,,,,,,,False,False,False,20260921T154333Z,
FRA_TE_ESA_strict,FRA,ESA_EXP,TE_ESA,total,Total expenditure (ESA main aggregates),2017,2017,CY,1321444.6,EUR,2291680.5,EUROSTAT_NAMA10_GDP,57.662689,,EUROSTAT_GOV10A_MAIN,,strict,anchor_actual,EUROSTAT_GOV10A_MAIN,2017.0,1321444.6,,,,,,,,A,,EUROSTAT_GOV10A_MAIN,2026-07-21,2026-09-03,current,,,,,,,False,False,False,20260921T154333Z,
FRA_TE_ESA_strict,FRA,ESA_EXP,TE_ESA,total,Total expenditure (ESA main aggregates),2018,2018,CY,1327632.3,EUR,2355362.8,EUROSTAT_NAMA10_GDP,56.366361,,EUROSTAT_GOV10A_MAIN,,strict,anchor_actual,EUROSTAT_GOV10A_MAIN,2018.0,1327632.3,,,,,,,,A,,EUROSTAT_GOV10A_MAIN,2026-07-21,2026-09-03,current,,,,,,,False,False,False,20260921T154333Z,
FRA_TE_ESA_strict,FRA,ESA_EXP,TE_ESA,total,Total expenditure (ESA main aggregates),2019,2019,CY,1346154.7,EUR,2432206.8,EUROSTAT_NAMA10_GDP,55.347049,,EUROSTAT_GOV10A_MAIN,,strict,anchor_actual,EUROSTAT_GOV10A_MAIN,2019.0,1346154.7,,,,,,,,A,,EUROSTAT_GOV10A_MAIN,2026-07-21,2026-09-03,current,,,,,,,False,False,False,20260921T154333Z,
FRA_TE_ESA_strict,FRA,ESA_EXP,TE_ESA,total,Total expenditure (ESA main aggregates),2020,2020,CY,1430357.0,EUR,2318276.2,EUROSTAT_NAMA10_GDP,61.699163,,EUROSTAT_GOV10A_MAIN,,strict,anchor_actual,EUROSTAT_GOV10A_MAIN,2020.0,1430357.0,,,,,,,,A,,EUROSTAT_GOV10A_MAIN,2026-07-21,2026-09-03,current,,,,,,,False,False,False,20260921T154333Z,
FRA_TE_ESA_strict,FRA,ESA_EXP,TE_ESA,total,Total expenditure (ESA main aggregates),2021,2021,CY,1491381.1,EUR,2508102.3,EUROSTAT_NAMA10_GDP,59.462531,,EUROSTAT_GOV10A_MAIN,,strict,anchor_actual,EUROSTAT_GOV10A_MAIN,2021.0,1491381.1,,,,,,,,A,,EUROSTAT_GOV10A_MAIN,2026-07-21,2026-09-03,current,,,,,,,False,False,False,20260921T154333Z,
FRA_TE_ESA_strict,FRA,ESA_EXP,TE_ESA,total,Total expenditure (ESA main aggregates),2022,2022,CY,1550331.4,EUR,2653997.2,EUROSTAT_NAMA10_GDP,58.41496,,EUROSTAT_GOV10A_MAIN,,strict,anchor_actual,EUROSTAT_GOV10A_MAIN,2022.0,1550331.4,,,,,,,,A,,EUROSTAT_GOV10A_MAIN,2026-07-21,2026-09-03,current,,,,,,,False,False,False,20260921T154333Z,
FRA_TE_ESA_strict,FRA,ESA_EXP,TE_ESA,total,Total expenditure (ESA main aggregates),2023,2023,CY,1608270.8,EUR,2833826.4,EUROSTAT_NAMA10_GDP,56.752623,,EUROSTAT_GOV10A_MAIN,,strict,anchor_actual,EUROSTAT_GOV10A_MAIN,2023.0,1608270.8,,,,,,,,A,,EUROSTAT_GOV10A_MAIN,2026-07-21,2026-09-03,current,,,,,,,False,False,False,20260921T154333Z,
FRA_TE_ESA_strict,FRA,ESA_EXP,TE_ESA,total,Total expenditure (ESA main aggregates),2024,2024,CY,1672708.2,EUR,2935236.2,EUROSTAT_NAMA10_GDP,56.987175,,EUROSTAT_GOV10A_MAIN,,strict,anchor_actual,EUROSTAT_GOV10A_MAIN,2024.0,1672708.2,,,,,,,,A,,EUROSTAT_GOV10A_MAIN,2026-07-21,2026-09-03,current,,,,,,,False,False,False,20260921T154333Z,
FRA_TE_ESA_strict,FRA,ESA_EXP,TE_ESA,total,Total expenditure (ESA main aggregates),2025,2025,CY,1714137.2,EUR,2991055.9,EUROSTAT_NAMA10_GDP,57.308765,,EUROSTAT_GOV10A_MAIN,,strict,anchor_actual,EUROSTAT_GOV10A_MAIN,2025.0,1714137.2,,,,,,,,A,,EUROSTAT_GOV10A_MAIN,2026-07-21,2026-09-03,current,,,,,,,False,False,False,20260921T154333Z,
FRA_E01_strict,FRA,ESA_EXP,E01,1,Compensation of employees,1994,1994,CY,154054.0,EUR,1172960.4,EUROSTAT_NAMA10_GDP,13.133777,,,,strict,stitched_actual,EUROSTAT_GOV10A_MAIN,1995.0,164088.2,EC_AMECO,0.9388487411038697,,,,1.0,2025.0,B,EC_AMECO_to_ESA_EXP:1.0,EC_AMECO,2026-06-03,2026-08-31,current,,,,,,,False,False,False,20260921T154333Z,"AMECO UWCG: Compensation of employees (D.1), general government, ESA 2010, Commission redistribution of national accounts; same concept as the anchor's main-aggregates item"
FRA_E01_strict,FRA,ESA_EXP,E01,1,Compensation of employees,1993,1993,CY,148514.0,EUR,1134838.6,EUROSTAT_NAMA10_GDP,13.086795,,,,strict,stitched_actual,EUROSTAT_GOV10A_MAIN,1995.0,164088.2,EC_AMECO,0.9640385838731874,,,,1.0,2025.0,B,EC_AMECO_to_ESA_EXP:1.0,EC_AMECO,2026-06-03,2026-08-31,current,,,,,,,False,False,False,20260921T154333Z,"AMECO UWCG: Compensation of employees (D.1), general government, ESA 2010, Commission redistribution of national accounts; same concept as the anchor's main-aggregates item"
FRA_E01_strict,FRA,ESA_EXP,E01,1,Compensation of employees,1992,1992,CY,140733.0,EUR,1121458.1,EUROSTAT_NAMA10_GDP,12.549109,,,,strict,stitched_actual,EUROSTAT_GOV10A_MAIN,1995.0,164088.2,EC_AMECO,0.9476076329504288,,,,1.0,2025.0,B,EC_AMECO_to_ESA_EXP:1.0,EC_AMECO,2026-06-03,2026-08-31,current,,,,,,,False,False,False,20260921T154333Z,"AMECO UWCG: Compensation of employees (D.1), general government, ESA 2010, Commission redistribution of national accounts; same concept as the anchor's main-aggregates item"
FRA_E01_strict,FRA,ESA_EXP,E01,1,Compensation of employees,1991,1991,CY,132619.0,EUR,1082833.0,EUROSTAT_NAMA10_GDP,12.24741,,,,strict,stitched_actual,EUROSTAT_GOV10A_MAIN,1995.0,164088.2,EC_AMECO,0.9423447236966453,,,,1.0,2025.0,B,EC_AMECO_to_ESA_EXP:1.0,EC_AMECO,2026-06-03,2026-08-31,current,,,,,,,False,False,False,20260921T154333Z,"AMECO UWCG: Compensation of employees (D.1), general government, ESA 2010, Commission redistribution of national accounts; same concept as the anchor's main-aggregates item"
FRA_E01_strict,FRA,ESA_EXP,E01,1,Compensation of employees,1990,1990,CY,126065.0,EUR,1043974.8,EUROSTAT_NAMA10_GDP,12.075483,,,,strict,stitched_actual,EUROSTAT_GOV10A_MAIN,1995.0,164088.2,EC_AMECO,0.9505802336015201,,,,1.0,2025.0,B,EC_AMECO_to_ESA_EXP:1.0,EC_AMECO,2026-06-03,2026-08-31,current,,,,,,,False,False,False,20260921T154333Z,"AMECO UWCG: Compensation of employees (D.1), general government, ESA 2010, Commission redistribution of national accounts; same concept as the anchor's main-aggregates item"
FRA_E01_strict,FRA,ESA_EXP,E01,1,Compensation of employees,1989,1989,CY,119424.0,EUR,988883.5,EUROSTAT_NAMA10_GDP,12.07665,,,,strict,stitched_actual,EUROSTAT_GOV10A_MAIN,1995.0,164088.2,EC_AMECO,0.9473208265577282,,,,1.0,2025.0,B,EC_AMECO_to_ESA_EXP:1.0,EC_AMECO,2026-06-03,2026-08-31,current,,,,,,,False,False,False,20260921T154333Z,"AMECO UWCG: Compensation of employees (D.1), general government, ESA 2010, Commission redistribution of national accounts; same concept as the anchor's main-aggregates item"
FRA_E01_strict,FRA,ESA_EXP,E01,1,Compensation of employees,1988,1988,CY,113804.0,EUR,917932.6,EUROSTAT_NAMA10_GDP,12.39786,,,,strict,stitched_actual,EUROSTAT_GOV10A_MAIN,1995.0,164088.2,EC_AMECO,0.9529407824222936,,,,1.0,2025.0,B,EC_AMECO_to_ESA_EXP:1.0,EC_AMECO,2026-06-03,2026-08-31,current,,,,,,,False,False,False,20260921T154333Z,"AMECO UWCG: Compensation of employees (D.1), general government, ESA 2010, Commission redistribution of national accounts; same concept as the anchor's main-aggregates item"
FRA_E01_strict,FRA,ESA_EXP,E01,1,Compensation of employees,1987,1987,CY,109653.99999999999,EUR,848787.8,EUROSTAT_NAMA10_GDP,12.918894,,,,strict,stitched_actual,EUROSTAT_GOV10A_MAIN,1995.0,164088.2,EC_AMECO,0.963533794945696,,,,1.0,2025.0,B,EC_AMECO_to_ESA_EXP:1.0,EC_AMECO,2026-06-03,2026-08-31,current,,,,,,,False,False,False,20260921T154333Z,"AMECO UWCG: Compensation of employees (D.1), general government, ESA 2010, Commission redistribution of national accounts; same concept as the anchor's main-aggregates item"
FRA_E01_strict,FRA,ESA_EXP,E01,1,Compensation of employees,1986,1986,CY,106755.99999999999,EUR,807707.1,EUROSTAT_NAMA10_GDP,13.217167,,,,strict,stitched_actual,EUROSTAT_GOV10A_MAIN,1995.0,164088.2,EC_AMECO,0.9735714155434366,,,,1.0,2025.0,B,EC_AMECO_to_ESA_EXP:1.0,EC_AMECO,2026-06-03,2026-08-31,current,,,,,,,False,False,False,20260921T154333Z,"AMECO UWCG: Compensation of employees (D.1), general government, ESA 2010, Commission redistribution of national accounts; same concept as the anchor's main-aggregates item"
FRA_E01_strict,FRA,ESA_EXP,E01,1,Compensation of employees,1985,1985,CY,100361.99999999999,EUR,749583.3,EUROSTAT_NAMA10_GDP,13.389039,,,,strict,stitched_actual,EUROSTAT_GOV10A_MAIN,1995.0,164088.2,EC_AMECO,0.9401064108808872,,,,1.0,2025.0,B,EC_AMECO_to_ESA_EXP:1.0,EC_AMECO,2026-06-03,2026-08-31,current,,,,,,,False,False,False,20260921T154333Z,"AMECO UWCG: Compensation of employees (D.1), general government, ESA 2010, Commission redistribution of national accounts; same concept as the anchor's main-aggregates item"
FRA_E01_strict,FRA,ESA_EXP,E01,1,Compensation of employees,1984,1984,CY,93870.99999999999,EUR,699501.9,EUROSTAT_NAMA10_GDP,13.419692,,,,strict,stitched_actual,EUROSTAT_GOV10A_MAIN,1995.0,164088.2,EC_AMECO,0.9353241266614855,,,,1.0,2025.0,B,EC_AMECO_to_ESA_EXP:1.0,EC_AMECO,2026-06-03,2026-08-31,current,,,,,,,False,False,False,20260921T154333Z,"AMECO UWCG: Compensation of employees (D.1), general government, ESA 2010, Commission redistribution of national accounts; same concept as the anchor's main-aggregates item"
FRA_E01_strict,FRA,ESA_EXP,E01,1,Compensation of employees,1983,1983,CY,85953.99999999999,EUR,642944.7,EUROSTAT_NAMA10_GDP,13.368801,,,,strict,stitched_actual,EUROSTAT_GOV10A_MAIN,1995.0,164088.2,EC_AMECO,0.9156608537247926,,,,1.0,2025.0,B,EC_AMECO_to_ESA_EXP:1.0,EC_AMECO,2026-06-03,2026-08-31,current,,,,,,,False,False,False,20260921T154333Z,"AMECO UWCG: Compensation of employees (D.1), general government, ESA 2010, Commission redistribution of national accounts; same concept as the anchor's main-aggregates item"
FRA_E01_strict,FRA,ESA_EXP,E01,1,Compensation of employees,1982,1982,CY,77170.0,EUR,579250.8,EUROSTAT_NAMA10_GDP,13.322381,,,,strict,stitched_actual,EUROSTAT_GOV10A_MAIN,1995.0,164088.2,EC_AMECO,0.8978058031039859,,,,1.0,2025.0,B,EC_AMECO_to_ESA_EXP:1.0,EC_AMECO,2026-06-03,2026-08-31,current,,,,,,,False,False,False,20260921T154333Z,"AMECO UWCG: Compensation of employees (D.1), general government, ESA 2010, Commission redistribution of national accounts; same concept as the anchor's main-aggregates item"
FRA_E01_strict,FRA,ESA_EXP,E01,1,Compensation of employees,1981,1981,CY,65512.0,EUR,504709.6,EUROSTAT_NAMA10_GDP,12.980137,,,,strict,stitched_actual,EUROSTAT_GOV10A_MAIN,1995.0,164088.2,EC_AMECO,0.8489309317092134,,,,1.0,2025.0,B,EC_AMECO_to_ESA_EXP:1.0,EC_AMECO,2026-06-03,2026-08-31,current,,,,,,,False,False,False,20260921T154333Z,"AMECO UWCG: Compensation of employees (D.1), general government, ESA 2010, Commission redistribution of national accounts; same concept as the anchor's main-aggregates item"
FRA_E01_strict,FRA,ESA_EXP,E01,1,Compensation of employees,1980,1980,CY,56621.99999999999,EUR,447415.7,EUROSTAT_NAMA10_GDP,12.655345,,,,strict,stitched_actual,EUROSTAT_GOV10A_MAIN,1995.0,164088.2,EC_AMECO,0.8642996702894126,,,,1.0,2025.0,B,EC_AMECO_to_ESA_EXP:1.0,EC_AMECO,2026-06-03,2026-08-31,current,,,,,,,False,False,False,20260921T154333Z,"AMECO UWCG: Compensation of employees (D.1), general government, ESA 2010, Commission redistribution of national accounts; same concept as the anchor's main-aggregates item"
FRA_E01_strict,FRA,ESA_EXP,E01,1,Compensation of employees,1979,1979,CY,48944.99999999999,EUR,394490.6,EUROSTAT_NAMA10_GDP,12.40714,,,,strict,stitched_actual,EUROSTAT_GOV10A_MAIN,1995.0,164088.2,EC_AMECO,0.8644166578361767,,,,1.0,2025.0,B,EC_AMECO_to_ESA_EXP:1.0,EC_AMECO,2026-06-03,2026-08-31,current,,,,,,,False,False,False,20260921T154333Z,"AMECO UWCG: Compensation of employees (D.1), general government, ESA 2010, Commission redistribution of national accounts; same concept as the anchor's main-aggregates item"
FRA_E01_strict,FRA,ESA_EXP,E01,1,Compensation of employees,1978,1978,CY,43081.0,EUR,345186.4,EUROSTAT_NAMA10_GDP,12.480503,,,,strict,stitched_actual,EUROSTAT_GOV10A_MAIN,1995.0,164088.2,EC_AMECO,0.8801920523036062,,,,1.0,2025.0,B,EC_AMECO_to_ESA_EXP:1.0,EC_AMECO,2026-06-03,2026-08-31,current,,,,,,,False,False,False,20260921T154333Z,"AMECO UWCG: Compensation of employees (D.1), general government, ESA 2010, Commission redistribution of national accounts; same concept as the anchor's main-aggregates item"
FRA_E02_strict,FRA,ESA_EXP,E02,1,Intermediate consumption,1994,1994,CY,62779.0,EUR,1172960.4,EUROSTAT_NAMA10_GDP,5.352184,,,,strict,stitched_actual,EUROSTAT_GOV10A_MAIN,1995.0,66311.2,EC_AMECO,0.9467329802506967,,,,1.0,2025.0,B,EC_AMECO_to_ESA_EXP:1.0,EC_AMECO,2026-06-03,2026-08-31,current,,,,,,,False,False,False,20260921T154333Z,"AMECO UCTGI: Intermediate consumption (P.2), general government, ESA 2010, Commission redistribution of national accounts; same concept as the anchor's main-aggregates item"
FRA_E02_strict,FRA,ESA_EXP,E02,1,Intermediate consumption,1993,1993,CY,65659.99999999999,EUR,1134838.6,EUROSTAT_NAMA10_GDP,5.785845,,,,strict,stitched_actual,EUROSTAT_GOV10A_MAIN,1995.0,66311.2,EC_AMECO,1.045891141942369,,,,1.0,2025.0,B,EC_AMECO_to_ESA_EXP:1.0,EC_AMECO,2026-06-03,2026-08-31,current,,,,,,,False,False,False,20260921T154333Z,"AMECO UCTGI: Intermediate consumption (P.2), general government, ESA 2010, Commission redistribution of national accounts; same concept as the anchor's main-aggregates item"
FRA_E02_strict,FRA,ESA_EXP,E02,1,Intermediate consumption,1992,1992,CY,60337.999999999985,EUR,1121458.1,EUROSTAT_NAMA10_GDP,5.380317,,,,strict,stitched_actual,EUROSTAT_GOV10A_MAIN,1995.0,66311.2,EC_AMECO,0.9189460858970454,,,,1.0,2025.0,B,EC_AMECO_to_ESA_EXP:1.0,EC_AMECO,2026-06-03,2026-08-31,current,,,,,,,False,False,False,20260921T154333Z,"AMECO UCTGI: Intermediate consumption (P.2), general government, ESA 2010, Commission redistribution of national accounts; same concept as the anchor's main-aggregates item"
FRA_E02_strict,FRA,ESA_EXP,E02,1,Intermediate consumption,1991,1991,CY,55480.999999999985,EUR,1082833.0,EUROSTAT_NAMA10_GDP,5.123689,,,,strict,stitched_actual,EUROSTAT_GOV10A_MAIN,1995.0,66311.2,EC_AMECO,0.919503463820478,,,,1.0,2025.0,B,EC_AMECO_to_ESA_EXP:1.0,EC_AMECO,2026-06-03,2026-08-31,current,,,,,,,False,False,False,20260921T154333Z,"AMECO UCTGI: Intermediate consumption (P.2), general government, ESA 2010, Commission redistribution of national accounts; same concept as the anchor's main-aggregates item"
FRA_E02_strict,FRA,ESA_EXP,E02,1,Intermediate consumption,1990,1990,CY,51819.999999999985,EUR,1043974.8,EUROSTAT_NAMA10_GDP,4.963721,,,,strict,stitched_actual,EUROSTAT_GOV10A_MAIN,1995.0,66311.2,EC_AMECO,0.9340134460445918,,,,1.0,2025.0,B,EC_AMECO_to_ESA_EXP:1.0,EC_AMECO,2026-06-03,2026-08-31,current,,,,,,,False,False,False,20260921T154333Z,"AMECO UCTGI: Intermediate consumption (P.2), general government, ESA 2010, Commission redistribution of national accounts; same concept as the anchor's main-aggregates item"
FRA_E02_strict,FRA,ESA_EXP,E02,1,Intermediate consumption,1989,1989,CY,48643.999999999985,EUR,988883.5,EUROSTAT_NAMA10_GDP,4.919083,,,,strict,stitched_actual,EUROSTAT_GOV10A_MAIN,1995.0,66311.2,EC_AMECO,0.9387109224237745,,,,1.0,2025.0,B,EC_AMECO_to_ESA_EXP:1.0,EC_AMECO,2026-06-03,2026-08-31,current,,,,,,,False,False,False,20260921T154333Z,"AMECO UCTGI: Intermediate consumption (P.2), general government, ESA 2010, Commission redistribution of national accounts; same concept as the anchor's main-aggregates item"
FRA_E02_strict,FRA,ESA_EXP,E02,1,Intermediate consumption,1988,1988,CY,47740.999999999985,EUR,917932.6,EUROSTAT_NAMA10_GDP,5.200927,,,,strict,stitched_actual,EUROSTAT_GOV10A_MAIN,1995.0,66311.2,EC_AMECO,0.9814365594934628,,,,1.0,2025.0,B,EC_AMECO_to_ESA_EXP:1.0,EC_AMECO,2026-06-03,2026-08-31,current,,,,,,,False,False,False,20260921T154333Z,"AMECO UCTGI: Intermediate consumption (P.2), general government, ESA 2010, Commission redistribution of national accounts; same concept as the anchor's main-aggregates item"
FRA_E02_strict,FRA,ESA_EXP,E02,1,Intermediate consumption,1987,1987,CY,44141.99999999999,EUR,848787.8,EUROSTAT_NAMA10_GDP,5.200593,,,,strict,stitched_actual,EUROSTAT_GOV10A_MAIN,1995.0,66311.2,EC_AMECO,0.9246140633836745,,,,1.0,2025.0,B,EC_AMECO_to_ESA_EXP:1.0,EC_AMECO,2026-06-03,2026-08-31,current,,,,,,,False,False,False,20260921T154333Z,"AMECO UCTGI: Intermediate consumption (P.2), general government, ESA 2010, Commission redistribution of national accounts; same concept as the anchor's main-aggregates item"
FRA_E02_strict,FRA,ESA_EXP,E02,1,Intermediate consumption,1986,1986,CY,41021.999999999985,EUR,807707.1,EUROSTAT_NAMA10_GDP,5.078821,,,,strict,stitched_actual,EUROSTAT_GOV10A_MAIN,1995.0,66311.2,EC_AMECO,0.9293190159032213,,,,1.0,2025.0,B,EC_AMECO_to_ESA_EXP:1.0,EC_AMECO,2026-06-03,2026-08-31,current,,,,,,,False,False,False,20260921T154333Z,"AMECO UCTGI: Intermediate consumption (P.2), general government, ESA 2010, Commission redistribution of national accounts; same concept as the anchor's main-aggregates item"
FRA_E02_strict,FRA,ESA_EXP,E02,1,Intermediate consumption,1985,1985,CY,39675.99999999999,EUR,749583.3,EUROSTAT_NAMA10_GDP,5.293074,,,,strict,stitched_actual,EUROSTAT_GOV10A_MAIN,1995.0,66311.2,EC_AMECO,0.9671883379649945,,,,1.0,2025.0,B,EC_AMECO_to_ESA_EXP:1.0,EC_AMECO,2026-06-03,2026-08-31,current,,,,,,,False,False,False,20260921T154333Z,"AMECO UCTGI: Intermediate consumption (P.2), general government, ESA 2010, Commission redistribution of national accounts; same concept as the anchor's main-aggregates item"
FRA_E02_strict,FRA,ESA_EXP,E02,1,Intermediate consumption,1984,1984,CY,37062.99999999999,EUR,699501.9,EUROSTAT_NAMA10_GDP,5.298485,,,,strict,stitched_actual,EUROSTAT_GOV10A_MAIN,1995.0,66311.2,EC_AMECO,0.9341415465268676,,,,1.0,2025.0,B,EC_AMECO_to_ESA_EXP:1.0,EC_AMECO,2026-06-03,2026-08-31,current,,,,,,,False,False,False,20260921T154333Z,"AMECO UCTGI: Intermediate consumption (P.2), general government, ESA 2010, Commission redistribution of national accounts; same concept as the anchor's main-aggregates item"
FRA_E02_strict,FRA,ESA_EXP,E02,1,Intermediate consumption,1983,1983,CY,34501.99999999999,EUR,642944.7,EUROSTAT_NAMA10_GDP,5.366247,,,,strict,stitched_actual,EUROSTAT_GOV10A_MAIN,1995.0,66311.2,EC_AMECO,0.9309014380918976,,,,1.0,2025.0,B,EC_AMECO_to_ESA_EXP:1.0,EC_AMECO,2026-06-03,2026-08-31,current,,,,,,,False,False,False,20260921T154333Z,"AMECO UCTGI: Intermediate consumption (P.2), general government, ESA 2010, Commission redistribution of national accounts; same concept as the anchor's main-aggregates item"
FRA_E02_strict,FRA,ESA_EXP,E02,1,Intermediate consumption,1982,1982,CY,30469.999999999993,EUR,579250.8,EUROSTAT_NAMA10_GDP,5.260243,,,,strict,stitched_actual,EUROSTAT_GOV10A_MAIN,1995.0,66311.2,EC_AMECO,0.883137209437134,,,,1.0,2025.0,B,EC_AMECO_to_ESA_EXP:1.0,EC_AMECO,2026-06-03,2026-08-31,current,,,,,,,False,False,False,20260921T154333Z,"AMECO UCTGI: Intermediate consumption (P.2), general government, ESA 2010, Commission redistribution of national accounts; same concept as the anchor's main-aggregates item"
FRA_E02_strict,FRA,ESA_EXP,E02,1,Intermediate consumption,1981,1981,CY,26242.999999999993,EUR,504709.6,EUROSTAT_NAMA10_GDP,5.199624,,,,strict,stitched_actual,EUROSTAT_GOV10A_MAIN,1995.0,66311.2,EC_AMECO,0.8612733836560551,,,,1.0,2025.0,B,EC_AMECO_to_ESA_EXP:1.0,EC_AMECO,2026-06-03,2026-08-31,current,,,,,,,False,False,False,20260921T154333Z,"AMECO UCTGI: Intermediate consumption (P.2), general government, ESA 2010, Commission redistribution of national accounts; same concept as the anchor's main-aggregates item"
FRA_E02_strict,FRA,ESA_EXP,E02,1,Intermediate consumption,1980,1980,CY,23253.999999999996,EUR,447415.7,EUROSTAT_NAMA10_GDP,5.197404,,,,strict,stitched_actual,EUROSTAT_GOV10A_MAIN,1995.0,66311.2,EC_AMECO,0.886102960789544,,,,1.0,2025.0,B,EC_AMECO_to_ESA_EXP:1.0,EC_AMECO,2026-06-03,2026-08-31,current,,,,,,,False,False,False,20260921T154333Z,"AMECO UCTGI: Intermediate consumption (P.2), general government, ESA 2010, Commission redistribution of national accounts; same concept as the anchor's main-aggregates item"
FRA_E02_strict,FRA,ESA_EXP,E02,1,Intermediate consumption,1979,1979,CY,19485.999999999996,EUR,394490.6,EUROSTAT_NAMA10_GDP,4.939535,,,,strict,stitched_actual,EUROSTAT_GOV10A_MAIN,1995.0,66311.2,EC_AMECO,0.8379633611421691,,,,1.0,2025.0,B,EC_AMECO_to_ESA_EXP:1.0,EC_AMECO,2026-06-03,2026-08-31,current,,,,,,,False,False,False,20260921T154333Z,"AMECO UCTGI: Intermediate consumption (P.2), general government, ESA 2010, Commission redistribution of national accounts; same concept as the anchor's main-aggregates item"
FRA_E02_strict,FRA,ESA_EXP,E02,1,Intermediate consumption,1978,1978,CY,17603.999999999996,EUR,345186.4,EUROSTAT_NAMA10_GDP,5.099853,,,,strict,stitched_actual,EUROSTAT_GOV10A_MAIN,1995.0,66311.2,EC_AMECO,0.9034178384481165,,,,1.0,2025.0,B,EC_AMECO_to_ESA_EXP:1.0,EC_AMECO,2026-06-03,2026-08-31,current,,,,,,,False,False,False,20260921T154333Z,"AMECO UCTGI: Intermediate consumption (P.2), general government, ESA 2010, Commission redistribution of national accounts; same concept as the anchor's main-aggregates item"
FRA_E03_strict,FRA,ESA_EXP,E03,1,Social benefits other than social transfers in kind,1994,1994,CY,209250.99999999997,EUR,1172960.4,EUROSTAT_NAMA10_GDP,17.839562,,,,strict,stitched_actual,EUROSTAT_GOV10A_MAIN,1995.0,215078.3,EC_AMECO,0.9729061462732409,,,,1.0,2025.0,B,EC_AMECO_to_ESA_EXP:1.0,EC_AMECO,2026-06-03,2026-08-31,current,,,,,,,False,False,False,20260921T154333Z,"AMECO UYTGH: Social benefits other than social transfers in kind (D.62), general government, ESA 2010, Commission redistribution of national accounts; same concept as the anchor's main-aggregates item"
FRA_E03_strict,FRA,ESA_EXP,E03,1,Social benefits other than social transfers in kind,1993,1993,CY,203120.99999999997,EUR,1134838.6,EUROSTAT_NAMA10_GDP,17.898669,,,,strict,stitched_actual,EUROSTAT_GOV10A_MAIN,1995.0,215078.3,EC_AMECO,0.9707050384466502,,,,1.0,2025.0,B,EC_AMECO_to_ESA_EXP:1.0,EC_AMECO,2026-06-03,2026-08-31,current,,,,,,,False,False,False,20260921T154333Z,"AMECO UYTGH: Social benefits other than social transfers in kind (D.62), general government, ESA 2010, Commission redistribution of national accounts; same concept as the anchor's main-aggregates item"
FRA_E03_strict,FRA,ESA_EXP,E03,1,Social benefits other than social transfers in kind,1992,1992,CY,192381.99999999997,EUR,1121458.1,EUROSTAT_NAMA10_GDP,17.154631,,,,strict,stitched_actual,EUROSTAT_GOV10A_MAIN,1995.0,215078.3,EC_AMECO,0.947130035791474,,,,1.0,2025.0,B,EC_AMECO_to_ESA_EXP:1.0,EC_AMECO,2026-06-03,2026-08-31,current,,,,,,,False,False,False,20260921T154333Z,"AMECO UYTGH: Social benefits other than social transfers in kind (D.62), general government, ESA 2010, Commission redistribution of national accounts; same concept as the anchor's main-aggregates item"
FRA_E03_strict,FRA,ESA_EXP,E03,1,Social benefits other than social transfers in kind,1991,1991,CY,181426.99999999994,EUR,1082833.0,EUROSTAT_NAMA10_GDP,16.754846,,,,strict,stitched_actual,EUROSTAT_GOV10A_MAIN,1995.0,215078.3,EC_AMECO,0.9430560031603787,,,,1.0,2025.0,B,EC_AMECO_to_ESA_EXP:1.0,EC_AMECO,2026-06-03,2026-08-31,current,,,,,,,False,False,False,20260921T154333Z,"AMECO UYTGH: Social benefits other than social transfers in kind (D.62), general government, ESA 2010, Commission redistribution of national accounts; same concept as the anchor's main-aggregates item"
FRA_E03_strict,FRA,ESA_EXP,E03,1,Social benefits other than social transfers in kind,1990,1990,CY,170448.99999999997,EUR,1043974.8,EUROSTAT_NAMA10_GDP,16.326927,,,,strict,stitched_actual,EUROSTAT_GOV10A_MAIN,1995.0,215078.3,EC_AMECO,0.9394908144873697,,,,1.0,2025.0,B,EC_AMECO_to_ESA_EXP:1.0,EC_AMECO,2026-06-03,2026-08-31,current,,,,,,,False,False,False,20260921T154333Z,"AMECO UYTGH: Social benefits other than social transfers in kind (D.62), general government, ESA 2010, Commission redistribution of national accounts; same concept as the anchor's main-aggregates item"
FRA_E03_strict,FRA,ESA_EXP,E03,1,Social benefits other than social transfers in kind,1989,1989,CY,160339.99999999997,EUR,988883.5,EUROSTAT_NAMA10_GDP,16.214246,,,,strict,stitched_actual,EUROSTAT_GOV10A_MAIN,1995.0,215078.3,EC_AMECO,0.9406919371776895,,,,1.0,2025.0,B,EC_AMECO_to_ESA_EXP:1.0,EC_AMECO,2026-06-03,2026-08-31,current,,,,,,,False,False,False,20260921T154333Z,"AMECO UYTGH: Social benefits other than social transfers in kind (D.62), general government, ESA 2010, Commission redistribution of national accounts; same concept as the anchor's main-aggregates item"
FRA_E03_strict,FRA,ESA_EXP,E03,1,Social benefits other than social transfers in kind,1988,1988,CY,151490.99999999997,EUR,917932.6,EUROSTAT_NAMA10_GDP,16.503499,,,,strict,stitched_actual,EUROSTAT_GOV10A_MAIN,1995.0,215078.3,EC_AMECO,0.9448110265685419,,,,1.0,2025.0,B,EC_AMECO_to_ESA_EXP:1.0,EC_AMECO,2026-06-03,2026-08-31,current,,,,,,,False,False,False,20260921T154333Z,"AMECO UYTGH: Social benefits other than social transfers in kind (D.62), general government, ESA 2010, Commission redistribution of national accounts; same concept as the anchor's main-aggregates item"
FRA_E03_strict,FRA,ESA_EXP,E03,1,Social benefits other than social transfers in kind,1987,1987,CY,142585.99999999997,EUR,848787.8,EUROSTAT_NAMA10_GDP,16.798781,,,,strict,stitched_actual,EUROSTAT_GOV10A_MAIN,1995.0,215078.3,EC_AMECO,0.9412176300902364,,,,1.0,2025.0,B,EC_AMECO_to_ESA_EXP:1.0,EC_AMECO,2026-06-03,2026-08-31,current,,,,,,,False,False,False,20260921T154333Z,"AMECO UYTGH: Social benefits other than social transfers in kind (D.62), general government, ESA 2010, Commission redistribution of national accounts; same concept as the anchor's main-aggregates item"
FRA_E03_strict,FRA,ESA_EXP,E03,1,Social benefits other than social transfers in kind,1986,1986,CY,137815.99999999997,EUR,807707.1,EUROSTAT_NAMA10_GDP,17.062621,,,,strict,stitched_actual,EUROSTAT_GOV10A_MAIN,1995.0,215078.3,EC_AMECO,0.9665465052669967,,,,1.0,2025.0,B,EC_AMECO_to_ESA_EXP:1.0,EC_AMECO,2026-06-03,2026-08-31,current,,,,,,,False,False,False,20260921T154333Z,"AMECO UYTGH: Social benefits other than social transfers in kind (D.62), general government, ESA 2010, Commission redistribution of national accounts; same concept as the anchor's main-aggregates item"
FRA_E03_strict,FRA,ESA_EXP,E03,1,Social benefits other than social transfers in kind,1985,1985,CY,129576.99999999997,EUR,749583.3,EUROSTAT_NAMA10_GDP,17.286538,,,,strict,stitched_actual,EUROSTAT_GOV10A_MAIN,1995.0,215078.3,EC_AMECO,0.9402173913043478,,,,1.0,2025.0,B,EC_AMECO_to_ESA_EXP:1.0,EC_AMECO,2026-06-03,2026-08-31,current,,,,,,,False,False,False,20260921T154333Z,"AMECO UYTGH: Social benefits other than social transfers in kind (D.62), general government, ESA 2010, Commission redistribution of national accounts; same concept as the anchor's main-aggregates item"
FRA_E03_strict,FRA,ESA_EXP,E03,1,Social benefits other than social transfers in kind,1984,1984,CY,119429.99999999999,EUR,699501.9,EUROSTAT_NAMA10_GDP,17.073578,,,,strict,stitched_actual,EUROSTAT_GOV10A_MAIN,1995.0,215078.3,EC_AMECO,0.9216913495450583,,,,1.0,2025.0,B,EC_AMECO_to_ESA_EXP:1.0,EC_AMECO,2026-06-03,2026-08-31,current,,,,,,,False,False,False,20260921T154333Z,"AMECO UYTGH: Social benefits other than social transfers in kind (D.62), general government, ESA 2010, Commission redistribution of national accounts; same concept as the anchor's main-aggregates item"
FRA_E03_strict,FRA,ESA_EXP,E03,1,Social benefits other than social transfers in kind,1983,1983,CY,108658.99999999999,EUR,642944.7,EUROSTAT_NAMA10_GDP,16.900209,,,,strict,stitched_actual,EUROSTAT_GOV10A_MAIN,1995.0,215078.3,EC_AMECO,0.9098132797454576,,,,1.0,2025.0,B,EC_AMECO_to_ESA_EXP:1.0,EC_AMECO,2026-06-03,2026-08-31,current,,,,,,,False,False,False,20260921T154333Z,"AMECO UYTGH: Social benefits other than social transfers in kind (D.62), general government, ESA 2010, Commission redistribution of national accounts; same concept as the anchor's main-aggregates item"
FRA_E03_strict,FRA,ESA_EXP,E03,1,Social benefits other than social transfers in kind,1982,1982,CY,97065.99999999999,EUR,579250.8,EUROSTAT_NAMA10_GDP,16.757163,,,,strict,stitched_actual,EUROSTAT_GOV10A_MAIN,1995.0,215078.3,EC_AMECO,0.893308423600438,,,,1.0,2025.0,B,EC_AMECO_to_ESA_EXP:1.0,EC_AMECO,2026-06-03,2026-08-31,current,,,,,,,False,False,False,20260921T154333Z,"AMECO UYTGH: Social benefits other than social transfers in kind (D.62), general government, ESA 2010, Commission redistribution of national accounts; same concept as the anchor's main-aggregates item"
FRA_E03_strict,FRA,ESA_EXP,E03,1,Social benefits other than social transfers in kind,1981,1981,CY,81406.99999999997,EUR,504709.6,EUROSTAT_NAMA10_GDP,16.129473,,,,strict,stitched_actual,EUROSTAT_GOV10A_MAIN,1995.0,215078.3,EC_AMECO,0.838676776626213,,,,1.0,2025.0,B,EC_AMECO_to_ESA_EXP:1.0,EC_AMECO,2026-06-03,2026-08-31,current,,,,,,,False,False,False,20260921T154333Z,"AMECO UYTGH: Social benefits other than social transfers in kind (D.62), general government, ESA 2010, Commission redistribution of national accounts; same concept as the anchor's main-aggregates item"
FRA_E03_strict,FRA,ESA_EXP,E03,1,Social benefits other than social transfers in kind,1980,1980,CY,68260.99999999997,EUR,447415.7,EUROSTAT_NAMA10_GDP,15.256729,,,,strict,stitched_actual,EUROSTAT_GOV10A_MAIN,1995.0,215078.3,EC_AMECO,0.8385151154077659,,,,1.0,2025.0,B,EC_AMECO_to_ESA_EXP:1.0,EC_AMECO,2026-06-03,2026-08-31,current,,,,,,,False,False,False,20260921T154333Z,"AMECO UYTGH: Social benefits other than social transfers in kind (D.62), general government, ESA 2010, Commission redistribution of national accounts; same concept as the anchor's main-aggregates item"
FRA_E03_strict,FRA,ESA_EXP,E03,1,Social benefits other than social transfers in kind,1979,1979,CY,58891.99999999998,EUR,394490.6,EUROSTAT_NAMA10_GDP,14.928619,,,,strict,stitched_actual,EUROSTAT_GOV10A_MAIN,1995.0,215078.3,EC_AMECO,0.8627473960240841,,,,1.0,2025.0,B,EC_AMECO_to_ESA_EXP:1.0,EC_AMECO,2026-06-03,2026-08-31,current,,,,,,,False,False,False,20260921T154333Z,"AMECO UYTGH: Social benefits other than social transfers in kind (D.62), general government, ESA 2010, Commission redistribution of national accounts; same concept as the anchor's main-aggregates item"
FRA_E03_strict,FRA,ESA_EXP,E03,1,Social benefits other than social transfers in kind,1978,1978,CY,51389.99999999998,EUR,345186.4,EUROSTAT_NAMA10_GDP,14.887609,,,,strict,stitched_actual,EUROSTAT_GOV10A_MAIN,1995.0,215078.3,EC_AMECO,0.8726142769815934,,,,1.0,2025.0,B,EC_AMECO_to_ESA_EXP:1.0,EC_AMECO,2026-06-03,2026-08-31,current,,,,,,,False,False,False,20260921T154333Z,"AMECO UYTGH: Social benefits other than social transfers in kind (D.62), general government, ESA 2010, Commission redistribution of national accounts; same concept as the anchor's main-aggregates item"
FRA_E04_strict,FRA,ESA_EXP,E04,1,Social transfers in kind (purchased market production),1994,1994,CY,53710.99999999999,EUR,1172960.4,EUROSTAT_NAMA10_GDP,4.579097,,,,strict,stitched_actual,EUROSTAT_GOV10A_MAIN,1995.0,56994.1,EC_AMECO,0.9423957918451207,,,,1.0,2025.0,B,EC_AMECO_to_ESA_EXP:1.0,EC_AMECO,2026-06-03,2026-08-31,current,,,,,,,False,False,False,20260921T154333Z,"AMECO UYTGM: Social transfers in kind (purchased market production) (D.632), general government, ESA 2010, Commission redistribution of national accounts; same concept as the anchor's main-aggregates item"
FRA_E04_strict,FRA,ESA_EXP,E04,1,Social transfers in kind (purchased market production),1993,1993,CY,52154.99999999999,EUR,1134838.6,EUROSTAT_NAMA10_GDP,4.595808,,,,strict,stitched_actual,EUROSTAT_GOV10A_MAIN,1995.0,56994.1,EC_AMECO,0.9710301428012884,,,,1.0,2025.0,B,EC_AMECO_to_ESA_EXP:1.0,EC_AMECO,2026-06-03,2026-08-31,current,,,,,,,False,False,False,20260921T154333Z,"AMECO UYTGM: Social transfers in kind (purchased market production) (D.632), general government, ESA 2010, Commission redistribution of national accounts; same concept as the anchor's main-aggregates item"
FRA_E04_strict,FRA,ESA_EXP,E04,1,Social transfers in kind (purchased market production),1992,1992,CY,48867.99999999999,EUR,1121458.1,EUROSTAT_NAMA10_GDP,4.357541,,,,strict,stitched_actual,EUROSTAT_GOV10A_MAIN,1995.0,56994.1,EC_AMECO,0.9369763205828779,,,,1.0,2025.0,B,EC_AMECO_to_ESA_EXP:1.0,EC_AMECO,2026-06-03,2026-08-31,current,,,,,,,False,False,False,20260921T154333Z,"AMECO UYTGM: Social transfers in kind (purchased market production) (D.632), general government, ESA 2010, Commission redistribution of national accounts; same concept as the anchor's main-aggregates item"
FRA_E04_strict,FRA,ESA_EXP,E04,1,Social transfers in kind (purchased market production),1991,1991,CY,46621.99999999999,EUR,1082833.0,EUROSTAT_NAMA10_GDP,4.305558,,,,strict,stitched_actual,EUROSTAT_GOV10A_MAIN,1995.0,56994.1,EC_AMECO,0.9540394532209217,,,,1.0,2025.0,B,EC_AMECO_to_ESA_EXP:1.0,EC_AMECO,2026-06-03,2026-08-31,current,,,,,,,False,False,False,20260921T154333Z,"AMECO UYTGM: Social transfers in kind (purchased market production) (D.632), general government, ESA 2010, Commission redistribution of national accounts; same concept as the anchor's main-aggregates item"
FRA_E04_strict,FRA,ESA_EXP,E04,1,Social transfers in kind (purchased market production),1990,1990,CY,43779.99999999999,EUR,1043974.8,EUROSTAT_NAMA10_GDP,4.193588,,,,strict,stitched_actual,EUROSTAT_GOV10A_MAIN,1995.0,56994.1,EC_AMECO,0.939041654154691,,,,1.0,2025.0,B,EC_AMECO_to_ESA_EXP:1.0,EC_AMECO,2026-06-03,2026-08-31,current,,,,,,,False,False,False,20260921T154333Z,"AMECO UYTGM: Social transfers in kind (purchased market production) (D.632), general government, ESA 2010, Commission redistribution of national accounts; same concept as the anchor's main-aggregates item"
FRA_E04_strict,FRA,ESA_EXP,E04,1,Social transfers in kind (purchased market production),1989,1989,CY,40946.99999999999,EUR,988883.5,EUROSTAT_NAMA10_GDP,4.14073,,,,strict,stitched_actual,EUROSTAT_GOV10A_MAIN,1995.0,56994.1,EC_AMECO,0.9352900867976245,,,,1.0,2025.0,B,EC_AMECO_to_ESA_EXP:1.0,EC_AMECO,2026-06-03,2026-08-31,current,,,,,,,False,False,False,20260921T154333Z,"AMECO UYTGM: Social transfers in kind (purchased market production) (D.632), general government, ESA 2010, Commission redistribution of national accounts; same concept as the anchor's main-aggregates item"
FRA_E04_strict,FRA,ESA_EXP,E04,1,Social transfers in kind (purchased market production),1988,1988,CY,38346.99999999999,EUR,917932.6,EUROSTAT_NAMA10_GDP,4.17754,,,,strict,stitched_actual,EUROSTAT_GOV10A_MAIN,1995.0,56994.1,EC_AMECO,0.9365032847339243,,,,1.0,2025.0,B,EC_AMECO_to_ESA_EXP:1.0,EC_AMECO,2026-06-03,2026-08-31,current,,,,,,,False,False,False,20260921T154333Z,"AMECO UYTGM: Social transfers in kind (purchased market production) (D.632), general government, ESA 2010, Commission redistribution of national accounts; same concept as the anchor's main-aggregates item"
FRA_E04_strict,FRA,ESA_EXP,E04,1,Social transfers in kind (purchased market production),1987,1987,CY,34972.99999999999,EUR,848787.8,EUROSTAT_NAMA10_GDP,4.120347,,,,strict,stitched_actual,EUROSTAT_GOV10A_MAIN,1995.0,56994.1,EC_AMECO,0.9120139776253683,,,,1.0,2025.0,B,EC_AMECO_to_ESA_EXP:1.0,EC_AMECO,2026-06-03,2026-08-31,current,,,,,,,False,False,False,20260921T154333Z,"AMECO UYTGM: Social transfers in kind (purchased market production) (D.632), general government, ESA 2010, Commission redistribution of national accounts; same concept as the anchor's main-aggregates item"
FRA_E04_strict,FRA,ESA_EXP,E04,1,Social transfers in kind (purchased market production),1986,1986,CY,33405.99999999999,EUR,807707.1,EUROSTAT_NAMA10_GDP,4.135905,,,,strict,stitched_actual,EUROSTAT_GOV10A_MAIN,1995.0,56994.1,EC_AMECO,0.9551940068052498,,,,1.0,2025.0,B,EC_AMECO_to_ESA_EXP:1.0,EC_AMECO,2026-06-03,2026-08-31,current,,,,,,,False,False,False,20260921T154333Z,"AMECO UYTGM: Social transfers in kind (purchased market production) (D.632), general government, ESA 2010, Commission redistribution of national accounts; same concept as the anchor's main-aggregates item"
FRA_E04_strict,FRA,ESA_EXP,E04,1,Social transfers in kind (purchased market production),1985,1985,CY,30552.999999999996,EUR,749583.3,EUROSTAT_NAMA10_GDP,4.075998,,,,strict,stitched_actual,EUROSTAT_GOV10A_MAIN,1995.0,56994.1,EC_AMECO,0.9145961803268875,,,,1.0,2025.0,B,EC_AMECO_to_ESA_EXP:1.0,EC_AMECO,2026-06-03,2026-08-31,current,,,,,,,False,False,False,20260921T154333Z,"AMECO UYTGM: Social transfers in kind (purchased market production) (D.632), general government, ESA 2010, Commission redistribution of national accounts; same concept as the anchor's main-aggregates item"
FRA_E04_strict,FRA,ESA_EXP,E04,1,Social transfers in kind (purchased market production),1984,1984,CY,26859.0,EUR,699501.9,EUROSTAT_NAMA10_GDP,3.839732,,,,strict,stitched_actual,EUROSTAT_GOV10A_MAIN,1995.0,56994.1,EC_AMECO,0.8790953425195562,,,,1.0,2025.0,B,EC_AMECO_to_ESA_EXP:1.0,EC_AMECO,2026-06-03,2026-08-31,current,,,,,,,False,False,False,20260921T154333Z,"AMECO UYTGM: Social transfers in kind (purchased market production) (D.632), general government, ESA 2010, Commission redistribution of national accounts; same concept as the anchor's main-aggregates item"
FRA_E04_strict,FRA,ESA_EXP,E04,1,Social transfers in kind (purchased market production),1983,1983,CY,23606.999999999996,EUR,642944.7,EUROSTAT_NAMA10_GDP,3.6717,,,,strict,stitched_actual,EUROSTAT_GOV10A_MAIN,1995.0,56994.1,EC_AMECO,0.8789232659443761,,,,1.0,2025.0,B,EC_AMECO_to_ESA_EXP:1.0,EC_AMECO,2026-06-03,2026-08-31,current,,,,,,,False,False,False,20260921T154333Z,"AMECO UYTGM: Social transfers in kind (purchased market production) (D.632), general government, ESA 2010, Commission redistribution of national accounts; same concept as the anchor's main-aggregates item"
FRA_E04_strict,FRA,ESA_EXP,E04,1,Social transfers in kind (purchased market production),1982,1982,CY,21277.999999999996,EUR,579250.8,EUROSTAT_NAMA10_GDP,3.673366,,,,strict,stitched_actual,EUROSTAT_GOV10A_MAIN,1995.0,56994.1,EC_AMECO,0.9013428220443088,,,,1.0,2025.0,B,EC_AMECO_to_ESA_EXP:1.0,EC_AMECO,2026-06-03,2026-08-31,current,,,,,,,False,False,False,20260921T154333Z,"AMECO UYTGM: Social transfers in kind (purchased market production) (D.632), general government, ESA 2010, Commission redistribution of national accounts; same concept as the anchor's main-aggregates item"
FRA_E04_strict,FRA,ESA_EXP,E04,1,Social transfers in kind (purchased market production),1981,1981,CY,18303.999999999996,EUR,504709.6,EUROSTAT_NAMA10_GDP,3.62664,,,,strict,stitched_actual,EUROSTAT_GOV10A_MAIN,1995.0,56994.1,EC_AMECO,0.8602312247391672,,,,1.0,2025.0,B,EC_AMECO_to_ESA_EXP:1.0,EC_AMECO,2026-06-03,2026-08-31,current,,,,,,,False,False,False,20260921T154333Z,"AMECO UYTGM: Social transfers in kind (purchased market production) (D.632), general government, ESA 2010, Commission redistribution of national accounts; same concept as the anchor's main-aggregates item"
FRA_E04_strict,FRA,ESA_EXP,E04,1,Social transfers in kind (purchased market production),1980,1980,CY,14833.999999999996,EUR,447415.7,EUROSTAT_NAMA10_GDP,3.315485,,,,strict,stitched_actual,EUROSTAT_GOV10A_MAIN,1995.0,56994.1,EC_AMECO,0.810423951048951,,,,1.0,2025.0,B,EC_AMECO_to_ESA_EXP:1.0,EC_AMECO,2026-06-03,2026-08-31,current,,,,,,,False,False,False,20260921T154333Z,"AMECO UYTGM: Social transfers in kind (purchased market production) (D.632), general government, ESA 2010, Commission redistribution of national accounts; same concept as the anchor's main-aggregates item"
FRA_E04_strict,FRA,ESA_EXP,E04,1,Social transfers in kind (purchased market production),1979,1979,CY,12644.999999999996,EUR,394490.6,EUROSTAT_NAMA10_GDP,3.2054,,,,strict,stitched_actual,EUROSTAT_GOV10A_MAIN,1995.0,56994.1,EC_AMECO,0.8524335984899555,,,,1.0,2025.0,B,EC_AMECO_to_ESA_EXP:1.0,EC_AMECO,2026-06-03,2026-08-31,current,,,,,,,False,False,False,20260921T154333Z,"AMECO UYTGM: Social transfers in kind (purchased market production) (D.632), general government, ESA 2010, Commission redistribution of national accounts; same concept as the anchor's main-aggregates item"
FRA_E04_strict,FRA,ESA_EXP,E04,1,Social transfers in kind (purchased market production),1978,1978,CY,10942.999999999996,EUR,345186.4,EUROSTAT_NAMA10_GDP,3.170171,,,,strict,stitched_actual,EUROSTAT_GOV10A_MAIN,1995.0,56994.1,EC_AMECO,0.8654013444049031,,,,1.0,2025.0,B,EC_AMECO_to_ESA_EXP:1.0,EC_AMECO,2026-06-03,2026-08-31,current,,,,,,,False,False,False,20260921T154333Z,"AMECO UYTGM: Social transfers in kind (purchased market production) (D.632), general government, ESA 2010, Commission redistribution of national accounts; same concept as the anchor's main-aggregates item"
FRA_E05_strict,FRA,ESA_EXP,E05,1,Interest payable,1994,1994,CY,39168.0,EUR,1172960.4,EUROSTAT_NAMA10_GDP,3.339243,,,,strict,stitched_actual,EUROSTAT_GOV10A_MAIN,1995.0,41982.6,EC_AMECO,0.9329579397178831,,,,1.0,2025.0,B,EC_AMECO_to_ESA_EXP:1.0,EC_AMECO,2026-06-03,2026-08-31,current,,d41_gross_accrued,,,,,False,False,False,20260921T154333Z,"AMECO UYIG: Interest payable (D.41 (uses)), general government, ESA 2010, Commission redistribution of national accounts; same concept as the anchor's main-aggregates item"
FRA_E05_strict,FRA,ESA_EXP,E05,1,Interest payable,1993,1993,CY,36759.0,EUR,1134838.6,EUROSTAT_NAMA10_GDP,3.239139,,,,strict,stitched_actual,EUROSTAT_GOV10A_MAIN,1995.0,41982.6,EC_AMECO,0.9384957107843137,,,,1.0,2025.0,B,EC_AMECO_to_ESA_EXP:1.0,EC_AMECO,2026-06-03,2026-08-31,current,,d41_gross_accrued,,,,,False,False,False,20260921T154333Z,"AMECO UYIG: Interest payable (D.41 (uses)), general government, ESA 2010, Commission redistribution of national accounts; same concept as the anchor's main-aggregates item"
FRA_E05_strict,FRA,ESA_EXP,E05,1,Interest payable,1992,1992,CY,33664.0,EUR,1121458.1,EUROSTAT_NAMA10_GDP,3.001806,,,,strict,stitched_actual,EUROSTAT_GOV10A_MAIN,1995.0,41982.6,EC_AMECO,0.9158029326151419,,,,1.0,2025.0,B,EC_AMECO_to_ESA_EXP:1.0,EC_AMECO,2026-06-03,2026-08-31,current,,d41_gross_accrued,,,,,False,False,False,20260921T154333Z,"AMECO UYIG: Interest payable (D.41 (uses)), general government, ESA 2010, Commission redistribution of national accounts; same concept as the anchor's main-aggregates item"
FRA_E05_strict,FRA,ESA_EXP,E05,1,Interest payable,1991,1991,CY,30544.0,EUR,1082833.0,EUROSTAT_NAMA10_GDP,2.820749,,,,strict,stitched_actual,EUROSTAT_GOV10A_MAIN,1995.0,41982.6,EC_AMECO,0.907319391634981,,,,1.0,2025.0,B,EC_AMECO_to_ESA_EXP:1.0,EC_AMECO,2026-06-03,2026-08-31,current,,d41_gross_accrued,,,,,False,False,False,20260921T154333Z,"AMECO UYIG: Interest payable (D.41 (uses)), general government, ESA 2010, Commission redistribution of national accounts; same concept as the anchor's main-aggregates item"
FRA_E05_strict,FRA,ESA_EXP,E05,1,Interest payable,1990,1990,CY,28115.0,EUR,1043974.8,EUROSTAT_NAMA10_GDP,2.693073,,,,strict,stitched_actual,EUROSTAT_GOV10A_MAIN,1995.0,41982.6,EC_AMECO,0.9204753797799895,,,,1.0,2025.0,B,EC_AMECO_to_ESA_EXP:1.0,EC_AMECO,2026-06-03,2026-08-31,current,,d41_gross_accrued,,,,,False,False,False,20260921T154333Z,"AMECO UYIG: Interest payable (D.41 (uses)), general government, ESA 2010, Commission redistribution of national accounts; same concept as the anchor's main-aggregates item"
FRA_E05_strict,FRA,ESA_EXP,E05,1,Interest payable,1989,1989,CY,24456.0,EUR,988883.5,EUROSTAT_NAMA10_GDP,2.473092,,,,strict,stitched_actual,EUROSTAT_GOV10A_MAIN,1995.0,41982.6,EC_AMECO,0.8698559487817891,,,,1.0,2025.0,B,EC_AMECO_to_ESA_EXP:1.0,EC_AMECO,2026-06-03,2026-08-31,current,,d41_gross_accrued,,,,,False,False,False,20260921T154333Z,"AMECO UYIG: Interest payable (D.41 (uses)), general government, ESA 2010, Commission redistribution of national accounts; same concept as the anchor's main-aggregates item"
FRA_E05_strict,FRA,ESA_EXP,E05,1,Interest payable,1988,1988,CY,21927.0,EUR,917932.6,EUROSTAT_NAMA10_GDP,2.388737,,,,strict,stitched_actual,EUROSTAT_GOV10A_MAIN,1995.0,41982.6,EC_AMECO,0.8965897939156036,,,,1.0,2025.0,B,EC_AMECO_to_ESA_EXP:1.0,EC_AMECO,2026-06-03,2026-08-31,current,,d41_gross_accrued,,,,,False,False,False,20260921T154333Z,"AMECO UYIG: Interest payable (D.41 (uses)), general government, ESA 2010, Commission redistribution of national accounts; same concept as the anchor's main-aggregates item"
FRA_E05_strict,FRA,ESA_EXP,E05,1,Interest payable,1987,1987,CY,21082.0,EUR,848787.8,EUROSTAT_NAMA10_GDP,2.483777,,,,strict,stitched_actual,EUROSTAT_GOV10A_MAIN,1995.0,41982.6,EC_AMECO,0.9614630364390934,,,,1.0,2025.0,B,EC_AMECO_to_ESA_EXP:1.0,EC_AMECO,2026-06-03,2026-08-31,current,,d41_gross_accrued,,,,,False,False,False,20260921T154333Z,"AMECO UYIG: Interest payable (D.41 (uses)), general government, ESA 2010, Commission redistribution of national accounts; same concept as the anchor's main-aggregates item"
FRA_E05_strict,FRA,ESA_EXP,E05,1,Interest payable,1986,1986,CY,20811.0,EUR,807707.1,EUROSTAT_NAMA10_GDP,2.576553,,,,strict,stitched_actual,EUROSTAT_GOV10A_MAIN,1995.0,41982.6,EC_AMECO,0.9871454321221895,,,,1.0,2025.0,B,EC_AMECO_to_ESA_EXP:1.0,EC_AMECO,2026-06-03,2026-08-31,current,,d41_gross_accrued,,,,,False,False,False,20260921T154333Z,"AMECO UYIG: Interest payable (D.41 (uses)), general government, ESA 2010, Commission redistribution of national accounts; same concept as the anchor's main-aggregates item"
FRA_E05_strict,FRA,ESA_EXP,E05,1,Interest payable,1985,1985,CY,19143.999999999996,EUR,749583.3,EUROSTAT_NAMA10_GDP,2.553952,,,,strict,stitched_actual,EUROSTAT_GOV10A_MAIN,1995.0,41982.6,EC_AMECO,0.9198981307962134,,,,1.0,2025.0,B,EC_AMECO_to_ESA_EXP:1.0,EC_AMECO,2026-06-03,2026-08-31,current,,d41_gross_accrued,,,,,False,False,False,20260921T154333Z,"AMECO UYIG: Interest payable (D.41 (uses)), general government, ESA 2010, Commission redistribution of national accounts; same concept as the anchor's main-aggregates item"
FRA_E05_strict,FRA,ESA_EXP,E05,1,Interest payable,1984,1984,CY,16484.999999999996,EUR,699501.9,EUROSTAT_NAMA10_GDP,2.356677,,,,strict,stitched_actual,EUROSTAT_GOV10A_MAIN,1995.0,41982.6,EC_AMECO,0.8611053071458421,,,,1.0,2025.0,B,EC_AMECO_to_ESA_EXP:1.0,EC_AMECO,2026-06-03,2026-08-31,current,,d41_gross_accrued,,,,,False,False,False,20260921T154333Z,"AMECO UYIG: Interest payable (D.41 (uses)), general government, ESA 2010, Commission redistribution of national accounts; same concept as the anchor's main-aggregates item"
FRA_E05_strict,FRA,ESA_EXP,E05,1,Interest payable,1983,1983,CY,14354.999999999996,EUR,642944.7,EUROSTAT_NAMA10_GDP,2.232696,,,,strict,stitched_actual,EUROSTAT_GOV10A_MAIN,1995.0,41982.6,EC_AMECO,0.8707916287534122,,,,1.0,2025.0,B,EC_AMECO_to_ESA_EXP:1.0,EC_AMECO,2026-06-03,2026-08-31,current,,d41_gross_accrued,,,,,False,False,False,20260921T154333Z,"AMECO UYIG: Interest payable (D.41 (uses)), general government, ESA 2010, Commission redistribution of national accounts; same concept as the anchor's main-aggregates item"
FRA_E05_strict,FRA,ESA_EXP,E05,1,Interest payable,1982,1982,CY,10252.999999999996,EUR,579250.8,EUROSTAT_NAMA10_GDP,1.770045,,,,strict,stitched_actual,EUROSTAT_GOV10A_MAIN,1995.0,41982.6,EC_AMECO,0.7142459073493556,,,,1.0,2025.0,B,EC_AMECO_to_ESA_EXP:1.0,EC_AMECO,2026-06-03,2026-08-31,current,,d41_gross_accrued,,,,,False,False,False,20260921T154333Z,"AMECO UYIG: Interest payable (D.41 (uses)), general government, ESA 2010, Commission redistribution of national accounts; same concept as the anchor's main-aggregates item"
FRA_E05_strict,FRA,ESA_EXP,E05,1,Interest payable,1981,1981,CY,8668.999999999996,EUR,504709.6,EUROSTAT_NAMA10_GDP,1.717621,,,,strict,stitched_actual,EUROSTAT_GOV10A_MAIN,1995.0,41982.6,EC_AMECO,0.8455086316200137,,,,1.0,2025.0,B,EC_AMECO_to_ESA_EXP:1.0,EC_AMECO,2026-06-03,2026-08-31,current,,d41_gross_accrued,,,,,False,False,False,20260921T154333Z,"AMECO UYIG: Interest payable (D.41 (uses)), general government, ESA 2010, Commission redistribution of national accounts; same concept as the anchor's main-aggregates item"
FRA_E05_strict,FRA,ESA_EXP,E05,1,Interest payable,1980,1980,CY,5507.999999999997,EUR,447415.7,EUROSTAT_NAMA10_GDP,1.23107,,,,strict,stitched_actual,EUROSTAT_GOV10A_MAIN,1995.0,41982.6,EC_AMECO,0.6353674010843234,,,,1.0,2025.0,B,EC_AMECO_to_ESA_EXP:1.0,EC_AMECO,2026-06-03,2026-08-31,current,,d41_gross_accrued,,,,,False,False,False,20260921T154333Z,"AMECO UYIG: Interest payable (D.41 (uses)), general government, ESA 2010, Commission redistribution of national accounts; same concept as the anchor's main-aggregates item"
FRA_E05_strict,FRA,ESA_EXP,E05,1,Interest payable,1979,1979,CY,4512.999999999997,EUR,394490.6,EUROSTAT_NAMA10_GDP,1.144007,,,,strict,stitched_actual,EUROSTAT_GOV10A_MAIN,1995.0,41982.6,EC_AMECO,0.8193536673928831,,,,1.0,2025.0,B,EC_AMECO_to_ESA_EXP:1.0,EC_AMECO,2026-06-03,2026-08-31,current,,d41_gross_accrued,,,,,False,False,False,20260921T154333Z,"AMECO UYIG: Interest payable (D.41 (uses)), general government, ESA 2010, Commission redistribution of national accounts; same concept as the anchor's main-aggregates item"
FRA_E05_strict,FRA,ESA_EXP,E05,1,Interest payable,1978,1978,CY,3596.9999999999977,EUR,345186.4,EUROSTAT_NAMA10_GDP,1.042046,,,,strict,stitched_actual,EUROSTAT_GOV10A_MAIN,1995.0,41982.6,EC_AMECO,0.7970307999113672,,,,1.0,2025.0,B,EC_AMECO_to_ESA_EXP:1.0,EC_AMECO,2026-06-03,2026-08-31,current,,d41_gross_accrued,,,,,False,False,False,20260921T154333Z,"AMECO UYIG: Interest payable (D.41 (uses)), general government, ESA 2010, Commission redistribution of national accounts; same concept as the anchor's main-aggregates item"
FRA_E06_strict,FRA,ESA_EXP,E06,1,Subsidies,1994,1994,CY,17930.0,EUR,1172960.4,EUROSTAT_NAMA10_GDP,1.528611,,,,strict,stitched_actual,EUROSTAT_GOV10A_MAIN,1995.0,18371.5,EC_AMECO,0.9759682116321475,,,,1.0,2025.0,B,EC_AMECO_to_ESA_EXP:1.0,EC_AMECO,2026-06-03,2026-08-31,current,,,,,,,False,False,False,20260921T154333Z,"AMECO UYVG: Subsidies (D.3), general government, ESA 2010, Commission redistribution of national accounts; same concept as the anchor's main-aggregates item"
FRA_E06_strict,FRA,ESA_EXP,E06,1,Subsidies,1993,1993,CY,18414.0,EUR,1134838.6,EUROSTAT_NAMA10_GDP,1.62261,,,,strict,stitched_actual,EUROSTAT_GOV10A_MAIN,1995.0,18371.5,EC_AMECO,1.026993865030675,,,,1.0,2025.0,B,EC_AMECO_to_ESA_EXP:1.0,EC_AMECO,2026-06-03,2026-08-31,current,,,,,,,False,False,False,20260921T154333Z,"AMECO UYVG: Subsidies (D.3), general government, ESA 2010, Commission redistribution of national accounts; same concept as the anchor's main-aggregates item"
FRA_E06_strict,FRA,ESA_EXP,E06,1,Subsidies,1992,1992,CY,17639.0,EUR,1121458.1,EUROSTAT_NAMA10_GDP,1.572863,,,,strict,stitched_actual,EUROSTAT_GOV10A_MAIN,1995.0,18371.5,EC_AMECO,0.9579124579124578,,,,1.0,2025.0,B,EC_AMECO_to_ESA_EXP:1.0,EC_AMECO,2026-06-03,2026-08-31,current,,,,,,,False,False,False,20260921T154333Z,"AMECO UYVG: Subsidies (D.3), general government, ESA 2010, Commission redistribution of national accounts; same concept as the anchor's main-aggregates item"
FRA_E06_strict,FRA,ESA_EXP,E06,1,Subsidies,1991,1991,CY,17609.000000000004,EUR,1082833.0,EUROSTAT_NAMA10_GDP,1.626197,,,,strict,stitched_actual,EUROSTAT_GOV10A_MAIN,1995.0,18371.5,EC_AMECO,0.9982992233119793,,,,1.0,2025.0,B,EC_AMECO_to_ESA_EXP:1.0,EC_AMECO,2026-06-03,2026-08-31,current,,,,,,,False,False,False,20260921T154333Z,"AMECO UYVG: Subsidies (D.3), general government, ESA 2010, Commission redistribution of national accounts; same concept as the anchor's main-aggregates item"
FRA_E06_strict,FRA,ESA_EXP,E06,1,Subsidies,1990,1990,CY,17711.0,EUR,1043974.8,EUROSTAT_NAMA10_GDP,1.696497,,,,strict,stitched_actual,EUROSTAT_GOV10A_MAIN,1995.0,18371.5,EC_AMECO,1.0057924924754384,,,,1.0,2025.0,B,EC_AMECO_to_ESA_EXP:1.0,EC_AMECO,2026-06-03,2026-08-31,current,,,,,,,False,False,False,20260921T154333Z,"AMECO UYVG: Subsidies (D.3), general government, ESA 2010, Commission redistribution of national accounts; same concept as the anchor's main-aggregates item"
FRA_E06_strict,FRA,ESA_EXP,E06,1,Subsidies,1989,1989,CY,17451.0,EUR,988883.5,EUROSTAT_NAMA10_GDP,1.764717,,,,strict,stitched_actual,EUROSTAT_GOV10A_MAIN,1995.0,18371.5,EC_AMECO,0.9853198577155441,,,,1.0,2025.0,B,EC_AMECO_to_ESA_EXP:1.0,EC_AMECO,2026-06-03,2026-08-31,current,,,,,,,False,False,False,20260921T154333Z,"AMECO UYVG: Subsidies (D.3), general government, ESA 2010, Commission redistribution of national accounts; same concept as the anchor's main-aggregates item"
FRA_E06_strict,FRA,ESA_EXP,E06,1,Subsidies,1988,1988,CY,17870.0,EUR,917932.6,EUROSTAT_NAMA10_GDP,1.946766,,,,strict,stitched_actual,EUROSTAT_GOV10A_MAIN,1995.0,18371.5,EC_AMECO,1.0240100853819265,,,,1.0,2025.0,B,EC_AMECO_to_ESA_EXP:1.0,EC_AMECO,2026-06-03,2026-08-31,current,,,,,,,False,False,False,20260921T154333Z,"AMECO UYVG: Subsidies (D.3), general government, ESA 2010, Commission redistribution of national accounts; same concept as the anchor's main-aggregates item"
FRA_E06_strict,FRA,ESA_EXP,E06,1,Subsidies,1987,1987,CY,19804.0,EUR,848787.8,EUROSTAT_NAMA10_GDP,2.33321,,,,strict,stitched_actual,EUROSTAT_GOV10A_MAIN,1995.0,18371.5,EC_AMECO,1.1082260772243984,,,,1.0,2025.0,B,EC_AMECO_to_ESA_EXP:1.0,EC_AMECO,2026-06-03,2026-08-31,current,,,,,,,False,False,False,20260921T154333Z,"AMECO UYVG: Subsidies (D.3), general government, ESA 2010, Commission redistribution of national accounts; same concept as the anchor's main-aggregates item"
FRA_E06_strict,FRA,ESA_EXP,E06,1,Subsidies,1986,1986,CY,19899.000000000004,EUR,807707.1,EUROSTAT_NAMA10_GDP,2.463641,,,,strict,stitched_actual,EUROSTAT_GOV10A_MAIN,1995.0,18371.5,EC_AMECO,1.0047970107049082,,,,1.0,2025.0,B,EC_AMECO_to_ESA_EXP:1.0,EC_AMECO,2026-06-03,2026-08-31,current,,,,,,,False,False,False,20260921T154333Z,"AMECO UYVG: Subsidies (D.3), general government, ESA 2010, Commission redistribution of national accounts; same concept as the anchor's main-aggregates item"
FRA_E06_strict,FRA,ESA_EXP,E06,1,Subsidies,1985,1985,CY,18033.000000000004,EUR,749583.3,EUROSTAT_NAMA10_GDP,2.405737,,,,strict,stitched_actual,EUROSTAT_GOV10A_MAIN,1995.0,18371.5,EC_AMECO,0.9062264435398764,,,,1.0,2025.0,B,EC_AMECO_to_ESA_EXP:1.0,EC_AMECO,2026-06-03,2026-08-31,current,,,,,,,False,False,False,20260921T154333Z,"AMECO UYVG: Subsidies (D.3), general government, ESA 2010, Commission redistribution of national accounts; same concept as the anchor's main-aggregates item"
FRA_E06_strict,FRA,ESA_EXP,E06,1,Subsidies,1984,1984,CY,17912.0,EUR,699501.9,EUROSTAT_NAMA10_GDP,2.560679,,,,strict,stitched_actual,EUROSTAT_GOV10A_MAIN,1995.0,18371.5,EC_AMECO,0.9932900792990627,,,,1.0,2025.0,B,EC_AMECO_to_ESA_EXP:1.0,EC_AMECO,2026-06-03,2026-08-31,current,,,,,,,False,False,False,20260921T154333Z,"AMECO UYVG: Subsidies (D.3), general government, ESA 2010, Commission redistribution of national accounts; same concept as the anchor's main-aggregates item"
FRA_E06_strict,FRA,ESA_EXP,E06,1,Subsidies,1983,1983,CY,13932.0,EUR,642944.7,EUROSTAT_NAMA10_GDP,2.166905,,,,strict,stitched_actual,EUROSTAT_GOV10A_MAIN,1995.0,18371.5,EC_AMECO,0.7778025904421617,,,,1.0,2025.0,B,EC_AMECO_to_ESA_EXP:1.0,EC_AMECO,2026-06-03,2026-08-31,current,,,,,,,False,False,False,20260921T154333Z,"AMECO UYVG: Subsidies (D.3), general government, ESA 2010, Commission redistribution of national accounts; same concept as the anchor's main-aggregates item"
FRA_E06_strict,FRA,ESA_EXP,E06,1,Subsidies,1982,1982,CY,12479.0,EUR,579250.8,EUROSTAT_NAMA10_GDP,2.154335,,,,strict,stitched_actual,EUROSTAT_GOV10A_MAIN,1995.0,18371.5,EC_AMECO,0.895707723227103,,,,1.0,2025.0,B,EC_AMECO_to_ESA_EXP:1.0,EC_AMECO,2026-06-03,2026-08-31,current,,,,,,,False,False,False,20260921T154333Z,"AMECO UYVG: Subsidies (D.3), general government, ESA 2010, Commission redistribution of national accounts; same concept as the anchor's main-aggregates item"
FRA_E06_strict,FRA,ESA_EXP,E06,1,Subsidies,1981,1981,CY,10659.0,EUR,504709.6,EUROSTAT_NAMA10_GDP,2.111908,,,,strict,stitched_actual,EUROSTAT_GOV10A_MAIN,1995.0,18371.5,EC_AMECO,0.8541549803670166,,,,1.0,2025.0,B,EC_AMECO_to_ESA_EXP:1.0,EC_AMECO,2026-06-03,2026-08-31,current,,,,,,,False,False,False,20260921T154333Z,"AMECO UYVG: Subsidies (D.3), general government, ESA 2010, Commission redistribution of national accounts; same concept as the anchor's main-aggregates item"
FRA_E06_strict,FRA,ESA_EXP,E06,1,Subsidies,1980,1980,CY,8733.0,EUR,447415.7,EUROSTAT_NAMA10_GDP,1.951876,,,,strict,stitched_actual,EUROSTAT_GOV10A_MAIN,1995.0,18371.5,EC_AMECO,0.819307627357163,,,,1.0,2025.0,B,EC_AMECO_to_ESA_EXP:1.0,EC_AMECO,2026-06-03,2026-08-31,current,,,,,,,False,False,False,20260921T154333Z,"AMECO UYVG: Subsidies (D.3), general government, ESA 2010, Commission redistribution of national accounts; same concept as the anchor's main-aggregates item"
FRA_E06_strict,FRA,ESA_EXP,E06,1,Subsidies,1979,1979,CY,7857.999999999999,EUR,394490.6,EUROSTAT_NAMA10_GDP,1.991936,,,,strict,stitched_actual,EUROSTAT_GOV10A_MAIN,1995.0,18371.5,EC_AMECO,0.8998053360815297,,,,1.0,2025.0,B,EC_AMECO_to_ESA_EXP:1.0,EC_AMECO,2026-06-03,2026-08-31,current,,,,,,,False,False,False,20260921T154333Z,"AMECO UYVG: Subsidies (D.3), general government, ESA 2010, Commission redistribution of national accounts; same concept as the anchor's main-aggregates item"
FRA_E06_strict,FRA,ESA_EXP,E06,1,Subsidies,1978,1978,CY,6828.999999999999,EUR,345186.4,EUROSTAT_NAMA10_GDP,1.978351,,,,strict,stitched_actual,EUROSTAT_GOV10A_MAIN,1995.0,18371.5,EC_AMECO,0.8690506490201069,,,,1.0,2025.0,B,EC_AMECO_to_ESA_EXP:1.0,EC_AMECO,2026-06-03,2026-08-31,current,,,,,,,False,False,False,20260921T154333Z,"AMECO UYVG: Subsidies (D.3), general government, ESA 2010, Commission redistribution of national accounts; same concept as the anchor's main-aggregates item"
FRA_E07_strict,FRA,ESA_EXP,E07,1,Other current expenditure,1994,1994,CY,39407.000000000015,EUR,1172960.4,EUROSTAT_NAMA10_GDP,3.359619,,,,strict,stitched_actual,EUROSTAT_GOV10A_MAIN,1995.0,38423.10000000001,EC_AMECO,1.0256069916274324,,,,1.0,2025.0,B,EC_AMECO_to_ESA_EXP:1.0,EC_AMECO,2026-06-03,2026-08-31,current,,,,,,,False,False,False,20260921T154333Z,"AMECO UUOG: Other current expenditure (D.29 + D.5 + (D.4 - D.41) + D.7 + D.8), general government, ESA 2010, Commission redistribution of national accounts; same concept as the anchor's main-aggregates item"
FRA_E07_strict,FRA,ESA_EXP,E07,1,Other current expenditure,1993,1993,CY,36883.00000000002,EUR,1134838.6,EUROSTAT_NAMA10_GDP,3.250066,,,,strict,stitched_actual,EUROSTAT_GOV10A_MAIN,1995.0,38423.10000000001,EC_AMECO,0.9359504656533105,,,,1.0,2025.0,B,EC_AMECO_to_ESA_EXP:1.0,EC_AMECO,2026-06-03,2026-08-31,current,,,,,,,False,False,False,20260921T154333Z,"AMECO UUOG: Other current expenditure (D.29 + D.5 + (D.4 - D.41) + D.7 + D.8), general government, ESA 2010, Commission redistribution of national accounts; same concept as the anchor's main-aggregates item"
FRA_E07_strict,FRA,ESA_EXP,E07,1,Other current expenditure,1992,1992,CY,35542.00000000002,EUR,1121458.1,EUROSTAT_NAMA10_GDP,3.169267,,,,strict,stitched_actual,EUROSTAT_GOV10A_MAIN,1995.0,38423.10000000001,EC_AMECO,0.9636417861887591,,,,1.0,2025.0,B,EC_AMECO_to_ESA_EXP:1.0,EC_AMECO,2026-06-03,2026-08-31,current,,,,,,,False,False,False,20260921T154333Z,"AMECO UUOG: Other current expenditure (D.29 + D.5 + (D.4 - D.41) + D.7 + D.8), general government, ESA 2010, Commission redistribution of national accounts; same concept as the anchor's main-aggregates item"
FRA_E07_strict,FRA,ESA_EXP,E07,1,Other current expenditure,1991,1991,CY,32544.000000000015,EUR,1082833.0,EUROSTAT_NAMA10_GDP,3.00545,,,,strict,stitched_actual,EUROSTAT_GOV10A_MAIN,1995.0,38423.10000000001,EC_AMECO,0.915649091216026,,,,1.0,2025.0,B,EC_AMECO_to_ESA_EXP:1.0,EC_AMECO,2026-06-03,2026-08-31,current,,,,,,,False,False,False,20260921T154333Z,"AMECO UUOG: Other current expenditure (D.29 + D.5 + (D.4 - D.41) + D.7 + D.8), general government, ESA 2010, Commission redistribution of national accounts; same concept as the anchor's main-aggregates item"
FRA_E07_strict,FRA,ESA_EXP,E07,1,Other current expenditure,1990,1990,CY,28222.000000000015,EUR,1043974.8,EUROSTAT_NAMA10_GDP,2.703322,,,,strict,stitched_actual,EUROSTAT_GOV10A_MAIN,1995.0,38423.10000000001,EC_AMECO,0.8671951819075714,,,,1.0,2025.0,B,EC_AMECO_to_ESA_EXP:1.0,EC_AMECO,2026-06-03,2026-08-31,current,,,,,,,False,False,False,20260921T154333Z,"AMECO UUOG: Other current expenditure (D.29 + D.5 + (D.4 - D.41) + D.7 + D.8), general government, ESA 2010, Commission redistribution of national accounts; same concept as the anchor's main-aggregates item"
FRA_E07_strict,FRA,ESA_EXP,E07,1,Other current expenditure,1989,1989,CY,26255.00000000001,EUR,988883.5,EUROSTAT_NAMA10_GDP,2.655014,,,,strict,stitched_actual,EUROSTAT_GOV10A_MAIN,1995.0,38423.10000000001,EC_AMECO,0.9303026008078803,,,,1.0,2025.0,B,EC_AMECO_to_ESA_EXP:1.0,EC_AMECO,2026-06-03,2026-08-31,current,,,,,,,False,False,False,20260921T154333Z,"AMECO UUOG: Other current expenditure (D.29 + D.5 + (D.4 - D.41) + D.7 + D.8), general government, ESA 2010, Commission redistribution of national accounts; same concept as the anchor's main-aggregates item"
FRA_E07_strict,FRA,ESA_EXP,E07,1,Other current expenditure,1988,1988,CY,25394.00000000001,EUR,917932.6,EUROSTAT_NAMA10_GDP,2.766434,,,,strict,stitched_actual,EUROSTAT_GOV10A_MAIN,1995.0,38423.10000000001,EC_AMECO,0.9672062464292516,,,,1.0,2025.0,B,EC_AMECO_to_ESA_EXP:1.0,EC_AMECO,2026-06-03,2026-08-31,current,,,,,,,False,False,False,20260921T154333Z,"AMECO UUOG: Other current expenditure (D.29 + D.5 + (D.4 - D.41) + D.7 + D.8), general government, ESA 2010, Commission redistribution of national accounts; same concept as the anchor's main-aggregates item"
FRA_E07_strict,FRA,ESA_EXP,E07,1,Other current expenditure,1987,1987,CY,22002.000000000007,EUR,848787.8,EUROSTAT_NAMA10_GDP,2.592167,,,,strict,stitched_actual,EUROSTAT_GOV10A_MAIN,1995.0,38423.10000000001,EC_AMECO,0.8664251397968024,,,,1.0,2025.0,B,EC_AMECO_to_ESA_EXP:1.0,EC_AMECO,2026-06-03,2026-08-31,current,,,,,,,False,False,False,20260921T154333Z,"AMECO UUOG: Other current expenditure (D.29 + D.5 + (D.4 - D.41) + D.7 + D.8), general government, ESA 2010, Commission redistribution of national accounts; same concept as the anchor's main-aggregates item"
FRA_E07_strict,FRA,ESA_EXP,E07,1,Other current expenditure,1986,1986,CY,20631.000000000007,EUR,807707.1,EUROSTAT_NAMA10_GDP,2.554268,,,,strict,stitched_actual,EUROSTAT_GOV10A_MAIN,1995.0,38423.10000000001,EC_AMECO,0.9376874829560949,,,,1.0,2025.0,B,EC_AMECO_to_ESA_EXP:1.0,EC_AMECO,2026-06-03,2026-08-31,current,,,,,,,False,False,False,20260921T154333Z,"AMECO UUOG: Other current expenditure (D.29 + D.5 + (D.4 - D.41) + D.7 + D.8), general government, ESA 2010, Commission redistribution of national accounts; same concept as the anchor's main-aggregates item"
FRA_E07_strict,FRA,ESA_EXP,E07,1,Other current expenditure,1985,1985,CY,19371.000000000007,EUR,749583.3,EUROSTAT_NAMA10_GDP,2.584236,,,,strict,stitched_actual,EUROSTAT_GOV10A_MAIN,1995.0,38423.10000000001,EC_AMECO,0.9389268576414134,,,,1.0,2025.0,B,EC_AMECO_to_ESA_EXP:1.0,EC_AMECO,2026-06-03,2026-08-31,current,,,,,,,False,False,False,20260921T154333Z,"AMECO UUOG: Other current expenditure (D.29 + D.5 + (D.4 - D.41) + D.7 + D.8), general government, ESA 2010, Commission redistribution of national accounts; same concept as the anchor's main-aggregates item"
FRA_E07_strict,FRA,ESA_EXP,E07,1,Other current expenditure,1984,1984,CY,18117.000000000007,EUR,699501.9,EUROSTAT_NAMA10_GDP,2.589986,,,,strict,stitched_actual,EUROSTAT_GOV10A_MAIN,1995.0,38423.10000000001,EC_AMECO,0.9352640545144805,,,,1.0,2025.0,B,EC_AMECO_to_ESA_EXP:1.0,EC_AMECO,2026-06-03,2026-08-31,current,,,,,,,False,False,False,20260921T154333Z,"AMECO UUOG: Other current expenditure (D.29 + D.5 + (D.4 - D.41) + D.7 + D.8), general government, ESA 2010, Commission redistribution of national accounts; same concept as the anchor's main-aggregates item"
FRA_E07_strict,FRA,ESA_EXP,E07,1,Other current expenditure,1983,1983,CY,16218.000000000005,EUR,642944.7,EUROSTAT_NAMA10_GDP,2.522456,,,,strict,stitched_actual,EUROSTAT_GOV10A_MAIN,1995.0,38423.10000000001,EC_AMECO,0.8951813214108295,,,,1.0,2025.0,B,EC_AMECO_to_ESA_EXP:1.0,EC_AMECO,2026-06-03,2026-08-31,current,,,,,,,False,False,False,20260921T154333Z,"AMECO UUOG: Other current expenditure (D.29 + D.5 + (D.4 - D.41) + D.7 + D.8), general government, ESA 2010, Commission redistribution of national accounts; same concept as the anchor's main-aggregates item"
FRA_E07_strict,FRA,ESA_EXP,E07,1,Other current expenditure,1982,1982,CY,14389.000000000004,EUR,579250.8,EUROSTAT_NAMA10_GDP,2.484071,,,,strict,stitched_actual,EUROSTAT_GOV10A_MAIN,1995.0,38423.10000000001,EC_AMECO,0.8872240720187445,,,,1.0,2025.0,B,EC_AMECO_to_ESA_EXP:1.0,EC_AMECO,2026-06-03,2026-08-31,current,,,,,,,False,False,False,20260921T154333Z,"AMECO UUOG: Other current expenditure (D.29 + D.5 + (D.4 - D.41) + D.7 + D.8), general government, ESA 2010, Commission redistribution of national accounts; same concept as the anchor's main-aggregates item"
FRA_E07_strict,FRA,ESA_EXP,E07,1,Other current expenditure,1981,1981,CY,11801.000000000004,EUR,504709.6,EUROSTAT_NAMA10_GDP,2.338176,,,,strict,stitched_actual,EUROSTAT_GOV10A_MAIN,1995.0,38423.10000000001,EC_AMECO,0.820140385016332,,,,1.0,2025.0,B,EC_AMECO_to_ESA_EXP:1.0,EC_AMECO,2026-06-03,2026-08-31,current,,,,,,,False,False,False,20260921T154333Z,"AMECO UUOG: Other current expenditure (D.29 + D.5 + (D.4 - D.41) + D.7 + D.8), general government, ESA 2010, Commission redistribution of national accounts; same concept as the anchor's main-aggregates item"
FRA_E07_strict,FRA,ESA_EXP,E07,1,Other current expenditure,1980,1980,CY,9422.000000000004,EUR,447415.7,EUROSTAT_NAMA10_GDP,2.105872,,,,strict,stitched_actual,EUROSTAT_GOV10A_MAIN,1995.0,38423.10000000001,EC_AMECO,0.7984069146682485,,,,1.0,2025.0,B,EC_AMECO_to_ESA_EXP:1.0,EC_AMECO,2026-06-03,2026-08-31,current,,,,,,,False,False,False,20260921T154333Z,"AMECO UUOG: Other current expenditure (D.29 + D.5 + (D.4 - D.41) + D.7 + D.8), general government, ESA 2010, Commission redistribution of national accounts; same concept as the anchor's main-aggregates item"
FRA_E07_strict,FRA,ESA_EXP,E07,1,Other current expenditure,1979,1979,CY,8671.000000000002,EUR,394490.6,EUROSTAT_NAMA10_GDP,2.198024,,,,strict,stitched_actual,EUROSTAT_GOV10A_MAIN,1995.0,38423.10000000001,EC_AMECO,0.920292931437062,,,,1.0,2025.0,B,EC_AMECO_to_ESA_EXP:1.0,EC_AMECO,2026-06-03,2026-08-31,current,,,,,,,False,False,False,20260921T154333Z,"AMECO UUOG: Other current expenditure (D.29 + D.5 + (D.4 - D.41) + D.7 + D.8), general government, ESA 2010, Commission redistribution of national accounts; same concept as the anchor's main-aggregates item"
FRA_E07_strict,FRA,ESA_EXP,E07,1,Other current expenditure,1978,1978,CY,7402.000000000003,EUR,345186.4,EUROSTAT_NAMA10_GDP,2.144349,,,,strict,stitched_actual,EUROSTAT_GOV10A_MAIN,1995.0,38423.10000000001,EC_AMECO,0.8536500980279093,,,,1.0,2025.0,B,EC_AMECO_to_ESA_EXP:1.0,EC_AMECO,2026-06-03,2026-08-31,current,,,,,,,False,False,False,20260921T154333Z,"AMECO UUOG: Other current expenditure (D.29 + D.5 + (D.4 - D.41) + D.7 + D.8), general government, ESA 2010, Commission redistribution of national accounts; same concept as the anchor's main-aggregates item"
FRA_E08_strict,FRA,ESA_EXP,E08,1,Gross capital formation and net acquisition of non-produced assets,1994,1994,CY,54807.19257170374,EUR,1172960.4,EUROSTAT_NAMA10_GDP,4.672553,,,,strict,stitched_actual,EUROSTAT_GOV10A_MAIN,1995.0,58453.7,EC_AMECO,0.9376171666071393,,,,0.9596,2025.0,B,EC_AMECO_to_ESA_EXP:1.0,EC_AMECO,2026-06-03,2026-08-31,current,,,,,,,False,False,False,20260921T154333Z,"AMECO UIGG0: Gross capital formation and net acquisition of non-produced assets (P.5 + NP), general government, ESA 2010, Commission redistribution of national accounts; same concept as the anchor's main-aggregates item; partial component (§7.8), coverage measured"
FRA_E08_strict,FRA,ESA_EXP,E08,1,Gross capital formation and net acquisition of non-produced assets,1993,1993,CY,54260.844861194775,EUR,1134838.6,EUROSTAT_NAMA10_GDP,4.781371,,,,strict,stitched_actual,EUROSTAT_GOV10A_MAIN,1995.0,58453.7,EC_AMECO,0.9900314596520488,,,,0.9596,2025.0,B,EC_AMECO_to_ESA_EXP:1.0,EC_AMECO,2026-06-03,2026-08-31,current,,,,,,,False,False,False,20260921T154333Z,"AMECO UIGG0: Gross capital formation and net acquisition of non-produced assets (P.5 + NP), general government, ESA 2010, Commission redistribution of national accounts; same concept as the anchor's main-aggregates item; partial component (§7.8), coverage measured"
FRA_E08_strict,FRA,ESA_EXP,E08,1,Gross capital formation and net acquisition of non-produced assets,1992,1992,CY,55479.22102930697,EUR,1121458.1,EUROSTAT_NAMA10_GDP,4.947061,,,,strict,stitched_actual,EUROSTAT_GOV10A_MAIN,1995.0,58453.7,EC_AMECO,1.0224540581929555,,,,0.9596,2025.0,B,EC_AMECO_to_ESA_EXP:1.0,EC_AMECO,2026-06-03,2026-08-31,current,,,,,,,False,False,False,20260921T154333Z,"AMECO UIGG0: Gross capital formation and net acquisition of non-produced assets (P.5 + NP), general government, ESA 2010, Commission redistribution of national accounts; same concept as the anchor's main-aggregates item; partial component (§7.8), coverage measured"
FRA_E08_strict,FRA,ESA_EXP,E08,1,Gross capital formation and net acquisition of non-produced assets,1991,1991,CY,54001.173896123975,EUR,1082833.0,EUROSTAT_NAMA10_GDP,4.987027,,,,strict,stitched_actual,EUROSTAT_GOV10A_MAIN,1995.0,58453.7,EC_AMECO,0.973358545672402,,,,0.9596,2025.0,B,EC_AMECO_to_ESA_EXP:1.0,EC_AMECO,2026-06-03,2026-08-31,current,,,,,,,False,False,False,20260921T154333Z,"AMECO UIGG0: Gross capital formation and net acquisition of non-produced assets (P.5 + NP), general government, ESA 2010, Commission redistribution of national accounts; same concept as the anchor's main-aggregates item; partial component (§7.8), coverage measured"
FRA_E08_strict,FRA,ESA_EXP,E08,1,Gross capital formation and net acquisition of non-produced assets,1990,1990,CY,50496.65455152843,EUR,1043974.8,EUROSTAT_NAMA10_GDP,4.836961,,,,strict,stitched_actual,EUROSTAT_GOV10A_MAIN,1995.0,58453.7,EC_AMECO,0.9351029044046931,,,,0.9596,2025.0,B,EC_AMECO_to_ESA_EXP:1.0,EC_AMECO,2026-06-03,2026-08-31,current,,,,,,,False,False,False,20260921T154333Z,"AMECO UIGG0: Gross capital formation and net acquisition of non-produced assets (P.5 + NP), general government, ESA 2010, Commission redistribution of national accounts; same concept as the anchor's main-aggregates item; partial component (§7.8), coverage measured"
FRA_E08_strict,FRA,ESA_EXP,E08,1,Gross capital formation and net acquisition of non-produced assets,1989,1989,CY,47408.64743490645,EUR,988883.5,EUROSTAT_NAMA10_GDP,4.794159,,,,strict,stitched_actual,EUROSTAT_GOV10A_MAIN,1995.0,58453.7,EC_AMECO,0.9388472930722396,,,,0.9596,2025.0,B,EC_AMECO_to_ESA_EXP:1.0,EC_AMECO,2026-06-03,2026-08-31,current,,,,,,,False,False,False,20260921T154333Z,"AMECO UIGG0: Gross capital formation and net acquisition of non-produced assets (P.5 + NP), general government, ESA 2010, Commission redistribution of national accounts; same concept as the anchor's main-aggregates item; partial component (§7.8), coverage measured"
FRA_E08_strict,FRA,ESA_EXP,E08,1,Gross capital formation and net acquisition of non-produced assets,1988,1988,CY,44148.21879747746,EUR,917932.6,EUROSTAT_NAMA10_GDP,4.809527,,,,strict,stitched_actual,EUROSTAT_GOV10A_MAIN,1995.0,58453.7,EC_AMECO,0.931227132309445,,,,0.9596,2025.0,B,EC_AMECO_to_ESA_EXP:1.0,EC_AMECO,2026-06-03,2026-08-31,current,,,,,,,False,False,False,20260921T154333Z,"AMECO UIGG0: Gross capital formation and net acquisition of non-produced assets (P.5 + NP), general government, ESA 2010, Commission redistribution of national accounts; same concept as the anchor's main-aggregates item; partial component (§7.8), coverage measured"
FRA_E08_strict,FRA,ESA_EXP,E08,1,Gross capital formation and net acquisition of non-produced assets,1987,1987,CY,38884.16899356216,EUR,848787.8,EUROSTAT_NAMA10_GDP,4.581141,,,,strict,stitched_actual,EUROSTAT_GOV10A_MAIN,1995.0,58453.7,EC_AMECO,0.8807641633728591,,,,0.9596,2025.0,B,EC_AMECO_to_ESA_EXP:1.0,EC_AMECO,2026-06-03,2026-08-31,current,,,,,,,False,False,False,20260921T154333Z,"AMECO UIGG0: Gross capital formation and net acquisition of non-produced assets (P.5 + NP), general government, ESA 2010, Commission redistribution of national accounts; same concept as the anchor's main-aggregates item; partial component (§7.8), coverage measured"
FRA_E08_strict,FRA,ESA_EXP,E08,1,Gross capital formation and net acquisition of non-produced assets,1986,1986,CY,36210.596737193184,EUR,807707.1,EUROSTAT_NAMA10_GDP,4.483135,,,,strict,stitched_actual,EUROSTAT_GOV10A_MAIN,1995.0,58453.7,EC_AMECO,0.9312426541297147,,,,0.9596,2025.0,B,EC_AMECO_to_ESA_EXP:1.0,EC_AMECO,2026-06-03,2026-08-31,current,,,,,,,False,False,False,20260921T154333Z,"AMECO UIGG0: Gross capital formation and net acquisition of non-produced assets (P.5 + NP), general government, ESA 2010, Commission redistribution of national accounts; same concept as the anchor's main-aggregates item; partial component (§7.8), coverage measured"
FRA_E08_strict,FRA,ESA_EXP,E08,1,Gross capital formation and net acquisition of non-produced assets,1985,1985,CY,34001.3161663708,EUR,749583.3,EUROSTAT_NAMA10_GDP,4.536029,,,,strict,stitched_actual,EUROSTAT_GOV10A_MAIN,1995.0,58453.7,EC_AMECO,0.9389880098674774,,,,0.9596,2025.0,B,EC_AMECO_to_ESA_EXP:1.0,EC_AMECO,2026-06-03,2026-08-31,current,,,,,,,False,False,False,20260921T154333Z,"AMECO UIGG0: Gross capital formation and net acquisition of non-produced assets (P.5 + NP), general government, ESA 2010, Commission redistribution of national accounts; same concept as the anchor's main-aggregates item; partial component (§7.8), coverage measured"
FRA_E08_strict,FRA,ESA_EXP,E08,1,Gross capital formation and net acquisition of non-produced assets,1984,1984,CY,30640.13519449434,EUR,699501.9,EUROSTAT_NAMA10_GDP,4.380279,,,,strict,stitched_actual,EUROSTAT_GOV10A_MAIN,1995.0,58453.7,EC_AMECO,0.9011455628532152,,,,0.9596,2025.0,B,EC_AMECO_to_ESA_EXP:1.0,EC_AMECO,2026-06-03,2026-08-31,current,,,,,,,False,False,False,20260921T154333Z,"AMECO UIGG0: Gross capital formation and net acquisition of non-produced assets (P.5 + NP), general government, ESA 2010, Commission redistribution of national accounts; same concept as the anchor's main-aggregates item; partial component (§7.8), coverage measured"
FRA_E08_strict,FRA,ESA_EXP,E08,1,Gross capital formation and net acquisition of non-produced assets,1983,1983,CY,28421.506468929412,EUR,642944.7,EUROSTAT_NAMA10_GDP,4.420521,,,,strict,stitched_actual,EUROSTAT_GOV10A_MAIN,1995.0,58453.7,EC_AMECO,0.9275907657886708,,,,0.9596,2025.0,B,EC_AMECO_to_ESA_EXP:1.0,EC_AMECO,2026-06-03,2026-08-31,current,,,,,,,False,False,False,20260921T154333Z,"AMECO UIGG0: Gross capital formation and net acquisition of non-produced assets (P.5 + NP), general government, ESA 2010, Commission redistribution of national accounts; same concept as the anchor's main-aggregates item; partial component (§7.8), coverage measured"
FRA_E08_strict,FRA,ESA_EXP,E08,1,Gross capital formation and net acquisition of non-produced assets,1982,1982,CY,26962.1556452315,EUR,579250.8,EUROSTAT_NAMA10_GDP,4.65466,,,,strict,stitched_actual,EUROSTAT_GOV10A_MAIN,1995.0,58453.7,EC_AMECO,0.9486532909403208,,,,0.9596,2025.0,B,EC_AMECO_to_ESA_EXP:1.0,EC_AMECO,2026-06-03,2026-08-31,current,,,,,,,False,False,False,20260921T154333Z,"AMECO UIGG0: Gross capital formation and net acquisition of non-produced assets (P.5 + NP), general government, ESA 2010, Commission redistribution of national accounts; same concept as the anchor's main-aggregates item; partial component (§7.8), coverage measured"
FRA_E08_strict,FRA,ESA_EXP,E08,1,Gross capital formation and net acquisition of non-produced assets,1981,1981,CY,22716.016024393753,EUR,504709.6,EUROSTAT_NAMA10_GDP,4.500809,,,,strict,stitched_actual,EUROSTAT_GOV10A_MAIN,1995.0,58453.7,EC_AMECO,0.8425148316511288,,,,0.9596,2025.0,B,EC_AMECO_to_ESA_EXP:1.0,EC_AMECO,2026-06-03,2026-08-31,current,,,,,,,False,False,False,20260921T154333Z,"AMECO UIGG0: Gross capital formation and net acquisition of non-produced assets (P.5 + NP), general government, ESA 2010, Commission redistribution of national accounts; same concept as the anchor's main-aggregates item; partial component (§7.8), coverage measured"
FRA_E08_strict,FRA,ESA_EXP,E08,1,Gross capital formation and net acquisition of non-produced assets,1980,1980,CY,19379.76346516409,EUR,447415.7,EUROSTAT_NAMA10_GDP,4.331489,,,,strict,stitched_actual,EUROSTAT_GOV10A_MAIN,1995.0,58453.7,EC_AMECO,0.8531321444901692,,,,0.9596,2025.0,B,EC_AMECO_to_ESA_EXP:1.0,EC_AMECO,2026-06-03,2026-08-31,current,,,,,,,False,False,False,20260921T154333Z,"AMECO UIGG0: Gross capital formation and net acquisition of non-produced assets (P.5 + NP), general government, ESA 2010, Commission redistribution of national accounts; same concept as the anchor's main-aggregates item; partial component (§7.8), coverage measured"
FRA_E08_strict,FRA,ESA_EXP,E08,1,Gross capital formation and net acquisition of non-produced assets,1979,1979,CY,16622.057816112174,EUR,394490.6,EUROSTAT_NAMA10_GDP,4.21355,,,,strict,stitched_actual,EUROSTAT_GOV10A_MAIN,1995.0,58453.7,EC_AMECO,0.8577017901168399,,,,0.9596,2025.0,B,EC_AMECO_to_ESA_EXP:1.0,EC_AMECO,2026-06-03,2026-08-31,current,,,,,,,False,False,False,20260921T154333Z,"AMECO UIGG0: Gross capital formation and net acquisition of non-produced assets (P.5 + NP), general government, ESA 2010, Commission redistribution of national accounts; same concept as the anchor's main-aggregates item; partial component (§7.8), coverage measured"
FRA_E08_strict,FRA,ESA_EXP,E08,1,Gross capital formation and net acquisition of non-produced assets,1978,1978,CY,14431.473554774888,EUR,345186.4,EUROSTAT_NAMA10_GDP,4.180777,,,,strict,stitched_actual,EUROSTAT_GOV10A_MAIN,1995.0,58453.7,EC_AMECO,0.8682122102105855,,,,0.9596,2025.0,B,EC_AMECO_to_ESA_EXP:1.0,EC_AMECO,2026-06-03,2026-08-31,current,,,,,,,False,False,False,20260921T154333Z,"AMECO UIGG0: Gross capital formation and net acquisition of non-produced assets (P.5 + NP), general government, ESA 2010, Commission redistribution of national accounts; same concept as the anchor's main-aggregates item; partial component (§7.8), coverage measured"
FRA_E01_strict,FRA,ESA_EXP,E01,1,Compensation of employees,2026,2026,CY,377635.49,EUR,3055843.48,EC_AMECO,12.357815,,,,strict,direct_forecast,EUROSTAT_GOV10A_MAIN,2025.0,370016.0,EC_AMECO,1.0205923257372653,,,,1.0,2025.0,A,EC_AMECO_to_ESA_EXP:1.0,EC_AMECO,2026-06-03,2026-08-31,current,,,,,,,False,False,True,20260921T154333Z,"AMECO UWCG (Spring 2026): Compensation of employees (D.1), general government, ESA 2010 — the anchor's own economic aggregate in the Commission's forecast vintage (D-S13-003)"
FRA_E01_strict,FRA,ESA_EXP,E01,1,Compensation of employees,2027,2027,CY,390475.1,EUR,3150693.59,EC_AMECO,12.393306,,,,strict,direct_forecast,EUROSTAT_GOV10A_MAIN,2025.0,370016.0,EC_AMECO,1.0340000088445076,,,,1.0,2025.0,A,EC_AMECO_to_ESA_EXP:1.0,EC_AMECO,2026-06-03,2026-08-31,current,,,,,,,False,False,True,20260921T154333Z,"AMECO UWCG (Spring 2026): Compensation of employees (D.1), general government, ESA 2010 — the anchor's own economic aggregate in the Commission's forecast vintage (D-S13-003)"
FRA_E02_strict,FRA,ESA_EXP,E02,1,Intermediate consumption,2026,2026,CY,167181.23,EUR,3055843.48,EC_AMECO,5.47087,,,,strict,direct_forecast,EUROSTAT_GOV10A_MAIN,2025.0,162994.5,EC_AMECO,1.0256863268392493,,,,1.0,2025.0,A,EC_AMECO_to_ESA_EXP:1.0,EC_AMECO,2026-06-03,2026-08-31,current,,,,,,,False,False,True,20260921T154333Z,"AMECO UCTGI (Spring 2026): Intermediate consumption (P.2), general government, ESA 2010 — the anchor's own economic aggregate in the Commission's forecast vintage (D-S13-003)"
FRA_E02_strict,FRA,ESA_EXP,E02,1,Intermediate consumption,2027,2027,CY,172698.21,EUR,3150693.59,EC_AMECO,5.481276,,,,strict,direct_forecast,EUROSTAT_GOV10A_MAIN,2025.0,162994.5,EC_AMECO,1.0329999964708956,,,,1.0,2025.0,A,EC_AMECO_to_ESA_EXP:1.0,EC_AMECO,2026-06-03,2026-08-31,current,,,,,,,False,False,True,20260921T154333Z,"AMECO UCTGI (Spring 2026): Intermediate consumption (P.2), general government, ESA 2010 — the anchor's own economic aggregate in the Commission's forecast vintage (D-S13-003)"
FRA_E03_strict,FRA,ESA_EXP,E03,1,Social benefits other than social transfers in kind,2026,2026,CY,594878.9000000001,EUR,3055843.48,EC_AMECO,19.46693,,,,strict,direct_forecast,EUROSTAT_GOV10A_MAIN,2025.0,579542.3,EC_AMECO,1.0264632969845344,,,,1.0,2025.0,A,EC_AMECO_to_ESA_EXP:1.0,EC_AMECO,2026-06-03,2026-08-31,current,,,,,,,False,False,True,20260921T154333Z,"AMECO UYTGH (Spring 2026): Social benefits other than social transfers in kind (D.62), general government, ESA 2010 — the anchor's own economic aggregate in the Commission's forecast vintage (D-S13-003)"
FRA_E03_strict,FRA,ESA_EXP,E03,1,Social benefits other than social transfers in kind,2027,2027,CY,615801.3200000002,EUR,3150693.59,EC_AMECO,19.544945,,,,strict,direct_forecast,EUROSTAT_GOV10A_MAIN,2025.0,579542.3,EC_AMECO,1.0351708894028684,,,,1.0,2025.0,A,EC_AMECO_to_ESA_EXP:1.0,EC_AMECO,2026-06-03,2026-08-31,current,,,,,,,False,False,True,20260921T154333Z,"AMECO UYTGH (Spring 2026): Social benefits other than social transfers in kind (D.62), general government, ESA 2010 — the anchor's own economic aggregate in the Commission's forecast vintage (D-S13-003)"
FRA_E04_strict,FRA,ESA_EXP,E04,1,Social transfers in kind (purchased market production),2026,2026,CY,196415.2,EUR,3055843.48,EC_AMECO,6.427528,,,,strict,direct_forecast,EUROSTAT_GOV10A_MAIN,2025.0,191496.7,EC_AMECO,1.0256845157122811,,,,1.0,2025.0,A,EC_AMECO_to_ESA_EXP:1.0,EC_AMECO,2026-06-03,2026-08-31,current,,,,,,,False,False,True,20260921T154333Z,"AMECO UYTGM (Spring 2026): Social transfers in kind (purchased market production) (D.632), general government, ESA 2010 — the anchor's own economic aggregate in the Commission's forecast vintage (D-S13-003)"
FRA_E04_strict,FRA,ESA_EXP,E04,1,Social transfers in kind (purchased market production),2027,2027,CY,204845.05,EUR,3150693.59,EC_AMECO,6.501586,,,,strict,direct_forecast,EUROSTAT_GOV10A_MAIN,2025.0,191496.7,EC_AMECO,1.0429185215808143,,,,1.0,2025.0,A,EC_AMECO_to_ESA_EXP:1.0,EC_AMECO,2026-06-03,2026-08-31,current,,,,,,,False,False,True,20260921T154333Z,"AMECO UYTGM (Spring 2026): Social transfers in kind (purchased market production) (D.632), general government, ESA 2010 — the anchor's own economic aggregate in the Commission's forecast vintage (D-S13-003)"
FRA_E05_strict,FRA,ESA_EXP,E05,1,Interest payable,2026,2026,CY,79326.07999999997,EUR,3055843.48,EC_AMECO,2.595882,,,,strict,direct_forecast,EUROSTAT_GOV10A_MAIN,2025.0,66635.9,EC_AMECO,1.1904405883315148,,,,1.0,2025.0,A,EC_AMECO_to_ESA_EXP:1.0,EC_AMECO,2026-06-03,2026-08-31,current,,d41_gross_accrued,,,,,False,False,True,20260921T154333Z,"AMECO UYIG (Spring 2026): Interest payable (D.41 (uses)), general government, ESA 2010 — the anchor's own economic aggregate in the Commission's forecast vintage (D-S13-003)"
FRA_E05_strict,FRA,ESA_EXP,E05,1,Interest payable,2027,2027,CY,88172.22999999997,EUR,3150693.59,EC_AMECO,2.798502,,,,strict,direct_forecast,EUROSTAT_GOV10A_MAIN,2025.0,66635.9,EC_AMECO,1.111516288211897,,,,1.0,2025.0,A,EC_AMECO_to_ESA_EXP:1.0,EC_AMECO,2026-06-03,2026-08-31,current,,d41_gross_accrued,,,,,False,False,True,20260921T154333Z,"AMECO UYIG (Spring 2026): Interest payable (D.41 (uses)), general government, ESA 2010 — the anchor's own economic aggregate in the Commission's forecast vintage (D-S13-003)"
FRA_E05_strict,FRA,ESA_EXP,E05,1,Interest payable,2028,2028,CY,98726.01228302286,EUR,3245254.0949188066,EC_DSM_constructed,3.042166,,,,strict,direct_forecast,EUROSTAT_GOV10A_MAIN,2025.0,66635.9,EC_DSM,1.1196950818077631,,,,1.0348,2025.0,B,EC_DSM_to_INTEREST:1.0,EC_DSM,2026-02-12,2026-08-31,current,,d41_gross_accrued,,,,,False,False,True,20260921T154333Z,"DSM 2025 baseline interest expenditure, % of GDP, gross accrued GG D.41 (EDP concept); nominal path via DSM real growth and inflation assumptions (§7.5); long-term leg beyond the AMECO horizon per D12"
FRA_E05_strict,FRA,ESA_EXP,E05,1,Interest payable,2029,2029,CY,110231.60800613835,EUR,3338039.4656507997,EC_DSM_constructed,3.302286,,,,strict,direct_forecast,EUROSTAT_GOV10A_MAIN,2025.0,66635.9,EC_DSM,1.1165406710658161,,,,1.0348,2025.0,B,EC_DSM_to_INTEREST:1.0,EC_DSM,2026-02-12,2026-08-31,current,,d41_gross_accrued,,,,,False,False,True,20260921T154333Z,"DSM 2025 baseline interest expenditure, % of GDP, gross accrued GG D.41 (EDP concept); nominal path via DSM real growth and inflation assumptions (§7.5); long-term leg beyond the AMECO horizon per D12"
FRA_E05_strict,FRA,ESA_EXP,E05,1,Interest payable,2030,2030,CY,122201.64085817698,EUR,3429554.433527687,EC_DSM_constructed,3.563193,,,,strict,direct_forecast,EUROSTAT_GOV10A_MAIN,2025.0,66635.9,EC_DSM,1.1085898415940014,,,,1.0348,2025.0,B,EC_DSM_to_INTEREST:1.0,EC_DSM,2026-02-12,2026-08-31,current,,d41_gross_accrued,,,,,False,False,True,20260921T154333Z,"DSM 2025 baseline interest expenditure, % of GDP, gross accrued GG D.41 (EDP concept); nominal path via DSM real growth and inflation assumptions (§7.5); long-term leg beyond the AMECO horizon per D12"
FRA_E05_strict,FRA,ESA_EXP,E05,1,Interest payable,2031,2031,CY,135041.44482037702,EUR,3522411.721023558,EC_DSM_constructed,3.833778,,,,strict,direct_forecast,EUROSTAT_GOV10A_MAIN,2025.0,66635.9,EC_DSM,1.105070634666039,,,,1.0348,2025.0,B,EC_DSM_to_INTEREST:1.0,EC_DSM,2026-02-12,2026-08-31,current,,d41_gross_accrued,,,,,False,False,True,20260921T154333Z,"DSM 2025 baseline interest expenditure, % of GDP, gross accrued GG D.41 (EDP concept); nominal path via DSM real growth and inflation assumptions (§7.5); long-term leg beyond the AMECO horizon per D12"
FRA_E05_strict,FRA,ESA_EXP,E05,1,Interest payable,2032,2032,CY,148943.72223031244,EUR,3620755.0620381357,EC_DSM_constructed,4.113609,,,,strict,direct_forecast,EUROSTAT_GOV10A_MAIN,2025.0,66635.9,EC_DSM,1.1029482276972622,,,,1.0348,2025.0,B,EC_DSM_to_INTEREST:1.0,EC_DSM,2026-02-12,2026-08-31,current,,d41_gross_accrued,,,,,False,False,True,20260921T154333Z,"DSM 2025 baseline interest expenditure, % of GDP, gross accrued GG D.41 (EDP concept); nominal path via DSM real growth and inflation assumptions (§7.5); long-term leg beyond the AMECO horizon per D12"
FRA_E05_strict,FRA,ESA_EXP,E05,1,Interest payable,2033,2033,CY,164017.3414221328,EUR,3724329.731771791,EC_DSM_constructed,4.403943,,,,strict,direct_forecast,EUROSTAT_GOV10A_MAIN,2025.0,66635.9,EC_DSM,1.1012034543390283,,,,1.0348,2025.0,B,EC_DSM_to_INTEREST:1.0,EC_DSM,2026-02-12,2026-08-31,current,,d41_gross_accrued,,,,,False,False,True,20260921T154333Z,"DSM 2025 baseline interest expenditure, % of GDP, gross accrued GG D.41 (EDP concept); nominal path via DSM real growth and inflation assumptions (§7.5); long-term leg beyond the AMECO horizon per D12"
FRA_E05_strict,FRA,ESA_EXP,E05,1,Interest payable,2034,2034,CY,180381.82073519056,EUR,3833034.727616711,EC_DSM_constructed,4.705979,,,,strict,direct_forecast,EUROSTAT_GOV10A_MAIN,2025.0,66635.9,EC_DSM,1.099772860425413,,,,1.0348,2025.0,B,EC_DSM_to_INTEREST:1.0,EC_DSM,2026-02-12,2026-08-31,current,,d41_gross_accrued,,,,,False,False,True,20260921T154333Z,"DSM 2025 baseline interest expenditure, % of GDP, gross accrued GG D.41 (EDP concept); nominal path via DSM real growth and inflation assumptions (§7.5); long-term leg beyond the AMECO horizon per D12"
FRA_E05_strict,FRA,ESA_EXP,E05,1,Interest payable,2035,2035,CY,198351.61523771766,EUR,3945751.7514930293,EC_DSM_constructed,5.026966,,,,strict,direct_forecast,EUROSTAT_GOV10A_MAIN,2025.0,66635.9,EC_DSM,1.0996208732636514,,,,1.0348,2025.0,B,EC_DSM_to_INTEREST:1.0,EC_DSM,2026-02-12,2026-08-31,current,,d41_gross_accrued,,,,,False,False,True,20260921T154333Z,"DSM 2025 baseline interest expenditure, % of GDP, gross accrued GG D.41 (EDP concept); nominal path via DSM real growth and inflation assumptions (§7.5); long-term leg beyond the AMECO horizon per D12"
FRA_E05_strict,FRA,ESA_EXP,E05,1,Interest payable,2036,2036,CY,215677.3029518751,EUR,4068411.0155029953,EC_DSM_constructed,5.301266,,,,strict,direct_forecast,EUROSTAT_GOV10A_MAIN,2025.0,66635.9,EC_DSM,1.0873483570748501,,,,1.0348,2025.0,B,EC_DSM_to_INTEREST:1.0,EC_DSM,2026-02-12,2026-08-31,current,,d41_gross_accrued,,,,,False,False,True,20260921T154333Z,"DSM 2025 baseline interest expenditure, % of GDP, gross accrued GG D.41 (EDP concept); nominal path via DSM real growth and inflation assumptions (§7.5); long-term leg beyond the AMECO horizon per D12"
FRA_E06_strict,FRA,ESA_EXP,E06,1,Subsidies,2026,2026,CY,58375.340000000004,EUR,3055843.48,EC_AMECO,1.910286,,,,strict,direct_forecast,EUROSTAT_GOV10A_MAIN,2025.0,56516.0,EC_AMECO,1.0328993559346027,,,,1.0,2025.0,A,EC_AMECO_to_ESA_EXP:1.0,EC_AMECO,2026-06-03,2026-08-31,current,,,,,,,False,False,True,20260921T154333Z,"AMECO UYVG (Spring 2026): Subsidies (D.3), general government, ESA 2010 — the anchor's own economic aggregate in the Commission's forecast vintage (D-S13-003)"
FRA_E06_strict,FRA,ESA_EXP,E06,1,Subsidies,2027,2027,CY,59527.6,EUR,3150693.59,EC_AMECO,1.889349,,,,strict,direct_forecast,EUROSTAT_GOV10A_MAIN,2025.0,56516.0,EC_AMECO,1.019738814369218,,,,1.0,2025.0,A,EC_AMECO_to_ESA_EXP:1.0,EC_AMECO,2026-06-03,2026-08-31,current,,,,,,,False,False,True,20260921T154333Z,"AMECO UYVG (Spring 2026): Subsidies (D.3), general government, ESA 2010 — the anchor's own economic aggregate in the Commission's forecast vintage (D-S13-003)"
FRA_E07_strict,FRA,ESA_EXP,E07,1,Other current expenditure,2026,2026,CY,113140.31,EUR,3055843.48,EC_AMECO,3.702425,,,,strict,direct_forecast,EUROSTAT_GOV10A_MAIN,2025.0,108184.9,EC_AMECO,1.0458050060590711,,,,1.0,2025.0,A,EC_AMECO_to_ESA_EXP:1.0,EC_AMECO,2026-06-03,2026-08-31,current,,,,,,,False,False,True,20260921T154333Z,"AMECO UUOG (Spring 2026): Other current expenditure (D.29 + D.5 + (D.4 - D.41) + D.7 + D.8), general government, ESA 2010 — the anchor's own economic aggregate in the Commission's forecast vintage (D-S13-003)"
FRA_E07_strict,FRA,ESA_EXP,E07,1,Other current expenditure,2027,2027,CY,117904.96000000002,EUR,3150693.59,EC_AMECO,3.742191,,,,strict,direct_forecast,EUROSTAT_GOV10A_MAIN,2025.0,108184.9,EC_AMECO,1.042112753624239,,,,1.0,2025.0,A,EC_AMECO_to_ESA_EXP:1.0,EC_AMECO,2026-06-03,2026-08-31,current,,,,,,,False,False,True,20260921T154333Z,"AMECO UUOG (Spring 2026): Other current expenditure (D.29 + D.5 + (D.4 - D.41) + D.7 + D.8), general government, ESA 2010 — the anchor's own economic aggregate in the Commission's forecast vintage (D-S13-003)"
DEU_E01_strict,DEU,ESA_EXP,E01,1,Compensation of employees,1995,1995,CY,171012.0,EUR,1899930.0,EUROSTAT_NAMA10_GDP,9.000963,1049528.0,EUROSTAT_GOV10A_MAIN,16.294182,strict,anchor_actual,EUROSTAT_GOV10A_MAIN,1995.0,171012.0,,,,,,,,A,,EUROSTAT_GOV10A_MAIN,2026-07-21,2026-09-03,current,,,166390.5490559,-2.7024,,,False,False,False,20260921T154333Z,
DEU_E01_strict,DEU,ESA_EXP,E01,1,Compensation of employees,1996,1996,CY,174011.0,EUR,1928560.0,EUROSTAT_NAMA10_GDP,9.022846,955732.0,EUROSTAT_GOV10A_MAIN,18.207092,strict,anchor_actual,EUROSTAT_GOV10A_MAIN,1996.0,174011.0,,,,,,,,A,,EUROSTAT_GOV10A_MAIN,2026-07-21,2026-09-03,current,,,169342.16516324,-2.6831,,,False,False,False,20260921T154333Z,
DEU_E01_strict,DEU,ESA_EXP,E01,1,Compensation of employees,1997,1997,CY,174825.0,EUR,1967180.0,EUROSTAT_NAMA10_GDP,8.887087,959060.0,EUROSTAT_GOV10A_MAIN,18.228787,strict,anchor_actual,EUROSTAT_GOV10A_MAIN,1997.0,174825.0,,,,,,,,A,,EUROSTAT_GOV10A_MAIN,2026-07-21,2026-09-03,current,,,170172.35981422,-2.6613,,,False,False,False,20260921T154333Z,
DEU_E01_strict,DEU,ESA_EXP,E01,1,Compensation of employees,1998,1998,CY,175816.0,EUR,2022310.0,EUROSTAT_NAMA10_GDP,8.69382,976592.0,EUROSTAT_GOV10A_MAIN,18.003015,strict,anchor_actual,EUROSTAT_GOV10A_MAIN,1998.0,175816.0,,,,,,,,A,,EUROSTAT_GOV10A_MAIN,2026-07-21,2026-09-03,current,,,171101.4848152,-2.6815,,,False,False,False,20260921T154333Z,
DEU_E01_strict,DEU,ESA_EXP,E01,1,Compensation of employees,1999,1999,CY,184192.0,EUR,2077240.0,EUROSTAT_NAMA10_GDP,8.867151,1007187.0,EUROSTAT_GOV10A_MAIN,18.287766,strict,anchor_actual,EUROSTAT_GOV10A_MAIN,1999.0,184192.0,,,,,,,,A,,EUROSTAT_GOV10A_MAIN,2026-07-21,2026-09-03,current,,,179139.54952632,-2.743,,,False,False,False,20260921T154333Z,
DEU_E01_strict,DEU,ESA_EXP,E01,1,Compensation of employees,2000,2000,CY,185023.0,EUR,2129660.0,EUROSTAT_NAMA10_GDP,8.687913,1023445.0,EUROSTAT_GOV10A_MAIN,18.078451,strict,anchor_actual,EUROSTAT_GOV10A_MAIN,2000.0,185023.0,,,,,,,,A,,EUROSTAT_GOV10A_MAIN,2026-07-21,2026-09-03,current,,,179965.15929538,-2.7336,,,False,False,False,20260921T154333Z,
DEU_E01_strict,DEU,ESA_EXP,E01,1,Compensation of employees,2001,2001,CY,186477.0,EUR,2195530.0,EUROSTAT_NAMA10_GDP,8.493484,1046229.0,EUROSTAT_GOV10A_MAIN,17.823727,strict,anchor_actual,EUROSTAT_GOV10A_MAIN,2001.0,186477.0,,,,,,,,A,,EUROSTAT_GOV10A_MAIN,2026-07-21,2026-09-03,current,,,181332.59578479998,-2.7587,,,False,False,False,20260921T154333Z,
DEU_E01_strict,DEU,ESA_EXP,E01,1,Compensation of employees,2002,2002,CY,189950.0,EUR,2223360.0,EUROSTAT_NAMA10_GDP,8.543376,1072638.0,EUROSTAT_GOV10A_MAIN,17.708677,strict,anchor_actual,EUROSTAT_GOV10A_MAIN,2002.0,189950.0,,,,,,,,A,,EUROSTAT_GOV10A_MAIN,2026-07-21,2026-09-03,current,,,184481.34258499,-2.879,,,False,False,False,20260921T154333Z,
DEU_E01_strict,DEU,ESA_EXP,E01,1,Compensation of employees,2003,2003,CY,191812.0,EUR,2240810.0,EUROSTAT_NAMA10_GDP,8.55994,1087101.0,EUROSTAT_GOV10A_MAIN,17.644359,strict,anchor_actual,EUROSTAT_GOV10A_MAIN,2003.0,191812.0,,,,,,,,A,,EUROSTAT_GOV10A_MAIN,2026-07-21,2026-09-03,current,,,186140.4237431,-2.9568,,,False,False,False,20260921T154333Z,
DEU_E01_strict,DEU,ESA_EXP,E01,1,Compensation of employees,2004,2004,CY,191580.0,EUR,2293040.0,EUROSTAT_NAMA10_GDP,8.354848,1077080.0,EUROSTAT_GOV10A_MAIN,17.78698,strict,anchor_actual,EUROSTAT_GOV10A_MAIN,2004.0,191580.0,,,,,,,,A,,EUROSTAT_GOV10A_MAIN,2026-07-21,2026-09-03,current,,,186113.63465166002,-2.8533,,,False,False,False,20260921T154333Z,
DEU_E01_strict,DEU,ESA_EXP,E01,1,Compensation of employees,2005,2005,CY,191432.0,EUR,2325710.0,EUROSTAT_NAMA10_GDP,8.231121,1089993.0,EUROSTAT_GOV10A_MAIN,17.562682,strict,anchor_actual,EUROSTAT_GOV10A_MAIN,2005.0,191432.0,,,,,,,,A,,EUROSTAT_GOV10A_MAIN,2026-07-21,2026-09-03,current,,,186068.24444022,-2.8019,,,False,False,False,20260921T154333Z,
DEU_E01_strict,DEU,ESA_EXP,E01,1,Compensation of employees,2006,2006,CY,192254.0,EUR,2426180.0,EUROSTAT_NAMA10_GDP,7.924144,1099274.0,EUROSTAT_GOV10A_MAIN,17.489179,strict,anchor_actual,EUROSTAT_GOV10A_MAIN,2006.0,192254.0,,,,,,,,A,,EUROSTAT_GOV10A_MAIN,2026-07-21,2026-09-03,current,,,186531.82788621,-2.9764,,,False,False,False,20260921T154333Z,
DEU_E01_strict,DEU,ESA_EXP,E01,1,Compensation of employees,2007,2007,CY,193084.0,EUR,2542220.0,EUROSTAT_NAMA10_GDP,7.595094,1106879.0,EUROSTAT_GOV10A_MAIN,17.444002,strict,anchor_actual,EUROSTAT_GOV10A_MAIN,2007.0,193084.0,,,,,,,,A,,EUROSTAT_GOV10A_MAIN,2026-07-21,2026-09-03,current,,,187255.41750113,-3.0187,,,False,False,False,20260921T154333Z,
DEU_E01_strict,DEU,ESA_EXP,E01,1,Compensation of employees,2008,2008,CY,198102.0,EUR,2589280.0,EUROSTAT_NAMA10_GDP,7.650853,1150280.0,EUROSTAT_GOV10A_MAIN,17.222068,strict,anchor_actual,EUROSTAT_GOV10A_MAIN,2008.0,198102.0,,,,,,,,A,,EUROSTAT_GOV10A_MAIN,2026-07-21,2026-09-03,current,,,191990.10108645,-3.0852,,,False,False,False,20260921T154333Z,
DEU_E01_strict,DEU,ESA_EXP,E01,1,Compensation of employees,2009,2009,CY,207232.0,EUR,2493970.0,EUROSTAT_NAMA10_GDP,8.309322,1204819.0,EUROSTAT_GOV10A_MAIN,17.20026,strict,anchor_actual,EUROSTAT_GOV10A_MAIN,2009.0,207232.0,,,,,,,,A,,EUROSTAT_GOV10A_MAIN,2026-07-21,2026-09-03,current,,,200543.9230565,-3.2273,,,False,False,False,20260921T154333Z,
DEU_E01_strict,DEU,ESA_EXP,E01,1,Compensation of employees,2010,2010,CY,212909.0,EUR,2615260.0,EUROSTAT_NAMA10_GDP,8.141026,1258707.0,EUROSTAT_GOV10A_MAIN,16.914898,strict,anchor_actual,EUROSTAT_GOV10A_MAIN,2010.0,212909.0,,,,,,,,A,,EUROSTAT_GOV10A_MAIN,2026-07-21,2026-09-03,current,,,205944.32199517,-3.2712,,,False,False,False,20260921T154333Z,
DEU_E01_strict,DEU,ESA_EXP,E01,1,Compensation of employees,2011,2011,CY,218340.0,EUR,2747210.0,EUROSTAT_NAMA10_GDP,7.9477,1244063.0,EUROSTAT_GOV10A_MAIN,17.550558,strict,anchor_actual,EUROSTAT_GOV10A_MAIN,2011.0,218340.0,,,,,,,,A,,EUROSTAT_GOV10A_MAIN,2026-07-21,2026-09-03,current,,,211112.79424385997,-3.3101,,,False,False,False,20260921T154333Z,
DEU_E01_strict,DEU,ESA_EXP,E01,1,Compensation of employees,2012,2012,CY,222410.0,EUR,2800680.0,EUROSTAT_NAMA10_GDP,7.941286,1262507.0,EUROSTAT_GOV10A_MAIN,17.616536,strict,anchor_actual,EUROSTAT_GOV10A_MAIN,2012.0,222410.0,,,,,,,,A,,EUROSTAT_GOV10A_MAIN,2026-07-21,2026-09-03,current,,,214710.59065595,-3.4618,,,False,False,False,20260921T154333Z,
DEU_E01_strict,DEU,ESA_EXP,E01,1,Compensation of employees,2013,2013,CY,228492.0,EUR,2869480.0,EUROSTAT_NAMA10_GDP,7.962836,1294600.0,EUROSTAT_GOV10A_MAIN,17.649622,strict,anchor_actual,EUROSTAT_GOV10A_MAIN,2013.0,228492.0,,,,,,,,A,,EUROSTAT_GOV10A_MAIN,2026-07-21,2026-09-03,current,,,220620.49206631,-3.445,,,False,False,False,20260921T154333Z,
DEU_E01_strict,DEU,ESA_EXP,E01,1,Compensation of employees,2014,2014,CY,235816.0,EUR,2988470.0,EUROSTAT_NAMA10_GDP,7.890861,1328332.0,EUROSTAT_GOV10A_MAIN,17.752791,strict,anchor_actual,EUROSTAT_GOV10A_MAIN,2014.0,235816.0,,,,,,,,A,,EUROSTAT_GOV10A_MAIN,2026-07-21,2026-09-03,current,,,227732.73453432,-3.4278,,,False,False,False,20260921T154333Z,
DEU_E01_strict,DEU,ESA_EXP,E01,1,Compensation of employees,2015,2015,CY,241792.0,EUR,3094190.0,EUROSTAT_NAMA10_GDP,7.814388,1373293.0,EUROSTAT_GOV10A_MAIN,17.606731,strict,anchor_actual,EUROSTAT_GOV10A_MAIN,2015.0,241792.0,,,,,,,,A,,EUROSTAT_GOV10A_MAIN,2026-07-21,2026-09-03,current,,,233272.83863109,-3.5233,,,False,False,False,20260921T154333Z,
DEU_E01_strict,DEU,ESA_EXP,E01,1,Compensation of employees,2016,2016,CY,249872.0,EUR,3204870.0,EUROSTAT_NAMA10_GDP,7.796634,1429256.0,EUROSTAT_GOV10A_MAIN,17.482662,strict,anchor_actual,EUROSTAT_GOV10A_MAIN,2016.0,249872.0,,,,,,,,A,,EUROSTAT_GOV10A_MAIN,2026-07-21,2026-09-03,current,,,240639.38586109,-3.6949,,,False,False,False,20260921T154333Z,
DEU_E01_strict,DEU,ESA_EXP,E01,1,Compensation of employees,2017,2017,CY,260376.0,EUR,3345860.0,EUROSTAT_NAMA10_GDP,7.782035,1484552.0,EUROSTAT_GOV10A_MAIN,17.539029,strict,anchor_actual,EUROSTAT_GOV10A_MAIN,2017.0,260376.0,,,,,,,,A,,EUROSTAT_GOV10A_MAIN,2026-07-21,2026-09-03,current,,,250757.17588606,-3.6942,,,False,False,False,20260921T154333Z,
DEU_E01_strict,DEU,ESA_EXP,E01,1,Compensation of employees,2018,2018,CY,270716.0,EUR,3450580.0,EUROSTAT_NAMA10_GDP,7.845522,1533328.0,EUROSTAT_GOV10A_MAIN,17.655453,strict,anchor_actual,EUROSTAT_GOV10A_MAIN,2018.0,270716.0,,,,,,,,A,,EUROSTAT_GOV10A_MAIN,2026-07-21,2026-09-03,current,,,260535.6772034,-3.7605,,,False,False,False,20260921T154333Z,
DEU_E01_strict,DEU,ESA_EXP,E01,1,Compensation of employees,2019,2019,CY,285100.0,EUR,3557630.0,EUROSTAT_NAMA10_GDP,8.013762,1610615.0,EUROSTAT_GOV10A_MAIN,17.701313,strict,anchor_actual,EUROSTAT_GOV10A_MAIN,2019.0,285100.0,,,,,,,,A,,EUROSTAT_GOV10A_MAIN,2026-07-21,2026-09-03,current,,,274512.95938278,-3.7134,,,False,False,False,20260921T154333Z,
DEU_E01_strict,DEU,ESA_EXP,E01,1,Compensation of employees,2020,2020,CY,296745.0,EUR,3477670.0,EUROSTAT_NAMA10_GDP,8.532868,1763784.0,EUROSTAT_GOV10A_MAIN,16.824339,strict,anchor_actual,EUROSTAT_GOV10A_MAIN,2020.0,296745.0,,,,,,,,A,,EUROSTAT_GOV10A_MAIN,2026-07-21,2026-09-03,current,,,286299.04113638,-3.5202,,,False,False,False,20260921T154333Z,
DEU_E01_strict,DEU,ESA_EXP,E01,1,Compensation of employees,2021,2021,CY,307246.0,EUR,3713090.0,EUROSTAT_NAMA10_GDP,8.274672,1865819.0,EUROSTAT_GOV10A_MAIN,16.467085,strict,anchor_actual,EUROSTAT_GOV10A_MAIN,2021.0,307246.0,,,,,,,,A,,EUROSTAT_GOV10A_MAIN,2026-07-21,2026-09-03,current,,,296437.47545078996,-3.5179,,,False,False,False,20260921T154333Z,
DEU_E01_strict,DEU,ESA_EXP,E01,1,Compensation of employees,2022,2022,CY,321255.0,EUR,4010630.0,EUROSTAT_NAMA10_GDP,8.010088,1939208.0,EUROSTAT_GOV10A_MAIN,16.566299,strict,anchor_actual,EUROSTAT_GOV10A_MAIN,2022.0,321255.0,,,,,,,,A,,EUROSTAT_GOV10A_MAIN,2026-07-21,2026-09-03,current,,,310013.2641372,-3.4993,,,False,False,False,20260921T154333Z,
DEU_E01_strict,DEU,ESA_EXP,E01,1,Compensation of employees,2023,2023,CY,340501.0,EUR,4254930.0,EUROSTAT_NAMA10_GDP,8.002505,2031433.0,EUROSTAT_GOV10A_MAIN,16.761616,strict,anchor_actual,EUROSTAT_GOV10A_MAIN,2023.0,340501.0,,,,,,,,A,,EUROSTAT_GOV10A_MAIN,2026-07-21,2026-09-03,current,,,328739.39675907,-3.4542,,,False,False,False,20260921T154333Z,
DEU_E01_strict,DEU,ESA_EXP,E01,1,Compensation of employees,2024,2024,CY,357317.0,EUR,4386940.0,EUROSTAT_NAMA10_GDP,8.145017,2139717.0,EUROSTAT_GOV10A_MAIN,16.699264,strict,anchor_actual,EUROSTAT_GOV10A_MAIN,2024.0,357317.0,,,,,,,,A,,EUROSTAT_GOV10A_MAIN,2026-07-21,2026-09-03,current,,,344831.99787859997,-3.4941,,,False,False,False,20260921T154333Z,
DEU_E01_strict,DEU,ESA_EXP,E01,1,Compensation of employees,2025,2025,CY,384274.0,EUR,4529710.0,EUROSTAT_NAMA10_GDP,8.483413,2259341.0,EUROSTAT_GOV10A_MAIN,17.008234,strict,anchor_actual,EUROSTAT_GOV10A_MAIN,2025.0,384274.0,,,,,,,,A,,EUROSTAT_GOV10A_MAIN,2026-07-21,2026-09-03,current,,,,,,,False,False,False,20260921T154333Z,
DEU_E02_strict,DEU,ESA_EXP,E02,1,Intermediate consumption,1995,1995,CY,76621.0,EUR,1899930.0,EUROSTAT_NAMA10_GDP,4.032833,1049528.0,EUROSTAT_GOV10A_MAIN,7.30052,strict,anchor_actual,EUROSTAT_GOV10A_MAIN,1995.0,76621.0,,,,,,,,A,,EUROSTAT_GOV10A_MAIN,2026-07-21,2026-09-03,current,,,71358.96436063001,-6.8676,,,False,False,False,20260921T154333Z,
DEU_E02_strict,DEU,ESA_EXP,E02,1,Intermediate consumption,1996,1996,CY,77600.0,EUR,1928560.0,EUROSTAT_NAMA10_GDP,4.023728,955732.0,EUROSTAT_GOV10A_MAIN,8.119431,strict,anchor_actual,EUROSTAT_GOV10A_MAIN,1996.0,77600.0,,,,,,,,A,,EUROSTAT_GOV10A_MAIN,2026-07-21,2026-09-03,current,,,71890.62885868,-7.3574,,,False,False,False,20260921T154333Z,
DEU_E02_strict,DEU,ESA_EXP,E02,1,Intermediate consumption,1997,1997,CY,77720.0,EUR,1967180.0,EUROSTAT_NAMA10_GDP,3.950833,959060.0,EUROSTAT_GOV10A_MAIN,8.103768,strict,anchor_actual,EUROSTAT_GOV10A_MAIN,1997.0,77720.0,,,,,,,,A,,EUROSTAT_GOV10A_MAIN,2026-07-21,2026-09-03,current,,,71367.19614686999,-8.174,,,False,False,False,20260921T154333Z,
DEU_E02_strict,DEU,ESA_EXP,E02,1,Intermediate consumption,1998,1998,CY,79185.0,EUR,2022310.0,EUROSTAT_NAMA10_GDP,3.915572,976592.0,EUROSTAT_GOV10A_MAIN,8.108299,strict,anchor_actual,EUROSTAT_GOV10A_MAIN,1998.0,79185.0,,,,,,,,A,,EUROSTAT_GOV10A_MAIN,2026-07-21,2026-09-03,current,,,72874.56443376,-7.9692,,,False,False,False,20260921T154333Z,
DEU_E02_strict,DEU,ESA_EXP,E02,1,Intermediate consumption,1999,1999,CY,90910.0,EUR,2077240.0,EUROSTAT_NAMA10_GDP,4.37648,1007187.0,EUROSTAT_GOV10A_MAIN,9.026129,strict,anchor_actual,EUROSTAT_GOV10A_MAIN,1999.0,90910.0,,,,,,,,A,,EUROSTAT_GOV10A_MAIN,2026-07-21,2026-09-03,current,,,82331.24701024001,-9.4365,,,False,False,False,20260921T154333Z,
DEU_E02_strict,DEU,ESA_EXP,E02,1,Intermediate consumption,2000,2000,CY,90498.0,EUR,2129660.0,EUROSTAT_NAMA10_GDP,4.249411,1023445.0,EUROSTAT_GOV10A_MAIN,8.842488,strict,anchor_actual,EUROSTAT_GOV10A_MAIN,2000.0,90498.0,,,,,,,,A,,EUROSTAT_GOV10A_MAIN,2026-07-21,2026-09-03,current,,,84388.12051335,-6.7514,,,False,False,False,20260921T154333Z,
DEU_E02_strict,DEU,ESA_EXP,E02,1,Intermediate consumption,2001,2001,CY,94606.0,EUR,2195530.0,EUROSTAT_NAMA10_GDP,4.309028,1046229.0,EUROSTAT_GOV10A_MAIN,9.042571,strict,anchor_actual,EUROSTAT_GOV10A_MAIN,2001.0,94606.0,,,,,,,,A,,EUROSTAT_GOV10A_MAIN,2026-07-21,2026-09-03,current,,,88324.82976939,-6.6393,,,False,False,False,20260921T154333Z,
DEU_E02_strict,DEU,ESA_EXP,E02,1,Intermediate consumption,2002,2002,CY,98452.0,EUR,2223360.0,EUROSTAT_NAMA10_GDP,4.428073,1072638.0,EUROSTAT_GOV10A_MAIN,9.178493,strict,anchor_actual,EUROSTAT_GOV10A_MAIN,2002.0,98452.0,,,,,,,,A,,EUROSTAT_GOV10A_MAIN,2026-07-21,2026-09-03,current,,,91673.96129835001,-6.8846,,,False,False,False,20260921T154333Z,
DEU_E02_strict,DEU,ESA_EXP,E02,1,Intermediate consumption,2003,2003,CY,97291.0,EUR,2240810.0,EUROSTAT_NAMA10_GDP,4.341778,1087101.0,EUROSTAT_GOV10A_MAIN,8.949582,strict,anchor_actual,EUROSTAT_GOV10A_MAIN,2003.0,97291.0,,,,,,,,A,,EUROSTAT_GOV10A_MAIN,2026-07-21,2026-09-03,current,,,91763.785319,-5.6811,,,False,False,False,20260921T154333Z,
DEU_E02_strict,DEU,ESA_EXP,E02,1,Intermediate consumption,2004,2004,CY,98930.0,EUR,2293040.0,EUROSTAT_NAMA10_GDP,4.31436,1077080.0,EUROSTAT_GOV10A_MAIN,9.185019,strict,anchor_actual,EUROSTAT_GOV10A_MAIN,2004.0,98930.0,,,,,,,,A,,EUROSTAT_GOV10A_MAIN,2026-07-21,2026-09-03,current,,,93224.79757333,-5.7669,,,False,False,False,20260921T154333Z,
DEU_E02_strict,DEU,ESA_EXP,E02,1,Intermediate consumption,2005,2005,CY,102439.0,EUR,2325710.0,EUROSTAT_NAMA10_GDP,4.404633,1089993.0,EUROSTAT_GOV10A_MAIN,9.398134,strict,anchor_actual,EUROSTAT_GOV10A_MAIN,2005.0,102439.0,,,,,,,,A,,EUROSTAT_GOV10A_MAIN,2026-07-21,2026-09-03,current,,,96830.15752211,-5.4753,,,False,False,False,20260921T154333Z,
DEU_E02_strict,DEU,ESA_EXP,E02,1,Intermediate consumption,2006,2006,CY,106887.0,EUR,2426180.0,EUROSTAT_NAMA10_GDP,4.405568,1099274.0,EUROSTAT_GOV10A_MAIN,9.723417,strict,anchor_actual,EUROSTAT_GOV10A_MAIN,2006.0,106887.0,,,,,,,,A,,EUROSTAT_GOV10A_MAIN,2026-07-21,2026-09-03,current,,,102040.42338045,-4.5343,,,False,False,False,20260921T154333Z,
DEU_E02_strict,DEU,ESA_EXP,E02,1,Intermediate consumption,2007,2007,CY,111629.0,EUR,2542220.0,EUROSTAT_NAMA10_GDP,4.391005,1106879.0,EUROSTAT_GOV10A_MAIN,10.085023,strict,anchor_actual,EUROSTAT_GOV10A_MAIN,2007.0,111629.0,,,,,,,,A,,EUROSTAT_GOV10A_MAIN,2026-07-21,2026-09-03,current,,,107596.70699175,-3.6122,,,False,False,False,20260921T154333Z,
DEU_E02_strict,DEU,ESA_EXP,E02,1,Intermediate consumption,2008,2008,CY,119010.0,EUR,2589280.0,EUROSTAT_NAMA10_GDP,4.596258,1150280.0,EUROSTAT_GOV10A_MAIN,10.346177,strict,anchor_actual,EUROSTAT_GOV10A_MAIN,2008.0,119010.0,,,,,,,,A,,EUROSTAT_GOV10A_MAIN,2026-07-21,2026-09-03,current,,,114764.50134797,-3.5673,,,False,False,False,20260921T154333Z,
DEU_E02_strict,DEU,ESA_EXP,E02,1,Intermediate consumption,2009,2009,CY,127026.0,EUR,2493970.0,EUROSTAT_NAMA10_GDP,5.093325,1204819.0,EUROSTAT_GOV10A_MAIN,10.54316,strict,anchor_actual,EUROSTAT_GOV10A_MAIN,2009.0,127026.0,,,,,,,,A,,EUROSTAT_GOV10A_MAIN,2026-07-21,2026-09-03,current,,,120862.11493521,-4.8525,,,False,False,False,20260921T154333Z,
DEU_E02_strict,DEU,ESA_EXP,E02,1,Intermediate consumption,2010,2010,CY,134841.0,EUR,2615260.0,EUROSTAT_NAMA10_GDP,5.155931,1258707.0,EUROSTAT_GOV10A_MAIN,10.71266,strict,anchor_actual,EUROSTAT_GOV10A_MAIN,2010.0,134841.0,,,,,,,,A,,EUROSTAT_GOV10A_MAIN,2026-07-21,2026-09-03,current,,,128578.8350096,-4.6441,,,False,False,False,20260921T154333Z,
DEU_E02_strict,DEU,ESA_EXP,E02,1,Intermediate consumption,2011,2011,CY,141421.0,EUR,2747210.0,EUROSTAT_NAMA10_GDP,5.147804,1244063.0,EUROSTAT_GOV10A_MAIN,11.367672,strict,anchor_actual,EUROSTAT_GOV10A_MAIN,2011.0,141421.0,,,,,,,,A,,EUROSTAT_GOV10A_MAIN,2026-07-21,2026-09-03,current,,,134095.73428751,-5.1798,,,False,False,False,20260921T154333Z,
DEU_E02_strict,DEU,ESA_EXP,E02,1,Intermediate consumption,2012,2012,CY,145499.0,EUR,2800680.0,EUROSTAT_NAMA10_GDP,5.195131,1262507.0,EUROSTAT_GOV10A_MAIN,11.524609,strict,anchor_actual,EUROSTAT_GOV10A_MAIN,2012.0,145499.0,,,,,,,,A,,EUROSTAT_GOV10A_MAIN,2026-07-21,2026-09-03,current,,,137441.79776595,-5.5376,,,False,False,False,20260921T154333Z,
DEU_E02_strict,DEU,ESA_EXP,E02,1,Intermediate consumption,2013,2013,CY,151856.0,EUR,2869480.0,EUROSTAT_NAMA10_GDP,5.292109,1294600.0,EUROSTAT_GOV10A_MAIN,11.729955,strict,anchor_actual,EUROSTAT_GOV10A_MAIN,2013.0,151856.0,,,,,,,,A,,EUROSTAT_GOV10A_MAIN,2026-07-21,2026-09-03,current,,,143912.12129148,-5.2312,,,False,False,False,20260921T154333Z,
DEU_E02_strict,DEU,ESA_EXP,E02,1,Intermediate consumption,2014,2014,CY,157080.0,EUR,2988470.0,EUROSTAT_NAMA10_GDP,5.256201,1328332.0,EUROSTAT_GOV10A_MAIN,11.825357,strict,anchor_actual,EUROSTAT_GOV10A_MAIN,2014.0,157080.0,,,,,,,,A,,EUROSTAT_GOV10A_MAIN,2026-07-21,2026-09-03,current,,,148504.83346224,-5.4591,,,False,False,False,20260921T154333Z,
DEU_E02_strict,DEU,ESA_EXP,E02,1,Intermediate consumption,2015,2015,CY,163692.0,EUR,3094190.0,EUROSTAT_NAMA10_GDP,5.290302,1373293.0,EUROSTAT_GOV10A_MAIN,11.91967,strict,anchor_actual,EUROSTAT_GOV10A_MAIN,2015.0,163692.0,,,,,,,,A,,EUROSTAT_GOV10A_MAIN,2026-07-21,2026-09-03,current,,,154983.40086457,-5.3201,,,False,False,False,20260921T154333Z,
DEU_E02_strict,DEU,ESA_EXP,E02,1,Intermediate consumption,2016,2016,CY,173672.0,EUR,3204870.0,EUROSTAT_NAMA10_GDP,5.419003,1429256.0,EUROSTAT_GOV10A_MAIN,12.151217,strict,anchor_actual,EUROSTAT_GOV10A_MAIN,2016.0,173672.0,,,,,,,,A,,EUROSTAT_GOV10A_MAIN,2026-07-21,2026-09-03,current,,,164842.65812704002,-5.0839,,,False,False,False,20260921T154333Z,
DEU_E02_strict,DEU,ESA_EXP,E02,1,Intermediate consumption,2017,2017,CY,181054.0,EUR,3345860.0,EUROSTAT_NAMA10_GDP,5.411284,1484552.0,EUROSTAT_GOV10A_MAIN,12.195868,strict,anchor_actual,EUROSTAT_GOV10A_MAIN,2017.0,181054.0,,,,,,,,A,,EUROSTAT_GOV10A_MAIN,2026-07-21,2026-09-03,current,,,172520.37390605,-4.7133,,,False,False,False,20260921T154333Z,
DEU_E02_strict,DEU,ESA_EXP,E02,1,Intermediate consumption,2018,2018,CY,188173.0,EUR,3450580.0,EUROSTAT_NAMA10_GDP,5.453373,1533328.0,EUROSTAT_GOV10A_MAIN,12.272195,strict,anchor_actual,EUROSTAT_GOV10A_MAIN,2018.0,188173.0,,,,,,,,A,,EUROSTAT_GOV10A_MAIN,2026-07-21,2026-09-03,current,,,179581.39626285998,-4.5658,,,False,False,False,20260921T154333Z,
DEU_E02_strict,DEU,ESA_EXP,E02,1,Intermediate consumption,2019,2019,CY,199498.0,EUR,3557630.0,EUROSTAT_NAMA10_GDP,5.60761,1610615.0,EUROSTAT_GOV10A_MAIN,12.386449,strict,anchor_actual,EUROSTAT_GOV10A_MAIN,2019.0,199498.0,,,,,,,,A,,EUROSTAT_GOV10A_MAIN,2026-07-21,2026-09-03,current,,,190588.97125567,-4.4657,,,False,False,False,20260921T154333Z,
DEU_E02_strict,DEU,ESA_EXP,E02,1,Intermediate consumption,2020,2020,CY,226880.0,EUR,3477670.0,EUROSTAT_NAMA10_GDP,6.523908,1763784.0,EUROSTAT_GOV10A_MAIN,12.863253,strict,anchor_actual,EUROSTAT_GOV10A_MAIN,2020.0,226880.0,,,,,,,,A,,EUROSTAT_GOV10A_MAIN,2026-07-21,2026-09-03,current,,,217300.68909104,-4.2222,,,False,False,False,20260921T154333Z,
DEU_E02_strict,DEU,ESA_EXP,E02,1,Intermediate consumption,2021,2021,CY,243732.0,EUR,3713090.0,EUROSTAT_NAMA10_GDP,6.564129,1865819.0,EUROSTAT_GOV10A_MAIN,13.063003,strict,anchor_actual,EUROSTAT_GOV10A_MAIN,2021.0,243732.0,,,,,,,,A,,EUROSTAT_GOV10A_MAIN,2026-07-21,2026-09-03,current,,,234090.29095562,-3.9559,,,False,False,False,20260921T154333Z,
DEU_E02_strict,DEU,ESA_EXP,E02,1,Intermediate consumption,2022,2022,CY,257101.0,EUR,4010630.0,EUROSTAT_NAMA10_GDP,6.410489,1939208.0,EUROSTAT_GOV10A_MAIN,13.258041,strict,anchor_actual,EUROSTAT_GOV10A_MAIN,2022.0,257101.0,,,,,,,,A,,EUROSTAT_GOV10A_MAIN,2026-07-21,2026-09-03,current,,,246915.69676246,-3.9616,,,False,False,False,20260921T154333Z,
DEU_E02_strict,DEU,ESA_EXP,E02,1,Intermediate consumption,2023,2023,CY,265841.0,EUR,4254930.0,EUROSTAT_NAMA10_GDP,6.247835,2031433.0,EUROSTAT_GOV10A_MAIN,13.086378,strict,anchor_actual,EUROSTAT_GOV10A_MAIN,2023.0,265841.0,,,,,,,,A,,EUROSTAT_GOV10A_MAIN,2026-07-21,2026-09-03,current,,,253992.59392363002,-4.457,,,False,False,False,20260921T154333Z,
DEU_E02_strict,DEU,ESA_EXP,E02,1,Intermediate consumption,2024,2024,CY,280393.0,EUR,4386940.0,EUROSTAT_NAMA10_GDP,6.391539,2139717.0,EUROSTAT_GOV10A_MAIN,13.10421,strict,anchor_actual,EUROSTAT_GOV10A_MAIN,2024.0,280393.0,,,,,,,,A,,EUROSTAT_GOV10A_MAIN,2026-07-21,2026-09-03,current,,,268071.54794775,-4.3944,,,False,False,False,20260921T154333Z,
DEU_E02_strict,DEU,ESA_EXP,E02,1,Intermediate consumption,2025,2025,CY,289128.0,EUR,4529710.0,EUROSTAT_NAMA10_GDP,6.382925,2259341.0,EUROSTAT_GOV10A_MAIN,12.797006,strict,anchor_actual,EUROSTAT_GOV10A_MAIN,2025.0,289128.0,,,,,,,,A,,EUROSTAT_GOV10A_MAIN,2026-07-21,2026-09-03,current,,,,,,,False,False,False,20260921T154333Z,
DEU_E03_strict,DEU,ESA_EXP,E03,1,Social benefits other than social transfers in kind,1995,1995,CY,326326.0,EUR,1899930.0,EUROSTAT_NAMA10_GDP,17.175685,1049528.0,EUROSTAT_GOV10A_MAIN,31.092644,strict,anchor_actual,EUROSTAT_GOV10A_MAIN,1995.0,326326.0,,,,,,,,A,,EUROSTAT_GOV10A_MAIN,2026-07-21,2026-09-03,current,,,,,,,False,False,False,20260921T154333Z,
DEU_E03_strict,DEU,ESA_EXP,E03,1,Social benefits other than social transfers in kind,1996,1996,CY,345629.0,EUR,1928560.0,EUROSTAT_NAMA10_GDP,17.92161,955732.0,EUROSTAT_GOV10A_MAIN,36.163799,strict,anchor_actual,EUROSTAT_GOV10A_MAIN,1996.0,345629.0,,,,,,,,A,,EUROSTAT_GOV10A_MAIN,2026-07-21,2026-09-03,current,,,,,,,False,False,False,20260921T154333Z,
DEU_E03_strict,DEU,ESA_EXP,E03,1,Social benefits other than social transfers in kind,1997,1997,CY,353525.0,EUR,1967180.0,EUROSTAT_NAMA10_GDP,17.971157,959060.0,EUROSTAT_GOV10A_MAIN,36.861614,strict,anchor_actual,EUROSTAT_GOV10A_MAIN,1997.0,353525.0,,,,,,,,A,,EUROSTAT_GOV10A_MAIN,2026-07-21,2026-09-03,current,,,,,,,False,False,False,20260921T154333Z,
DEU_E03_strict,DEU,ESA_EXP,E03,1,Social benefits other than social transfers in kind,1998,1998,CY,357475.0,EUR,2022310.0,EUROSTAT_NAMA10_GDP,17.676568,976592.0,EUROSTAT_GOV10A_MAIN,36.604334,strict,anchor_actual,EUROSTAT_GOV10A_MAIN,1998.0,357475.0,,,,,,,,A,,EUROSTAT_GOV10A_MAIN,2026-07-21,2026-09-03,current,,,,,,,False,False,False,20260921T154333Z,
DEU_E03_strict,DEU,ESA_EXP,E03,1,Social benefits other than social transfers in kind,1999,1999,CY,370411.0,EUR,2077240.0,EUROSTAT_NAMA10_GDP,17.831883,1007187.0,EUROSTAT_GOV10A_MAIN,36.776785,strict,anchor_actual,EUROSTAT_GOV10A_MAIN,1999.0,370411.0,,,,,,,,A,,EUROSTAT_GOV10A_MAIN,2026-07-21,2026-09-03,current,,,,,,,False,False,False,20260921T154333Z,
DEU_E03_strict,DEU,ESA_EXP,E03,1,Social benefits other than social transfers in kind,2000,2000,CY,369133.0,EUR,2129660.0,EUROSTAT_NAMA10_GDP,17.332955,1023445.0,EUROSTAT_GOV10A_MAIN,36.067693,strict,anchor_actual,EUROSTAT_GOV10A_MAIN,2000.0,369133.0,,,,,,,,A,,EUROSTAT_GOV10A_MAIN,2026-07-21,2026-09-03,current,,,,,,,False,False,False,20260921T154333Z,
DEU_E03_strict,DEU,ESA_EXP,E03,1,Social benefits other than social transfers in kind,2001,2001,CY,382938.0,EUR,2195530.0,EUROSTAT_NAMA10_GDP,17.441711,1046229.0,EUROSTAT_GOV10A_MAIN,36.601738,strict,anchor_actual,EUROSTAT_GOV10A_MAIN,2001.0,382938.0,,,,,,,,A,,EUROSTAT_GOV10A_MAIN,2026-07-21,2026-09-03,current,,,,,,,False,False,False,20260921T154333Z,
DEU_E03_strict,DEU,ESA_EXP,E03,1,Social benefits other than social transfers in kind,2002,2002,CY,397992.0,EUR,2223360.0,EUROSTAT_NAMA10_GDP,17.900475,1072638.0,EUROSTAT_GOV10A_MAIN,37.104037,strict,anchor_actual,EUROSTAT_GOV10A_MAIN,2002.0,397992.0,,,,,,,,A,,EUROSTAT_GOV10A_MAIN,2026-07-21,2026-09-03,current,,,,,,,False,False,False,20260921T154333Z,
DEU_E03_strict,DEU,ESA_EXP,E03,1,Social benefits other than social transfers in kind,2003,2003,CY,408988.0,EUR,2240810.0,EUROSTAT_NAMA10_GDP,18.251793,1087101.0,EUROSTAT_GOV10A_MAIN,37.621895,strict,anchor_actual,EUROSTAT_GOV10A_MAIN,2003.0,408988.0,,,,,,,,A,,EUROSTAT_GOV10A_MAIN,2026-07-21,2026-09-03,current,,,,,,,False,False,False,20260921T154333Z,
DEU_E03_strict,DEU,ESA_EXP,E03,1,Social benefits other than social transfers in kind,2004,2004,CY,411118.0,EUR,2293040.0,EUROSTAT_NAMA10_GDP,17.92895,1077080.0,EUROSTAT_GOV10A_MAIN,38.169681,strict,anchor_actual,EUROSTAT_GOV10A_MAIN,2004.0,411118.0,,,,,,,,A,,EUROSTAT_GOV10A_MAIN,2026-07-21,2026-09-03,current,,,,,,,False,False,False,20260921T154333Z,
DEU_E03_strict,DEU,ESA_EXP,E03,1,Social benefits other than social transfers in kind,2005,2005,CY,412615.0,EUR,2325710.0,EUROSTAT_NAMA10_GDP,17.741464,1089993.0,EUROSTAT_GOV10A_MAIN,37.85483,strict,anchor_actual,EUROSTAT_GOV10A_MAIN,2005.0,412615.0,,,,,,,,A,,EUROSTAT_GOV10A_MAIN,2026-07-21,2026-09-03,current,,,,,,,False,False,False,20260921T154333Z,
DEU_E03_strict,DEU,ESA_EXP,E03,1,Social benefits other than social transfers in kind,2006,2006,CY,409260.0,EUR,2426180.0,EUROSTAT_NAMA10_GDP,16.868493,1099274.0,EUROSTAT_GOV10A_MAIN,37.230026,strict,anchor_actual,EUROSTAT_GOV10A_MAIN,2006.0,409260.0,,,,,,,,A,,EUROSTAT_GOV10A_MAIN,2026-07-21,2026-09-03,current,,,,,,,False,False,False,20260921T154333Z,
DEU_E03_strict,DEU,ESA_EXP,E03,1,Social benefits other than social transfers in kind,2007,2007,CY,401833.0,EUR,2542220.0,EUROSTAT_NAMA10_GDP,15.806382,1106879.0,EUROSTAT_GOV10A_MAIN,36.303245,strict,anchor_actual,EUROSTAT_GOV10A_MAIN,2007.0,401833.0,,,,,,,,A,,EUROSTAT_GOV10A_MAIN,2026-07-21,2026-09-03,current,,,,,,,False,False,False,20260921T154333Z,
DEU_E03_strict,DEU,ESA_EXP,E03,1,Social benefits other than social transfers in kind,2008,2008,CY,405166.0,EUR,2589280.0,EUROSTAT_NAMA10_GDP,15.647825,1150280.0,EUROSTAT_GOV10A_MAIN,35.22325,strict,anchor_actual,EUROSTAT_GOV10A_MAIN,2008.0,405166.0,,,,,,,,A,,EUROSTAT_GOV10A_MAIN,2026-07-21,2026-09-03,current,,,,,,,False,False,False,20260921T154333Z,
DEU_E03_strict,DEU,ESA_EXP,E03,1,Social benefits other than social transfers in kind,2009,2009,CY,427204.0,EUR,2493970.0,EUROSTAT_NAMA10_GDP,17.129476,1204819.0,EUROSTAT_GOV10A_MAIN,35.45794,strict,anchor_actual,EUROSTAT_GOV10A_MAIN,2009.0,427204.0,,,,,,,,A,,EUROSTAT_GOV10A_MAIN,2026-07-21,2026-09-03,current,,,,,,,False,False,False,20260921T154333Z,
DEU_E03_strict,DEU,ESA_EXP,E03,1,Social benefits other than social transfers in kind,2010,2010,CY,431214.0,EUR,2615260.0,EUROSTAT_NAMA10_GDP,16.48838,1258707.0,EUROSTAT_GOV10A_MAIN,34.258489,strict,anchor_actual,EUROSTAT_GOV10A_MAIN,2010.0,431214.0,,,,,,,,A,,EUROSTAT_GOV10A_MAIN,2026-07-21,2026-09-03,current,,,,,,,False,False,False,20260921T154333Z,
DEU_E03_strict,DEU,ESA_EXP,E03,1,Social benefits other than social transfers in kind,2011,2011,CY,425271.0,EUR,2747210.0,EUROSTAT_NAMA10_GDP,15.480105,1244063.0,EUROSTAT_GOV10A_MAIN,34.184041,strict,anchor_actual,EUROSTAT_GOV10A_MAIN,2011.0,425271.0,,,,,,,,A,,EUROSTAT_GOV10A_MAIN,2026-07-21,2026-09-03,current,,,,,,,False,False,False,20260921T154333Z,
DEU_E03_strict,DEU,ESA_EXP,E03,1,Social benefits other than social transfers in kind,2012,2012,CY,431667.0,EUR,2800680.0,EUROSTAT_NAMA10_GDP,15.412935,1262507.0,EUROSTAT_GOV10A_MAIN,34.191256,strict,anchor_actual,EUROSTAT_GOV10A_MAIN,2012.0,431667.0,,,,,,,,A,,EUROSTAT_GOV10A_MAIN,2026-07-21,2026-09-03,current,,,,,,,False,False,False,20260921T154333Z,
DEU_E03_strict,DEU,ESA_EXP,E03,1,Social benefits other than social transfers in kind,2013,2013,CY,440113.0,EUR,2869480.0,EUROSTAT_NAMA10_GDP,15.337727,1294600.0,EUROSTAT_GOV10A_MAIN,33.996061,strict,anchor_actual,EUROSTAT_GOV10A_MAIN,2013.0,440113.0,,,,,,,,A,,EUROSTAT_GOV10A_MAIN,2026-07-21,2026-09-03,current,,,,,,,False,False,False,20260921T154333Z,
DEU_E03_strict,DEU,ESA_EXP,E03,1,Social benefits other than social transfers in kind,2014,2014,CY,452763.0,EUR,2988470.0,EUROSTAT_NAMA10_GDP,15.150328,1328332.0,EUROSTAT_GOV10A_MAIN,34.085078,strict,anchor_actual,EUROSTAT_GOV10A_MAIN,2014.0,452763.0,,,,,,,,A,,EUROSTAT_GOV10A_MAIN,2026-07-21,2026-09-03,current,,,,,,,False,False,False,20260921T154333Z,
DEU_E03_strict,DEU,ESA_EXP,E03,1,Social benefits other than social transfers in kind,2015,2015,CY,471572.0,EUR,3094190.0,EUROSTAT_NAMA10_GDP,15.240564,1373293.0,EUROSTAT_GOV10A_MAIN,34.338775,strict,anchor_actual,EUROSTAT_GOV10A_MAIN,2015.0,471572.0,,,,,,,,A,,EUROSTAT_GOV10A_MAIN,2026-07-21,2026-09-03,current,,,,,,,False,False,False,20260921T154333Z,
DEU_E03_strict,DEU,ESA_EXP,E03,1,Social benefits other than social transfers in kind,2016,2016,CY,489370.0,EUR,3204870.0,EUROSTAT_NAMA10_GDP,15.269574,1429256.0,EUROSTAT_GOV10A_MAIN,34.239492,strict,anchor_actual,EUROSTAT_GOV10A_MAIN,2016.0,489370.0,,,,,,,,A,,EUROSTAT_GOV10A_MAIN,2026-07-21,2026-09-03,current,,,,,,,False,False,False,20260921T154333Z,
DEU_E03_strict,DEU,ESA_EXP,E03,1,Social benefits other than social transfers in kind,2017,2017,CY,509573.0,EUR,3345860.0,EUROSTAT_NAMA10_GDP,15.229956,1484552.0,EUROSTAT_GOV10A_MAIN,34.325035,strict,anchor_actual,EUROSTAT_GOV10A_MAIN,2017.0,509573.0,,,,,,,,A,,EUROSTAT_GOV10A_MAIN,2026-07-21,2026-09-03,current,,,,,,,False,False,False,20260921T154333Z,
DEU_E03_strict,DEU,ESA_EXP,E03,1,Social benefits other than social transfers in kind,2018,2018,CY,523248.0,EUR,3450580.0,EUROSTAT_NAMA10_GDP,15.164059,1533328.0,EUROSTAT_GOV10A_MAIN,34.124988,strict,anchor_actual,EUROSTAT_GOV10A_MAIN,2018.0,523248.0,,,,,,,,A,,EUROSTAT_GOV10A_MAIN,2026-07-21,2026-09-03,current,,,,,,,False,False,False,20260921T154333Z,
DEU_E03_strict,DEU,ESA_EXP,E03,1,Social benefits other than social transfers in kind,2019,2019,CY,549967.0,EUR,3557630.0,EUROSTAT_NAMA10_GDP,15.458803,1610615.0,EUROSTAT_GOV10A_MAIN,34.146397,strict,anchor_actual,EUROSTAT_GOV10A_MAIN,2019.0,549967.0,,,,,,,,A,,EUROSTAT_GOV10A_MAIN,2026-07-21,2026-09-03,current,,,,,,,False,False,False,20260921T154333Z,
DEU_E03_strict,DEU,ESA_EXP,E03,1,Social benefits other than social transfers in kind,2020,2020,CY,595429.0,EUR,3477670.0,EUROSTAT_NAMA10_GDP,17.121492,1763784.0,EUROSTAT_GOV10A_MAIN,33.758612,strict,anchor_actual,EUROSTAT_GOV10A_MAIN,2020.0,595429.0,,,,,,,,A,,EUROSTAT_GOV10A_MAIN,2026-07-21,2026-09-03,current,,,,,,,False,False,False,20260921T154333Z,
DEU_E03_strict,DEU,ESA_EXP,E03,1,Social benefits other than social transfers in kind,2021,2021,CY,610174.0,EUR,3713090.0,EUROSTAT_NAMA10_GDP,16.433052,1865819.0,EUROSTAT_GOV10A_MAIN,32.702743,strict,anchor_actual,EUROSTAT_GOV10A_MAIN,2021.0,610174.0,,,,,,,,A,,EUROSTAT_GOV10A_MAIN,2026-07-21,2026-09-03,current,,,,,,,False,False,False,20260921T154333Z,
DEU_E03_strict,DEU,ESA_EXP,E03,1,Social benefits other than social transfers in kind,2022,2022,CY,617862.0,EUR,4010630.0,EUROSTAT_NAMA10_GDP,15.40561,1939208.0,EUROSTAT_GOV10A_MAIN,31.861564,strict,anchor_actual,EUROSTAT_GOV10A_MAIN,2022.0,617862.0,,,,,,,,A,,EUROSTAT_GOV10A_MAIN,2026-07-21,2026-09-03,current,,,,,,,False,False,False,20260921T154333Z,
DEU_E03_strict,DEU,ESA_EXP,E03,1,Social benefits other than social transfers in kind,2023,2023,CY,660733.0,EUR,4254930.0,EUROSTAT_NAMA10_GDP,15.528646,2031433.0,EUROSTAT_GOV10A_MAIN,32.525464,strict,anchor_actual,EUROSTAT_GOV10A_MAIN,2023.0,660733.0,,,,,,,,A,,EUROSTAT_GOV10A_MAIN,2026-07-21,2026-09-03,current,,,,,,,False,False,False,20260921T154333Z,
DEU_E03_strict,DEU,ESA_EXP,E03,1,Social benefits other than social transfers in kind,2024,2024,CY,709523.0,EUR,4386940.0,EUROSTAT_NAMA10_GDP,16.173529,2139717.0,EUROSTAT_GOV10A_MAIN,33.159666,strict,anchor_actual,EUROSTAT_GOV10A_MAIN,2024.0,709523.0,,,,,,,,A,,EUROSTAT_GOV10A_MAIN,2026-07-21,2026-09-03,current,,,,,,,False,False,False,20260921T154333Z,
DEU_E03_strict,DEU,ESA_EXP,E03,1,Social benefits other than social transfers in kind,2025,2025,CY,749489.0,EUR,4529710.0,EUROSTAT_NAMA10_GDP,16.54607,2259341.0,EUROSTAT_GOV10A_MAIN,33.172903,strict,anchor_actual,EUROSTAT_GOV10A_MAIN,2025.0,749489.0,,,,,,,,A,,EUROSTAT_GOV10A_MAIN,2026-07-21,2026-09-03,current,,,,,,,False,False,False,20260921T154333Z,
DEU_E04_strict,DEU,ESA_EXP,E04,1,Social transfers in kind (purchased market production),1995,1995,CY,136660.0,EUR,1899930.0,EUROSTAT_NAMA10_GDP,7.192897,1049528.0,EUROSTAT_GOV10A_MAIN,13.021091,strict,anchor_actual,EUROSTAT_GOV10A_MAIN,1995.0,136660.0,,,,,,,,A,,EUROSTAT_GOV10A_MAIN,2026-07-21,2026-09-03,current,,,,,,,False,False,False,20260921T154333Z,
DEU_E04_strict,DEU,ESA_EXP,E04,1,Social transfers in kind (purchased market production),1996,1996,CY,143500.0,EUR,1928560.0,EUROSTAT_NAMA10_GDP,7.440785,955732.0,EUROSTAT_GOV10A_MAIN,15.014669,strict,anchor_actual,EUROSTAT_GOV10A_MAIN,1996.0,143500.0,,,,,,,,A,,EUROSTAT_GOV10A_MAIN,2026-07-21,2026-09-03,current,,,,,,,False,False,False,20260921T154333Z,
DEU_E04_strict,DEU,ESA_EXP,E04,1,Social transfers in kind (purchased market production),1997,1997,CY,142987.0,EUR,1967180.0,EUROSTAT_NAMA10_GDP,7.268628,959060.0,EUROSTAT_GOV10A_MAIN,14.909078,strict,anchor_actual,EUROSTAT_GOV10A_MAIN,1997.0,142987.0,,,,,,,,A,,EUROSTAT_GOV10A_MAIN,2026-07-21,2026-09-03,current,,,,,,,False,False,False,20260921T154333Z,
DEU_E04_strict,DEU,ESA_EXP,E04,1,Social transfers in kind (purchased market production),1998,1998,CY,145407.0,EUR,2022310.0,EUROSTAT_NAMA10_GDP,7.190144,976592.0,EUROSTAT_GOV10A_MAIN,14.889227,strict,anchor_actual,EUROSTAT_GOV10A_MAIN,1998.0,145407.0,,,,,,,,A,,EUROSTAT_GOV10A_MAIN,2026-07-21,2026-09-03,current,,,,,,,False,False,False,20260921T154333Z,
DEU_E04_strict,DEU,ESA_EXP,E04,1,Social transfers in kind (purchased market production),1999,1999,CY,148984.0,EUR,2077240.0,EUROSTAT_NAMA10_GDP,7.172209,1007187.0,EUROSTAT_GOV10A_MAIN,14.792089,strict,anchor_actual,EUROSTAT_GOV10A_MAIN,1999.0,148984.0,,,,,,,,A,,EUROSTAT_GOV10A_MAIN,2026-07-21,2026-09-03,current,,,,,,,False,False,False,20260921T154333Z,
DEU_E04_strict,DEU,ESA_EXP,E04,1,Social transfers in kind (purchased market production),2000,2000,CY,153473.0,EUR,2129660.0,EUROSTAT_NAMA10_GDP,7.206455,1023445.0,EUROSTAT_GOV10A_MAIN,14.995725,strict,anchor_actual,EUROSTAT_GOV10A_MAIN,2000.0,153473.0,,,,,,,,A,,EUROSTAT_GOV10A_MAIN,2026-07-21,2026-09-03,current,,,,,,,False,False,False,20260921T154333Z,
DEU_E04_strict,DEU,ESA_EXP,E04,1,Social transfers in kind (purchased market production),2001,2001,CY,158404.0,EUR,2195530.0,EUROSTAT_NAMA10_GDP,7.214841,1046229.0,EUROSTAT_GOV10A_MAIN,15.140471,strict,anchor_actual,EUROSTAT_GOV10A_MAIN,2001.0,158404.0,,,,,,,,A,,EUROSTAT_GOV10A_MAIN,2026-07-21,2026-09-03,current,,,,,,,False,False,False,20260921T154333Z,
DEU_E04_strict,DEU,ESA_EXP,E04,1,Social transfers in kind (purchased market production),2002,2002,CY,163311.0,EUR,2223360.0,EUROSTAT_NAMA10_GDP,7.345234,1072638.0,EUROSTAT_GOV10A_MAIN,15.225174,strict,anchor_actual,EUROSTAT_GOV10A_MAIN,2002.0,163311.0,,,,,,,,A,,EUROSTAT_GOV10A_MAIN,2026-07-21,2026-09-03,current,,,,,,,False,False,False,20260921T154333Z,
DEU_E04_strict,DEU,ESA_EXP,E04,1,Social transfers in kind (purchased market production),2003,2003,CY,167345.0,EUR,2240810.0,EUROSTAT_NAMA10_GDP,7.468058,1087101.0,EUROSTAT_GOV10A_MAIN,15.393694,strict,anchor_actual,EUROSTAT_GOV10A_MAIN,2003.0,167345.0,,,,,,,,A,,EUROSTAT_GOV10A_MAIN,2026-07-21,2026-09-03,current,,,,,,,False,False,False,20260921T154333Z,
DEU_E04_strict,DEU,ESA_EXP,E04,1,Social transfers in kind (purchased market production),2004,2004,CY,164121.0,EUR,2293040.0,EUROSTAT_NAMA10_GDP,7.157354,1077080.0,EUROSTAT_GOV10A_MAIN,15.237587,strict,anchor_actual,EUROSTAT_GOV10A_MAIN,2004.0,164121.0,,,,,,,,A,,EUROSTAT_GOV10A_MAIN,2026-07-21,2026-09-03,current,,,,,,,False,False,False,20260921T154333Z,
DEU_E04_strict,DEU,ESA_EXP,E04,1,Social transfers in kind (purchased market production),2005,2005,CY,168003.0,EUR,2325710.0,EUROSTAT_NAMA10_GDP,7.22373,1089993.0,EUROSTAT_GOV10A_MAIN,15.413218,strict,anchor_actual,EUROSTAT_GOV10A_MAIN,2005.0,168003.0,,,,,,,,A,,EUROSTAT_GOV10A_MAIN,2026-07-21,2026-09-03,current,,,,,,,False,False,False,20260921T154333Z,
DEU_E04_strict,DEU,ESA_EXP,E04,1,Social transfers in kind (purchased market production),2006,2006,CY,172358.0,EUR,2426180.0,EUROSTAT_NAMA10_GDP,7.10409,1099274.0,EUROSTAT_GOV10A_MAIN,15.679257,strict,anchor_actual,EUROSTAT_GOV10A_MAIN,2006.0,172358.0,,,,,,,,A,,EUROSTAT_GOV10A_MAIN,2026-07-21,2026-09-03,current,,,,,,,False,False,False,20260921T154333Z,
DEU_E04_strict,DEU,ESA_EXP,E04,1,Social transfers in kind (purchased market production),2007,2007,CY,178825.0,EUR,2542220.0,EUROSTAT_NAMA10_GDP,7.034206,1106879.0,EUROSTAT_GOV10A_MAIN,16.155786,strict,anchor_actual,EUROSTAT_GOV10A_MAIN,2007.0,178825.0,,,,,,,,A,,EUROSTAT_GOV10A_MAIN,2026-07-21,2026-09-03,current,,,,,,,False,False,False,20260921T154333Z,
DEU_E04_strict,DEU,ESA_EXP,E04,1,Social transfers in kind (purchased market production),2008,2008,CY,186137.0,EUR,2589280.0,EUROSTAT_NAMA10_GDP,7.188755,1150280.0,EUROSTAT_GOV10A_MAIN,16.181886,strict,anchor_actual,EUROSTAT_GOV10A_MAIN,2008.0,186137.0,,,,,,,,A,,EUROSTAT_GOV10A_MAIN,2026-07-21,2026-09-03,current,,,,,,,False,False,False,20260921T154333Z,
DEU_E04_strict,DEU,ESA_EXP,E04,1,Social transfers in kind (purchased market production),2009,2009,CY,196798.0,EUR,2493970.0,EUROSTAT_NAMA10_GDP,7.890953,1204819.0,EUROSTAT_GOV10A_MAIN,16.334238,strict,anchor_actual,EUROSTAT_GOV10A_MAIN,2009.0,196798.0,,,,,,,,A,,EUROSTAT_GOV10A_MAIN,2026-07-21,2026-09-03,current,,,,,,,False,False,False,20260921T154333Z,
DEU_E04_strict,DEU,ESA_EXP,E04,1,Social transfers in kind (purchased market production),2010,2010,CY,202273.0,EUR,2615260.0,EUROSTAT_NAMA10_GDP,7.734336,1258707.0,EUROSTAT_GOV10A_MAIN,16.069903,strict,anchor_actual,EUROSTAT_GOV10A_MAIN,2010.0,202273.0,,,,,,,,A,,EUROSTAT_GOV10A_MAIN,2026-07-21,2026-09-03,current,,,,,,,False,False,False,20260921T154333Z,
DEU_E04_strict,DEU,ESA_EXP,E04,1,Social transfers in kind (purchased market production),2011,2011,CY,207593.0,EUR,2747210.0,EUROSTAT_NAMA10_GDP,7.556503,1244063.0,EUROSTAT_GOV10A_MAIN,16.686695,strict,anchor_actual,EUROSTAT_GOV10A_MAIN,2011.0,207593.0,,,,,,,,A,,EUROSTAT_GOV10A_MAIN,2026-07-21,2026-09-03,current,,,,,,,False,False,False,20260921T154333Z,
DEU_E04_strict,DEU,ESA_EXP,E04,1,Social transfers in kind (purchased market production),2012,2012,CY,212714.0,EUR,2800680.0,EUROSTAT_NAMA10_GDP,7.595084,1262507.0,EUROSTAT_GOV10A_MAIN,16.84854,strict,anchor_actual,EUROSTAT_GOV10A_MAIN,2012.0,212714.0,,,,,,,,A,,EUROSTAT_GOV10A_MAIN,2026-07-21,2026-09-03,current,,,,,,,False,False,False,20260921T154333Z,
DEU_E04_strict,DEU,ESA_EXP,E04,1,Social transfers in kind (purchased market production),2013,2013,CY,225107.0,EUR,2869480.0,EUROSTAT_NAMA10_GDP,7.844871,1294600.0,EUROSTAT_GOV10A_MAIN,17.388151,strict,anchor_actual,EUROSTAT_GOV10A_MAIN,2013.0,225107.0,,,,,,,,A,,EUROSTAT_GOV10A_MAIN,2026-07-21,2026-09-03,current,,,,,,,False,False,False,20260921T154333Z,
DEU_E04_strict,DEU,ESA_EXP,E04,1,Social transfers in kind (purchased market production),2014,2014,CY,237111.0,EUR,2988470.0,EUROSTAT_NAMA10_GDP,7.934194,1328332.0,EUROSTAT_GOV10A_MAIN,17.850281,strict,anchor_actual,EUROSTAT_GOV10A_MAIN,2014.0,237111.0,,,,,,,,A,,EUROSTAT_GOV10A_MAIN,2026-07-21,2026-09-03,current,,,,,,,False,False,False,20260921T154333Z,
DEU_E04_strict,DEU,ESA_EXP,E04,1,Social transfers in kind (purchased market production),2015,2015,CY,249048.0,EUR,3094190.0,EUROSTAT_NAMA10_GDP,8.048892,1373293.0,EUROSTAT_GOV10A_MAIN,18.135096,strict,anchor_actual,EUROSTAT_GOV10A_MAIN,2015.0,249048.0,,,,,,,,A,,EUROSTAT_GOV10A_MAIN,2026-07-21,2026-09-03,current,,,,,,,False,False,False,20260921T154333Z,
DEU_E04_strict,DEU,ESA_EXP,E04,1,Social transfers in kind (purchased market production),2016,2016,CY,263816.0,EUR,3204870.0,EUROSTAT_NAMA10_GDP,8.231722,1429256.0,EUROSTAT_GOV10A_MAIN,18.458275,strict,anchor_actual,EUROSTAT_GOV10A_MAIN,2016.0,263816.0,,,,,,,,A,,EUROSTAT_GOV10A_MAIN,2026-07-21,2026-09-03,current,,,,,,,False,False,False,20260921T154333Z,
DEU_E04_strict,DEU,ESA_EXP,E04,1,Social transfers in kind (purchased market production),2017,2017,CY,273689.0,EUR,3345860.0,EUROSTAT_NAMA10_GDP,8.17993,1484552.0,EUROSTAT_GOV10A_MAIN,18.435797,strict,anchor_actual,EUROSTAT_GOV10A_MAIN,2017.0,273689.0,,,,,,,,A,,EUROSTAT_GOV10A_MAIN,2026-07-21,2026-09-03,current,,,,,,,False,False,False,20260921T154333Z,
DEU_E04_strict,DEU,ESA_EXP,E04,1,Social transfers in kind (purchased market production),2018,2018,CY,280648.0,EUR,3450580.0,EUROSTAT_NAMA10_GDP,8.133357,1533328.0,EUROSTAT_GOV10A_MAIN,18.303194,strict,anchor_actual,EUROSTAT_GOV10A_MAIN,2018.0,280648.0,,,,,,,,A,,EUROSTAT_GOV10A_MAIN,2026-07-21,2026-09-03,current,,,,,,,False,False,False,20260921T154333Z,
DEU_E04_strict,DEU,ESA_EXP,E04,1,Social transfers in kind (purchased market production),2019,2019,CY,294590.0,EUR,3557630.0,EUROSTAT_NAMA10_GDP,8.280513,1610615.0,EUROSTAT_GOV10A_MAIN,18.290529,strict,anchor_actual,EUROSTAT_GOV10A_MAIN,2019.0,294590.0,,,,,,,,A,,EUROSTAT_GOV10A_MAIN,2026-07-21,2026-09-03,current,,,,,,,False,False,False,20260921T154333Z,
DEU_E04_strict,DEU,ESA_EXP,E04,1,Social transfers in kind (purchased market production),2020,2020,CY,304911.0,EUR,3477670.0,EUROSTAT_NAMA10_GDP,8.767681,1763784.0,EUROSTAT_GOV10A_MAIN,17.287321,strict,anchor_actual,EUROSTAT_GOV10A_MAIN,2020.0,304911.0,,,,,,,,A,,EUROSTAT_GOV10A_MAIN,2026-07-21,2026-09-03,current,,,,,,,False,False,False,20260921T154333Z,
DEU_E04_strict,DEU,ESA_EXP,E04,1,Social transfers in kind (purchased market production),2021,2021,CY,328673.0,EUR,3713090.0,EUROSTAT_NAMA10_GDP,8.851738,1865819.0,EUROSTAT_GOV10A_MAIN,17.615481,strict,anchor_actual,EUROSTAT_GOV10A_MAIN,2021.0,328673.0,,,,,,,,A,,EUROSTAT_GOV10A_MAIN,2026-07-21,2026-09-03,current,,,,,,,False,False,False,20260921T154333Z,
DEU_E04_strict,DEU,ESA_EXP,E04,1,Social transfers in kind (purchased market production),2022,2022,CY,350359.0,EUR,4010630.0,EUROSTAT_NAMA10_GDP,8.73576,1939208.0,EUROSTAT_GOV10A_MAIN,18.067118,strict,anchor_actual,EUROSTAT_GOV10A_MAIN,2022.0,350359.0,,,,,,,,A,,EUROSTAT_GOV10A_MAIN,2026-07-21,2026-09-03,current,,,,,,,False,False,False,20260921T154333Z,
DEU_E04_strict,DEU,ESA_EXP,E04,1,Social transfers in kind (purchased market production),2023,2023,CY,357997.0,EUR,4254930.0,EUROSTAT_NAMA10_GDP,8.413699,2031433.0,EUROSTAT_GOV10A_MAIN,17.62288,strict,anchor_actual,EUROSTAT_GOV10A_MAIN,2023.0,357997.0,,,,,,,,A,,EUROSTAT_GOV10A_MAIN,2026-07-21,2026-09-03,current,,,,,,,False,False,False,20260921T154333Z,
DEU_E04_strict,DEU,ESA_EXP,E04,1,Social transfers in kind (purchased market production),2024,2024,CY,386591.0,EUR,4386940.0,EUROSTAT_NAMA10_GDP,8.812316,2139717.0,EUROSTAT_GOV10A_MAIN,18.067389,strict,anchor_actual,EUROSTAT_GOV10A_MAIN,2024.0,386591.0,,,,,,,,A,,EUROSTAT_GOV10A_MAIN,2026-07-21,2026-09-03,current,,,,,,,False,False,False,20260921T154333Z,
DEU_E04_strict,DEU,ESA_EXP,E04,1,Social transfers in kind (purchased market production),2025,2025,CY,414854.0,EUR,4529710.0,EUROSTAT_NAMA10_GDP,9.158511,2259341.0,EUROSTAT_GOV10A_MAIN,18.361726,strict,anchor_actual,EUROSTAT_GOV10A_MAIN,2025.0,414854.0,,,,,,,,A,,EUROSTAT_GOV10A_MAIN,2026-07-21,2026-09-03,current,,,,,,,False,False,False,20260921T154333Z,
DEU_E05_strict,DEU,ESA_EXP,E05,1,Interest payable,1995,1995,CY,66581.0,EUR,1899930.0,EUROSTAT_NAMA10_GDP,3.504392,1049528.0,EUROSTAT_GOV10A_MAIN,6.343899,strict,anchor_actual,EUROSTAT_GOV10A_MAIN,1995.0,66581.0,,,,,,,,A,,EUROSTAT_GOV10A_MAIN,2026-07-21,2026-09-03,current,,d41_gross_accrued,66792.0,0.3169,,,False,False,False,20260921T154333Z,
DEU_E05_strict,DEU,ESA_EXP,E05,1,Interest payable,1996,1996,CY,66769.0,EUR,1928560.0,EUROSTAT_NAMA10_GDP,3.462117,955732.0,EUROSTAT_GOV10A_MAIN,6.986163,strict,anchor_actual,EUROSTAT_GOV10A_MAIN,1996.0,66769.0,,,,,,,,A,,EUROSTAT_GOV10A_MAIN,2026-07-21,2026-09-03,current,,d41_gross_accrued,67923.0,1.7283,,,False,False,False,20260921T154333Z,
DEU_E05_strict,DEU,ESA_EXP,E05,1,Interest payable,1997,1997,CY,66801.0,EUR,1967180.0,EUROSTAT_NAMA10_GDP,3.395775,959060.0,EUROSTAT_GOV10A_MAIN,6.965258,strict,anchor_actual,EUROSTAT_GOV10A_MAIN,1997.0,66801.0,,,,,,,,A,,EUROSTAT_GOV10A_MAIN,2026-07-21,2026-09-03,current,,d41_gross_accrued,69208.0,3.6032,,,False,False,False,20260921T154333Z,
DEU_E05_strict,DEU,ESA_EXP,E05,1,Interest payable,1998,1998,CY,67765.0,EUR,2022310.0,EUROSTAT_NAMA10_GDP,3.350871,976592.0,EUROSTAT_GOV10A_MAIN,6.938926,strict,anchor_actual,EUROSTAT_GOV10A_MAIN,1998.0,67765.0,,,,,,,,A,,EUROSTAT_GOV10A_MAIN,2026-07-21,2026-09-03,current,,d41_gross_accrued,70621.0,4.2146,,,False,False,False,20260921T154333Z,
DEU_E05_strict,DEU,ESA_EXP,E05,1,Interest payable,1999,1999,CY,64274.0,EUR,2077240.0,EUROSTAT_NAMA10_GDP,3.094202,1007187.0,EUROSTAT_GOV10A_MAIN,6.381536,strict,anchor_actual,EUROSTAT_GOV10A_MAIN,1999.0,64274.0,,,,,,,,A,,EUROSTAT_GOV10A_MAIN,2026-07-21,2026-09-03,current,,d41_gross_accrued,68842.0,7.1071,,,False,False,False,20260921T154333Z,
DEU_E05_strict,DEU,ESA_EXP,E05,1,Interest payable,2000,2000,CY,67540.0,EUR,2129660.0,EUROSTAT_NAMA10_GDP,3.171398,1023445.0,EUROSTAT_GOV10A_MAIN,6.59928,strict,anchor_actual,EUROSTAT_GOV10A_MAIN,2000.0,67540.0,,,,,,,,A,,EUROSTAT_GOV10A_MAIN,2026-07-21,2026-09-03,current,,d41_gross_accrued,70354.0,4.1664,,,False,False,False,20260921T154333Z,
DEU_E05_strict,DEU,ESA_EXP,E05,1,Interest payable,2001,2001,CY,66201.0,EUR,2195530.0,EUROSTAT_NAMA10_GDP,3.015263,1046229.0,EUROSTAT_GOV10A_MAIN,6.327582,strict,anchor_actual,EUROSTAT_GOV10A_MAIN,2001.0,66201.0,,,,,,,,A,,EUROSTAT_GOV10A_MAIN,2026-07-21,2026-09-03,current,,d41_gross_accrued,69042.0,4.2915,,,False,False,False,20260921T154333Z,
DEU_E05_strict,DEU,ESA_EXP,E05,1,Interest payable,2002,2002,CY,66135.0,EUR,2223360.0,EUROSTAT_NAMA10_GDP,2.974552,1072638.0,EUROSTAT_GOV10A_MAIN,6.16564,strict,anchor_actual,EUROSTAT_GOV10A_MAIN,2002.0,66135.0,,,,,,,,A,,EUROSTAT_GOV10A_MAIN,2026-07-21,2026-09-03,current,,d41_gross_accrued,68979.0,4.3003,,,False,False,False,20260921T154333Z,
DEU_E05_strict,DEU,ESA_EXP,E05,1,Interest payable,2003,2003,CY,65075.0,EUR,2240810.0,EUROSTAT_NAMA10_GDP,2.904084,1087101.0,EUROSTAT_GOV10A_MAIN,5.986104,strict,anchor_actual,EUROSTAT_GOV10A_MAIN,2003.0,65075.0,,,,,,,,A,,EUROSTAT_GOV10A_MAIN,2026-07-21,2026-09-03,current,,d41_gross_accrued,67153.0,3.1932,,,False,False,False,20260921T154333Z,
DEU_E05_strict,DEU,ESA_EXP,E05,1,Interest payable,2004,2004,CY,63816.0,EUR,2293040.0,EUROSTAT_NAMA10_GDP,2.78303,1077080.0,EUROSTAT_GOV10A_MAIN,5.924908,strict,anchor_actual,EUROSTAT_GOV10A_MAIN,2004.0,63816.0,,,,,,,,A,,EUROSTAT_GOV10A_MAIN,2026-07-21,2026-09-03,current,,d41_gross_accrued,66128.0,3.6229,,,False,False,False,20260921T154333Z,
DEU_E05_strict,DEU,ESA_EXP,E05,1,Interest payable,2005,2005,CY,63494.0,EUR,2325710.0,EUROSTAT_NAMA10_GDP,2.730091,1089993.0,EUROSTAT_GOV10A_MAIN,5.825175,strict,anchor_actual,EUROSTAT_GOV10A_MAIN,2005.0,63494.0,,,,,,,,A,,EUROSTAT_GOV10A_MAIN,2026-07-21,2026-09-03,current,,d41_gross_accrued,65609.0,3.331,,,False,False,False,20260921T154333Z,
DEU_E05_strict,DEU,ESA_EXP,E05,1,Interest payable,2006,2006,CY,65218.0,EUR,2426180.0,EUROSTAT_NAMA10_GDP,2.688094,1099274.0,EUROSTAT_GOV10A_MAIN,5.932825,strict,anchor_actual,EUROSTAT_GOV10A_MAIN,2006.0,65218.0,,,,,,,,A,,EUROSTAT_GOV10A_MAIN,2026-07-21,2026-09-03,current,,d41_gross_accrued,66300.0,1.6591,,,False,False,False,20260921T154333Z,
DEU_E05_strict,DEU,ESA_EXP,E05,1,Interest payable,2007,2007,CY,67686.0,EUR,2542220.0,EUROSTAT_NAMA10_GDP,2.662476,1106879.0,EUROSTAT_GOV10A_MAIN,6.115032,strict,anchor_actual,EUROSTAT_GOV10A_MAIN,2007.0,67686.0,,,,,,,,A,,EUROSTAT_GOV10A_MAIN,2026-07-21,2026-09-03,current,,d41_gross_accrued,68110.0,0.6264,,,False,False,False,20260921T154333Z,
DEU_E05_strict,DEU,ESA_EXP,E05,1,Interest payable,2008,2008,CY,69096.0,EUR,2589280.0,EUROSTAT_NAMA10_GDP,2.668541,1150280.0,EUROSTAT_GOV10A_MAIN,6.006885,strict,anchor_actual,EUROSTAT_GOV10A_MAIN,2008.0,69096.0,,,,,,,,A,,EUROSTAT_GOV10A_MAIN,2026-07-21,2026-09-03,current,,d41_gross_accrued,69616.0,0.7526,,,False,False,False,20260921T154333Z,
DEU_E05_strict,DEU,ESA_EXP,E05,1,Interest payable,2009,2009,CY,65189.0,EUR,2493970.0,EUROSTAT_NAMA10_GDP,2.613865,1204819.0,EUROSTAT_GOV10A_MAIN,5.410688,strict,anchor_actual,EUROSTAT_GOV10A_MAIN,2009.0,65189.0,,,,,,,,A,,EUROSTAT_GOV10A_MAIN,2026-07-21,2026-09-03,current,,d41_gross_accrued,66033.0,1.2947,,,False,False,False,20260921T154333Z,
DEU_E05_strict,DEU,ESA_EXP,E05,1,Interest payable,2010,2010,CY,63851.0,EUR,2615260.0,EUROSTAT_NAMA10_GDP,2.441478,1258707.0,EUROSTAT_GOV10A_MAIN,5.072745,strict,anchor_actual,EUROSTAT_GOV10A_MAIN,2010.0,63851.0,,,,,,,,A,,EUROSTAT_GOV10A_MAIN,2026-07-21,2026-09-03,current,,d41_gross_accrued,64434.0,0.9131,,,False,False,False,20260921T154333Z,
DEU_E05_strict,DEU,ESA_EXP,E05,1,Interest payable,2011,2011,CY,67980.0,EUR,2747210.0,EUROSTAT_NAMA10_GDP,2.474511,1244063.0,EUROSTAT_GOV10A_MAIN,5.464353,strict,anchor_actual,EUROSTAT_GOV10A_MAIN,2011.0,67980.0,,,,,,,,A,,EUROSTAT_GOV10A_MAIN,2026-07-21,2026-09-03,current,,d41_gross_accrued,69124.0,1.6828,,,False,False,False,20260921T154333Z,
DEU_E05_strict,DEU,ESA_EXP,E05,1,Interest payable,2012,2012,CY,64185.0,EUR,2800680.0,EUROSTAT_NAMA10_GDP,2.291765,1262507.0,EUROSTAT_GOV10A_MAIN,5.083932,strict,anchor_actual,EUROSTAT_GOV10A_MAIN,2012.0,64185.0,,,,,,,,A,,EUROSTAT_GOV10A_MAIN,2026-07-21,2026-09-03,current,,d41_gross_accrued,65202.0,1.5845,,,False,False,False,20260921T154333Z,
DEU_E05_strict,DEU,ESA_EXP,E05,1,Interest payable,2013,2013,CY,51902.0,EUR,2869480.0,EUROSTAT_NAMA10_GDP,1.80876,1294600.0,EUROSTAT_GOV10A_MAIN,4.009115,strict,anchor_actual,EUROSTAT_GOV10A_MAIN,2013.0,51902.0,,,,,,,,A,,EUROSTAT_GOV10A_MAIN,2026-07-21,2026-09-03,current,,d41_gross_accrued,52837.0,1.8015,,,False,False,False,20260921T154333Z,
DEU_E05_strict,DEU,ESA_EXP,E05,1,Interest payable,2014,2014,CY,47547.0,EUR,2988470.0,EUROSTAT_NAMA10_GDP,1.591015,1328332.0,EUROSTAT_GOV10A_MAIN,3.579452,strict,anchor_actual,EUROSTAT_GOV10A_MAIN,2014.0,47547.0,,,,,,,,A,,EUROSTAT_GOV10A_MAIN,2026-07-21,2026-09-03,current,,d41_gross_accrued,48991.0,3.037,,,False,False,False,20260921T154333Z,
DEU_E05_strict,DEU,ESA_EXP,E05,1,Interest payable,2015,2015,CY,42913.0,EUR,3094190.0,EUROSTAT_NAMA10_GDP,1.38689,1373293.0,EUROSTAT_GOV10A_MAIN,3.124825,strict,anchor_actual,EUROSTAT_GOV10A_MAIN,2015.0,42913.0,,,,,,,,A,,EUROSTAT_GOV10A_MAIN,2026-07-21,2026-09-03,current,,d41_gross_accrued,44183.0,2.9595,,,False,False,False,20260921T154333Z,
DEU_E05_strict,DEU,ESA_EXP,E05,1,Interest payable,2016,2016,CY,37888.0,EUR,3204870.0,EUROSTAT_NAMA10_GDP,1.182201,1429256.0,EUROSTAT_GOV10A_MAIN,2.65089,strict,anchor_actual,EUROSTAT_GOV10A_MAIN,2016.0,37888.0,,,,,,,,A,,EUROSTAT_GOV10A_MAIN,2026-07-21,2026-09-03,current,,d41_gross_accrued,38872.0,2.5971,,,False,False,False,20260921T154333Z,
DEU_E05_strict,DEU,ESA_EXP,E05,1,Interest payable,2017,2017,CY,34489.0,EUR,3345860.0,EUROSTAT_NAMA10_GDP,1.030796,1484552.0,EUROSTAT_GOV10A_MAIN,2.323192,strict,anchor_actual,EUROSTAT_GOV10A_MAIN,2017.0,34489.0,,,,,,,,A,,EUROSTAT_GOV10A_MAIN,2026-07-21,2026-09-03,current,,d41_gross_accrued,35257.0,2.2268,,,False,False,False,20260921T154333Z,
DEU_E05_strict,DEU,ESA_EXP,E05,1,Interest payable,2018,2018,CY,31787.0,EUR,3450580.0,EUROSTAT_NAMA10_GDP,0.921207,1533328.0,EUROSTAT_GOV10A_MAIN,2.073072,strict,anchor_actual,EUROSTAT_GOV10A_MAIN,2018.0,31787.0,,,,,,,,A,,EUROSTAT_GOV10A_MAIN,2026-07-21,2026-09-03,current,,d41_gross_accrued,32445.0,2.07,,,False,False,False,20260921T154333Z,
DEU_E05_strict,DEU,ESA_EXP,E05,1,Interest payable,2019,2019,CY,28052.0,EUR,3557630.0,EUROSTAT_NAMA10_GDP,0.788502,1610615.0,EUROSTAT_GOV10A_MAIN,1.741695,strict,anchor_actual,EUROSTAT_GOV10A_MAIN,2019.0,28052.0,,,,,,,,A,,EUROSTAT_GOV10A_MAIN,2026-07-21,2026-09-03,current,,d41_gross_accrued,28849.0,2.8412,,,False,False,False,20260921T154333Z,
DEU_E05_strict,DEU,ESA_EXP,E05,1,Interest payable,2020,2020,CY,22390.0,EUR,3477670.0,EUROSTAT_NAMA10_GDP,0.643822,1763784.0,EUROSTAT_GOV10A_MAIN,1.26943,strict,anchor_actual,EUROSTAT_GOV10A_MAIN,2020.0,22390.0,,,,,,,,A,,EUROSTAT_GOV10A_MAIN,2026-07-21,2026-09-03,current,,d41_gross_accrued,23039.0,2.8986,,,False,False,False,20260921T154333Z,
DEU_E05_strict,DEU,ESA_EXP,E05,1,Interest payable,2021,2021,CY,21756.0,EUR,3713090.0,EUROSTAT_NAMA10_GDP,0.585927,1865819.0,EUROSTAT_GOV10A_MAIN,1.16603,strict,anchor_actual,EUROSTAT_GOV10A_MAIN,2021.0,21756.0,,,,,,,,A,,EUROSTAT_GOV10A_MAIN,2026-07-21,2026-09-03,current,,d41_gross_accrued,22096.0,1.5628,,,False,False,False,20260921T154333Z,
DEU_E05_strict,DEU,ESA_EXP,E05,1,Interest payable,2022,2022,CY,28018.0,EUR,4010630.0,EUROSTAT_NAMA10_GDP,0.698593,1939208.0,EUROSTAT_GOV10A_MAIN,1.444817,strict,anchor_actual,EUROSTAT_GOV10A_MAIN,2022.0,28018.0,,,,,,,,A,,EUROSTAT_GOV10A_MAIN,2026-07-21,2026-09-03,current,,d41_gross_accrued,28472.0,1.6204,,,False,False,False,20260921T154333Z,
DEU_E05_strict,DEU,ESA_EXP,E05,1,Interest payable,2023,2023,CY,36848.0,EUR,4254930.0,EUROSTAT_NAMA10_GDP,0.866007,2031433.0,EUROSTAT_GOV10A_MAIN,1.813892,strict,anchor_actual,EUROSTAT_GOV10A_MAIN,2023.0,36848.0,,,,,,,,A,,EUROSTAT_GOV10A_MAIN,2026-07-21,2026-09-03,current,,d41_gross_accrued,38333.0,4.0301,,,False,False,False,20260921T154333Z,
DEU_E05_strict,DEU,ESA_EXP,E05,1,Interest payable,2024,2024,CY,45828.0,EUR,4386940.0,EUROSTAT_NAMA10_GDP,1.044646,2139717.0,EUROSTAT_GOV10A_MAIN,2.141779,strict,anchor_actual,EUROSTAT_GOV10A_MAIN,2024.0,45828.0,,,,,,,,A,,EUROSTAT_GOV10A_MAIN,2026-07-21,2026-09-03,current,,d41_gross_accrued,47482.0,3.6091,,,False,False,False,20260921T154333Z,
DEU_E05_strict,DEU,ESA_EXP,E05,1,Interest payable,2025,2025,CY,49544.0,EUR,4529710.0,EUROSTAT_NAMA10_GDP,1.093757,2259341.0,EUROSTAT_GOV10A_MAIN,2.192852,strict,anchor_actual,EUROSTAT_GOV10A_MAIN,2025.0,49544.0,,,,,,,,A,,EUROSTAT_GOV10A_MAIN,2026-07-21,2026-09-03,current,,d41_gross_accrued,,,,,False,False,False,20260921T154333Z,
DEU_E06_strict,DEU,ESA_EXP,E06,1,Subsidies,1995,1995,CY,36845.0,EUR,1899930.0,EUROSTAT_NAMA10_GDP,1.939282,1049528.0,EUROSTAT_GOV10A_MAIN,3.510626,strict,anchor_actual,EUROSTAT_GOV10A_MAIN,1995.0,36845.0,,,,,,,,A,,EUROSTAT_GOV10A_MAIN,2026-07-21,2026-09-03,current,,,36845.0,0.0,,,False,False,False,20260921T154333Z,
DEU_E06_strict,DEU,ESA_EXP,E06,1,Subsidies,1996,1996,CY,36704.0,EUR,1928560.0,EUROSTAT_NAMA10_GDP,1.903182,955732.0,EUROSTAT_GOV10A_MAIN,3.840407,strict,anchor_actual,EUROSTAT_GOV10A_MAIN,1996.0,36704.0,,,,,,,,A,,EUROSTAT_GOV10A_MAIN,2026-07-21,2026-09-03,current,,,36704.0,0.0,,,False,False,False,20260921T154333Z,
DEU_E06_strict,DEU,ESA_EXP,E06,1,Subsidies,1997,1997,CY,33742.0,EUR,1967180.0,EUROSTAT_NAMA10_GDP,1.715247,959060.0,EUROSTAT_GOV10A_MAIN,3.518237,strict,anchor_actual,EUROSTAT_GOV10A_MAIN,1997.0,33742.0,,,,,,,,A,,EUROSTAT_GOV10A_MAIN,2026-07-21,2026-09-03,current,,,33742.0,0.0,,,False,False,False,20260921T154333Z,
DEU_E06_strict,DEU,ESA_EXP,E06,1,Subsidies,1998,1998,CY,35063.0,EUR,2022310.0,EUROSTAT_NAMA10_GDP,1.733809,976592.0,EUROSTAT_GOV10A_MAIN,3.590343,strict,anchor_actual,EUROSTAT_GOV10A_MAIN,1998.0,35063.0,,,,,,,,A,,EUROSTAT_GOV10A_MAIN,2026-07-21,2026-09-03,current,,,35063.0,0.0,,,False,False,False,20260921T154333Z,
DEU_E06_strict,DEU,ESA_EXP,E06,1,Subsidies,1999,1999,CY,30458.0,EUR,2077240.0,EUROSTAT_NAMA10_GDP,1.466273,1007187.0,EUROSTAT_GOV10A_MAIN,3.024066,strict,anchor_actual,EUROSTAT_GOV10A_MAIN,1999.0,30458.0,,,,,,,,A,,EUROSTAT_GOV10A_MAIN,2026-07-21,2026-09-03,current,,,30458.0,0.0,,,False,False,False,20260921T154333Z,
DEU_E06_strict,DEU,ESA_EXP,E06,1,Subsidies,2000,2000,CY,30535.0,EUR,2129660.0,EUROSTAT_NAMA10_GDP,1.433797,1023445.0,EUROSTAT_GOV10A_MAIN,2.983551,strict,anchor_actual,EUROSTAT_GOV10A_MAIN,2000.0,30535.0,,,,,,,,A,,EUROSTAT_GOV10A_MAIN,2026-07-21,2026-09-03,current,,,30535.0,0.0,,,False,False,False,20260921T154333Z,
DEU_E06_strict,DEU,ESA_EXP,E06,1,Subsidies,2001,2001,CY,29849.0,EUR,2195530.0,EUROSTAT_NAMA10_GDP,1.359535,1046229.0,EUROSTAT_GOV10A_MAIN,2.853008,strict,anchor_actual,EUROSTAT_GOV10A_MAIN,2001.0,29849.0,,,,,,,,A,,EUROSTAT_GOV10A_MAIN,2026-07-21,2026-09-03,current,,,29849.0,0.0,,,False,False,False,20260921T154333Z,
DEU_E06_strict,DEU,ESA_EXP,E06,1,Subsidies,2002,2002,CY,28684.0,EUR,2223360.0,EUROSTAT_NAMA10_GDP,1.290119,1072638.0,EUROSTAT_GOV10A_MAIN,2.674155,strict,anchor_actual,EUROSTAT_GOV10A_MAIN,2002.0,28684.0,,,,,,,,A,,EUROSTAT_GOV10A_MAIN,2026-07-21,2026-09-03,current,,,28684.0,0.0,,,False,False,False,20260921T154333Z,
DEU_E06_strict,DEU,ESA_EXP,E06,1,Subsidies,2003,2003,CY,26720.0,EUR,2240810.0,EUROSTAT_NAMA10_GDP,1.192426,1087101.0,EUROSTAT_GOV10A_MAIN,2.457913,strict,anchor_actual,EUROSTAT_GOV10A_MAIN,2003.0,26720.0,,,,,,,,A,,EUROSTAT_GOV10A_MAIN,2026-07-21,2026-09-03,current,,,26720.0,0.0,,,False,False,False,20260921T154333Z,
DEU_E06_strict,DEU,ESA_EXP,E06,1,Subsidies,2004,2004,CY,26135.0,EUR,2293040.0,EUROSTAT_NAMA10_GDP,1.139753,1077080.0,EUROSTAT_GOV10A_MAIN,2.426468,strict,anchor_actual,EUROSTAT_GOV10A_MAIN,2004.0,26135.0,,,,,,,,A,,EUROSTAT_GOV10A_MAIN,2026-07-21,2026-09-03,current,,,26135.0,0.0,,,False,False,False,20260921T154333Z,
DEU_E06_strict,DEU,ESA_EXP,E06,1,Subsidies,2005,2005,CY,25420.0,EUR,2325710.0,EUROSTAT_NAMA10_GDP,1.093,1089993.0,EUROSTAT_GOV10A_MAIN,2.332125,strict,anchor_actual,EUROSTAT_GOV10A_MAIN,2005.0,25420.0,,,,,,,,A,,EUROSTAT_GOV10A_MAIN,2026-07-21,2026-09-03,current,,,25420.0,0.0,,,False,False,False,20260921T154333Z,
DEU_E06_strict,DEU,ESA_EXP,E06,1,Subsidies,2006,2006,CY,26652.0,EUR,2426180.0,EUROSTAT_NAMA10_GDP,1.098517,1099274.0,EUROSTAT_GOV10A_MAIN,2.424509,strict,anchor_actual,EUROSTAT_GOV10A_MAIN,2006.0,26652.0,,,,,,,,A,,EUROSTAT_GOV10A_MAIN,2026-07-21,2026-09-03,current,,,26652.0,0.0,,,False,False,False,20260921T154333Z,
DEU_E06_strict,DEU,ESA_EXP,E06,1,Subsidies,2007,2007,CY,27658.0,EUR,2542220.0,EUROSTAT_NAMA10_GDP,1.087947,1106879.0,EUROSTAT_GOV10A_MAIN,2.498737,strict,anchor_actual,EUROSTAT_GOV10A_MAIN,2007.0,27658.0,,,,,,,,A,,EUROSTAT_GOV10A_MAIN,2026-07-21,2026-09-03,current,,,27658.0,0.0,,,False,False,False,20260921T154333Z,
DEU_E06_strict,DEU,ESA_EXP,E06,1,Subsidies,2008,2008,CY,28416.0,EUR,2589280.0,EUROSTAT_NAMA10_GDP,1.097448,1150280.0,EUROSTAT_GOV10A_MAIN,2.470355,strict,anchor_actual,EUROSTAT_GOV10A_MAIN,2008.0,28416.0,,,,,,,,A,,EUROSTAT_GOV10A_MAIN,2026-07-21,2026-09-03,current,,,28416.0,0.0,,,False,False,False,20260921T154333Z,
DEU_E06_strict,DEU,ESA_EXP,E06,1,Subsidies,2009,2009,CY,37479.0,EUR,2493970.0,EUROSTAT_NAMA10_GDP,1.502785,1204819.0,EUROSTAT_GOV10A_MAIN,3.110758,strict,anchor_actual,EUROSTAT_GOV10A_MAIN,2009.0,37479.0,,,,,,,,A,,EUROSTAT_GOV10A_MAIN,2026-07-21,2026-09-03,current,,,37479.0,0.0,,,False,False,False,20260921T154333Z,
DEU_E06_strict,DEU,ESA_EXP,E06,1,Subsidies,2010,2010,CY,33582.0,EUR,2615260.0,EUROSTAT_NAMA10_GDP,1.284079,1258707.0,EUROSTAT_GOV10A_MAIN,2.667976,strict,anchor_actual,EUROSTAT_GOV10A_MAIN,2010.0,33582.0,,,,,,,,A,,EUROSTAT_GOV10A_MAIN,2026-07-21,2026-09-03,current,,,33582.0,0.0,,,False,False,False,20260921T154333Z,
DEU_E06_strict,DEU,ESA_EXP,E06,1,Subsidies,2011,2011,CY,33972.0,EUR,2747210.0,EUROSTAT_NAMA10_GDP,1.2366,1244063.0,EUROSTAT_GOV10A_MAIN,2.73073,strict,anchor_actual,EUROSTAT_GOV10A_MAIN,2011.0,33972.0,,,,,,,,A,,EUROSTAT_GOV10A_MAIN,2026-07-21,2026-09-03,current,,,33972.0,0.0,,,False,False,False,20260921T154333Z,
DEU_E06_strict,DEU,ESA_EXP,E06,1,Subsidies,2012,2012,CY,35180.0,EUR,2800680.0,EUROSTAT_NAMA10_GDP,1.256124,1262507.0,EUROSTAT_GOV10A_MAIN,2.786519,strict,anchor_actual,EUROSTAT_GOV10A_MAIN,2012.0,35180.0,,,,,,,,A,,EUROSTAT_GOV10A_MAIN,2026-07-21,2026-09-03,current,,,35180.0,0.0,,,False,False,False,20260921T154333Z,
DEU_E06_strict,DEU,ESA_EXP,E06,1,Subsidies,2013,2013,CY,37607.0,EUR,2869480.0,EUROSTAT_NAMA10_GDP,1.310586,1294600.0,EUROSTAT_GOV10A_MAIN,2.904913,strict,anchor_actual,EUROSTAT_GOV10A_MAIN,2013.0,37607.0,,,,,,,,A,,EUROSTAT_GOV10A_MAIN,2026-07-21,2026-09-03,current,,,37607.0,0.0,,,False,False,False,20260921T154333Z,
DEU_E06_strict,DEU,ESA_EXP,E06,1,Subsidies,2014,2014,CY,40584.0,EUR,2988470.0,EUROSTAT_NAMA10_GDP,1.358019,1328332.0,EUROSTAT_GOV10A_MAIN,3.05526,strict,anchor_actual,EUROSTAT_GOV10A_MAIN,2014.0,40584.0,,,,,,,,A,,EUROSTAT_GOV10A_MAIN,2026-07-21,2026-09-03,current,,,40584.0,0.0,,,False,False,False,20260921T154333Z,
DEU_E06_strict,DEU,ESA_EXP,E06,1,Subsidies,2015,2015,CY,43508.0,EUR,3094190.0,EUROSTAT_NAMA10_GDP,1.406119,1373293.0,EUROSTAT_GOV10A_MAIN,3.168151,strict,anchor_actual,EUROSTAT_GOV10A_MAIN,2015.0,43508.0,,,,,,,,A,,EUROSTAT_GOV10A_MAIN,2026-07-21,2026-09-03,current,,,43508.0,0.0,,,False,False,False,20260921T154333Z,
DEU_E06_strict,DEU,ESA_EXP,E06,1,Subsidies,2016,2016,CY,43476.0,EUR,3204870.0,EUROSTAT_NAMA10_GDP,1.35656,1429256.0,EUROSTAT_GOV10A_MAIN,3.041862,strict,anchor_actual,EUROSTAT_GOV10A_MAIN,2016.0,43476.0,,,,,,,,A,,EUROSTAT_GOV10A_MAIN,2026-07-21,2026-09-03,current,,,43476.0,0.0,,,False,False,False,20260921T154333Z,
DEU_E06_strict,DEU,ESA_EXP,E06,1,Subsidies,2017,2017,CY,44038.0,EUR,3345860.0,EUROSTAT_NAMA10_GDP,1.316194,1484552.0,EUROSTAT_GOV10A_MAIN,2.966417,strict,anchor_actual,EUROSTAT_GOV10A_MAIN,2017.0,44038.0,,,,,,,,A,,EUROSTAT_GOV10A_MAIN,2026-07-21,2026-09-03,current,,,44038.0,0.0,,,False,False,False,20260921T154333Z,
DEU_E06_strict,DEU,ESA_EXP,E06,1,Subsidies,2018,2018,CY,43634.0,EUR,3450580.0,EUROSTAT_NAMA10_GDP,1.264541,1533328.0,EUROSTAT_GOV10A_MAIN,2.845706,strict,anchor_actual,EUROSTAT_GOV10A_MAIN,2018.0,43634.0,,,,,,,,A,,EUROSTAT_GOV10A_MAIN,2026-07-21,2026-09-03,current,,,43634.0,0.0,,,False,False,False,20260921T154333Z,
DEU_E06_strict,DEU,ESA_EXP,E06,1,Subsidies,2019,2019,CY,48518.0,EUR,3557630.0,EUROSTAT_NAMA10_GDP,1.363773,1610615.0,EUROSTAT_GOV10A_MAIN,3.01239,strict,anchor_actual,EUROSTAT_GOV10A_MAIN,2019.0,48518.0,,,,,,,,A,,EUROSTAT_GOV10A_MAIN,2026-07-21,2026-09-03,current,,,48518.0,0.0,,,False,False,False,20260921T154333Z,
DEU_E06_strict,DEU,ESA_EXP,E06,1,Subsidies,2020,2020,CY,93752.0,EUR,3477670.0,EUROSTAT_NAMA10_GDP,2.695828,1763784.0,EUROSTAT_GOV10A_MAIN,5.31539,strict,anchor_actual,EUROSTAT_GOV10A_MAIN,2020.0,93752.0,,,,,,,,A,,EUROSTAT_GOV10A_MAIN,2026-07-21,2026-09-03,current,,,93752.0,0.0,,,False,False,False,20260921T154333Z,
DEU_E06_strict,DEU,ESA_EXP,E06,1,Subsidies,2021,2021,CY,107428.0,EUR,3713090.0,EUROSTAT_NAMA10_GDP,2.893224,1865819.0,EUROSTAT_GOV10A_MAIN,5.757686,strict,anchor_actual,EUROSTAT_GOV10A_MAIN,2021.0,107428.0,,,,,,,,A,,EUROSTAT_GOV10A_MAIN,2026-07-21,2026-09-03,current,,,107428.0,0.0,,,False,False,False,20260921T154333Z,
DEU_E06_strict,DEU,ESA_EXP,E06,1,Subsidies,2022,2022,CY,60135.0,EUR,4010630.0,EUROSTAT_NAMA10_GDP,1.49939,1939208.0,EUROSTAT_GOV10A_MAIN,3.101008,strict,anchor_actual,EUROSTAT_GOV10A_MAIN,2022.0,60135.0,,,,,,,,A,,EUROSTAT_GOV10A_MAIN,2026-07-21,2026-09-03,current,,,60135.0,0.0,,,False,False,False,20260921T154333Z,
DEU_E06_strict,DEU,ESA_EXP,E06,1,Subsidies,2023,2023,CY,82843.0,EUR,4254930.0,EUROSTAT_NAMA10_GDP,1.946989,2031433.0,EUROSTAT_GOV10A_MAIN,4.078057,strict,anchor_actual,EUROSTAT_GOV10A_MAIN,2023.0,82843.0,,,,,,,,A,,EUROSTAT_GOV10A_MAIN,2026-07-21,2026-09-03,current,,,82843.0,0.0,,,False,False,False,20260921T154333Z,
DEU_E06_strict,DEU,ESA_EXP,E06,1,Subsidies,2024,2024,CY,54206.0,EUR,4386940.0,EUROSTAT_NAMA10_GDP,1.235622,2139717.0,EUROSTAT_GOV10A_MAIN,2.533326,strict,anchor_actual,EUROSTAT_GOV10A_MAIN,2024.0,54206.0,,,,,,,,A,,EUROSTAT_GOV10A_MAIN,2026-07-21,2026-09-03,current,,,54206.0,0.0,,,False,False,False,20260921T154333Z,
DEU_E06_strict,DEU,ESA_EXP,E06,1,Subsidies,2025,2025,CY,53867.0,EUR,4529710.0,EUROSTAT_NAMA10_GDP,1.189193,2259341.0,EUROSTAT_GOV10A_MAIN,2.384191,strict,anchor_actual,EUROSTAT_GOV10A_MAIN,2025.0,53867.0,,,,,,,,A,,EUROSTAT_GOV10A_MAIN,2026-07-21,2026-09-03,current,,,,,,,False,False,False,20260921T154333Z,
DEU_E07_strict,DEU,ESA_EXP,E07,1,Other current expenditure,1995,1995,CY,36216.0,EUR,1899930.0,EUROSTAT_NAMA10_GDP,1.906175,1049528.0,EUROSTAT_GOV10A_MAIN,3.450694,strict,derived_actual,EUROSTAT_GOV10A_MAIN,1995.0,36216.0,,,,,,,,A,,EUROSTAT_GOV10A_MAIN,2026-07-21,2026-09-03,current,,,,,,,False,False,False,20260921T154333Z,derived D.29 + D.5 + (D.4 - D.41) + D.7 + D.8 (sum of the anchor's own items)
DEU_E07_strict,DEU,ESA_EXP,E07,1,Other current expenditure,1996,1996,CY,36236.0,EUR,1928560.0,EUROSTAT_NAMA10_GDP,1.878915,955732.0,EUROSTAT_GOV10A_MAIN,3.791439,strict,derived_actual,EUROSTAT_GOV10A_MAIN,1996.0,36236.0,,,,,,,,A,,EUROSTAT_GOV10A_MAIN,2026-07-21,2026-09-03,current,,,,,,,False,False,False,20260921T154333Z,derived D.29 + D.5 + (D.4 - D.41) + D.7 + D.8 (sum of the anchor's own items)
DEU_E07_strict,DEU,ESA_EXP,E07,1,Other current expenditure,1997,1997,CY,37516.0,EUR,1967180.0,EUROSTAT_NAMA10_GDP,1.907095,959060.0,EUROSTAT_GOV10A_MAIN,3.911747,strict,derived_actual,EUROSTAT_GOV10A_MAIN,1997.0,37516.0,,,,,,,,A,,EUROSTAT_GOV10A_MAIN,2026-07-21,2026-09-03,current,,,,,,,False,False,False,20260921T154333Z,derived D.29 + D.5 + (D.4 - D.41) + D.7 + D.8 (sum of the anchor's own items)
DEU_E07_strict,DEU,ESA_EXP,E07,1,Other current expenditure,1998,1998,CY,38210.0,EUR,2022310.0,EUROSTAT_NAMA10_GDP,1.889423,976592.0,EUROSTAT_GOV10A_MAIN,3.912586,strict,derived_actual,EUROSTAT_GOV10A_MAIN,1998.0,38210.0,,,,,,,,A,,EUROSTAT_GOV10A_MAIN,2026-07-21,2026-09-03,current,,,,,,,False,False,False,20260921T154333Z,derived D.29 + D.5 + (D.4 - D.41) + D.7 + D.8 (sum of the anchor's own items)
DEU_E07_strict,DEU,ESA_EXP,E07,1,Other current expenditure,1999,1999,CY,38050.0,EUR,2077240.0,EUROSTAT_NAMA10_GDP,1.831758,1007187.0,EUROSTAT_GOV10A_MAIN,3.777849,strict,derived_actual,EUROSTAT_GOV10A_MAIN,1999.0,38050.0,,,,,,,,A,,EUROSTAT_GOV10A_MAIN,2026-07-21,2026-09-03,current,,,,,,,False,False,False,20260921T154333Z,derived D.29 + D.5 + (D.4 - D.41) + D.7 + D.8 (sum of the anchor's own items)
DEU_E07_strict,DEU,ESA_EXP,E07,1,Other current expenditure,2000,2000,CY,41907.0,EUR,2129660.0,EUROSTAT_NAMA10_GDP,1.967779,1023445.0,EUROSTAT_GOV10A_MAIN,4.0947,strict,derived_actual,EUROSTAT_GOV10A_MAIN,2000.0,41907.0,,,,,,,,A,,EUROSTAT_GOV10A_MAIN,2026-07-21,2026-09-03,current,,,,,,,False,False,False,20260921T154333Z,derived D.29 + D.5 + (D.4 - D.41) + D.7 + D.8 (sum of the anchor's own items)
DEU_E07_strict,DEU,ESA_EXP,E07,1,Other current expenditure,2001,2001,CY,39847.0,EUR,2195530.0,EUROSTAT_NAMA10_GDP,1.814915,1046229.0,EUROSTAT_GOV10A_MAIN,3.808631,strict,derived_actual,EUROSTAT_GOV10A_MAIN,2001.0,39847.0,,,,,,,,A,,EUROSTAT_GOV10A_MAIN,2026-07-21,2026-09-03,current,,,,,,,False,False,False,20260921T154333Z,derived D.29 + D.5 + (D.4 - D.41) + D.7 + D.8 (sum of the anchor's own items)
DEU_E07_strict,DEU,ESA_EXP,E07,1,Other current expenditure,2002,2002,CY,38545.0,EUR,2223360.0,EUROSTAT_NAMA10_GDP,1.733637,1072638.0,EUROSTAT_GOV10A_MAIN,3.593477,strict,derived_actual,EUROSTAT_GOV10A_MAIN,2002.0,38545.0,,,,,,,,A,,EUROSTAT_GOV10A_MAIN,2026-07-21,2026-09-03,current,,,,,,,False,False,False,20260921T154333Z,derived D.29 + D.5 + (D.4 - D.41) + D.7 + D.8 (sum of the anchor's own items)
DEU_E07_strict,DEU,ESA_EXP,E07,1,Other current expenditure,2003,2003,CY,41211.0,EUR,2240810.0,EUROSTAT_NAMA10_GDP,1.839112,1087101.0,EUROSTAT_GOV10A_MAIN,3.790908,strict,derived_actual,EUROSTAT_GOV10A_MAIN,2003.0,41211.0,,,,,,,,A,,EUROSTAT_GOV10A_MAIN,2026-07-21,2026-09-03,current,,,,,,,False,False,False,20260921T154333Z,derived D.29 + D.5 + (D.4 - D.41) + D.7 + D.8 (sum of the anchor's own items)
DEU_E07_strict,DEU,ESA_EXP,E07,1,Other current expenditure,2004,2004,CY,39787.0,EUR,2293040.0,EUROSTAT_NAMA10_GDP,1.73512,1077080.0,EUROSTAT_GOV10A_MAIN,3.693969,strict,derived_actual,EUROSTAT_GOV10A_MAIN,2004.0,39787.0,,,,,,,,A,,EUROSTAT_GOV10A_MAIN,2026-07-21,2026-09-03,current,,,,,,,False,False,False,20260921T154333Z,derived D.29 + D.5 + (D.4 - D.41) + D.7 + D.8 (sum of the anchor's own items)
DEU_E07_strict,DEU,ESA_EXP,E07,1,Other current expenditure,2005,2005,CY,42243.0,EUR,2325710.0,EUROSTAT_NAMA10_GDP,1.816349,1089993.0,EUROSTAT_GOV10A_MAIN,3.875529,strict,derived_actual,EUROSTAT_GOV10A_MAIN,2005.0,42243.0,,,,,,,,A,,EUROSTAT_GOV10A_MAIN,2026-07-21,2026-09-03,current,,,,,,,False,False,False,20260921T154333Z,derived D.29 + D.5 + (D.4 - D.41) + D.7 + D.8 (sum of the anchor's own items)
DEU_E07_strict,DEU,ESA_EXP,E07,1,Other current expenditure,2006,2006,CY,42617.0,EUR,2426180.0,EUROSTAT_NAMA10_GDP,1.756547,1099274.0,EUROSTAT_GOV10A_MAIN,3.876831,strict,derived_actual,EUROSTAT_GOV10A_MAIN,2006.0,42617.0,,,,,,,,A,,EUROSTAT_GOV10A_MAIN,2026-07-21,2026-09-03,current,,,,,,,False,False,False,20260921T154333Z,derived D.29 + D.5 + (D.4 - D.41) + D.7 + D.8 (sum of the anchor's own items)
DEU_E07_strict,DEU,ESA_EXP,E07,1,Other current expenditure,2007,2007,CY,43928.0,EUR,2542220.0,EUROSTAT_NAMA10_GDP,1.727939,1106879.0,EUROSTAT_GOV10A_MAIN,3.968636,strict,derived_actual,EUROSTAT_GOV10A_MAIN,2007.0,43928.0,,,,,,,,A,,EUROSTAT_GOV10A_MAIN,2026-07-21,2026-09-03,current,,,,,,,False,False,False,20260921T154333Z,derived D.29 + D.5 + (D.4 - D.41) + D.7 + D.8 (sum of the anchor's own items)
DEU_E07_strict,DEU,ESA_EXP,E07,1,Other current expenditure,2008,2008,CY,48233.0,EUR,2589280.0,EUROSTAT_NAMA10_GDP,1.862796,1150280.0,EUROSTAT_GOV10A_MAIN,4.193153,strict,derived_actual,EUROSTAT_GOV10A_MAIN,2008.0,48233.0,,,,,,,,A,,EUROSTAT_GOV10A_MAIN,2026-07-21,2026-09-03,current,,,,,,,False,False,False,20260921T154333Z,derived D.29 + D.5 + (D.4 - D.41) + D.7 + D.8 (sum of the anchor's own items)
DEU_E07_strict,DEU,ESA_EXP,E07,1,Other current expenditure,2009,2009,CY,47741.0,EUR,2493970.0,EUROSTAT_NAMA10_GDP,1.914257,1204819.0,EUROSTAT_GOV10A_MAIN,3.962504,strict,derived_actual,EUROSTAT_GOV10A_MAIN,2009.0,47741.0,,,,,,,,A,,EUROSTAT_GOV10A_MAIN,2026-07-21,2026-09-03,current,,,,,,,False,False,False,20260921T154333Z,derived D.29 + D.5 + (D.4 - D.41) + D.7 + D.8 (sum of the anchor's own items)
DEU_E07_strict,DEU,ESA_EXP,E07,1,Other current expenditure,2010,2010,CY,52038.0,EUR,2615260.0,EUROSTAT_NAMA10_GDP,1.989783,1258707.0,EUROSTAT_GOV10A_MAIN,4.134243,strict,derived_actual,EUROSTAT_GOV10A_MAIN,2010.0,52038.0,,,,,,,,A,,EUROSTAT_GOV10A_MAIN,2026-07-21,2026-09-03,current,,,,,,,False,False,False,20260921T154333Z,derived D.29 + D.5 + (D.4 - D.41) + D.7 + D.8 (sum of the anchor's own items)
DEU_E07_strict,DEU,ESA_EXP,E07,1,Other current expenditure,2011,2011,CY,52912.0,EUR,2747210.0,EUROSTAT_NAMA10_GDP,1.926027,1244063.0,EUROSTAT_GOV10A_MAIN,4.253161,strict,derived_actual,EUROSTAT_GOV10A_MAIN,2011.0,52912.0,,,,,,,,A,,EUROSTAT_GOV10A_MAIN,2026-07-21,2026-09-03,current,,,,,,,False,False,False,20260921T154333Z,derived D.29 + D.5 + (D.4 - D.41) + D.7 + D.8 (sum of the anchor's own items)
DEU_E07_strict,DEU,ESA_EXP,E07,1,Other current expenditure,2012,2012,CY,55583.0,EUR,2800680.0,EUROSTAT_NAMA10_GDP,1.984625,1262507.0,EUROSTAT_GOV10A_MAIN,4.402589,strict,derived_actual,EUROSTAT_GOV10A_MAIN,2012.0,55583.0,,,,,,,,A,,EUROSTAT_GOV10A_MAIN,2026-07-21,2026-09-03,current,,,,,,,False,False,False,20260921T154333Z,derived D.29 + D.5 + (D.4 - D.41) + D.7 + D.8 (sum of the anchor's own items)
DEU_E07_strict,DEU,ESA_EXP,E07,1,Other current expenditure,2013,2013,CY,64046.0,EUR,2869480.0,EUROSTAT_NAMA10_GDP,2.231972,1294600.0,EUROSTAT_GOV10A_MAIN,4.947165,strict,derived_actual,EUROSTAT_GOV10A_MAIN,2013.0,64046.0,,,,,,,,A,,EUROSTAT_GOV10A_MAIN,2026-07-21,2026-09-03,current,,,,,,,False,False,False,20260921T154333Z,derived D.29 + D.5 + (D.4 - D.41) + D.7 + D.8 (sum of the anchor's own items)
DEU_E07_strict,DEU,ESA_EXP,E07,1,Other current expenditure,2014,2014,CY,61766.0,EUR,2988470.0,EUROSTAT_NAMA10_GDP,2.06681,1328332.0,EUROSTAT_GOV10A_MAIN,4.649892,strict,derived_actual,EUROSTAT_GOV10A_MAIN,2014.0,61766.0,,,,,,,,A,,EUROSTAT_GOV10A_MAIN,2026-07-21,2026-09-03,current,,,,,,,False,False,False,20260921T154333Z,derived D.29 + D.5 + (D.4 - D.41) + D.7 + D.8 (sum of the anchor's own items)
DEU_E07_strict,DEU,ESA_EXP,E07,1,Other current expenditure,2015,2015,CY,63981.0,EUR,3094190.0,EUROSTAT_NAMA10_GDP,2.067779,1373293.0,EUROSTAT_GOV10A_MAIN,4.658948,strict,derived_actual,EUROSTAT_GOV10A_MAIN,2015.0,63981.0,,,,,,,,A,,EUROSTAT_GOV10A_MAIN,2026-07-21,2026-09-03,current,,,,,,,False,False,False,20260921T154333Z,derived D.29 + D.5 + (D.4 - D.41) + D.7 + D.8 (sum of the anchor's own items)
DEU_E07_strict,DEU,ESA_EXP,E07,1,Other current expenditure,2016,2016,CY,65549.0,EUR,3204870.0,EUROSTAT_NAMA10_GDP,2.045294,1429256.0,EUROSTAT_GOV10A_MAIN,4.586232,strict,derived_actual,EUROSTAT_GOV10A_MAIN,2016.0,65549.0,,,,,,,,A,,EUROSTAT_GOV10A_MAIN,2026-07-21,2026-09-03,current,,,,,,,False,False,False,20260921T154333Z,derived D.29 + D.5 + (D.4 - D.41) + D.7 + D.8 (sum of the anchor's own items)
DEU_E07_strict,DEU,ESA_EXP,E07,1,Other current expenditure,2017,2017,CY,64844.0,EUR,3345860.0,EUROSTAT_NAMA10_GDP,1.938037,1484552.0,EUROSTAT_GOV10A_MAIN,4.367917,strict,derived_actual,EUROSTAT_GOV10A_MAIN,2017.0,64844.0,,,,,,,,A,,EUROSTAT_GOV10A_MAIN,2026-07-21,2026-09-03,current,,,,,,,False,False,False,20260921T154333Z,derived D.29 + D.5 + (D.4 - D.41) + D.7 + D.8 (sum of the anchor's own items)
DEU_E07_strict,DEU,ESA_EXP,E07,1,Other current expenditure,2018,2018,CY,72580.0,EUR,3450580.0,EUROSTAT_NAMA10_GDP,2.103414,1533328.0,EUROSTAT_GOV10A_MAIN,4.733495,strict,derived_actual,EUROSTAT_GOV10A_MAIN,2018.0,72580.0,,,,,,,,A,,EUROSTAT_GOV10A_MAIN,2026-07-21,2026-09-03,current,,,,,,,False,False,False,20260921T154333Z,derived D.29 + D.5 + (D.4 - D.41) + D.7 + D.8 (sum of the anchor's own items)
DEU_E07_strict,DEU,ESA_EXP,E07,1,Other current expenditure,2019,2019,CY,75894.0,EUR,3557630.0,EUROSTAT_NAMA10_GDP,2.133274,1610615.0,EUROSTAT_GOV10A_MAIN,4.712113,strict,derived_actual,EUROSTAT_GOV10A_MAIN,2019.0,75894.0,,,,,,,,A,,EUROSTAT_GOV10A_MAIN,2026-07-21,2026-09-03,current,,,,,,,False,False,False,20260921T154333Z,derived D.29 + D.5 + (D.4 - D.41) + D.7 + D.8 (sum of the anchor's own items)
DEU_E07_strict,DEU,ESA_EXP,E07,1,Other current expenditure,2020,2020,CY,83110.0,EUR,3477670.0,EUROSTAT_NAMA10_GDP,2.389818,1763784.0,EUROSTAT_GOV10A_MAIN,4.712028,strict,derived_actual,EUROSTAT_GOV10A_MAIN,2020.0,83110.0,,,,,,,,A,,EUROSTAT_GOV10A_MAIN,2026-07-21,2026-09-03,current,,,,,,,False,False,False,20260921T154333Z,derived D.29 + D.5 + (D.4 - D.41) + D.7 + D.8 (sum of the anchor's own items)
DEU_E07_strict,DEU,ESA_EXP,E07,1,Other current expenditure,2021,2021,CY,91044.0,EUR,3713090.0,EUROSTAT_NAMA10_GDP,2.451974,1865819.0,EUROSTAT_GOV10A_MAIN,4.879573,strict,derived_actual,EUROSTAT_GOV10A_MAIN,2021.0,91044.0,,,,,,,,A,,EUROSTAT_GOV10A_MAIN,2026-07-21,2026-09-03,current,,,,,,,False,False,False,20260921T154333Z,derived D.29 + D.5 + (D.4 - D.41) + D.7 + D.8 (sum of the anchor's own items)
DEU_E07_strict,DEU,ESA_EXP,E07,1,Other current expenditure,2022,2022,CY,112598.0,EUR,4010630.0,EUROSTAT_NAMA10_GDP,2.807489,1939208.0,EUROSTAT_GOV10A_MAIN,5.806391,strict,derived_actual,EUROSTAT_GOV10A_MAIN,2022.0,112598.0,,,,,,,,A,,EUROSTAT_GOV10A_MAIN,2026-07-21,2026-09-03,current,,,,,,,False,False,False,20260921T154333Z,derived D.29 + D.5 + (D.4 - D.41) + D.7 + D.8 (sum of the anchor's own items)
DEU_E07_strict,DEU,ESA_EXP,E07,1,Other current expenditure,2023,2023,CY,92632.0,EUR,4254930.0,EUROSTAT_NAMA10_GDP,2.177051,2031433.0,EUROSTAT_GOV10A_MAIN,4.559934,strict,derived_actual,EUROSTAT_GOV10A_MAIN,2023.0,92632.0,,,,,,,,A,,EUROSTAT_GOV10A_MAIN,2026-07-21,2026-09-03,current,,,,,,,False,False,False,20260921T154333Z,derived D.29 + D.5 + (D.4 - D.41) + D.7 + D.8 (sum of the anchor's own items)
DEU_E07_strict,DEU,ESA_EXP,E07,1,Other current expenditure,2024,2024,CY,90480.0,EUR,4386940.0,EUROSTAT_NAMA10_GDP,2.062485,2139717.0,EUROSTAT_GOV10A_MAIN,4.228597,strict,derived_actual,EUROSTAT_GOV10A_MAIN,2024.0,90480.0,,,,,,,,A,,EUROSTAT_GOV10A_MAIN,2026-07-21,2026-09-03,current,,,,,,,False,False,False,20260921T154333Z,derived D.29 + D.5 + (D.4 - D.41) + D.7 + D.8 (sum of the anchor's own items)
DEU_E07_strict,DEU,ESA_EXP,E07,1,Other current expenditure,2025,2025,CY,95616.0,EUR,4529710.0,EUROSTAT_NAMA10_GDP,2.110864,2259341.0,EUROSTAT_GOV10A_MAIN,4.23203,strict,derived_actual,EUROSTAT_GOV10A_MAIN,2025.0,95616.0,,,,,,,,A,,EUROSTAT_GOV10A_MAIN,2026-07-21,2026-09-03,current,,,,,,,False,False,False,20260921T154333Z,derived D.29 + D.5 + (D.4 - D.41) + D.7 + D.8 (sum of the anchor's own items)
DEU_E08_strict,DEU,ESA_EXP,E08,1,Gross capital formation and net acquisition of non-produced assets,1995,1995,CY,49564.0,EUR,1899930.0,EUROSTAT_NAMA10_GDP,2.608728,1049528.0,EUROSTAT_GOV10A_MAIN,4.722504,strict,derived_actual,EUROSTAT_GOV10A_MAIN,1995.0,49564.0,,,,,,,,A,,EUROSTAT_GOV10A_MAIN,2026-07-21,2026-09-03,current,,,,,,,False,False,False,20260921T154333Z,derived P.5 + NP (sum of the anchor's own items)
DEU_E08_strict,DEU,ESA_EXP,E08,1,Gross capital formation and net acquisition of non-produced assets,1996,1996,CY,48031.0,EUR,1928560.0,EUROSTAT_NAMA10_GDP,2.490511,955732.0,EUROSTAT_GOV10A_MAIN,5.025572,strict,derived_actual,EUROSTAT_GOV10A_MAIN,1996.0,48031.0,,,,,,,,A,,EUROSTAT_GOV10A_MAIN,2026-07-21,2026-09-03,current,,,,,,,False,False,False,20260921T154333Z,derived P.5 + NP (sum of the anchor's own items)
DEU_E08_strict,DEU,ESA_EXP,E08,1,Gross capital formation and net acquisition of non-produced assets,1997,1997,CY,45962.0,EUR,1967180.0,EUROSTAT_NAMA10_GDP,2.336441,959060.0,EUROSTAT_GOV10A_MAIN,4.792401,strict,derived_actual,EUROSTAT_GOV10A_MAIN,1997.0,45962.0,,,,,,,,A,,EUROSTAT_GOV10A_MAIN,2026-07-21,2026-09-03,current,,,,,,,False,False,False,20260921T154333Z,derived P.5 + NP (sum of the anchor's own items)
DEU_E08_strict,DEU,ESA_EXP,E08,1,Gross capital formation and net acquisition of non-produced assets,1998,1998,CY,46940.0,EUR,2022310.0,EUROSTAT_NAMA10_GDP,2.321108,976592.0,EUROSTAT_GOV10A_MAIN,4.806511,strict,derived_actual,EUROSTAT_GOV10A_MAIN,1998.0,46940.0,,,,,,,,A,,EUROSTAT_GOV10A_MAIN,2026-07-21,2026-09-03,current,,,,,,,False,False,False,20260921T154333Z,derived P.5 + NP (sum of the anchor's own items)
DEU_E08_strict,DEU,ESA_EXP,E08,1,Gross capital formation and net acquisition of non-produced assets,1999,1999,CY,53674.0,EUR,2077240.0,EUROSTAT_NAMA10_GDP,2.583909,1007187.0,EUROSTAT_GOV10A_MAIN,5.3291,strict,derived_actual,EUROSTAT_GOV10A_MAIN,1999.0,53674.0,,,,,,,,A,,EUROSTAT_GOV10A_MAIN,2026-07-21,2026-09-03,current,,,,,,,False,False,False,20260921T154333Z,derived P.5 + NP (sum of the anchor's own items)
DEU_E08_strict,DEU,ESA_EXP,E08,1,Gross capital formation and net acquisition of non-produced assets,2000,2000,CY,55100.0,EUR,2129660.0,EUROSTAT_NAMA10_GDP,2.587267,1023445.0,EUROSTAT_GOV10A_MAIN,5.383777,strict,derived_actual,EUROSTAT_GOV10A_MAIN,2000.0,55100.0,,,,,,,,A,,EUROSTAT_GOV10A_MAIN,2026-07-21,2026-09-03,current,,,,,,,False,False,False,20260921T154333Z,derived P.5 + NP (sum of the anchor's own items)
DEU_E08_strict,DEU,ESA_EXP,E08,1,Gross capital formation and net acquisition of non-produced assets,2001,2001,CY,53860.0,EUR,2195530.0,EUROSTAT_NAMA10_GDP,2.453166,1046229.0,EUROSTAT_GOV10A_MAIN,5.148013,strict,derived_actual,EUROSTAT_GOV10A_MAIN,2001.0,53860.0,,,,,,,,A,,EUROSTAT_GOV10A_MAIN,2026-07-21,2026-09-03,current,,,,,,,False,False,False,20260921T154333Z,derived P.5 + NP (sum of the anchor's own items)
DEU_E08_strict,DEU,ESA_EXP,E08,1,Gross capital formation and net acquisition of non-produced assets,2002,2002,CY,55890.0,EUR,2223360.0,EUROSTAT_NAMA10_GDP,2.513763,1072638.0,EUROSTAT_GOV10A_MAIN,5.210518,strict,derived_actual,EUROSTAT_GOV10A_MAIN,2002.0,55890.0,,,,,,,,A,,EUROSTAT_GOV10A_MAIN,2026-07-21,2026-09-03,current,,,,,,,False,False,False,20260921T154333Z,derived P.5 + NP (sum of the anchor's own items)
DEU_E08_strict,DEU,ESA_EXP,E08,1,Gross capital formation and net acquisition of non-produced assets,2003,2003,CY,55004.0,EUR,2240810.0,EUROSTAT_NAMA10_GDP,2.454648,1087101.0,EUROSTAT_GOV10A_MAIN,5.059695,strict,derived_actual,EUROSTAT_GOV10A_MAIN,2003.0,55004.0,,,,,,,,A,,EUROSTAT_GOV10A_MAIN,2026-07-21,2026-09-03,current,,,,,,,False,False,False,20260921T154333Z,derived P.5 + NP (sum of the anchor's own items)
DEU_E08_strict,DEU,ESA_EXP,E08,1,Gross capital formation and net acquisition of non-produced assets,2004,2004,CY,48889.0,EUR,2293040.0,EUROSTAT_NAMA10_GDP,2.13206,1077080.0,EUROSTAT_GOV10A_MAIN,4.539031,strict,derived_actual,EUROSTAT_GOV10A_MAIN,2004.0,48889.0,,,,,,,,A,,EUROSTAT_GOV10A_MAIN,2026-07-21,2026-09-03,current,,,,,,,False,False,False,20260921T154333Z,derived P.5 + NP (sum of the anchor's own items)
DEU_E08_strict,DEU,ESA_EXP,E08,1,Gross capital formation and net acquisition of non-produced assets,2005,2005,CY,50567.0,EUR,2325710.0,EUROSTAT_NAMA10_GDP,2.174261,1089993.0,EUROSTAT_GOV10A_MAIN,4.639204,strict,derived_actual,EUROSTAT_GOV10A_MAIN,2005.0,50567.0,,,,,,,,A,,EUROSTAT_GOV10A_MAIN,2026-07-21,2026-09-03,current,,,,,,,False,False,False,20260921T154333Z,derived P.5 + NP (sum of the anchor's own items)
DEU_E08_strict,DEU,ESA_EXP,E08,1,Gross capital formation and net acquisition of non-produced assets,2006,2006,CY,54299.0,EUR,2426180.0,EUROSTAT_NAMA10_GDP,2.238045,1099274.0,EUROSTAT_GOV10A_MAIN,4.939533,strict,derived_actual,EUROSTAT_GOV10A_MAIN,2006.0,54299.0,,,,,,,,A,,EUROSTAT_GOV10A_MAIN,2026-07-21,2026-09-03,current,,,,,,,False,False,False,20260921T154333Z,derived P.5 + NP (sum of the anchor's own items)
DEU_E08_strict,DEU,ESA_EXP,E08,1,Gross capital formation and net acquisition of non-produced assets,2007,2007,CY,54060.0,EUR,2542220.0,EUROSTAT_NAMA10_GDP,2.126488,1106879.0,EUROSTAT_GOV10A_MAIN,4.884003,strict,derived_actual,EUROSTAT_GOV10A_MAIN,2007.0,54060.0,,,,,,,,A,,EUROSTAT_GOV10A_MAIN,2026-07-21,2026-09-03,current,,,,,,,False,False,False,20260921T154333Z,derived P.5 + NP (sum of the anchor's own items)
DEU_E08_strict,DEU,ESA_EXP,E08,1,Gross capital formation and net acquisition of non-produced assets,2008,2008,CY,59725.0,EUR,2589280.0,EUROSTAT_NAMA10_GDP,2.306626,1150280.0,EUROSTAT_GOV10A_MAIN,5.192214,strict,derived_actual,EUROSTAT_GOV10A_MAIN,2008.0,59725.0,,,,,,,,A,,EUROSTAT_GOV10A_MAIN,2026-07-21,2026-09-03,current,,,,,,,False,False,False,20260921T154333Z,derived P.5 + NP (sum of the anchor's own items)
DEU_E08_strict,DEU,ESA_EXP,E08,1,Gross capital formation and net acquisition of non-produced assets,2009,2009,CY,64857.0,EUR,2493970.0,EUROSTAT_NAMA10_GDP,2.600553,1204819.0,EUROSTAT_GOV10A_MAIN,5.383132,strict,derived_actual,EUROSTAT_GOV10A_MAIN,2009.0,64857.0,,,,,,,,A,,EUROSTAT_GOV10A_MAIN,2026-07-21,2026-09-03,current,,,,,,,False,False,False,20260921T154333Z,derived P.5 + NP (sum of the anchor's own items)
DEU_E08_strict,DEU,ESA_EXP,E08,1,Gross capital formation and net acquisition of non-produced assets,2010,2010,CY,66419.0,EUR,2615260.0,EUROSTAT_NAMA10_GDP,2.539671,1258707.0,EUROSTAT_GOV10A_MAIN,5.276764,strict,derived_actual,EUROSTAT_GOV10A_MAIN,2010.0,66419.0,,,,,,,,A,,EUROSTAT_GOV10A_MAIN,2026-07-21,2026-09-03,current,,,,,,,False,False,False,20260921T154333Z,derived P.5 + NP (sum of the anchor's own items)
DEU_E08_strict,DEU,ESA_EXP,E08,1,Gross capital formation and net acquisition of non-produced assets,2011,2011,CY,67728.0,EUR,2747210.0,EUROSTAT_NAMA10_GDP,2.465338,1244063.0,EUROSTAT_GOV10A_MAIN,5.444097,strict,derived_actual,EUROSTAT_GOV10A_MAIN,2011.0,67728.0,,,,,,,,A,,EUROSTAT_GOV10A_MAIN,2026-07-21,2026-09-03,current,,,,,,,False,False,False,20260921T154333Z,derived P.5 + NP (sum of the anchor's own items)
DEU_E08_strict,DEU,ESA_EXP,E08,1,Gross capital formation and net acquisition of non-produced assets,2012,2012,CY,67120.0,EUR,2800680.0,EUROSTAT_NAMA10_GDP,2.396561,1262507.0,EUROSTAT_GOV10A_MAIN,5.316406,strict,derived_actual,EUROSTAT_GOV10A_MAIN,2012.0,67120.0,,,,,,,,A,,EUROSTAT_GOV10A_MAIN,2026-07-21,2026-09-03,current,,,,,,,False,False,False,20260921T154333Z,derived P.5 + NP (sum of the anchor's own items)
DEU_E08_strict,DEU,ESA_EXP,E08,1,Gross capital formation and net acquisition of non-produced assets,2013,2013,CY,68016.0,EUR,2869480.0,EUROSTAT_NAMA10_GDP,2.370325,1294600.0,EUROSTAT_GOV10A_MAIN,5.253824,strict,derived_actual,EUROSTAT_GOV10A_MAIN,2013.0,68016.0,,,,,,,,A,,EUROSTAT_GOV10A_MAIN,2026-07-21,2026-09-03,current,,,,,,,False,False,False,20260921T154333Z,derived P.5 + NP (sum of the anchor's own items)
DEU_E08_strict,DEU,ESA_EXP,E08,1,Gross capital formation and net acquisition of non-produced assets,2014,2014,CY,67670.0,EUR,2988470.0,EUROSTAT_NAMA10_GDP,2.264369,1328332.0,EUROSTAT_GOV10A_MAIN,5.094359,strict,derived_actual,EUROSTAT_GOV10A_MAIN,2014.0,67670.0,,,,,,,,A,,EUROSTAT_GOV10A_MAIN,2026-07-21,2026-09-03,current,,,,,,,False,False,False,20260921T154333Z,derived P.5 + NP (sum of the anchor's own items)
DEU_E08_strict,DEU,ESA_EXP,E08,1,Gross capital formation and net acquisition of non-produced assets,2015,2015,CY,71959.0,EUR,3094190.0,EUROSTAT_NAMA10_GDP,2.325617,1373293.0,EUROSTAT_GOV10A_MAIN,5.239887,strict,derived_actual,EUROSTAT_GOV10A_MAIN,2015.0,71959.0,,,,,,,,A,,EUROSTAT_GOV10A_MAIN,2026-07-21,2026-09-03,current,,,,,,,False,False,False,20260921T154333Z,derived P.5 + NP (sum of the anchor's own items)
DEU_E08_strict,DEU,ESA_EXP,E08,1,Gross capital formation and net acquisition of non-produced assets,2016,2016,CY,76061.0,EUR,3204870.0,EUROSTAT_NAMA10_GDP,2.373294,1429256.0,EUROSTAT_GOV10A_MAIN,5.32172,strict,derived_actual,EUROSTAT_GOV10A_MAIN,2016.0,76061.0,,,,,,,,A,,EUROSTAT_GOV10A_MAIN,2026-07-21,2026-09-03,current,,,,,,,False,False,False,20260921T154333Z,derived P.5 + NP (sum of the anchor's own items)
DEU_E08_strict,DEU,ESA_EXP,E08,1,Gross capital formation and net acquisition of non-produced assets,2017,2017,CY,79943.0,EUR,3345860.0,EUROSTAT_NAMA10_GDP,2.389311,1484552.0,EUROSTAT_GOV10A_MAIN,5.384992,strict,derived_actual,EUROSTAT_GOV10A_MAIN,2017.0,79943.0,,,,,,,,A,,EUROSTAT_GOV10A_MAIN,2026-07-21,2026-09-03,current,,,,,,,False,False,False,20260921T154333Z,derived P.5 + NP (sum of the anchor's own items)
DEU_E08_strict,DEU,ESA_EXP,E08,1,Gross capital formation and net acquisition of non-produced assets,2018,2018,CY,88415.0,EUR,3450580.0,EUROSTAT_NAMA10_GDP,2.562323,1533328.0,EUROSTAT_GOV10A_MAIN,5.766216,strict,derived_actual,EUROSTAT_GOV10A_MAIN,2018.0,88415.0,,,,,,,,A,,EUROSTAT_GOV10A_MAIN,2026-07-21,2026-09-03,current,,,,,,,False,False,False,20260921T154333Z,derived P.5 + NP (sum of the anchor's own items)
DEU_E08_strict,DEU,ESA_EXP,E08,1,Gross capital formation and net acquisition of non-produced assets,2019,2019,CY,94860.0,EUR,3557630.0,EUROSTAT_NAMA10_GDP,2.666382,1610615.0,EUROSTAT_GOV10A_MAIN,5.889676,strict,derived_actual,EUROSTAT_GOV10A_MAIN,2019.0,94860.0,,,,,,,,A,,EUROSTAT_GOV10A_MAIN,2026-07-21,2026-09-03,current,,,,,,,False,False,False,20260921T154333Z,derived P.5 + NP (sum of the anchor's own items)
DEU_E08_strict,DEU,ESA_EXP,E08,1,Gross capital formation and net acquisition of non-produced assets,2020,2020,CY,104462.0,EUR,3477670.0,EUROSTAT_NAMA10_GDP,3.003793,1763784.0,EUROSTAT_GOV10A_MAIN,5.922607,strict,derived_actual,EUROSTAT_GOV10A_MAIN,2020.0,104462.0,,,,,,,,A,,EUROSTAT_GOV10A_MAIN,2026-07-21,2026-09-03,current,,,,,,,False,False,False,20260921T154333Z,derived P.5 + NP (sum of the anchor's own items)
DEU_E08_strict,DEU,ESA_EXP,E08,1,Gross capital formation and net acquisition of non-produced assets,2021,2021,CY,104178.0,EUR,3713090.0,EUROSTAT_NAMA10_GDP,2.805696,1865819.0,EUROSTAT_GOV10A_MAIN,5.5835,strict,derived_actual,EUROSTAT_GOV10A_MAIN,2021.0,104178.0,,,,,,,,A,,EUROSTAT_GOV10A_MAIN,2026-07-21,2026-09-03,current,,,,,,,False,False,False,20260921T154333Z,derived P.5 + NP (sum of the anchor's own items)
DEU_E08_strict,DEU,ESA_EXP,E08,1,Gross capital formation and net acquisition of non-produced assets,2022,2022,CY,114222.0,EUR,4010630.0,EUROSTAT_NAMA10_GDP,2.847981,1939208.0,EUROSTAT_GOV10A_MAIN,5.890137,strict,derived_actual,EUROSTAT_GOV10A_MAIN,2022.0,114222.0,,,,,,,,A,,EUROSTAT_GOV10A_MAIN,2026-07-21,2026-09-03,current,,,,,,,False,False,False,20260921T154333Z,derived P.5 + NP (sum of the anchor's own items)
DEU_E08_strict,DEU,ESA_EXP,E08,1,Gross capital formation and net acquisition of non-produced assets,2023,2023,CY,119580.0,EUR,4254930.0,EUROSTAT_NAMA10_GDP,2.810387,2031433.0,EUROSTAT_GOV10A_MAIN,5.886485,strict,derived_actual,EUROSTAT_GOV10A_MAIN,2023.0,119580.0,,,,,,,,A,,EUROSTAT_GOV10A_MAIN,2026-07-21,2026-09-03,current,,,,,,,False,False,False,20260921T154333Z,derived P.5 + NP (sum of the anchor's own items)
DEU_E08_strict,DEU,ESA_EXP,E08,1,Gross capital formation and net acquisition of non-produced assets,2024,2024,CY,131382.0,EUR,4386940.0,EUROSTAT_NAMA10_GDP,2.994844,2139717.0,EUROSTAT_GOV10A_MAIN,6.140158,strict,derived_actual,EUROSTAT_GOV10A_MAIN,2024.0,131382.0,,,,,,,,A,,EUROSTAT_GOV10A_MAIN,2026-07-21,2026-09-03,current,,,,,,,False,False,False,20260921T154333Z,derived P.5 + NP (sum of the anchor's own items)
DEU_E08_strict,DEU,ESA_EXP,E08,1,Gross capital formation and net acquisition of non-produced assets,2025,2025,CY,144210.0,EUR,4529710.0,EUROSTAT_NAMA10_GDP,3.183648,2259341.0,EUROSTAT_GOV10A_MAIN,6.382835,strict,derived_actual,EUROSTAT_GOV10A_MAIN,2025.0,144210.0,,,,,,,,A,,EUROSTAT_GOV10A_MAIN,2026-07-21,2026-09-03,current,,,,,,,False,False,False,20260921T154333Z,derived P.5 + NP (sum of the anchor's own items)
DEU_E09_strict,DEU,ESA_EXP,E09,1,Capital transfers payable,1995,1995,CY,149703.0,EUR,1899930.0,EUROSTAT_NAMA10_GDP,7.879396,1049528.0,EUROSTAT_GOV10A_MAIN,14.263841,strict,anchor_actual,EUROSTAT_GOV10A_MAIN,1995.0,149703.0,,,,,,,,A,,EUROSTAT_GOV10A_MAIN,2026-07-21,2026-09-03,current,,,,,,,False,False,False,20260921T154333Z,
DEU_E09_strict,DEU,ESA_EXP,E09,1,Capital transfers payable,1996,1996,CY,27252.0,EUR,1928560.0,EUROSTAT_NAMA10_GDP,1.413075,955732.0,EUROSTAT_GOV10A_MAIN,2.851427,strict,anchor_actual,EUROSTAT_GOV10A_MAIN,1996.0,27252.0,,,,,,,,A,,EUROSTAT_GOV10A_MAIN,2026-07-21,2026-09-03,current,,,,,,,False,False,False,20260921T154333Z,
DEU_E09_strict,DEU,ESA_EXP,E09,1,Capital transfers payable,1997,1997,CY,25982.0,EUR,1967180.0,EUROSTAT_NAMA10_GDP,1.320774,959060.0,EUROSTAT_GOV10A_MAIN,2.709111,strict,anchor_actual,EUROSTAT_GOV10A_MAIN,1997.0,25982.0,,,,,,,,A,,EUROSTAT_GOV10A_MAIN,2026-07-21,2026-09-03,current,,,,,,,False,False,False,20260921T154333Z,
DEU_E09_strict,DEU,ESA_EXP,E09,1,Capital transfers payable,1998,1998,CY,30731.0,EUR,2022310.0,EUROSTAT_NAMA10_GDP,1.519599,976592.0,EUROSTAT_GOV10A_MAIN,3.146759,strict,anchor_actual,EUROSTAT_GOV10A_MAIN,1998.0,30731.0,,,,,,,,A,,EUROSTAT_GOV10A_MAIN,2026-07-21,2026-09-03,current,,,,,,,False,False,False,20260921T154333Z,
DEU_E09_strict,DEU,ESA_EXP,E09,1,Capital transfers payable,1999,1999,CY,26234.0,EUR,2077240.0,EUROSTAT_NAMA10_GDP,1.262926,1007187.0,EUROSTAT_GOV10A_MAIN,2.60468,strict,anchor_actual,EUROSTAT_GOV10A_MAIN,1999.0,26234.0,,,,,,,,A,,EUROSTAT_GOV10A_MAIN,2026-07-21,2026-09-03,current,,,,,,,False,False,False,20260921T154333Z,
DEU_E09_strict,DEU,ESA_EXP,E09,1,Capital transfers payable,2000,2000,CY,30236.0,EUR,2129660.0,EUROSTAT_NAMA10_GDP,1.419757,1023445.0,EUROSTAT_GOV10A_MAIN,2.954336,strict,anchor_actual,EUROSTAT_GOV10A_MAIN,2000.0,30236.0,,,,,,,,A,,EUROSTAT_GOV10A_MAIN,2026-07-21,2026-09-03,current,,,,,,,False,False,False,20260921T154333Z,
DEU_E09_strict,DEU,ESA_EXP,E09,1,Capital transfers payable,2001,2001,CY,34047.0,EUR,2195530.0,EUROSTAT_NAMA10_GDP,1.550742,1046229.0,EUROSTAT_GOV10A_MAIN,3.254259,strict,anchor_actual,EUROSTAT_GOV10A_MAIN,2001.0,34047.0,,,,,,,,A,,EUROSTAT_GOV10A_MAIN,2026-07-21,2026-09-03,current,,,,,,,False,False,False,20260921T154333Z,
DEU_E09_strict,DEU,ESA_EXP,E09,1,Capital transfers payable,2002,2002,CY,33679.0,EUR,2223360.0,EUROSTAT_NAMA10_GDP,1.514779,1072638.0,EUROSTAT_GOV10A_MAIN,3.139829,strict,anchor_actual,EUROSTAT_GOV10A_MAIN,2002.0,33679.0,,,,,,,,A,,EUROSTAT_GOV10A_MAIN,2026-07-21,2026-09-03,current,,,,,,,False,False,False,20260921T154333Z,
DEU_E09_strict,DEU,ESA_EXP,E09,1,Capital transfers payable,2003,2003,CY,33655.0,EUR,2240810.0,EUROSTAT_NAMA10_GDP,1.501912,1087101.0,EUROSTAT_GOV10A_MAIN,3.095848,strict,anchor_actual,EUROSTAT_GOV10A_MAIN,2003.0,33655.0,,,,,,,,A,,EUROSTAT_GOV10A_MAIN,2026-07-21,2026-09-03,current,,,,,,,False,False,False,20260921T154333Z,
DEU_E09_strict,DEU,ESA_EXP,E09,1,Capital transfers payable,2004,2004,CY,32704.0,EUR,2293040.0,EUROSTAT_NAMA10_GDP,1.426229,1077080.0,EUROSTAT_GOV10A_MAIN,3.036358,strict,anchor_actual,EUROSTAT_GOV10A_MAIN,2004.0,32704.0,,,,,,,,A,,EUROSTAT_GOV10A_MAIN,2026-07-21,2026-09-03,current,,,,,,,False,False,False,20260921T154333Z,
DEU_E09_strict,DEU,ESA_EXP,E09,1,Capital transfers payable,2005,2005,CY,33780.0,EUR,2325710.0,EUROSTAT_NAMA10_GDP,1.45246,1089993.0,EUROSTAT_GOV10A_MAIN,3.099102,strict,anchor_actual,EUROSTAT_GOV10A_MAIN,2005.0,33780.0,,,,,,,,A,,EUROSTAT_GOV10A_MAIN,2026-07-21,2026-09-03,current,,,,,,,False,False,False,20260921T154333Z,
DEU_E09_strict,DEU,ESA_EXP,E09,1,Capital transfers payable,2006,2006,CY,29729.0,EUR,2426180.0,EUROSTAT_NAMA10_GDP,1.225342,1099274.0,EUROSTAT_GOV10A_MAIN,2.704421,strict,anchor_actual,EUROSTAT_GOV10A_MAIN,2006.0,29729.0,,,,,,,,A,,EUROSTAT_GOV10A_MAIN,2026-07-21,2026-09-03,current,,,,,,,False,False,False,20260921T154333Z,
DEU_E09_strict,DEU,ESA_EXP,E09,1,Capital transfers payable,2007,2007,CY,28176.0,EUR,2542220.0,EUROSTAT_NAMA10_GDP,1.108323,1106879.0,EUROSTAT_GOV10A_MAIN,2.545536,strict,anchor_actual,EUROSTAT_GOV10A_MAIN,2007.0,28176.0,,,,,,,,A,,EUROSTAT_GOV10A_MAIN,2026-07-21,2026-09-03,current,,,,,,,False,False,False,20260921T154333Z,
DEU_E09_strict,DEU,ESA_EXP,E09,1,Capital transfers payable,2008,2008,CY,36395.0,EUR,2589280.0,EUROSTAT_NAMA10_GDP,1.405603,1150280.0,EUROSTAT_GOV10A_MAIN,3.164012,strict,anchor_actual,EUROSTAT_GOV10A_MAIN,2008.0,36395.0,,,,,,,,A,,EUROSTAT_GOV10A_MAIN,2026-07-21,2026-09-03,current,,,,,,,False,False,False,20260921T154333Z,
DEU_E09_strict,DEU,ESA_EXP,E09,1,Capital transfers payable,2009,2009,CY,31293.0,EUR,2493970.0,EUROSTAT_NAMA10_GDP,1.254746,1204819.0,EUROSTAT_GOV10A_MAIN,2.59732,strict,anchor_actual,EUROSTAT_GOV10A_MAIN,2009.0,31293.0,,,,,,,,A,,EUROSTAT_GOV10A_MAIN,2026-07-21,2026-09-03,current,,,,,,,False,False,False,20260921T154333Z,
DEU_E09_strict,DEU,ESA_EXP,E09,1,Capital transfers payable,2010,2010,CY,61580.0,EUR,2615260.0,EUROSTAT_NAMA10_GDP,2.354642,1258707.0,EUROSTAT_GOV10A_MAIN,4.892322,strict,anchor_actual,EUROSTAT_GOV10A_MAIN,2010.0,61580.0,,,,,,,,A,,EUROSTAT_GOV10A_MAIN,2026-07-21,2026-09-03,current,,,,,,,False,False,False,20260921T154333Z,
DEU_E09_strict,DEU,ESA_EXP,E09,1,Capital transfers payable,2011,2011,CY,28846.0,EUR,2747210.0,EUROSTAT_NAMA10_GDP,1.050011,1244063.0,EUROSTAT_GOV10A_MAIN,2.318693,strict,anchor_actual,EUROSTAT_GOV10A_MAIN,2011.0,28846.0,,,,,,,,A,,EUROSTAT_GOV10A_MAIN,2026-07-21,2026-09-03,current,,,,,,,False,False,False,20260921T154333Z,
DEU_E09_strict,DEU,ESA_EXP,E09,1,Capital transfers payable,2012,2012,CY,28149.0,EUR,2800680.0,EUROSTAT_NAMA10_GDP,1.005077,1262507.0,EUROSTAT_GOV10A_MAIN,2.229611,strict,anchor_actual,EUROSTAT_GOV10A_MAIN,2012.0,28149.0,,,,,,,,A,,EUROSTAT_GOV10A_MAIN,2026-07-21,2026-09-03,current,,,,,,,False,False,False,20260921T154333Z,
DEU_E09_strict,DEU,ESA_EXP,E09,1,Capital transfers payable,2013,2013,CY,27461.0,EUR,2869480.0,EUROSTAT_NAMA10_GDP,0.957003,1294600.0,EUROSTAT_GOV10A_MAIN,2.121196,strict,anchor_actual,EUROSTAT_GOV10A_MAIN,2013.0,27461.0,,,,,,,,A,,EUROSTAT_GOV10A_MAIN,2026-07-21,2026-09-03,current,,,,,,,False,False,False,20260921T154333Z,
DEU_E09_strict,DEU,ESA_EXP,E09,1,Capital transfers payable,2014,2014,CY,27995.0,EUR,2988470.0,EUROSTAT_NAMA10_GDP,0.936767,1328332.0,EUROSTAT_GOV10A_MAIN,2.10753,strict,anchor_actual,EUROSTAT_GOV10A_MAIN,2014.0,27995.0,,,,,,,,A,,EUROSTAT_GOV10A_MAIN,2026-07-21,2026-09-03,current,,,,,,,False,False,False,20260921T154333Z,
DEU_E09_strict,DEU,ESA_EXP,E09,1,Capital transfers payable,2015,2015,CY,24828.0,EUR,3094190.0,EUROSTAT_NAMA10_GDP,0.802407,1373293.0,EUROSTAT_GOV10A_MAIN,1.807917,strict,anchor_actual,EUROSTAT_GOV10A_MAIN,2015.0,24828.0,,,,,,,,A,,EUROSTAT_GOV10A_MAIN,2026-07-21,2026-09-03,current,,,,,,,False,False,False,20260921T154333Z,
DEU_E09_strict,DEU,ESA_EXP,E09,1,Capital transfers payable,2016,2016,CY,29552.0,EUR,3204870.0,EUROSTAT_NAMA10_GDP,0.922097,1429256.0,EUROSTAT_GOV10A_MAIN,2.067649,strict,anchor_actual,EUROSTAT_GOV10A_MAIN,2016.0,29552.0,,,,,,,,A,,EUROSTAT_GOV10A_MAIN,2026-07-21,2026-09-03,current,,,,,,,False,False,False,20260921T154333Z,
DEU_E09_strict,DEU,ESA_EXP,E09,1,Capital transfers payable,2017,2017,CY,36546.0,EUR,3345860.0,EUROSTAT_NAMA10_GDP,1.092275,1484552.0,EUROSTAT_GOV10A_MAIN,2.461753,strict,anchor_actual,EUROSTAT_GOV10A_MAIN,2017.0,36546.0,,,,,,,,A,,EUROSTAT_GOV10A_MAIN,2026-07-21,2026-09-03,current,,,,,,,False,False,False,20260921T154333Z,
DEU_E09_strict,DEU,ESA_EXP,E09,1,Capital transfers payable,2018,2018,CY,34127.0,EUR,3450580.0,EUROSTAT_NAMA10_GDP,0.989022,1533328.0,EUROSTAT_GOV10A_MAIN,2.225682,strict,anchor_actual,EUROSTAT_GOV10A_MAIN,2018.0,34127.0,,,,,,,,A,,EUROSTAT_GOV10A_MAIN,2026-07-21,2026-09-03,current,,,,,,,False,False,False,20260921T154333Z,
DEU_E09_strict,DEU,ESA_EXP,E09,1,Capital transfers payable,2019,2019,CY,34136.0,EUR,3557630.0,EUROSTAT_NAMA10_GDP,0.959515,1610615.0,EUROSTAT_GOV10A_MAIN,2.119439,strict,anchor_actual,EUROSTAT_GOV10A_MAIN,2019.0,34136.0,,,,,,,,A,,EUROSTAT_GOV10A_MAIN,2026-07-21,2026-09-03,current,,,,,,,False,False,False,20260921T154333Z,
DEU_E09_strict,DEU,ESA_EXP,E09,1,Capital transfers payable,2020,2020,CY,36105.0,EUR,3477670.0,EUROSTAT_NAMA10_GDP,1.038195,1763784.0,EUROSTAT_GOV10A_MAIN,2.047019,strict,anchor_actual,EUROSTAT_GOV10A_MAIN,2020.0,36105.0,,,,,,,,A,,EUROSTAT_GOV10A_MAIN,2026-07-21,2026-09-03,current,,,,,,,False,False,False,20260921T154333Z,
DEU_E09_strict,DEU,ESA_EXP,E09,1,Capital transfers payable,2021,2021,CY,51588.0,EUR,3713090.0,EUROSTAT_NAMA10_GDP,1.389355,1865819.0,EUROSTAT_GOV10A_MAIN,2.764898,strict,anchor_actual,EUROSTAT_GOV10A_MAIN,2021.0,51588.0,,,,,,,,A,,EUROSTAT_GOV10A_MAIN,2026-07-21,2026-09-03,current,,,,,,,False,False,False,20260921T154333Z,
DEU_E09_strict,DEU,ESA_EXP,E09,1,Capital transfers payable,2022,2022,CY,77658.0,EUR,4010630.0,EUROSTAT_NAMA10_GDP,1.936304,1939208.0,EUROSTAT_GOV10A_MAIN,4.004625,strict,anchor_actual,EUROSTAT_GOV10A_MAIN,2022.0,77658.0,,,,,,,,A,,EUROSTAT_GOV10A_MAIN,2026-07-21,2026-09-03,current,,,,,,,False,False,False,20260921T154333Z,
DEU_E09_strict,DEU,ESA_EXP,E09,1,Capital transfers payable,2023,2023,CY,74458.0,EUR,4254930.0,EUROSTAT_NAMA10_GDP,1.749923,2031433.0,EUROSTAT_GOV10A_MAIN,3.665294,strict,anchor_actual,EUROSTAT_GOV10A_MAIN,2023.0,74458.0,,,,,,,,A,,EUROSTAT_GOV10A_MAIN,2026-07-21,2026-09-03,current,,,,,,,False,False,False,20260921T154333Z,
DEU_E09_strict,DEU,ESA_EXP,E09,1,Capital transfers payable,2024,2024,CY,83997.0,EUR,4386940.0,EUROSTAT_NAMA10_GDP,1.914706,2139717.0,EUROSTAT_GOV10A_MAIN,3.925613,strict,anchor_actual,EUROSTAT_GOV10A_MAIN,2024.0,83997.0,,,,,,,,A,,EUROSTAT_GOV10A_MAIN,2026-07-21,2026-09-03,current,,,,,,,False,False,False,20260921T154333Z,
DEU_E09_strict,DEU,ESA_EXP,E09,1,Capital transfers payable,2025,2025,CY,78359.0,EUR,4529710.0,EUROSTAT_NAMA10_GDP,1.72989,2259341.0,EUROSTAT_GOV10A_MAIN,3.468224,strict,anchor_actual,EUROSTAT_GOV10A_MAIN,2025.0,78359.0,,,,,,,,A,,EUROSTAT_GOV10A_MAIN,2026-07-21,2026-09-03,current,,,,,,,False,False,False,20260921T154333Z,
DEU_TE_ESA_strict,DEU,ESA_EXP,TE_ESA,total,Total expenditure (ESA main aggregates),1995,1995,CY,1049528.0,EUR,1899930.0,EUROSTAT_NAMA10_GDP,55.240351,,EUROSTAT_GOV10A_MAIN,,strict,anchor_actual,EUROSTAT_GOV10A_MAIN,1995.0,1049528.0,,,,,,,,A,,EUROSTAT_GOV10A_MAIN,2026-07-21,2026-09-03,current,,,,,,,False,False,False,20260921T154333Z,
DEU_TE_ESA_strict,DEU,ESA_EXP,TE_ESA,total,Total expenditure (ESA main aggregates),1996,1996,CY,955732.0,EUR,1928560.0,EUROSTAT_NAMA10_GDP,49.556768,,EUROSTAT_GOV10A_MAIN,,strict,anchor_actual,EUROSTAT_GOV10A_MAIN,1996.0,955732.0,,,,,,,,A,,EUROSTAT_GOV10A_MAIN,2026-07-21,2026-09-03,current,,,,,,,False,False,False,20260921T154333Z,
DEU_TE_ESA_strict,DEU,ESA_EXP,TE_ESA,total,Total expenditure (ESA main aggregates),1997,1997,CY,959060.0,EUR,1967180.0,EUROSTAT_NAMA10_GDP,48.753037,,EUROSTAT_GOV10A_MAIN,,strict,anchor_actual,EUROSTAT_GOV10A_MAIN,1997.0,959060.0,,,,,,,,A,,EUROSTAT_GOV10A_MAIN,2026-07-21,2026-09-03,current,,,,,,,False,False,False,20260921T154333Z,
DEU_TE_ESA_strict,DEU,ESA_EXP,TE_ESA,total,Total expenditure (ESA main aggregates),1998,1998,CY,976592.0,EUR,2022310.0,EUROSTAT_NAMA10_GDP,48.290915,,EUROSTAT_GOV10A_MAIN,,strict,anchor_actual,EUROSTAT_GOV10A_MAIN,1998.0,976592.0,,,,,,,,A,,EUROSTAT_GOV10A_MAIN,2026-07-21,2026-09-03,current,,,,,,,False,False,False,20260921T154333Z,
DEU_TE_ESA_strict,DEU,ESA_EXP,TE_ESA,total,Total expenditure (ESA main aggregates),1999,1999,CY,1007187.0,EUR,2077240.0,EUROSTAT_NAMA10_GDP,48.48679,,EUROSTAT_GOV10A_MAIN,,strict,anchor_actual,EUROSTAT_GOV10A_MAIN,1999.0,1007187.0,,,,,,,,A,,EUROSTAT_GOV10A_MAIN,2026-07-21,2026-09-03,current,,,,,,,False,False,False,20260921T154333Z,
DEU_TE_ESA_strict,DEU,ESA_EXP,TE_ESA,total,Total expenditure (ESA main aggregates),2000,2000,CY,1023445.0,EUR,2129660.0,EUROSTAT_NAMA10_GDP,48.056732,,EUROSTAT_GOV10A_MAIN,,strict,anchor_actual,EUROSTAT_GOV10A_MAIN,2000.0,1023445.0,,,,,,,,A,,EUROSTAT_GOV10A_MAIN,2026-07-21,2026-09-03,current,,,,,,,False,False,False,20260921T154333Z,
DEU_TE_ESA_strict,DEU,ESA_EXP,TE_ESA,total,Total expenditure (ESA main aggregates),2001,2001,CY,1046229.0,EUR,2195530.0,EUROSTAT_NAMA10_GDP,47.652685,,EUROSTAT_GOV10A_MAIN,,strict,anchor_actual,EUROSTAT_GOV10A_MAIN,2001.0,1046229.0,,,,,,,,A,,EUROSTAT_GOV10A_MAIN,2026-07-21,2026-09-03,current,,,,,,,False,False,False,20260921T154333Z,
DEU_TE_ESA_strict,DEU,ESA_EXP,TE_ESA,total,Total expenditure (ESA main aggregates),2002,2002,CY,1072638.0,EUR,2223360.0,EUROSTAT_NAMA10_GDP,48.244009,,EUROSTAT_GOV10A_MAIN,,strict,anchor_actual,EUROSTAT_GOV10A_MAIN,2002.0,1072638.0,,,,,,,,A,,EUROSTAT_GOV10A_MAIN,2026-07-21,2026-09-03,current,,,,,,,False,False,False,20260921T154333Z,
DEU_TE_ESA_strict,DEU,ESA_EXP,TE_ESA,total,Total expenditure (ESA main aggregates),2003,2003,CY,1087101.0,EUR,2240810.0,EUROSTAT_NAMA10_GDP,48.513752,,EUROSTAT_GOV10A_MAIN,,strict,anchor_actual,EUROSTAT_GOV10A_MAIN,2003.0,1087101.0,,,,,,,,A,,EUROSTAT_GOV10A_MAIN,2026-07-21,2026-09-03,current,,,,,,,False,False,False,20260921T154333Z,
DEU_TE_ESA_strict,DEU,ESA_EXP,TE_ESA,total,Total expenditure (ESA main aggregates),2004,2004,CY,1077080.0,EUR,2293040.0,EUROSTAT_NAMA10_GDP,46.971706,,EUROSTAT_GOV10A_MAIN,,strict,anchor_actual,EUROSTAT_GOV10A_MAIN,2004.0,1077080.0,,,,,,,,A,,EUROSTAT_GOV10A_MAIN,2026-07-21,2026-09-03,current,,,,,,,False,False,False,20260921T154333Z,
DEU_TE_ESA_strict,DEU,ESA_EXP,TE_ESA,total,Total expenditure (ESA main aggregates),2005,2005,CY,1089993.0,EUR,2325710.0,EUROSTAT_NAMA10_GDP,46.867107,,EUROSTAT_GOV10A_MAIN,,strict,anchor_actual,EUROSTAT_GOV10A_MAIN,2005.0,1089993.0,,,,,,,,A,,EUROSTAT_GOV10A_MAIN,2026-07-21,2026-09-03,current,,,,,,,False,False,False,20260921T154333Z,
DEU_TE_ESA_strict,DEU,ESA_EXP,TE_ESA,total,Total expenditure (ESA main aggregates),2006,2006,CY,1099274.0,EUR,2426180.0,EUROSTAT_NAMA10_GDP,45.308839,,EUROSTAT_GOV10A_MAIN,,strict,anchor_actual,EUROSTAT_GOV10A_MAIN,2006.0,1099274.0,,,,,,,,A,,EUROSTAT_GOV10A_MAIN,2026-07-21,2026-09-03,current,,,,,,,False,False,False,20260921T154333Z,
DEU_TE_ESA_strict,DEU,ESA_EXP,TE_ESA,total,Total expenditure (ESA main aggregates),2007,2007,CY,1106879.0,EUR,2542220.0,EUROSTAT_NAMA10_GDP,43.539859,,EUROSTAT_GOV10A_MAIN,,strict,anchor_actual,EUROSTAT_GOV10A_MAIN,2007.0,1106879.0,,,,,,,,A,,EUROSTAT_GOV10A_MAIN,2026-07-21,2026-09-03,current,,,,,,,False,False,False,20260921T154333Z,
DEU_TE_ESA_strict,DEU,ESA_EXP,TE_ESA,total,Total expenditure (ESA main aggregates),2008,2008,CY,1150280.0,EUR,2589280.0,EUROSTAT_NAMA10_GDP,44.424705,,EUROSTAT_GOV10A_MAIN,,strict,anchor_actual,EUROSTAT_GOV10A_MAIN,2008.0,1150280.0,,,,,,,,A,,EUROSTAT_GOV10A_MAIN,2026-07-21,2026-09-03,current,,,,,,,False,False,False,20260921T154333Z,
DEU_TE_ESA_strict,DEU,ESA_EXP,TE_ESA,total,Total expenditure (ESA main aggregates),2009,2009,CY,1204819.0,EUR,2493970.0,EUROSTAT_NAMA10_GDP,48.309282,,EUROSTAT_GOV10A_MAIN,,strict,anchor_actual,EUROSTAT_GOV10A_MAIN,2009.0,1204819.0,,,,,,,,A,,EUROSTAT_GOV10A_MAIN,2026-07-21,2026-09-03,current,,,,,,,False,False,False,20260921T154333Z,
DEU_TE_ESA_strict,DEU,ESA_EXP,TE_ESA,total,Total expenditure (ESA main aggregates),2010,2010,CY,1258707.0,EUR,2615260.0,EUROSTAT_NAMA10_GDP,48.129326,,EUROSTAT_GOV10A_MAIN,,strict,anchor_actual,EUROSTAT_GOV10A_MAIN,2010.0,1258707.0,,,,,,,,A,,EUROSTAT_GOV10A_MAIN,2026-07-21,2026-09-03,current,,,,,,,False,False,False,20260921T154333Z,
DEU_TE_ESA_strict,DEU,ESA_EXP,TE_ESA,total,Total expenditure (ESA main aggregates),2011,2011,CY,1244063.0,EUR,2747210.0,EUROSTAT_NAMA10_GDP,45.284598,,EUROSTAT_GOV10A_MAIN,,strict,anchor_actual,EUROSTAT_GOV10A_MAIN,2011.0,1244063.0,,,,,,,,A,,EUROSTAT_GOV10A_MAIN,2026-07-21,2026-09-03,current,,,,,,,False,False,False,20260921T154333Z,
DEU_TE_ESA_strict,DEU,ESA_EXP,TE_ESA,total,Total expenditure (ESA main aggregates),2012,2012,CY,1262507.0,EUR,2800680.0,EUROSTAT_NAMA10_GDP,45.078588,,EUROSTAT_GOV10A_MAIN,,strict,anchor_actual,EUROSTAT_GOV10A_MAIN,2012.0,1262507.0,,,,,,,,A,,EUROSTAT_GOV10A_MAIN,2026-07-21,2026-09-03,current,,,,,,,False,False,False,20260921T154333Z,
DEU_TE_ESA_strict,DEU,ESA_EXP,TE_ESA,total,Total expenditure (ESA main aggregates),2013,2013,CY,1294600.0,EUR,2869480.0,EUROSTAT_NAMA10_GDP,45.116188,,EUROSTAT_GOV10A_MAIN,,strict,anchor_actual,EUROSTAT_GOV10A_MAIN,2013.0,1294600.0,,,,,,,,A,,EUROSTAT_GOV10A_MAIN,2026-07-21,2026-09-03,current,,,,,,,False,False,False,20260921T154333Z,
DEU_TE_ESA_strict,DEU,ESA_EXP,TE_ESA,total,Total expenditure (ESA main aggregates),2014,2014,CY,1328332.0,EUR,2988470.0,EUROSTAT_NAMA10_GDP,44.448564,,EUROSTAT_GOV10A_MAIN,,strict,anchor_actual,EUROSTAT_GOV10A_MAIN,2014.0,1328332.0,,,,,,,,A,,EUROSTAT_GOV10A_MAIN,2026-07-21,2026-09-03,current,,,,,,,False,False,False,20260921T154333Z,
DEU_TE_ESA_strict,DEU,ESA_EXP,TE_ESA,total,Total expenditure (ESA main aggregates),2015,2015,CY,1373293.0,EUR,3094190.0,EUROSTAT_NAMA10_GDP,44.382956,,EUROSTAT_GOV10A_MAIN,,strict,anchor_actual,EUROSTAT_GOV10A_MAIN,2015.0,1373293.0,,,,,,,,A,,EUROSTAT_GOV10A_MAIN,2026-07-21,2026-09-03,current,,,,,,,False,False,False,20260921T154333Z,
DEU_TE_ESA_strict,DEU,ESA_EXP,TE_ESA,total,Total expenditure (ESA main aggregates),2016,2016,CY,1429256.0,EUR,3204870.0,EUROSTAT_NAMA10_GDP,44.59638,,EUROSTAT_GOV10A_MAIN,,strict,anchor_actual,EUROSTAT_GOV10A_MAIN,2016.0,1429256.0,,,,,,,,A,,EUROSTAT_GOV10A_MAIN,2026-07-21,2026-09-03,current,,,,,,,False,False,False,20260921T154333Z,
DEU_TE_ESA_strict,DEU,ESA_EXP,TE_ESA,total,Total expenditure (ESA main aggregates),2017,2017,CY,1484552.0,EUR,3345860.0,EUROSTAT_NAMA10_GDP,44.369818,,EUROSTAT_GOV10A_MAIN,,strict,anchor_actual,EUROSTAT_GOV10A_MAIN,2017.0,1484552.0,,,,,,,,A,,EUROSTAT_GOV10A_MAIN,2026-07-21,2026-09-03,current,,,,,,,False,False,False,20260921T154333Z,
DEU_TE_ESA_strict,DEU,ESA_EXP,TE_ESA,total,Total expenditure (ESA main aggregates),2018,2018,CY,1533328.0,EUR,3450580.0,EUROSTAT_NAMA10_GDP,44.436819,,EUROSTAT_GOV10A_MAIN,,strict,anchor_actual,EUROSTAT_GOV10A_MAIN,2018.0,1533328.0,,,,,,,,A,,EUROSTAT_GOV10A_MAIN,2026-07-21,2026-09-03,current,,,,,,,False,False,False,20260921T154333Z,
DEU_TE_ESA_strict,DEU,ESA_EXP,TE_ESA,total,Total expenditure (ESA main aggregates),2019,2019,CY,1610615.0,EUR,3557630.0,EUROSTAT_NAMA10_GDP,45.272133,,EUROSTAT_GOV10A_MAIN,,strict,anchor_actual,EUROSTAT_GOV10A_MAIN,2019.0,1610615.0,,,,,,,,A,,EUROSTAT_GOV10A_MAIN,2026-07-21,2026-09-03,current,,,,,,,False,False,False,20260921T154333Z,
DEU_TE_ESA_strict,DEU,ESA_EXP,TE_ESA,total,Total expenditure (ESA main aggregates),2020,2020,CY,1763784.0,EUR,3477670.0,EUROSTAT_NAMA10_GDP,50.717406,,EUROSTAT_GOV10A_MAIN,,strict,anchor_actual,EUROSTAT_GOV10A_MAIN,2020.0,1763784.0,,,,,,,,A,,EUROSTAT_GOV10A_MAIN,2026-07-21,2026-09-03,current,,,,,,,False,False,False,20260921T154333Z,
DEU_TE_ESA_strict,DEU,ESA_EXP,TE_ESA,total,Total expenditure (ESA main aggregates),2021,2021,CY,1865819.0,EUR,3713090.0,EUROSTAT_NAMA10_GDP,50.249765,,EUROSTAT_GOV10A_MAIN,,strict,anchor_actual,EUROSTAT_GOV10A_MAIN,2021.0,1865819.0,,,,,,,,A,,EUROSTAT_GOV10A_MAIN,2026-07-21,2026-09-03,current,,,,,,,False,False,False,20260921T154333Z,
DEU_TE_ESA_strict,DEU,ESA_EXP,TE_ESA,total,Total expenditure (ESA main aggregates),2022,2022,CY,1939208.0,EUR,4010630.0,EUROSTAT_NAMA10_GDP,48.351705,,EUROSTAT_GOV10A_MAIN,,strict,anchor_actual,EUROSTAT_GOV10A_MAIN,2022.0,1939208.0,,,,,,,,A,,EUROSTAT_GOV10A_MAIN,2026-07-21,2026-09-03,current,,,,,,,False,False,False,20260921T154333Z,
DEU_TE_ESA_strict,DEU,ESA_EXP,TE_ESA,total,Total expenditure (ESA main aggregates),2023,2023,CY,2031433.0,EUR,4254930.0,EUROSTAT_NAMA10_GDP,47.743042,,EUROSTAT_GOV10A_MAIN,,strict,anchor_actual,EUROSTAT_GOV10A_MAIN,2023.0,2031433.0,,,,,,,,A,,EUROSTAT_GOV10A_MAIN,2026-07-21,2026-09-03,current,,,,,,,False,False,False,20260921T154333Z,
DEU_TE_ESA_strict,DEU,ESA_EXP,TE_ESA,total,Total expenditure (ESA main aggregates),2024,2024,CY,2139717.0,EUR,4386940.0,EUROSTAT_NAMA10_GDP,48.774704,,EUROSTAT_GOV10A_MAIN,,strict,anchor_actual,EUROSTAT_GOV10A_MAIN,2024.0,2139717.0,,,,,,,,A,,EUROSTAT_GOV10A_MAIN,2026-07-21,2026-09-03,current,,,,,,,False,False,False,20260921T154333Z,
DEU_TE_ESA_strict,DEU,ESA_EXP,TE_ESA,total,Total expenditure (ESA main aggregates),2025,2025,CY,2259341.0,EUR,4529710.0,EUROSTAT_NAMA10_GDP,49.87827,,EUROSTAT_GOV10A_MAIN,,strict,anchor_actual,EUROSTAT_GOV10A_MAIN,2025.0,2259341.0,,,,,,,,A,,EUROSTAT_GOV10A_MAIN,2026-07-21,2026-09-03,current,,,,,,,False,False,False,20260921T154333Z,
DEU_E01_strict,DEU,ESA_EXP,E01,1,Compensation of employees,1994,1994,CY,160954.0,EUR,1838020.0,EUROSTAT_NAMA10_GDP,8.756923,,,,strict,stitched_actual,EUROSTAT_GOV10A_MAIN,1995.0,171012.0,EC_AMECO,0.9411854138890838,,,,1.0,2025.0,B,EC_AMECO_to_ESA_EXP:1.0,EC_AMECO,2026-06-03,2026-08-31,current,,,,,,,False,False,False,20260921T154333Z,"AMECO UWCG: Compensation of employees (D.1), general government, ESA 2010, Commission redistribution of national accounts; same concept as the anchor's main-aggregates item"
DEU_E01_strict,DEU,ESA_EXP,E01,1,Compensation of employees,1993,1993,CY,157463.0,EUR,1757340.0,EUROSTAT_NAMA10_GDP,8.960304,,,,strict,stitched_actual,EUROSTAT_GOV10A_MAIN,1995.0,171012.0,EC_AMECO,0.9783105732072517,,,,1.0,2025.0,B,EC_AMECO_to_ESA_EXP:1.0,EC_AMECO,2026-06-03,2026-08-31,current,,,,,,,False,False,False,20260921T154333Z,"AMECO UWCG: Compensation of employees (D.1), general government, ESA 2010, Commission redistribution of national accounts; same concept as the anchor's main-aggregates item"
DEU_E01_strict,DEU,ESA_EXP,E01,1,Compensation of employees,1992,1992,CY,151084.0,EUR,1709890.0,EUROSTAT_NAMA10_GDP,8.83589,,,,strict,stitched_actual,EUROSTAT_GOV10A_MAIN,1995.0,171012.0,EC_AMECO,0.9594888958040937,,,,1.0,2025.0,B,EC_AMECO_to_ESA_EXP:1.0,EC_AMECO,2026-06-03,2026-08-31,current,,,,,,,False,False,False,20260921T154333Z,"AMECO UWCG: Compensation of employees (D.1), general government, ESA 2010, Commission redistribution of national accounts; same concept as the anchor's main-aggregates item"
DEU_E01_strict,DEU,ESA_EXP,E01,1,Compensation of employees,1991,1991,CY,137521.0,EUR,1591610.0,EUROSTAT_NAMA10_GDP,8.64037,,,,strict,stitched_actual,EUROSTAT_GOV10A_MAIN,1995.0,171012.0,EC_AMECO,0.9102287469222419,,,,1.0,2025.0,B,EC_AMECO_to_ESA_EXP:1.0,EC_AMECO,2026-06-03,2026-08-31,current,,,,,,,False,False,False,20260921T154333Z,"AMECO UWCG: Compensation of employees (D.1), general government, ESA 2010, Commission redistribution of national accounts; same concept as the anchor's main-aggregates item"
DEU_E02_strict,DEU,ESA_EXP,E02,1,Intermediate consumption,1994,1994,CY,72852.0,EUR,1838020.0,EUROSTAT_NAMA10_GDP,3.963613,,,,strict,stitched_actual,EUROSTAT_GOV10A_MAIN,1995.0,76621.0,EC_AMECO,0.9508098302032081,,,,1.0,2025.0,B,EC_AMECO_to_ESA_EXP:1.0,EC_AMECO,2026-06-03,2026-08-31,current,,,,,,,False,False,False,20260921T154333Z,"AMECO UCTGI: Intermediate consumption (P.2), general government, ESA 2010, Commission redistribution of national accounts; same concept as the anchor's main-aggregates item"
DEU_E02_strict,DEU,ESA_EXP,E02,1,Intermediate consumption,1993,1993,CY,72910.0,EUR,1757340.0,EUROSTAT_NAMA10_GDP,4.148884,,,,strict,stitched_actual,EUROSTAT_GOV10A_MAIN,1995.0,76621.0,EC_AMECO,1.000796134629111,,,,1.0,2025.0,B,EC_AMECO_to_ESA_EXP:1.0,EC_AMECO,2026-06-03,2026-08-31,current,,,,,,,False,False,False,20260921T154333Z,"AMECO UCTGI: Intermediate consumption (P.2), general government, ESA 2010, Commission redistribution of national accounts; same concept as the anchor's main-aggregates item"
DEU_E02_strict,DEU,ESA_EXP,E02,1,Intermediate consumption,1992,1992,CY,70883.0,EUR,1709890.0,EUROSTAT_NAMA10_GDP,4.145471,,,,strict,stitched_actual,EUROSTAT_GOV10A_MAIN,1995.0,76621.0,EC_AMECO,0.9721986010149499,,,,1.0,2025.0,B,EC_AMECO_to_ESA_EXP:1.0,EC_AMECO,2026-06-03,2026-08-31,current,,,,,,,False,False,False,20260921T154333Z,"AMECO UCTGI: Intermediate consumption (P.2), general government, ESA 2010, Commission redistribution of national accounts; same concept as the anchor's main-aggregates item"
DEU_E02_strict,DEU,ESA_EXP,E02,1,Intermediate consumption,1991,1991,CY,65324.00000000001,EUR,1591610.0,EUROSTAT_NAMA10_GDP,4.104272,,,,strict,stitched_actual,EUROSTAT_GOV10A_MAIN,1995.0,76621.0,EC_AMECO,0.9215749897718777,,,,1.0,2025.0,B,EC_AMECO_to_ESA_EXP:1.0,EC_AMECO,2026-06-03,2026-08-31,current,,,,,,,False,False,False,20260921T154333Z,"AMECO UCTGI: Intermediate consumption (P.2), general government, ESA 2010, Commission redistribution of national accounts; same concept as the anchor's main-aggregates item"
DEU_E03_strict,DEU,ESA_EXP,E03,1,Social benefits other than social transfers in kind,1994,1994,CY,307716.0,EUR,1838020.0,EUROSTAT_NAMA10_GDP,16.741711,,,,strict,stitched_actual,EUROSTAT_GOV10A_MAIN,1995.0,326326.0,EC_AMECO,0.9429711392901576,,,,1.0,2025.0,B,EC_AMECO_to_ESA_EXP:1.0,EC_AMECO,2026-06-03,2026-08-31,current,,,,,,,False,False,False,20260921T154333Z,"AMECO UYTGH: Social benefits other than social transfers in kind (D.62), general government, ESA 2010, Commission redistribution of national accounts; same concept as the anchor's main-aggregates item"
DEU_E03_strict,DEU,ESA_EXP,E03,1,Social benefits other than social transfers in kind,1993,1993,CY,289682.0,EUR,1757340.0,EUROSTAT_NAMA10_GDP,16.484118,,,,strict,stitched_actual,EUROSTAT_GOV10A_MAIN,1995.0,326326.0,EC_AMECO,0.9413940126610252,,,,1.0,2025.0,B,EC_AMECO_to_ESA_EXP:1.0,EC_AMECO,2026-06-03,2026-08-31,current,,,,,,,False,False,False,20260921T154333Z,"AMECO UYTGH: Social benefits other than social transfers in kind (D.62), general government, ESA 2010, Commission redistribution of national accounts; same concept as the anchor's main-aggregates item"
DEU_E03_strict,DEU,ESA_EXP,E03,1,Social benefits other than social transfers in kind,1992,1992,CY,265312.0,EUR,1709890.0,EUROSTAT_NAMA10_GDP,15.51632,,,,strict,stitched_actual,EUROSTAT_GOV10A_MAIN,1995.0,326326.0,EC_AMECO,0.9158732679282799,,,,1.0,2025.0,B,EC_AMECO_to_ESA_EXP:1.0,EC_AMECO,2026-06-03,2026-08-31,current,,,,,,,False,False,False,20260921T154333Z,"AMECO UYTGH: Social benefits other than social transfers in kind (D.62), general government, ESA 2010, Commission redistribution of national accounts; same concept as the anchor's main-aggregates item"
DEU_E03_strict,DEU,ESA_EXP,E03,1,Social benefits other than social transfers in kind,1991,1991,CY,235650.0,EUR,1591610.0,EUROSTAT_NAMA10_GDP,14.805763,,,,strict,stitched_actual,EUROSTAT_GOV10A_MAIN,1995.0,326326.0,EC_AMECO,0.8881995537329634,,,,1.0,2025.0,B,EC_AMECO_to_ESA_EXP:1.0,EC_AMECO,2026-06-03,2026-08-31,current,,,,,,,False,False,False,20260921T154333Z,"AMECO UYTGH: Social benefits other than social transfers in kind (D.62), general government, ESA 2010, Commission redistribution of national accounts; same concept as the anchor's main-aggregates item"
DEU_E04_strict,DEU,ESA_EXP,E04,1,Social transfers in kind (purchased market production),1994,1994,CY,128895.99999999999,EUR,1838020.0,EUROSTAT_NAMA10_GDP,7.012764,,,,strict,stitched_actual,EUROSTAT_GOV10A_MAIN,1995.0,136660.0,EC_AMECO,0.943187472559637,,,,1.0,2025.0,B,EC_AMECO_to_ESA_EXP:1.0,EC_AMECO,2026-06-03,2026-08-31,current,,,,,,,False,False,False,20260921T154333Z,"AMECO UYTGM: Social transfers in kind (purchased market production) (D.632), general government, ESA 2010, Commission redistribution of national accounts; same concept as the anchor's main-aggregates item"
DEU_E04_strict,DEU,ESA_EXP,E04,1,Social transfers in kind (purchased market production),1993,1993,CY,118148.0,EUR,1757340.0,EUROSTAT_NAMA10_GDP,6.723116,,,,strict,stitched_actual,EUROSTAT_GOV10A_MAIN,1995.0,136660.0,EC_AMECO,0.9166149453823238,,,,1.0,2025.0,B,EC_AMECO_to_ESA_EXP:1.0,EC_AMECO,2026-06-03,2026-08-31,current,,,,,,,False,False,False,20260921T154333Z,"AMECO UYTGM: Social transfers in kind (purchased market production) (D.632), general government, ESA 2010, Commission redistribution of national accounts; same concept as the anchor's main-aggregates item"
DEU_E04_strict,DEU,ESA_EXP,E04,1,Social transfers in kind (purchased market production),1992,1992,CY,114760.00000000001,EUR,1709890.0,EUROSTAT_NAMA10_GDP,6.711543,,,,strict,stitched_actual,EUROSTAT_GOV10A_MAIN,1995.0,136660.0,EC_AMECO,0.9713241019737957,,,,1.0,2025.0,B,EC_AMECO_to_ESA_EXP:1.0,EC_AMECO,2026-06-03,2026-08-31,current,,,,,,,False,False,False,20260921T154333Z,"AMECO UYTGM: Social transfers in kind (purchased market production) (D.632), general government, ESA 2010, Commission redistribution of national accounts; same concept as the anchor's main-aggregates item"
DEU_E04_strict,DEU,ESA_EXP,E04,1,Social transfers in kind (purchased market production),1991,1991,CY,100617.00000000001,EUR,1591610.0,EUROSTAT_NAMA10_GDP,6.321712,,,,strict,stitched_actual,EUROSTAT_GOV10A_MAIN,1995.0,136660.0,EC_AMECO,0.8767601951899616,,,,1.0,2025.0,B,EC_AMECO_to_ESA_EXP:1.0,EC_AMECO,2026-06-03,2026-08-31,current,,,,,,,False,False,False,20260921T154333Z,"AMECO UYTGM: Social transfers in kind (purchased market production) (D.632), general government, ESA 2010, Commission redistribution of national accounts; same concept as the anchor's main-aggregates item"
DEU_E05_strict,DEU,ESA_EXP,E05,1,Interest payable,1994,1994,CY,60627.0,EUR,1838020.0,EUROSTAT_NAMA10_GDP,3.298495,,,,strict,stitched_actual,EUROSTAT_GOV10A_MAIN,1995.0,66581.0,EC_AMECO,0.9105750889893514,,,,1.0,2025.0,B,EC_AMECO_to_ESA_EXP:1.0,EC_AMECO,2026-06-03,2026-08-31,current,,d41_gross_accrued,,,,,False,False,False,20260921T154333Z,"AMECO UYIG: Interest payable (D.41 (uses)), general government, ESA 2010, Commission redistribution of national accounts; same concept as the anchor's main-aggregates item"
DEU_E05_strict,DEU,ESA_EXP,E05,1,Interest payable,1993,1993,CY,55595.99999999999,EUR,1757340.0,EUROSTAT_NAMA10_GDP,3.163645,,,,strict,stitched_actual,EUROSTAT_GOV10A_MAIN,1995.0,66581.0,EC_AMECO,0.9170171705675688,,,,1.0,2025.0,B,EC_AMECO_to_ESA_EXP:1.0,EC_AMECO,2026-06-03,2026-08-31,current,,d41_gross_accrued,,,,,False,False,False,20260921T154333Z,"AMECO UYIG: Interest payable (D.41 (uses)), general government, ESA 2010, Commission redistribution of national accounts; same concept as the anchor's main-aggregates item"
DEU_E05_strict,DEU,ESA_EXP,E05,1,Interest payable,1992,1992,CY,52619.99999999999,EUR,1709890.0,EUROSTAT_NAMA10_GDP,3.077391,,,,strict,stitched_actual,EUROSTAT_GOV10A_MAIN,1995.0,66581.0,EC_AMECO,0.9464709691344702,,,,1.0,2025.0,B,EC_AMECO_to_ESA_EXP:1.0,EC_AMECO,2026-06-03,2026-08-31,current,,d41_gross_accrued,,,,,False,False,False,20260921T154333Z,"AMECO UYIG: Interest payable (D.41 (uses)), general government, ESA 2010, Commission redistribution of national accounts; same concept as the anchor's main-aggregates item"
DEU_E05_strict,DEU,ESA_EXP,E05,1,Interest payable,1991,1991,CY,42517.0,EUR,1591610.0,EUROSTAT_NAMA10_GDP,2.67132,,,,strict,stitched_actual,EUROSTAT_GOV10A_MAIN,1995.0,66581.0,EC_AMECO,0.8080007601672369,,,,1.0,2025.0,B,EC_AMECO_to_ESA_EXP:1.0,EC_AMECO,2026-06-03,2026-08-31,current,,d41_gross_accrued,,,,,False,False,False,20260921T154333Z,"AMECO UYIG: Interest payable (D.41 (uses)), general government, ESA 2010, Commission redistribution of national accounts; same concept as the anchor's main-aggregates item"
DEU_E06_strict,DEU,ESA_EXP,E06,1,Subsidies,1994,1994,CY,36022.0,EUR,1838020.0,EUROSTAT_NAMA10_GDP,1.959826,,,,strict,stitched_actual,EUROSTAT_GOV10A_MAIN,1995.0,36845.0,EC_AMECO,0.9776631836070023,,,,1.0,2025.0,B,EC_AMECO_to_ESA_EXP:1.0,EC_AMECO,2026-06-03,2026-08-31,current,,,,,,,False,False,False,20260921T154333Z,"AMECO UYVG: Subsidies (D.3), general government, ESA 2010, Commission redistribution of national accounts; same concept as the anchor's main-aggregates item"
DEU_E06_strict,DEU,ESA_EXP,E06,1,Subsidies,1993,1993,CY,30728.000000000004,EUR,1757340.0,EUROSTAT_NAMA10_GDP,1.748552,,,,strict,stitched_actual,EUROSTAT_GOV10A_MAIN,1995.0,36845.0,EC_AMECO,0.8530342568430405,,,,1.0,2025.0,B,EC_AMECO_to_ESA_EXP:1.0,EC_AMECO,2026-06-03,2026-08-31,current,,,,,,,False,False,False,20260921T154333Z,"AMECO UYVG: Subsidies (D.3), general government, ESA 2010, Commission redistribution of national accounts; same concept as the anchor's main-aggregates item"
DEU_E06_strict,DEU,ESA_EXP,E06,1,Subsidies,1992,1992,CY,31056.000000000007,EUR,1709890.0,EUROSTAT_NAMA10_GDP,1.816257,,,,strict,stitched_actual,EUROSTAT_GOV10A_MAIN,1995.0,36845.0,EC_AMECO,1.0106743035667796,,,,1.0,2025.0,B,EC_AMECO_to_ESA_EXP:1.0,EC_AMECO,2026-06-03,2026-08-31,current,,,,,,,False,False,False,20260921T154333Z,"AMECO UYVG: Subsidies (D.3), general government, ESA 2010, Commission redistribution of national accounts; same concept as the anchor's main-aggregates item"
DEU_E06_strict,DEU,ESA_EXP,E06,1,Subsidies,1991,1991,CY,32360.00000000001,EUR,1591610.0,EUROSTAT_NAMA10_GDP,2.033161,,,,strict,stitched_actual,EUROSTAT_GOV10A_MAIN,1995.0,36845.0,EC_AMECO,1.04198866563627,,,,1.0,2025.0,B,EC_AMECO_to_ESA_EXP:1.0,EC_AMECO,2026-06-03,2026-08-31,current,,,,,,,False,False,False,20260921T154333Z,"AMECO UYVG: Subsidies (D.3), general government, ESA 2010, Commission redistribution of national accounts; same concept as the anchor's main-aggregates item"
DEU_E07_strict,DEU,ESA_EXP,E07,1,Other current expenditure,1994,1994,CY,39036.0,EUR,1838020.0,EUROSTAT_NAMA10_GDP,2.123807,,,,strict,stitched_actual,EUROSTAT_GOV10A_MAIN,1995.0,36216.0,EC_AMECO,1.077866136514248,,,,1.0,2025.0,B,EC_AMECO_to_ESA_EXP:1.0,EC_AMECO,2026-06-03,2026-08-31,current,,,,,,,False,False,False,20260921T154333Z,"AMECO UUOG: Other current expenditure (D.29 + D.5 + (D.4 - D.41) + D.7 + D.8), general government, ESA 2010, Commission redistribution of national accounts; same concept as the anchor's main-aggregates item"
DEU_E07_strict,DEU,ESA_EXP,E07,1,Other current expenditure,1993,1993,CY,38464.0,EUR,1757340.0,EUROSTAT_NAMA10_GDP,2.188763,,,,strict,stitched_actual,EUROSTAT_GOV10A_MAIN,1995.0,36216.0,EC_AMECO,0.9853468593093554,,,,1.0,2025.0,B,EC_AMECO_to_ESA_EXP:1.0,EC_AMECO,2026-06-03,2026-08-31,current,,,,,,,False,False,False,20260921T154333Z,"AMECO UUOG: Other current expenditure (D.29 + D.5 + (D.4 - D.41) + D.7 + D.8), general government, ESA 2010, Commission redistribution of national accounts; same concept as the anchor's main-aggregates item"
DEU_E07_strict,DEU,ESA_EXP,E07,1,Other current expenditure,1992,1992,CY,35569.0,EUR,1709890.0,EUROSTAT_NAMA10_GDP,2.080192,,,,strict,stitched_actual,EUROSTAT_GOV10A_MAIN,1995.0,36216.0,EC_AMECO,0.9247348169717139,,,,1.0,2025.0,B,EC_AMECO_to_ESA_EXP:1.0,EC_AMECO,2026-06-03,2026-08-31,current,,,,,,,False,False,False,20260921T154333Z,"AMECO UUOG: Other current expenditure (D.29 + D.5 + (D.4 - D.41) + D.7 + D.8), general government, ESA 2010, Commission redistribution of national accounts; same concept as the anchor's main-aggregates item"
DEU_E07_strict,DEU,ESA_EXP,E07,1,Other current expenditure,1991,1991,CY,38790.0,EUR,1591610.0,EUROSTAT_NAMA10_GDP,2.437155,,,,strict,stitched_actual,EUROSTAT_GOV10A_MAIN,1995.0,36216.0,EC_AMECO,1.0905563833675391,,,,1.0,2025.0,B,EC_AMECO_to_ESA_EXP:1.0,EC_AMECO,2026-06-03,2026-08-31,current,,,,,,,False,False,False,20260921T154333Z,"AMECO UUOG: Other current expenditure (D.29 + D.5 + (D.4 - D.41) + D.7 + D.8), general government, ESA 2010, Commission redistribution of national accounts; same concept as the anchor's main-aggregates item"
DEU_E08_strict,DEU,ESA_EXP,E08,1,Gross capital formation and net acquisition of non-produced assets,1994,1994,CY,51942.88587689961,EUR,1838020.0,EUROSTAT_NAMA10_GDP,2.826024,,,,strict,stitched_actual,EUROSTAT_GOV10A_MAIN,1995.0,49564.0,EC_AMECO,1.0479962447925835,,,,1.0079,2025.0,B,EC_AMECO_to_ESA_EXP:1.0,EC_AMECO,2026-06-03,2026-08-31,current,,,,,,,False,False,False,20260921T154333Z,"AMECO UIGG0: Gross capital formation and net acquisition of non-produced assets (P.5 + NP), general government, ESA 2010, Commission redistribution of national accounts; same concept as the anchor's main-aggregates item; partial component (§7.8), coverage measured"
DEU_E08_strict,DEU,ESA_EXP,E08,1,Gross capital formation and net acquisition of non-produced assets,1993,1993,CY,52686.40888732422,EUR,1757340.0,EUROSTAT_NAMA10_GDP,2.998077,,,,strict,stitched_actual,EUROSTAT_GOV10A_MAIN,1995.0,49564.0,EC_AMECO,1.0143142414571786,,,,1.0079,2025.0,B,EC_AMECO_to_ESA_EXP:1.0,EC_AMECO,2026-06-03,2026-08-31,current,,,,,,,False,False,False,20260921T154333Z,"AMECO UIGG0: Gross capital formation and net acquisition of non-produced assets (P.5 + NP), general government, ESA 2010, Commission redistribution of national accounts; same concept as the anchor's main-aggregates item; partial component (§7.8), coverage measured"
DEU_E08_strict,DEU,ESA_EXP,E08,1,Gross capital formation and net acquisition of non-produced assets,1992,1992,CY,53624.77951847288,EUR,1709890.0,EUROSTAT_NAMA10_GDP,3.136154,,,,strict,stitched_actual,EUROSTAT_GOV10A_MAIN,1995.0,49564.0,EC_AMECO,1.0178104875804967,,,,1.0079,2025.0,B,EC_AMECO_to_ESA_EXP:1.0,EC_AMECO,2026-06-03,2026-08-31,current,,,,,,,False,False,False,20260921T154333Z,"AMECO UIGG0: Gross capital formation and net acquisition of non-produced assets (P.5 + NP), general government, ESA 2010, Commission redistribution of national accounts; same concept as the anchor's main-aggregates item; partial component (§7.8), coverage measured"
DEU_E08_strict,DEU,ESA_EXP,E08,1,Gross capital formation and net acquisition of non-produced assets,1991,1991,CY,48251.444385769326,EUR,1591610.0,EUROSTAT_NAMA10_GDP,3.031612,,,,strict,stitched_actual,EUROSTAT_GOV10A_MAIN,1995.0,49564.0,EC_AMECO,0.8997975342564807,,,,1.0079,2025.0,B,EC_AMECO_to_ESA_EXP:1.0,EC_AMECO,2026-06-03,2026-08-31,current,,,,,,,False,False,False,20260921T154333Z,"AMECO UIGG0: Gross capital formation and net acquisition of non-produced assets (P.5 + NP), general government, ESA 2010, Commission redistribution of national accounts; same concept as the anchor's main-aggregates item; partial component (§7.8), coverage measured"
DEU_E09_strict,DEU,ESA_EXP,E09,1,Capital transfers payable,1994,1994,CY,23812.941257476134,EUR,1838020.0,EUROSTAT_NAMA10_GDP,1.295576,,,,strict,stitched_actual,EUROSTAT_GOV10A_MAIN,1995.0,149703.0,EC_AMECO,0.15906789615088632,,,,0.9854,2025.0,B,EC_AMECO_to_ESA_EXP:1.0,EC_AMECO,2026-06-03,2026-08-31,current,,,,,,,False,False,False,20260921T154333Z,"AMECO UKOG: Capital transfers payable (D.9), general government, ESA 2010, Commission redistribution of national accounts; same concept as the anchor's main-aggregates item; partial component (§7.8), coverage measured"
DEU_E09_strict,DEU,ESA_EXP,E09,1,Capital transfers payable,1993,1993,CY,27395.392316623685,EUR,1757340.0,EUROSTAT_NAMA10_GDP,1.558912,,,,strict,stitched_actual,EUROSTAT_GOV10A_MAIN,1995.0,149703.0,EC_AMECO,1.150441351213716,,,,0.9854,2025.0,B,EC_AMECO_to_ESA_EXP:1.0,EC_AMECO,2026-06-03,2026-08-31,current,,,,,,,False,False,False,20260921T154333Z,"AMECO UKOG: Capital transfers payable (D.9), general government, ESA 2010, Commission redistribution of national accounts; same concept as the anchor's main-aggregates item; partial component (§7.8), coverage measured"
DEU_E09_strict,DEU,ESA_EXP,E09,1,Capital transfers payable,1992,1992,CY,29066.865956067984,EUR,1709890.0,EUROSTAT_NAMA10_GDP,1.699926,,,,strict,stitched_actual,EUROSTAT_GOV10A_MAIN,1995.0,149703.0,EC_AMECO,1.0610129477295362,,,,0.9854,2025.0,B,EC_AMECO_to_ESA_EXP:1.0,EC_AMECO,2026-06-03,2026-08-31,current,,,,,,,False,False,False,20260921T154333Z,"AMECO UKOG: Capital transfers payable (D.9), general government, ESA 2010, Commission redistribution of national accounts; same concept as the anchor's main-aggregates item; partial component (§7.8), coverage measured"
DEU_E09_strict,DEU,ESA_EXP,E09,1,Capital transfers payable,1991,1991,CY,34691.66781649542,EUR,1591610.0,EUROSTAT_NAMA10_GDP,2.179659,,,,strict,stitched_actual,EUROSTAT_GOV10A_MAIN,1995.0,149703.0,EC_AMECO,1.1935124986962415,,,,0.9854,2025.0,B,EC_AMECO_to_ESA_EXP:1.0,EC_AMECO,2026-06-03,2026-08-31,current,,,,,,,False,False,False,20260921T154333Z,"AMECO UKOG: Capital transfers payable (D.9), general government, ESA 2010, Commission redistribution of national accounts; same concept as the anchor's main-aggregates item; partial component (§7.8), coverage measured"
DEU_E01_strict,DEU,ESA_EXP,E01,1,Compensation of employees,2026,2026,CY,401390.3399999999,EUR,4606288.02,EC_AMECO,8.713965,,,,strict,direct_forecast,EUROSTAT_GOV10A_MAIN,2025.0,384274.0,EC_AMECO,1.044542019496505,,,,1.0,2025.0,A,EC_AMECO_to_ESA_EXP:1.0,EC_AMECO,2026-06-03,2026-08-31,current,,,,,,,False,False,True,20260921T154333Z,"AMECO UWCG (Spring 2026): Compensation of employees (D.1), general government, ESA 2010 — the anchor's own economic aggregate in the Commission's forecast vintage (D-S13-003)"
DEU_E01_strict,DEU,ESA_EXP,E01,1,Compensation of employees,2027,2027,CY,417009.6099999999,EUR,4786033.36,EC_AMECO,8.713053,,,,strict,direct_forecast,EUROSTAT_GOV10A_MAIN,2025.0,384274.0,EC_AMECO,1.0389129195286564,,,,1.0,2025.0,A,EC_AMECO_to_ESA_EXP:1.0,EC_AMECO,2026-06-03,2026-08-31,current,,,,,,,False,False,True,20260921T154333Z,"AMECO UWCG (Spring 2026): Compensation of employees (D.1), general government, ESA 2010 — the anchor's own economic aggregate in the Commission's forecast vintage (D-S13-003)"
DEU_E02_strict,DEU,ESA_EXP,E02,1,Intermediate consumption,2026,2026,CY,305142.44,EUR,4606288.02,EC_AMECO,6.624476,,,,strict,direct_forecast,EUROSTAT_GOV10A_MAIN,2025.0,289128.0,EC_AMECO,1.055388755153427,,,,1.0,2025.0,A,EC_AMECO_to_ESA_EXP:1.0,EC_AMECO,2026-06-03,2026-08-31,current,,,,,,,False,False,True,20260921T154333Z,"AMECO UCTGI (Spring 2026): Intermediate consumption (P.2), general government, ESA 2010 — the anchor's own economic aggregate in the Commission's forecast vintage (D-S13-003)"
DEU_E02_strict,DEU,ESA_EXP,E02,1,Intermediate consumption,2027,2027,CY,320053.72,EUR,4786033.36,EC_AMECO,6.687244,,,,strict,direct_forecast,EUROSTAT_GOV10A_MAIN,2025.0,289128.0,EC_AMECO,1.0488666211098003,,,,1.0,2025.0,A,EC_AMECO_to_ESA_EXP:1.0,EC_AMECO,2026-06-03,2026-08-31,current,,,,,,,False,False,True,20260921T154333Z,"AMECO UCTGI (Spring 2026): Intermediate consumption (P.2), general government, ESA 2010 — the anchor's own economic aggregate in the Commission's forecast vintage (D-S13-003)"
DEU_E03_strict,DEU,ESA_EXP,E03,1,Social benefits other than social transfers in kind,2026,2026,CY,785756.84,EUR,4606288.02,EC_AMECO,17.058352,,,,strict,direct_forecast,EUROSTAT_GOV10A_MAIN,2025.0,749489.0,EC_AMECO,1.0483900897811709,,,,1.0,2025.0,A,EC_AMECO_to_ESA_EXP:1.0,EC_AMECO,2026-06-03,2026-08-31,current,,,,,,,False,False,True,20260921T154333Z,"AMECO UYTGH (Spring 2026): Social benefits other than social transfers in kind (D.62), general government, ESA 2010 — the anchor's own economic aggregate in the Commission's forecast vintage (D-S13-003)"
DEU_E03_strict,DEU,ESA_EXP,E03,1,Social benefits other than social transfers in kind,2027,2027,CY,819602.4300000002,EUR,4786033.36,EC_AMECO,17.124879,,,,strict,direct_forecast,EUROSTAT_GOV10A_MAIN,2025.0,749489.0,EC_AMECO,1.043073872573607,,,,1.0,2025.0,A,EC_AMECO_to_ESA_EXP:1.0,EC_AMECO,2026-06-03,2026-08-31,current,,,,,,,False,False,True,20260921T154333Z,"AMECO UYTGH (Spring 2026): Social benefits other than social transfers in kind (D.62), general government, ESA 2010 — the anchor's own economic aggregate in the Commission's forecast vintage (D-S13-003)"
DEU_E04_strict,DEU,ESA_EXP,E04,1,Social transfers in kind (purchased market production),2026,2026,CY,438196.1600000001,EUR,4606288.02,EC_AMECO,9.513,,,,strict,direct_forecast,EUROSTAT_GOV10A_MAIN,2025.0,414854.0,EC_AMECO,1.0562659634473817,,,,1.0,2025.0,A,EC_AMECO_to_ESA_EXP:1.0,EC_AMECO,2026-06-03,2026-08-31,current,,,,,,,False,False,True,20260921T154333Z,"AMECO UYTGM (Spring 2026): Social transfers in kind (purchased market production) (D.632), general government, ESA 2010 — the anchor's own economic aggregate in the Commission's forecast vintage (D-S13-003)"
DEU_E04_strict,DEU,ESA_EXP,E04,1,Social transfers in kind (purchased market production),2027,2027,CY,456227.41000000015,EUR,4786033.36,EC_AMECO,9.532475,,,,strict,direct_forecast,EUROSTAT_GOV10A_MAIN,2025.0,414854.0,EC_AMECO,1.0411488087891962,,,,1.0,2025.0,A,EC_AMECO_to_ESA_EXP:1.0,EC_AMECO,2026-06-03,2026-08-31,current,,,,,,,False,False,True,20260921T154333Z,"AMECO UYTGM (Spring 2026): Social transfers in kind (purchased market production) (D.632), general government, ESA 2010 — the anchor's own economic aggregate in the Commission's forecast vintage (D-S13-003)"
DEU_E05_strict,DEU,ESA_EXP,E05,1,Interest payable,2026,2026,CY,53358.89000000001,EUR,4606288.02,EC_AMECO,1.158392,,,,strict,direct_forecast,EUROSTAT_GOV10A_MAIN,2025.0,49544.0,EC_AMECO,1.0770000403681577,,,,1.0,2025.0,A,EC_AMECO_to_ESA_EXP:1.0,EC_AMECO,2026-06-03,2026-08-31,current,,d41_gross_accrued,,,,,False,False,True,20260921T154333Z,"AMECO UYIG (Spring 2026): Interest payable (D.41 (uses)), general government, ESA 2010 — the anchor's own economic aggregate in the Commission's forecast vintage (D-S13-003)"
DEU_E05_strict,DEU,ESA_EXP,E05,1,Interest payable,2027,2027,CY,57636.48,EUR,4786033.36,EC_AMECO,1.204264,,,,strict,direct_forecast,EUROSTAT_GOV10A_MAIN,2025.0,49544.0,EC_AMECO,1.0801663977642713,,,,1.0,2025.0,A,EC_AMECO_to_ESA_EXP:1.0,EC_AMECO,2026-06-03,2026-08-31,current,,d41_gross_accrued,,,,,False,False,True,20260921T154333Z,"AMECO UYIG (Spring 2026): Interest payable (D.41 (uses)), general government, ESA 2010 — the anchor's own economic aggregate in the Commission's forecast vintage (D-S13-003)"
DEU_E05_strict,DEU,ESA_EXP,E05,1,Interest payable,2028,2028,CY,66849.99628426188,EUR,5015638.894276993,EC_DSM_constructed,1.332831,,,,strict,direct_forecast,EUROSTAT_GOV10A_MAIN,2025.0,49544.0,EC_DSM,1.1598556380310159,,,,1.0515,2025.0,B,EC_DSM_to_INTEREST:1.0,EC_DSM,2026-02-12,2026-08-31,current,,d41_gross_accrued,,,,,False,False,True,20260921T154333Z,"DSM 2025 baseline interest expenditure, % of GDP, gross accrued GG D.41 (EDP concept); nominal path via DSM real growth and inflation assumptions (§7.5); long-term leg beyond the AMECO horizon per D12"
DEU_E05_strict,DEU,ESA_EXP,E05,1,Interest payable,2029,2029,CY,76568.6814792449,EUR,5180003.385256755,EC_DSM_constructed,1.478159,,,,strict,direct_forecast,EUROSTAT_GOV10A_MAIN,2025.0,49544.0,EC_DSM,1.1453804896810598,,,,1.0515,2025.0,B,EC_DSM_to_INTEREST:1.0,EC_DSM,2026-02-12,2026-08-31,current,,d41_gross_accrued,,,,,False,False,True,20260921T154333Z,"DSM 2025 baseline interest expenditure, % of GDP, gross accrued GG D.41 (EDP concept); nominal path via DSM real growth and inflation assumptions (§7.5); long-term leg beyond the AMECO horizon per D12"
DEU_E05_strict,DEU,ESA_EXP,E05,1,Interest payable,2030,2030,CY,86945.90905162117,EUR,5344451.800157022,EC_DSM_constructed,1.626844,,,,strict,direct_forecast,EUROSTAT_GOV10A_MAIN,2025.0,49544.0,EC_DSM,1.1355283566583183,,,,1.0515,2025.0,B,EC_DSM_to_INTEREST:1.0,EC_DSM,2026-02-12,2026-08-31,current,,d41_gross_accrued,,,,,False,False,True,20260921T154333Z,"DSM 2025 baseline interest expenditure, % of GDP, gross accrued GG D.41 (EDP concept); nominal path via DSM real growth and inflation assumptions (§7.5); long-term leg beyond the AMECO horizon per D12"
DEU_E05_strict,DEU,ESA_EXP,E05,1,Interest payable,2031,2031,CY,98180.6556827799,EUR,5505622.171027593,EC_DSM_constructed,1.78328,,,,strict,direct_forecast,EUROSTAT_GOV10A_MAIN,2025.0,49544.0,EC_DSM,1.1292153564636203,,,,1.0515,2025.0,B,EC_DSM_to_INTEREST:1.0,EC_DSM,2026-02-12,2026-08-31,current,,d41_gross_accrued,,,,,False,False,True,20260921T154333Z,"DSM 2025 baseline interest expenditure, % of GDP, gross accrued GG D.41 (EDP concept); nominal path via DSM real growth and inflation assumptions (§7.5); long-term leg beyond the AMECO horizon per D12"
DEU_E05_strict,DEU,ESA_EXP,E05,1,Interest payable,2032,2032,CY,110505.60006099066,EUR,5671471.281956367,EC_DSM_constructed,1.948447,,,,strict,direct_forecast,EUROSTAT_GOV10A_MAIN,2025.0,49544.0,EC_DSM,1.1255333272374188,,,,1.0515,2025.0,B,EC_DSM_to_INTEREST:1.0,EC_DSM,2026-02-12,2026-08-31,current,,d41_gross_accrued,,,,,False,False,True,20260921T154333Z,"DSM 2025 baseline interest expenditure, % of GDP, gross accrued GG D.41 (EDP concept); nominal path via DSM real growth and inflation assumptions (§7.5); long-term leg beyond the AMECO horizon per D12"
DEU_E05_strict,DEU,ESA_EXP,E05,1,Interest payable,2033,2033,CY,124238.82853436914,EUR,5842642.108842342,EC_DSM_constructed,2.126415,,,,strict,direct_forecast,EUROSTAT_GOV10A_MAIN,2025.0,49544.0,EC_DSM,1.1242763123841577,,,,1.0515,2025.0,B,EC_DSM_to_INTEREST:1.0,EC_DSM,2026-02-12,2026-08-31,current,,d41_gross_accrued,,,,,False,False,True,20260921T154333Z,"DSM 2025 baseline interest expenditure, % of GDP, gross accrued GG D.41 (EDP concept); nominal path via DSM real growth and inflation assumptions (§7.5); long-term leg beyond the AMECO horizon per D12"
DEU_E05_strict,DEU,ESA_EXP,E05,1,Interest payable,2034,2034,CY,139347.38061617283,EUR,6021536.372342791,EC_DSM_constructed,2.31415,,,,strict,direct_forecast,EUROSTAT_GOV10A_MAIN,2025.0,49544.0,EC_DSM,1.1216089386871841,,,,1.0515,2025.0,B,EC_DSM_to_INTEREST:1.0,EC_DSM,2026-02-12,2026-08-31,current,,d41_gross_accrued,,,,,False,False,True,20260921T154333Z,"DSM 2025 baseline interest expenditure, % of GDP, gross accrued GG D.41 (EDP concept); nominal path via DSM real growth and inflation assumptions (§7.5); long-term leg beyond the AMECO horizon per D12"
DEU_E05_strict,DEU,ESA_EXP,E05,1,Interest payable,2035,2035,CY,155770.63255076995,EUR,6212637.572414061,EC_DSM_constructed,2.507319,,,,strict,direct_forecast,EUROSTAT_GOV10A_MAIN,2025.0,49544.0,EC_DSM,1.1178583469741306,,,,1.0515,2025.0,B,EC_DSM_to_INTEREST:1.0,EC_DSM,2026-02-12,2026-08-31,current,,d41_gross_accrued,,,,,False,False,True,20260921T154333Z,"DSM 2025 baseline interest expenditure, % of GDP, gross accrued GG D.41 (EDP concept); nominal path via DSM real growth and inflation assumptions (§7.5); long-term leg beyond the AMECO horizon per D12"
DEU_E05_strict,DEU,ESA_EXP,E05,1,Interest payable,2036,2036,CY,172006.83822335026,EUR,6419648.364622827,EC_DSM_constructed,2.679381,,,,strict,direct_forecast,EUROSTAT_GOV10A_MAIN,2025.0,49544.0,EC_DSM,1.1042314934895605,,,,1.0515,2025.0,B,EC_DSM_to_INTEREST:1.0,EC_DSM,2026-02-12,2026-08-31,current,,d41_gross_accrued,,,,,False,False,True,20260921T154333Z,"DSM 2025 baseline interest expenditure, % of GDP, gross accrued GG D.41 (EDP concept); nominal path via DSM real growth and inflation assumptions (§7.5); long-term leg beyond the AMECO horizon per D12"
DEU_E06_strict,DEU,ESA_EXP,E06,1,Subsidies,2026,2026,CY,58667.0,EUR,4606288.02,EC_AMECO,1.273629,,,,strict,direct_forecast,EUROSTAT_GOV10A_MAIN,2025.0,53867.0,EC_AMECO,1.0891083594779736,,,,1.0,2025.0,A,EC_AMECO_to_ESA_EXP:1.0,EC_AMECO,2026-06-03,2026-08-31,current,,,,,,,False,False,True,20260921T154333Z,"AMECO UYVG (Spring 2026): Subsidies (D.3), general government, ESA 2010 — the anchor's own economic aggregate in the Commission's forecast vintage (D-S13-003)"
DEU_E06_strict,DEU,ESA_EXP,E06,1,Subsidies,2027,2027,CY,61767.0,EUR,4786033.36,EC_AMECO,1.290568,,,,strict,direct_forecast,EUROSTAT_GOV10A_MAIN,2025.0,53867.0,EC_AMECO,1.052840608860177,,,,1.0,2025.0,A,EC_AMECO_to_ESA_EXP:1.0,EC_AMECO,2026-06-03,2026-08-31,current,,,,,,,False,False,True,20260921T154333Z,"AMECO UYVG (Spring 2026): Subsidies (D.3), general government, ESA 2010 — the anchor's own economic aggregate in the Commission's forecast vintage (D-S13-003)"
DEU_E07_strict,DEU,ESA_EXP,E07,1,Other current expenditure,2026,2026,CY,106240.04,EUR,4606288.02,EC_AMECO,2.306413,,,,strict,direct_forecast,EUROSTAT_GOV10A_MAIN,2025.0,95616.0,EC_AMECO,1.1111115294511378,,,,1.0,2025.0,A,EC_AMECO_to_ESA_EXP:1.0,EC_AMECO,2026-06-03,2026-08-31,current,,,,,,,False,False,True,20260921T154333Z,"AMECO UUOG (Spring 2026): Other current expenditure (D.29 + D.5 + (D.4 - D.41) + D.7 + D.8), general government, ESA 2010 — the anchor's own economic aggregate in the Commission's forecast vintage (D-S13-003)"
DEU_E07_strict,DEU,ESA_EXP,E07,1,Other current expenditure,2027,2027,CY,108491.71999999999,EUR,4786033.36,EC_AMECO,2.26684,,,,strict,direct_forecast,EUROSTAT_GOV10A_MAIN,2025.0,95616.0,EC_AMECO,1.0211942691286637,,,,1.0,2025.0,A,EC_AMECO_to_ESA_EXP:1.0,EC_AMECO,2026-06-03,2026-08-31,current,,,,,,,False,False,True,20260921T154333Z,"AMECO UUOG (Spring 2026): Other current expenditure (D.29 + D.5 + (D.4 - D.41) + D.7 + D.8), general government, ESA 2010 — the anchor's own economic aggregate in the Commission's forecast vintage (D-S13-003)"
USA_E01_strict,USA,ESA_EXP,E01,1,Compensation of employees,1970,1970,CY,129804.902,USD,1073303.0,OECD_T1,12.093966,367503.355,OECD_T12_EXP,35.320739,strict,anchor_actual,OECD_T12_EXP,1970.0,129804.902,,,,,,,,A,,OECD_T12_EXP,,2026-09-21,current,,,,,,,False,False,False,20260921T154333Z,
USA_E01_strict,USA,ESA_EXP,E01,1,Compensation of employees,1971,1971,CY,142835.65,USD,1164850.0,OECD_T1,12.26215,402471.767,OECD_T12_EXP,35.489607,strict,anchor_actual,OECD_T12_EXP,1971.0,142835.65,,,,,,,,A,,OECD_T12_EXP,,2026-09-21,current,,,,,,,False,False,False,20260921T154333Z,
USA_E01_strict,USA,ESA_EXP,E01,1,Compensation of employees,1972,1972,CY,156099.99,USD,1279110.0,OECD_T1,12.203797,440097.771,OECD_T12_EXP,35.469389,strict,anchor_actual,OECD_T12_EXP,1972.0,156099.99,,,,,,,,A,,OECD_T12_EXP,,2026-09-21,current,,,,,,,False,False,False,20260921T154333Z,
USA_E01_strict,USA,ESA_EXP,E01,1,Compensation of employees,1973,1973,CY,167563.436,USD,1425376.0,OECD_T1,11.755736,475784.734,OECD_T12_EXP,35.21833,strict,anchor_actual,OECD_T12_EXP,1973.0,167563.436,,,,,,,,A,,OECD_T12_EXP,,2026-09-21,current,,,,,,,False,False,False,20260921T154333Z,
USA_E01_strict,USA,ESA_EXP,E01,1,Compensation of employees,1974,1974,CY,180978.12,USD,1545243.0,OECD_T1,11.711952,534060.3,OECD_T12_EXP,33.887207,strict,anchor_actual,OECD_T12_EXP,1974.0,180978.12,,,,,,,,A,,OECD_T12_EXP,,2026-09-21,current,,,,,,,False,False,False,20260921T154333Z,
USA_E01_strict,USA,ESA_EXP,E01,1,Compensation of employees,1975,1975,CY,199816.916,USD,1684904.0,OECD_T1,11.859246,621290.987,OECD_T12_EXP,32.161567,strict,anchor_actual,OECD_T12_EXP,1975.0,199816.916,,,,,,,,A,,OECD_T12_EXP,,2026-09-21,current,,,,,,,False,False,False,20260921T154333Z,
USA_E01_strict,USA,ESA_EXP,E01,1,Compensation of employees,1976,1976,CY,213527.743,USD,1873412.0,OECD_T1,11.397799,665239.828,OECD_T12_EXP,32.097859,strict,anchor_actual,OECD_T12_EXP,1976.0,213527.743,,,,,,,,A,,OECD_T12_EXP,,2026-09-21,current,,,,,,,False,False,False,20260921T154333Z,
USA_E01_strict,USA,ESA_EXP,E01,1,Compensation of employees,1977,1977,CY,230050.928,USD,2081826.0,OECD_T1,11.05044,719289.853,OECD_T12_EXP,31.983063,strict,anchor_actual,OECD_T12_EXP,1977.0,230050.928,,,,,,,,A,,OECD_T12_EXP,,2026-09-21,current,,,,,,,False,False,False,20260921T154333Z,
USA_E01_strict,USA,ESA_EXP,E01,1,Compensation of employees,1978,1978,CY,250738.641,USD,2351599.0,OECD_T1,10.662474,793433.202,OECD_T12_EXP,31.601733,strict,anchor_actual,OECD_T12_EXP,1978.0,250738.641,,,,,,,,A,,OECD_T12_EXP,,2026-09-21,current,,,,,,,False,False,False,20260921T154333Z,
USA_E01_strict,USA,ESA_EXP,E01,1,Compensation of employees,1979,1979,CY,271292.801,USD,2627333.0,OECD_T1,10.325787,881942.15,OECD_T12_EXP,30.760839,strict,anchor_actual,OECD_T12_EXP,1979.0,271292.801,,,,,,,,A,,OECD_T12_EXP,,2026-09-21,current,,,,,,,False,False,False,20260921T154333Z,
USA_E01_strict,USA,ESA_EXP,E01,1,Compensation of employees,1980,1980,CY,298542.404,USD,2857307.0,OECD_T1,10.448384,1011584.392,OECD_T12_EXP,29.512358,strict,anchor_actual,OECD_T12_EXP,1980.0,298542.404,,,,,,,,A,,OECD_T12_EXP,,2026-09-21,current,,,227220.0,-23.8902,,,False,False,False,20260921T154333Z,
USA_E01_strict,USA,ESA_EXP,E01,1,Compensation of employees,1981,1981,CY,329138.912,USD,3207041.0,OECD_T1,10.263009,1141638.875,OECD_T12_EXP,28.830388,strict,anchor_actual,OECD_T12_EXP,1981.0,329138.912,,,,,,,,A,,OECD_T12_EXP,,2026-09-21,current,,,252950.0,-23.148,,,False,False,False,20260921T154333Z,
USA_E01_strict,USA,ESA_EXP,E01,1,Compensation of employees,1982,1982,CY,357640.06,USD,3343789.0,OECD_T1,10.695653,1265571.752,OECD_T12_EXP,28.259169,strict,anchor_actual,OECD_T12_EXP,1982.0,357640.06,,,,,,,,A,,OECD_T12_EXP,,2026-09-21,current,,,274830.0,-23.1546,,,False,False,False,20260921T154333Z,
USA_E01_strict,USA,ESA_EXP,E01,1,Compensation of employees,1983,1983,CY,380391.594,USD,3634038.0,OECD_T1,10.467463,1378107.36,OECD_T12_EXP,27.602464,strict,anchor_actual,OECD_T12_EXP,1983.0,380391.594,,,,,,,,A,,OECD_T12_EXP,,2026-09-21,current,,,295340.0,-22.359,,,False,False,False,20260921T154333Z,
USA_E01_strict,USA,ESA_EXP,E01,1,Compensation of employees,1984,1984,CY,408447.236,USD,4037613.0,OECD_T1,10.116057,1482956.458,OECD_T12_EXP,27.542767,strict,anchor_actual,OECD_T12_EXP,1984.0,408447.236,,,,,,,,A,,OECD_T12_EXP,,2026-09-21,current,,,316150.0,-22.5971,,,False,False,False,20260921T154333Z,
USA_E01_strict,USA,ESA_EXP,E01,1,Compensation of employees,1985,1985,CY,442218.601,USD,4338979.0,OECD_T1,10.191766,1619504.884,OECD_T12_EXP,27.30579,strict,anchor_actual,OECD_T12_EXP,1985.0,442218.601,,,,,,,,A,,OECD_T12_EXP,,2026-09-21,current,,,339740.0,-23.1737,,,False,False,False,20260921T154333Z,
USA_E01_strict,USA,ESA_EXP,E01,1,Compensation of employees,1986,1986,CY,470007.183,USD,4579631.0,OECD_T1,10.262992,1729603.143,OECD_T12_EXP,27.174279,strict,anchor_actual,OECD_T12_EXP,1986.0,470007.183,,,,,,,,A,,OECD_T12_EXP,,2026-09-21,current,,,363430.0,-22.6756,,,False,False,False,20260921T154333Z,
USA_E01_strict,USA,ESA_EXP,E01,1,Compensation of employees,1987,1987,CY,498543.068,USD,4855215.0,OECD_T1,10.268198,1823219.018,OECD_T12_EXP,27.344113,strict,anchor_actual,OECD_T12_EXP,1987.0,498543.068,,,,,,,,A,,OECD_T12_EXP,,2026-09-21,current,,,388760.0,-22.0208,,,False,False,False,20260921T154333Z,
USA_E01_strict,USA,ESA_EXP,E01,1,Compensation of employees,1988,1988,CY,535393.729,USD,5236438.0,OECD_T1,10.224388,1921327.694,OECD_T12_EXP,27.865821,strict,anchor_actual,OECD_T12_EXP,1988.0,535393.729,,,,,,,,A,,OECD_T12_EXP,,2026-09-21,current,,,416170.0,-22.2684,,,False,False,False,20260921T154333Z,
USA_E01_strict,USA,ESA_EXP,E01,1,Compensation of employees,1989,1989,CY,577501.697,USD,5641580.0,OECD_T1,10.236524,2070591.536,OECD_T12_EXP,27.890662,strict,anchor_actual,OECD_T12_EXP,1989.0,577501.697,,,,,,,,A,,OECD_T12_EXP,,2026-09-21,current,,,445110.0,-22.9249,,,False,False,False,20260921T154333Z,
USA_E01_strict,USA,ESA_EXP,E01,1,Compensation of employees,1990,1990,CY,625025.729,USD,5963144.0,OECD_T1,10.48148,2245937.647,OECD_T12_EXP,27.829167,strict,anchor_actual,OECD_T12_EXP,1990.0,625025.729,,,,,,,,A,,OECD_T12_EXP,,2026-09-21,current,,,485840.0,-22.2688,,,False,False,False,20260921T154333Z,
USA_E01_strict,USA,ESA_EXP,E01,1,Compensation of employees,1991,1991,CY,667630.86,USD,6158129.0,OECD_T1,10.841456,2375813.949,OECD_T12_EXP,28.101142,strict,anchor_actual,OECD_T12_EXP,1991.0,667630.86,,,,,,,,A,,OECD_T12_EXP,,2026-09-21,current,,,524960.0,-21.3697,,,False,False,False,20260921T154333Z,
USA_E01_strict,USA,ESA_EXP,E01,1,Compensation of employees,1992,1992,CY,707658.737,USD,6520327.0,OECD_T1,10.853117,2566906.471,OECD_T12_EXP,27.568544,strict,anchor_actual,OECD_T12_EXP,1992.0,707658.737,,,,,,,,A,,OECD_T12_EXP,,2026-09-21,current,,,543310.0,-23.2243,,,False,False,False,20260921T154333Z,
USA_E01_strict,USA,ESA_EXP,E01,1,Compensation of employees,1993,1993,CY,730824.804,USD,6858559.0,OECD_T1,10.655661,2661705.411,OECD_T12_EXP,27.457013,strict,anchor_actual,OECD_T12_EXP,1993.0,730824.804,,,,,,,,A,,OECD_T12_EXP,,2026-09-21,current,,,568240.0,-22.2468,,,False,False,False,20260921T154333Z,
USA_E01_strict,USA,ESA_EXP,E01,1,Compensation of employees,1994,1994,CY,755940.587,USD,7287236.0,OECD_T1,10.373488,2757826.66,OECD_T12_EXP,27.410736,strict,anchor_actual,OECD_T12_EXP,1994.0,755940.587,,,,,,,,A,,OECD_T12_EXP,,2026-09-21,current,,,586230.0,-22.4503,,,False,False,False,20260921T154333Z,
USA_E01_strict,USA,ESA_EXP,E01,1,Compensation of employees,1995,1995,CY,777866.372,USD,7639749.0,OECD_T1,10.181832,2888481.116,OECD_T12_EXP,26.929945,strict,anchor_actual,OECD_T12_EXP,1995.0,777866.372,,,,,,,,A,,OECD_T12_EXP,,2026-09-21,current,,,605020.0,-22.2206,,,False,False,False,20260921T154333Z,
USA_E01_strict,USA,ESA_EXP,E01,1,Compensation of employees,1996,1996,CY,798820.983,USD,8073122.0,OECD_T1,9.894821,2997027.645,OECD_T12_EXP,26.653774,strict,anchor_actual,OECD_T12_EXP,1996.0,798820.983,,,,,,,,A,,OECD_T12_EXP,,2026-09-21,current,,,625070.0,-21.7509,,,False,False,False,20260921T154333Z,
USA_E01_strict,USA,ESA_EXP,E01,1,Compensation of employees,1997,1997,CY,828477.827,USD,8577552.0,OECD_T1,9.658674,3085212.788,OECD_T12_EXP,26.853183,strict,anchor_actual,OECD_T12_EXP,1997.0,828477.827,,,,,,,,A,,OECD_T12_EXP,,2026-09-21,current,,,649560.0,-21.596,,,False,False,False,20260921T154333Z,
USA_E01_strict,USA,ESA_EXP,E01,1,Compensation of employees,1998,1998,CY,865629.096,USD,9062817.0,OECD_T1,9.551435,3182809.689,OECD_T12_EXP,27.197011,strict,anchor_actual,OECD_T12_EXP,1998.0,865629.096,,,,,,,,A,,OECD_T12_EXP,,2026-09-21,current,,,678370.0,-21.6327,,,False,False,False,20260921T154333Z,
USA_E01_strict,USA,ESA_EXP,E01,1,Compensation of employees,1999,1999,CY,915614.883,USD,9631172.0,OECD_T1,9.506786,3337215.127,OECD_T12_EXP,27.436496,strict,anchor_actual,OECD_T12_EXP,1999.0,915614.883,,,,,,,,A,,OECD_T12_EXP,,2026-09-21,current,,,712630.0,-22.1692,,,False,False,False,20260921T154333Z,
USA_E01_strict,USA,ESA_EXP,E01,1,Compensation of employees,2000,2000,CY,973339.113,USD,10250952.0,OECD_T1,9.495109,3516022.544,OECD_T12_EXP,27.68296,strict,anchor_actual,OECD_T12_EXP,2000.0,973339.113,,,,,,,,A,,OECD_T12_EXP,,2026-09-21,current,,,754970.0,-22.435,,,False,False,False,20260921T154333Z,
USA_E01_strict,USA,ESA_EXP,E01,1,Compensation of employees,2001,2001,CY,1040355.173,USD,10581929.0,OECD_T1,9.831432,3768842.739,OECD_T12_EXP,27.604101,strict,anchor_actual,OECD_T12_EXP,2001.0,1040355.173,,,,,,,,A,,OECD_T12_EXP,,2026-09-21,current,,,974644.6,-6.3162,,,False,False,False,20260921T154333Z,
USA_E01_strict,USA,ESA_EXP,E01,1,Compensation of employees,2002,2002,CY,1112192.935,USD,10929108.0,OECD_T1,10.176429,4015593.389,OECD_T12_EXP,27.696851,strict,anchor_actual,OECD_T12_EXP,2002.0,1112192.935,,,,,,,,A,,OECD_T12_EXP,,2026-09-21,current,,,1042273.2,-6.2867,,,False,False,False,20260921T154333Z,
USA_E01_strict,USA,ESA_EXP,E01,1,Compensation of employees,2003,2003,CY,1181623.489,USD,11456450.0,OECD_T1,10.314046,4268405.593,OECD_T12_EXP,27.683018,strict,anchor_actual,OECD_T12_EXP,2003.0,1181623.489,,,,,,,,A,,OECD_T12_EXP,,2026-09-21,current,,,1108551.4,-6.184,,,False,False,False,20260921T154333Z,
USA_E01_strict,USA,ESA_EXP,E01,1,Compensation of employees,2004,2004,CY,1243697.401,USD,12217196.0,OECD_T1,10.179892,4503250.177,OECD_T12_EXP,27.617773,strict,anchor_actual,OECD_T12_EXP,2004.0,1243697.401,,,,,,,,A,,OECD_T12_EXP,,2026-09-21,current,,,1167565.0,-6.1215,,,False,False,False,20260921T154333Z,
USA_E01_strict,USA,ESA_EXP,E01,1,Compensation of employees,2005,2005,CY,1302528.506,USD,13039197.0,OECD_T1,9.989331,4817585.229,OECD_T12_EXP,27.036958,strict,anchor_actual,OECD_T12_EXP,2005.0,1302528.506,,,,,,,,A,,OECD_T12_EXP,,2026-09-21,current,,,1223040.6,-6.1026,,,False,False,False,20260921T154333Z,
USA_E01_strict,USA,ESA_EXP,E01,1,Compensation of employees,2006,2006,CY,1361191.919,USD,13815583.0,OECD_T1,9.852584,5065366.17,OECD_T12_EXP,26.872528,strict,anchor_actual,OECD_T12_EXP,2006.0,1361191.919,,,,,,,,A,,OECD_T12_EXP,,2026-09-21,current,,,1279058.8,-6.0339,,,False,False,False,20260921T154333Z,
USA_E01_strict,USA,ESA_EXP,E01,1,Compensation of employees,2007,2007,CY,1435199.987,USD,14474228.0,OECD_T1,9.915555,5408532.177,OECD_T12_EXP,26.53585,strict,anchor_actual,OECD_T12_EXP,2007.0,1435199.987,,,,,,,,A,,OECD_T12_EXP,,2026-09-21,current,,,1349321.8,-5.9837,,,False,False,False,20260921T154333Z,
USA_E01_strict,USA,ESA_EXP,E01,1,Compensation of employees,2008,2008,CY,1508500.556,USD,14769862.0,OECD_T1,10.213369,5860288.656,OECD_T12_EXP,25.741062,strict,anchor_actual,OECD_T12_EXP,2008.0,1508500.556,,,,,,,,A,,OECD_T12_EXP,,2026-09-21,current,,,1419535.8,-5.8976,,,False,False,False,20260921T154333Z,
USA_E01_strict,USA,ESA_EXP,E01,1,Compensation of employees,2009,2009,CY,1557620.756,USD,14478067.0,OECD_T1,10.758486,6253856.833,OECD_T12_EXP,24.906562,strict,anchor_actual,OECD_T12_EXP,2009.0,1557620.756,,,,,,,,A,,OECD_T12_EXP,,2026-09-21,current,,,1467673.8,-5.7746,,,False,False,False,20260921T154333Z,
USA_E01_strict,USA,ESA_EXP,E01,1,Compensation of employees,2010,2010,CY,1608903.189,USD,15048971.0,OECD_T1,10.691118,6472653.579,OECD_T12_EXP,24.856933,strict,anchor_actual,OECD_T12_EXP,2010.0,1608903.189,,,,,,,,A,,OECD_T12_EXP,,2026-09-21,current,,,1517238.3,-5.6974,,,False,False,False,20260921T154333Z,
USA_E01_strict,USA,ESA_EXP,E01,1,Compensation of employees,2011,2011,CY,1618907.88,USD,15599732.0,OECD_T1,10.377793,6535058.593,OECD_T12_EXP,24.772661,strict,anchor_actual,OECD_T12_EXP,2011.0,1618907.88,,,,,,,,A,,OECD_T12_EXP,,2026-09-21,current,,,1525877.9,-5.7465,,,False,False,False,20260921T154333Z,
USA_E01_strict,USA,ESA_EXP,E01,1,Compensation of employees,2012,2012,CY,1621201.062,USD,16253970.0,OECD_T1,9.974185,6515363.741,OECD_T12_EXP,24.882741,strict,anchor_actual,OECD_T12_EXP,2012.0,1621201.062,,,,,,,,A,,OECD_T12_EXP,,2026-09-21,current,,,1528139.6,-5.7403,,,False,False,False,20260921T154333Z,
USA_E01_strict,USA,ESA_EXP,E01,1,Compensation of employees,2013,2013,CY,1665523.741,USD,16880683.0,OECD_T1,9.866448,6548911.724,OECD_T12_EXP,25.432069,strict,anchor_actual,OECD_T12_EXP,2013.0,1665523.741,,,,,,,,A,,OECD_T12_EXP,,2026-09-21,current,,,1568827.5,-5.8058,,,False,False,False,20260921T154333Z,
USA_E01_strict,USA,ESA_EXP,E01,1,Compensation of employees,2014,2014,CY,1706888.623,USD,17608138.0,OECD_T1,9.693749,6721068.225,OECD_T12_EXP,25.396091,strict,anchor_actual,OECD_T12_EXP,2014.0,1706888.623,,,,,,,,A,,OECD_T12_EXP,,2026-09-21,current,,,1607404.6,-5.8284,,,False,False,False,20260921T154333Z,
USA_E01_strict,USA,ESA_EXP,E01,1,Compensation of employees,2015,2015,CY,1758064.369,USD,18295019.0,OECD_T1,9.609525,6910981.379,OECD_T12_EXP,25.438708,strict,anchor_actual,OECD_T12_EXP,2015.0,1758064.369,,,,,,,,A,,OECD_T12_EXP,,2026-09-21,current,,,1654744.5,-5.8769,,,False,False,False,20260921T154333Z,
USA_E01_strict,USA,ESA_EXP,E01,1,Compensation of employees,2016,2016,CY,1798954.79,USD,18804913.0,OECD_T1,9.566408,7156461.234,OECD_T12_EXP,25.137491,strict,anchor_actual,OECD_T12_EXP,2016.0,1798954.79,,,,,,,,A,,OECD_T12_EXP,,2026-09-21,current,,,1692417.2,-5.9222,,,False,False,False,20260921T154333Z,
USA_E01_strict,USA,ESA_EXP,E01,1,Compensation of employees,2017,2017,CY,1846072.384,USD,19612102.0,OECD_T1,9.412925,7407363.809,OECD_T12_EXP,24.922124,strict,anchor_actual,OECD_T12_EXP,2017.0,1846072.384,,,,,,,,A,,OECD_T12_EXP,,2026-09-21,current,,,1735786.0,-5.9741,,,False,False,False,20260921T154333Z,
USA_E01_strict,USA,ESA_EXP,E01,1,Compensation of employees,2018,2018,CY,1922216.916,USD,20656516.0,OECD_T1,9.30562,7792497.79,OECD_T12_EXP,24.667532,strict,anchor_actual,OECD_T12_EXP,2018.0,1922216.916,,,,,,,,A,,OECD_T12_EXP,,2026-09-21,current,,,1806615.7,-6.014,,,False,False,False,20260921T154333Z,
USA_E01_strict,USA,ESA_EXP,E01,1,Compensation of employees,2019,2019,CY,1978596.037,USD,21539982.0,OECD_T1,9.18569,8237124.663,OECD_T12_EXP,24.02047,strict,anchor_actual,OECD_T12_EXP,2019.0,1978596.037,,,,,,,,A,,OECD_T12_EXP,,2026-09-21,current,,,1859532.7,-6.0176,,,False,False,False,20260921T154333Z,
USA_E01_strict,USA,ESA_EXP,E01,1,Compensation of employees,2020,2020,CY,2046405.832,USD,21375281.0,OECD_T1,9.573703,10100928.491,OECD_T12_EXP,20.259581,strict,anchor_actual,OECD_T12_EXP,2020.0,2046405.832,,,,,,,,A,,OECD_T12_EXP,,2026-09-21,current,,,1929220.8,-5.7264,,,False,False,False,20260921T154333Z,
USA_E01_strict,USA,ESA_EXP,E01,1,Compensation of employees,2021,2021,CY,2107936.768,USD,23725645.0,OECD_T1,8.884634,10755588.525,OECD_T12_EXP,19.598526,strict,anchor_actual,OECD_T12_EXP,2021.0,2107936.768,,,,,,,,A,,OECD_T12_EXP,,2026-09-21,current,,,1989367.6,-5.6249,,,False,False,False,20260921T154333Z,
USA_E01_strict,USA,ESA_EXP,E01,1,Compensation of employees,2022,2022,CY,2168372.376,USD,26054614.0,OECD_T1,8.322412,10009774.585,OECD_T12_EXP,21.66255,strict,anchor_actual,OECD_T12_EXP,2022.0,2168372.376,,,,,,,,A,,OECD_T12_EXP,,2026-09-21,current,,,2044314.3,-5.7213,,,False,False,False,20260921T154333Z,
USA_E01_strict,USA,ESA_EXP,E01,1,Compensation of employees,2023,2023,CY,2313103.325,USD,27811517.0,OECD_T1,8.31707,10905857.712,OECD_T12_EXP,21.209733,strict,anchor_actual,OECD_T12_EXP,2023.0,2313103.325,,,,,,,,A,,OECD_T12_EXP,,2026-09-21,current,,,2179146.0,-5.7912,,,False,False,False,20260921T154333Z,
USA_E01_strict,USA,ESA_EXP,E01,1,Compensation of employees,2024,2024,CY,2470130.954,USD,29298013.0,OECD_T1,8.431053,11592173.245,OECD_T12_EXP,21.30861,strict,anchor_actual,OECD_T12_EXP,2024.0,2470130.954,,,,,,,,A,,OECD_T12_EXP,,2026-09-21,current,,,2325221.3,-5.8665,,,False,False,False,20260921T154333Z,
USA_E02_strict,USA,ESA_EXP,E02,1,Intermediate consumption,1970,1970,CY,53836.145,USD,1073303.0,OECD_T1,5.015932,367503.355,OECD_T12_EXP,14.649157,strict,anchor_actual,OECD_T12_EXP,1970.0,53836.145,,,,,,,,A,,OECD_T12_EXP,,2026-09-21,current,,,,,,,False,False,False,20260921T154333Z,
USA_E02_strict,USA,ESA_EXP,E02,1,Intermediate consumption,1971,1971,CY,57668.51,USD,1164850.0,OECD_T1,4.950724,402471.767,OECD_T12_EXP,14.328585,strict,anchor_actual,OECD_T12_EXP,1971.0,57668.51,,,,,,,,A,,OECD_T12_EXP,,2026-09-21,current,,,,,,,False,False,False,20260921T154333Z,
USA_E02_strict,USA,ESA_EXP,E02,1,Intermediate consumption,1972,1972,CY,62972.842,USD,1279110.0,OECD_T1,4.923176,440097.771,OECD_T12_EXP,14.30883,strict,anchor_actual,OECD_T12_EXP,1972.0,62972.842,,,,,,,,A,,OECD_T12_EXP,,2026-09-21,current,,,,,,,False,False,False,20260921T154333Z,
USA_E02_strict,USA,ESA_EXP,E02,1,Intermediate consumption,1973,1973,CY,65569.107,USD,1425376.0,OECD_T1,4.600127,475784.734,OECD_T12_EXP,13.781255,strict,anchor_actual,OECD_T12_EXP,1973.0,65569.107,,,,,,,,A,,OECD_T12_EXP,,2026-09-21,current,,,,,,,False,False,False,20260921T154333Z,
USA_E02_strict,USA,ESA_EXP,E02,1,Intermediate consumption,1974,1974,CY,76868.681,USD,1545243.0,OECD_T1,4.974537,534060.3,OECD_T12_EXP,14.393259,strict,anchor_actual,OECD_T12_EXP,1974.0,76868.681,,,,,,,,A,,OECD_T12_EXP,,2026-09-21,current,,,,,,,False,False,False,20260921T154333Z,
USA_E02_strict,USA,ESA_EXP,E02,1,Intermediate consumption,1975,1975,CY,87942.037,USD,1684904.0,OECD_T1,5.219409,621290.987,OECD_T12_EXP,14.154726,strict,anchor_actual,OECD_T12_EXP,1975.0,87942.037,,,,,,,,A,,OECD_T12_EXP,,2026-09-21,current,,,,,,,False,False,False,20260921T154333Z,
USA_E02_strict,USA,ESA_EXP,E02,1,Intermediate consumption,1976,1976,CY,92619.582,USD,1873412.0,OECD_T1,4.943898,665239.828,OECD_T12_EXP,13.922736,strict,anchor_actual,OECD_T12_EXP,1976.0,92619.582,,,,,,,,A,,OECD_T12_EXP,,2026-09-21,current,,,,,,,False,False,False,20260921T154333Z,
USA_E02_strict,USA,ESA_EXP,E02,1,Intermediate consumption,1977,1977,CY,103463.191,USD,2081826.0,OECD_T1,4.969829,719289.853,OECD_T12_EXP,14.384075,strict,anchor_actual,OECD_T12_EXP,1977.0,103463.191,,,,,,,,A,,OECD_T12_EXP,,2026-09-21,current,,,,,,,False,False,False,20260921T154333Z,
USA_E02_strict,USA,ESA_EXP,E02,1,Intermediate consumption,1978,1978,CY,113755.56,USD,2351599.0,OECD_T1,4.837371,793433.202,OECD_T12_EXP,14.337131,strict,anchor_actual,OECD_T12_EXP,1978.0,113755.56,,,,,,,,A,,OECD_T12_EXP,,2026-09-21,current,,,,,,,False,False,False,20260921T154333Z,
USA_E02_strict,USA,ESA_EXP,E02,1,Intermediate consumption,1979,1979,CY,129254.572,USD,2627333.0,OECD_T1,4.919611,881942.15,OECD_T12_EXP,14.655675,strict,anchor_actual,OECD_T12_EXP,1979.0,129254.572,,,,,,,,A,,OECD_T12_EXP,,2026-09-21,current,,,,,,,False,False,False,20260921T154333Z,
USA_E02_strict,USA,ESA_EXP,E02,1,Intermediate consumption,1980,1980,CY,151102.059,USD,2857307.0,OECD_T1,5.288268,1011584.392,OECD_T12_EXP,14.937168,strict,anchor_actual,OECD_T12_EXP,1980.0,151102.059,,,,,,,,A,,OECD_T12_EXP,,2026-09-21,current,,,189080.0,25.134,,,False,False,False,20260921T154333Z,
USA_E02_strict,USA,ESA_EXP,E02,1,Intermediate consumption,1981,1981,CY,174176.152,USD,3207041.0,OECD_T1,5.431055,1141638.875,OECD_T12_EXP,15.256677,strict,anchor_actual,OECD_T12_EXP,1981.0,174176.152,,,,,,,,A,,OECD_T12_EXP,,2026-09-21,current,,,215250.0,23.5818,,,False,False,False,20260921T154333Z,
USA_E02_strict,USA,ESA_EXP,E02,1,Intermediate consumption,1982,1982,CY,192636.196,USD,3343789.0,OECD_T1,5.761015,1265571.752,OECD_T12_EXP,15.221278,strict,anchor_actual,OECD_T12_EXP,1982.0,192636.196,,,,,,,,A,,OECD_T12_EXP,,2026-09-21,current,,,242310.0,25.7863,,,False,False,False,20260921T154333Z,
USA_E02_strict,USA,ESA_EXP,E02,1,Intermediate consumption,1983,1983,CY,213489.872,USD,3634038.0,OECD_T1,5.874729,1378107.36,OECD_T12_EXP,15.491527,strict,anchor_actual,OECD_T12_EXP,1983.0,213489.872,,,,,,,,A,,OECD_T12_EXP,,2026-09-21,current,,,273500.0,28.1091,,,False,False,False,20260921T154333Z,
USA_E02_strict,USA,ESA_EXP,E02,1,Intermediate consumption,1984,1984,CY,223645.855,USD,4037613.0,OECD_T1,5.539061,1482956.458,OECD_T12_EXP,15.08108,strict,anchor_actual,OECD_T12_EXP,1984.0,223645.855,,,,,,,,A,,OECD_T12_EXP,,2026-09-21,current,,,289870.0,29.6112,,,False,False,False,20260921T154333Z,
USA_E02_strict,USA,ESA_EXP,E02,1,Intermediate consumption,1985,1985,CY,248588.712,USD,4338979.0,OECD_T1,5.729198,1619504.884,OECD_T12_EXP,15.349673,strict,anchor_actual,OECD_T12_EXP,1985.0,248588.712,,,,,,,,A,,OECD_T12_EXP,,2026-09-21,current,,,323900.0,30.2955,,,False,False,False,20260921T154333Z,
USA_E02_strict,USA,ESA_EXP,E02,1,Intermediate consumption,1986,1986,CY,270012.036,USD,4579631.0,OECD_T1,5.895934,1729603.143,OECD_T12_EXP,15.611213,strict,anchor_actual,OECD_T12_EXP,1986.0,270012.036,,,,,,,,A,,OECD_T12_EXP,,2026-09-21,current,,,348980.0,29.2461,,,False,False,False,20260921T154333Z,
USA_E02_strict,USA,ESA_EXP,E02,1,Intermediate consumption,1987,1987,CY,281903.697,USD,4855215.0,OECD_T1,5.806204,1823219.018,OECD_T12_EXP,15.461867,strict,anchor_actual,OECD_T12_EXP,1987.0,281903.697,,,,,,,,A,,OECD_T12_EXP,,2026-09-21,current,,,359860.0,27.6535,,,False,False,False,20260921T154333Z,
USA_E02_strict,USA,ESA_EXP,E02,1,Intermediate consumption,1988,1988,CY,290482.216,USD,5236438.0,OECD_T1,5.547325,1921327.694,OECD_T12_EXP,15.118827,strict,anchor_actual,OECD_T12_EXP,1988.0,290482.216,,,,,,,,A,,OECD_T12_EXP,,2026-09-21,current,,,379150.0,30.5243,,,False,False,False,20260921T154333Z,
USA_E02_strict,USA,ESA_EXP,E02,1,Intermediate consumption,1989,1989,CY,314683.151,USD,5641580.0,OECD_T1,5.577926,2070591.536,OECD_T12_EXP,15.197742,strict,anchor_actual,OECD_T12_EXP,1989.0,314683.151,,,,,,,,A,,OECD_T12_EXP,,2026-09-21,current,,,404450.0,28.5261,,,False,False,False,20260921T154333Z,
USA_E02_strict,USA,ESA_EXP,E02,1,Intermediate consumption,1990,1990,CY,340717.525,USD,5963144.0,OECD_T1,5.713723,2245937.647,OECD_T12_EXP,15.170391,strict,anchor_actual,OECD_T12_EXP,1990.0,340717.525,,,,,,,,A,,OECD_T12_EXP,,2026-09-21,current,,,409570.0,20.2081,,,False,False,False,20260921T154333Z,
USA_E02_strict,USA,ESA_EXP,E02,1,Intermediate consumption,1991,1991,CY,363612.611,USD,6158129.0,OECD_T1,5.904596,2375813.949,OECD_T12_EXP,15.304759,strict,anchor_actual,OECD_T12_EXP,1991.0,363612.611,,,,,,,,A,,OECD_T12_EXP,,2026-09-21,current,,,442990.0,21.8302,,,False,False,False,20260921T154333Z,
USA_E02_strict,USA,ESA_EXP,E02,1,Intermediate consumption,1992,1992,CY,380935.606,USD,6520327.0,OECD_T1,5.842278,2566906.471,OECD_T12_EXP,14.84026,strict,anchor_actual,OECD_T12_EXP,1992.0,380935.606,,,,,,,,A,,OECD_T12_EXP,,2026-09-21,current,,,450730.0,18.3218,,,False,False,False,20260921T154333Z,
USA_E02_strict,USA,ESA_EXP,E02,1,Intermediate consumption,1993,1993,CY,395256.211,USD,6858559.0,OECD_T1,5.762963,2661705.411,OECD_T12_EXP,14.849735,strict,anchor_actual,OECD_T12_EXP,1993.0,395256.211,,,,,,,,A,,OECD_T12_EXP,,2026-09-21,current,,,452380.0,14.4523,,,False,False,False,20260921T154333Z,
USA_E02_strict,USA,ESA_EXP,E02,1,Intermediate consumption,1994,1994,CY,417728.831,USD,7287236.0,OECD_T1,5.732336,2757826.66,OECD_T12_EXP,15.14703,strict,anchor_actual,OECD_T12_EXP,1994.0,417728.831,,,,,,,,A,,OECD_T12_EXP,,2026-09-21,current,,,466990.0,11.7926,,,False,False,False,20260921T154333Z,
USA_E02_strict,USA,ESA_EXP,E02,1,Intermediate consumption,1995,1995,CY,436741.905,USD,7639749.0,OECD_T1,5.716705,2888481.116,OECD_T12_EXP,15.120123,strict,anchor_actual,OECD_T12_EXP,1995.0,436741.905,,,,,,,,A,,OECD_T12_EXP,,2026-09-21,current,,,477480.0,9.3277,,,False,False,False,20260921T154333Z,
USA_E02_strict,USA,ESA_EXP,E02,1,Intermediate consumption,1996,1996,CY,456071.954,USD,8073122.0,OECD_T1,5.649264,2997027.645,OECD_T12_EXP,15.217476,strict,anchor_actual,OECD_T12_EXP,1996.0,456071.954,,,,,,,,A,,OECD_T12_EXP,,2026-09-21,current,,,476640.0,4.5098,,,False,False,False,20260921T154333Z,
USA_E02_strict,USA,ESA_EXP,E02,1,Intermediate consumption,1997,1997,CY,482816.667,USD,8577552.0,OECD_T1,5.62884,3085212.788,OECD_T12_EXP,15.64938,strict,anchor_actual,OECD_T12_EXP,1997.0,482816.667,,,,,,,,A,,OECD_T12_EXP,,2026-09-21,current,,,493520.0,2.2169,,,False,False,False,20260921T154333Z,
USA_E02_strict,USA,ESA_EXP,E02,1,Intermediate consumption,1998,1998,CY,503626.929,USD,9062817.0,OECD_T1,5.557068,3182809.689,OECD_T12_EXP,15.823344,strict,anchor_actual,OECD_T12_EXP,1998.0,503626.929,,,,,,,,A,,OECD_T12_EXP,,2026-09-21,current,,,518280.0,2.9095,,,False,False,False,20260921T154333Z,
USA_E02_strict,USA,ESA_EXP,E02,1,Intermediate consumption,1999,1999,CY,545123.298,USD,9631172.0,OECD_T1,5.659989,3337215.127,OECD_T12_EXP,16.334677,strict,anchor_actual,OECD_T12_EXP,1999.0,545123.298,,,,,,,,A,,OECD_T12_EXP,,2026-09-21,current,,,547560.0,0.447,,,False,False,False,20260921T154333Z,
USA_E02_strict,USA,ESA_EXP,E02,1,Intermediate consumption,2000,2000,CY,591331.489,USD,10250952.0,OECD_T1,5.768552,3516022.544,OECD_T12_EXP,16.818194,strict,anchor_actual,OECD_T12_EXP,2000.0,591331.489,,,,,,,,A,,OECD_T12_EXP,,2026-09-21,current,,,600760.0,1.5945,,,False,False,False,20260921T154333Z,
USA_E02_strict,USA,ESA_EXP,E02,1,Intermediate consumption,2001,2001,CY,650015.251,USD,10581929.0,OECD_T1,6.142691,3768842.739,OECD_T12_EXP,17.247078,strict,anchor_actual,OECD_T12_EXP,2001.0,650015.251,,,,,,,,A,,OECD_T12_EXP,,2026-09-21,current,,,558961.5,-14.0079,,,False,False,False,20260921T154333Z,
USA_E02_strict,USA,ESA_EXP,E02,1,Intermediate consumption,2002,2002,CY,703330.402,USD,10929108.0,OECD_T1,6.435387,4015593.389,OECD_T12_EXP,17.514981,strict,anchor_actual,OECD_T12_EXP,2002.0,703330.402,,,,,,,,A,,OECD_T12_EXP,,2026-09-21,current,,,604546.5,-14.0452,,,False,False,False,20260921T154333Z,
USA_E02_strict,USA,ESA_EXP,E02,1,Intermediate consumption,2003,2003,CY,749198.181,USD,11456450.0,OECD_T1,6.539532,4268405.593,OECD_T12_EXP,17.552179,strict,anchor_actual,OECD_T12_EXP,2003.0,749198.181,,,,,,,,A,,OECD_T12_EXP,,2026-09-21,current,,,645589.8,-13.8292,,,False,False,False,20260921T154333Z,
USA_E02_strict,USA,ESA_EXP,E02,1,Intermediate consumption,2004,2004,CY,805515.196,USD,12217196.0,OECD_T1,6.59329,4503250.177,OECD_T12_EXP,17.887418,strict,anchor_actual,OECD_T12_EXP,2004.0,805515.196,,,,,,,,A,,OECD_T12_EXP,,2026-09-21,current,,,694823.6,-13.7417,,,False,False,False,20260921T154333Z,
USA_E02_strict,USA,ESA_EXP,E02,1,Intermediate consumption,2005,2005,CY,865431.976,USD,13039197.0,OECD_T1,6.637157,4817585.229,OECD_T12_EXP,17.96402,strict,anchor_actual,OECD_T12_EXP,2005.0,865431.976,,,,,,,,A,,OECD_T12_EXP,,2026-09-21,current,,,746123.3,-13.786,,,False,False,False,20260921T154333Z,
USA_E02_strict,USA,ESA_EXP,E02,1,Intermediate consumption,2006,2006,CY,927629.762,USD,13815583.0,OECD_T1,6.714373,5065366.17,OECD_T12_EXP,18.313183,strict,anchor_actual,OECD_T12_EXP,2006.0,927629.762,,,,,,,,A,,OECD_T12_EXP,,2026-09-21,current,,,795557.1,-14.2376,,,False,False,False,20260921T154333Z,
USA_E02_strict,USA,ESA_EXP,E02,1,Intermediate consumption,2007,2007,CY,982902.893,USD,14474228.0,OECD_T1,6.79071,5408532.177,OECD_T12_EXP,18.173191,strict,anchor_actual,OECD_T12_EXP,2007.0,982902.893,,,,,,,,A,,OECD_T12_EXP,,2026-09-21,current,,,837255.5,-14.8181,,,False,False,False,20260921T154333Z,
USA_E02_strict,USA,ESA_EXP,E02,1,Intermediate consumption,2008,2008,CY,1065022.739,USD,14769862.0,OECD_T1,7.210783,5860288.656,OECD_T12_EXP,18.173554,strict,anchor_actual,OECD_T12_EXP,2008.0,1065022.739,,,,,,,,A,,OECD_T12_EXP,,2026-09-21,current,,,909834.1,-14.5714,,,False,False,False,20260921T154333Z,
USA_E02_strict,USA,ESA_EXP,E02,1,Intermediate consumption,2009,2009,CY,1100012.633,USD,14478067.0,OECD_T1,7.597787,6253856.833,OECD_T12_EXP,17.589348,strict,anchor_actual,OECD_T12_EXP,2009.0,1100012.633,,,,,,,,A,,OECD_T12_EXP,,2026-09-21,current,,,937554.6,-14.7687,,,False,False,False,20260921T154333Z,
USA_E02_strict,USA,ESA_EXP,E02,1,Intermediate consumption,2010,2010,CY,1134885.812,USD,15048971.0,OECD_T1,7.541285,6472653.579,OECD_T12_EXP,17.533548,strict,anchor_actual,OECD_T12_EXP,2010.0,1134885.812,,,,,,,,A,,OECD_T12_EXP,,2026-09-21,current,,,969064.3,-14.6113,,,False,False,False,20260921T154333Z,
USA_E02_strict,USA,ESA_EXP,E02,1,Intermediate consumption,2011,2011,CY,1128438.595,USD,15599732.0,OECD_T1,7.233705,6535058.593,OECD_T12_EXP,17.267459,strict,anchor_actual,OECD_T12_EXP,2011.0,1128438.595,,,,,,,,A,,OECD_T12_EXP,,2026-09-21,current,,,962324.8,-14.7207,,,False,False,False,20260921T154333Z,
USA_E02_strict,USA,ESA_EXP,E02,1,Intermediate consumption,2012,2012,CY,1123956.777,USD,16253970.0,OECD_T1,6.914968,6515363.741,OECD_T12_EXP,17.250868,strict,anchor_actual,OECD_T12_EXP,2012.0,1123956.777,,,,,,,,A,,OECD_T12_EXP,,2026-09-21,current,,,953180.9,-15.1942,,,False,False,False,20260921T154333Z,
USA_E02_strict,USA,ESA_EXP,E02,1,Intermediate consumption,2013,2013,CY,1106278.623,USD,16880683.0,OECD_T1,6.553518,6548911.724,OECD_T12_EXP,16.892557,strict,anchor_actual,OECD_T12_EXP,2013.0,1106278.623,,,,,,,,A,,OECD_T12_EXP,,2026-09-21,current,,,932874.1,-15.6746,,,False,False,False,20260921T154333Z,
USA_E02_strict,USA,ESA_EXP,E02,1,Intermediate consumption,2014,2014,CY,1109382.952,USD,17608138.0,OECD_T1,6.300399,6721068.225,OECD_T12_EXP,16.506051,strict,anchor_actual,OECD_T12_EXP,2014.0,1109382.952,,,,,,,,A,,OECD_T12_EXP,,2026-09-21,current,,,933682.9,-15.8376,,,False,False,False,20260921T154333Z,
USA_E02_strict,USA,ESA_EXP,E02,1,Intermediate consumption,2015,2015,CY,1122677.262,USD,18295019.0,OECD_T1,6.136519,6910981.379,OECD_T12_EXP,16.244831,strict,anchor_actual,OECD_T12_EXP,2015.0,1122677.262,,,,,,,,A,,OECD_T12_EXP,,2026-09-21,current,,,941364.2,-16.1501,,,False,False,False,20260921T154333Z,
USA_E02_strict,USA,ESA_EXP,E02,1,Intermediate consumption,2016,2016,CY,1156175.962,USD,18804913.0,OECD_T1,6.148265,7156461.234,OECD_T12_EXP,16.155694,strict,anchor_actual,OECD_T12_EXP,2016.0,1156175.962,,,,,,,,A,,OECD_T12_EXP,,2026-09-21,current,,,965608.7,-16.4825,,,False,False,False,20260921T154333Z,
USA_E02_strict,USA,ESA_EXP,E02,1,Intermediate consumption,2017,2017,CY,1189671.226,USD,19612102.0,OECD_T1,6.066006,7407363.809,OECD_T12_EXP,16.060656,strict,anchor_actual,OECD_T12_EXP,2017.0,1189671.226,,,,,,,,A,,OECD_T12_EXP,,2026-09-21,current,,,992651.7,-16.5608,,,False,False,False,20260921T154333Z,
USA_E02_strict,USA,ESA_EXP,E02,1,Intermediate consumption,2018,2018,CY,1273236.631,USD,20656516.0,OECD_T1,6.16385,7792497.79,OECD_T12_EXP,16.339262,strict,anchor_actual,OECD_T12_EXP,2018.0,1273236.631,,,,,,,,A,,OECD_T12_EXP,,2026-09-21,current,,,1064718.2,-16.377,,,False,False,False,20260921T154333Z,
USA_E02_strict,USA,ESA_EXP,E02,1,Intermediate consumption,2019,2019,CY,1380045.071,USD,21539982.0,OECD_T1,6.4069,8237124.663,OECD_T12_EXP,16.753966,strict,anchor_actual,OECD_T12_EXP,2019.0,1380045.071,,,,,,,,A,,OECD_T12_EXP,,2026-09-21,current,,,1163637.3,-15.6812,,,False,False,False,20260921T154333Z,
USA_E02_strict,USA,ESA_EXP,E02,1,Intermediate consumption,2020,2020,CY,1476158.246,USD,21375281.0,OECD_T1,6.905913,10100928.491,OECD_T12_EXP,14.614085,strict,anchor_actual,OECD_T12_EXP,2020.0,1476158.246,,,,,,,,A,,OECD_T12_EXP,,2026-09-21,current,,,1229867.1,-16.6846,,,False,False,False,20260921T154333Z,
USA_E02_strict,USA,ESA_EXP,E02,1,Intermediate consumption,2021,2021,CY,1656490.722,USD,23725645.0,OECD_T1,6.981857,10755588.525,OECD_T12_EXP,15.40121,strict,anchor_actual,OECD_T12_EXP,2021.0,1656490.722,,,,,,,,A,,OECD_T12_EXP,,2026-09-21,current,,,1390182.3,-16.0767,,,False,False,False,20260921T154333Z,
USA_E02_strict,USA,ESA_EXP,E02,1,Intermediate consumption,2022,2022,CY,1830264.459,USD,26054614.0,OECD_T1,7.024723,10009774.585,OECD_T12_EXP,18.284772,strict,anchor_actual,OECD_T12_EXP,2022.0,1830264.459,,,,,,,,A,,OECD_T12_EXP,,2026-09-21,current,,,1559143.8,-14.8132,,,False,False,False,20260921T154333Z,
USA_E02_strict,USA,ESA_EXP,E02,1,Intermediate consumption,2023,2023,CY,1878643.78,USD,27811517.0,OECD_T1,6.754913,10905857.712,OECD_T12_EXP,17.226007,strict,anchor_actual,OECD_T12_EXP,2023.0,1878643.78,,,,,,,,A,,OECD_T12_EXP,,2026-09-21,current,,,1573539.6,-16.2407,,,False,False,False,20260921T154333Z,
USA_E02_strict,USA,ESA_EXP,E02,1,Intermediate consumption,2024,2024,CY,1962620.107,USD,29298013.0,OECD_T1,6.698816,11592173.245,OECD_T12_EXP,16.930562,strict,anchor_actual,OECD_T12_EXP,2024.0,1962620.107,,,,,,,,A,,OECD_T12_EXP,,2026-09-21,current,,,1634833.2,-16.7015,,,False,False,False,20260921T154333Z,
USA_E03_strict,USA,ESA_EXP,E03,1,Social benefits other than social transfers in kind,1970,1970,CY,72458.0,USD,1073303.0,OECD_T1,6.750936,367503.355,OECD_T12_EXP,19.716283,strict,anchor_actual,OECD_T12_EXP,1970.0,72458.0,,,,,,,,A,,OECD_T12_EXP,,2026-09-21,current,,,,,,,False,False,False,20260921T154333Z,
USA_E03_strict,USA,ESA_EXP,E03,1,Social benefits other than social transfers in kind,1971,1971,CY,86223.0,USD,1164850.0,OECD_T1,7.402069,402471.767,OECD_T12_EXP,21.423366,strict,anchor_actual,OECD_T12_EXP,1971.0,86223.0,,,,,,,,A,,OECD_T12_EXP,,2026-09-21,current,,,,,,,False,False,False,20260921T154333Z,
USA_E03_strict,USA,ESA_EXP,E03,1,Social benefits other than social transfers in kind,1972,1972,CY,95773.0,USD,1279110.0,OECD_T1,7.487472,440097.771,OECD_T12_EXP,21.761755,strict,anchor_actual,OECD_T12_EXP,1972.0,95773.0,,,,,,,,A,,OECD_T12_EXP,,2026-09-21,current,,,,,,,False,False,False,20260921T154333Z,
USA_E03_strict,USA,ESA_EXP,E03,1,Social benefits other than social transfers in kind,1973,1973,CY,109786.0,USD,1425376.0,OECD_T1,7.702248,475784.734,OECD_T12_EXP,23.074721,strict,anchor_actual,OECD_T12_EXP,1973.0,109786.0,,,,,,,,A,,OECD_T12_EXP,,2026-09-21,current,,,,,,,False,False,False,20260921T154333Z,
USA_E03_strict,USA,ESA_EXP,E03,1,Social benefits other than social transfers in kind,1974,1974,CY,129878.0,USD,1545243.0,OECD_T1,8.405021,534060.3,OECD_T12_EXP,24.318977,strict,anchor_actual,OECD_T12_EXP,1974.0,129878.0,,,,,,,,A,,OECD_T12_EXP,,2026-09-21,current,,,,,,,False,False,False,20260921T154333Z,
USA_E03_strict,USA,ESA_EXP,E03,1,Social benefits other than social transfers in kind,1975,1975,CY,165121.0,USD,1684904.0,OECD_T1,9.800024,621290.987,OECD_T12_EXP,26.57708,strict,anchor_actual,OECD_T12_EXP,1975.0,165121.0,,,,,,,,A,,OECD_T12_EXP,,2026-09-21,current,,,,,,,False,False,False,20260921T154333Z,
USA_E03_strict,USA,ESA_EXP,E03,1,Social benefits other than social transfers in kind,1976,1976,CY,180133.0,USD,1873412.0,OECD_T1,9.615237,665239.828,OECD_T12_EXP,27.077904,strict,anchor_actual,OECD_T12_EXP,1976.0,180133.0,,,,,,,,A,,OECD_T12_EXP,,2026-09-21,current,,,,,,,False,False,False,20260921T154333Z,
USA_E03_strict,USA,ESA_EXP,E03,1,Social benefits other than social transfers in kind,1977,1977,CY,192061.0,USD,2081826.0,OECD_T1,9.225603,719289.853,OECD_T12_EXP,26.701475,strict,anchor_actual,OECD_T12_EXP,1977.0,192061.0,,,,,,,,A,,OECD_T12_EXP,,2026-09-21,current,,,,,,,False,False,False,20260921T154333Z,
USA_E03_strict,USA,ESA_EXP,E03,1,Social benefits other than social transfers in kind,1978,1978,CY,206169.0,USD,2351599.0,OECD_T1,8.767184,793433.202,OECD_T12_EXP,25.984418,strict,anchor_actual,OECD_T12_EXP,1978.0,206169.0,,,,,,,,A,,OECD_T12_EXP,,2026-09-21,current,,,,,,,False,False,False,20260921T154333Z,
USA_E03_strict,USA,ESA_EXP,E03,1,Social benefits other than social transfers in kind,1979,1979,CY,230383.0,USD,2627333.0,OECD_T1,8.768702,881942.15,OECD_T12_EXP,26.122235,strict,anchor_actual,OECD_T12_EXP,1979.0,230383.0,,,,,,,,A,,OECD_T12_EXP,,2026-09-21,current,,,,,,,False,False,False,20260921T154333Z,
USA_E03_strict,USA,ESA_EXP,E03,1,Social benefits other than social transfers in kind,1980,1980,CY,275041.0,USD,2857307.0,OECD_T1,9.625882,1011584.392,OECD_T12_EXP,27.18913,strict,anchor_actual,OECD_T12_EXP,1980.0,275041.0,,,,,,,,A,,OECD_T12_EXP,,2026-09-21,current,,,,,,,False,False,False,20260921T154333Z,
USA_E03_strict,USA,ESA_EXP,E03,1,Social benefits other than social transfers in kind,1981,1981,CY,312097.0,USD,3207041.0,OECD_T1,9.731619,1141638.875,OECD_T12_EXP,27.337629,strict,anchor_actual,OECD_T12_EXP,1981.0,312097.0,,,,,,,,A,,OECD_T12_EXP,,2026-09-21,current,,,,,,,False,False,False,20260921T154333Z,
USA_E03_strict,USA,ESA_EXP,E03,1,Social benefits other than social transfers in kind,1982,1982,CY,347182.0,USD,3343789.0,OECD_T1,10.382892,1265571.752,OECD_T12_EXP,27.432818,strict,anchor_actual,OECD_T12_EXP,1982.0,347182.0,,,,,,,,A,,OECD_T12_EXP,,2026-09-21,current,,,,,,,False,False,False,20260921T154333Z,
USA_E03_strict,USA,ESA_EXP,E03,1,Social benefits other than social transfers in kind,1983,1983,CY,374124.0,USD,3634038.0,OECD_T1,10.294994,1378107.36,OECD_T12_EXP,27.147667,strict,anchor_actual,OECD_T12_EXP,1983.0,374124.0,,,,,,,,A,,OECD_T12_EXP,,2026-09-21,current,,,,,,,False,False,False,20260921T154333Z,
USA_E03_strict,USA,ESA_EXP,E03,1,Social benefits other than social transfers in kind,1984,1984,CY,384582.0,USD,4037613.0,OECD_T1,9.524984,1482956.458,OECD_T12_EXP,25.933465,strict,anchor_actual,OECD_T12_EXP,1984.0,384582.0,,,,,,,,A,,OECD_T12_EXP,,2026-09-21,current,,,,,,,False,False,False,20260921T154333Z,
USA_E03_strict,USA,ESA_EXP,E03,1,Social benefits other than social transfers in kind,1985,1985,CY,407140.0,USD,4338979.0,OECD_T1,9.383313,1619504.884,OECD_T12_EXP,25.139782,strict,anchor_actual,OECD_T12_EXP,1985.0,407140.0,,,,,,,,A,,OECD_T12_EXP,,2026-09-21,current,,,,,,,False,False,False,20260921T154333Z,
USA_E03_strict,USA,ESA_EXP,E03,1,Social benefits other than social transfers in kind,1986,1986,CY,433005.0,USD,4579631.0,OECD_T1,9.455019,1729603.143,OECD_T12_EXP,25.034934,strict,anchor_actual,OECD_T12_EXP,1986.0,433005.0,,,,,,,,A,,OECD_T12_EXP,,2026-09-21,current,,,,,,,False,False,False,20260921T154333Z,
USA_E03_strict,USA,ESA_EXP,E03,1,Social benefits other than social transfers in kind,1987,1987,CY,452193.0,USD,4855215.0,OECD_T1,9.313553,1823219.018,OECD_T12_EXP,24.801902,strict,anchor_actual,OECD_T12_EXP,1987.0,452193.0,,,,,,,,A,,OECD_T12_EXP,,2026-09-21,current,,,,,,,False,False,False,20260921T154333Z,
USA_E03_strict,USA,ESA_EXP,E03,1,Social benefits other than social transfers in kind,1988,1988,CY,481444.0,USD,5236438.0,OECD_T1,9.194112,1921327.694,OECD_T12_EXP,25.057881,strict,anchor_actual,OECD_T12_EXP,1988.0,481444.0,,,,,,,,A,,OECD_T12_EXP,,2026-09-21,current,,,,,,,False,False,False,20260921T154333Z,
USA_E03_strict,USA,ESA_EXP,E03,1,Social benefits other than social transfers in kind,1989,1989,CY,526202.0,USD,5641580.0,OECD_T1,9.32721,2070591.536,OECD_T12_EXP,25.413124,strict,anchor_actual,OECD_T12_EXP,1989.0,526202.0,,,,,,,,A,,OECD_T12_EXP,,2026-09-21,current,,,,,,,False,False,False,20260921T154333Z,
USA_E03_strict,USA,ESA_EXP,E03,1,Social benefits other than social transfers in kind,1990,1990,CY,580838.0,USD,5963144.0,OECD_T1,9.740466,2245937.647,OECD_T12_EXP,25.861715,strict,anchor_actual,OECD_T12_EXP,1990.0,580838.0,,,,,,,,A,,OECD_T12_EXP,,2026-09-21,current,,,,,,,False,False,False,20260921T154333Z,
USA_E03_strict,USA,ESA_EXP,E03,1,Social benefits other than social transfers in kind,1991,1991,CY,656779.0,USD,6158129.0,OECD_T1,10.665236,2375813.949,OECD_T12_EXP,27.644378,strict,anchor_actual,OECD_T12_EXP,1991.0,656779.0,,,,,,,,A,,OECD_T12_EXP,,2026-09-21,current,,,,,,,False,False,False,20260921T154333Z,
USA_E03_strict,USA,ESA_EXP,E03,1,Social benefits other than social transfers in kind,1992,1992,CY,737975.0,USD,6520327.0,OECD_T1,11.318067,2566906.471,OECD_T12_EXP,28.749587,strict,anchor_actual,OECD_T12_EXP,1992.0,737975.0,,,,,,,,A,,OECD_T12_EXP,,2026-09-21,current,,,,,,,False,False,False,20260921T154333Z,
USA_E03_strict,USA,ESA_EXP,E03,1,Social benefits other than social transfers in kind,1993,1993,CY,785134.0,USD,6858559.0,OECD_T1,11.447507,2661705.411,OECD_T12_EXP,29.497404,strict,anchor_actual,OECD_T12_EXP,1993.0,785134.0,,,,,,,,A,,OECD_T12_EXP,,2026-09-21,current,,,,,,,False,False,False,20260921T154333Z,
USA_E03_strict,USA,ESA_EXP,E03,1,Social benefits other than social transfers in kind,1994,1994,CY,822534.0,USD,7287236.0,OECD_T1,11.287325,2757826.66,OECD_T12_EXP,29.825442,strict,anchor_actual,OECD_T12_EXP,1994.0,822534.0,,,,,,,,A,,OECD_T12_EXP,,2026-09-21,current,,,,,,,False,False,False,20260921T154333Z,
USA_E03_strict,USA,ESA_EXP,E03,1,Social benefits other than social transfers in kind,1995,1995,CY,871520.0,USD,7639749.0,OECD_T1,11.407705,2888481.116,OECD_T12_EXP,30.172259,strict,anchor_actual,OECD_T12_EXP,1995.0,871520.0,,,,,,,,A,,OECD_T12_EXP,,2026-09-21,current,,,,,,,False,False,False,20260921T154333Z,
USA_E03_strict,USA,ESA_EXP,E03,1,Social benefits other than social transfers in kind,1996,1996,CY,913899.0,USD,8073122.0,OECD_T1,11.320267,2997027.645,OECD_T12_EXP,30.493513,strict,anchor_actual,OECD_T12_EXP,1996.0,913899.0,,,,,,,,A,,OECD_T12_EXP,,2026-09-21,current,,,,,,,False,False,False,20260921T154333Z,
USA_E03_strict,USA,ESA_EXP,E03,1,Social benefits other than social transfers in kind,1997,1997,CY,943268.0,USD,8577552.0,OECD_T1,10.996937,3085212.788,OECD_T12_EXP,30.573839,strict,anchor_actual,OECD_T12_EXP,1997.0,943268.0,,,,,,,,A,,OECD_T12_EXP,,2026-09-21,current,,,,,,,False,False,False,20260921T154333Z,
USA_E03_strict,USA,ESA_EXP,E03,1,Social benefits other than social transfers in kind,1998,1998,CY,966123.0,USD,9062817.0,OECD_T1,10.660295,3182809.689,OECD_T12_EXP,30.354407,strict,anchor_actual,OECD_T12_EXP,1998.0,966123.0,,,,,,,,A,,OECD_T12_EXP,,2026-09-21,current,,,,,,,False,False,False,20260921T154333Z,
USA_E03_strict,USA,ESA_EXP,E03,1,Social benefits other than social transfers in kind,1999,1999,CY,1000934.0,USD,9631172.0,OECD_T1,10.39265,3337215.127,OECD_T12_EXP,29.993092,strict,anchor_actual,OECD_T12_EXP,1999.0,1000934.0,,,,,,,,A,,OECD_T12_EXP,,2026-09-21,current,,,,,,,False,False,False,20260921T154333Z,
USA_E03_strict,USA,ESA_EXP,E03,1,Social benefits other than social transfers in kind,2000,2000,CY,1053771.86,USD,10250952.0,OECD_T1,10.279746,3516022.544,OECD_T12_EXP,29.970566,strict,anchor_actual,OECD_T12_EXP,2000.0,1053771.86,,,,,,,,A,,OECD_T12_EXP,,2026-09-21,current,,,,,,,False,False,False,20260921T154333Z,
USA_E03_strict,USA,ESA_EXP,E03,1,Social benefits other than social transfers in kind,2001,2001,CY,1155628.0,USD,10581929.0,OECD_T1,10.920769,3768842.739,OECD_T12_EXP,30.662675,strict,anchor_actual,OECD_T12_EXP,2001.0,1155628.0,,,,,,,,A,,OECD_T12_EXP,,2026-09-21,current,,,,,,,False,False,False,20260921T154333Z,
USA_E03_strict,USA,ESA_EXP,E03,1,Social benefits other than social transfers in kind,2002,2002,CY,1260931.445,USD,10929108.0,OECD_T1,11.537368,4015593.389,OECD_T12_EXP,31.400875,strict,anchor_actual,OECD_T12_EXP,2002.0,1260931.445,,,,,,,,A,,OECD_T12_EXP,,2026-09-21,current,,,,,,,False,False,False,20260921T154333Z,
USA_E03_strict,USA,ESA_EXP,E03,1,Social benefits other than social transfers in kind,2003,2003,CY,1331353.389,USD,11456450.0,OECD_T1,11.620994,4268405.593,OECD_T12_EXP,31.190883,strict,anchor_actual,OECD_T12_EXP,2003.0,1331353.389,,,,,,,,A,,OECD_T12_EXP,,2026-09-21,current,,,,,,,False,False,False,20260921T154333Z,
USA_E03_strict,USA,ESA_EXP,E03,1,Social benefits other than social transfers in kind,2004,2004,CY,1415500.85,USD,12217196.0,OECD_T1,11.586135,4503250.177,OECD_T12_EXP,31.432872,strict,anchor_actual,OECD_T12_EXP,2004.0,1415500.85,,,,,,,,A,,OECD_T12_EXP,,2026-09-21,current,,,,,,,False,False,False,20260921T154333Z,
USA_E03_strict,USA,ESA_EXP,E03,1,Social benefits other than social transfers in kind,2005,2005,CY,1502498.469,USD,13039197.0,OECD_T1,11.522937,4817585.229,OECD_T12_EXP,31.187792,strict,anchor_actual,OECD_T12_EXP,2005.0,1502498.469,,,,,,,,A,,OECD_T12_EXP,,2026-09-21,current,,,,,,,False,False,False,20260921T154333Z,
USA_E03_strict,USA,ESA_EXP,E03,1,Social benefits other than social transfers in kind,2006,2006,CY,1605433.825,USD,13815583.0,OECD_T1,11.620457,5065366.17,OECD_T12_EXP,31.694329,strict,anchor_actual,OECD_T12_EXP,2006.0,1605433.825,,,,,,,,A,,OECD_T12_EXP,,2026-09-21,current,,,,,,,False,False,False,20260921T154333Z,
USA_E03_strict,USA,ESA_EXP,E03,1,Social benefits other than social transfers in kind,2007,2007,CY,1710624.611,USD,14474228.0,OECD_T1,11.818417,5408532.177,OECD_T12_EXP,31.62826,strict,anchor_actual,OECD_T12_EXP,2007.0,1710624.611,,,,,,,,A,,OECD_T12_EXP,,2026-09-21,current,,,,,,,False,False,False,20260921T154333Z,
USA_E03_strict,USA,ESA_EXP,E03,1,Social benefits other than social transfers in kind,2008,2008,CY,1934796.251,USD,14769862.0,OECD_T1,13.099623,5860288.656,OECD_T12_EXP,33.015375,strict,anchor_actual,OECD_T12_EXP,2008.0,1934796.251,,,,,,,,A,,OECD_T12_EXP,,2026-09-21,current,,,,,,,False,False,False,20260921T154333Z,
USA_E03_strict,USA,ESA_EXP,E03,1,Social benefits other than social transfers in kind,2009,2009,CY,2123722.831,USD,14478067.0,OECD_T1,14.668552,6253856.833,OECD_T12_EXP,33.95861,strict,anchor_actual,OECD_T12_EXP,2009.0,2123722.831,,,,,,,,A,,OECD_T12_EXP,,2026-09-21,current,,,,,,,False,False,False,20260921T154333Z,
USA_E03_strict,USA,ESA_EXP,E03,1,Social benefits other than social transfers in kind,2010,2010,CY,2297899.951,USD,15048971.0,OECD_T1,15.269482,6472653.579,OECD_T12_EXP,35.501667,strict,anchor_actual,OECD_T12_EXP,2010.0,2297899.951,,,,,,,,A,,OECD_T12_EXP,,2026-09-21,current,,,,,,,False,False,False,20260921T154333Z,
USA_E03_strict,USA,ESA_EXP,E03,1,Social benefits other than social transfers in kind,2011,2011,CY,2327187.164,USD,15599732.0,OECD_T1,14.918123,6535058.593,OECD_T12_EXP,35.610808,strict,anchor_actual,OECD_T12_EXP,2011.0,2327187.164,,,,,,,,A,,OECD_T12_EXP,,2026-09-21,current,,,,,,,False,False,False,20260921T154333Z,
USA_E03_strict,USA,ESA_EXP,E03,1,Social benefits other than social transfers in kind,2012,2012,CY,2340536.986,USD,16253970.0,OECD_T1,14.399787,6515363.741,OECD_T12_EXP,35.923351,strict,anchor_actual,OECD_T12_EXP,2012.0,2340536.986,,,,,,,,A,,OECD_T12_EXP,,2026-09-21,current,,,,,,,False,False,False,20260921T154333Z,
USA_E03_strict,USA,ESA_EXP,E03,1,Social benefits other than social transfers in kind,2013,2013,CY,2404772.77,USD,16880683.0,OECD_T1,14.245708,6548911.724,OECD_T12_EXP,36.720189,strict,anchor_actual,OECD_T12_EXP,2013.0,2404772.77,,,,,,,,A,,OECD_T12_EXP,,2026-09-21,current,,,,,,,False,False,False,20260921T154333Z,
USA_E03_strict,USA,ESA_EXP,E03,1,Social benefits other than social transfers in kind,2014,2014,CY,2518136.279,USD,17608138.0,OECD_T1,14.30098,6721068.225,OECD_T12_EXP,37.46631,strict,anchor_actual,OECD_T12_EXP,2014.0,2518136.279,,,,,,,,A,,OECD_T12_EXP,,2026-09-21,current,,,,,,,False,False,False,20260921T154333Z,
USA_E03_strict,USA,ESA_EXP,E03,1,Social benefits other than social transfers in kind,2015,2015,CY,2655547.913,USD,18295019.0,OECD_T1,14.515142,6910981.379,OECD_T12_EXP,38.425048,strict,anchor_actual,OECD_T12_EXP,2015.0,2655547.913,,,,,,,,A,,OECD_T12_EXP,,2026-09-21,current,,,,,,,False,False,False,20260921T154333Z,
USA_E03_strict,USA,ESA_EXP,E03,1,Social benefits other than social transfers in kind,2016,2016,CY,2738214.998,USD,18804913.0,OECD_T1,14.561168,7156461.234,OECD_T12_EXP,38.262137,strict,anchor_actual,OECD_T12_EXP,2016.0,2738214.998,,,,,,,,A,,OECD_T12_EXP,,2026-09-21,current,,,,,,,False,False,False,20260921T154333Z,
USA_E03_strict,USA,ESA_EXP,E03,1,Social benefits other than social transfers in kind,2017,2017,CY,2829233.49,USD,19612102.0,OECD_T1,14.425957,7407363.809,OECD_T12_EXP,38.194877,strict,anchor_actual,OECD_T12_EXP,2017.0,2829233.49,,,,,,,,A,,OECD_T12_EXP,,2026-09-21,current,,,,,,,False,False,False,20260921T154333Z,
USA_E03_strict,USA,ESA_EXP,E03,1,Social benefits other than social transfers in kind,2018,2018,CY,2948745.105,USD,20656516.0,OECD_T1,14.275133,7792497.79,OECD_T12_EXP,37.840821,strict,anchor_actual,OECD_T12_EXP,2018.0,2948745.105,,,,,,,,A,,OECD_T12_EXP,,2026-09-21,current,,,,,,,False,False,False,20260921T154333Z,
USA_E03_strict,USA,ESA_EXP,E03,1,Social benefits other than social transfers in kind,2019,2019,CY,3114746.583,USD,21539982.0,OECD_T1,14.460303,8237124.663,OECD_T12_EXP,37.813518,strict,anchor_actual,OECD_T12_EXP,2019.0,3114746.583,,,,,,,,A,,OECD_T12_EXP,,2026-09-21,current,,,,,,,False,False,False,20260921T154333Z,
USA_E03_strict,USA,ESA_EXP,E03,1,Social benefits other than social transfers in kind,2020,2020,CY,4221493.248,USD,21375281.0,OECD_T1,19.749416,10100928.491,OECD_T12_EXP,41.793121,strict,anchor_actual,OECD_T12_EXP,2020.0,4221493.248,,,,,,,,A,,OECD_T12_EXP,,2026-09-21,current,,,,,,,False,False,False,20260921T154333Z,
USA_E03_strict,USA,ESA_EXP,E03,1,Social benefits other than social transfers in kind,2021,2021,CY,4599144.218,USD,23725645.0,OECD_T1,19.384696,10755588.525,OECD_T12_EXP,42.760507,strict,anchor_actual,OECD_T12_EXP,2021.0,4599144.218,,,,,,,,A,,OECD_T12_EXP,,2026-09-21,current,,,,,,,False,False,False,20260921T154333Z,
USA_E03_strict,USA,ESA_EXP,E03,1,Social benefits other than social transfers in kind,2022,2022,CY,4041796.605,USD,26054614.0,OECD_T1,15.512786,10009774.585,OECD_T12_EXP,40.378498,strict,anchor_actual,OECD_T12_EXP,2022.0,4041796.605,,,,,,,,A,,OECD_T12_EXP,,2026-09-21,current,,,,,,,False,False,False,20260921T154333Z,
USA_E03_strict,USA,ESA_EXP,E03,1,Social benefits other than social transfers in kind,2023,2023,CY,4182525.164,USD,27811517.0,OECD_T1,15.038824,10905857.712,OECD_T12_EXP,38.35118,strict,anchor_actual,OECD_T12_EXP,2023.0,4182525.164,,,,,,,,A,,OECD_T12_EXP,,2026-09-21,current,,,,,,,False,False,False,20260921T154333Z,
USA_E03_strict,USA,ESA_EXP,E03,1,Social benefits other than social transfers in kind,2024,2024,CY,4490018.426,USD,29298013.0,OECD_T1,15.325334,11592173.245,OECD_T12_EXP,38.733189,strict,anchor_actual,OECD_T12_EXP,2024.0,4490018.426,,,,,,,,A,,OECD_T12_EXP,,2026-09-21,current,,,,,,,False,False,False,20260921T154333Z,
USA_E04_strict,USA,ESA_EXP,E04,1,Social transfers in kind (purchased market production),1970,1970,CY,0.0,USD,1073303.0,OECD_T1,0.0,367503.355,OECD_T12_EXP,0.0,strict,structural_zero,OECD_T12_EXP,1970.0,0.0,,,,,,,,A,,OECD_T12_EXP,,2026-09-21,current,,,,,,,False,False,False,20260921T154333Z,structural zero (D20): Medicare and Medicaid are D.62 in the SNA presentation; D.632 = 0
USA_E04_strict,USA,ESA_EXP,E04,1,Social transfers in kind (purchased market production),1971,1971,CY,0.0,USD,1164850.0,OECD_T1,0.0,402471.767,OECD_T12_EXP,0.0,strict,structural_zero,OECD_T12_EXP,1971.0,0.0,,,,,,,,A,,OECD_T12_EXP,,2026-09-21,current,,,,,,,False,False,False,20260921T154333Z,structural zero (D20): Medicare and Medicaid are D.62 in the SNA presentation; D.632 = 0
USA_E04_strict,USA,ESA_EXP,E04,1,Social transfers in kind (purchased market production),1972,1972,CY,0.0,USD,1279110.0,OECD_T1,0.0,440097.771,OECD_T12_EXP,0.0,strict,structural_zero,OECD_T12_EXP,1972.0,0.0,,,,,,,,A,,OECD_T12_EXP,,2026-09-21,current,,,,,,,False,False,False,20260921T154333Z,structural zero (D20): Medicare and Medicaid are D.62 in the SNA presentation; D.632 = 0
USA_E04_strict,USA,ESA_EXP,E04,1,Social transfers in kind (purchased market production),1973,1973,CY,0.0,USD,1425376.0,OECD_T1,0.0,475784.734,OECD_T12_EXP,0.0,strict,structural_zero,OECD_T12_EXP,1973.0,0.0,,,,,,,,A,,OECD_T12_EXP,,2026-09-21,current,,,,,,,False,False,False,20260921T154333Z,structural zero (D20): Medicare and Medicaid are D.62 in the SNA presentation; D.632 = 0
USA_E04_strict,USA,ESA_EXP,E04,1,Social transfers in kind (purchased market production),1974,1974,CY,0.0,USD,1545243.0,OECD_T1,0.0,534060.3,OECD_T12_EXP,0.0,strict,structural_zero,OECD_T12_EXP,1974.0,0.0,,,,,,,,A,,OECD_T12_EXP,,2026-09-21,current,,,,,,,False,False,False,20260921T154333Z,structural zero (D20): Medicare and Medicaid are D.62 in the SNA presentation; D.632 = 0
USA_E04_strict,USA,ESA_EXP,E04,1,Social transfers in kind (purchased market production),1975,1975,CY,0.0,USD,1684904.0,OECD_T1,0.0,621290.987,OECD_T12_EXP,0.0,strict,structural_zero,OECD_T12_EXP,1975.0,0.0,,,,,,,,A,,OECD_T12_EXP,,2026-09-21,current,,,,,,,False,False,False,20260921T154333Z,structural zero (D20): Medicare and Medicaid are D.62 in the SNA presentation; D.632 = 0
USA_E04_strict,USA,ESA_EXP,E04,1,Social transfers in kind (purchased market production),1976,1976,CY,0.0,USD,1873412.0,OECD_T1,0.0,665239.828,OECD_T12_EXP,0.0,strict,structural_zero,OECD_T12_EXP,1976.0,0.0,,,,,,,,A,,OECD_T12_EXP,,2026-09-21,current,,,,,,,False,False,False,20260921T154333Z,structural zero (D20): Medicare and Medicaid are D.62 in the SNA presentation; D.632 = 0
USA_E04_strict,USA,ESA_EXP,E04,1,Social transfers in kind (purchased market production),1977,1977,CY,0.0,USD,2081826.0,OECD_T1,0.0,719289.853,OECD_T12_EXP,0.0,strict,structural_zero,OECD_T12_EXP,1977.0,0.0,,,,,,,,A,,OECD_T12_EXP,,2026-09-21,current,,,,,,,False,False,False,20260921T154333Z,structural zero (D20): Medicare and Medicaid are D.62 in the SNA presentation; D.632 = 0
USA_E04_strict,USA,ESA_EXP,E04,1,Social transfers in kind (purchased market production),1978,1978,CY,0.0,USD,2351599.0,OECD_T1,0.0,793433.202,OECD_T12_EXP,0.0,strict,structural_zero,OECD_T12_EXP,1978.0,0.0,,,,,,,,A,,OECD_T12_EXP,,2026-09-21,current,,,,,,,False,False,False,20260921T154333Z,structural zero (D20): Medicare and Medicaid are D.62 in the SNA presentation; D.632 = 0
USA_E04_strict,USA,ESA_EXP,E04,1,Social transfers in kind (purchased market production),1979,1979,CY,0.0,USD,2627333.0,OECD_T1,0.0,881942.15,OECD_T12_EXP,0.0,strict,structural_zero,OECD_T12_EXP,1979.0,0.0,,,,,,,,A,,OECD_T12_EXP,,2026-09-21,current,,,,,,,False,False,False,20260921T154333Z,structural zero (D20): Medicare and Medicaid are D.62 in the SNA presentation; D.632 = 0
USA_E04_strict,USA,ESA_EXP,E04,1,Social transfers in kind (purchased market production),1980,1980,CY,0.0,USD,2857307.0,OECD_T1,0.0,1011584.392,OECD_T12_EXP,0.0,strict,structural_zero,OECD_T12_EXP,1980.0,0.0,,,,,,,,A,,OECD_T12_EXP,,2026-09-21,current,,,,,,,False,False,False,20260921T154333Z,structural zero (D20): Medicare and Medicaid are D.62 in the SNA presentation; D.632 = 0
USA_E04_strict,USA,ESA_EXP,E04,1,Social transfers in kind (purchased market production),1981,1981,CY,0.0,USD,3207041.0,OECD_T1,0.0,1141638.875,OECD_T12_EXP,0.0,strict,structural_zero,OECD_T12_EXP,1981.0,0.0,,,,,,,,A,,OECD_T12_EXP,,2026-09-21,current,,,,,,,False,False,False,20260921T154333Z,structural zero (D20): Medicare and Medicaid are D.62 in the SNA presentation; D.632 = 0
USA_E04_strict,USA,ESA_EXP,E04,1,Social transfers in kind (purchased market production),1982,1982,CY,0.0,USD,3343789.0,OECD_T1,0.0,1265571.752,OECD_T12_EXP,0.0,strict,structural_zero,OECD_T12_EXP,1982.0,0.0,,,,,,,,A,,OECD_T12_EXP,,2026-09-21,current,,,,,,,False,False,False,20260921T154333Z,structural zero (D20): Medicare and Medicaid are D.62 in the SNA presentation; D.632 = 0
USA_E04_strict,USA,ESA_EXP,E04,1,Social transfers in kind (purchased market production),1983,1983,CY,0.0,USD,3634038.0,OECD_T1,0.0,1378107.36,OECD_T12_EXP,0.0,strict,structural_zero,OECD_T12_EXP,1983.0,0.0,,,,,,,,A,,OECD_T12_EXP,,2026-09-21,current,,,,,,,False,False,False,20260921T154333Z,structural zero (D20): Medicare and Medicaid are D.62 in the SNA presentation; D.632 = 0
USA_E04_strict,USA,ESA_EXP,E04,1,Social transfers in kind (purchased market production),1984,1984,CY,0.0,USD,4037613.0,OECD_T1,0.0,1482956.458,OECD_T12_EXP,0.0,strict,structural_zero,OECD_T12_EXP,1984.0,0.0,,,,,,,,A,,OECD_T12_EXP,,2026-09-21,current,,,,,,,False,False,False,20260921T154333Z,structural zero (D20): Medicare and Medicaid are D.62 in the SNA presentation; D.632 = 0
USA_E04_strict,USA,ESA_EXP,E04,1,Social transfers in kind (purchased market production),1985,1985,CY,0.0,USD,4338979.0,OECD_T1,0.0,1619504.884,OECD_T12_EXP,0.0,strict,structural_zero,OECD_T12_EXP,1985.0,0.0,,,,,,,,A,,OECD_T12_EXP,,2026-09-21,current,,,,,,,False,False,False,20260921T154333Z,structural zero (D20): Medicare and Medicaid are D.62 in the SNA presentation; D.632 = 0
USA_E04_strict,USA,ESA_EXP,E04,1,Social transfers in kind (purchased market production),1986,1986,CY,0.0,USD,4579631.0,OECD_T1,0.0,1729603.143,OECD_T12_EXP,0.0,strict,structural_zero,OECD_T12_EXP,1986.0,0.0,,,,,,,,A,,OECD_T12_EXP,,2026-09-21,current,,,,,,,False,False,False,20260921T154333Z,structural zero (D20): Medicare and Medicaid are D.62 in the SNA presentation; D.632 = 0
USA_E04_strict,USA,ESA_EXP,E04,1,Social transfers in kind (purchased market production),1987,1987,CY,0.0,USD,4855215.0,OECD_T1,0.0,1823219.018,OECD_T12_EXP,0.0,strict,structural_zero,OECD_T12_EXP,1987.0,0.0,,,,,,,,A,,OECD_T12_EXP,,2026-09-21,current,,,,,,,False,False,False,20260921T154333Z,structural zero (D20): Medicare and Medicaid are D.62 in the SNA presentation; D.632 = 0
USA_E04_strict,USA,ESA_EXP,E04,1,Social transfers in kind (purchased market production),1988,1988,CY,0.0,USD,5236438.0,OECD_T1,0.0,1921327.694,OECD_T12_EXP,0.0,strict,structural_zero,OECD_T12_EXP,1988.0,0.0,,,,,,,,A,,OECD_T12_EXP,,2026-09-21,current,,,,,,,False,False,False,20260921T154333Z,structural zero (D20): Medicare and Medicaid are D.62 in the SNA presentation; D.632 = 0
USA_E04_strict,USA,ESA_EXP,E04,1,Social transfers in kind (purchased market production),1989,1989,CY,0.0,USD,5641580.0,OECD_T1,0.0,2070591.536,OECD_T12_EXP,0.0,strict,structural_zero,OECD_T12_EXP,1989.0,0.0,,,,,,,,A,,OECD_T12_EXP,,2026-09-21,current,,,,,,,False,False,False,20260921T154333Z,structural zero (D20): Medicare and Medicaid are D.62 in the SNA presentation; D.632 = 0
USA_E04_strict,USA,ESA_EXP,E04,1,Social transfers in kind (purchased market production),1990,1990,CY,0.0,USD,5963144.0,OECD_T1,0.0,2245937.647,OECD_T12_EXP,0.0,strict,structural_zero,OECD_T12_EXP,1990.0,0.0,,,,,,,,A,,OECD_T12_EXP,,2026-09-21,current,,,,,,,False,False,False,20260921T154333Z,structural zero (D20): Medicare and Medicaid are D.62 in the SNA presentation; D.632 = 0
USA_E04_strict,USA,ESA_EXP,E04,1,Social transfers in kind (purchased market production),1991,1991,CY,0.0,USD,6158129.0,OECD_T1,0.0,2375813.949,OECD_T12_EXP,0.0,strict,structural_zero,OECD_T12_EXP,1991.0,0.0,,,,,,,,A,,OECD_T12_EXP,,2026-09-21,current,,,,,,,False,False,False,20260921T154333Z,structural zero (D20): Medicare and Medicaid are D.62 in the SNA presentation; D.632 = 0
USA_E04_strict,USA,ESA_EXP,E04,1,Social transfers in kind (purchased market production),1992,1992,CY,0.0,USD,6520327.0,OECD_T1,0.0,2566906.471,OECD_T12_EXP,0.0,strict,structural_zero,OECD_T12_EXP,1992.0,0.0,,,,,,,,A,,OECD_T12_EXP,,2026-09-21,current,,,,,,,False,False,False,20260921T154333Z,structural zero (D20): Medicare and Medicaid are D.62 in the SNA presentation; D.632 = 0
USA_E04_strict,USA,ESA_EXP,E04,1,Social transfers in kind (purchased market production),1993,1993,CY,0.0,USD,6858559.0,OECD_T1,0.0,2661705.411,OECD_T12_EXP,0.0,strict,structural_zero,OECD_T12_EXP,1993.0,0.0,,,,,,,,A,,OECD_T12_EXP,,2026-09-21,current,,,,,,,False,False,False,20260921T154333Z,structural zero (D20): Medicare and Medicaid are D.62 in the SNA presentation; D.632 = 0
USA_E04_strict,USA,ESA_EXP,E04,1,Social transfers in kind (purchased market production),1994,1994,CY,0.0,USD,7287236.0,OECD_T1,0.0,2757826.66,OECD_T12_EXP,0.0,strict,structural_zero,OECD_T12_EXP,1994.0,0.0,,,,,,,,A,,OECD_T12_EXP,,2026-09-21,current,,,,,,,False,False,False,20260921T154333Z,structural zero (D20): Medicare and Medicaid are D.62 in the SNA presentation; D.632 = 0
USA_E04_strict,USA,ESA_EXP,E04,1,Social transfers in kind (purchased market production),1995,1995,CY,0.0,USD,7639749.0,OECD_T1,0.0,2888481.116,OECD_T12_EXP,0.0,strict,structural_zero,OECD_T12_EXP,1995.0,0.0,,,,,,,,A,,OECD_T12_EXP,,2026-09-21,current,,,,,,,False,False,False,20260921T154333Z,structural zero (D20): Medicare and Medicaid are D.62 in the SNA presentation; D.632 = 0
USA_E04_strict,USA,ESA_EXP,E04,1,Social transfers in kind (purchased market production),1996,1996,CY,0.0,USD,8073122.0,OECD_T1,0.0,2997027.645,OECD_T12_EXP,0.0,strict,structural_zero,OECD_T12_EXP,1996.0,0.0,,,,,,,,A,,OECD_T12_EXP,,2026-09-21,current,,,,,,,False,False,False,20260921T154333Z,structural zero (D20): Medicare and Medicaid are D.62 in the SNA presentation; D.632 = 0
USA_E04_strict,USA,ESA_EXP,E04,1,Social transfers in kind (purchased market production),1997,1997,CY,0.0,USD,8577552.0,OECD_T1,0.0,3085212.788,OECD_T12_EXP,0.0,strict,structural_zero,OECD_T12_EXP,1997.0,0.0,,,,,,,,A,,OECD_T12_EXP,,2026-09-21,current,,,,,,,False,False,False,20260921T154333Z,structural zero (D20): Medicare and Medicaid are D.62 in the SNA presentation; D.632 = 0
USA_E04_strict,USA,ESA_EXP,E04,1,Social transfers in kind (purchased market production),1998,1998,CY,0.0,USD,9062817.0,OECD_T1,0.0,3182809.689,OECD_T12_EXP,0.0,strict,structural_zero,OECD_T12_EXP,1998.0,0.0,,,,,,,,A,,OECD_T12_EXP,,2026-09-21,current,,,,,,,False,False,False,20260921T154333Z,structural zero (D20): Medicare and Medicaid are D.62 in the SNA presentation; D.632 = 0
USA_E04_strict,USA,ESA_EXP,E04,1,Social transfers in kind (purchased market production),1999,1999,CY,0.0,USD,9631172.0,OECD_T1,0.0,3337215.127,OECD_T12_EXP,0.0,strict,structural_zero,OECD_T12_EXP,1999.0,0.0,,,,,,,,A,,OECD_T12_EXP,,2026-09-21,current,,,,,,,False,False,False,20260921T154333Z,structural zero (D20): Medicare and Medicaid are D.62 in the SNA presentation; D.632 = 0
USA_E04_strict,USA,ESA_EXP,E04,1,Social transfers in kind (purchased market production),2000,2000,CY,0.0,USD,10250952.0,OECD_T1,0.0,3516022.544,OECD_T12_EXP,0.0,strict,structural_zero,OECD_T12_EXP,2000.0,0.0,,,,,,,,A,,OECD_T12_EXP,,2026-09-21,current,,,,,,,False,False,False,20260921T154333Z,structural zero (D20): Medicare and Medicaid are D.62 in the SNA presentation; D.632 = 0
USA_E04_strict,USA,ESA_EXP,E04,1,Social transfers in kind (purchased market production),2001,2001,CY,0.0,USD,10581929.0,OECD_T1,0.0,3768842.739,OECD_T12_EXP,0.0,strict,structural_zero,OECD_T12_EXP,2001.0,0.0,,,,,,,,A,,OECD_T12_EXP,,2026-09-21,current,,,,,,,False,False,False,20260921T154333Z,structural zero (D20): Medicare and Medicaid are D.62 in the SNA presentation; D.632 = 0
USA_E04_strict,USA,ESA_EXP,E04,1,Social transfers in kind (purchased market production),2002,2002,CY,0.0,USD,10929108.0,OECD_T1,0.0,4015593.389,OECD_T12_EXP,0.0,strict,structural_zero,OECD_T12_EXP,2002.0,0.0,,,,,,,,A,,OECD_T12_EXP,,2026-09-21,current,,,,,,,False,False,False,20260921T154333Z,structural zero (D20): Medicare and Medicaid are D.62 in the SNA presentation; D.632 = 0
USA_E04_strict,USA,ESA_EXP,E04,1,Social transfers in kind (purchased market production),2003,2003,CY,0.0,USD,11456450.0,OECD_T1,0.0,4268405.593,OECD_T12_EXP,0.0,strict,structural_zero,OECD_T12_EXP,2003.0,0.0,,,,,,,,A,,OECD_T12_EXP,,2026-09-21,current,,,,,,,False,False,False,20260921T154333Z,structural zero (D20): Medicare and Medicaid are D.62 in the SNA presentation; D.632 = 0
USA_E04_strict,USA,ESA_EXP,E04,1,Social transfers in kind (purchased market production),2004,2004,CY,0.0,USD,12217196.0,OECD_T1,0.0,4503250.177,OECD_T12_EXP,0.0,strict,structural_zero,OECD_T12_EXP,2004.0,0.0,,,,,,,,A,,OECD_T12_EXP,,2026-09-21,current,,,,,,,False,False,False,20260921T154333Z,structural zero (D20): Medicare and Medicaid are D.62 in the SNA presentation; D.632 = 0
USA_E04_strict,USA,ESA_EXP,E04,1,Social transfers in kind (purchased market production),2005,2005,CY,0.0,USD,13039197.0,OECD_T1,0.0,4817585.229,OECD_T12_EXP,0.0,strict,structural_zero,OECD_T12_EXP,2005.0,0.0,,,,,,,,A,,OECD_T12_EXP,,2026-09-21,current,,,,,,,False,False,False,20260921T154333Z,structural zero (D20): Medicare and Medicaid are D.62 in the SNA presentation; D.632 = 0
USA_E04_strict,USA,ESA_EXP,E04,1,Social transfers in kind (purchased market production),2006,2006,CY,0.0,USD,13815583.0,OECD_T1,0.0,5065366.17,OECD_T12_EXP,0.0,strict,structural_zero,OECD_T12_EXP,2006.0,0.0,,,,,,,,A,,OECD_T12_EXP,,2026-09-21,current,,,,,,,False,False,False,20260921T154333Z,structural zero (D20): Medicare and Medicaid are D.62 in the SNA presentation; D.632 = 0
USA_E04_strict,USA,ESA_EXP,E04,1,Social transfers in kind (purchased market production),2007,2007,CY,0.0,USD,14474228.0,OECD_T1,0.0,5408532.177,OECD_T12_EXP,0.0,strict,structural_zero,OECD_T12_EXP,2007.0,0.0,,,,,,,,A,,OECD_T12_EXP,,2026-09-21,current,,,,,,,False,False,False,20260921T154333Z,structural zero (D20): Medicare and Medicaid are D.62 in the SNA presentation; D.632 = 0
USA_E04_strict,USA,ESA_EXP,E04,1,Social transfers in kind (purchased market production),2008,2008,CY,0.0,USD,14769862.0,OECD_T1,0.0,5860288.656,OECD_T12_EXP,0.0,strict,structural_zero,OECD_T12_EXP,2008.0,0.0,,,,,,,,A,,OECD_T12_EXP,,2026-09-21,current,,,,,,,False,False,False,20260921T154333Z,structural zero (D20): Medicare and Medicaid are D.62 in the SNA presentation; D.632 = 0
USA_E04_strict,USA,ESA_EXP,E04,1,Social transfers in kind (purchased market production),2009,2009,CY,0.0,USD,14478067.0,OECD_T1,0.0,6253856.833,OECD_T12_EXP,0.0,strict,structural_zero,OECD_T12_EXP,2009.0,0.0,,,,,,,,A,,OECD_T12_EXP,,2026-09-21,current,,,,,,,False,False,False,20260921T154333Z,structural zero (D20): Medicare and Medicaid are D.62 in the SNA presentation; D.632 = 0
USA_E04_strict,USA,ESA_EXP,E04,1,Social transfers in kind (purchased market production),2010,2010,CY,0.0,USD,15048971.0,OECD_T1,0.0,6472653.579,OECD_T12_EXP,0.0,strict,structural_zero,OECD_T12_EXP,2010.0,0.0,,,,,,,,A,,OECD_T12_EXP,,2026-09-21,current,,,,,,,False,False,False,20260921T154333Z,structural zero (D20): Medicare and Medicaid are D.62 in the SNA presentation; D.632 = 0
USA_E04_strict,USA,ESA_EXP,E04,1,Social transfers in kind (purchased market production),2011,2011,CY,0.0,USD,15599732.0,OECD_T1,0.0,6535058.593,OECD_T12_EXP,0.0,strict,structural_zero,OECD_T12_EXP,2011.0,0.0,,,,,,,,A,,OECD_T12_EXP,,2026-09-21,current,,,,,,,False,False,False,20260921T154333Z,structural zero (D20): Medicare and Medicaid are D.62 in the SNA presentation; D.632 = 0
USA_E04_strict,USA,ESA_EXP,E04,1,Social transfers in kind (purchased market production),2012,2012,CY,0.0,USD,16253970.0,OECD_T1,0.0,6515363.741,OECD_T12_EXP,0.0,strict,structural_zero,OECD_T12_EXP,2012.0,0.0,,,,,,,,A,,OECD_T12_EXP,,2026-09-21,current,,,,,,,False,False,False,20260921T154333Z,structural zero (D20): Medicare and Medicaid are D.62 in the SNA presentation; D.632 = 0
USA_E04_strict,USA,ESA_EXP,E04,1,Social transfers in kind (purchased market production),2013,2013,CY,0.0,USD,16880683.0,OECD_T1,0.0,6548911.724,OECD_T12_EXP,0.0,strict,structural_zero,OECD_T12_EXP,2013.0,0.0,,,,,,,,A,,OECD_T12_EXP,,2026-09-21,current,,,,,,,False,False,False,20260921T154333Z,structural zero (D20): Medicare and Medicaid are D.62 in the SNA presentation; D.632 = 0
USA_E04_strict,USA,ESA_EXP,E04,1,Social transfers in kind (purchased market production),2014,2014,CY,0.0,USD,17608138.0,OECD_T1,0.0,6721068.225,OECD_T12_EXP,0.0,strict,structural_zero,OECD_T12_EXP,2014.0,0.0,,,,,,,,A,,OECD_T12_EXP,,2026-09-21,current,,,,,,,False,False,False,20260921T154333Z,structural zero (D20): Medicare and Medicaid are D.62 in the SNA presentation; D.632 = 0
USA_E04_strict,USA,ESA_EXP,E04,1,Social transfers in kind (purchased market production),2015,2015,CY,0.0,USD,18295019.0,OECD_T1,0.0,6910981.379,OECD_T12_EXP,0.0,strict,structural_zero,OECD_T12_EXP,2015.0,0.0,,,,,,,,A,,OECD_T12_EXP,,2026-09-21,current,,,,,,,False,False,False,20260921T154333Z,structural zero (D20): Medicare and Medicaid are D.62 in the SNA presentation; D.632 = 0
USA_E04_strict,USA,ESA_EXP,E04,1,Social transfers in kind (purchased market production),2016,2016,CY,0.0,USD,18804913.0,OECD_T1,0.0,7156461.234,OECD_T12_EXP,0.0,strict,structural_zero,OECD_T12_EXP,2016.0,0.0,,,,,,,,A,,OECD_T12_EXP,,2026-09-21,current,,,,,,,False,False,False,20260921T154333Z,structural zero (D20): Medicare and Medicaid are D.62 in the SNA presentation; D.632 = 0
USA_E04_strict,USA,ESA_EXP,E04,1,Social transfers in kind (purchased market production),2017,2017,CY,0.0,USD,19612102.0,OECD_T1,0.0,7407363.809,OECD_T12_EXP,0.0,strict,structural_zero,OECD_T12_EXP,2017.0,0.0,,,,,,,,A,,OECD_T12_EXP,,2026-09-21,current,,,,,,,False,False,False,20260921T154333Z,structural zero (D20): Medicare and Medicaid are D.62 in the SNA presentation; D.632 = 0
USA_E04_strict,USA,ESA_EXP,E04,1,Social transfers in kind (purchased market production),2018,2018,CY,0.0,USD,20656516.0,OECD_T1,0.0,7792497.79,OECD_T12_EXP,0.0,strict,structural_zero,OECD_T12_EXP,2018.0,0.0,,,,,,,,A,,OECD_T12_EXP,,2026-09-21,current,,,,,,,False,False,False,20260921T154333Z,structural zero (D20): Medicare and Medicaid are D.62 in the SNA presentation; D.632 = 0
USA_E04_strict,USA,ESA_EXP,E04,1,Social transfers in kind (purchased market production),2019,2019,CY,0.0,USD,21539982.0,OECD_T1,0.0,8237124.663,OECD_T12_EXP,0.0,strict,structural_zero,OECD_T12_EXP,2019.0,0.0,,,,,,,,A,,OECD_T12_EXP,,2026-09-21,current,,,,,,,False,False,False,20260921T154333Z,structural zero (D20): Medicare and Medicaid are D.62 in the SNA presentation; D.632 = 0
USA_E04_strict,USA,ESA_EXP,E04,1,Social transfers in kind (purchased market production),2020,2020,CY,0.0,USD,21375281.0,OECD_T1,0.0,10100928.491,OECD_T12_EXP,0.0,strict,structural_zero,OECD_T12_EXP,2020.0,0.0,,,,,,,,A,,OECD_T12_EXP,,2026-09-21,current,,,,,,,False,False,False,20260921T154333Z,structural zero (D20): Medicare and Medicaid are D.62 in the SNA presentation; D.632 = 0
USA_E04_strict,USA,ESA_EXP,E04,1,Social transfers in kind (purchased market production),2021,2021,CY,0.0,USD,23725645.0,OECD_T1,0.0,10755588.525,OECD_T12_EXP,0.0,strict,structural_zero,OECD_T12_EXP,2021.0,0.0,,,,,,,,A,,OECD_T12_EXP,,2026-09-21,current,,,,,,,False,False,False,20260921T154333Z,structural zero (D20): Medicare and Medicaid are D.62 in the SNA presentation; D.632 = 0
USA_E04_strict,USA,ESA_EXP,E04,1,Social transfers in kind (purchased market production),2022,2022,CY,0.0,USD,26054614.0,OECD_T1,0.0,10009774.585,OECD_T12_EXP,0.0,strict,structural_zero,OECD_T12_EXP,2022.0,0.0,,,,,,,,A,,OECD_T12_EXP,,2026-09-21,current,,,,,,,False,False,False,20260921T154333Z,structural zero (D20): Medicare and Medicaid are D.62 in the SNA presentation; D.632 = 0
USA_E04_strict,USA,ESA_EXP,E04,1,Social transfers in kind (purchased market production),2023,2023,CY,0.0,USD,27811517.0,OECD_T1,0.0,10905857.712,OECD_T12_EXP,0.0,strict,structural_zero,OECD_T12_EXP,2023.0,0.0,,,,,,,,A,,OECD_T12_EXP,,2026-09-21,current,,,,,,,False,False,False,20260921T154333Z,structural zero (D20): Medicare and Medicaid are D.62 in the SNA presentation; D.632 = 0
USA_E04_strict,USA,ESA_EXP,E04,1,Social transfers in kind (purchased market production),2024,2024,CY,0.0,USD,29298013.0,OECD_T1,0.0,11592173.245,OECD_T12_EXP,0.0,strict,structural_zero,OECD_T12_EXP,2024.0,0.0,,,,,,,,A,,OECD_T12_EXP,,2026-09-21,current,,,,,,,False,False,False,20260921T154333Z,structural zero (D20): Medicare and Medicaid are D.62 in the SNA presentation; D.632 = 0
USA_E05_strict,USA,ESA_EXP,E05,1,Interest payable,1970,1970,CY,44383.332,USD,1073303.0,OECD_T1,4.13521,367503.355,OECD_T12_EXP,12.076987,strict,anchor_actual,OECD_T12_EXP,1970.0,44383.332,,,,,,,,A,,OECD_T12_EXP,,2026-09-21,current,,d41_gross_accrued,,,,,False,False,False,20260921T154333Z,
USA_E05_strict,USA,ESA_EXP,E05,1,Interest payable,1971,1971,CY,48621.007,USD,1164850.0,OECD_T1,4.174014,402471.767,OECD_T12_EXP,12.080601,strict,anchor_actual,OECD_T12_EXP,1971.0,48621.007,,,,,,,,A,,OECD_T12_EXP,,2026-09-21,current,,d41_gross_accrued,,,,,False,False,False,20260921T154333Z,
USA_E05_strict,USA,ESA_EXP,E05,1,Interest payable,1972,1972,CY,53463.608,USD,1279110.0,OECD_T1,4.179751,440097.771,OECD_T12_EXP,12.148121,strict,anchor_actual,OECD_T12_EXP,1972.0,53463.608,,,,,,,,A,,OECD_T12_EXP,,2026-09-21,current,,d41_gross_accrued,,,,,False,False,False,20260921T154333Z,
USA_E05_strict,USA,ESA_EXP,E05,1,Interest payable,1973,1973,CY,61979.821,USD,1425376.0,OECD_T1,4.348314,475784.734,OECD_T12_EXP,13.026862,strict,anchor_actual,OECD_T12_EXP,1973.0,61979.821,,,,,,,,A,,OECD_T12_EXP,,2026-09-21,current,,d41_gross_accrued,,,,,False,False,False,20260921T154333Z,
USA_E05_strict,USA,ESA_EXP,E05,1,Interest payable,1974,1974,CY,69526.152,USD,1545243.0,OECD_T1,4.499367,534060.3,OECD_T12_EXP,13.018409,strict,anchor_actual,OECD_T12_EXP,1974.0,69526.152,,,,,,,,A,,OECD_T12_EXP,,2026-09-21,current,,d41_gross_accrued,,,,,False,False,False,20260921T154333Z,
USA_E05_strict,USA,ESA_EXP,E05,1,Interest payable,1975,1975,CY,77403.189,USD,1684904.0,OECD_T1,4.593923,621290.987,OECD_T12_EXP,12.458444,strict,anchor_actual,OECD_T12_EXP,1975.0,77403.189,,,,,,,,A,,OECD_T12_EXP,,2026-09-21,current,,d41_gross_accrued,,,,,False,False,False,20260921T154333Z,
USA_E05_strict,USA,ESA_EXP,E05,1,Interest payable,1976,1976,CY,86724.044,USD,1873412.0,OECD_T1,4.629203,665239.828,OECD_T12_EXP,13.036508,strict,anchor_actual,OECD_T12_EXP,1976.0,86724.044,,,,,,,,A,,OECD_T12_EXP,,2026-09-21,current,,d41_gross_accrued,,,,,False,False,False,20260921T154333Z,
USA_E05_strict,USA,ESA_EXP,E05,1,Interest payable,1977,1977,CY,95752.532,USD,2081826.0,OECD_T1,4.599449,719289.853,OECD_T12_EXP,13.312093,strict,anchor_actual,OECD_T12_EXP,1977.0,95752.532,,,,,,,,A,,OECD_T12_EXP,,2026-09-21,current,,d41_gross_accrued,,,,,False,False,False,20260921T154333Z,
USA_E05_strict,USA,ESA_EXP,E05,1,Interest payable,1978,1978,CY,111330.064,USD,2351599.0,OECD_T1,4.734228,793433.202,OECD_T12_EXP,14.031435,strict,anchor_actual,OECD_T12_EXP,1978.0,111330.064,,,,,,,,A,,OECD_T12_EXP,,2026-09-21,current,,d41_gross_accrued,,,,,False,False,False,20260921T154333Z,
USA_E05_strict,USA,ESA_EXP,E05,1,Interest payable,1979,1979,CY,127088.572,USD,2627333.0,OECD_T1,4.83717,881942.15,OECD_T12_EXP,14.41008,strict,anchor_actual,OECD_T12_EXP,1979.0,127088.572,,,,,,,,A,,OECD_T12_EXP,,2026-09-21,current,,d41_gross_accrued,,,,,False,False,False,20260921T154333Z,
USA_E05_strict,USA,ESA_EXP,E05,1,Interest payable,1980,1980,CY,146778.786,USD,2857307.0,OECD_T1,5.136962,1011584.392,OECD_T12_EXP,14.509791,strict,anchor_actual,OECD_T12_EXP,1980.0,146778.786,,,,,,,,A,,OECD_T12_EXP,,2026-09-21,current,,d41_gross_accrued,76060.0,-48.1805,,,False,False,False,20260921T154333Z,
USA_E05_strict,USA,ESA_EXP,E05,1,Interest payable,1981,1981,CY,176443.131,USD,3207041.0,OECD_T1,5.501742,1141638.875,OECD_T12_EXP,15.455249,strict,anchor_actual,OECD_T12_EXP,1981.0,176443.131,,,,,,,,A,,OECD_T12_EXP,,2026-09-21,current,,d41_gross_accrued,95600.0,-45.8182,,,False,False,False,20260921T154333Z,
USA_E05_strict,USA,ESA_EXP,E05,1,Interest payable,1982,1982,CY,201786.947,USD,3343789.0,OECD_T1,6.034679,1265571.752,OECD_T12_EXP,15.944331,strict,anchor_actual,OECD_T12_EXP,1982.0,201786.947,,,,,,,,A,,OECD_T12_EXP,,2026-09-21,current,,d41_gross_accrued,116830.0,-42.1023,,,False,False,False,20260921T154333Z,
USA_E05_strict,USA,ESA_EXP,E05,1,Interest payable,1983,1983,CY,223122.836,USD,3634038.0,OECD_T1,6.139805,1378107.36,OECD_T12_EXP,16.190526,strict,anchor_actual,OECD_T12_EXP,1983.0,223122.836,,,,,,,,A,,OECD_T12_EXP,,2026-09-21,current,,d41_gross_accrued,131110.0,-41.2386,,,False,False,False,20260921T154333Z,
USA_E05_strict,USA,ESA_EXP,E05,1,Interest payable,1984,1984,CY,254744.986,USD,4037613.0,OECD_T1,6.309297,1482956.458,OECD_T12_EXP,17.178184,strict,anchor_actual,OECD_T12_EXP,1984.0,254744.986,,,,,,,,A,,OECD_T12_EXP,,2026-09-21,current,,d41_gross_accrued,152280.0,-40.2226,,,False,False,False,20260921T154333Z,
USA_E05_strict,USA,ESA_EXP,E05,1,Interest payable,1985,1985,CY,279834.212,USD,4338979.0,OECD_T1,6.44931,1619504.884,OECD_T12_EXP,17.278998,strict,anchor_actual,OECD_T12_EXP,1985.0,279834.212,,,,,,,,A,,OECD_T12_EXP,,2026-09-21,current,,d41_gross_accrued,184650.0,-34.0145,,,False,False,False,20260921T154333Z,
USA_E05_strict,USA,ESA_EXP,E05,1,Interest payable,1986,1986,CY,294696.043,USD,4579631.0,OECD_T1,6.43493,1729603.143,OECD_T12_EXP,17.038362,strict,anchor_actual,OECD_T12_EXP,1986.0,294696.043,,,,,,,,A,,OECD_T12_EXP,,2026-09-21,current,,d41_gross_accrued,191770.0,-34.9262,,,False,False,False,20260921T154333Z,
USA_E05_strict,USA,ESA_EXP,E05,1,Interest payable,1987,1987,CY,304886.431,USD,4855215.0,OECD_T1,6.279566,1823219.018,OECD_T12_EXP,16.722425,strict,anchor_actual,OECD_T12_EXP,1987.0,304886.431,,,,,,,,A,,OECD_T12_EXP,,2026-09-21,current,,d41_gross_accrued,198050.0,-35.0414,,,False,False,False,20260921T154333Z,
USA_E05_strict,USA,ESA_EXP,E05,1,Interest payable,1988,1988,CY,323474.416,USD,5236438.0,OECD_T1,6.177375,1921327.694,OECD_T12_EXP,16.835984,strict,anchor_actual,OECD_T12_EXP,1988.0,323474.416,,,,,,,,A,,OECD_T12_EXP,,2026-09-21,current,,d41_gross_accrued,212550.0,-34.2916,,,False,False,False,20260921T154333Z,
USA_E05_strict,USA,ESA_EXP,E05,1,Interest payable,1989,1989,CY,351421.352,USD,5641580.0,OECD_T1,6.22913,2070591.536,OECD_T12_EXP,16.972027,strict,anchor_actual,OECD_T12_EXP,1989.0,351421.352,,,,,,,,A,,OECD_T12_EXP,,2026-09-21,current,,d41_gross_accrued,227360.0,-35.3027,,,False,False,False,20260921T154333Z,
USA_E05_strict,USA,ESA_EXP,E05,1,Interest payable,1990,1990,CY,372600.846,USD,5963144.0,OECD_T1,6.248396,2245937.647,OECD_T12_EXP,16.589991,strict,anchor_actual,OECD_T12_EXP,1990.0,372600.846,,,,,,,,A,,OECD_T12_EXP,,2026-09-21,current,,d41_gross_accrued,246080.0,-33.9561,,,False,False,False,20260921T154333Z,
USA_E05_strict,USA,ESA_EXP,E05,1,Interest payable,1991,1991,CY,397873.183,USD,6158129.0,OECD_T1,6.460943,2375813.949,OECD_T12_EXP,16.746816,strict,anchor_actual,OECD_T12_EXP,1991.0,397873.183,,,,,,,,A,,OECD_T12_EXP,,2026-09-21,current,,d41_gross_accrued,271180.0,-31.8426,,,False,False,False,20260921T154333Z,
USA_E05_strict,USA,ESA_EXP,E05,1,Interest payable,1992,1992,CY,405908.776,USD,6520327.0,OECD_T1,6.225283,2566906.471,OECD_T12_EXP,15.81315,strict,anchor_actual,OECD_T12_EXP,1992.0,405908.776,,,,,,,,A,,OECD_T12_EXP,,2026-09-21,current,,d41_gross_accrued,271810.0,-33.0367,,,False,False,False,20260921T154333Z,
USA_E05_strict,USA,ESA_EXP,E05,1,Interest payable,1993,1993,CY,411626.766,USD,6858559.0,OECD_T1,6.001651,2661705.411,OECD_T12_EXP,15.464775,strict,anchor_actual,OECD_T12_EXP,1993.0,411626.766,,,,,,,,A,,OECD_T12_EXP,,2026-09-21,current,,d41_gross_accrued,265920.0,-35.3978,,,False,False,False,20260921T154333Z,
USA_E05_strict,USA,ESA_EXP,E05,1,Interest payable,1994,1994,CY,423004.033,USD,7287236.0,OECD_T1,5.804725,2757826.66,OECD_T12_EXP,15.338311,strict,anchor_actual,OECD_T12_EXP,1994.0,423004.033,,,,,,,,A,,OECD_T12_EXP,,2026-09-21,current,,d41_gross_accrued,269280.0,-36.341,,,False,False,False,20260921T154333Z,
USA_E05_strict,USA,ESA_EXP,E05,1,Interest payable,1995,1995,CY,461885.142,USD,7639749.0,OECD_T1,6.045816,2888481.116,OECD_T12_EXP,15.990589,strict,anchor_actual,OECD_T12_EXP,1995.0,461885.142,,,,,,,,A,,OECD_T12_EXP,,2026-09-21,current,,d41_gross_accrued,291150.0,-36.9648,,,False,False,False,20260921T154333Z,
USA_E05_strict,USA,ESA_EXP,E05,1,Interest payable,1996,1996,CY,468536.638,USD,8073122.0,OECD_T1,5.803661,2997027.645,OECD_T12_EXP,15.633377,strict,anchor_actual,OECD_T12_EXP,1996.0,468536.638,,,,,,,,A,,OECD_T12_EXP,,2026-09-21,current,,d41_gross_accrued,311230.0,-33.574,,,False,False,False,20260921T154333Z,
USA_E05_strict,USA,ESA_EXP,E05,1,Interest payable,1997,1997,CY,474323.284,USD,8577552.0,OECD_T1,5.529821,3085212.788,OECD_T12_EXP,15.374087,strict,anchor_actual,OECD_T12_EXP,1997.0,474323.284,,,,,,,,A,,OECD_T12_EXP,,2026-09-21,current,,d41_gross_accrued,316870.0,-33.1954,,,False,False,False,20260921T154333Z,
USA_E05_strict,USA,ESA_EXP,E05,1,Interest payable,1998,1998,CY,468235.5,USD,9062817.0,OECD_T1,5.166556,3182809.689,OECD_T12_EXP,14.711389,strict,anchor_actual,OECD_T12_EXP,1998.0,468235.5,,,,,,,,A,,OECD_T12_EXP,,2026-09-21,current,,d41_gross_accrued,317760.0,-32.1367,,,False,False,False,20260921T154333Z,
USA_E05_strict,USA,ESA_EXP,E05,1,Interest payable,1999,1999,CY,454256.732,USD,9631172.0,OECD_T1,4.716526,3337215.127,OECD_T12_EXP,13.61185,strict,anchor_actual,OECD_T12_EXP,1999.0,454256.732,,,,,,,,A,,OECD_T12_EXP,,2026-09-21,current,,d41_gross_accrued,308360.0,-32.1177,,,False,False,False,20260921T154333Z,
USA_E05_strict,USA,ESA_EXP,E05,1,Interest payable,2000,2000,CY,453482.53,USD,10250952.0,OECD_T1,4.423809,3516022.544,OECD_T12_EXP,12.8976,strict,anchor_actual,OECD_T12_EXP,2000.0,453482.53,,,,,,,,A,,OECD_T12_EXP,,2026-09-21,current,,d41_gross_accrued,307080.0,-32.2841,,,False,False,False,20260921T154333Z,
USA_E05_strict,USA,ESA_EXP,E05,1,Interest payable,2001,2001,CY,448001.57,USD,10581929.0,OECD_T1,4.233647,3768842.739,OECD_T12_EXP,11.88698,strict,anchor_actual,OECD_T12_EXP,2001.0,448001.57,,,,,,,,A,,OECD_T12_EXP,,2026-09-21,current,,d41_gross_accrued,344453.5,-23.1133,,,False,False,False,20260921T154333Z,
USA_E05_strict,USA,ESA_EXP,E05,1,Interest payable,2002,2002,CY,440411.055,USD,10929108.0,OECD_T1,4.029707,4015593.389,OECD_T12_EXP,10.967521,strict,anchor_actual,OECD_T12_EXP,2002.0,440411.055,,,,,,,,A,,OECD_T12_EXP,,2026-09-21,current,,d41_gross_accrued,316092.0,-28.228,,,False,False,False,20260921T154333Z,
USA_E05_strict,USA,ESA_EXP,E05,1,Interest payable,2003,2003,CY,463807.368,USD,11456450.0,OECD_T1,4.048439,4268405.593,OECD_T12_EXP,10.866057,strict,anchor_actual,OECD_T12_EXP,2003.0,463807.368,,,,,,,,A,,OECD_T12_EXP,,2026-09-21,current,,d41_gross_accrued,304521.6,-34.3431,,,False,False,False,20260921T154333Z,
USA_E05_strict,USA,ESA_EXP,E05,1,Interest payable,2004,2004,CY,469815.81,USD,12217196.0,OECD_T1,3.845529,4503250.177,OECD_T12_EXP,10.432816,strict,anchor_actual,OECD_T12_EXP,2004.0,469815.81,,,,,,,,A,,OECD_T12_EXP,,2026-09-21,current,,d41_gross_accrued,313156.4,-33.3449,,,False,False,False,20260921T154333Z,
USA_E05_strict,USA,ESA_EXP,E05,1,Interest payable,2005,2005,CY,510670.627,USD,13039197.0,OECD_T1,3.916427,4817585.229,OECD_T12_EXP,10.600137,strict,anchor_actual,OECD_T12_EXP,2005.0,510670.627,,,,,,,,A,,OECD_T12_EXP,,2026-09-21,current,,d41_gross_accrued,352540.6,-30.9652,,,False,False,False,20260921T154333Z,
USA_E05_strict,USA,ESA_EXP,E05,1,Interest payable,2006,2006,CY,549313.0,USD,13815583.0,OECD_T1,3.976039,5065366.17,OECD_T12_EXP,10.844487,strict,anchor_actual,OECD_T12_EXP,2006.0,549313.0,,,,,,,,A,,OECD_T12_EXP,,2026-09-21,current,,d41_gross_accrued,383412.3,-30.2015,,,False,False,False,20260921T154333Z,
USA_E05_strict,USA,ESA_EXP,E05,1,Interest payable,2007,2007,CY,588072.284,USD,14474228.0,OECD_T1,4.062892,5408532.177,OECD_T12_EXP,10.873048,strict,anchor_actual,OECD_T12_EXP,2007.0,588072.284,,,,,,,,A,,OECD_T12_EXP,,2026-09-21,current,,d41_gross_accrued,424549.2,-27.8066,,,False,False,False,20260921T154333Z,
USA_E05_strict,USA,ESA_EXP,E05,1,Interest payable,2008,2008,CY,580947.58,USD,14769862.0,OECD_T1,3.933331,5860288.656,OECD_T12_EXP,9.913293,strict,anchor_actual,OECD_T12_EXP,2008.0,580947.58,,,,,,,,A,,OECD_T12_EXP,,2026-09-21,current,,d41_gross_accrued,410017.4,-29.4227,,,False,False,False,20260921T154333Z,
USA_E05_strict,USA,ESA_EXP,E05,1,Interest payable,2009,2009,CY,609503.375,USD,14478067.0,OECD_T1,4.209839,6253856.833,OECD_T12_EXP,9.74604,strict,anchor_actual,OECD_T12_EXP,2009.0,609503.375,,,,,,,,A,,OECD_T12_EXP,,2026-09-21,current,,d41_gross_accrued,372690.6,-38.8534,,,False,False,False,20260921T154333Z,
USA_E05_strict,USA,ESA_EXP,E05,1,Interest payable,2010,2010,CY,635478.722,USD,15048971.0,OECD_T1,4.222739,6472653.579,OECD_T12_EXP,9.817901,strict,anchor_actual,OECD_T12_EXP,2010.0,635478.722,,,,,,,,A,,OECD_T12_EXP,,2026-09-21,current,,d41_gross_accrued,402972.7,-36.5875,,,False,False,False,20260921T154333Z,
USA_E05_strict,USA,ESA_EXP,E05,1,Interest payable,2011,2011,CY,677554.699,USD,15599732.0,OECD_T1,4.343374,6535058.593,OECD_T12_EXP,10.367997,strict,anchor_actual,OECD_T12_EXP,2011.0,677554.699,,,,,,,,A,,OECD_T12_EXP,,2026-09-21,current,,d41_gross_accrued,449254.2,-33.6948,,,False,False,False,20260921T154333Z,
USA_E05_strict,USA,ESA_EXP,E05,1,Interest payable,2012,2012,CY,689596.651,USD,16253970.0,OECD_T1,4.242635,6515363.741,OECD_T12_EXP,10.584162,strict,anchor_actual,OECD_T12_EXP,2012.0,689596.651,,,,,,,,A,,OECD_T12_EXP,,2026-09-21,current,,d41_gross_accrued,443131.1,-35.7405,,,False,False,False,20260921T154333Z,
USA_E05_strict,USA,ESA_EXP,E05,1,Interest payable,2013,2013,CY,672212.099,USD,16880683.0,OECD_T1,3.982138,6548911.724,OECD_T12_EXP,10.264486,strict,anchor_actual,OECD_T12_EXP,2013.0,672212.099,,,,,,,,A,,OECD_T12_EXP,,2026-09-21,current,,d41_gross_accrued,419435.5,-37.6037,,,False,False,False,20260921T154333Z,
USA_E05_strict,USA,ESA_EXP,E05,1,Interest payable,2014,2014,CY,687143.445,USD,17608138.0,OECD_T1,3.90242,6721068.225,OECD_T12_EXP,10.223724,strict,anchor_actual,OECD_T12_EXP,2014.0,687143.445,,,,,,,,A,,OECD_T12_EXP,,2026-09-21,current,,d41_gross_accrued,435646.1,-36.6004,,,False,False,False,20260921T154333Z,
USA_E05_strict,USA,ESA_EXP,E05,1,Interest payable,2015,2015,CY,684055.242,USD,18295019.0,OECD_T1,3.739024,6910981.379,OECD_T12_EXP,9.898091,strict,anchor_actual,OECD_T12_EXP,2015.0,684055.242,,,,,,,,A,,OECD_T12_EXP,,2026-09-21,current,,d41_gross_accrued,428286.4,-37.3901,,,False,False,False,20260921T154333Z,
USA_E05_strict,USA,ESA_EXP,E05,1,Interest payable,2016,2016,CY,723355.354,USD,18804913.0,OECD_T1,3.84663,7156461.234,OECD_T12_EXP,10.107724,strict,anchor_actual,OECD_T12_EXP,2016.0,723355.354,,,,,,,,A,,OECD_T12_EXP,,2026-09-21,current,,d41_gross_accrued,468185.5,-35.2759,,,False,False,False,20260921T154333Z,
USA_E05_strict,USA,ESA_EXP,E05,1,Interest payable,2017,2017,CY,754303.135,USD,19612102.0,OECD_T1,3.846111,7407363.809,OECD_T12_EXP,10.183152,strict,anchor_actual,OECD_T12_EXP,2017.0,754303.135,,,,,,,,A,,OECD_T12_EXP,,2026-09-21,current,,d41_gross_accrued,494638.4,-34.4245,,,False,False,False,20260921T154333Z,
USA_E05_strict,USA,ESA_EXP,E05,1,Interest payable,2018,2018,CY,813325.283,USD,20656516.0,OECD_T1,3.937379,7792497.79,OECD_T12_EXP,10.437286,strict,anchor_actual,OECD_T12_EXP,2018.0,813325.283,,,,,,,,A,,OECD_T12_EXP,,2026-09-21,current,,d41_gross_accrued,571995.6,-29.672,,,False,False,False,20260921T154333Z,
USA_E05_strict,USA,ESA_EXP,E05,1,Interest payable,2019,2019,CY,869813.399,USD,21539982.0,OECD_T1,4.038134,8237124.663,OECD_T12_EXP,10.559673,strict,anchor_actual,OECD_T12_EXP,2019.0,869813.399,,,,,,,,A,,OECD_T12_EXP,,2026-09-21,current,,d41_gross_accrued,606868.9,-30.23,,,False,False,False,20260921T154333Z,
USA_E05_strict,USA,ESA_EXP,E05,1,Interest payable,2020,2020,CY,800332.029,USD,21375281.0,OECD_T1,3.744194,10100928.491,OECD_T12_EXP,7.923351,strict,anchor_actual,OECD_T12_EXP,2020.0,800332.029,,,,,,,,A,,OECD_T12_EXP,,2026-09-21,current,,d41_gross_accrued,541832.5,-32.299,,,False,False,False,20260921T154333Z,
USA_E05_strict,USA,ESA_EXP,E05,1,Interest payable,2021,2021,CY,838242.671,USD,23725645.0,OECD_T1,3.533066,10755588.525,OECD_T12_EXP,7.793555,strict,anchor_actual,OECD_T12_EXP,2021.0,838242.671,,,,,,,,A,,OECD_T12_EXP,,2026-09-21,current,,d41_gross_accrued,631403.5,-24.6753,,,False,False,False,20260921T154333Z,
USA_E05_strict,USA,ESA_EXP,E05,1,Interest payable,2022,2022,CY,953966.157,USD,26054614.0,OECD_T1,3.66141,10009774.585,OECD_T12_EXP,9.530346,strict,anchor_actual,OECD_T12_EXP,2022.0,953966.157,,,,,,,,A,,OECD_T12_EXP,,2026-09-21,current,,d41_gross_accrued,815793.1,-14.4841,,,False,False,False,20260921T154333Z,
USA_E05_strict,USA,ESA_EXP,E05,1,Interest payable,2023,2023,CY,1205507.31,USD,27811517.0,OECD_T1,4.334562,10905857.712,OECD_T12_EXP,11.05376,strict,anchor_actual,OECD_T12_EXP,2023.0,1205507.31,,,,,,,,A,,OECD_T12_EXP,,2026-09-21,current,,d41_gross_accrued,997790.9,-17.2306,,,False,False,False,20260921T154333Z,
USA_E05_strict,USA,ESA_EXP,E05,1,Interest payable,2024,2024,CY,1384602.216,USD,29298013.0,OECD_T1,4.725925,11592173.245,OECD_T12_EXP,11.944285,strict,anchor_actual,OECD_T12_EXP,2024.0,1384602.216,,,,,,,,A,,OECD_T12_EXP,,2026-09-21,current,,d41_gross_accrued,1179053.8,-14.8453,,,False,False,False,20260921T154333Z,
USA_E06_strict,USA,ESA_EXP,E06,1,Subsidies,1970,1970,CY,4777.0,USD,1073303.0,OECD_T1,0.445075,367503.355,OECD_T12_EXP,1.299852,strict,anchor_actual,OECD_T12_EXP,1970.0,4777.0,,,,,,,,A,,OECD_T12_EXP,,2026-09-21,current,,,,,,,False,False,False,20260921T154333Z,
USA_E06_strict,USA,ESA_EXP,E06,1,Subsidies,1971,1971,CY,4675.0,USD,1164850.0,OECD_T1,0.401339,402471.767,OECD_T12_EXP,1.161572,strict,anchor_actual,OECD_T12_EXP,1971.0,4675.0,,,,,,,,A,,OECD_T12_EXP,,2026-09-21,current,,,,,,,False,False,False,20260921T154333Z,
USA_E06_strict,USA,ESA_EXP,E06,1,Subsidies,1972,1972,CY,6636.0,USD,1279110.0,OECD_T1,0.518798,440097.771,OECD_T12_EXP,1.507847,strict,anchor_actual,OECD_T12_EXP,1972.0,6636.0,,,,,,,,A,,OECD_T12_EXP,,2026-09-21,current,,,,,,,False,False,False,20260921T154333Z,
USA_E06_strict,USA,ESA_EXP,E06,1,Subsidies,1973,1973,CY,5230.0,USD,1425376.0,OECD_T1,0.366921,475784.734,OECD_T12_EXP,1.099237,strict,anchor_actual,OECD_T12_EXP,1973.0,5230.0,,,,,,,,A,,OECD_T12_EXP,,2026-09-21,current,,,,,,,False,False,False,20260921T154333Z,
USA_E06_strict,USA,ESA_EXP,E06,1,Subsidies,1974,1974,CY,3307.0,USD,1545243.0,OECD_T1,0.214012,534060.3,OECD_T12_EXP,0.619218,strict,anchor_actual,OECD_T12_EXP,1974.0,3307.0,,,,,,,,A,,OECD_T12_EXP,,2026-09-21,current,,,,,,,False,False,False,20260921T154333Z,
USA_E06_strict,USA,ESA_EXP,E06,1,Subsidies,1975,1975,CY,4494.0,USD,1684904.0,OECD_T1,0.266721,621290.987,OECD_T12_EXP,0.723333,strict,anchor_actual,OECD_T12_EXP,1975.0,4494.0,,,,,,,,A,,OECD_T12_EXP,,2026-09-21,current,,,,,,,False,False,False,20260921T154333Z,
USA_E06_strict,USA,ESA_EXP,E06,1,Subsidies,1976,1976,CY,5125.0,USD,1873412.0,OECD_T1,0.273565,665239.828,OECD_T12_EXP,0.770399,strict,anchor_actual,OECD_T12_EXP,1976.0,5125.0,,,,,,,,A,,OECD_T12_EXP,,2026-09-21,current,,,,,,,False,False,False,20260921T154333Z,
USA_E06_strict,USA,ESA_EXP,E06,1,Subsidies,1977,1977,CY,7100.0,USD,2081826.0,OECD_T1,0.341047,719289.853,OECD_T12_EXP,0.987085,strict,anchor_actual,OECD_T12_EXP,1977.0,7100.0,,,,,,,,A,,OECD_T12_EXP,,2026-09-21,current,,,,,,,False,False,False,20260921T154333Z,
USA_E06_strict,USA,ESA_EXP,E06,1,Subsidies,1978,1978,CY,8936.0,USD,2351599.0,OECD_T1,0.379997,793433.202,OECD_T12_EXP,1.126245,strict,anchor_actual,OECD_T12_EXP,1978.0,8936.0,,,,,,,,A,,OECD_T12_EXP,,2026-09-21,current,,,,,,,False,False,False,20260921T154333Z,
USA_E06_strict,USA,ESA_EXP,E06,1,Subsidies,1979,1979,CY,8531.0,USD,2627333.0,OECD_T1,0.324702,881942.15,OECD_T12_EXP,0.967297,strict,anchor_actual,OECD_T12_EXP,1979.0,8531.0,,,,,,,,A,,OECD_T12_EXP,,2026-09-21,current,,,,,,,False,False,False,20260921T154333Z,
USA_E06_strict,USA,ESA_EXP,E06,1,Subsidies,1980,1980,CY,9800.0,USD,2857307.0,OECD_T1,0.34298,1011584.392,OECD_T12_EXP,0.968777,strict,anchor_actual,OECD_T12_EXP,1980.0,9800.0,,,,,,,,A,,OECD_T12_EXP,,2026-09-21,current,,,,,,,False,False,False,20260921T154333Z,
USA_E06_strict,USA,ESA_EXP,E06,1,Subsidies,1981,1981,CY,11473.0,USD,3207041.0,OECD_T1,0.357744,1141638.875,OECD_T12_EXP,1.004959,strict,anchor_actual,OECD_T12_EXP,1981.0,11473.0,,,,,,,,A,,OECD_T12_EXP,,2026-09-21,current,,,,,,,False,False,False,20260921T154333Z,
USA_E06_strict,USA,ESA_EXP,E06,1,Subsidies,1982,1982,CY,15017.0,USD,3343789.0,OECD_T1,0.449101,1265571.752,OECD_T12_EXP,1.186578,strict,anchor_actual,OECD_T12_EXP,1982.0,15017.0,,,,,,,,A,,OECD_T12_EXP,,2026-09-21,current,,,,,,,False,False,False,20260921T154333Z,
USA_E06_strict,USA,ESA_EXP,E06,1,Subsidies,1983,1983,CY,21304.0,USD,3634038.0,OECD_T1,0.586235,1378107.36,OECD_T12_EXP,1.545888,strict,anchor_actual,OECD_T12_EXP,1983.0,21304.0,,,,,,,,A,,OECD_T12_EXP,,2026-09-21,current,,,,,,,False,False,False,20260921T154333Z,
USA_E06_strict,USA,ESA_EXP,E06,1,Subsidies,1984,1984,CY,21065.0,USD,4037613.0,OECD_T1,0.521719,1482956.458,OECD_T12_EXP,1.420473,strict,anchor_actual,OECD_T12_EXP,1984.0,21065.0,,,,,,,,A,,OECD_T12_EXP,,2026-09-21,current,,,,,,,False,False,False,20260921T154333Z,
USA_E06_strict,USA,ESA_EXP,E06,1,Subsidies,1985,1985,CY,21360.0,USD,4338979.0,OECD_T1,0.492282,1619504.884,OECD_T12_EXP,1.318922,strict,anchor_actual,OECD_T12_EXP,1985.0,21360.0,,,,,,,,A,,OECD_T12_EXP,,2026-09-21,current,,,,,,,False,False,False,20260921T154333Z,
USA_E06_strict,USA,ESA_EXP,E06,1,Subsidies,1986,1986,CY,24895.0,USD,4579631.0,OECD_T1,0.543603,1729603.143,OECD_T12_EXP,1.439348,strict,anchor_actual,OECD_T12_EXP,1986.0,24895.0,,,,,,,,A,,OECD_T12_EXP,,2026-09-21,current,,,,,,,False,False,False,20260921T154333Z,
USA_E06_strict,USA,ESA_EXP,E06,1,Subsidies,1987,1987,CY,30282.0,USD,4855215.0,OECD_T1,0.6237,1823219.018,OECD_T12_EXP,1.660909,strict,anchor_actual,OECD_T12_EXP,1987.0,30282.0,,,,,,,,A,,OECD_T12_EXP,,2026-09-21,current,,,,,,,False,False,False,20260921T154333Z,
USA_E06_strict,USA,ESA_EXP,E06,1,Subsidies,1988,1988,CY,29502.0,USD,5236438.0,OECD_T1,0.563398,1921327.694,OECD_T12_EXP,1.535501,strict,anchor_actual,OECD_T12_EXP,1988.0,29502.0,,,,,,,,A,,OECD_T12_EXP,,2026-09-21,current,,,,,,,False,False,False,20260921T154333Z,
USA_E06_strict,USA,ESA_EXP,E06,1,Subsidies,1989,1989,CY,27428.0,USD,5641580.0,OECD_T1,0.486176,2070591.536,OECD_T12_EXP,1.324646,strict,anchor_actual,OECD_T12_EXP,1989.0,27428.0,,,,,,,,A,,OECD_T12_EXP,,2026-09-21,current,,,,,,,False,False,False,20260921T154333Z,
USA_E06_strict,USA,ESA_EXP,E06,1,Subsidies,1990,1990,CY,26993.0,USD,5963144.0,OECD_T1,0.452664,2245937.647,OECD_T12_EXP,1.201859,strict,anchor_actual,OECD_T12_EXP,1990.0,26993.0,,,,,,,,A,,OECD_T12_EXP,,2026-09-21,current,,,,,,,False,False,False,20260921T154333Z,
USA_E06_strict,USA,ESA_EXP,E06,1,Subsidies,1991,1991,CY,27488.0,USD,6158129.0,OECD_T1,0.446369,2375813.949,OECD_T12_EXP,1.156993,strict,anchor_actual,OECD_T12_EXP,1991.0,27488.0,,,,,,,,A,,OECD_T12_EXP,,2026-09-21,current,,,,,,,False,False,False,20260921T154333Z,
USA_E06_strict,USA,ESA_EXP,E06,1,Subsidies,1992,1992,CY,30088.0,USD,6520327.0,OECD_T1,0.461449,2566906.471,OECD_T12_EXP,1.17215,strict,anchor_actual,OECD_T12_EXP,1992.0,30088.0,,,,,,,,A,,OECD_T12_EXP,,2026-09-21,current,,,,,,,False,False,False,20260921T154333Z,
USA_E06_strict,USA,ESA_EXP,E06,1,Subsidies,1993,1993,CY,36681.0,USD,6858559.0,OECD_T1,0.534821,2661705.411,OECD_T12_EXP,1.378101,strict,anchor_actual,OECD_T12_EXP,1993.0,36681.0,,,,,,,,A,,OECD_T12_EXP,,2026-09-21,current,,,,,,,False,False,False,20260921T154333Z,
USA_E06_strict,USA,ESA_EXP,E06,1,Subsidies,1994,1994,CY,32523.0,USD,7287236.0,OECD_T1,0.446301,2757826.66,OECD_T12_EXP,1.179298,strict,anchor_actual,OECD_T12_EXP,1994.0,32523.0,,,,,,,,A,,OECD_T12_EXP,,2026-09-21,current,,,,,,,False,False,False,20260921T154333Z,
USA_E06_strict,USA,ESA_EXP,E06,1,Subsidies,1995,1995,CY,34812.0,USD,7639749.0,OECD_T1,0.455669,2888481.116,OECD_T12_EXP,1.205201,strict,anchor_actual,OECD_T12_EXP,1995.0,34812.0,,,,,,,,A,,OECD_T12_EXP,,2026-09-21,current,,,,,,,False,False,False,20260921T154333Z,
USA_E06_strict,USA,ESA_EXP,E06,1,Subsidies,1996,1996,CY,35234.0,USD,8073122.0,OECD_T1,0.436436,2997027.645,OECD_T12_EXP,1.175631,strict,anchor_actual,OECD_T12_EXP,1996.0,35234.0,,,,,,,,A,,OECD_T12_EXP,,2026-09-21,current,,,,,,,False,False,False,20260921T154333Z,
USA_E06_strict,USA,ESA_EXP,E06,1,Subsidies,1997,1997,CY,33810.0,USD,8577552.0,OECD_T1,0.394168,3085212.788,OECD_T12_EXP,1.095873,strict,anchor_actual,OECD_T12_EXP,1997.0,33810.0,,,,,,,,A,,OECD_T12_EXP,,2026-09-21,current,,,,,,,False,False,False,20260921T154333Z,
USA_E06_strict,USA,ESA_EXP,E06,1,Subsidies,1998,1998,CY,36368.0,USD,9062817.0,OECD_T1,0.401288,3182809.689,OECD_T12_EXP,1.142638,strict,anchor_actual,OECD_T12_EXP,1998.0,36368.0,,,,,,,,A,,OECD_T12_EXP,,2026-09-21,current,,,,,,,False,False,False,20260921T154333Z,
USA_E06_strict,USA,ESA_EXP,E06,1,Subsidies,1999,1999,CY,45209.0,USD,9631172.0,OECD_T1,0.469403,3337215.127,OECD_T12_EXP,1.354692,strict,anchor_actual,OECD_T12_EXP,1999.0,45209.0,,,,,,,,A,,OECD_T12_EXP,,2026-09-21,current,,,,,,,False,False,False,20260921T154333Z,
USA_E06_strict,USA,ESA_EXP,E06,1,Subsidies,2000,2000,CY,45840.0,USD,10250952.0,OECD_T1,0.447178,3516022.544,OECD_T12_EXP,1.303746,strict,anchor_actual,OECD_T12_EXP,2000.0,45840.0,,,,,,,,A,,OECD_T12_EXP,,2026-09-21,current,,,,,,,False,False,False,20260921T154333Z,
USA_E06_strict,USA,ESA_EXP,E06,1,Subsidies,2001,2001,CY,58709.941,USD,10581929.0,OECD_T1,0.554813,3768842.739,OECD_T12_EXP,1.557771,strict,anchor_actual,OECD_T12_EXP,2001.0,58709.941,,,,,,,,A,,OECD_T12_EXP,,2026-09-21,current,,,58710.0,0.0001,,,False,False,False,20260921T154333Z,
USA_E06_strict,USA,ESA_EXP,E06,1,Subsidies,2002,2002,CY,41396.078,USD,10929108.0,OECD_T1,0.378769,4015593.389,OECD_T12_EXP,1.030883,strict,anchor_actual,OECD_T12_EXP,2002.0,41396.078,,,,,,,,A,,OECD_T12_EXP,,2026-09-21,current,,,41396.1,0.0001,,,False,False,False,20260921T154333Z,
USA_E06_strict,USA,ESA_EXP,E06,1,Subsidies,2003,2003,CY,49057.129,USD,11456450.0,OECD_T1,0.428205,4268405.593,OECD_T12_EXP,1.149308,strict,anchor_actual,OECD_T12_EXP,2003.0,49057.129,,,,,,,,A,,OECD_T12_EXP,,2026-09-21,current,,,49057.1,-0.0001,,,False,False,False,20260921T154333Z,
USA_E06_strict,USA,ESA_EXP,E06,1,Subsidies,2004,2004,CY,46386.317,USD,12217196.0,OECD_T1,0.379681,4503250.177,OECD_T12_EXP,1.030063,strict,anchor_actual,OECD_T12_EXP,2004.0,46386.317,,,,,,,,A,,OECD_T12_EXP,,2026-09-21,current,,,46386.3,-0.0,,,False,False,False,20260921T154333Z,
USA_E06_strict,USA,ESA_EXP,E06,1,Subsidies,2005,2005,CY,60910.656,USD,13039197.0,OECD_T1,0.467135,4817585.229,OECD_T12_EXP,1.26434,strict,anchor_actual,OECD_T12_EXP,2005.0,60910.656,,,,,,,,A,,OECD_T12_EXP,,2026-09-21,current,,,60910.7,0.0001,,,False,False,False,20260921T154333Z,
USA_E06_strict,USA,ESA_EXP,E06,1,Subsidies,2006,2006,CY,51467.183,USD,13815583.0,OECD_T1,0.37253,5065366.17,OECD_T12_EXP,1.01606,strict,anchor_actual,OECD_T12_EXP,2006.0,51467.183,,,,,,,,A,,OECD_T12_EXP,,2026-09-21,current,,,51467.2,0.0,,,False,False,False,20260921T154333Z,
USA_E06_strict,USA,ESA_EXP,E06,1,Subsidies,2007,2007,CY,54584.205,USD,14474228.0,OECD_T1,0.377113,5408532.177,OECD_T12_EXP,1.009224,strict,anchor_actual,OECD_T12_EXP,2007.0,54584.205,,,,,,,,A,,OECD_T12_EXP,,2026-09-21,current,,,54584.1,-0.0002,,,False,False,False,20260921T154333Z,
USA_E06_strict,USA,ESA_EXP,E06,1,Subsidies,2008,2008,CY,52556.704,USD,14769862.0,OECD_T1,0.355837,5860288.656,OECD_T12_EXP,0.896828,strict,anchor_actual,OECD_T12_EXP,2008.0,52556.704,,,,,,,,A,,OECD_T12_EXP,,2026-09-21,current,,,52556.7,-0.0,,,False,False,False,20260921T154333Z,
USA_E06_strict,USA,ESA_EXP,E06,1,Subsidies,2009,2009,CY,58347.454,USD,14478067.0,OECD_T1,0.403006,6253856.833,OECD_T12_EXP,0.932984,strict,anchor_actual,OECD_T12_EXP,2009.0,58347.454,,,,,,,,A,,OECD_T12_EXP,,2026-09-21,current,,,58347.5,0.0001,,,False,False,False,20260921T154333Z,
USA_E06_strict,USA,ESA_EXP,E06,1,Subsidies,2010,2010,CY,55808.198,USD,15048971.0,OECD_T1,0.370844,6472653.579,OECD_T12_EXP,0.862215,strict,anchor_actual,OECD_T12_EXP,2010.0,55808.198,,,,,,,,A,,OECD_T12_EXP,,2026-09-21,current,,,55808.4,0.0004,,,False,False,False,20260921T154333Z,
USA_E06_strict,USA,ESA_EXP,E06,1,Subsidies,2011,2011,CY,60007.657,USD,15599732.0,OECD_T1,0.384671,6535058.593,OECD_T12_EXP,0.918242,strict,anchor_actual,OECD_T12_EXP,2011.0,60007.657,,,,,,,,A,,OECD_T12_EXP,,2026-09-21,current,,,60007.6,-0.0001,,,False,False,False,20260921T154333Z,
USA_E06_strict,USA,ESA_EXP,E06,1,Subsidies,2012,2012,CY,58037.236,USD,16253970.0,OECD_T1,0.357065,6515363.741,OECD_T12_EXP,0.890775,strict,anchor_actual,OECD_T12_EXP,2012.0,58037.236,,,,,,,,A,,OECD_T12_EXP,,2026-09-21,current,,,58037.3,0.0001,,,False,False,False,20260921T154333Z,
USA_E06_strict,USA,ESA_EXP,E06,1,Subsidies,2013,2013,CY,59719.999,USD,16880683.0,OECD_T1,0.353777,6548911.724,OECD_T12_EXP,0.911907,strict,anchor_actual,OECD_T12_EXP,2013.0,59719.999,,,,,,,,A,,OECD_T12_EXP,,2026-09-21,current,,,59720.0,0.0,,,False,False,False,20260921T154333Z,
USA_E06_strict,USA,ESA_EXP,E06,1,Subsidies,2014,2014,CY,58089.621,USD,17608138.0,OECD_T1,0.329902,6721068.225,OECD_T12_EXP,0.864291,strict,anchor_actual,OECD_T12_EXP,2014.0,58089.621,,,,,,,,A,,OECD_T12_EXP,,2026-09-21,current,,,58089.6,-0.0,,,False,False,False,20260921T154333Z,
USA_E06_strict,USA,ESA_EXP,E06,1,Subsidies,2015,2015,CY,57191.776,USD,18295019.0,OECD_T1,0.312608,6910981.379,OECD_T12_EXP,0.827549,strict,anchor_actual,OECD_T12_EXP,2015.0,57191.776,,,,,,,,A,,OECD_T12_EXP,,2026-09-21,current,,,57191.8,0.0,,,False,False,False,20260921T154333Z,
USA_E06_strict,USA,ESA_EXP,E06,1,Subsidies,2016,2016,CY,61747.977,USD,18804913.0,OECD_T1,0.328361,7156461.234,OECD_T12_EXP,0.862828,strict,anchor_actual,OECD_T12_EXP,2016.0,61747.977,,,,,,,,A,,OECD_T12_EXP,,2026-09-21,current,,,61747.9,-0.0001,,,False,False,False,20260921T154333Z,
USA_E06_strict,USA,ESA_EXP,E06,1,Subsidies,2017,2017,CY,59874.629,USD,19612102.0,OECD_T1,0.305294,7407363.809,OECD_T12_EXP,0.808312,strict,anchor_actual,OECD_T12_EXP,2017.0,59874.629,,,,,,,,A,,OECD_T12_EXP,,2026-09-21,current,,,59874.6,-0.0,,,False,False,False,20260921T154333Z,
USA_E06_strict,USA,ESA_EXP,E06,1,Subsidies,2018,2018,CY,63319.907,USD,20656516.0,OECD_T1,0.306537,7792497.79,OECD_T12_EXP,0.812575,strict,anchor_actual,OECD_T12_EXP,2018.0,63319.907,,,,,,,,A,,OECD_T12_EXP,,2026-09-21,current,,,63319.9,-0.0,,,False,False,False,20260921T154333Z,
USA_E06_strict,USA,ESA_EXP,E06,1,Subsidies,2019,2019,CY,72956.056,USD,21539982.0,OECD_T1,0.338701,8237124.663,OECD_T12_EXP,0.885698,strict,anchor_actual,OECD_T12_EXP,2019.0,72956.056,,,,,,,,A,,OECD_T12_EXP,,2026-09-21,current,,,72956.4,0.0005,,,False,False,False,20260921T154333Z,
USA_E06_strict,USA,ESA_EXP,E06,1,Subsidies,2020,2020,CY,698507.695,USD,21375281.0,OECD_T1,3.267829,10100928.491,OECD_T12_EXP,6.915282,strict,anchor_actual,OECD_T12_EXP,2020.0,698507.695,,,,,,,,A,,OECD_T12_EXP,,2026-09-21,current,,,698507.7,0.0,,,False,False,False,20260921T154333Z,
USA_E06_strict,USA,ESA_EXP,E06,1,Subsidies,2021,2021,CY,626071.775,USD,23725645.0,OECD_T1,2.638798,10755588.525,OECD_T12_EXP,5.820897,strict,anchor_actual,OECD_T12_EXP,2021.0,626071.775,,,,,,,,A,,OECD_T12_EXP,,2026-09-21,current,,,626071.7,-0.0,,,False,False,False,20260921T154333Z,
USA_E06_strict,USA,ESA_EXP,E06,1,Subsidies,2022,2022,CY,127994.155,USD,26054614.0,OECD_T1,0.491253,10009774.585,OECD_T12_EXP,1.278692,strict,anchor_actual,OECD_T12_EXP,2022.0,127994.155,,,,,,,,A,,OECD_T12_EXP,,2026-09-21,current,,,127994.2,0.0,,,False,False,False,20260921T154333Z,
USA_E06_strict,USA,ESA_EXP,E06,1,Subsidies,2023,2023,CY,102252.21,USD,27811517.0,OECD_T1,0.367661,10905857.712,OECD_T12_EXP,0.93759,strict,anchor_actual,OECD_T12_EXP,2023.0,102252.21,,,,,,,,A,,OECD_T12_EXP,,2026-09-21,current,,,102252.2,-0.0,,,False,False,False,20260921T154333Z,
USA_E06_strict,USA,ESA_EXP,E06,1,Subsidies,2024,2024,CY,94239.408,USD,29298013.0,OECD_T1,0.321658,11592173.245,OECD_T12_EXP,0.812957,strict,anchor_actual,OECD_T12_EXP,2024.0,94239.408,,,,,,,,A,,OECD_T12_EXP,,2026-09-21,current,,,94239.4,-0.0,,,False,False,False,20260921T154333Z,
USA_E07_strict,USA,ESA_EXP,E07,1,Other current expenditure,1970,1970,CY,4818.0,USD,1073303.0,OECD_T1,0.448895,367503.355,OECD_T12_EXP,1.311008,strict,derived_actual,OECD_T12_EXP,1970.0,4818.0,,,,,,,,A,,OECD_T12_EXP,,2026-09-21,current,,,,,,,False,False,False,20260921T154333Z,derived D.29 + D.5 + (D.4 - D.41) + D.7 + D.8 (sum of the anchor's own items)
USA_E07_strict,USA,ESA_EXP,E07,1,Other current expenditure,1971,1971,CY,6012.0,USD,1164850.0,OECD_T1,0.516118,402471.767,OECD_T12_EXP,1.493769,strict,derived_actual,OECD_T12_EXP,1971.0,6012.0,,,,,,,,A,,OECD_T12_EXP,,2026-09-21,current,,,,,,,False,False,False,20260921T154333Z,derived D.29 + D.5 + (D.4 - D.41) + D.7 + D.8 (sum of the anchor's own items)
USA_E07_strict,USA,ESA_EXP,E07,1,Other current expenditure,1972,1972,CY,7177.0,USD,1279110.0,OECD_T1,0.561093,440097.771,OECD_T12_EXP,1.630774,strict,derived_actual,OECD_T12_EXP,1972.0,7177.0,,,,,,,,A,,OECD_T12_EXP,,2026-09-21,current,,,,,,,False,False,False,20260921T154333Z,derived D.29 + D.5 + (D.4 - D.41) + D.7 + D.8 (sum of the anchor's own items)
USA_E07_strict,USA,ESA_EXP,E07,1,Other current expenditure,1973,1973,CY,5390.999999999993,USD,1425376.0,OECD_T1,0.378216,475784.734,OECD_T12_EXP,1.133075,strict,derived_actual,OECD_T12_EXP,1973.0,5390.999999999993,,,,,,,,A,,OECD_T12_EXP,,2026-09-21,current,,,,,,,False,False,False,20260921T154333Z,derived D.29 + D.5 + (D.4 - D.41) + D.7 + D.8 (sum of the anchor's own items)
USA_E07_strict,USA,ESA_EXP,E07,1,Other current expenditure,1974,1974,CY,5995.0,USD,1545243.0,OECD_T1,0.387965,534060.3,OECD_T12_EXP,1.122532,strict,derived_actual,OECD_T12_EXP,1974.0,5995.0,,,,,,,,A,,OECD_T12_EXP,,2026-09-21,current,,,,,,,False,False,False,20260921T154333Z,derived D.29 + D.5 + (D.4 - D.41) + D.7 + D.8 (sum of the anchor's own items)
USA_E07_strict,USA,ESA_EXP,E07,1,Other current expenditure,1975,1975,CY,6135.0,USD,1684904.0,OECD_T1,0.364116,621290.987,OECD_T12_EXP,0.98746,strict,derived_actual,OECD_T12_EXP,1975.0,6135.0,,,,,,,,A,,OECD_T12_EXP,,2026-09-21,current,,,,,,,False,False,False,20260921T154333Z,derived D.29 + D.5 + (D.4 - D.41) + D.7 + D.8 (sum of the anchor's own items)
USA_E07_strict,USA,ESA_EXP,E07,1,Other current expenditure,1976,1976,CY,4534.0,USD,1873412.0,OECD_T1,0.242018,665239.828,OECD_T12_EXP,0.681559,strict,derived_actual,OECD_T12_EXP,1976.0,4534.0,,,,,,,,A,,OECD_T12_EXP,,2026-09-21,current,,,,,,,False,False,False,20260921T154333Z,derived D.29 + D.5 + (D.4 - D.41) + D.7 + D.8 (sum of the anchor's own items)
USA_E07_strict,USA,ESA_EXP,E07,1,Other current expenditure,1977,1977,CY,4247.0,USD,2081826.0,OECD_T1,0.204004,719289.853,OECD_T12_EXP,0.590443,strict,derived_actual,OECD_T12_EXP,1977.0,4247.0,,,,,,,,A,,OECD_T12_EXP,,2026-09-21,current,,,,,,,False,False,False,20260921T154333Z,derived D.29 + D.5 + (D.4 - D.41) + D.7 + D.8 (sum of the anchor's own items)
USA_E07_strict,USA,ESA_EXP,E07,1,Other current expenditure,1978,1978,CY,4992.0,USD,2351599.0,OECD_T1,0.212281,793433.202,OECD_T12_EXP,0.629164,strict,derived_actual,OECD_T12_EXP,1978.0,4992.0,,,,,,,,A,,OECD_T12_EXP,,2026-09-21,current,,,,,,,False,False,False,20260921T154333Z,derived D.29 + D.5 + (D.4 - D.41) + D.7 + D.8 (sum of the anchor's own items)
USA_E07_strict,USA,ESA_EXP,E07,1,Other current expenditure,1979,1979,CY,5845.999999999985,USD,2627333.0,OECD_T1,0.222507,881942.15,OECD_T12_EXP,0.662855,strict,derived_actual,OECD_T12_EXP,1979.0,5845.999999999985,,,,,,,,A,,OECD_T12_EXP,,2026-09-21,current,,,,,,,False,False,False,20260921T154333Z,derived D.29 + D.5 + (D.4 - D.41) + D.7 + D.8 (sum of the anchor's own items)
USA_E07_strict,USA,ESA_EXP,E07,1,Other current expenditure,1980,1980,CY,7330.0,USD,2857307.0,OECD_T1,0.256535,1011584.392,OECD_T12_EXP,0.724606,strict,derived_actual,OECD_T12_EXP,1980.0,7330.0,,,,,,,,A,,OECD_T12_EXP,,2026-09-21,current,,,,,,,False,False,False,20260921T154333Z,derived D.29 + D.5 + (D.4 - D.41) + D.7 + D.8 (sum of the anchor's own items)
USA_E07_strict,USA,ESA_EXP,E07,1,Other current expenditure,1981,1981,CY,6662.0,USD,3207041.0,OECD_T1,0.20773,1141638.875,OECD_T12_EXP,0.583547,strict,derived_actual,OECD_T12_EXP,1981.0,6662.0,,,,,,,,A,,OECD_T12_EXP,,2026-09-21,current,,,,,,,False,False,False,20260921T154333Z,derived D.29 + D.5 + (D.4 - D.41) + D.7 + D.8 (sum of the anchor's own items)
USA_E07_strict,USA,ESA_EXP,E07,1,Other current expenditure,1982,1982,CY,8141.0,USD,3343789.0,OECD_T1,0.243466,1265571.752,OECD_T12_EXP,0.643267,strict,derived_actual,OECD_T12_EXP,1982.0,8141.0,,,,,,,,A,,OECD_T12_EXP,,2026-09-21,current,,,,,,,False,False,False,20260921T154333Z,derived D.29 + D.5 + (D.4 - D.41) + D.7 + D.8 (sum of the anchor's own items)
USA_E07_strict,USA,ESA_EXP,E07,1,Other current expenditure,1983,1983,CY,8931.0,USD,3634038.0,OECD_T1,0.24576,1378107.36,OECD_T12_EXP,0.648063,strict,derived_actual,OECD_T12_EXP,1983.0,8931.0,,,,,,,,A,,OECD_T12_EXP,,2026-09-21,current,,,,,,,False,False,False,20260921T154333Z,derived D.29 + D.5 + (D.4 - D.41) + D.7 + D.8 (sum of the anchor's own items)
USA_E07_strict,USA,ESA_EXP,E07,1,Other current expenditure,1984,1984,CY,11216.00000000003,USD,4037613.0,OECD_T1,0.277788,1482956.458,OECD_T12_EXP,0.756327,strict,derived_actual,OECD_T12_EXP,1984.0,11216.00000000003,,,,,,,,A,,OECD_T12_EXP,,2026-09-21,current,,,,,,,False,False,False,20260921T154333Z,derived D.29 + D.5 + (D.4 - D.41) + D.7 + D.8 (sum of the anchor's own items)
USA_E07_strict,USA,ESA_EXP,E07,1,Other current expenditure,1985,1985,CY,13767.0,USD,4338979.0,OECD_T1,0.317287,1619504.884,OECD_T12_EXP,0.850075,strict,derived_actual,OECD_T12_EXP,1985.0,13767.0,,,,,,,,A,,OECD_T12_EXP,,2026-09-21,current,,,,,,,False,False,False,20260921T154333Z,derived D.29 + D.5 + (D.4 - D.41) + D.7 + D.8 (sum of the anchor's own items)
USA_E07_strict,USA,ESA_EXP,E07,1,Other current expenditure,1986,1986,CY,14198.0,USD,4579631.0,OECD_T1,0.310025,1729603.143,OECD_T12_EXP,0.820882,strict,derived_actual,OECD_T12_EXP,1986.0,14198.0,,,,,,,,A,,OECD_T12_EXP,,2026-09-21,current,,,,,,,False,False,False,20260921T154333Z,derived D.29 + D.5 + (D.4 - D.41) + D.7 + D.8 (sum of the anchor's own items)
USA_E07_strict,USA,ESA_EXP,E07,1,Other current expenditure,1987,1987,CY,12715.0,USD,4855215.0,OECD_T1,0.261883,1823219.018,OECD_T12_EXP,0.697393,strict,derived_actual,OECD_T12_EXP,1987.0,12715.0,,,,,,,,A,,OECD_T12_EXP,,2026-09-21,current,,,,,,,False,False,False,20260921T154333Z,derived D.29 + D.5 + (D.4 - D.41) + D.7 + D.8 (sum of the anchor's own items)
USA_E07_strict,USA,ESA_EXP,E07,1,Other current expenditure,1988,1988,CY,13194.0,USD,5236438.0,OECD_T1,0.251965,1921327.694,OECD_T12_EXP,0.686713,strict,derived_actual,OECD_T12_EXP,1988.0,13194.0,,,,,,,,A,,OECD_T12_EXP,,2026-09-21,current,,,,,,,False,False,False,20260921T154333Z,derived D.29 + D.5 + (D.4 - D.41) + D.7 + D.8 (sum of the anchor's own items)
USA_E07_strict,USA,ESA_EXP,E07,1,Other current expenditure,1989,1989,CY,13547.0,USD,5641580.0,OECD_T1,0.240128,2070591.536,OECD_T12_EXP,0.654257,strict,derived_actual,OECD_T12_EXP,1989.0,13547.0,,,,,,,,A,,OECD_T12_EXP,,2026-09-21,current,,,,,,,False,False,False,20260921T154333Z,derived D.29 + D.5 + (D.4 - D.41) + D.7 + D.8 (sum of the anchor's own items)
USA_E07_strict,USA,ESA_EXP,E07,1,Other current expenditure,1990,1990,CY,13529.0,USD,5963144.0,OECD_T1,0.226877,2245937.647,OECD_T12_EXP,0.602376,strict,derived_actual,OECD_T12_EXP,1990.0,13529.0,,,,,,,,A,,OECD_T12_EXP,,2026-09-21,current,,,,,,,False,False,False,20260921T154333Z,derived D.29 + D.5 + (D.4 - D.41) + D.7 + D.8 (sum of the anchor's own items)
USA_E07_strict,USA,ESA_EXP,E07,1,Other current expenditure,1991,1991,CY,-25625.0,USD,6158129.0,OECD_T1,-0.416117,2375813.949,OECD_T12_EXP,-1.078578,strict,derived_actual,OECD_T12_EXP,1991.0,-25625.0,,,,,,,,A,,OECD_T12_EXP,,2026-09-21,current,,,,,,,False,False,False,20260921T154333Z,derived D.29 + D.5 + (D.4 - D.41) + D.7 + D.8 (sum of the anchor's own items)
USA_E07_strict,USA,ESA_EXP,E07,1,Other current expenditure,1992,1992,CY,20551.0,USD,6520327.0,OECD_T1,0.315184,2566906.471,OECD_T12_EXP,0.800614,strict,derived_actual,OECD_T12_EXP,1992.0,20551.0,,,,,,,,A,,OECD_T12_EXP,,2026-09-21,current,,,,,,,False,False,False,20260921T154333Z,derived D.29 + D.5 + (D.4 - D.41) + D.7 + D.8 (sum of the anchor's own items)
USA_E07_strict,USA,ESA_EXP,E07,1,Other current expenditure,1993,1993,CY,21692.0,USD,6858559.0,OECD_T1,0.316276,2661705.411,OECD_T12_EXP,0.814966,strict,derived_actual,OECD_T12_EXP,1993.0,21692.0,,,,,,,,A,,OECD_T12_EXP,,2026-09-21,current,,,,,,,False,False,False,20260921T154333Z,derived D.29 + D.5 + (D.4 - D.41) + D.7 + D.8 (sum of the anchor's own items)
USA_E07_strict,USA,ESA_EXP,E07,1,Other current expenditure,1994,1994,CY,19947.0,USD,7287236.0,OECD_T1,0.273725,2757826.66,OECD_T12_EXP,0.723287,strict,derived_actual,OECD_T12_EXP,1994.0,19947.0,,,,,,,,A,,OECD_T12_EXP,,2026-09-21,current,,,,,,,False,False,False,20260921T154333Z,derived D.29 + D.5 + (D.4 - D.41) + D.7 + D.8 (sum of the anchor's own items)
USA_E07_strict,USA,ESA_EXP,E07,1,Other current expenditure,1995,1995,CY,15379.0,USD,7639749.0,OECD_T1,0.201302,2888481.116,OECD_T12_EXP,0.532425,strict,derived_actual,OECD_T12_EXP,1995.0,15379.0,,,,,,,,A,,OECD_T12_EXP,,2026-09-21,current,,,,,,,False,False,False,20260921T154333Z,derived D.29 + D.5 + (D.4 - D.41) + D.7 + D.8 (sum of the anchor's own items)
USA_E07_strict,USA,ESA_EXP,E07,1,Other current expenditure,1996,1996,CY,20378.0,USD,8073122.0,OECD_T1,0.252418,2997027.645,OECD_T12_EXP,0.67994,strict,derived_actual,OECD_T12_EXP,1996.0,20378.0,,,,,,,,A,,OECD_T12_EXP,,2026-09-21,current,,,,,,,False,False,False,20260921T154333Z,derived D.29 + D.5 + (D.4 - D.41) + D.7 + D.8 (sum of the anchor's own items)
USA_E07_strict,USA,ESA_EXP,E07,1,Other current expenditure,1997,1997,CY,16956.0,USD,8577552.0,OECD_T1,0.197679,3085212.788,OECD_T12_EXP,0.549589,strict,derived_actual,OECD_T12_EXP,1997.0,16956.0,,,,,,,,A,,OECD_T12_EXP,,2026-09-21,current,,,,,,,False,False,False,20260921T154333Z,derived D.29 + D.5 + (D.4 - D.41) + D.7 + D.8 (sum of the anchor's own items)
USA_E07_strict,USA,ESA_EXP,E07,1,Other current expenditure,1998,1998,CY,17967.0,USD,9062817.0,OECD_T1,0.19825,3182809.689,OECD_T12_EXP,0.564501,strict,derived_actual,OECD_T12_EXP,1998.0,17967.0,,,,,,,,A,,OECD_T12_EXP,,2026-09-21,current,,,,,,,False,False,False,20260921T154333Z,derived D.29 + D.5 + (D.4 - D.41) + D.7 + D.8 (sum of the anchor's own items)
USA_E07_strict,USA,ESA_EXP,E07,1,Other current expenditure,1999,1999,CY,16258.852000000014,USD,9631172.0,OECD_T1,0.168815,3337215.127,OECD_T12_EXP,0.487198,strict,derived_actual,OECD_T12_EXP,1999.0,16258.852000000014,,,,,,,,A,,OECD_T12_EXP,,2026-09-21,current,,,,,,,False,False,False,20260921T154333Z,derived D.29 + D.5 + (D.4 - D.41) + D.7 + D.8 (sum of the anchor's own items)
USA_E07_strict,USA,ESA_EXP,E07,1,Other current expenditure,2000,2000,CY,17932.79999999999,USD,10250952.0,OECD_T1,0.174938,3516022.544,OECD_T12_EXP,0.510031,strict,derived_actual,OECD_T12_EXP,2000.0,17932.79999999999,,,,,,,,A,,OECD_T12_EXP,,2026-09-21,current,,,,,,,False,False,False,20260921T154333Z,derived D.29 + D.5 + (D.4 - D.41) + D.7 + D.8 (sum of the anchor's own items)
USA_E07_strict,USA,ESA_EXP,E07,1,Other current expenditure,2001,2001,CY,16861.882999999973,USD,10581929.0,OECD_T1,0.159346,3768842.739,OECD_T12_EXP,0.447402,strict,derived_actual,OECD_T12_EXP,2001.0,16861.882999999973,,,,,,,,A,,OECD_T12_EXP,,2026-09-21,current,,,,,,,False,False,False,20260921T154333Z,derived D.29 + D.5 + (D.4 - D.41) + D.7 + D.8 (sum of the anchor's own items)
USA_E07_strict,USA,ESA_EXP,E07,1,Other current expenditure,2002,2002,CY,19396.166000000027,USD,10929108.0,OECD_T1,0.177473,4015593.389,OECD_T12_EXP,0.483021,strict,derived_actual,OECD_T12_EXP,2002.0,19396.166000000027,,,,,,,,A,,OECD_T12_EXP,,2026-09-21,current,,,,,,,False,False,False,20260921T154333Z,derived D.29 + D.5 + (D.4 - D.41) + D.7 + D.8 (sum of the anchor's own items)
USA_E07_strict,USA,ESA_EXP,E07,1,Other current expenditure,2003,2003,CY,21661.131999999983,USD,11456450.0,OECD_T1,0.189074,4268405.593,OECD_T12_EXP,0.507476,strict,derived_actual,OECD_T12_EXP,2003.0,21661.131999999983,,,,,,,,A,,OECD_T12_EXP,,2026-09-21,current,,,,,,,False,False,False,20260921T154333Z,derived D.29 + D.5 + (D.4 - D.41) + D.7 + D.8 (sum of the anchor's own items)
USA_E07_strict,USA,ESA_EXP,E07,1,Other current expenditure,2004,2004,CY,22977.370999999985,USD,12217196.0,OECD_T1,0.188074,4503250.177,OECD_T12_EXP,0.51024,strict,derived_actual,OECD_T12_EXP,2004.0,22977.370999999985,,,,,,,,A,,OECD_T12_EXP,,2026-09-21,current,,,,,,,False,False,False,20260921T154333Z,derived D.29 + D.5 + (D.4 - D.41) + D.7 + D.8 (sum of the anchor's own items)
USA_E07_strict,USA,ESA_EXP,E07,1,Other current expenditure,2005,2005,CY,28311.19299999997,USD,13039197.0,OECD_T1,0.217124,4817585.229,OECD_T12_EXP,0.587664,strict,derived_actual,OECD_T12_EXP,2005.0,28311.19299999997,,,,,,,,A,,OECD_T12_EXP,,2026-09-21,current,,,,,,,False,False,False,20260921T154333Z,derived D.29 + D.5 + (D.4 - D.41) + D.7 + D.8 (sum of the anchor's own items)
USA_E07_strict,USA,ESA_EXP,E07,1,Other current expenditure,2006,2006,CY,29338.947999999975,USD,13815583.0,OECD_T1,0.212361,5065366.17,OECD_T12_EXP,0.579207,strict,derived_actual,OECD_T12_EXP,2006.0,29338.947999999975,,,,,,,,A,,OECD_T12_EXP,,2026-09-21,current,,,,,,,False,False,False,20260921T154333Z,derived D.29 + D.5 + (D.4 - D.41) + D.7 + D.8 (sum of the anchor's own items)
USA_E07_strict,USA,ESA_EXP,E07,1,Other current expenditure,2007,2007,CY,35858.56400000001,USD,14474228.0,OECD_T1,0.247741,5408532.177,OECD_T12_EXP,0.663,strict,derived_actual,OECD_T12_EXP,2007.0,35858.56400000001,,,,,,,,A,,OECD_T12_EXP,,2026-09-21,current,,,,,,,False,False,False,20260921T154333Z,derived D.29 + D.5 + (D.4 - D.41) + D.7 + D.8 (sum of the anchor's own items)
USA_E07_strict,USA,ESA_EXP,E07,1,Other current expenditure,2008,2008,CY,38875.082999999984,USD,14769862.0,OECD_T1,0.263205,5860288.656,OECD_T12_EXP,0.663365,strict,derived_actual,OECD_T12_EXP,2008.0,38875.082999999984,,,,,,,,A,,OECD_T12_EXP,,2026-09-21,current,,,,,,,False,False,False,20260921T154333Z,derived D.29 + D.5 + (D.4 - D.41) + D.7 + D.8 (sum of the anchor's own items)
USA_E07_strict,USA,ESA_EXP,E07,1,Other current expenditure,2009,2009,CY,46939.78500000003,USD,14478067.0,OECD_T1,0.324213,6253856.833,OECD_T12_EXP,0.750573,strict,derived_actual,OECD_T12_EXP,2009.0,46939.78500000003,,,,,,,,A,,OECD_T12_EXP,,2026-09-21,current,,,,,,,False,False,False,20260921T154333Z,derived D.29 + D.5 + (D.4 - D.41) + D.7 + D.8 (sum of the anchor's own items)
USA_E07_strict,USA,ESA_EXP,E07,1,Other current expenditure,2010,2010,CY,46769.03899999999,USD,15048971.0,OECD_T1,0.310779,6472653.579,OECD_T12_EXP,0.722564,strict,derived_actual,OECD_T12_EXP,2010.0,46769.03899999999,,,,,,,,A,,OECD_T12_EXP,,2026-09-21,current,,,,,,,False,False,False,20260921T154333Z,derived D.29 + D.5 + (D.4 - D.41) + D.7 + D.8 (sum of the anchor's own items)
USA_E07_strict,USA,ESA_EXP,E07,1,Other current expenditure,2011,2011,CY,49759.375,USD,15599732.0,OECD_T1,0.318976,6535058.593,OECD_T12_EXP,0.761422,strict,derived_actual,OECD_T12_EXP,2011.0,49759.375,,,,,,,,A,,OECD_T12_EXP,,2026-09-21,current,,,,,,,False,False,False,20260921T154333Z,derived D.29 + D.5 + (D.4 - D.41) + D.7 + D.8 (sum of the anchor's own items)
USA_E07_strict,USA,ESA_EXP,E07,1,Other current expenditure,2012,2012,CY,49347.785999999964,USD,16253970.0,OECD_T1,0.303605,6515363.741,OECD_T12_EXP,0.757406,strict,derived_actual,OECD_T12_EXP,2012.0,49347.785999999964,,,,,,,,A,,OECD_T12_EXP,,2026-09-21,current,,,,,,,False,False,False,20260921T154333Z,derived D.29 + D.5 + (D.4 - D.41) + D.7 + D.8 (sum of the anchor's own items)
USA_E07_strict,USA,ESA_EXP,E07,1,Other current expenditure,2013,2013,CY,47733.16300000006,USD,16880683.0,OECD_T1,0.282768,6548911.724,OECD_T12_EXP,0.728872,strict,derived_actual,OECD_T12_EXP,2013.0,47733.16300000006,,,,,,,,A,,OECD_T12_EXP,,2026-09-21,current,,,,,,,False,False,False,20260921T154333Z,derived D.29 + D.5 + (D.4 - D.41) + D.7 + D.8 (sum of the anchor's own items)
USA_E07_strict,USA,ESA_EXP,E07,1,Other current expenditure,2014,2014,CY,45832.16399999999,USD,17608138.0,OECD_T1,0.26029,6721068.225,OECD_T12_EXP,0.681918,strict,derived_actual,OECD_T12_EXP,2014.0,45832.16399999999,,,,,,,,A,,OECD_T12_EXP,,2026-09-21,current,,,,,,,False,False,False,20260921T154333Z,derived D.29 + D.5 + (D.4 - D.41) + D.7 + D.8 (sum of the anchor's own items)
USA_E07_strict,USA,ESA_EXP,E07,1,Other current expenditure,2015,2015,CY,44778.06599999999,USD,18295019.0,OECD_T1,0.244756,6910981.379,OECD_T12_EXP,0.647926,strict,derived_actual,OECD_T12_EXP,2015.0,44778.06599999999,,,,,,,,A,,OECD_T12_EXP,,2026-09-21,current,,,,,,,False,False,False,20260921T154333Z,derived D.29 + D.5 + (D.4 - D.41) + D.7 + D.8 (sum of the anchor's own items)
USA_E07_strict,USA,ESA_EXP,E07,1,Other current expenditure,2016,2016,CY,48247.56099999999,USD,18804913.0,OECD_T1,0.256569,7156461.234,OECD_T12_EXP,0.674182,strict,derived_actual,OECD_T12_EXP,2016.0,48247.56099999999,,,,,,,,A,,OECD_T12_EXP,,2026-09-21,current,,,,,,,False,False,False,20260921T154333Z,derived D.29 + D.5 + (D.4 - D.41) + D.7 + D.8 (sum of the anchor's own items)
USA_E07_strict,USA,ESA_EXP,E07,1,Other current expenditure,2017,2017,CY,46035.95499999996,USD,19612102.0,OECD_T1,0.234732,7407363.809,OECD_T12_EXP,0.621489,strict,derived_actual,OECD_T12_EXP,2017.0,46035.95499999996,,,,,,,,A,,OECD_T12_EXP,,2026-09-21,current,,,,,,,False,False,False,20260921T154333Z,derived D.29 + D.5 + (D.4 - D.41) + D.7 + D.8 (sum of the anchor's own items)
USA_E07_strict,USA,ESA_EXP,E07,1,Other current expenditure,2018,2018,CY,51495.42500000005,USD,20656516.0,OECD_T1,0.249294,7792497.79,OECD_T12_EXP,0.660833,strict,derived_actual,OECD_T12_EXP,2018.0,51495.42500000005,,,,,,,,A,,OECD_T12_EXP,,2026-09-21,current,,,,,,,False,False,False,20260921T154333Z,derived D.29 + D.5 + (D.4 - D.41) + D.7 + D.8 (sum of the anchor's own items)
USA_E07_strict,USA,ESA_EXP,E07,1,Other current expenditure,2019,2019,CY,50411.263000000035,USD,21539982.0,OECD_T1,0.234036,8237124.663,OECD_T12_EXP,0.612001,strict,derived_actual,OECD_T12_EXP,2019.0,50411.263000000035,,,,,,,,A,,OECD_T12_EXP,,2026-09-21,current,,,,,,,False,False,False,20260921T154333Z,derived D.29 + D.5 + (D.4 - D.41) + D.7 + D.8 (sum of the anchor's own items)
USA_E07_strict,USA,ESA_EXP,E07,1,Other current expenditure,2020,2020,CY,53168.94099999999,USD,21375281.0,OECD_T1,0.24874,10100928.491,OECD_T12_EXP,0.526377,strict,derived_actual,OECD_T12_EXP,2020.0,53168.94099999999,,,,,,,,A,,OECD_T12_EXP,,2026-09-21,current,,,,,,,False,False,False,20260921T154333Z,derived D.29 + D.5 + (D.4 - D.41) + D.7 + D.8 (sum of the anchor's own items)
USA_E07_strict,USA,ESA_EXP,E07,1,Other current expenditure,2021,2021,CY,62338.82999999996,USD,23725645.0,OECD_T1,0.262749,10755588.525,OECD_T12_EXP,0.579595,strict,derived_actual,OECD_T12_EXP,2021.0,62338.82999999996,,,,,,,,A,,OECD_T12_EXP,,2026-09-21,current,,,,,,,False,False,False,20260921T154333Z,derived D.29 + D.5 + (D.4 - D.41) + D.7 + D.8 (sum of the anchor's own items)
USA_E07_strict,USA,ESA_EXP,E07,1,Other current expenditure,2022,2022,CY,92792.34900000005,USD,26054614.0,OECD_T1,0.356146,10009774.585,OECD_T12_EXP,0.927017,strict,derived_actual,OECD_T12_EXP,2022.0,92792.34900000005,,,,,,,,A,,OECD_T12_EXP,,2026-09-21,current,,,,,,,False,False,False,20260921T154333Z,derived D.29 + D.5 + (D.4 - D.41) + D.7 + D.8 (sum of the anchor's own items)
USA_E07_strict,USA,ESA_EXP,E07,1,Other current expenditure,2023,2023,CY,89722.37800000003,USD,27811517.0,OECD_T1,0.322609,10905857.712,OECD_T12_EXP,0.822699,strict,derived_actual,OECD_T12_EXP,2023.0,89722.37800000003,,,,,,,,A,,OECD_T12_EXP,,2026-09-21,current,,,,,,,False,False,False,20260921T154333Z,derived D.29 + D.5 + (D.4 - D.41) + D.7 + D.8 (sum of the anchor's own items)
USA_E07_strict,USA,ESA_EXP,E07,1,Other current expenditure,2024,2024,CY,87735.45099999988,USD,29298013.0,OECD_T1,0.299459,11592173.245,OECD_T12_EXP,0.756851,strict,derived_actual,OECD_T12_EXP,2024.0,87735.45099999988,,,,,,,,A,,OECD_T12_EXP,,2026-09-21,current,,,,,,,False,False,False,20260921T154333Z,derived D.29 + D.5 + (D.4 - D.41) + D.7 + D.8 (sum of the anchor's own items)
USA_E08_strict,USA,ESA_EXP,E08,1,Gross capital formation and net acquisition of non-produced assets,1970,1970,CY,57295.975,USD,1073303.0,OECD_T1,5.338285,367503.355,OECD_T12_EXP,15.590599,strict,derived_actual,OECD_T12_EXP,1970.0,57295.975,,,,,,,,A,,OECD_T12_EXP,,2026-09-21,current,,,,,,,False,False,False,20260921T154333Z,derived P.5 + NP (sum of the anchor's own items)
USA_E08_strict,USA,ESA_EXP,E08,1,Gross capital formation and net acquisition of non-produced assets,1971,1971,CY,56281.599,USD,1164850.0,OECD_T1,4.831661,402471.767,OECD_T12_EXP,13.983987,strict,derived_actual,OECD_T12_EXP,1971.0,56281.599,,,,,,,,A,,OECD_T12_EXP,,2026-09-21,current,,,,,,,False,False,False,20260921T154333Z,derived P.5 + NP (sum of the anchor's own items)
USA_E08_strict,USA,ESA_EXP,E08,1,Gross capital formation and net acquisition of non-produced assets,1972,1972,CY,57751.331,USD,1279110.0,OECD_T1,4.514962,440097.771,OECD_T12_EXP,13.122387,strict,derived_actual,OECD_T12_EXP,1972.0,57751.331,,,,,,,,A,,OECD_T12_EXP,,2026-09-21,current,,,,,,,False,False,False,20260921T154333Z,derived P.5 + NP (sum of the anchor's own items)
USA_E08_strict,USA,ESA_EXP,E08,1,Gross capital formation and net acquisition of non-produced assets,1973,1973,CY,60071.369999999995,USD,1425376.0,OECD_T1,4.214423,475784.734,OECD_T12_EXP,12.625746,strict,derived_actual,OECD_T12_EXP,1973.0,60071.369999999995,,,,,,,,A,,OECD_T12_EXP,,2026-09-21,current,,,,,,,False,False,False,20260921T154333Z,derived P.5 + NP (sum of the anchor's own items)
USA_E08_strict,USA,ESA_EXP,E08,1,Gross capital formation and net acquisition of non-produced assets,1974,1974,CY,67248.34700000001,USD,1545243.0,OECD_T1,4.351959,534060.3,OECD_T12_EXP,12.591902,strict,derived_actual,OECD_T12_EXP,1974.0,67248.34700000001,,,,,,,,A,,OECD_T12_EXP,,2026-09-21,current,,,,,,,False,False,False,20260921T154333Z,derived P.5 + NP (sum of the anchor's own items)
USA_E08_strict,USA,ESA_EXP,E08,1,Gross capital formation and net acquisition of non-produced assets,1975,1975,CY,80080.84599999999,USD,1684904.0,OECD_T1,4.752843,621290.987,OECD_T12_EXP,12.889427,strict,derived_actual,OECD_T12_EXP,1975.0,80080.84599999999,,,,,,,,A,,OECD_T12_EXP,,2026-09-21,current,,,,,,,False,False,False,20260921T154333Z,derived P.5 + NP (sum of the anchor's own items)
USA_E08_strict,USA,ESA_EXP,E08,1,Gross capital formation and net acquisition of non-produced assets,1976,1976,CY,82327.459,USD,1873412.0,OECD_T1,4.39452,665239.828,OECD_T12_EXP,12.375606,strict,derived_actual,OECD_T12_EXP,1976.0,82327.459,,,,,,,,A,,OECD_T12_EXP,,2026-09-21,current,,,,,,,False,False,False,20260921T154333Z,derived P.5 + NP (sum of the anchor's own items)
USA_E08_strict,USA,ESA_EXP,E08,1,Gross capital formation and net acquisition of non-produced assets,1977,1977,CY,86390.20199999999,USD,2081826.0,OECD_T1,4.149732,719289.853,OECD_T12_EXP,12.010485,strict,derived_actual,OECD_T12_EXP,1977.0,86390.20199999999,,,,,,,,A,,OECD_T12_EXP,,2026-09-21,current,,,,,,,False,False,False,20260921T154333Z,derived P.5 + NP (sum of the anchor's own items)
USA_E08_strict,USA,ESA_EXP,E08,1,Gross capital formation and net acquisition of non-produced assets,1978,1978,CY,97260.937,USD,2351599.0,OECD_T1,4.135949,793433.202,OECD_T12_EXP,12.258239,strict,derived_actual,OECD_T12_EXP,1978.0,97260.937,,,,,,,,A,,OECD_T12_EXP,,2026-09-21,current,,,,,,,False,False,False,20260921T154333Z,derived P.5 + NP (sum of the anchor's own items)
USA_E08_strict,USA,ESA_EXP,E08,1,Gross capital formation and net acquisition of non-produced assets,1979,1979,CY,109195.205,USD,2627333.0,OECD_T1,4.156124,881942.15,OECD_T12_EXP,12.381221,strict,derived_actual,OECD_T12_EXP,1979.0,109195.205,,,,,,,,A,,OECD_T12_EXP,,2026-09-21,current,,,,,,,False,False,False,20260921T154333Z,derived P.5 + NP (sum of the anchor's own items)
USA_E08_strict,USA,ESA_EXP,E08,1,Gross capital formation and net acquisition of non-produced assets,1980,1980,CY,122586.143,USD,2857307.0,OECD_T1,4.290269,1011584.392,OECD_T12_EXP,12.118232,strict,derived_actual,OECD_T12_EXP,1980.0,122586.143,,,,,,,,A,,OECD_T12_EXP,,2026-09-21,current,,,,,,,False,False,False,20260921T154333Z,derived P.5 + NP (sum of the anchor's own items)
USA_E08_strict,USA,ESA_EXP,E08,1,Gross capital formation and net acquisition of non-produced assets,1981,1981,CY,131324.679,USD,3207041.0,OECD_T1,4.094886,1141638.875,OECD_T12_EXP,11.503172,strict,derived_actual,OECD_T12_EXP,1981.0,131324.679,,,,,,,,A,,OECD_T12_EXP,,2026-09-21,current,,,,,,,False,False,False,20260921T154333Z,derived P.5 + NP (sum of the anchor's own items)
USA_E08_strict,USA,ESA_EXP,E08,1,Gross capital formation and net acquisition of non-produced assets,1982,1982,CY,142856.549,USD,3343789.0,OECD_T1,4.272296,1265571.752,OECD_T12_EXP,11.287906,strict,derived_actual,OECD_T12_EXP,1982.0,142856.549,,,,,,,,A,,OECD_T12_EXP,,2026-09-21,current,,,,,,,False,False,False,20260921T154333Z,derived P.5 + NP (sum of the anchor's own items)
USA_E08_strict,USA,ESA_EXP,E08,1,Gross capital formation and net acquisition of non-produced assets,1983,1983,CY,156605.058,USD,3634038.0,OECD_T1,4.309395,1378107.36,OECD_T12_EXP,11.363778,strict,derived_actual,OECD_T12_EXP,1983.0,156605.058,,,,,,,,A,,OECD_T12_EXP,,2026-09-21,current,,,,,,,False,False,False,20260921T154333Z,derived P.5 + NP (sum of the anchor's own items)
USA_E08_strict,USA,ESA_EXP,E08,1,Gross capital formation and net acquisition of non-produced assets,1984,1984,CY,179149.381,USD,4037613.0,OECD_T1,4.437012,1482956.458,OECD_T12_EXP,12.080556,strict,derived_actual,OECD_T12_EXP,1984.0,179149.381,,,,,,,,A,,OECD_T12_EXP,,2026-09-21,current,,,,,,,False,False,False,20260921T154333Z,derived P.5 + NP (sum of the anchor's own items)
USA_E08_strict,USA,ESA_EXP,E08,1,Gross capital formation and net acquisition of non-produced assets,1985,1985,CY,206449.359,USD,4338979.0,OECD_T1,4.758017,1619504.884,OECD_T12_EXP,12.747684,strict,derived_actual,OECD_T12_EXP,1985.0,206449.359,,,,,,,,A,,OECD_T12_EXP,,2026-09-21,current,,,,,,,False,False,False,20260921T154333Z,derived P.5 + NP (sum of the anchor's own items)
USA_E08_strict,USA,ESA_EXP,E08,1,Gross capital formation and net acquisition of non-produced assets,1986,1986,CY,222678.881,USD,4579631.0,OECD_T1,4.862376,1729603.143,OECD_T12_EXP,12.874565,strict,derived_actual,OECD_T12_EXP,1986.0,222678.881,,,,,,,,A,,OECD_T12_EXP,,2026-09-21,current,,,,,,,False,False,False,20260921T154333Z,derived P.5 + NP (sum of the anchor's own items)
USA_E08_strict,USA,ESA_EXP,E08,1,Gross capital formation and net acquisition of non-produced assets,1987,1987,CY,242557.82200000001,USD,4855215.0,OECD_T1,4.99582,1823219.018,OECD_T12_EXP,13.303823,strict,derived_actual,OECD_T12_EXP,1987.0,242557.82200000001,,,,,,,,A,,OECD_T12_EXP,,2026-09-21,current,,,,,,,False,False,False,20260921T154333Z,derived P.5 + NP (sum of the anchor's own items)
USA_E08_strict,USA,ESA_EXP,E08,1,Gross capital formation and net acquisition of non-produced assets,1988,1988,CY,247703.333,USD,5236438.0,OECD_T1,4.730378,1921327.694,OECD_T12_EXP,12.8923,strict,derived_actual,OECD_T12_EXP,1988.0,247703.333,,,,,,,,A,,OECD_T12_EXP,,2026-09-21,current,,,,,,,False,False,False,20260921T154333Z,derived P.5 + NP (sum of the anchor's own items)
USA_E08_strict,USA,ESA_EXP,E08,1,Gross capital formation and net acquisition of non-produced assets,1989,1989,CY,259460.336,USD,5641580.0,OECD_T1,4.599072,2070591.536,OECD_T12_EXP,12.530735,strict,derived_actual,OECD_T12_EXP,1989.0,259460.336,,,,,,,,A,,OECD_T12_EXP,,2026-09-21,current,,,,,,,False,False,False,20260921T154333Z,derived P.5 + NP (sum of the anchor's own items)
USA_E08_strict,USA,ESA_EXP,E08,1,Gross capital formation and net acquisition of non-produced assets,1990,1990,CY,278860.547,USD,5963144.0,OECD_T1,4.676401,2245937.647,OECD_T12_EXP,12.416219,strict,derived_actual,OECD_T12_EXP,1990.0,278860.547,,,,,,,,A,,OECD_T12_EXP,,2026-09-21,current,,,,,,,False,False,False,20260921T154333Z,derived P.5 + NP (sum of the anchor's own items)
USA_E08_strict,USA,ESA_EXP,E08,1,Gross capital formation and net acquisition of non-produced assets,1991,1991,CY,282756.295,USD,6158129.0,OECD_T1,4.591594,2375813.949,OECD_T12_EXP,11.901449,strict,derived_actual,OECD_T12_EXP,1991.0,282756.295,,,,,,,,A,,OECD_T12_EXP,,2026-09-21,current,,,,,,,False,False,False,20260921T154333Z,derived P.5 + NP (sum of the anchor's own items)
USA_E08_strict,USA,ESA_EXP,E08,1,Gross capital formation and net acquisition of non-produced assets,1992,1992,CY,283561.351,USD,6520327.0,OECD_T1,4.348882,2566906.471,OECD_T12_EXP,11.046813,strict,derived_actual,OECD_T12_EXP,1992.0,283561.351,,,,,,,,A,,OECD_T12_EXP,,2026-09-21,current,,,,,,,False,False,False,20260921T154333Z,derived P.5 + NP (sum of the anchor's own items)
USA_E08_strict,USA,ESA_EXP,E08,1,Gross capital formation and net acquisition of non-produced assets,1993,1993,CY,279662.629,USD,6858559.0,OECD_T1,4.077571,2661705.411,OECD_T12_EXP,10.506896,strict,derived_actual,OECD_T12_EXP,1993.0,279662.629,,,,,,,,A,,OECD_T12_EXP,,2026-09-21,current,,,,,,,False,False,False,20260921T154333Z,derived P.5 + NP (sum of the anchor's own items)
USA_E08_strict,USA,ESA_EXP,E08,1,Gross capital formation and net acquisition of non-produced assets,1994,1994,CY,284905.209,USD,7287236.0,OECD_T1,3.909647,2757826.66,OECD_T12_EXP,10.330787,strict,derived_actual,OECD_T12_EXP,1994.0,284905.209,,,,,,,,A,,OECD_T12_EXP,,2026-09-21,current,,,,,,,False,False,False,20260921T154333Z,derived P.5 + NP (sum of the anchor's own items)
USA_E08_strict,USA,ESA_EXP,E08,1,Gross capital formation and net acquisition of non-produced assets,1995,1995,CY,289635.698,USD,7639749.0,OECD_T1,3.791168,2888481.116,OECD_T12_EXP,10.027266,strict,derived_actual,OECD_T12_EXP,1995.0,289635.698,,,,,,,,A,,OECD_T12_EXP,,2026-09-21,current,,,,,,,False,False,False,20260921T154333Z,derived P.5 + NP (sum of the anchor's own items)
USA_E08_strict,USA,ESA_EXP,E08,1,Gross capital formation and net acquisition of non-produced assets,1996,1996,CY,303886.071,USD,8073122.0,OECD_T1,3.76417,2997027.645,OECD_T12_EXP,10.139582,strict,derived_actual,OECD_T12_EXP,1996.0,303886.071,,,,,,,,A,,OECD_T12_EXP,,2026-09-21,current,,,,,,,False,False,False,20260921T154333Z,derived P.5 + NP (sum of the anchor's own items)
USA_E08_strict,USA,ESA_EXP,E08,1,Gross capital formation and net acquisition of non-produced assets,1997,1997,CY,305158.009,USD,8577552.0,OECD_T1,3.557635,3085212.788,OECD_T12_EXP,9.890987,strict,derived_actual,OECD_T12_EXP,1997.0,305158.009,,,,,,,,A,,OECD_T12_EXP,,2026-09-21,current,,,,,,,False,False,False,20260921T154333Z,derived P.5 + NP (sum of the anchor's own items)
USA_E08_strict,USA,ESA_EXP,E08,1,Gross capital formation and net acquisition of non-produced assets,1998,1998,CY,324615.164,USD,9062817.0,OECD_T1,3.581835,3182809.689,OECD_T12_EXP,10.199013,strict,derived_actual,OECD_T12_EXP,1998.0,324615.164,,,,,,,,A,,OECD_T12_EXP,,2026-09-21,current,,,,,,,False,False,False,20260921T154333Z,derived P.5 + NP (sum of the anchor's own items)
USA_E08_strict,USA,ESA_EXP,E08,1,Gross capital formation and net acquisition of non-produced assets,1999,1999,CY,353080.229,USD,9631172.0,OECD_T1,3.666015,3337215.127,OECD_T12_EXP,10.580086,strict,derived_actual,OECD_T12_EXP,1999.0,353080.229,,,,,,,,A,,OECD_T12_EXP,,2026-09-21,current,,,,,,,False,False,False,20260921T154333Z,derived P.5 + NP (sum of the anchor's own items)
USA_E08_strict,USA,ESA_EXP,E08,1,Gross capital formation and net acquisition of non-produced assets,2000,2000,CY,375744.877,USD,10250952.0,OECD_T1,3.665463,3516022.544,OECD_T12_EXP,10.686646,strict,derived_actual,OECD_T12_EXP,2000.0,375744.877,,,,,,,,A,,OECD_T12_EXP,,2026-09-21,current,,,,,,,False,False,False,20260921T154333Z,derived P.5 + NP (sum of the anchor's own items)
USA_E08_strict,USA,ESA_EXP,E08,1,Gross capital formation and net acquisition of non-produced assets,2001,2001,CY,397954.979,USD,10581929.0,OECD_T1,3.760704,3768842.739,OECD_T12_EXP,10.559076,strict,derived_actual,OECD_T12_EXP,2001.0,397954.979,,,,,,,,A,,OECD_T12_EXP,,2026-09-21,current,,,,,,,False,False,False,20260921T154333Z,derived P.5 + NP (sum of the anchor's own items)
USA_E08_strict,USA,ESA_EXP,E08,1,Gross capital formation and net acquisition of non-produced assets,2002,2002,CY,430113.976,USD,10929108.0,OECD_T1,3.93549,4015593.389,OECD_T12_EXP,10.711094,strict,derived_actual,OECD_T12_EXP,2002.0,430113.976,,,,,,,,A,,OECD_T12_EXP,,2026-09-21,current,,,,,,,False,False,False,20260921T154333Z,derived P.5 + NP (sum of the anchor's own items)
USA_E08_strict,USA,ESA_EXP,E08,1,Gross capital formation and net acquisition of non-produced assets,2003,2003,CY,447896.371,USD,11456450.0,OECD_T1,3.909556,4268405.593,OECD_T12_EXP,10.493295,strict,derived_actual,OECD_T12_EXP,2003.0,447896.371,,,,,,,,A,,OECD_T12_EXP,,2026-09-21,current,,,,,,,False,False,False,20260921T154333Z,derived P.5 + NP (sum of the anchor's own items)
USA_E08_strict,USA,ESA_EXP,E08,1,Gross capital formation and net acquisition of non-produced assets,2004,2004,CY,470328.885,USD,12217196.0,OECD_T1,3.849729,4503250.177,OECD_T12_EXP,10.44421,strict,derived_actual,OECD_T12_EXP,2004.0,470328.885,,,,,,,,A,,OECD_T12_EXP,,2026-09-21,current,,,,,,,False,False,False,20260921T154333Z,derived P.5 + NP (sum of the anchor's own items)
USA_E08_strict,USA,ESA_EXP,E08,1,Gross capital formation and net acquisition of non-produced assets,2005,2005,CY,492726.341,USD,13039197.0,OECD_T1,3.778809,4817585.229,OECD_T12_EXP,10.227662,strict,derived_actual,OECD_T12_EXP,2005.0,492726.341,,,,,,,,A,,OECD_T12_EXP,,2026-09-21,current,,,,,,,False,False,False,20260921T154333Z,derived P.5 + NP (sum of the anchor's own items)
USA_E08_strict,USA,ESA_EXP,E08,1,Gross capital formation and net acquisition of non-produced assets,2006,2006,CY,516963.063,USD,13815583.0,OECD_T1,3.741884,5065366.17,OECD_T12_EXP,10.205838,strict,derived_actual,OECD_T12_EXP,2006.0,516963.063,,,,,,,,A,,OECD_T12_EXP,,2026-09-21,current,,,,,,,False,False,False,20260921T154333Z,derived P.5 + NP (sum of the anchor's own items)
USA_E08_strict,USA,ESA_EXP,E08,1,Gross capital formation and net acquisition of non-produced assets,2007,2007,CY,569710.3350000001,USD,14474228.0,OECD_T1,3.936033,5408532.177,OECD_T12_EXP,10.533548,strict,derived_actual,OECD_T12_EXP,2007.0,569710.3350000001,,,,,,,,A,,OECD_T12_EXP,,2026-09-21,current,,,,,,,False,False,False,20260921T154333Z,derived P.5 + NP (sum of the anchor's own items)
USA_E08_strict,USA,ESA_EXP,E08,1,Gross capital formation and net acquisition of non-produced assets,2008,2008,CY,585161.431,USD,14769862.0,OECD_T1,3.961861,5860288.656,OECD_T12_EXP,9.985198,strict,derived_actual,OECD_T12_EXP,2008.0,585161.431,,,,,,,,A,,OECD_T12_EXP,,2026-09-21,current,,,,,,,False,False,False,20260921T154333Z,derived P.5 + NP (sum of the anchor's own items)
USA_E08_strict,USA,ESA_EXP,E08,1,Gross capital formation and net acquisition of non-produced assets,2009,2009,CY,608489.5530000001,USD,14478067.0,OECD_T1,4.202837,6253856.833,OECD_T12_EXP,9.729829,strict,derived_actual,OECD_T12_EXP,2009.0,608489.5530000001,,,,,,,,A,,OECD_T12_EXP,,2026-09-21,current,,,,,,,False,False,False,20260921T154333Z,derived P.5 + NP (sum of the anchor's own items)
USA_E08_strict,USA,ESA_EXP,E08,1,Gross capital formation and net acquisition of non-produced assets,2010,2010,CY,616860.2359999999,USD,15048971.0,OECD_T1,4.099019,6472653.579,OECD_T12_EXP,9.530253,strict,derived_actual,OECD_T12_EXP,2010.0,616860.2359999999,,,,,,,,A,,OECD_T12_EXP,,2026-09-21,current,,,,,,,False,False,False,20260921T154333Z,derived P.5 + NP (sum of the anchor's own items)
USA_E08_strict,USA,ESA_EXP,E08,1,Gross capital formation and net acquisition of non-produced assets,2011,2011,CY,610980.292,USD,15599732.0,OECD_T1,3.916608,6535058.593,OECD_T12_EXP,9.34927,strict,derived_actual,OECD_T12_EXP,2011.0,610980.292,,,,,,,,A,,OECD_T12_EXP,,2026-09-21,current,,,,,,,False,False,False,20260921T154333Z,derived P.5 + NP (sum of the anchor's own items)
USA_E08_strict,USA,ESA_EXP,E08,1,Gross capital formation and net acquisition of non-produced assets,2012,2012,CY,594275.605,USD,16253970.0,OECD_T1,3.656187,6515363.741,OECD_T12_EXP,9.121142,strict,derived_actual,OECD_T12_EXP,2012.0,594275.605,,,,,,,,A,,OECD_T12_EXP,,2026-09-21,current,,,,,,,False,False,False,20260921T154333Z,derived P.5 + NP (sum of the anchor's own items)
USA_E08_strict,USA,ESA_EXP,E08,1,Gross capital formation and net acquisition of non-produced assets,2013,2013,CY,573850.645,USD,16880683.0,OECD_T1,3.399452,6548911.724,OECD_T12_EXP,8.762534,strict,derived_actual,OECD_T12_EXP,2013.0,573850.645,,,,,,,,A,,OECD_T12_EXP,,2026-09-21,current,,,,,,,False,False,False,20260921T154333Z,derived P.5 + NP (sum of the anchor's own items)
USA_E08_strict,USA,ESA_EXP,E08,1,Gross capital formation and net acquisition of non-produced assets,2014,2014,CY,577596.07,USD,17608138.0,OECD_T1,3.280279,6721068.225,OECD_T12_EXP,8.593814,strict,derived_actual,OECD_T12_EXP,2014.0,577596.07,,,,,,,,A,,OECD_T12_EXP,,2026-09-21,current,,,,,,,False,False,False,20260921T154333Z,derived P.5 + NP (sum of the anchor's own items)
USA_E08_strict,USA,ESA_EXP,E08,1,Gross capital formation and net acquisition of non-produced assets,2015,2015,CY,572944.9369999999,USD,18295019.0,OECD_T1,3.131699,6910981.379,OECD_T12_EXP,8.290356,strict,derived_actual,OECD_T12_EXP,2015.0,572944.9369999999,,,,,,,,A,,OECD_T12_EXP,,2026-09-21,current,,,,,,,False,False,False,20260921T154333Z,derived P.5 + NP (sum of the anchor's own items)
USA_E08_strict,USA,ESA_EXP,E08,1,Gross capital formation and net acquisition of non-produced assets,2016,2016,CY,616459.3200000001,USD,18804913.0,OECD_T1,3.278182,7156461.234,OECD_T12_EXP,8.614024,strict,derived_actual,OECD_T12_EXP,2016.0,616459.3200000001,,,,,,,,A,,OECD_T12_EXP,,2026-09-21,current,,,,,,,False,False,False,20260921T154333Z,derived P.5 + NP (sum of the anchor's own items)
USA_E08_strict,USA,ESA_EXP,E08,1,Gross capital formation and net acquisition of non-produced assets,2017,2017,CY,655882.4430000001,USD,19612102.0,OECD_T1,3.344274,7407363.809,OECD_T12_EXP,8.854465,strict,derived_actual,OECD_T12_EXP,2017.0,655882.4430000001,,,,,,,,A,,OECD_T12_EXP,,2026-09-21,current,,,,,,,False,False,False,20260921T154333Z,derived P.5 + NP (sum of the anchor's own items)
USA_E08_strict,USA,ESA_EXP,E08,1,Gross capital formation and net acquisition of non-produced assets,2018,2018,CY,703730.876,USD,20656516.0,OECD_T1,3.406823,7792497.79,OECD_T12_EXP,9.030877,strict,derived_actual,OECD_T12_EXP,2018.0,703730.876,,,,,,,,A,,OECD_T12_EXP,,2026-09-21,current,,,,,,,False,False,False,20260921T154333Z,derived P.5 + NP (sum of the anchor's own items)
USA_E08_strict,USA,ESA_EXP,E08,1,Gross capital formation and net acquisition of non-produced assets,2019,2019,CY,744955.8169999999,USD,21539982.0,OECD_T1,3.458479,8237124.663,OECD_T12_EXP,9.043882,strict,derived_actual,OECD_T12_EXP,2019.0,744955.8169999999,,,,,,,,A,,OECD_T12_EXP,,2026-09-21,current,,,,,,,False,False,False,20260921T154333Z,derived P.5 + NP (sum of the anchor's own items)
USA_E08_strict,USA,ESA_EXP,E08,1,Gross capital formation and net acquisition of non-produced assets,2020,2020,CY,788924.511,USD,21375281.0,OECD_T1,3.690826,10100928.491,OECD_T12_EXP,7.810416,strict,derived_actual,OECD_T12_EXP,2020.0,788924.511,,,,,,,,A,,OECD_T12_EXP,,2026-09-21,current,,,,,,,False,False,False,20260921T154333Z,derived P.5 + NP (sum of the anchor's own items)
USA_E08_strict,USA,ESA_EXP,E08,1,Gross capital formation and net acquisition of non-produced assets,2021,2021,CY,794583.4970000001,USD,23725645.0,OECD_T1,3.349049,10755588.525,OECD_T12_EXP,7.387634,strict,derived_actual,OECD_T12_EXP,2021.0,794583.4970000001,,,,,,,,A,,OECD_T12_EXP,,2026-09-21,current,,,,,,,False,False,False,20260921T154333Z,derived P.5 + NP (sum of the anchor's own items)
USA_E08_strict,USA,ESA_EXP,E08,1,Gross capital formation and net acquisition of non-produced assets,2022,2022,CY,754553.096,USD,26054614.0,OECD_T1,2.896044,10009774.585,OECD_T12_EXP,7.538163,strict,derived_actual,OECD_T12_EXP,2022.0,754553.096,,,,,,,,A,,OECD_T12_EXP,,2026-09-21,current,,,,,,,False,False,False,20260921T154333Z,derived P.5 + NP (sum of the anchor's own items)
USA_E08_strict,USA,ESA_EXP,E08,1,Gross capital formation and net acquisition of non-produced assets,2023,2023,CY,936822.199,USD,27811517.0,OECD_T1,3.368469,10905857.712,OECD_T12_EXP,8.590083,strict,derived_actual,OECD_T12_EXP,2023.0,936822.199,,,,,,,,A,,OECD_T12_EXP,,2026-09-21,current,,,,,,,False,False,False,20260921T154333Z,derived P.5 + NP (sum of the anchor's own items)
USA_E08_strict,USA,ESA_EXP,E08,1,Gross capital formation and net acquisition of non-produced assets,2024,2024,CY,1006212.847,USD,29298013.0,OECD_T1,3.434406,11592173.245,OECD_T12_EXP,8.680105,strict,derived_actual,OECD_T12_EXP,2024.0,1006212.847,,,,,,,,A,,OECD_T12_EXP,,2026-09-21,current,,,,,,,False,False,False,20260921T154333Z,derived P.5 + NP (sum of the anchor's own items)
USA_E09_strict,USA,ESA_EXP,E09,1,Capital transfers payable,1970,1970,CY,130.0,USD,1073303.0,OECD_T1,0.012112,367503.355,OECD_T12_EXP,0.035374,strict,anchor_actual,OECD_T12_EXP,1970.0,130.0,,,,,,,,A,,OECD_T12_EXP,,2026-09-21,current,,,,,,,False,False,False,20260921T154333Z,
USA_E09_strict,USA,ESA_EXP,E09,1,Capital transfers payable,1971,1971,CY,155.0,USD,1164850.0,OECD_T1,0.013306,402471.767,OECD_T12_EXP,0.038512,strict,anchor_actual,OECD_T12_EXP,1971.0,155.0,,,,,,,,A,,OECD_T12_EXP,,2026-09-21,current,,,,,,,False,False,False,20260921T154333Z,
USA_E09_strict,USA,ESA_EXP,E09,1,Capital transfers payable,1972,1972,CY,224.0,USD,1279110.0,OECD_T1,0.017512,440097.771,OECD_T12_EXP,0.050898,strict,anchor_actual,OECD_T12_EXP,1972.0,224.0,,,,,,,,A,,OECD_T12_EXP,,2026-09-21,current,,,,,,,False,False,False,20260921T154333Z,
USA_E09_strict,USA,ESA_EXP,E09,1,Capital transfers payable,1973,1973,CY,194.0,USD,1425376.0,OECD_T1,0.01361,475784.734,OECD_T12_EXP,0.040775,strict,anchor_actual,OECD_T12_EXP,1973.0,194.0,,,,,,,,A,,OECD_T12_EXP,,2026-09-21,current,,,,,,,False,False,False,20260921T154333Z,
USA_E09_strict,USA,ESA_EXP,E09,1,Capital transfers payable,1974,1974,CY,259.0,USD,1545243.0,OECD_T1,0.016761,534060.3,OECD_T12_EXP,0.048496,strict,anchor_actual,OECD_T12_EXP,1974.0,259.0,,,,,,,,A,,OECD_T12_EXP,,2026-09-21,current,,,,,,,False,False,False,20260921T154333Z,
USA_E09_strict,USA,ESA_EXP,E09,1,Capital transfers payable,1975,1975,CY,298.0,USD,1684904.0,OECD_T1,0.017686,621290.987,OECD_T12_EXP,0.047965,strict,anchor_actual,OECD_T12_EXP,1975.0,298.0,,,,,,,,A,,OECD_T12_EXP,,2026-09-21,current,,,,,,,False,False,False,20260921T154333Z,
USA_E09_strict,USA,ESA_EXP,E09,1,Capital transfers payable,1976,1976,CY,249.0,USD,1873412.0,OECD_T1,0.013291,665239.828,OECD_T12_EXP,0.03743,strict,anchor_actual,OECD_T12_EXP,1976.0,249.0,,,,,,,,A,,OECD_T12_EXP,,2026-09-21,current,,,,,,,False,False,False,20260921T154333Z,
USA_E09_strict,USA,ESA_EXP,E09,1,Capital transfers payable,1977,1977,CY,225.0,USD,2081826.0,OECD_T1,0.010808,719289.853,OECD_T12_EXP,0.031281,strict,anchor_actual,OECD_T12_EXP,1977.0,225.0,,,,,,,,A,,OECD_T12_EXP,,2026-09-21,current,,,,,,,False,False,False,20260921T154333Z,
USA_E09_strict,USA,ESA_EXP,E09,1,Capital transfers payable,1978,1978,CY,251.0,USD,2351599.0,OECD_T1,0.010674,793433.202,OECD_T12_EXP,0.031635,strict,anchor_actual,OECD_T12_EXP,1978.0,251.0,,,,,,,,A,,OECD_T12_EXP,,2026-09-21,current,,,,,,,False,False,False,20260921T154333Z,
USA_E09_strict,USA,ESA_EXP,E09,1,Capital transfers payable,1979,1979,CY,351.0,USD,2627333.0,OECD_T1,0.01336,881942.15,OECD_T12_EXP,0.039799,strict,anchor_actual,OECD_T12_EXP,1979.0,351.0,,,,,,,,A,,OECD_T12_EXP,,2026-09-21,current,,,,,,,False,False,False,20260921T154333Z,
USA_E09_strict,USA,ESA_EXP,E09,1,Capital transfers payable,1980,1980,CY,404.0,USD,2857307.0,OECD_T1,0.014139,1011584.392,OECD_T12_EXP,0.039937,strict,anchor_actual,OECD_T12_EXP,1980.0,404.0,,,,,,,,A,,OECD_T12_EXP,,2026-09-21,current,,,,,,,False,False,False,20260921T154333Z,
USA_E09_strict,USA,ESA_EXP,E09,1,Capital transfers payable,1981,1981,CY,324.0,USD,3207041.0,OECD_T1,0.010103,1141638.875,OECD_T12_EXP,0.02838,strict,anchor_actual,OECD_T12_EXP,1981.0,324.0,,,,,,,,A,,OECD_T12_EXP,,2026-09-21,current,,,,,,,False,False,False,20260921T154333Z,
USA_E09_strict,USA,ESA_EXP,E09,1,Capital transfers payable,1982,1982,CY,312.0,USD,3343789.0,OECD_T1,0.009331,1265571.752,OECD_T12_EXP,0.024653,strict,anchor_actual,OECD_T12_EXP,1982.0,312.0,,,,,,,,A,,OECD_T12_EXP,,2026-09-21,current,,,,,,,False,False,False,20260921T154333Z,
USA_E09_strict,USA,ESA_EXP,E09,1,Capital transfers payable,1983,1983,CY,139.0,USD,3634038.0,OECD_T1,0.003825,1378107.36,OECD_T12_EXP,0.010086,strict,anchor_actual,OECD_T12_EXP,1983.0,139.0,,,,,,,,A,,OECD_T12_EXP,,2026-09-21,current,,,,,,,False,False,False,20260921T154333Z,
USA_E09_strict,USA,ESA_EXP,E09,1,Capital transfers payable,1984,1984,CY,106.0,USD,4037613.0,OECD_T1,0.002625,1482956.458,OECD_T12_EXP,0.007148,strict,anchor_actual,OECD_T12_EXP,1984.0,106.0,,,,,,,,A,,OECD_T12_EXP,,2026-09-21,current,,,,,,,False,False,False,20260921T154333Z,
USA_E09_strict,USA,ESA_EXP,E09,1,Capital transfers payable,1985,1985,CY,147.0,USD,4338979.0,OECD_T1,0.003388,1619504.884,OECD_T12_EXP,0.009077,strict,anchor_actual,OECD_T12_EXP,1985.0,147.0,,,,,,,,A,,OECD_T12_EXP,,2026-09-21,current,,,,,,,False,False,False,20260921T154333Z,
USA_E09_strict,USA,ESA_EXP,E09,1,Capital transfers payable,1986,1986,CY,111.0,USD,4579631.0,OECD_T1,0.002424,1729603.143,OECD_T12_EXP,0.006418,strict,anchor_actual,OECD_T12_EXP,1986.0,111.0,,,,,,,,A,,OECD_T12_EXP,,2026-09-21,current,,,,,,,False,False,False,20260921T154333Z,
USA_E09_strict,USA,ESA_EXP,E09,1,Capital transfers payable,1987,1987,CY,138.0,USD,4855215.0,OECD_T1,0.002842,1823219.018,OECD_T12_EXP,0.007569,strict,anchor_actual,OECD_T12_EXP,1987.0,138.0,,,,,,,,A,,OECD_T12_EXP,,2026-09-21,current,,,,,,,False,False,False,20260921T154333Z,
USA_E09_strict,USA,ESA_EXP,E09,1,Capital transfers payable,1988,1988,CY,134.0,USD,5236438.0,OECD_T1,0.002559,1921327.694,OECD_T12_EXP,0.006974,strict,anchor_actual,OECD_T12_EXP,1988.0,134.0,,,,,,,,A,,OECD_T12_EXP,,2026-09-21,current,,,,,,,False,False,False,20260921T154333Z,
USA_E09_strict,USA,ESA_EXP,E09,1,Capital transfers payable,1989,1989,CY,348.0,USD,5641580.0,OECD_T1,0.006168,2070591.536,OECD_T12_EXP,0.016807,strict,anchor_actual,OECD_T12_EXP,1989.0,348.0,,,,,,,,A,,OECD_T12_EXP,,2026-09-21,current,,,,,,,False,False,False,20260921T154333Z,
USA_E09_strict,USA,ESA_EXP,E09,1,Capital transfers payable,1990,1990,CY,7373.0,USD,5963144.0,OECD_T1,0.123643,2245937.647,OECD_T12_EXP,0.328282,strict,anchor_actual,OECD_T12_EXP,1990.0,7373.0,,,,,,,,A,,OECD_T12_EXP,,2026-09-21,current,,,,,,,False,False,False,20260921T154333Z,
USA_E09_strict,USA,ESA_EXP,E09,1,Capital transfers payable,1991,1991,CY,5299.0,USD,6158129.0,OECD_T1,0.086049,2375813.949,OECD_T12_EXP,0.223039,strict,anchor_actual,OECD_T12_EXP,1991.0,5299.0,,,,,,,,A,,OECD_T12_EXP,,2026-09-21,current,,,,,,,False,False,False,20260921T154333Z,
USA_E09_strict,USA,ESA_EXP,E09,1,Capital transfers payable,1992,1992,CY,228.0,USD,6520327.0,OECD_T1,0.003497,2566906.471,OECD_T12_EXP,0.008882,strict,anchor_actual,OECD_T12_EXP,1992.0,228.0,,,,,,,,A,,OECD_T12_EXP,,2026-09-21,current,,,,,,,False,False,False,20260921T154333Z,
USA_E09_strict,USA,ESA_EXP,E09,1,Capital transfers payable,1993,1993,CY,828.0,USD,6858559.0,OECD_T1,0.012073,2661705.411,OECD_T12_EXP,0.031108,strict,anchor_actual,OECD_T12_EXP,1993.0,828.0,,,,,,,,A,,OECD_T12_EXP,,2026-09-21,current,,,,,,,False,False,False,20260921T154333Z,
USA_E09_strict,USA,ESA_EXP,E09,1,Capital transfers payable,1994,1994,CY,1244.0,USD,7287236.0,OECD_T1,0.017071,2757826.66,OECD_T12_EXP,0.045108,strict,anchor_actual,OECD_T12_EXP,1994.0,1244.0,,,,,,,,A,,OECD_T12_EXP,,2026-09-21,current,,,,,,,False,False,False,20260921T154333Z,
USA_E09_strict,USA,ESA_EXP,E09,1,Capital transfers payable,1995,1995,CY,641.0,USD,7639749.0,OECD_T1,0.00839,2888481.116,OECD_T12_EXP,0.022192,strict,anchor_actual,OECD_T12_EXP,1995.0,641.0,,,,,,,,A,,OECD_T12_EXP,,2026-09-21,current,,,,,,,False,False,False,20260921T154333Z,
USA_E09_strict,USA,ESA_EXP,E09,1,Capital transfers payable,1996,1996,CY,201.0,USD,8073122.0,OECD_T1,0.00249,2997027.645,OECD_T12_EXP,0.006707,strict,anchor_actual,OECD_T12_EXP,1996.0,201.0,,,,,,,,A,,OECD_T12_EXP,,2026-09-21,current,,,,,,,False,False,False,20260921T154333Z,
USA_E09_strict,USA,ESA_EXP,E09,1,Capital transfers payable,1997,1997,CY,403.0,USD,8577552.0,OECD_T1,0.004698,3085212.788,OECD_T12_EXP,0.013062,strict,anchor_actual,OECD_T12_EXP,1997.0,403.0,,,,,,,,A,,OECD_T12_EXP,,2026-09-21,current,,,,,,,False,False,False,20260921T154333Z,
USA_E09_strict,USA,ESA_EXP,E09,1,Capital transfers payable,1998,1998,CY,245.0,USD,9062817.0,OECD_T1,0.002703,3182809.689,OECD_T12_EXP,0.007698,strict,anchor_actual,OECD_T12_EXP,1998.0,245.0,,,,,,,,A,,OECD_T12_EXP,,2026-09-21,current,,,,,,,False,False,False,20260921T154333Z,
USA_E09_strict,USA,ESA_EXP,E09,1,Capital transfers payable,1999,1999,CY,6738.133,USD,9631172.0,OECD_T1,0.069962,3337215.127,OECD_T12_EXP,0.201909,strict,anchor_actual,OECD_T12_EXP,1999.0,6738.133,,,,,,,,A,,OECD_T12_EXP,,2026-09-21,current,,,,,,,False,False,False,20260921T154333Z,
USA_E09_strict,USA,ESA_EXP,E09,1,Capital transfers payable,2000,2000,CY,4579.875,USD,10250952.0,OECD_T1,0.044678,3516022.544,OECD_T12_EXP,0.130257,strict,anchor_actual,OECD_T12_EXP,2000.0,4579.875,,,,,,,,A,,OECD_T12_EXP,,2026-09-21,current,,,,,,,False,False,False,20260921T154333Z,
USA_E09_strict,USA,ESA_EXP,E09,1,Capital transfers payable,2001,2001,CY,1315.942,USD,10581929.0,OECD_T1,0.012436,3768842.739,OECD_T12_EXP,0.034916,strict,anchor_actual,OECD_T12_EXP,2001.0,1315.942,,,,,,,,A,,OECD_T12_EXP,,2026-09-21,current,,,,,,,False,False,False,20260921T154333Z,
USA_E09_strict,USA,ESA_EXP,E09,1,Capital transfers payable,2002,2002,CY,7821.332,USD,10929108.0,OECD_T1,0.071564,4015593.389,OECD_T12_EXP,0.194774,strict,anchor_actual,OECD_T12_EXP,2002.0,7821.332,,,,,,,,A,,OECD_T12_EXP,,2026-09-21,current,,,,,,,False,False,False,20260921T154333Z,
USA_E09_strict,USA,ESA_EXP,E09,1,Capital transfers payable,2003,2003,CY,23808.534,USD,11456450.0,OECD_T1,0.207818,4268405.593,OECD_T12_EXP,0.557785,strict,anchor_actual,OECD_T12_EXP,2003.0,23808.534,,,,,,,,A,,OECD_T12_EXP,,2026-09-21,current,,,,,,,False,False,False,20260921T154333Z,
USA_E09_strict,USA,ESA_EXP,E09,1,Capital transfers payable,2004,2004,CY,29028.346,USD,12217196.0,OECD_T1,0.237602,4503250.177,OECD_T12_EXP,0.644609,strict,anchor_actual,OECD_T12_EXP,2004.0,29028.346,,,,,,,,A,,OECD_T12_EXP,,2026-09-21,current,,,,,,,False,False,False,20260921T154333Z,
USA_E09_strict,USA,ESA_EXP,E09,1,Capital transfers payable,2005,2005,CY,54507.462,USD,13039197.0,OECD_T1,0.418028,4817585.229,OECD_T12_EXP,1.131427,strict,anchor_actual,OECD_T12_EXP,2005.0,54507.462,,,,,,,,A,,OECD_T12_EXP,,2026-09-21,current,,,,,,,False,False,False,20260921T154333Z,
USA_E09_strict,USA,ESA_EXP,E09,1,Capital transfers payable,2006,2006,CY,24028.469,USD,13815583.0,OECD_T1,0.173923,5065366.17,OECD_T12_EXP,0.474368,strict,anchor_actual,OECD_T12_EXP,2006.0,24028.469,,,,,,,,A,,OECD_T12_EXP,,2026-09-21,current,,,,,,,False,False,False,20260921T154333Z,
USA_E09_strict,USA,ESA_EXP,E09,1,Capital transfers payable,2007,2007,CY,31579.297,USD,14474228.0,OECD_T1,0.218176,5408532.177,OECD_T12_EXP,0.583879,strict,anchor_actual,OECD_T12_EXP,2007.0,31579.297,,,,,,,,A,,OECD_T12_EXP,,2026-09-21,current,,,,,,,False,False,False,20260921T154333Z,
USA_E09_strict,USA,ESA_EXP,E09,1,Capital transfers payable,2008,2008,CY,94428.313,USD,14769862.0,OECD_T1,0.639331,5860288.656,OECD_T12_EXP,1.611325,strict,anchor_actual,OECD_T12_EXP,2008.0,94428.313,,,,,,,,A,,OECD_T12_EXP,,2026-09-21,current,,,,,,,False,False,False,20260921T154333Z,
USA_E09_strict,USA,ESA_EXP,E09,1,Capital transfers payable,2009,2009,CY,149220.446,USD,14478067.0,OECD_T1,1.030666,6253856.833,OECD_T12_EXP,2.386055,strict,anchor_actual,OECD_T12_EXP,2009.0,149220.446,,,,,,,,A,,OECD_T12_EXP,,2026-09-21,current,,,,,,,False,False,False,20260921T154333Z,
USA_E09_strict,USA,ESA_EXP,E09,1,Capital transfers payable,2010,2010,CY,76048.434,USD,15048971.0,OECD_T1,0.50534,6472653.579,OECD_T12_EXP,1.174919,strict,anchor_actual,OECD_T12_EXP,2010.0,76048.434,,,,,,,,A,,OECD_T12_EXP,,2026-09-21,current,,,,,,,False,False,False,20260921T154333Z,
USA_E09_strict,USA,ESA_EXP,E09,1,Capital transfers payable,2011,2011,CY,62222.932,USD,15599732.0,OECD_T1,0.398872,6535058.593,OECD_T12_EXP,0.95214,strict,anchor_actual,OECD_T12_EXP,2011.0,62222.932,,,,,,,,A,,OECD_T12_EXP,,2026-09-21,current,,,,,,,False,False,False,20260921T154333Z,
USA_E09_strict,USA,ESA_EXP,E09,1,Capital transfers payable,2012,2012,CY,38411.636,USD,16253970.0,OECD_T1,0.236322,6515363.741,OECD_T12_EXP,0.589555,strict,anchor_actual,OECD_T12_EXP,2012.0,38411.636,,,,,,,,A,,OECD_T12_EXP,,2026-09-21,current,,,,,,,False,False,False,20260921T154333Z,
USA_E09_strict,USA,ESA_EXP,E09,1,Capital transfers payable,2013,2013,CY,18820.683,USD,16880683.0,OECD_T1,0.111492,6548911.724,OECD_T12_EXP,0.287386,strict,anchor_actual,OECD_T12_EXP,2013.0,18820.683,,,,,,,,A,,OECD_T12_EXP,,2026-09-21,current,,,,,,,False,False,False,20260921T154333Z,
USA_E09_strict,USA,ESA_EXP,E09,1,Capital transfers payable,2014,2014,CY,17999.072,USD,17608138.0,OECD_T1,0.10222,6721068.225,OECD_T12_EXP,0.267801,strict,anchor_actual,OECD_T12_EXP,2014.0,17999.072,,,,,,,,A,,OECD_T12_EXP,,2026-09-21,current,,,,,,,False,False,False,20260921T154333Z,
USA_E09_strict,USA,ESA_EXP,E09,1,Capital transfers payable,2015,2015,CY,15721.814,USD,18295019.0,OECD_T1,0.085935,6910981.379,OECD_T12_EXP,0.22749,strict,anchor_actual,OECD_T12_EXP,2015.0,15721.814,,,,,,,,A,,OECD_T12_EXP,,2026-09-21,current,,,,,,,False,False,False,20260921T154333Z,
USA_E09_strict,USA,ESA_EXP,E09,1,Capital transfers payable,2016,2016,CY,13305.273,USD,18804913.0,OECD_T1,0.070754,7156461.234,OECD_T12_EXP,0.18592,strict,anchor_actual,OECD_T12_EXP,2016.0,13305.273,,,,,,,,A,,OECD_T12_EXP,,2026-09-21,current,,,,,,,False,False,False,20260921T154333Z,
USA_E09_strict,USA,ESA_EXP,E09,1,Capital transfers payable,2017,2017,CY,26290.546,USD,19612102.0,OECD_T1,0.134053,7407363.809,OECD_T12_EXP,0.354924,strict,anchor_actual,OECD_T12_EXP,2017.0,26290.546,,,,,,,,A,,OECD_T12_EXP,,2026-09-21,current,,,,,,,False,False,False,20260921T154333Z,
USA_E09_strict,USA,ESA_EXP,E09,1,Capital transfers payable,2018,2018,CY,16427.647,USD,20656516.0,OECD_T1,0.079528,7792497.79,OECD_T12_EXP,0.210814,strict,anchor_actual,OECD_T12_EXP,2018.0,16427.647,,,,,,,,A,,OECD_T12_EXP,,2026-09-21,current,,,,,,,False,False,False,20260921T154333Z,
USA_E09_strict,USA,ESA_EXP,E09,1,Capital transfers payable,2019,2019,CY,25600.437,USD,21539982.0,OECD_T1,0.118851,8237124.663,OECD_T12_EXP,0.310793,strict,anchor_actual,OECD_T12_EXP,2019.0,25600.437,,,,,,,,A,,OECD_T12_EXP,,2026-09-21,current,,,,,,,False,False,False,20260921T154333Z,
USA_E09_strict,USA,ESA_EXP,E09,1,Capital transfers payable,2020,2020,CY,15937.988,USD,21375281.0,OECD_T1,0.074563,10100928.491,OECD_T12_EXP,0.157787,strict,anchor_actual,OECD_T12_EXP,2020.0,15937.988,,,,,,,,A,,OECD_T12_EXP,,2026-09-21,current,,,,,,,False,False,False,20260921T154333Z,
USA_E09_strict,USA,ESA_EXP,E09,1,Capital transfers payable,2021,2021,CY,70780.043,USD,23725645.0,OECD_T1,0.298327,10755588.525,OECD_T12_EXP,0.658077,strict,anchor_actual,OECD_T12_EXP,2021.0,70780.043,,,,,,,,A,,OECD_T12_EXP,,2026-09-21,current,,,,,,,False,False,False,20260921T154333Z,
USA_E09_strict,USA,ESA_EXP,E09,1,Capital transfers payable,2022,2022,CY,40035.388,USD,26054614.0,OECD_T1,0.153659,10009774.585,OECD_T12_EXP,0.399963,strict,anchor_actual,OECD_T12_EXP,2022.0,40035.388,,,,,,,,A,,OECD_T12_EXP,,2026-09-21,current,,,,,,,False,False,False,20260921T154333Z,
USA_E09_strict,USA,ESA_EXP,E09,1,Capital transfers payable,2023,2023,CY,197281.347,USD,27811517.0,OECD_T1,0.709351,10905857.712,OECD_T12_EXP,1.808948,strict,anchor_actual,OECD_T12_EXP,2023.0,197281.347,,,,,,,,A,,OECD_T12_EXP,,2026-09-21,current,,,,,,,False,False,False,20260921T154333Z,
USA_E09_strict,USA,ESA_EXP,E09,1,Capital transfers payable,2024,2024,CY,96613.835,USD,29298013.0,OECD_T1,0.329762,11592173.245,OECD_T12_EXP,0.83344,strict,anchor_actual,OECD_T12_EXP,2024.0,96613.835,,,,,,,,A,,OECD_T12_EXP,,2026-09-21,current,,,,,,,False,False,False,20260921T154333Z,
USA_TE_ESA_strict,USA,ESA_EXP,TE_ESA,total,Total expenditure (ESA main aggregates),1970,1970,CY,367503.355,USD,1073303.0,OECD_T1,34.240411,,OECD_T12_EXP,,strict,anchor_actual,OECD_T12_EXP,1970.0,367503.355,,,,,,,,A,,OECD_T12_EXP,,2026-09-21,current,,,,,,,False,False,False,20260921T154333Z,
USA_TE_ESA_strict,USA,ESA_EXP,TE_ESA,total,Total expenditure (ESA main aggregates),1971,1971,CY,402471.767,USD,1164850.0,OECD_T1,34.551381,,OECD_T12_EXP,,strict,anchor_actual,OECD_T12_EXP,1971.0,402471.767,,,,,,,,A,,OECD_T12_EXP,,2026-09-21,current,,,,,,,False,False,False,20260921T154333Z,
USA_TE_ESA_strict,USA,ESA_EXP,TE_ESA,total,Total expenditure (ESA main aggregates),1972,1972,CY,440097.771,USD,1279110.0,OECD_T1,34.406562,,OECD_T12_EXP,,strict,anchor_actual,OECD_T12_EXP,1972.0,440097.771,,,,,,,,A,,OECD_T12_EXP,,2026-09-21,current,,,,,,,False,False,False,20260921T154333Z,
USA_TE_ESA_strict,USA,ESA_EXP,TE_ESA,total,Total expenditure (ESA main aggregates),1973,1973,CY,475784.734,USD,1425376.0,OECD_T1,33.379595,,OECD_T12_EXP,,strict,anchor_actual,OECD_T12_EXP,1973.0,475784.734,,,,,,,,A,,OECD_T12_EXP,,2026-09-21,current,,,,,,,False,False,False,20260921T154333Z,
USA_TE_ESA_strict,USA,ESA_EXP,TE_ESA,total,Total expenditure (ESA main aggregates),1974,1974,CY,534060.3,USD,1545243.0,OECD_T1,34.561574,,OECD_T12_EXP,,strict,anchor_actual,OECD_T12_EXP,1974.0,534060.3,,,,,,,,A,,OECD_T12_EXP,,2026-09-21,current,,,,,,,False,False,False,20260921T154333Z,
USA_TE_ESA_strict,USA,ESA_EXP,TE_ESA,total,Total expenditure (ESA main aggregates),1975,1975,CY,621290.987,USD,1684904.0,OECD_T1,36.873969,,OECD_T12_EXP,,strict,anchor_actual,OECD_T12_EXP,1975.0,621290.987,,,,,,,,A,,OECD_T12_EXP,,2026-09-21,current,,,,,,,False,False,False,20260921T154333Z,
USA_TE_ESA_strict,USA,ESA_EXP,TE_ESA,total,Total expenditure (ESA main aggregates),1976,1976,CY,665239.828,USD,1873412.0,OECD_T1,35.509532,,OECD_T12_EXP,,strict,anchor_actual,OECD_T12_EXP,1976.0,665239.828,,,,,,,,A,,OECD_T12_EXP,,2026-09-21,current,,,,,,,False,False,False,20260921T154333Z,
USA_TE_ESA_strict,USA,ESA_EXP,TE_ESA,total,Total expenditure (ESA main aggregates),1977,1977,CY,719289.853,USD,2081826.0,OECD_T1,34.550911,,OECD_T12_EXP,,strict,anchor_actual,OECD_T12_EXP,1977.0,719289.853,,,,,,,,A,,OECD_T12_EXP,,2026-09-21,current,,,,,,,False,False,False,20260921T154333Z,
USA_TE_ESA_strict,USA,ESA_EXP,TE_ESA,total,Total expenditure (ESA main aggregates),1978,1978,CY,793433.202,USD,2351599.0,OECD_T1,33.740157,,OECD_T12_EXP,,strict,anchor_actual,OECD_T12_EXP,1978.0,793433.202,,,,,,,,A,,OECD_T12_EXP,,2026-09-21,current,,,,,,,False,False,False,20260921T154333Z,
USA_TE_ESA_strict,USA,ESA_EXP,TE_ESA,total,Total expenditure (ESA main aggregates),1979,1979,CY,881942.15,USD,2627333.0,OECD_T1,33.567962,,OECD_T12_EXP,,strict,anchor_actual,OECD_T12_EXP,1979.0,881942.15,,,,,,,,A,,OECD_T12_EXP,,2026-09-21,current,,,,,,,False,False,False,20260921T154333Z,
USA_TE_ESA_strict,USA,ESA_EXP,TE_ESA,total,Total expenditure (ESA main aggregates),1980,1980,CY,1011584.392,USD,2857307.0,OECD_T1,35.40342,,OECD_T12_EXP,,strict,anchor_actual,OECD_T12_EXP,1980.0,1011584.392,,,,,,,,A,,OECD_T12_EXP,,2026-09-21,current,,,,,,,False,False,False,20260921T154333Z,
USA_TE_ESA_strict,USA,ESA_EXP,TE_ESA,total,Total expenditure (ESA main aggregates),1981,1981,CY,1141638.875,USD,3207041.0,OECD_T1,35.597888,,OECD_T12_EXP,,strict,anchor_actual,OECD_T12_EXP,1981.0,1141638.875,,,,,,,,A,,OECD_T12_EXP,,2026-09-21,current,,,,,,,False,False,False,20260921T154333Z,
USA_TE_ESA_strict,USA,ESA_EXP,TE_ESA,total,Total expenditure (ESA main aggregates),1982,1982,CY,1265571.752,USD,3343789.0,OECD_T1,37.848433,,OECD_T12_EXP,,strict,anchor_actual,OECD_T12_EXP,1982.0,1265571.752,,,,,,,,A,,OECD_T12_EXP,,2026-09-21,current,,,,,,,False,False,False,20260921T154333Z,
USA_TE_ESA_strict,USA,ESA_EXP,TE_ESA,total,Total expenditure (ESA main aggregates),1983,1983,CY,1378107.36,USD,3634038.0,OECD_T1,37.922206,,OECD_T12_EXP,,strict,anchor_actual,OECD_T12_EXP,1983.0,1378107.36,,,,,,,,A,,OECD_T12_EXP,,2026-09-21,current,,,,,,,False,False,False,20260921T154333Z,
USA_TE_ESA_strict,USA,ESA_EXP,TE_ESA,total,Total expenditure (ESA main aggregates),1984,1984,CY,1482956.458,USD,4037613.0,OECD_T1,36.728544,,OECD_T12_EXP,,strict,anchor_actual,OECD_T12_EXP,1984.0,1482956.458,,,,,,,,A,,OECD_T12_EXP,,2026-09-21,current,,,,,,,False,False,False,20260921T154333Z,
USA_TE_ESA_strict,USA,ESA_EXP,TE_ESA,total,Total expenditure (ESA main aggregates),1985,1985,CY,1619504.884,USD,4338979.0,OECD_T1,37.324561,,OECD_T12_EXP,,strict,anchor_actual,OECD_T12_EXP,1985.0,1619504.884,,,,,,,,A,,OECD_T12_EXP,,2026-09-21,current,,,,,,,False,False,False,20260921T154333Z,
USA_TE_ESA_strict,USA,ESA_EXP,TE_ESA,total,Total expenditure (ESA main aggregates),1986,1986,CY,1729603.143,USD,4579631.0,OECD_T1,37.767304,,OECD_T12_EXP,,strict,anchor_actual,OECD_T12_EXP,1986.0,1729603.143,,,,,,,,A,,OECD_T12_EXP,,2026-09-21,current,,,,,,,False,False,False,20260921T154333Z,
USA_TE_ESA_strict,USA,ESA_EXP,TE_ESA,total,Total expenditure (ESA main aggregates),1987,1987,CY,1823219.018,USD,4855215.0,OECD_T1,37.551767,,OECD_T12_EXP,,strict,anchor_actual,OECD_T12_EXP,1987.0,1823219.018,,,,,,,,A,,OECD_T12_EXP,,2026-09-21,current,,,,,,,False,False,False,20260921T154333Z,
USA_TE_ESA_strict,USA,ESA_EXP,TE_ESA,total,Total expenditure (ESA main aggregates),1988,1988,CY,1921327.694,USD,5236438.0,OECD_T1,36.691501,,OECD_T12_EXP,,strict,anchor_actual,OECD_T12_EXP,1988.0,1921327.694,,,,,,,,A,,OECD_T12_EXP,,2026-09-21,current,,,,,,,False,False,False,20260921T154333Z,
USA_TE_ESA_strict,USA,ESA_EXP,TE_ESA,total,Total expenditure (ESA main aggregates),1989,1989,CY,2070591.536,USD,5641580.0,OECD_T1,36.702334,,OECD_T12_EXP,,strict,anchor_actual,OECD_T12_EXP,1989.0,2070591.536,,,,,,,,A,,OECD_T12_EXP,,2026-09-21,current,,,,,,,False,False,False,20260921T154333Z,
USA_TE_ESA_strict,USA,ESA_EXP,TE_ESA,total,Total expenditure (ESA main aggregates),1990,1990,CY,2245937.647,USD,5963144.0,OECD_T1,37.663649,,OECD_T12_EXP,,strict,anchor_actual,OECD_T12_EXP,1990.0,2245937.647,,,,,,,,A,,OECD_T12_EXP,,2026-09-21,current,,,,,,,False,False,False,20260921T154333Z,
USA_TE_ESA_strict,USA,ESA_EXP,TE_ESA,total,Total expenditure (ESA main aggregates),1991,1991,CY,2375813.949,USD,6158129.0,OECD_T1,38.580126,,OECD_T12_EXP,,strict,anchor_actual,OECD_T12_EXP,1991.0,2375813.949,,,,,,,,A,,OECD_T12_EXP,,2026-09-21,current,,,,,,,False,False,False,20260921T154333Z,
USA_TE_ESA_strict,USA,ESA_EXP,TE_ESA,total,Total expenditure (ESA main aggregates),1992,1992,CY,2566906.471,USD,6520327.0,OECD_T1,39.367757,,OECD_T12_EXP,,strict,anchor_actual,OECD_T12_EXP,1992.0,2566906.471,,,,,,,,A,,OECD_T12_EXP,,2026-09-21,current,,,,,,,False,False,False,20260921T154333Z,
USA_TE_ESA_strict,USA,ESA_EXP,TE_ESA,total,Total expenditure (ESA main aggregates),1993,1993,CY,2661705.411,USD,6858559.0,OECD_T1,38.808522,,OECD_T12_EXP,,strict,anchor_actual,OECD_T12_EXP,1993.0,2661705.411,,,,,,,,A,,OECD_T12_EXP,,2026-09-21,current,,,,,,,False,False,False,20260921T154333Z,
USA_TE_ESA_strict,USA,ESA_EXP,TE_ESA,total,Total expenditure (ESA main aggregates),1994,1994,CY,2757826.66,USD,7287236.0,OECD_T1,37.844618,,OECD_T12_EXP,,strict,anchor_actual,OECD_T12_EXP,1994.0,2757826.66,,,,,,,,A,,OECD_T12_EXP,,2026-09-21,current,,,,,,,False,False,False,20260921T154333Z,
USA_TE_ESA_strict,USA,ESA_EXP,TE_ESA,total,Total expenditure (ESA main aggregates),1995,1995,CY,2888481.116,USD,7639749.0,OECD_T1,37.808587,,OECD_T12_EXP,,strict,anchor_actual,OECD_T12_EXP,1995.0,2888481.116,,,,,,,,A,,OECD_T12_EXP,,2026-09-21,current,,,,,,,False,False,False,20260921T154333Z,
USA_TE_ESA_strict,USA,ESA_EXP,TE_ESA,total,Total expenditure (ESA main aggregates),1996,1996,CY,2997027.645,USD,8073122.0,OECD_T1,37.123527,,OECD_T12_EXP,,strict,anchor_actual,OECD_T12_EXP,1996.0,2997027.645,,,,,,,,A,,OECD_T12_EXP,,2026-09-21,current,,,,,,,False,False,False,20260921T154333Z,
USA_TE_ESA_strict,USA,ESA_EXP,TE_ESA,total,Total expenditure (ESA main aggregates),1997,1997,CY,3085212.788,USD,8577552.0,OECD_T1,35.968453,,OECD_T12_EXP,,strict,anchor_actual,OECD_T12_EXP,1997.0,3085212.788,,,,,,,,A,,OECD_T12_EXP,,2026-09-21,current,,,,,,,False,False,False,20260921T154333Z,
USA_TE_ESA_strict,USA,ESA_EXP,TE_ESA,total,Total expenditure (ESA main aggregates),1998,1998,CY,3182809.689,USD,9062817.0,OECD_T1,35.11943,,OECD_T12_EXP,,strict,anchor_actual,OECD_T12_EXP,1998.0,3182809.689,,,,,,,,A,,OECD_T12_EXP,,2026-09-21,current,,,,,,,False,False,False,20260921T154333Z,
USA_TE_ESA_strict,USA,ESA_EXP,TE_ESA,total,Total expenditure (ESA main aggregates),1999,1999,CY,3337215.127,USD,9631172.0,OECD_T1,34.650146,,OECD_T12_EXP,,strict,anchor_actual,OECD_T12_EXP,1999.0,3337215.127,,,,,,,,A,,OECD_T12_EXP,,2026-09-21,current,,,,,,,False,False,False,20260921T154333Z,
USA_TE_ESA_strict,USA,ESA_EXP,TE_ESA,total,Total expenditure (ESA main aggregates),2000,2000,CY,3516022.544,USD,10250952.0,OECD_T1,34.299473,,OECD_T12_EXP,,strict,anchor_actual,OECD_T12_EXP,2000.0,3516022.544,,,,,,,,A,,OECD_T12_EXP,,2026-09-21,current,,,,,,,False,False,False,20260921T154333Z,
USA_TE_ESA_strict,USA,ESA_EXP,TE_ESA,total,Total expenditure (ESA main aggregates),2001,2001,CY,3768842.739,USD,10581929.0,OECD_T1,35.615838,,OECD_T12_EXP,,strict,anchor_actual,OECD_T12_EXP,2001.0,3768842.739,,,,,,,,A,,OECD_T12_EXP,,2026-09-21,current,,,,,,,False,False,False,20260921T154333Z,
USA_TE_ESA_strict,USA,ESA_EXP,TE_ESA,total,Total expenditure (ESA main aggregates),2002,2002,CY,4015593.389,USD,10929108.0,OECD_T1,36.742188,,OECD_T12_EXP,,strict,anchor_actual,OECD_T12_EXP,2002.0,4015593.389,,,,,,,,A,,OECD_T12_EXP,,2026-09-21,current,,,,,,,False,False,False,20260921T154333Z,
USA_TE_ESA_strict,USA,ESA_EXP,TE_ESA,total,Total expenditure (ESA main aggregates),2003,2003,CY,4268405.593,USD,11456450.0,OECD_T1,37.257664,,OECD_T12_EXP,,strict,anchor_actual,OECD_T12_EXP,2003.0,4268405.593,,,,,,,,A,,OECD_T12_EXP,,2026-09-21,current,,,,,,,False,False,False,20260921T154333Z,
USA_TE_ESA_strict,USA,ESA_EXP,TE_ESA,total,Total expenditure (ESA main aggregates),2004,2004,CY,4503250.177,USD,12217196.0,OECD_T1,36.859932,,OECD_T12_EXP,,strict,anchor_actual,OECD_T12_EXP,2004.0,4503250.177,,,,,,,,A,,OECD_T12_EXP,,2026-09-21,current,,,,,,,False,False,False,20260921T154333Z,
USA_TE_ESA_strict,USA,ESA_EXP,TE_ESA,total,Total expenditure (ESA main aggregates),2005,2005,CY,4817585.229,USD,13039197.0,OECD_T1,36.946947,,OECD_T12_EXP,,strict,anchor_actual,OECD_T12_EXP,2005.0,4817585.229,,,,,,,,A,,OECD_T12_EXP,,2026-09-21,current,,,,,,,False,False,False,20260921T154333Z,
USA_TE_ESA_strict,USA,ESA_EXP,TE_ESA,total,Total expenditure (ESA main aggregates),2006,2006,CY,5065366.17,USD,13815583.0,OECD_T1,36.664151,,OECD_T12_EXP,,strict,anchor_actual,OECD_T12_EXP,2006.0,5065366.17,,,,,,,,A,,OECD_T12_EXP,,2026-09-21,current,,,,,,,False,False,False,20260921T154333Z,
USA_TE_ESA_strict,USA,ESA_EXP,TE_ESA,total,Total expenditure (ESA main aggregates),2007,2007,CY,5408532.177,USD,14474228.0,OECD_T1,37.366637,,OECD_T12_EXP,,strict,anchor_actual,OECD_T12_EXP,2007.0,5408532.177,,,,,,,,A,,OECD_T12_EXP,,2026-09-21,current,,,,,,,False,False,False,20260921T154333Z,
USA_TE_ESA_strict,USA,ESA_EXP,TE_ESA,total,Total expenditure (ESA main aggregates),2008,2008,CY,5860288.656,USD,14769862.0,OECD_T1,39.677342,,OECD_T12_EXP,,strict,anchor_actual,OECD_T12_EXP,2008.0,5860288.656,,,,,,,,A,,OECD_T12_EXP,,2026-09-21,current,,,,,,,False,False,False,20260921T154333Z,
USA_TE_ESA_strict,USA,ESA_EXP,TE_ESA,total,Total expenditure (ESA main aggregates),2009,2009,CY,6253856.833,USD,14478067.0,OECD_T1,43.195385,,OECD_T12_EXP,,strict,anchor_actual,OECD_T12_EXP,2009.0,6253856.833,,,,,,,,A,,OECD_T12_EXP,,2026-09-21,current,,,,,,,False,False,False,20260921T154333Z,
USA_TE_ESA_strict,USA,ESA_EXP,TE_ESA,total,Total expenditure (ESA main aggregates),2010,2010,CY,6472653.579,USD,15048971.0,OECD_T1,43.010606,,OECD_T12_EXP,,strict,anchor_actual,OECD_T12_EXP,2010.0,6472653.579,,,,,,,,A,,OECD_T12_EXP,,2026-09-21,current,,,,,,,False,False,False,20260921T154333Z,
USA_TE_ESA_strict,USA,ESA_EXP,TE_ESA,total,Total expenditure (ESA main aggregates),2011,2011,CY,6535058.593,USD,15599732.0,OECD_T1,41.892121,,OECD_T12_EXP,,strict,anchor_actual,OECD_T12_EXP,2011.0,6535058.593,,,,,,,,A,,OECD_T12_EXP,,2026-09-21,current,,,,,,,False,False,False,20260921T154333Z,
USA_TE_ESA_strict,USA,ESA_EXP,TE_ESA,total,Total expenditure (ESA main aggregates),2012,2012,CY,6515363.741,USD,16253970.0,OECD_T1,40.084753,,OECD_T12_EXP,,strict,anchor_actual,OECD_T12_EXP,2012.0,6515363.741,,,,,,,,A,,OECD_T12_EXP,,2026-09-21,current,,,,,,,False,False,False,20260921T154333Z,
USA_TE_ESA_strict,USA,ESA_EXP,TE_ESA,total,Total expenditure (ESA main aggregates),2013,2013,CY,6548911.724,USD,16880683.0,OECD_T1,38.795301,,OECD_T12_EXP,,strict,anchor_actual,OECD_T12_EXP,2013.0,6548911.724,,,,,,,,A,,OECD_T12_EXP,,2026-09-21,current,,,,,,,False,False,False,20260921T154333Z,
USA_TE_ESA_strict,USA,ESA_EXP,TE_ESA,total,Total expenditure (ESA main aggregates),2014,2014,CY,6721068.225,USD,17608138.0,OECD_T1,38.170238,,OECD_T12_EXP,,strict,anchor_actual,OECD_T12_EXP,2014.0,6721068.225,,,,,,,,A,,OECD_T12_EXP,,2026-09-21,current,,,,,,,False,False,False,20260921T154333Z,
USA_TE_ESA_strict,USA,ESA_EXP,TE_ESA,total,Total expenditure (ESA main aggregates),2015,2015,CY,6910981.379,USD,18295019.0,OECD_T1,37.775207,,OECD_T12_EXP,,strict,anchor_actual,OECD_T12_EXP,2015.0,6910981.379,,,,,,,,A,,OECD_T12_EXP,,2026-09-21,current,,,,,,,False,False,False,20260921T154333Z,
USA_TE_ESA_strict,USA,ESA_EXP,TE_ESA,total,Total expenditure (ESA main aggregates),2016,2016,CY,7156461.234,USD,18804913.0,OECD_T1,38.056338,,OECD_T12_EXP,,strict,anchor_actual,OECD_T12_EXP,2016.0,7156461.234,,,,,,,,A,,OECD_T12_EXP,,2026-09-21,current,,,,,,,False,False,False,20260921T154333Z,
USA_TE_ESA_strict,USA,ESA_EXP,TE_ESA,total,Total expenditure (ESA main aggregates),2017,2017,CY,7407363.809,USD,19612102.0,OECD_T1,37.769352,,OECD_T12_EXP,,strict,anchor_actual,OECD_T12_EXP,2017.0,7407363.809,,,,,,,,A,,OECD_T12_EXP,,2026-09-21,current,,,,,,,False,False,False,20260921T154333Z,
USA_TE_ESA_strict,USA,ESA_EXP,TE_ESA,total,Total expenditure (ESA main aggregates),2018,2018,CY,7792497.79,USD,20656516.0,OECD_T1,37.724163,,OECD_T12_EXP,,strict,anchor_actual,OECD_T12_EXP,2018.0,7792497.79,,,,,,,,A,,OECD_T12_EXP,,2026-09-21,current,,,,,,,False,False,False,20260921T154333Z,
USA_TE_ESA_strict,USA,ESA_EXP,TE_ESA,total,Total expenditure (ESA main aggregates),2019,2019,CY,8237124.663,USD,21539982.0,OECD_T1,38.241094,,OECD_T12_EXP,,strict,anchor_actual,OECD_T12_EXP,2019.0,8237124.663,,,,,,,,A,,OECD_T12_EXP,,2026-09-21,current,,,,,,,False,False,False,20260921T154333Z,
USA_TE_ESA_strict,USA,ESA_EXP,TE_ESA,total,Total expenditure (ESA main aggregates),2020,2020,CY,10100928.491,USD,21375281.0,OECD_T1,47.255185,,OECD_T12_EXP,,strict,anchor_actual,OECD_T12_EXP,2020.0,10100928.491,,,,,,,,A,,OECD_T12_EXP,,2026-09-21,current,,,,,,,False,False,False,20260921T154333Z,
USA_TE_ESA_strict,USA,ESA_EXP,TE_ESA,total,Total expenditure (ESA main aggregates),2021,2021,CY,10755588.525,USD,23725645.0,OECD_T1,45.333177,,OECD_T12_EXP,,strict,anchor_actual,OECD_T12_EXP,2021.0,10755588.525,,,,,,,,A,,OECD_T12_EXP,,2026-09-21,current,,,,,,,False,False,False,20260921T154333Z,
USA_TE_ESA_strict,USA,ESA_EXP,TE_ESA,total,Total expenditure (ESA main aggregates),2022,2022,CY,10009774.585,USD,26054614.0,OECD_T1,38.418434,,OECD_T12_EXP,,strict,anchor_actual,OECD_T12_EXP,2022.0,10009774.585,,,,,,,,A,,OECD_T12_EXP,,2026-09-21,current,,,,,,,False,False,False,20260921T154333Z,
USA_TE_ESA_strict,USA,ESA_EXP,TE_ESA,total,Total expenditure (ESA main aggregates),2023,2023,CY,10905857.712,USD,27811517.0,OECD_T1,39.213459,,OECD_T12_EXP,,strict,anchor_actual,OECD_T12_EXP,2023.0,10905857.712,,,,,,,,A,,OECD_T12_EXP,,2026-09-21,current,,,,,,,False,False,False,20260921T154333Z,
USA_TE_ESA_strict,USA,ESA_EXP,TE_ESA,total,Total expenditure (ESA main aggregates),2024,2024,CY,11592173.245,USD,29298013.0,OECD_T1,39.566414,,OECD_T12_EXP,,strict,anchor_actual,OECD_T12_EXP,2024.0,11592173.245,,,,,,,,A,,OECD_T12_EXP,,2026-09-21,current,,,,,,,False,False,False,20260921T154333Z,
