series_id,iso3,classification,line_code,line_level,line_label,year,native_period,source_period_basis,value_lcu_mn,currency,gdp_lcu_mn,gdp_source_id,pct_gdp,total_lcu_mn,total_source_id,pct_total,series_variant,observation_type,anchor_source,anchor_year,anchor_value,growth_source_id,growth_rate,residual_method,interpolation_method,period_conversion_method,coverage_share,coverage_share_year,quality_grade,crosswalk_version,source_id,source_release_date,source_vintage,source_status,scenario_label,concept_flag,imf_value,imf_diff_pct,oecd_rs_value,oecd_rs_diff_pct,is_interpolated,is_period_converted,is_forecast,run_id,notes
GBR_R01_strict,GBR,ESA_REV,R01,1,Value added tax,1990,1990,CY,33620.0,GBP,672977.0,ONS_GDP,4.995713,227587.0,ONS_GG_RECEIPTS,14.772373,strict,anchor_actual,ONS_GG_RECEIPTS,1990.0,33620.0,,,,,,,,A,,ONS_GG_RECEIPTS,2026-06-18,2026-08-31,current,,,,,34136.0,1.5348,False,False,False,20260919T115610Z,
GBR_R01_strict,GBR,ESA_REV,R01,1,Value added tax,1991,1991,CY,38061.0,GBP,708072.0,ONS_GDP,5.375301,238031.0,ONS_GG_RECEIPTS,15.989934,strict,anchor_actual,ONS_GG_RECEIPTS,1991.0,38061.0,,,,,,,,A,,ONS_GG_RECEIPTS,2026-06-18,2026-08-31,current,,,,,37523.0,-1.4135,False,False,False,20260919T115610Z,
GBR_R01_strict,GBR,ESA_REV,R01,1,Value added tax,1992,1992,CY,41328.0,GBP,733221.0,ONS_GDP,5.6365,241577.0,ONS_GG_RECEIPTS,17.107589,strict,anchor_actual,ONS_GG_RECEIPTS,1992.0,41328.0,,,,,,,,A,,ONS_GG_RECEIPTS,2026-06-18,2026-08-31,current,,,,,41031.0,-0.7186,False,False,False,20260919T115610Z,
GBR_R01_strict,GBR,ESA_REV,R01,1,Value added tax,1993,1993,CY,42255.0,GBP,772390.0,ONS_GDP,5.470682,244677.0,ONS_GG_RECEIPTS,17.269707,strict,anchor_actual,ONS_GG_RECEIPTS,1993.0,42255.0,,,,,,,,A,,ONS_GG_RECEIPTS,2026-06-18,2026-08-31,current,,,,,41762.0,-1.1667,False,False,False,20260919T115610Z,
GBR_R01_strict,GBR,ESA_REV,R01,1,Value added tax,1994,1994,CY,45758.0,GBP,813527.0,ONS_GDP,5.624644,262194.0,ONS_GG_RECEIPTS,17.451963,strict,anchor_actual,ONS_GG_RECEIPTS,1994.0,45758.0,,,,,,,,A,,ONS_GG_RECEIPTS,2026-06-18,2026-08-31,current,,,,,44690.0,-2.334,False,False,False,20260919T115610Z,
GBR_R01_strict,GBR,ESA_REV,R01,1,Value added tax,1995,1995,CY,47329.0,GBP,854921.0,ONS_GDP,5.536067,282664.0,ONS_GG_RECEIPTS,16.743908,strict,anchor_actual,ONS_GG_RECEIPTS,1995.0,47329.0,,,,,,,,A,,ONS_GG_RECEIPTS,2026-06-18,2026-08-31,current,,,,,47539.0,0.4437,False,False,False,20260919T115610Z,
GBR_R01_strict,GBR,ESA_REV,R01,1,Value added tax,1996,1996,CY,51662.0,GBP,913609.0,ONS_GDP,5.654717,300002.0,ONS_GG_RECEIPTS,17.220552,strict,anchor_actual,ONS_GG_RECEIPTS,1996.0,51662.0,,,,,,,,A,,ONS_GG_RECEIPTS,2026-06-18,2026-08-31,current,,,,,51692.0,0.0581,False,False,False,20260919T115610Z,
GBR_R01_strict,GBR,ESA_REV,R01,1,Value added tax,1997,1997,CY,54724.0,GBP,958539.0,ONS_GDP,5.709105,322933.0,ONS_GG_RECEIPTS,16.94593,strict,anchor_actual,ONS_GG_RECEIPTS,1997.0,54724.0,,,,,,,,A,,ONS_GG_RECEIPTS,2026-06-18,2026-08-31,current,,,,,54475.0,-0.455,False,False,False,20260919T115610Z,
GBR_R01_strict,GBR,ESA_REV,R01,1,Value added tax,1998,1998,CY,57069.0,GBP,1002804.0,ONS_GDP,5.690943,351490.0,ONS_GG_RECEIPTS,16.236308,strict,anchor_actual,ONS_GG_RECEIPTS,1998.0,57069.0,,,,,,,,A,,ONS_GG_RECEIPTS,2026-06-18,2026-08-31,current,,,,,57539.0,0.8236,False,False,False,20260919T115610Z,
GBR_R01_strict,GBR,ESA_REV,R01,1,Value added tax,1999,1999,CY,62182.0,GBP,1046727.0,ONS_GDP,5.940613,372689.0,ONS_GG_RECEIPTS,16.684689,strict,anchor_actual,ONS_GG_RECEIPTS,1999.0,62182.0,,,,,,,,A,,ONS_GG_RECEIPTS,2026-06-18,2026-08-31,current,,,,,62073.0,-0.1753,False,False,False,20260919T115610Z,
GBR_R01_strict,GBR,ESA_REV,R01,1,Value added tax,2000,2000,CY,64918.0,GBP,1104759.0,ONS_GDP,5.876214,402079.0,ONS_GG_RECEIPTS,16.145583,strict,anchor_actual,ONS_GG_RECEIPTS,2000.0,64918.0,,,,,,,,A,,ONS_GG_RECEIPTS,2026-06-18,2026-08-31,current,,,,,65018.0,0.154,False,False,False,20260919T115610Z,
GBR_R01_strict,GBR,ESA_REV,R01,1,Value added tax,2001,2001,CY,67908.0,GBP,1150542.0,ONS_GDP,5.902262,417942.0,ONS_GG_RECEIPTS,16.248188,strict,anchor_actual,ONS_GG_RECEIPTS,2001.0,67908.0,,,,,,,,A,,ONS_GG_RECEIPTS,2026-06-18,2026-08-31,current,,,,,67859.0,-0.0722,False,False,False,20260919T115610Z,
GBR_R01_strict,GBR,ESA_REV,R01,1,Value added tax,2002,2002,CY,72048.0,GBP,1194646.0,ONS_GDP,6.030908,423991.0,ONS_GG_RECEIPTS,16.992814,strict,anchor_actual,ONS_GG_RECEIPTS,2002.0,72048.0,,,,,,,,A,,ONS_GG_RECEIPTS,2026-06-18,2026-08-31,current,,,,,72136.0,0.1221,False,False,False,20260919T115610Z,
GBR_R01_strict,GBR,ESA_REV,R01,1,Value added tax,2003,2003,CY,78391.0,GBP,1262502.0,ONS_GDP,6.209178,447902.0,ONS_GG_RECEIPTS,17.50182,strict,anchor_actual,ONS_GG_RECEIPTS,2003.0,78391.0,,,,,,,,A,,ONS_GG_RECEIPTS,2026-06-18,2026-08-31,current,,,,,78356.0,-0.0446,False,False,False,20260919T115610Z,
GBR_R01_strict,GBR,ESA_REV,R01,1,Value added tax,2004,2004,CY,82666.0,GBP,1327143.0,ONS_GDP,6.228869,488059.0,ONS_GG_RECEIPTS,16.937706,strict,anchor_actual,ONS_GG_RECEIPTS,2004.0,82666.0,,,,,,,,A,,ONS_GG_RECEIPTS,2026-06-18,2026-08-31,current,,,,,82691.0,0.0302,False,False,False,20260919T115610Z,
GBR_R01_strict,GBR,ESA_REV,R01,1,Value added tax,2005,2005,CY,84630.0,GBP,1403249.0,ONS_GDP,6.031004,532688.0,ONS_GG_RECEIPTS,15.887349,strict,anchor_actual,ONS_GG_RECEIPTS,2005.0,84630.0,,,,,,,,A,,ONS_GG_RECEIPTS,2026-06-18,2026-08-31,current,,,,,84649.0,0.0225,False,False,False,20260919T115610Z,
GBR_R01_strict,GBR,ESA_REV,R01,1,Value added tax,2006,2006,CY,89014.0,GBP,1478080.0,ONS_GDP,6.022272,561010.0,ONS_GG_RECEIPTS,15.86674,strict,anchor_actual,ONS_GG_RECEIPTS,2006.0,89014.0,,,,,,,,A,,ONS_GG_RECEIPTS,2026-06-18,2026-08-31,current,,,,,89016.0,0.0022,False,False,False,20260919T115610Z,
GBR_R01_strict,GBR,ESA_REV,R01,1,Value added tax,2007,2007,CY,93348.0,GBP,1551729.0,ONS_GDP,6.015741,594042.0,ONS_GG_RECEIPTS,15.71404,strict,anchor_actual,ONS_GG_RECEIPTS,2007.0,93348.0,,,,,,,,A,,ONS_GG_RECEIPTS,2026-06-18,2026-08-31,current,,,,,93374.0,0.0279,False,False,False,20260919T115610Z,
GBR_R01_strict,GBR,ESA_REV,R01,1,Value added tax,2008,2008,CY,93419.0,GBP,1602217.0,ONS_GDP,5.830608,625274.0,ONS_GG_RECEIPTS,14.94049,strict,anchor_actual,ONS_GG_RECEIPTS,2008.0,93419.0,,,,,,,,A,,ONS_GG_RECEIPTS,2026-06-18,2026-08-31,current,,,,,93434.0,0.0161,False,False,False,20260919T115610Z,
GBR_R01_strict,GBR,ESA_REV,R01,1,Value added tax,2009,2009,CY,81262.0,GBP,1559405.0,ONS_GDP,5.21109,576520.0,ONS_GG_RECEIPTS,14.095261,strict,anchor_actual,ONS_GG_RECEIPTS,2009.0,81262.0,,,,,,,,A,,ONS_GG_RECEIPTS,2026-06-18,2026-08-31,current,,,,,81122.0,-0.1723,False,False,False,20260919T115610Z,
GBR_R01_strict,GBR,ESA_REV,R01,1,Value added tax,2010,2010,CY,97565.0,GBP,1615839.0,ONS_GDP,6.03804,612140.0,ONS_GG_RECEIPTS,15.938347,strict,anchor_actual,ONS_GG_RECEIPTS,2010.0,97565.0,,,,,,,,A,,ONS_GG_RECEIPTS,2026-06-18,2026-08-31,current,,,,,97646.0,0.083,False,False,False,20260919T115610Z,
GBR_R01_strict,GBR,ESA_REV,R01,1,Value added tax,2011,2011,CY,113461.0,GBP,1669945.0,ONS_GDP,6.794296,637367.0,ONS_GG_RECEIPTS,17.801518,strict,anchor_actual,ONS_GG_RECEIPTS,2011.0,113461.0,,,,,,,,A,,ONS_GG_RECEIPTS,2026-06-18,2026-08-31,current,,,,,113485.0,0.0212,False,False,False,20260919T115610Z,
GBR_R01_strict,GBR,ESA_REV,R01,1,Value added tax,2012,2012,CY,116459.0,GBP,1721708.0,ONS_GDP,6.764155,643820.0,ONS_GG_RECEIPTS,18.088752,strict,anchor_actual,ONS_GG_RECEIPTS,2012.0,116459.0,,,,,,,,A,,ONS_GG_RECEIPTS,2026-06-18,2026-08-31,current,,,,,116462.0,0.0026,False,False,False,20260919T115610Z,
GBR_R01_strict,GBR,ESA_REV,R01,1,Value added tax,2013,2013,CY,121650.0,GBP,1789072.0,ONS_GDP,6.799615,685641.0,ONS_GG_RECEIPTS,17.742521,strict,anchor_actual,ONS_GG_RECEIPTS,2013.0,121650.0,,,,,,,,A,,ONS_GG_RECEIPTS,2026-06-18,2026-08-31,current,,,,,121460.0,-0.1562,False,False,False,20260919T115610Z,
GBR_R01_strict,GBR,ESA_REV,R01,1,Value added tax,2014,2014,CY,127647.0,GBP,1875066.0,ONS_GDP,6.8076,700490.0,ONS_GG_RECEIPTS,18.22253,strict,anchor_actual,ONS_GG_RECEIPTS,2014.0,127647.0,,,,,,,,A,,ONS_GG_RECEIPTS,2026-06-18,2026-08-31,current,,,,,127647.0,0.0,False,False,False,20260919T115610Z,
GBR_R01_strict,GBR,ESA_REV,R01,1,Value added tax,2015,2015,CY,132790.0,GBP,1928016.0,ONS_GDP,6.887391,725144.0,ONS_GG_RECEIPTS,18.312225,strict,anchor_actual,ONS_GG_RECEIPTS,2015.0,132790.0,,,,,,,,A,,ONS_GG_RECEIPTS,2026-06-18,2026-08-31,current,,,,,132906.0,0.0874,False,False,False,20260919T115610Z,
GBR_R01_strict,GBR,ESA_REV,R01,1,Value added tax,2016,2016,CY,137215.0,GBP,2004755.0,ONS_GDP,6.844477,763115.0,ONS_GG_RECEIPTS,17.980907,strict,anchor_actual,ONS_GG_RECEIPTS,2016.0,137215.0,,,,,,,,A,,ONS_GG_RECEIPTS,2026-06-18,2026-08-31,current,,,,,137214.0,-0.0007,False,False,False,20260919T115610Z,
GBR_R01_strict,GBR,ESA_REV,R01,1,Value added tax,2017,2017,CY,143636.0,GBP,2097222.0,ONS_GDP,6.84887,805501.0,ONS_GG_RECEIPTS,17.831884,strict,anchor_actual,ONS_GG_RECEIPTS,2017.0,143636.0,,,,,,,,A,,ONS_GG_RECEIPTS,2026-06-18,2026-08-31,current,,,,,143382.0,-0.1768,False,False,False,20260919T115610Z,
GBR_R01_strict,GBR,ESA_REV,R01,1,Value added tax,2018,2018,CY,149454.0,GBP,2171559.0,ONS_GDP,6.882337,832110.0,ONS_GG_RECEIPTS,17.960847,strict,anchor_actual,ONS_GG_RECEIPTS,2018.0,149454.0,,,,,,,,A,,ONS_GG_RECEIPTS,2026-06-18,2026-08-31,current,,,,,149304.0,-0.1004,False,False,False,20260919T115610Z,
GBR_R01_strict,GBR,ESA_REV,R01,1,Value added tax,2019,2019,CY,155148.0,GBP,2252961.0,ONS_GDP,6.886404,859047.0,ONS_GG_RECEIPTS,18.060479,strict,anchor_actual,ONS_GG_RECEIPTS,2019.0,155148.0,,,,,,,,A,,ONS_GG_RECEIPTS,2026-06-18,2026-08-31,current,,,,,155121.0,-0.0174,False,False,False,20260919T115610Z,
GBR_R01_strict,GBR,ESA_REV,R01,1,Value added tax,2020,2020,CY,139872.0,GBP,2124720.0,ONS_GDP,6.583079,825490.0,ONS_GG_RECEIPTS,16.944118,strict,anchor_actual,ONS_GG_RECEIPTS,2020.0,139872.0,,,,,,,,A,,ONS_GG_RECEIPTS,2026-06-18,2026-08-31,current,,,,,139949.0,0.0551,False,False,False,20260919T115610Z,
GBR_R01_strict,GBR,ESA_REV,R01,1,Value added tax,2021,2021,CY,158121.0,GBP,2322652.0,ONS_GDP,6.807778,926020.0,ONS_GG_RECEIPTS,17.075333,strict,anchor_actual,ONS_GG_RECEIPTS,2021.0,158121.0,,,,,,,,A,,ONS_GG_RECEIPTS,2026-06-18,2026-08-31,current,,,,,158121.0,0.0,False,False,False,20260919T115610Z,
GBR_R01_strict,GBR,ESA_REV,R01,1,Value added tax,2022,2022,CY,182084.0,GBP,2580949.0,ONS_GDP,7.054924,1056873.0,ONS_GG_RECEIPTS,17.22856,strict,anchor_actual,ONS_GG_RECEIPTS,2022.0,182084.0,,,,,,,,A,,ONS_GG_RECEIPTS,2026-06-18,2026-08-31,current,,,,,182084.0,0.0,False,False,False,20260919T115610Z,
GBR_R01_strict,GBR,ESA_REV,R01,1,Value added tax,2023,2023,CY,194875.0,GBP,2752164.0,ONS_GDP,7.080792,1114183.0,ONS_GG_RECEIPTS,17.490394,strict,anchor_actual,ONS_GG_RECEIPTS,2023.0,194875.0,,,,,,,,A,,ONS_GG_RECEIPTS,2026-06-18,2026-08-31,current,,,,,194875.0,0.0,False,False,False,20260919T115610Z,
GBR_R01_strict,GBR,ESA_REV,R01,1,Value added tax,2024,2024,CY,199414.0,GBP,2890254.0,ONS_GDP,6.899532,1162812.0,ONS_GG_RECEIPTS,17.14929,strict,anchor_actual,ONS_GG_RECEIPTS,2024.0,199414.0,,,,,,,,A,,ONS_GG_RECEIPTS,2026-06-18,2026-08-31,current,,,,,199374.0,-0.0201,False,False,False,20260919T115610Z,
GBR_R01_strict,GBR,ESA_REV,R01,1,Value added tax,2025,2025,CY,210703.0,GBP,3033866.0,ONS_GDP,6.945033,1246259.0,ONS_GG_RECEIPTS,16.906839,strict,anchor_actual,ONS_GG_RECEIPTS,2025.0,210703.0,,,,,,,,A,,ONS_GG_RECEIPTS,2026-06-18,2026-08-31,current,,,,,,,False,False,False,20260919T115610Z,
GBR_R02_strict,GBR,ESA_REV,R02,1,Other taxes on production and imports,1990,1990,CY,37447.0,GBP,672977.0,ONS_GDP,5.56438,227587.0,ONS_GG_RECEIPTS,16.453928,strict,derived_actual,ONS_GG_RECEIPTS,1990.0,37447.0,,,,,,,,A,,ONS_GG_RECEIPTS,2026-06-18,2026-08-31,current,,,,,,,False,False,False,20260919T115610Z,derived D.2 - D.211
GBR_R02_strict,GBR,ESA_REV,R02,1,Other taxes on production and imports,1991,1991,CY,40233.0,GBP,708072.0,ONS_GDP,5.682049,238031.0,ONS_GG_RECEIPTS,16.90242,strict,derived_actual,ONS_GG_RECEIPTS,1991.0,40233.0,,,,,,,,A,,ONS_GG_RECEIPTS,2026-06-18,2026-08-31,current,,,,,,,False,False,False,20260919T115610Z,derived D.2 - D.211
GBR_R02_strict,GBR,ESA_REV,R02,1,Other taxes on production and imports,1992,1992,CY,40406.0,GBP,733221.0,ONS_GDP,5.510753,241577.0,ONS_GG_RECEIPTS,16.72593,strict,derived_actual,ONS_GG_RECEIPTS,1992.0,40406.0,,,,,,,,A,,ONS_GG_RECEIPTS,2026-06-18,2026-08-31,current,,,,,,,False,False,False,20260919T115610Z,derived D.2 - D.211
GBR_R02_strict,GBR,ESA_REV,R02,1,Other taxes on production and imports,1993,1993,CY,41526.0,GBP,772390.0,ONS_GDP,5.3763,244677.0,ONS_GG_RECEIPTS,16.971763,strict,derived_actual,ONS_GG_RECEIPTS,1993.0,41526.0,,,,,,,,A,,ONS_GG_RECEIPTS,2026-06-18,2026-08-31,current,,,,,,,False,False,False,20260919T115610Z,derived D.2 - D.211
GBR_R02_strict,GBR,ESA_REV,R02,1,Other taxes on production and imports,1994,1994,CY,44033.0,GBP,813527.0,ONS_GDP,5.412605,262194.0,ONS_GG_RECEIPTS,16.794053,strict,derived_actual,ONS_GG_RECEIPTS,1994.0,44033.0,,,,,,,,A,,ONS_GG_RECEIPTS,2026-06-18,2026-08-31,current,,,,,,,False,False,False,20260919T115610Z,derived D.2 - D.211
GBR_R02_strict,GBR,ESA_REV,R02,1,Other taxes on production and imports,1995,1995,CY,48759.0,GBP,854921.0,ONS_GDP,5.703334,282664.0,ONS_GG_RECEIPTS,17.249809,strict,derived_actual,ONS_GG_RECEIPTS,1995.0,48759.0,,,,,,,,A,,ONS_GG_RECEIPTS,2026-06-18,2026-08-31,current,,,,,,,False,False,False,20260919T115610Z,derived D.2 - D.211
GBR_R02_strict,GBR,ESA_REV,R02,1,Other taxes on production and imports,1996,1996,CY,51694.0,GBP,913609.0,ONS_GDP,5.658219,300002.0,ONS_GG_RECEIPTS,17.231218,strict,derived_actual,ONS_GG_RECEIPTS,1996.0,51694.0,,,,,,,,A,,ONS_GG_RECEIPTS,2026-06-18,2026-08-31,current,,,,,,,False,False,False,20260919T115610Z,derived D.2 - D.211
GBR_R02_strict,GBR,ESA_REV,R02,1,Other taxes on production and imports,1997,1997,CY,55706.0,GBP,958539.0,ONS_GDP,5.811553,322933.0,ONS_GG_RECEIPTS,17.250018,strict,derived_actual,ONS_GG_RECEIPTS,1997.0,55706.0,,,,,,,,A,,ONS_GG_RECEIPTS,2026-06-18,2026-08-31,current,,,,,,,False,False,False,20260919T115610Z,derived D.2 - D.211
GBR_R02_strict,GBR,ESA_REV,R02,1,Other taxes on production and imports,1998,1998,CY,60251.0,GBP,1002804.0,ONS_GDP,6.008253,351490.0,ONS_GG_RECEIPTS,17.141597,strict,derived_actual,ONS_GG_RECEIPTS,1998.0,60251.0,,,,,,,,A,,ONS_GG_RECEIPTS,2026-06-18,2026-08-31,current,,,,,,,False,False,False,20260919T115610Z,derived D.2 - D.211
GBR_R02_strict,GBR,ESA_REV,R02,1,Other taxes on production and imports,1999,1999,CY,64664.0,GBP,1046727.0,ONS_GDP,6.177733,372689.0,ONS_GG_RECEIPTS,17.35066,strict,derived_actual,ONS_GG_RECEIPTS,1999.0,64664.0,,,,,,,,A,,ONS_GG_RECEIPTS,2026-06-18,2026-08-31,current,,,,,,,False,False,False,20260919T115610Z,derived D.2 - D.211
GBR_R02_strict,GBR,ESA_REV,R02,1,Other taxes on production and imports,2000,2000,CY,69883.0,GBP,1104759.0,ONS_GDP,6.325633,402079.0,ONS_GG_RECEIPTS,17.380415,strict,derived_actual,ONS_GG_RECEIPTS,2000.0,69883.0,,,,,,,,A,,ONS_GG_RECEIPTS,2026-06-18,2026-08-31,current,,,,,,,False,False,False,20260919T115610Z,derived D.2 - D.211
GBR_R02_strict,GBR,ESA_REV,R02,1,Other taxes on production and imports,2001,2001,CY,71504.0,GBP,1150542.0,ONS_GDP,6.21481,417942.0,ONS_GG_RECEIPTS,17.108594,strict,derived_actual,ONS_GG_RECEIPTS,2001.0,71504.0,,,,,,,,A,,ONS_GG_RECEIPTS,2026-06-18,2026-08-31,current,,,,,,,False,False,False,20260919T115610Z,derived D.2 - D.211
GBR_R02_strict,GBR,ESA_REV,R02,1,Other taxes on production and imports,2002,2002,CY,72043.0,GBP,1194646.0,ONS_GDP,6.030489,423991.0,ONS_GG_RECEIPTS,16.991634,strict,derived_actual,ONS_GG_RECEIPTS,2002.0,72043.0,,,,,,,,A,,ONS_GG_RECEIPTS,2026-06-18,2026-08-31,current,,,,,,,False,False,False,20260919T115610Z,derived D.2 - D.211
GBR_R02_strict,GBR,ESA_REV,R02,1,Other taxes on production and imports,2003,2003,CY,72276.0,GBP,1262502.0,ONS_GDP,5.724823,447902.0,ONS_GG_RECEIPTS,16.136566,strict,derived_actual,ONS_GG_RECEIPTS,2003.0,72276.0,,,,,,,,A,,ONS_GG_RECEIPTS,2026-06-18,2026-08-31,current,,,,,,,False,False,False,20260919T115610Z,derived D.2 - D.211
GBR_R02_strict,GBR,ESA_REV,R02,1,Other taxes on production and imports,2004,2004,CY,76077.0,GBP,1327143.0,ONS_GDP,5.732389,488059.0,ONS_GG_RECEIPTS,15.587665,strict,derived_actual,ONS_GG_RECEIPTS,2004.0,76077.0,,,,,,,,A,,ONS_GG_RECEIPTS,2026-06-18,2026-08-31,current,,,,,,,False,False,False,20260919T115610Z,derived D.2 - D.211
GBR_R02_strict,GBR,ESA_REV,R02,1,Other taxes on production and imports,2005,2005,CY,77815.0,GBP,1403249.0,ONS_GDP,5.545345,532688.0,ONS_GG_RECEIPTS,14.607988,strict,derived_actual,ONS_GG_RECEIPTS,2005.0,77815.0,,,,,,,,A,,ONS_GG_RECEIPTS,2026-06-18,2026-08-31,current,,,,,,,False,False,False,20260919T115610Z,derived D.2 - D.211
GBR_R02_strict,GBR,ESA_REV,R02,1,Other taxes on production and imports,2006,2006,CY,82801.0,GBP,1478080.0,ONS_GDP,5.60193,561010.0,ONS_GG_RECEIPTS,14.759273,strict,derived_actual,ONS_GG_RECEIPTS,2006.0,82801.0,,,,,,,,A,,ONS_GG_RECEIPTS,2026-06-18,2026-08-31,current,,,,,,,False,False,False,20260919T115610Z,derived D.2 - D.211
GBR_R02_strict,GBR,ESA_REV,R02,1,Other taxes on production and imports,2007,2007,CY,87706.0,GBP,1551729.0,ONS_GDP,5.652147,594042.0,ONS_GG_RECEIPTS,14.764276,strict,derived_actual,ONS_GG_RECEIPTS,2007.0,87706.0,,,,,,,,A,,ONS_GG_RECEIPTS,2026-06-18,2026-08-31,current,,,,,,,False,False,False,20260919T115610Z,derived D.2 - D.211
GBR_R02_strict,GBR,ESA_REV,R02,1,Other taxes on production and imports,2008,2008,CY,85578.0,GBP,1602217.0,ONS_GDP,5.341224,625274.0,ONS_GG_RECEIPTS,13.68648,strict,derived_actual,ONS_GG_RECEIPTS,2008.0,85578.0,,,,,,,,A,,ONS_GG_RECEIPTS,2026-06-18,2026-08-31,current,,,,,,,False,False,False,20260919T115610Z,derived D.2 - D.211
GBR_R02_strict,GBR,ESA_REV,R02,1,Other taxes on production and imports,2009,2009,CY,86732.0,GBP,1559405.0,ONS_GDP,5.561865,576520.0,ONS_GG_RECEIPTS,15.044057,strict,derived_actual,ONS_GG_RECEIPTS,2009.0,86732.0,,,,,,,,A,,ONS_GG_RECEIPTS,2026-06-18,2026-08-31,current,,,,,,,False,False,False,20260919T115610Z,derived D.2 - D.211
GBR_R02_strict,GBR,ESA_REV,R02,1,Other taxes on production and imports,2010,2010,CY,95712.0,GBP,1615839.0,ONS_GDP,5.923362,612140.0,ONS_GG_RECEIPTS,15.635639,strict,derived_actual,ONS_GG_RECEIPTS,2010.0,95712.0,,,,,,,,A,,ONS_GG_RECEIPTS,2026-06-18,2026-08-31,current,,,,,,,False,False,False,20260919T115610Z,derived D.2 - D.211
GBR_R02_strict,GBR,ESA_REV,R02,1,Other taxes on production and imports,2011,2011,CY,95898.0,GBP,1669945.0,ONS_GDP,5.742584,637367.0,ONS_GG_RECEIPTS,15.045963,strict,derived_actual,ONS_GG_RECEIPTS,2011.0,95898.0,,,,,,,,A,,ONS_GG_RECEIPTS,2026-06-18,2026-08-31,current,,,,,,,False,False,False,20260919T115610Z,derived D.2 - D.211
GBR_R02_strict,GBR,ESA_REV,R02,1,Other taxes on production and imports,2012,2012,CY,99532.0,GBP,1721708.0,ONS_GDP,5.781004,643820.0,ONS_GG_RECEIPTS,15.459601,strict,derived_actual,ONS_GG_RECEIPTS,2012.0,99532.0,,,,,,,,A,,ONS_GG_RECEIPTS,2026-06-18,2026-08-31,current,,,,,,,False,False,False,20260919T115610Z,derived D.2 - D.211
GBR_R02_strict,GBR,ESA_REV,R02,1,Other taxes on production and imports,2013,2013,CY,104382.0,GBP,1789072.0,ONS_GDP,5.834421,685641.0,ONS_GG_RECEIPTS,15.224002,strict,derived_actual,ONS_GG_RECEIPTS,2013.0,104382.0,,,,,,,,A,,ONS_GG_RECEIPTS,2026-06-18,2026-08-31,current,,,,,,,False,False,False,20260919T115610Z,derived D.2 - D.211
GBR_R02_strict,GBR,ESA_REV,R02,1,Other taxes on production and imports,2014,2014,CY,108851.0,GBP,1875066.0,ONS_GDP,5.805182,700490.0,ONS_GG_RECEIPTS,15.539265,strict,derived_actual,ONS_GG_RECEIPTS,2014.0,108851.0,,,,,,,,A,,ONS_GG_RECEIPTS,2026-06-18,2026-08-31,current,,,,,,,False,False,False,20260919T115610Z,derived D.2 - D.211
GBR_R02_strict,GBR,ESA_REV,R02,1,Other taxes on production and imports,2015,2015,CY,111746.0,GBP,1928016.0,ONS_GDP,5.795906,725144.0,ONS_GG_RECEIPTS,15.410181,strict,derived_actual,ONS_GG_RECEIPTS,2015.0,111746.0,,,,,,,,A,,ONS_GG_RECEIPTS,2026-06-18,2026-08-31,current,,,,,,,False,False,False,20260919T115610Z,derived D.2 - D.211
GBR_R02_strict,GBR,ESA_REV,R02,1,Other taxes on production and imports,2016,2016,CY,118155.0,GBP,2004755.0,ONS_GDP,5.893738,763115.0,ONS_GG_RECEIPTS,15.48325,strict,derived_actual,ONS_GG_RECEIPTS,2016.0,118155.0,,,,,,,,A,,ONS_GG_RECEIPTS,2026-06-18,2026-08-31,current,,,,,,,False,False,False,20260919T115610Z,derived D.2 - D.211
GBR_R02_strict,GBR,ESA_REV,R02,1,Other taxes on production and imports,2017,2017,CY,124223.0,GBP,2097222.0,ONS_GDP,5.923217,805501.0,ONS_GG_RECEIPTS,15.421831,strict,derived_actual,ONS_GG_RECEIPTS,2017.0,124223.0,,,,,,,,A,,ONS_GG_RECEIPTS,2026-06-18,2026-08-31,current,,,,,,,False,False,False,20260919T115610Z,derived D.2 - D.211
GBR_R02_strict,GBR,ESA_REV,R02,1,Other taxes on production and imports,2018,2018,CY,127173.0,GBP,2171559.0,ONS_GDP,5.8563,832110.0,ONS_GG_RECEIPTS,15.283196,strict,derived_actual,ONS_GG_RECEIPTS,2018.0,127173.0,,,,,,,,A,,ONS_GG_RECEIPTS,2026-06-18,2026-08-31,current,,,,,,,False,False,False,20260919T115610Z,derived D.2 - D.211
GBR_R02_strict,GBR,ESA_REV,R02,1,Other taxes on production and imports,2019,2019,CY,130030.0,GBP,2252961.0,ONS_GDP,5.771516,859047.0,ONS_GG_RECEIPTS,15.136541,strict,derived_actual,ONS_GG_RECEIPTS,2019.0,130030.0,,,,,,,,A,,ONS_GG_RECEIPTS,2026-06-18,2026-08-31,current,,,,,,,False,False,False,20260919T115610Z,derived D.2 - D.211
GBR_R02_strict,GBR,ESA_REV,R02,1,Other taxes on production and imports,2020,2020,CY,108621.0,GBP,2124720.0,ONS_GDP,5.11225,825490.0,ONS_GG_RECEIPTS,13.158367,strict,derived_actual,ONS_GG_RECEIPTS,2020.0,108621.0,,,,,,,,A,,ONS_GG_RECEIPTS,2026-06-18,2026-08-31,current,,,,,,,False,False,False,20260919T115610Z,derived D.2 - D.211
GBR_R02_strict,GBR,ESA_REV,R02,1,Other taxes on production and imports,2021,2021,CY,125766.0,GBP,2322652.0,ONS_GDP,5.414759,926020.0,ONS_GG_RECEIPTS,13.581348,strict,derived_actual,ONS_GG_RECEIPTS,2021.0,125766.0,,,,,,,,A,,ONS_GG_RECEIPTS,2026-06-18,2026-08-31,current,,,,,,,False,False,False,20260919T115610Z,derived D.2 - D.211
GBR_R02_strict,GBR,ESA_REV,R02,1,Other taxes on production and imports,2022,2022,CY,141724.0,GBP,2580949.0,ONS_GDP,5.491158,1056873.0,ONS_GG_RECEIPTS,13.409747,strict,derived_actual,ONS_GG_RECEIPTS,2022.0,141724.0,,,,,,,,A,,ONS_GG_RECEIPTS,2026-06-18,2026-08-31,current,,,,,,,False,False,False,20260919T115610Z,derived D.2 - D.211
GBR_R02_strict,GBR,ESA_REV,R02,1,Other taxes on production and imports,2023,2023,CY,140364.0,GBP,2752164.0,ONS_GDP,5.100132,1114183.0,ONS_GG_RECEIPTS,12.597931,strict,derived_actual,ONS_GG_RECEIPTS,2023.0,140364.0,,,,,,,,A,,ONS_GG_RECEIPTS,2026-06-18,2026-08-31,current,,,,,,,False,False,False,20260919T115610Z,derived D.2 - D.211
GBR_R02_strict,GBR,ESA_REV,R02,1,Other taxes on production and imports,2024,2024,CY,143964.0,GBP,2890254.0,ONS_GDP,4.981016,1162812.0,ONS_GG_RECEIPTS,12.380677,strict,derived_actual,ONS_GG_RECEIPTS,2024.0,143964.0,,,,,,,,A,,ONS_GG_RECEIPTS,2026-06-18,2026-08-31,current,,,,,,,False,False,False,20260919T115610Z,derived D.2 - D.211
GBR_R02_strict,GBR,ESA_REV,R02,1,Other taxes on production and imports,2025,2025,CY,149913.0,GBP,3033866.0,ONS_GDP,4.941319,1246259.0,ONS_GG_RECEIPTS,12.029041,strict,derived_actual,ONS_GG_RECEIPTS,2025.0,149913.0,,,,,,,,A,,ONS_GG_RECEIPTS,2026-06-18,2026-08-31,current,,,,,,,False,False,False,20260919T115610Z,derived D.2 - D.211
GBR_R03_strict,GBR,ESA_REV,R03,1,Taxes on household income,1990,1990,CY,59814.0,GBP,672977.0,ONS_GDP,8.887971,227587.0,ONS_GG_RECEIPTS,26.281818,strict,anchor_actual,ONS_GG_RECEIPTS,1990.0,59814.0,,,,,,,,A,,ONS_GG_RECEIPTS,2026-06-18,2026-08-31,current,,,,,59506.0,-0.5149,False,False,False,20260919T115610Z,D51M households incl. holding gains; crosswalk: NICs are D.61 not here
GBR_R03_strict,GBR,ESA_REV,R03,1,Taxes on household income,1991,1991,CY,64672.0,GBP,708072.0,ONS_GDP,9.133534,238031.0,ONS_GG_RECEIPTS,27.16957,strict,anchor_actual,ONS_GG_RECEIPTS,1991.0,64672.0,,,,,,,,A,,ONS_GG_RECEIPTS,2026-06-18,2026-08-31,current,,,,,60310.0,-6.7448,False,False,False,20260919T115610Z,D51M households incl. holding gains; crosswalk: NICs are D.61 not here
GBR_R03_strict,GBR,ESA_REV,R03,1,Taxes on household income,1992,1992,CY,67252.0,GBP,733221.0,ONS_GDP,9.172132,241577.0,ONS_GG_RECEIPTS,27.838743,strict,anchor_actual,ONS_GG_RECEIPTS,1992.0,67252.0,,,,,,,,A,,ONS_GG_RECEIPTS,2026-06-18,2026-08-31,current,,,,,62094.0,-7.6697,False,False,False,20260919T115610Z,D51M households incl. holding gains; crosswalk: NICs are D.61 not here
GBR_R03_strict,GBR,ESA_REV,R03,1,Taxes on household income,1993,1993,CY,65740.0,GBP,772390.0,ONS_GDP,8.511244,244677.0,ONS_GG_RECEIPTS,26.868075,strict,anchor_actual,ONS_GG_RECEIPTS,1993.0,65740.0,,,,,,,,A,,ONS_GG_RECEIPTS,2026-06-18,2026-08-31,current,,,,,61772.0,-6.0359,False,False,False,20260919T115610Z,D51M households incl. holding gains; crosswalk: NICs are D.61 not here
GBR_R03_strict,GBR,ESA_REV,R03,1,Taxes on household income,1994,1994,CY,69960.0,GBP,813527.0,ONS_GDP,8.599592,262194.0,ONS_GG_RECEIPTS,26.682533,strict,anchor_actual,ONS_GG_RECEIPTS,1994.0,69960.0,,,,,,,,A,,ONS_GG_RECEIPTS,2026-06-18,2026-08-31,current,,,,,66538.0,-4.8914,False,False,False,20260919T115610Z,D51M households incl. holding gains; crosswalk: NICs are D.61 not here
GBR_R03_strict,GBR,ESA_REV,R03,1,Taxes on household income,1995,1995,CY,74886.0,GBP,854921.0,ONS_GDP,8.759406,282664.0,ONS_GG_RECEIPTS,26.492939,strict,anchor_actual,ONS_GG_RECEIPTS,1995.0,74886.0,,,,,,,,A,,ONS_GG_RECEIPTS,2026-06-18,2026-08-31,current,,,,,71973.0,-3.8899,False,False,False,20260919T115610Z,D51M households incl. holding gains; crosswalk: NICs are D.61 not here
GBR_R03_strict,GBR,ESA_REV,R03,1,Taxes on household income,1996,1996,CY,74591.0,GBP,913609.0,ONS_GDP,8.164434,300002.0,ONS_GG_RECEIPTS,24.863501,strict,anchor_actual,ONS_GG_RECEIPTS,1996.0,74591.0,,,,,,,,A,,ONS_GG_RECEIPTS,2026-06-18,2026-08-31,current,,,,,72178.0,-3.235,False,False,False,20260919T115610Z,D51M households incl. holding gains; crosswalk: NICs are D.61 not here
GBR_R03_strict,GBR,ESA_REV,R03,1,Taxes on household income,1997,1997,CY,75598.0,GBP,958539.0,ONS_GDP,7.886794,322933.0,ONS_GG_RECEIPTS,23.409809,strict,anchor_actual,ONS_GG_RECEIPTS,1997.0,75598.0,,,,,,,,A,,ONS_GG_RECEIPTS,2026-06-18,2026-08-31,current,,,,,73007.0,-3.4273,False,False,False,20260919T115610Z,D51M households incl. holding gains; crosswalk: NICs are D.61 not here
GBR_R03_strict,GBR,ESA_REV,R03,1,Taxes on household income,1998,1998,CY,89534.0,GBP,1002804.0,ONS_GDP,8.928365,351490.0,ONS_GG_RECEIPTS,25.472702,strict,anchor_actual,ONS_GG_RECEIPTS,1998.0,89534.0,,,,,,,,A,,ONS_GG_RECEIPTS,2026-06-18,2026-08-31,current,,,,,87363.0,-2.4248,False,False,False,20260919T115610Z,D51M households incl. holding gains; crosswalk: NICs are D.61 not here
GBR_R03_strict,GBR,ESA_REV,R03,1,Taxes on household income,1999,1999,CY,96683.0,GBP,1046727.0,ONS_GDP,9.236697,372689.0,ONS_GG_RECEIPTS,25.942005,strict,anchor_actual,ONS_GG_RECEIPTS,1999.0,96683.0,,,,,,,,A,,ONS_GG_RECEIPTS,2026-06-18,2026-08-31,current,,,,,95050.0,-1.689,False,False,False,20260919T115610Z,D51M households incl. holding gains; crosswalk: NICs are D.61 not here
GBR_R03_strict,GBR,ESA_REV,R03,1,Taxes on household income,2000,2000,CY,105340.0,GBP,1104759.0,ONS_GDP,9.535111,402079.0,ONS_GG_RECEIPTS,26.198832,strict,anchor_actual,ONS_GG_RECEIPTS,2000.0,105340.0,,,,,,,,A,,ONS_GG_RECEIPTS,2026-06-18,2026-08-31,current,,,,,104136.0,-1.143,False,False,False,20260919T115610Z,D51M households incl. holding gains; crosswalk: NICs are D.61 not here
GBR_R03_strict,GBR,ESA_REV,R03,1,Taxes on household income,2001,2001,CY,111904.0,GBP,1150542.0,ONS_GDP,9.726199,417942.0,ONS_GG_RECEIPTS,26.775007,strict,anchor_actual,ONS_GG_RECEIPTS,2001.0,111904.0,,,,,,,,A,,ONS_GG_RECEIPTS,2026-06-18,2026-08-31,current,,,,,111061.0,-0.7533,False,False,False,20260919T115610Z,D51M households incl. holding gains; crosswalk: NICs are D.61 not here
GBR_R03_strict,GBR,ESA_REV,R03,1,Taxes on household income,2002,2002,CY,112176.0,GBP,1194646.0,ONS_GDP,9.389895,423991.0,ONS_GG_RECEIPTS,26.457165,strict,anchor_actual,ONS_GG_RECEIPTS,2002.0,112176.0,,,,,,,,A,,ONS_GG_RECEIPTS,2026-06-18,2026-08-31,current,,,,,111345.0,-0.7408,False,False,False,20260919T115610Z,D51M households incl. holding gains; crosswalk: NICs are D.61 not here
GBR_R03_strict,GBR,ESA_REV,R03,1,Taxes on household income,2003,2003,CY,115970.0,GBP,1262502.0,ONS_GDP,9.185728,447902.0,ONS_GG_RECEIPTS,25.891825,strict,anchor_actual,ONS_GG_RECEIPTS,2003.0,115970.0,,,,,,,,A,,ONS_GG_RECEIPTS,2026-06-18,2026-08-31,current,,,,,111729.0,-3.657,False,False,False,20260919T115610Z,D51M households incl. holding gains; crosswalk: NICs are D.61 not here
GBR_R03_strict,GBR,ESA_REV,R03,1,Taxes on household income,2004,2004,CY,124084.0,GBP,1327143.0,ONS_GDP,9.349708,488059.0,ONS_GG_RECEIPTS,25.423975,strict,anchor_actual,ONS_GG_RECEIPTS,2004.0,124084.0,,,,,,,,A,,ONS_GG_RECEIPTS,2026-06-18,2026-08-31,current,,,,,119665.0,-3.5613,False,False,False,20260919T115610Z,D51M households incl. holding gains; crosswalk: NICs are D.61 not here
GBR_R03_strict,GBR,ESA_REV,R03,1,Taxes on household income,2005,2005,CY,134611.0,GBP,1403249.0,ONS_GDP,9.592809,532688.0,ONS_GG_RECEIPTS,25.270139,strict,anchor_actual,ONS_GG_RECEIPTS,2005.0,134611.0,,,,,,,,A,,ONS_GG_RECEIPTS,2026-06-18,2026-08-31,current,,,,,130134.99999999999,-3.3251,False,False,False,20260919T115610Z,D51M households incl. holding gains; crosswalk: NICs are D.61 not here
GBR_R03_strict,GBR,ESA_REV,R03,1,Taxes on household income,2006,2006,CY,143927.0,GBP,1478080.0,ONS_GDP,9.73743,561010.0,ONS_GG_RECEIPTS,25.654979,strict,anchor_actual,ONS_GG_RECEIPTS,2006.0,143927.0,,,,,,,,A,,ONS_GG_RECEIPTS,2026-06-18,2026-08-31,current,,,,,139485.0,-3.0863,False,False,False,20260919T115610Z,D51M households incl. holding gains; crosswalk: NICs are D.61 not here
GBR_R03_strict,GBR,ESA_REV,R03,1,Taxes on household income,2007,2007,CY,155597.0,GBP,1551729.0,ONS_GDP,10.027331,594042.0,ONS_GG_RECEIPTS,26.192929,strict,anchor_actual,ONS_GG_RECEIPTS,2007.0,155597.0,,,,,,,,A,,ONS_GG_RECEIPTS,2026-06-18,2026-08-31,current,,,,,151157.0,-2.8535,False,False,False,20260919T115610Z,D51M households incl. holding gains; crosswalk: NICs are D.61 not here
GBR_R03_strict,GBR,ESA_REV,R03,1,Taxes on household income,2008,2008,CY,160121.0,GBP,1602217.0,ONS_GDP,9.993715,625274.0,ONS_GG_RECEIPTS,25.608133,strict,anchor_actual,ONS_GG_RECEIPTS,2008.0,160121.0,,,,,,,,A,,ONS_GG_RECEIPTS,2026-06-18,2026-08-31,current,,,,,154516.0,-3.5005,False,False,False,20260919T115610Z,D51M households incl. holding gains; crosswalk: NICs are D.61 not here
GBR_R03_strict,GBR,ESA_REV,R03,1,Taxes on household income,2009,2009,CY,151455.0,GBP,1559405.0,ONS_GDP,9.712358,576520.0,ONS_GG_RECEIPTS,26.270554,strict,anchor_actual,ONS_GG_RECEIPTS,2009.0,151455.0,,,,,,,,A,,ONS_GG_RECEIPTS,2026-06-18,2026-08-31,current,,,,,145838.0,-3.7087,False,False,False,20260919T115610Z,D51M households incl. holding gains; crosswalk: NICs are D.61 not here
GBR_R03_strict,GBR,ESA_REV,R03,1,Taxes on household income,2010,2010,CY,152569.0,GBP,1615839.0,ONS_GDP,9.442092,612140.0,ONS_GG_RECEIPTS,24.923874,strict,anchor_actual,ONS_GG_RECEIPTS,2010.0,152569.0,,,,,,,,A,,ONS_GG_RECEIPTS,2026-06-18,2026-08-31,current,,,,,147019.0,-3.6377,False,False,False,20260919T115610Z,D51M households incl. holding gains; crosswalk: NICs are D.61 not here
GBR_R03_strict,GBR,ESA_REV,R03,1,Taxes on household income,2011,2011,CY,157670.0,GBP,1669945.0,ONS_GDP,9.441628,637367.0,ONS_GG_RECEIPTS,24.73771,strict,anchor_actual,ONS_GG_RECEIPTS,2011.0,157670.0,,,,,,,,A,,ONS_GG_RECEIPTS,2026-06-18,2026-08-31,current,,,,,152953.0,-2.9917,False,False,False,20260919T115610Z,D51M households incl. holding gains; crosswalk: NICs are D.61 not here
GBR_R03_strict,GBR,ESA_REV,R03,1,Taxes on household income,2012,2012,CY,153796.0,GBP,1721708.0,ONS_GDP,8.932757,643820.0,ONS_GG_RECEIPTS,23.888043,strict,anchor_actual,ONS_GG_RECEIPTS,2012.0,153796.0,,,,,,,,A,,ONS_GG_RECEIPTS,2026-06-18,2026-08-31,current,,,,,150808.0,-1.9428,False,False,False,20260919T115610Z,D51M households incl. holding gains; crosswalk: NICs are D.61 not here
GBR_R03_strict,GBR,ESA_REV,R03,1,Taxes on household income,2013,2013,CY,159112.0,GBP,1789072.0,ONS_GDP,8.893549,685641.0,ONS_GG_RECEIPTS,23.206314,strict,anchor_actual,ONS_GG_RECEIPTS,2013.0,159112.0,,,,,,,,A,,ONS_GG_RECEIPTS,2026-06-18,2026-08-31,current,,,,,157446.0,-1.0471,False,False,False,20260919T115610Z,D51M households incl. holding gains; crosswalk: NICs are D.61 not here
GBR_R03_strict,GBR,ESA_REV,R03,1,Taxes on household income,2014,2014,CY,162783.0,GBP,1875066.0,ONS_GDP,8.681454,700490.0,ONS_GG_RECEIPTS,23.238447,strict,anchor_actual,ONS_GG_RECEIPTS,2014.0,162783.0,,,,,,,,A,,ONS_GG_RECEIPTS,2026-06-18,2026-08-31,current,,,,,160101.0,-1.6476,False,False,False,20260919T115610Z,D51M households incl. holding gains; crosswalk: NICs are D.61 not here
GBR_R03_strict,GBR,ESA_REV,R03,1,Taxes on household income,2015,2015,CY,171446.0,GBP,1928016.0,ONS_GDP,8.892354,725144.0,ONS_GG_RECEIPTS,23.643028,strict,anchor_actual,ONS_GG_RECEIPTS,2015.0,171446.0,,,,,,,,A,,ONS_GG_RECEIPTS,2026-06-18,2026-08-31,current,,,,,168901.455,-1.4842,False,False,False,20260919T115610Z,D51M households incl. holding gains; crosswalk: NICs are D.61 not here
GBR_R03_strict,GBR,ESA_REV,R03,1,Taxes on household income,2016,2016,CY,178607.0,GBP,2004755.0,ONS_GDP,8.909168,763115.0,ONS_GG_RECEIPTS,23.404991,strict,anchor_actual,ONS_GG_RECEIPTS,2016.0,178607.0,,,,,,,,A,,ONS_GG_RECEIPTS,2026-06-18,2026-08-31,current,,,,,176139.434,-1.3816,False,False,False,20260919T115610Z,D51M households incl. holding gains; crosswalk: NICs are D.61 not here
GBR_R03_strict,GBR,ESA_REV,R03,1,Taxes on household income,2017,2017,CY,188299.0,GBP,2097222.0,ONS_GDP,8.978496,805501.0,ONS_GG_RECEIPTS,23.376631,strict,anchor_actual,ONS_GG_RECEIPTS,2017.0,188299.0,,,,,,,,A,,ONS_GG_RECEIPTS,2026-06-18,2026-08-31,current,,,,,185961.55,-1.2414,False,False,False,20260919T115610Z,D51M households incl. holding gains; crosswalk: NICs are D.61 not here
GBR_R03_strict,GBR,ESA_REV,R03,1,Taxes on household income,2018,2018,CY,194815.0,GBP,2171559.0,ONS_GDP,8.971205,832110.0,ONS_GG_RECEIPTS,23.412169,strict,anchor_actual,ONS_GG_RECEIPTS,2018.0,194815.0,,,,,,,,A,,ONS_GG_RECEIPTS,2026-06-18,2026-08-31,current,,,,,192805.34900000002,-1.0316,False,False,False,20260919T115610Z,D51M households incl. holding gains; crosswalk: NICs are D.61 not here
GBR_R03_strict,GBR,ESA_REV,R03,1,Taxes on household income,2019,2019,CY,200074.0,GBP,2252961.0,ONS_GDP,8.880491,859047.0,ONS_GG_RECEIPTS,23.290227,strict,anchor_actual,ONS_GG_RECEIPTS,2019.0,200074.0,,,,,,,,A,,ONS_GG_RECEIPTS,2026-06-18,2026-08-31,current,,,,,198451.446,-0.811,False,False,False,20260919T115610Z,D51M households incl. holding gains; crosswalk: NICs are D.61 not here
GBR_R03_strict,GBR,ESA_REV,R03,1,Taxes on household income,2020,2020,CY,199543.0,GBP,2124720.0,ONS_GDP,9.391496,825490.0,ONS_GG_RECEIPTS,24.172673,strict,anchor_actual,ONS_GG_RECEIPTS,2020.0,199543.0,,,,,,,,A,,ONS_GG_RECEIPTS,2026-06-18,2026-08-31,current,,,,,198165.269,-0.6904,False,False,False,20260919T115610Z,D51M households incl. holding gains; crosswalk: NICs are D.61 not here
GBR_R03_strict,GBR,ESA_REV,R03,1,Taxes on household income,2021,2021,CY,228805.0,GBP,2322652.0,ONS_GDP,9.851024,926020.0,ONS_GG_RECEIPTS,24.70843,strict,anchor_actual,ONS_GG_RECEIPTS,2021.0,228805.0,,,,,,,,A,,ONS_GG_RECEIPTS,2026-06-18,2026-08-31,current,,,,,227871.611,-0.4079,False,False,False,20260919T115610Z,D51M households incl. holding gains; crosswalk: NICs are D.61 not here
GBR_R03_strict,GBR,ESA_REV,R03,1,Taxes on household income,2022,2022,CY,255277.0,GBP,2580949.0,ONS_GDP,9.890819,1056873.0,ONS_GG_RECEIPTS,24.15399,strict,anchor_actual,ONS_GG_RECEIPTS,2022.0,255277.0,,,,,,,,A,,ONS_GG_RECEIPTS,2026-06-18,2026-08-31,current,,,,,254474.465,-0.3144,False,False,False,20260919T115610Z,D51M households incl. holding gains; crosswalk: NICs are D.61 not here
GBR_R03_strict,GBR,ESA_REV,R03,1,Taxes on household income,2023,2023,CY,286182.0,GBP,2752164.0,ONS_GDP,10.398436,1114183.0,ONS_GG_RECEIPTS,25.685368,strict,anchor_actual,ONS_GG_RECEIPTS,2023.0,286182.0,,,,,,,,A,,ONS_GG_RECEIPTS,2026-06-18,2026-08-31,current,,,,,285936.11199999996,-0.0859,False,False,False,20260919T115610Z,D51M households incl. holding gains; crosswalk: NICs are D.61 not here
GBR_R03_strict,GBR,ESA_REV,R03,1,Taxes on household income,2024,2024,CY,308869.0,GBP,2890254.0,ONS_GDP,10.686569,1162812.0,ONS_GG_RECEIPTS,26.562247,strict,anchor_actual,ONS_GG_RECEIPTS,2024.0,308869.0,,,,,,,,A,,ONS_GG_RECEIPTS,2026-06-18,2026-08-31,current,,,,,307131.936,-0.5624,False,False,False,20260919T115610Z,D51M households incl. holding gains; crosswalk: NICs are D.61 not here
GBR_R03_strict,GBR,ESA_REV,R03,1,Taxes on household income,2025,2025,CY,334310.0,GBP,3033866.0,ONS_GDP,11.019274,1246259.0,ONS_GG_RECEIPTS,26.825082,strict,anchor_actual,ONS_GG_RECEIPTS,2025.0,334310.0,,,,,,,,A,,ONS_GG_RECEIPTS,2026-06-18,2026-08-31,current,,,,,,,False,False,False,20260919T115610Z,D51M households incl. holding gains; crosswalk: NICs are D.61 not here
GBR_R04_strict,GBR,ESA_REV,R04,1,Taxes on corporate income,1990,1990,CY,20070.0,GBP,672977.0,ONS_GDP,2.982271,227587.0,ONS_GG_RECEIPTS,8.818606,strict,anchor_actual,ONS_GG_RECEIPTS,1990.0,20070.0,,,,,,,,A,,ONS_GG_RECEIPTS,2026-06-18,2026-08-31,current,,,,,20070.0,0.0,False,False,False,20260919T115610Z,D51O corporations incl. holding gains
GBR_R04_strict,GBR,ESA_REV,R04,1,Taxes on corporate income,1991,1991,CY,16736.0,GBP,708072.0,ONS_GDP,2.363601,238031.0,ONS_GG_RECEIPTS,7.031017,strict,anchor_actual,ONS_GG_RECEIPTS,1991.0,16736.0,,,,,,,,A,,ONS_GG_RECEIPTS,2026-06-18,2026-08-31,current,,,,,16736.0,0.0,False,False,False,20260919T115610Z,D51O corporations incl. holding gains
GBR_R04_strict,GBR,ESA_REV,R04,1,Taxes on corporate income,1992,1992,CY,12976.0,GBP,733221.0,ONS_GDP,1.769726,241577.0,ONS_GG_RECEIPTS,5.371372,strict,anchor_actual,ONS_GG_RECEIPTS,1992.0,12976.0,,,,,,,,A,,ONS_GG_RECEIPTS,2026-06-18,2026-08-31,current,,,,,12976.0,0.0,False,False,False,20260919T115610Z,D51O corporations incl. holding gains
GBR_R04_strict,GBR,ESA_REV,R04,1,Taxes on corporate income,1993,1993,CY,12579.0,GBP,772390.0,ONS_GDP,1.628581,244677.0,ONS_GG_RECEIPTS,5.141064,strict,anchor_actual,ONS_GG_RECEIPTS,1993.0,12579.0,,,,,,,,A,,ONS_GG_RECEIPTS,2026-06-18,2026-08-31,current,,,,,12578.0,-0.0079,False,False,False,20260919T115610Z,D51O corporations incl. holding gains
GBR_R04_strict,GBR,ESA_REV,R04,1,Taxes on corporate income,1994,1994,CY,15398.0,GBP,813527.0,ONS_GDP,1.892746,262194.0,ONS_GG_RECEIPTS,5.872751,strict,anchor_actual,ONS_GG_RECEIPTS,1994.0,15398.0,,,,,,,,A,,ONS_GG_RECEIPTS,2026-06-18,2026-08-31,current,,,,,15398.0,0.0,False,False,False,20260919T115610Z,D51O corporations incl. holding gains
GBR_R04_strict,GBR,ESA_REV,R04,1,Taxes on corporate income,1995,1995,CY,20174.0,GBP,854921.0,ONS_GDP,2.35975,282664.0,ONS_GG_RECEIPTS,7.137096,strict,anchor_actual,ONS_GG_RECEIPTS,1995.0,20174.0,,,,,,,,A,,ONS_GG_RECEIPTS,2026-06-18,2026-08-31,current,,,,,20174.0,0.0,False,False,False,20260919T115610Z,D51O corporations incl. holding gains
GBR_R04_strict,GBR,ESA_REV,R04,1,Taxes on corporate income,1996,1996,CY,24726.0,GBP,913609.0,ONS_GDP,2.706409,300002.0,ONS_GG_RECEIPTS,8.241945,strict,anchor_actual,ONS_GG_RECEIPTS,1996.0,24726.0,,,,,,,,A,,ONS_GG_RECEIPTS,2026-06-18,2026-08-31,current,,,,,24726.0,0.0,False,False,False,20260919T115610Z,D51O corporations incl. holding gains
GBR_R04_strict,GBR,ESA_REV,R04,1,Taxes on corporate income,1997,1997,CY,32136.0,GBP,958539.0,ONS_GDP,3.352602,322933.0,ONS_GG_RECEIPTS,9.95129,strict,anchor_actual,ONS_GG_RECEIPTS,1997.0,32136.0,,,,,,,,A,,ONS_GG_RECEIPTS,2026-06-18,2026-08-31,current,,,,,31997.0,-0.4325,False,False,False,20260919T115610Z,D51O corporations incl. holding gains
GBR_R04_strict,GBR,ESA_REV,R04,1,Taxes on corporate income,1998,1998,CY,34149.0,GBP,1002804.0,ONS_GDP,3.405351,351490.0,ONS_GG_RECEIPTS,9.715497,strict,anchor_actual,ONS_GG_RECEIPTS,1998.0,34149.0,,,,,,,,A,,ONS_GG_RECEIPTS,2026-06-18,2026-08-31,current,,,,,34020.0,-0.3778,False,False,False,20260919T115610Z,D51O corporations incl. holding gains
GBR_R04_strict,GBR,ESA_REV,R04,1,Taxes on corporate income,1999,1999,CY,32869.0,GBP,1046727.0,ONS_GDP,3.140169,372689.0,ONS_GG_RECEIPTS,8.819418,strict,anchor_actual,ONS_GG_RECEIPTS,1999.0,32869.0,,,,,,,,A,,ONS_GG_RECEIPTS,2026-06-18,2026-08-31,current,,,,,32743.000000000004,-0.3833,False,False,False,20260919T115610Z,D51O corporations incl. holding gains
GBR_R04_strict,GBR,ESA_REV,R04,1,Taxes on corporate income,2000,2000,CY,38268.0,GBP,1104759.0,ONS_GDP,3.463923,402079.0,ONS_GG_RECEIPTS,9.517533,strict,anchor_actual,ONS_GG_RECEIPTS,2000.0,38268.0,,,,,,,,A,,ONS_GG_RECEIPTS,2026-06-18,2026-08-31,current,,,,,38205.0,-0.1646,False,False,False,20260919T115610Z,D51O corporations incl. holding gains
GBR_R04_strict,GBR,ESA_REV,R04,1,Taxes on corporate income,2001,2001,CY,34514.0,GBP,1150542.0,ONS_GDP,2.999804,417942.0,ONS_GG_RECEIPTS,8.258084,strict,anchor_actual,ONS_GG_RECEIPTS,2001.0,34514.0,,,,,,,,A,,ONS_GG_RECEIPTS,2026-06-18,2026-08-31,current,,,,,34255.0,-0.7504,False,False,False,20260919T115610Z,D51O corporations incl. holding gains
GBR_R04_strict,GBR,ESA_REV,R04,1,Taxes on corporate income,2002,2002,CY,31566.0,GBP,1194646.0,ONS_GDP,2.642289,423991.0,ONS_GG_RECEIPTS,7.444969,strict,anchor_actual,ONS_GG_RECEIPTS,2002.0,31566.0,,,,,,,,A,,ONS_GG_RECEIPTS,2026-06-18,2026-08-31,current,,,,,31274.0,-0.925,False,False,False,20260919T115610Z,D51O corporations incl. holding gains
GBR_R04_strict,GBR,ESA_REV,R04,1,Taxes on corporate income,2003,2003,CY,32112.0,GBP,1262502.0,ONS_GDP,2.543521,447902.0,ONS_GG_RECEIPTS,7.169425,strict,anchor_actual,ONS_GG_RECEIPTS,2003.0,32112.0,,,,,,,,A,,ONS_GG_RECEIPTS,2026-06-18,2026-08-31,current,,,,,31476.353,-1.9795,False,False,False,20260919T115610Z,D51O corporations incl. holding gains
GBR_R04_strict,GBR,ESA_REV,R04,1,Taxes on corporate income,2004,2004,CY,38792.0,GBP,1327143.0,ONS_GDP,2.922971,488059.0,ONS_GG_RECEIPTS,7.948219,strict,anchor_actual,ONS_GG_RECEIPTS,2004.0,38792.0,,,,,,,,A,,ONS_GG_RECEIPTS,2026-06-18,2026-08-31,current,,,,,38090.248,-1.809,False,False,False,20260919T115610Z,D51O corporations incl. holding gains
GBR_R04_strict,GBR,ESA_REV,R04,1,Taxes on corporate income,2005,2005,CY,47823.0,GBP,1403249.0,ONS_GDP,3.40802,532688.0,ONS_GG_RECEIPTS,8.977675,strict,anchor_actual,ONS_GG_RECEIPTS,2005.0,47823.0,,,,,,,,A,,ONS_GG_RECEIPTS,2026-06-18,2026-08-31,current,,,,,47032.72,-1.6525,False,False,False,20260919T115610Z,D51O corporations incl. holding gains
GBR_R04_strict,GBR,ESA_REV,R04,1,Taxes on corporate income,2006,2006,CY,51156.0,GBP,1478080.0,ONS_GDP,3.460976,561010.0,ONS_GG_RECEIPTS,9.118554,strict,anchor_actual,ONS_GG_RECEIPTS,2006.0,51156.0,,,,,,,,A,,ONS_GG_RECEIPTS,2026-06-18,2026-08-31,current,,,,,50288.379,-1.696,False,False,False,20260919T115610Z,D51O corporations incl. holding gains
GBR_R04_strict,GBR,ESA_REV,R04,1,Taxes on corporate income,2007,2007,CY,51166.0,GBP,1551729.0,ONS_GDP,3.297354,594042.0,ONS_GG_RECEIPTS,8.613196,strict,anchor_actual,ONS_GG_RECEIPTS,2007.0,51166.0,,,,,,,,A,,ONS_GG_RECEIPTS,2026-06-18,2026-08-31,current,,,,,50179.692,-1.9277,False,False,False,20260919T115610Z,D51O corporations incl. holding gains
GBR_R04_strict,GBR,ESA_REV,R04,1,Taxes on corporate income,2008,2008,CY,47038.0,GBP,1602217.0,ONS_GDP,2.935807,625274.0,ONS_GG_RECEIPTS,7.522782,strict,anchor_actual,ONS_GG_RECEIPTS,2008.0,47038.0,,,,,,,,A,,ONS_GG_RECEIPTS,2026-06-18,2026-08-31,current,,,,,45855.295,-2.5144,False,False,False,20260919T115610Z,D51O corporations incl. holding gains
GBR_R04_strict,GBR,ESA_REV,R04,1,Taxes on corporate income,2009,2009,CY,39970.0,GBP,1559405.0,ONS_GDP,2.563157,576520.0,ONS_GG_RECEIPTS,6.932977,strict,anchor_actual,ONS_GG_RECEIPTS,2009.0,39970.0,,,,,,,,A,,ONS_GG_RECEIPTS,2026-06-18,2026-08-31,current,,,,,38818.952000000005,-2.8798,False,False,False,20260919T115610Z,D51O corporations incl. holding gains
GBR_R04_strict,GBR,ESA_REV,R04,1,Taxes on corporate income,2010,2010,CY,47028.0,GBP,1615839.0,ONS_GDP,2.910438,612140.0,ONS_GG_RECEIPTS,7.682556,strict,anchor_actual,ONS_GG_RECEIPTS,2010.0,47028.0,,,,,,,,A,,ONS_GG_RECEIPTS,2026-06-18,2026-08-31,current,,,,,45752.504,-2.7122,False,False,False,20260919T115610Z,D51O corporations incl. holding gains
GBR_R04_strict,GBR,ESA_REV,R04,1,Taxes on corporate income,2011,2011,CY,46551.0,GBP,1669945.0,ONS_GDP,2.787577,637367.0,ONS_GG_RECEIPTS,7.303641,strict,anchor_actual,ONS_GG_RECEIPTS,2011.0,46551.0,,,,,,,,A,,ONS_GG_RECEIPTS,2026-06-18,2026-08-31,current,,,,,45217.0,-2.8657,False,False,False,20260919T115610Z,D51O corporations incl. holding gains
GBR_R04_strict,GBR,ESA_REV,R04,1,Taxes on corporate income,2012,2012,CY,44595.0,GBP,1721708.0,ONS_GDP,2.59016,643820.0,ONS_GG_RECEIPTS,6.926625,strict,anchor_actual,ONS_GG_RECEIPTS,2012.0,44595.0,,,,,,,,A,,ONS_GG_RECEIPTS,2026-06-18,2026-08-31,current,,,,,43220.0,-3.0833,False,False,False,20260919T115610Z,D51O corporations incl. holding gains
GBR_R04_strict,GBR,ESA_REV,R04,1,Taxes on corporate income,2013,2013,CY,44174.0,GBP,1789072.0,ONS_GDP,2.469101,685641.0,ONS_GG_RECEIPTS,6.44273,strict,anchor_actual,ONS_GG_RECEIPTS,2013.0,44174.0,,,,,,,,A,,ONS_GG_RECEIPTS,2026-06-18,2026-08-31,current,,,,,43201.0,-2.2027,False,False,False,20260919T115610Z,D51O corporations incl. holding gains
GBR_R04_strict,GBR,ESA_REV,R04,1,Taxes on corporate income,2014,2014,CY,46074.0,GBP,1875066.0,ONS_GDP,2.457194,700490.0,ONS_GG_RECEIPTS,6.577396,strict,anchor_actual,ONS_GG_RECEIPTS,2014.0,46074.0,,,,,,,,A,,ONS_GG_RECEIPTS,2026-06-18,2026-08-31,current,,,,,45026.0,-2.2746,False,False,False,20260919T115610Z,D51O corporations incl. holding gains
GBR_R04_strict,GBR,ESA_REV,R04,1,Taxes on corporate income,2015,2015,CY,45295.0,GBP,1928016.0,ONS_GDP,2.349306,725144.0,ONS_GG_RECEIPTS,6.246346,strict,anchor_actual,ONS_GG_RECEIPTS,2015.0,45295.0,,,,,,,,A,,ONS_GG_RECEIPTS,2026-06-18,2026-08-31,current,,,,,43826.0,-3.2432,False,False,False,20260919T115610Z,D51O corporations incl. holding gains
GBR_R04_strict,GBR,ESA_REV,R04,1,Taxes on corporate income,2016,2016,CY,53425.0,GBP,2004755.0,ONS_GDP,2.664914,763115.0,ONS_GG_RECEIPTS,7.000911,strict,anchor_actual,ONS_GG_RECEIPTS,2016.0,53425.0,,,,,,,,A,,ONS_GG_RECEIPTS,2026-06-18,2026-08-31,current,,,,,51611.0,-3.3954,False,False,False,20260919T115610Z,D51O corporations incl. holding gains
GBR_R04_strict,GBR,ESA_REV,R04,1,Taxes on corporate income,2017,2017,CY,56674.0,GBP,2097222.0,ONS_GDP,2.702337,805501.0,ONS_GG_RECEIPTS,7.03587,strict,anchor_actual,ONS_GG_RECEIPTS,2017.0,56674.0,,,,,,,,A,,ONS_GG_RECEIPTS,2026-06-18,2026-08-31,current,,,,,54619.0,-3.626,False,False,False,20260919T115610Z,D51O corporations incl. holding gains
GBR_R04_strict,GBR,ESA_REV,R04,1,Taxes on corporate income,2018,2018,CY,57390.0,GBP,2171559.0,ONS_GDP,2.642802,832110.0,ONS_GG_RECEIPTS,6.896925,strict,anchor_actual,ONS_GG_RECEIPTS,2018.0,57390.0,,,,,,,,A,,ONS_GG_RECEIPTS,2026-06-18,2026-08-31,current,,,,,54993.135,-4.1765,False,False,False,20260919T115610Z,D51O corporations incl. holding gains
GBR_R04_strict,GBR,ESA_REV,R04,1,Taxes on corporate income,2019,2019,CY,54568.0,GBP,2252961.0,ONS_GDP,2.422057,859047.0,ONS_GG_RECEIPTS,6.352155,strict,anchor_actual,ONS_GG_RECEIPTS,2019.0,54568.0,,,,,,,,A,,ONS_GG_RECEIPTS,2026-06-18,2026-08-31,current,,,,,51927.028,-4.8398,False,False,False,20260919T115610Z,D51O corporations incl. holding gains
GBR_R04_strict,GBR,ESA_REV,R04,1,Taxes on corporate income,2020,2020,CY,52746.0,GBP,2124720.0,ONS_GDP,2.482492,825490.0,ONS_GG_RECEIPTS,6.389659,strict,anchor_actual,ONS_GG_RECEIPTS,2020.0,52746.0,,,,,,,,A,,ONS_GG_RECEIPTS,2026-06-18,2026-08-31,current,,,,,50154.111,-4.9139,False,False,False,20260919T115610Z,D51O corporations incl. holding gains
GBR_R04_strict,GBR,ESA_REV,R04,1,Taxes on corporate income,2021,2021,CY,70160.0,GBP,2322652.0,ONS_GDP,3.020685,926020.0,ONS_GG_RECEIPTS,7.57651,strict,anchor_actual,ONS_GG_RECEIPTS,2021.0,70160.0,,,,,,,,A,,ONS_GG_RECEIPTS,2026-06-18,2026-08-31,current,,,,,67284.499,-4.0985,False,False,False,20260919T115610Z,D51O corporations incl. holding gains
GBR_R04_strict,GBR,ESA_REV,R04,1,Taxes on corporate income,2022,2022,CY,84095.0,GBP,2580949.0,ONS_GDP,3.258298,1056873.0,ONS_GG_RECEIPTS,7.956964,strict,anchor_actual,ONS_GG_RECEIPTS,2022.0,84095.0,,,,,,,,A,,ONS_GG_RECEIPTS,2026-06-18,2026-08-31,current,,,,,80962.47700000001,-3.725,False,False,False,20260919T115610Z,D51O corporations incl. holding gains
GBR_R04_strict,GBR,ESA_REV,R04,1,Taxes on corporate income,2023,2023,CY,94226.0,GBP,2752164.0,ONS_GDP,3.423706,1114183.0,ONS_GG_RECEIPTS,8.456959,strict,anchor_actual,ONS_GG_RECEIPTS,2023.0,94226.0,,,,,,,,A,,ONS_GG_RECEIPTS,2026-06-18,2026-08-31,current,,,,,91532.212,-2.8589,False,False,False,20260919T115610Z,D51O corporations incl. holding gains
GBR_R04_strict,GBR,ESA_REV,R04,1,Taxes on corporate income,2024,2024,CY,98215.0,GBP,2890254.0,ONS_GDP,3.398144,1162812.0,ONS_GG_RECEIPTS,8.446335,strict,anchor_actual,ONS_GG_RECEIPTS,2024.0,98215.0,,,,,,,,A,,ONS_GG_RECEIPTS,2026-06-18,2026-08-31,current,,,,,99027.92,0.8277,False,False,False,20260919T115610Z,D51O corporations incl. holding gains
GBR_R04_strict,GBR,ESA_REV,R04,1,Taxes on corporate income,2025,2025,CY,102821.0,GBP,3033866.0,ONS_GDP,3.389108,1246259.0,ONS_GG_RECEIPTS,8.250372,strict,anchor_actual,ONS_GG_RECEIPTS,2025.0,102821.0,,,,,,,,A,,ONS_GG_RECEIPTS,2026-06-18,2026-08-31,current,,,,,,,False,False,False,20260919T115610Z,D51O corporations incl. holding gains
GBR_R05_strict,GBR,ESA_REV,R05,1,Other current taxes and capital taxes,1990,1990,CY,16391.0,GBP,672977.0,ONS_GDP,2.435596,227587.0,ONS_GG_RECEIPTS,7.202081,strict,derived_actual,ONS_GG_RECEIPTS,1990.0,16391.0,,,,,,,,A,,ONS_GG_RECEIPTS,2026-06-18,2026-08-31,current,,,,,,,False,False,False,20260919T115610Z,derived D.5 - R03 - R04 + D.91 (D.59 inside D.5)
GBR_R05_strict,GBR,ESA_REV,R05,1,Other current taxes and capital taxes,1991,1991,CY,14011.0,GBP,708072.0,ONS_GDP,1.978754,238031.0,ONS_GG_RECEIPTS,5.886208,strict,derived_actual,ONS_GG_RECEIPTS,1991.0,14011.0,,,,,,,,A,,ONS_GG_RECEIPTS,2026-06-18,2026-08-31,current,,,,,,,False,False,False,20260919T115610Z,derived D.5 - R03 - R04 + D.91 (D.59 inside D.5)
GBR_R05_strict,GBR,ESA_REV,R05,1,Other current taxes and capital taxes,1992,1992,CY,13980.0,GBP,733221.0,ONS_GDP,1.906656,241577.0,ONS_GG_RECEIPTS,5.786975,strict,derived_actual,ONS_GG_RECEIPTS,1992.0,13980.0,,,,,,,,A,,ONS_GG_RECEIPTS,2026-06-18,2026-08-31,current,,,,,,,False,False,False,20260919T115610Z,derived D.5 - R03 - R04 + D.91 (D.59 inside D.5)
GBR_R05_strict,GBR,ESA_REV,R05,1,Other current taxes and capital taxes,1993,1993,CY,14278.0,GBP,772390.0,ONS_GDP,1.848548,244677.0,ONS_GG_RECEIPTS,5.835448,strict,derived_actual,ONS_GG_RECEIPTS,1993.0,14278.0,,,,,,,,A,,ONS_GG_RECEIPTS,2026-06-18,2026-08-31,current,,,,,,,False,False,False,20260919T115610Z,derived D.5 - R03 - R04 + D.91 (D.59 inside D.5)
GBR_R05_strict,GBR,ESA_REV,R05,1,Other current taxes and capital taxes,1994,1994,CY,15155.0,GBP,813527.0,ONS_GDP,1.862876,262194.0,ONS_GG_RECEIPTS,5.780071,strict,derived_actual,ONS_GG_RECEIPTS,1994.0,15155.0,,,,,,,,A,,ONS_GG_RECEIPTS,2026-06-18,2026-08-31,current,,,,,,,False,False,False,20260919T115610Z,derived D.5 - R03 - R04 + D.91 (D.59 inside D.5)
GBR_R05_strict,GBR,ESA_REV,R05,1,Other current taxes and capital taxes,1995,1995,CY,16052.0,GBP,854921.0,ONS_GDP,1.8776,282664.0,ONS_GG_RECEIPTS,5.678827,strict,derived_actual,ONS_GG_RECEIPTS,1995.0,16052.0,,,,,,,,A,,ONS_GG_RECEIPTS,2026-06-18,2026-08-31,current,,,,,,,False,False,False,20260919T115610Z,derived D.5 - R03 - R04 + D.91 (D.59 inside D.5)
GBR_R05_strict,GBR,ESA_REV,R05,1,Other current taxes and capital taxes,1996,1996,CY,17271.0,GBP,913609.0,ONS_GDP,1.890415,300002.0,ONS_GG_RECEIPTS,5.756962,strict,derived_actual,ONS_GG_RECEIPTS,1996.0,17271.0,,,,,,,,A,,ONS_GG_RECEIPTS,2026-06-18,2026-08-31,current,,,,,,,False,False,False,20260919T115610Z,derived D.5 - R03 - R04 + D.91 (D.59 inside D.5)
GBR_R05_strict,GBR,ESA_REV,R05,1,Other current taxes and capital taxes,1997,1997,CY,19059.0,GBP,958539.0,ONS_GDP,1.988339,322933.0,ONS_GG_RECEIPTS,5.901843,strict,derived_actual,ONS_GG_RECEIPTS,1997.0,19059.0,,,,,,,,A,,ONS_GG_RECEIPTS,2026-06-18,2026-08-31,current,,,,,,,False,False,False,20260919T115610Z,derived D.5 - R03 - R04 + D.91 (D.59 inside D.5)
GBR_R05_strict,GBR,ESA_REV,R05,1,Other current taxes and capital taxes,1998,1998,CY,20912.0,GBP,1002804.0,ONS_GDP,2.085353,351490.0,ONS_GG_RECEIPTS,5.949529,strict,derived_actual,ONS_GG_RECEIPTS,1998.0,20912.0,,,,,,,,A,,ONS_GG_RECEIPTS,2026-06-18,2026-08-31,current,,,,,,,False,False,False,20260919T115610Z,derived D.5 - R03 - R04 + D.91 (D.59 inside D.5)
GBR_R05_strict,GBR,ESA_REV,R05,1,Other current taxes and capital taxes,1999,1999,CY,22458.0,GBP,1046727.0,ONS_GDP,2.145545,372689.0,ONS_GG_RECEIPTS,6.025936,strict,derived_actual,ONS_GG_RECEIPTS,1999.0,22458.0,,,,,,,,A,,ONS_GG_RECEIPTS,2026-06-18,2026-08-31,current,,,,,,,False,False,False,20260919T115610Z,derived D.5 - R03 - R04 + D.91 (D.59 inside D.5)
GBR_R05_strict,GBR,ESA_REV,R05,1,Other current taxes and capital taxes,2000,2000,CY,22981.0,GBP,1104759.0,ONS_GDP,2.080182,402079.0,ONS_GG_RECEIPTS,5.715543,strict,derived_actual,ONS_GG_RECEIPTS,2000.0,22981.0,,,,,,,,A,,ONS_GG_RECEIPTS,2026-06-18,2026-08-31,current,,,,,,,False,False,False,20260919T115610Z,derived D.5 - R03 - R04 + D.91 (D.59 inside D.5)
GBR_R05_strict,GBR,ESA_REV,R05,1,Other current taxes and capital taxes,2001,2001,CY,24574.0,GBP,1150542.0,ONS_GDP,2.135863,417942.0,ONS_GG_RECEIPTS,5.879763,strict,derived_actual,ONS_GG_RECEIPTS,2001.0,24574.0,,,,,,,,A,,ONS_GG_RECEIPTS,2026-06-18,2026-08-31,current,,,,,,,False,False,False,20260919T115610Z,derived D.5 - R03 - R04 + D.91 (D.59 inside D.5)
GBR_R05_strict,GBR,ESA_REV,R05,1,Other current taxes and capital taxes,2002,2002,CY,26270.0,GBP,1194646.0,ONS_GDP,2.198978,423991.0,ONS_GG_RECEIPTS,6.195886,strict,derived_actual,ONS_GG_RECEIPTS,2002.0,26270.0,,,,,,,,A,,ONS_GG_RECEIPTS,2026-06-18,2026-08-31,current,,,,,,,False,False,False,20260919T115610Z,derived D.5 - R03 - R04 + D.91 (D.59 inside D.5)
GBR_R05_strict,GBR,ESA_REV,R05,1,Other current taxes and capital taxes,2003,2003,CY,28891.0,GBP,1262502.0,ONS_GDP,2.288392,447902.0,ONS_GG_RECEIPTS,6.450295,strict,derived_actual,ONS_GG_RECEIPTS,2003.0,28891.0,,,,,,,,A,,ONS_GG_RECEIPTS,2026-06-18,2026-08-31,current,,,,,,,False,False,False,20260919T115610Z,derived D.5 - R03 - R04 + D.91 (D.59 inside D.5)
GBR_R05_strict,GBR,ESA_REV,R05,1,Other current taxes and capital taxes,2004,2004,CY,31118.0,GBP,1327143.0,ONS_GDP,2.344736,488059.0,ONS_GG_RECEIPTS,6.375868,strict,derived_actual,ONS_GG_RECEIPTS,2004.0,31118.0,,,,,,,,A,,ONS_GG_RECEIPTS,2026-06-18,2026-08-31,current,,,,,,,False,False,False,20260919T115610Z,derived D.5 - R03 - R04 + D.91 (D.59 inside D.5)
GBR_R05_strict,GBR,ESA_REV,R05,1,Other current taxes and capital taxes,2005,2005,CY,32891.0,GBP,1403249.0,ONS_GDP,2.343918,532688.0,ONS_GG_RECEIPTS,6.174534,strict,derived_actual,ONS_GG_RECEIPTS,2005.0,32891.0,,,,,,,,A,,ONS_GG_RECEIPTS,2026-06-18,2026-08-31,current,,,,,,,False,False,False,20260919T115610Z,derived D.5 - R03 - R04 + D.91 (D.59 inside D.5)
GBR_R05_strict,GBR,ESA_REV,R05,1,Other current taxes and capital taxes,2006,2006,CY,34868.0,GBP,1478080.0,ONS_GDP,2.359006,561010.0,ONS_GG_RECEIPTS,6.215219,strict,derived_actual,ONS_GG_RECEIPTS,2006.0,34868.0,,,,,,,,A,,ONS_GG_RECEIPTS,2026-06-18,2026-08-31,current,,,,,,,False,False,False,20260919T115610Z,derived D.5 - R03 - R04 + D.91 (D.59 inside D.5)
GBR_R05_strict,GBR,ESA_REV,R05,1,Other current taxes and capital taxes,2007,2007,CY,37318.0,GBP,1551729.0,ONS_GDP,2.40493,594042.0,ONS_GG_RECEIPTS,6.282047,strict,derived_actual,ONS_GG_RECEIPTS,2007.0,37318.0,,,,,,,,A,,ONS_GG_RECEIPTS,2026-06-18,2026-08-31,current,,,,,,,False,False,False,20260919T115610Z,derived D.5 - R03 - R04 + D.91 (D.59 inside D.5)
GBR_R05_strict,GBR,ESA_REV,R05,1,Other current taxes and capital taxes,2008,2008,CY,60165.0,GBP,1602217.0,ONS_GDP,3.755109,625274.0,ONS_GG_RECEIPTS,9.622182,strict,derived_actual,ONS_GG_RECEIPTS,2008.0,60165.0,,,,,,,,A,,ONS_GG_RECEIPTS,2026-06-18,2026-08-31,current,,,,,,,False,False,False,20260919T115610Z,derived D.5 - R03 - R04 + D.91 (D.59 inside D.5)
GBR_R05_strict,GBR,ESA_REV,R05,1,Other current taxes and capital taxes,2009,2009,CY,40343.0,GBP,1559405.0,ONS_GDP,2.587076,576520.0,ONS_GG_RECEIPTS,6.997676,strict,derived_actual,ONS_GG_RECEIPTS,2009.0,40343.0,,,,,,,,A,,ONS_GG_RECEIPTS,2026-06-18,2026-08-31,current,,,,,,,False,False,False,20260919T115610Z,derived D.5 - R03 - R04 + D.91 (D.59 inside D.5)
GBR_R05_strict,GBR,ESA_REV,R05,1,Other current taxes and capital taxes,2010,2010,CY,39885.0,GBP,1615839.0,ONS_GDP,2.468377,612140.0,ONS_GG_RECEIPTS,6.515666,strict,derived_actual,ONS_GG_RECEIPTS,2010.0,39885.0,,,,,,,,A,,ONS_GG_RECEIPTS,2026-06-18,2026-08-31,current,,,,,,,False,False,False,20260919T115610Z,derived D.5 - R03 - R04 + D.91 (D.59 inside D.5)
GBR_R05_strict,GBR,ESA_REV,R05,1,Other current taxes and capital taxes,2011,2011,CY,42519.0,GBP,1669945.0,ONS_GDP,2.546132,637367.0,ONS_GG_RECEIPTS,6.671039,strict,derived_actual,ONS_GG_RECEIPTS,2011.0,42519.0,,,,,,,,A,,ONS_GG_RECEIPTS,2026-06-18,2026-08-31,current,,,,,,,False,False,False,20260919T115610Z,derived D.5 - R03 - R04 + D.91 (D.59 inside D.5)
GBR_R05_strict,GBR,ESA_REV,R05,1,Other current taxes and capital taxes,2012,2012,CY,42838.0,GBP,1721708.0,ONS_GDP,2.488111,643820.0,ONS_GG_RECEIPTS,6.653723,strict,derived_actual,ONS_GG_RECEIPTS,2012.0,42838.0,,,,,,,,A,,ONS_GG_RECEIPTS,2026-06-18,2026-08-31,current,,,,,,,False,False,False,20260919T115610Z,derived D.5 - R03 - R04 + D.91 (D.59 inside D.5)
GBR_R05_strict,GBR,ESA_REV,R05,1,Other current taxes and capital taxes,2013,2013,CY,46320.0,GBP,1789072.0,ONS_GDP,2.589052,685641.0,ONS_GG_RECEIPTS,6.755722,strict,derived_actual,ONS_GG_RECEIPTS,2013.0,46320.0,,,,,,,,A,,ONS_GG_RECEIPTS,2026-06-18,2026-08-31,current,,,,,,,False,False,False,20260919T115610Z,derived D.5 - R03 - R04 + D.91 (D.59 inside D.5)
GBR_R05_strict,GBR,ESA_REV,R05,1,Other current taxes and capital taxes,2014,2014,CY,46887.0,GBP,1875066.0,ONS_GDP,2.500552,700490.0,ONS_GG_RECEIPTS,6.693457,strict,derived_actual,ONS_GG_RECEIPTS,2014.0,46887.0,,,,,,,,A,,ONS_GG_RECEIPTS,2026-06-18,2026-08-31,current,,,,,,,False,False,False,20260919T115610Z,derived D.5 - R03 - R04 + D.91 (D.59 inside D.5)
GBR_R05_strict,GBR,ESA_REV,R05,1,Other current taxes and capital taxes,2015,2015,CY,48812.0,GBP,1928016.0,ONS_GDP,2.531722,725144.0,ONS_GG_RECEIPTS,6.731353,strict,derived_actual,ONS_GG_RECEIPTS,2015.0,48812.0,,,,,,,,A,,ONS_GG_RECEIPTS,2026-06-18,2026-08-31,current,,,,,,,False,False,False,20260919T115610Z,derived D.5 - R03 - R04 + D.91 (D.59 inside D.5)
GBR_R05_strict,GBR,ESA_REV,R05,1,Other current taxes and capital taxes,2016,2016,CY,50690.0,GBP,2004755.0,ONS_GDP,2.528489,763115.0,ONS_GG_RECEIPTS,6.642511,strict,derived_actual,ONS_GG_RECEIPTS,2016.0,50690.0,,,,,,,,A,,ONS_GG_RECEIPTS,2026-06-18,2026-08-31,current,,,,,,,False,False,False,20260919T115610Z,derived D.5 - R03 - R04 + D.91 (D.59 inside D.5)
GBR_R05_strict,GBR,ESA_REV,R05,1,Other current taxes and capital taxes,2017,2017,CY,53106.0,GBP,2097222.0,ONS_GDP,2.532207,805501.0,ONS_GG_RECEIPTS,6.592915,strict,derived_actual,ONS_GG_RECEIPTS,2017.0,53106.0,,,,,,,,A,,ONS_GG_RECEIPTS,2026-06-18,2026-08-31,current,,,,,,,False,False,False,20260919T115610Z,derived D.5 - R03 - R04 + D.91 (D.59 inside D.5)
GBR_R05_strict,GBR,ESA_REV,R05,1,Other current taxes and capital taxes,2018,2018,CY,56061.0,GBP,2171559.0,ONS_GDP,2.581602,832110.0,ONS_GG_RECEIPTS,6.73721,strict,derived_actual,ONS_GG_RECEIPTS,2018.0,56061.0,,,,,,,,A,,ONS_GG_RECEIPTS,2026-06-18,2026-08-31,current,,,,,,,False,False,False,20260919T115610Z,derived D.5 - R03 - R04 + D.91 (D.59 inside D.5)
GBR_R05_strict,GBR,ESA_REV,R05,1,Other current taxes and capital taxes,2019,2019,CY,58636.0,GBP,2252961.0,ONS_GDP,2.602619,859047.0,ONS_GG_RECEIPTS,6.825703,strict,derived_actual,ONS_GG_RECEIPTS,2019.0,58636.0,,,,,,,,A,,ONS_GG_RECEIPTS,2026-06-18,2026-08-31,current,,,,,,,False,False,False,20260919T115610Z,derived D.5 - R03 - R04 + D.91 (D.59 inside D.5)
GBR_R05_strict,GBR,ESA_REV,R05,1,Other current taxes and capital taxes,2020,2020,CY,59227.0,GBP,2124720.0,ONS_GDP,2.78752,825490.0,ONS_GG_RECEIPTS,7.174769,strict,derived_actual,ONS_GG_RECEIPTS,2020.0,59227.0,,,,,,,,A,,ONS_GG_RECEIPTS,2026-06-18,2026-08-31,current,,,,,,,False,False,False,20260919T115610Z,derived D.5 - R03 - R04 + D.91 (D.59 inside D.5)
GBR_R05_strict,GBR,ESA_REV,R05,1,Other current taxes and capital taxes,2021,2021,CY,61595.0,GBP,2322652.0,ONS_GDP,2.651925,926020.0,ONS_GG_RECEIPTS,6.651584,strict,derived_actual,ONS_GG_RECEIPTS,2021.0,61595.0,,,,,,,,A,,ONS_GG_RECEIPTS,2026-06-18,2026-08-31,current,,,,,,,False,False,False,20260919T115610Z,derived D.5 - R03 - R04 + D.91 (D.59 inside D.5)
GBR_R05_strict,GBR,ESA_REV,R05,1,Other current taxes and capital taxes,2022,2022,CY,65079.0,GBP,2580949.0,ONS_GDP,2.521514,1056873.0,ONS_GG_RECEIPTS,6.157693,strict,derived_actual,ONS_GG_RECEIPTS,2022.0,65079.0,,,,,,,,A,,ONS_GG_RECEIPTS,2026-06-18,2026-08-31,current,,,,,,,False,False,False,20260919T115610Z,derived D.5 - R03 - R04 + D.91 (D.59 inside D.5)
GBR_R05_strict,GBR,ESA_REV,R05,1,Other current taxes and capital taxes,2023,2023,CY,69211.0,GBP,2752164.0,ONS_GDP,2.514785,1114183.0,ONS_GG_RECEIPTS,6.211816,strict,derived_actual,ONS_GG_RECEIPTS,2023.0,69211.0,,,,,,,,A,,ONS_GG_RECEIPTS,2026-06-18,2026-08-31,current,,,,,,,False,False,False,20260919T115610Z,derived D.5 - R03 - R04 + D.91 (D.59 inside D.5)
GBR_R05_strict,GBR,ESA_REV,R05,1,Other current taxes and capital taxes,2024,2024,CY,73485.0,GBP,2890254.0,ONS_GDP,2.54251,1162812.0,ONS_GG_RECEIPTS,6.319594,strict,derived_actual,ONS_GG_RECEIPTS,2024.0,73485.0,,,,,,,,A,,ONS_GG_RECEIPTS,2026-06-18,2026-08-31,current,,,,,,,False,False,False,20260919T115610Z,derived D.5 - R03 - R04 + D.91 (D.59 inside D.5)
GBR_R05_strict,GBR,ESA_REV,R05,1,Other current taxes and capital taxes,2025,2025,CY,78769.0,GBP,3033866.0,ONS_GDP,2.596324,1246259.0,ONS_GG_RECEIPTS,6.320436,strict,derived_actual,ONS_GG_RECEIPTS,2025.0,78769.0,,,,,,,,A,,ONS_GG_RECEIPTS,2026-06-18,2026-08-31,current,,,,,,,False,False,False,20260919T115610Z,derived D.5 - R03 - R04 + D.91 (D.59 inside D.5)
GBR_R06_strict,GBR,ESA_REV,R06,1,Net social contributions,1990,1990,CY,42082.0,GBP,672977.0,ONS_GDP,6.253111,227587.0,ONS_GG_RECEIPTS,18.490511,strict,anchor_actual,ONS_GG_RECEIPTS,1990.0,42082.0,,,,,,,,A,,ONS_GG_RECEIPTS,2026-06-18,2026-08-31,current,,,,,34457.0,-18.1194,False,False,False,20260919T115610Z,NICs are D.61 (§14)
GBR_R06_strict,GBR,ESA_REV,R06,1,Net social contributions,1991,1991,CY,44700.0,GBP,708072.0,ONS_GDP,6.312917,238031.0,ONS_GG_RECEIPTS,18.779067,strict,anchor_actual,ONS_GG_RECEIPTS,1991.0,44700.0,,,,,,,,A,,ONS_GG_RECEIPTS,2026-06-18,2026-08-31,current,,,,,36193.0,-19.0313,False,False,False,20260919T115610Z,NICs are D.61 (§14)
GBR_R06_strict,GBR,ESA_REV,R06,1,Net social contributions,1992,1992,CY,46230.0,GBP,733221.0,ONS_GDP,6.305057,241577.0,ONS_GG_RECEIPTS,19.136756,strict,anchor_actual,ONS_GG_RECEIPTS,1992.0,46230.0,,,,,,,,A,,ONS_GG_RECEIPTS,2026-06-18,2026-08-31,current,,,,,37006.0,-19.9524,False,False,False,20260919T115610Z,NICs are D.61 (§14)
GBR_R06_strict,GBR,ESA_REV,R06,1,Net social contributions,1993,1993,CY,48652.0,GBP,772390.0,ONS_GDP,6.29889,244677.0,ONS_GG_RECEIPTS,19.884174,strict,anchor_actual,ONS_GG_RECEIPTS,1993.0,48652.0,,,,,,,,A,,ONS_GG_RECEIPTS,2026-06-18,2026-08-31,current,,,,,39258.0,-19.3086,False,False,False,20260919T115610Z,NICs are D.61 (§14)
GBR_R06_strict,GBR,ESA_REV,R06,1,Net social contributions,1994,1994,CY,51373.0,GBP,813527.0,ONS_GDP,6.314849,262194.0,ONS_GG_RECEIPTS,19.593507,strict,anchor_actual,ONS_GG_RECEIPTS,1994.0,51373.0,,,,,,,,A,,ONS_GG_RECEIPTS,2026-06-18,2026-08-31,current,,,,,42066.0,-18.1165,False,False,False,20260919T115610Z,NICs are D.61 (§14)
GBR_R06_strict,GBR,ESA_REV,R06,1,Net social contributions,1995,1995,CY,53960.0,GBP,854921.0,ONS_GDP,6.311694,282664.0,ONS_GG_RECEIPTS,19.089803,strict,anchor_actual,ONS_GG_RECEIPTS,1995.0,53960.0,,,,,,,,A,,ONS_GG_RECEIPTS,2026-06-18,2026-08-31,current,,,,,44397.0,-17.7224,False,False,False,20260919T115610Z,NICs are D.61 (§14)
GBR_R06_strict,GBR,ESA_REV,R06,1,Net social contributions,1996,1996,CY,57288.0,GBP,913609.0,ONS_GDP,6.270516,300002.0,ONS_GG_RECEIPTS,19.095873,strict,anchor_actual,ONS_GG_RECEIPTS,1996.0,57288.0,,,,,,,,A,,ONS_GG_RECEIPTS,2026-06-18,2026-08-31,current,,,,,46499.0,-18.8329,False,False,False,20260919T115610Z,NICs are D.61 (§14)
GBR_R06_strict,GBR,ESA_REV,R06,1,Net social contributions,1997,1997,CY,61147.0,GBP,958539.0,ONS_GDP,6.379187,322933.0,ONS_GG_RECEIPTS,18.934887,strict,anchor_actual,ONS_GG_RECEIPTS,1997.0,61147.0,,,,,,,,A,,ONS_GG_RECEIPTS,2026-06-18,2026-08-31,current,,,,,50606.0,-17.2388,False,False,False,20260919T115610Z,NICs are D.61 (§14)
GBR_R06_strict,GBR,ESA_REV,R06,1,Net social contributions,1998,1998,CY,63643.0,GBP,1002804.0,ONS_GDP,6.346504,351490.0,ONS_GG_RECEIPTS,18.106632,strict,anchor_actual,ONS_GG_RECEIPTS,1998.0,63643.0,,,,,,,,A,,ONS_GG_RECEIPTS,2026-06-18,2026-08-31,current,,,,,52988.0,-16.7418,False,False,False,20260919T115610Z,NICs are D.61 (§14)
GBR_R06_strict,GBR,ESA_REV,R06,1,Net social contributions,1999,1999,CY,68333.0,GBP,1046727.0,ONS_GDP,6.528254,372689.0,ONS_GG_RECEIPTS,18.335127,strict,anchor_actual,ONS_GG_RECEIPTS,1999.0,68333.0,,,,,,,,A,,ONS_GG_RECEIPTS,2026-06-18,2026-08-31,current,,,,,56742.0,-16.9625,False,False,False,20260919T115610Z,NICs are D.61 (§14)
GBR_R06_strict,GBR,ESA_REV,R06,1,Net social contributions,2000,2000,CY,73068.0,GBP,1104759.0,ONS_GDP,6.613931,402079.0,ONS_GG_RECEIPTS,18.172548,strict,anchor_actual,ONS_GG_RECEIPTS,2000.0,73068.0,,,,,,,,A,,ONS_GG_RECEIPTS,2026-06-18,2026-08-31,current,,,,,60252.0,-17.5398,False,False,False,20260919T115610Z,NICs are D.61 (§14)
GBR_R06_strict,GBR,ESA_REV,R06,1,Net social contributions,2001,2001,CY,77357.0,GBP,1150542.0,ONS_GDP,6.723527,417942.0,ONS_GG_RECEIPTS,18.509028,strict,anchor_actual,ONS_GG_RECEIPTS,2001.0,77357.0,,,,,,,,A,,ONS_GG_RECEIPTS,2026-06-18,2026-08-31,current,,,,,63125.0,-18.3978,False,False,False,20260919T115610Z,NICs are D.61 (§14)
GBR_R06_strict,GBR,ESA_REV,R06,1,Net social contributions,2002,2002,CY,79128.0,GBP,1194646.0,ONS_GDP,6.623552,423991.0,ONS_GG_RECEIPTS,18.66266,strict,anchor_actual,ONS_GG_RECEIPTS,2002.0,79128.0,,,,,,,,A,,ONS_GG_RECEIPTS,2026-06-18,2026-08-31,current,,,,,63410.0,-19.864,False,False,False,20260919T115610Z,NICs are D.61 (§14)
GBR_R06_strict,GBR,ESA_REV,R06,1,Net social contributions,2003,2003,CY,88359.0,GBP,1262502.0,ONS_GDP,6.998722,447902.0,ONS_GG_RECEIPTS,19.727306,strict,anchor_actual,ONS_GG_RECEIPTS,2003.0,88359.0,,,,,,,,A,,ONS_GG_RECEIPTS,2026-06-18,2026-08-31,current,,,,,71540.0,-19.0348,False,False,False,20260919T115610Z,NICs are D.61 (§14)
GBR_R06_strict,GBR,ESA_REV,R06,1,Net social contributions,2004,2004,CY,97872.0,GBP,1327143.0,ONS_GDP,7.374639,488059.0,ONS_GG_RECEIPTS,20.053313,strict,anchor_actual,ONS_GG_RECEIPTS,2004.0,97872.0,,,,,,,,A,,ONS_GG_RECEIPTS,2026-06-18,2026-08-31,current,,,,,79224.0,-19.0535,False,False,False,20260919T115610Z,NICs are D.61 (§14)
GBR_R06_strict,GBR,ESA_REV,R06,1,Net social contributions,2005,2005,CY,105538.0,GBP,1403249.0,ONS_GDP,7.520975,532688.0,ONS_GG_RECEIPTS,19.812348,strict,anchor_actual,ONS_GG_RECEIPTS,2005.0,105538.0,,,,,,,,A,,ONS_GG_RECEIPTS,2026-06-18,2026-08-31,current,,,,,84459.0,-19.9729,False,False,False,20260919T115610Z,NICs are D.61 (§14)
GBR_R06_strict,GBR,ESA_REV,R06,1,Net social contributions,2006,2006,CY,111417.0,GBP,1478080.0,ONS_GDP,7.537955,561010.0,ONS_GG_RECEIPTS,19.860074,strict,anchor_actual,ONS_GG_RECEIPTS,2006.0,111417.0,,,,,,,,A,,ONS_GG_RECEIPTS,2026-06-18,2026-08-31,current,,,,,89550.0,-19.6263,False,False,False,20260919T115610Z,NICs are D.61 (§14)
GBR_R06_strict,GBR,ESA_REV,R06,1,Net social contributions,2007,2007,CY,116146.0,GBP,1551729.0,ONS_GDP,7.484941,594042.0,ONS_GG_RECEIPTS,19.551816,strict,anchor_actual,ONS_GG_RECEIPTS,2007.0,116146.0,,,,,,,,A,,ONS_GG_RECEIPTS,2026-06-18,2026-08-31,current,,,,,93210.0,-19.7476,False,False,False,20260919T115610Z,NICs are D.61 (§14)
GBR_R06_strict,GBR,ESA_REV,R06,1,Net social contributions,2008,2008,CY,122024.0,GBP,1602217.0,ONS_GDP,7.615947,625274.0,ONS_GG_RECEIPTS,19.515284,strict,anchor_actual,ONS_GG_RECEIPTS,2008.0,122024.0,,,,,,,,A,,ONS_GG_RECEIPTS,2026-06-18,2026-08-31,current,,,,,98319.0,-19.4265,False,False,False,20260919T115610Z,NICs are D.61 (§14)
GBR_R06_strict,GBR,ESA_REV,R06,1,Net social contributions,2009,2009,CY,120070.0,GBP,1559405.0,ONS_GDP,7.699732,576520.0,ONS_GG_RECEIPTS,20.826684,strict,anchor_actual,ONS_GG_RECEIPTS,2009.0,120070.0,,,,,,,,A,,ONS_GG_RECEIPTS,2026-06-18,2026-08-31,current,,,,,94445.0,-21.3417,False,False,False,20260919T115610Z,NICs are D.61 (§14)
GBR_R06_strict,GBR,ESA_REV,R06,1,Net social contributions,2010,2010,CY,123457.0,GBP,1615839.0,ONS_GDP,7.640427,612140.0,ONS_GG_RECEIPTS,20.168099,strict,anchor_actual,ONS_GG_RECEIPTS,2010.0,123457.0,,,,,,,,A,,ONS_GG_RECEIPTS,2026-06-18,2026-08-31,current,,,,,97346.0,-21.1499,False,False,False,20260919T115610Z,NICs are D.61 (§14)
GBR_R06_strict,GBR,ESA_REV,R06,1,Net social contributions,2011,2011,CY,128000.0,GBP,1669945.0,ONS_GDP,7.664923,637367.0,ONS_GG_RECEIPTS,20.082621,strict,anchor_actual,ONS_GG_RECEIPTS,2011.0,128000.0,,,,,,,,A,,ONS_GG_RECEIPTS,2026-06-18,2026-08-31,current,,,,,101441.0,-20.7492,False,False,False,20260919T115610Z,NICs are D.61 (§14)
GBR_R06_strict,GBR,ESA_REV,R06,1,Net social contributions,2012,2012,CY,130544.0,GBP,1721708.0,ONS_GDP,7.582238,643820.0,ONS_GG_RECEIPTS,20.276475,strict,anchor_actual,ONS_GG_RECEIPTS,2012.0,130544.0,,,,,,,,A,,ONS_GG_RECEIPTS,2026-06-18,2026-08-31,current,,,,,104319.0,-20.089,False,False,False,20260919T115610Z,NICs are D.61 (§14)
GBR_R06_strict,GBR,ESA_REV,R06,1,Net social contributions,2013,2013,CY,132960.0,GBP,1789072.0,ONS_GDP,7.431786,685641.0,ONS_GG_RECEIPTS,19.392073,strict,anchor_actual,ONS_GG_RECEIPTS,2013.0,132960.0,,,,,,,,A,,ONS_GG_RECEIPTS,2026-06-18,2026-08-31,current,,,,,106085.0,-20.2128,False,False,False,20260919T115610Z,NICs are D.61 (§14)
GBR_R06_strict,GBR,ESA_REV,R06,1,Net social contributions,2014,2014,CY,136390.0,GBP,1875066.0,ONS_GDP,7.273877,700490.0,ONS_GG_RECEIPTS,19.470656,strict,anchor_actual,ONS_GG_RECEIPTS,2014.0,136390.0,,,,,,,,A,,ONS_GG_RECEIPTS,2026-06-18,2026-08-31,current,,,,,109120.0,-19.9941,False,False,False,20260919T115610Z,NICs are D.61 (§14)
GBR_R06_strict,GBR,ESA_REV,R06,1,Net social contributions,2015,2015,CY,143286.0,GBP,1928016.0,ONS_GDP,7.431785,725144.0,ONS_GG_RECEIPTS,19.759662,strict,anchor_actual,ONS_GG_RECEIPTS,2015.0,143286.0,,,,,,,,A,,ONS_GG_RECEIPTS,2026-06-18,2026-08-31,current,,,,,114173.0,-20.3181,False,False,False,20260919T115610Z,NICs are D.61 (§14)
GBR_R06_strict,GBR,ESA_REV,R06,1,Net social contributions,2016,2016,CY,151728.0,GBP,2004755.0,ONS_GDP,7.568406,763115.0,ONS_GG_RECEIPTS,19.882718,strict,anchor_actual,ONS_GG_RECEIPTS,2016.0,151728.0,,,,,,,,A,,ONS_GG_RECEIPTS,2026-06-18,2026-08-31,current,,,,,121963.0,-19.6173,False,False,False,20260919T115610Z,NICs are D.61 (§14)
GBR_R06_strict,GBR,ESA_REV,R06,1,Net social contributions,2017,2017,CY,160774.0,GBP,2097222.0,ONS_GDP,7.666046,805501.0,ONS_GG_RECEIPTS,19.959503,strict,anchor_actual,ONS_GG_RECEIPTS,2017.0,160774.0,,,,,,,,A,,ONS_GG_RECEIPTS,2026-06-18,2026-08-31,current,,,,,130449.00000000001,-18.8619,False,False,False,20260919T115610Z,NICs are D.61 (§14)
GBR_R06_strict,GBR,ESA_REV,R06,1,Net social contributions,2018,2018,CY,166467.0,GBP,2171559.0,ONS_GDP,7.665783,832110.0,ONS_GG_RECEIPTS,20.005408,strict,anchor_actual,ONS_GG_RECEIPTS,2018.0,166467.0,,,,,,,,A,,ONS_GG_RECEIPTS,2026-06-18,2026-08-31,current,,,,,135378.0,-18.6758,False,False,False,20260919T115610Z,NICs are D.61 (§14)
GBR_R06_strict,GBR,ESA_REV,R06,1,Net social contributions,2019,2019,CY,181044.0,GBP,2252961.0,ONS_GDP,8.035825,859047.0,ONS_GG_RECEIPTS,21.074982,strict,anchor_actual,ONS_GG_RECEIPTS,2019.0,181044.0,,,,,,,,A,,ONS_GG_RECEIPTS,2026-06-18,2026-08-31,current,,,,,143952.0,-20.4878,False,False,False,20260919T115610Z,NICs are D.61 (§14)
GBR_R06_strict,GBR,ESA_REV,R06,1,Net social contributions,2020,2020,CY,185311.0,GBP,2124720.0,ONS_GDP,8.721667,825490.0,ONS_GG_RECEIPTS,22.448606,strict,anchor_actual,ONS_GG_RECEIPTS,2020.0,185311.0,,,,,,,,A,,ONS_GG_RECEIPTS,2026-06-18,2026-08-31,current,,,,,143608.0,-22.5043,False,False,False,20260919T115610Z,NICs are D.61 (§14)
GBR_R06_strict,GBR,ESA_REV,R06,1,Net social contributions,2021,2021,CY,200230.0,GBP,2322652.0,ONS_GDP,8.620749,926020.0,ONS_GG_RECEIPTS,21.622643,strict,anchor_actual,ONS_GG_RECEIPTS,2021.0,200230.0,,,,,,,,A,,ONS_GG_RECEIPTS,2026-06-18,2026-08-31,current,,,,,156208.0,-21.9857,False,False,False,20260919T115610Z,NICs are D.61 (§14)
GBR_R06_strict,GBR,ESA_REV,R06,1,Net social contributions,2022,2022,CY,224980.0,GBP,2580949.0,ONS_GDP,8.716949,1056873.0,ONS_GG_RECEIPTS,21.287326,strict,anchor_actual,ONS_GG_RECEIPTS,2022.0,224980.0,,,,,,,,A,,ONS_GG_RECEIPTS,2026-06-18,2026-08-31,current,,,,,178442.0,-20.6854,False,False,False,20260919T115610Z,NICs are D.61 (§14)
GBR_R06_strict,GBR,ESA_REV,R06,1,Net social contributions,2023,2023,CY,230587.0,GBP,2752164.0,ONS_GDP,8.378389,1114183.0,ONS_GG_RECEIPTS,20.695613,strict,anchor_actual,ONS_GG_RECEIPTS,2023.0,230587.0,,,,,,,,A,,ONS_GG_RECEIPTS,2026-06-18,2026-08-31,current,,,,,180922.0,-21.5385,False,False,False,20260919T115610Z,NICs are D.61 (§14)
GBR_R06_strict,GBR,ESA_REV,R06,1,Net social contributions,2024,2024,CY,230526.0,GBP,2890254.0,ONS_GDP,7.975977,1162812.0,ONS_GG_RECEIPTS,19.824873,strict,anchor_actual,ONS_GG_RECEIPTS,2024.0,230526.0,,,,,,,,A,,ONS_GG_RECEIPTS,2026-06-18,2026-08-31,current,,,,,173066.0,-24.9256,False,False,False,20260919T115610Z,NICs are D.61 (§14)
GBR_R06_strict,GBR,ESA_REV,R06,1,Net social contributions,2025,2025,CY,259325.0,GBP,3033866.0,ONS_GDP,8.547675,1246259.0,ONS_GG_RECEIPTS,20.808275,strict,anchor_actual,ONS_GG_RECEIPTS,2025.0,259325.0,,,,,,,,A,,ONS_GG_RECEIPTS,2026-06-18,2026-08-31,current,,,,,,,False,False,False,20260919T115610Z,NICs are D.61 (§14)
GBR_R07_strict,GBR,ESA_REV,R07,1,Interest receivable,1990,1990,CY,5302.0,GBP,672977.0,ONS_GDP,0.787843,227587.0,ONS_GG_RECEIPTS,2.329659,strict,anchor_actual,ONS_GG_RECEIPTS,1990.0,5302.0,,,,,,,,A,,ONS_GG_RECEIPTS,2026-06-18,2026-08-31,current,,d41_gross_accrued,,,,,False,False,False,20260919T115610Z,
GBR_R07_strict,GBR,ESA_REV,R07,1,Interest receivable,1991,1991,CY,4368.0,GBP,708072.0,ONS_GDP,0.616886,238031.0,ONS_GG_RECEIPTS,1.835055,strict,anchor_actual,ONS_GG_RECEIPTS,1991.0,4368.0,,,,,,,,A,,ONS_GG_RECEIPTS,2026-06-18,2026-08-31,current,,d41_gross_accrued,,,,,False,False,False,20260919T115610Z,
GBR_R07_strict,GBR,ESA_REV,R07,1,Interest receivable,1992,1992,CY,3785.0,GBP,733221.0,ONS_GDP,0.516215,241577.0,ONS_GG_RECEIPTS,1.566788,strict,anchor_actual,ONS_GG_RECEIPTS,1992.0,3785.0,,,,,,,,A,,ONS_GG_RECEIPTS,2026-06-18,2026-08-31,current,,d41_gross_accrued,,,,,False,False,False,20260919T115610Z,
GBR_R07_strict,GBR,ESA_REV,R07,1,Interest receivable,1993,1993,CY,3487.0,GBP,772390.0,ONS_GDP,0.451456,244677.0,ONS_GG_RECEIPTS,1.425144,strict,anchor_actual,ONS_GG_RECEIPTS,1993.0,3487.0,,,,,,,,A,,ONS_GG_RECEIPTS,2026-06-18,2026-08-31,current,,d41_gross_accrued,,,,,False,False,False,20260919T115610Z,
GBR_R07_strict,GBR,ESA_REV,R07,1,Interest receivable,1994,1994,CY,3677.0,GBP,813527.0,ONS_GDP,0.451983,262194.0,ONS_GG_RECEIPTS,1.402397,strict,anchor_actual,ONS_GG_RECEIPTS,1994.0,3677.0,,,,,,,,A,,ONS_GG_RECEIPTS,2026-06-18,2026-08-31,current,,d41_gross_accrued,,,,,False,False,False,20260919T115610Z,
GBR_R07_strict,GBR,ESA_REV,R07,1,Interest receivable,1995,1995,CY,3726.0,GBP,854921.0,ONS_GDP,0.43583,282664.0,ONS_GG_RECEIPTS,1.318173,strict,anchor_actual,ONS_GG_RECEIPTS,1995.0,3726.0,,,,,,,,A,,ONS_GG_RECEIPTS,2026-06-18,2026-08-31,current,,d41_gross_accrued,,,,,False,False,False,20260919T115610Z,
GBR_R07_strict,GBR,ESA_REV,R07,1,Interest receivable,1996,1996,CY,4070.0,GBP,913609.0,ONS_GDP,0.445486,300002.0,ONS_GG_RECEIPTS,1.356658,strict,anchor_actual,ONS_GG_RECEIPTS,1996.0,4070.0,,,,,,,,A,,ONS_GG_RECEIPTS,2026-06-18,2026-08-31,current,,d41_gross_accrued,,,,,False,False,False,20260919T115610Z,
GBR_R07_strict,GBR,ESA_REV,R07,1,Interest receivable,1997,1997,CY,5560.0,GBP,958539.0,ONS_GDP,0.580049,322933.0,ONS_GG_RECEIPTS,1.721719,strict,anchor_actual,ONS_GG_RECEIPTS,1997.0,5560.0,,,,,,,,A,,ONS_GG_RECEIPTS,2026-06-18,2026-08-31,current,,d41_gross_accrued,,,,,False,False,False,20260919T115610Z,
GBR_R07_strict,GBR,ESA_REV,R07,1,Interest receivable,1998,1998,CY,5659.0,GBP,1002804.0,ONS_GDP,0.564318,351490.0,ONS_GG_RECEIPTS,1.610003,strict,anchor_actual,ONS_GG_RECEIPTS,1998.0,5659.0,,,,,,,,A,,ONS_GG_RECEIPTS,2026-06-18,2026-08-31,current,,d41_gross_accrued,,,,,False,False,False,20260919T115610Z,
GBR_R07_strict,GBR,ESA_REV,R07,1,Interest receivable,1999,1999,CY,4423.0,GBP,1046727.0,ONS_GDP,0.422555,372689.0,ONS_GG_RECEIPTS,1.18678,strict,anchor_actual,ONS_GG_RECEIPTS,1999.0,4423.0,,,,,,,,A,,ONS_GG_RECEIPTS,2026-06-18,2026-08-31,current,,d41_gross_accrued,,,,,False,False,False,20260919T115610Z,
GBR_R07_strict,GBR,ESA_REV,R07,1,Interest receivable,2000,2000,CY,3837.0,GBP,1104759.0,ONS_GDP,0.347316,402079.0,ONS_GG_RECEIPTS,0.95429,strict,anchor_actual,ONS_GG_RECEIPTS,2000.0,3837.0,,,,,,,,A,,ONS_GG_RECEIPTS,2026-06-18,2026-08-31,current,,d41_gross_accrued,,,,,False,False,False,20260919T115610Z,
GBR_R07_strict,GBR,ESA_REV,R07,1,Interest receivable,2001,2001,CY,3381.0,GBP,1150542.0,ONS_GDP,0.293862,417942.0,ONS_GG_RECEIPTS,0.808964,strict,anchor_actual,ONS_GG_RECEIPTS,2001.0,3381.0,,,,,,,,A,,ONS_GG_RECEIPTS,2026-06-18,2026-08-31,current,,d41_gross_accrued,,,,,False,False,False,20260919T115610Z,
GBR_R07_strict,GBR,ESA_REV,R07,1,Interest receivable,2002,2002,CY,2847.0,GBP,1194646.0,ONS_GDP,0.238313,423991.0,ONS_GG_RECEIPTS,0.671477,strict,anchor_actual,ONS_GG_RECEIPTS,2002.0,2847.0,,,,,,,,A,,ONS_GG_RECEIPTS,2026-06-18,2026-08-31,current,,d41_gross_accrued,,,,,False,False,False,20260919T115610Z,
GBR_R07_strict,GBR,ESA_REV,R07,1,Interest receivable,2003,2003,CY,2788.0,GBP,1262502.0,ONS_GDP,0.220831,447902.0,ONS_GG_RECEIPTS,0.622458,strict,anchor_actual,ONS_GG_RECEIPTS,2003.0,2788.0,,,,,,,,A,,ONS_GG_RECEIPTS,2026-06-18,2026-08-31,current,,d41_gross_accrued,,,,,False,False,False,20260919T115610Z,
GBR_R07_strict,GBR,ESA_REV,R07,1,Interest receivable,2004,2004,CY,2961.0,GBP,1327143.0,ONS_GDP,0.223111,488059.0,ONS_GG_RECEIPTS,0.606689,strict,anchor_actual,ONS_GG_RECEIPTS,2004.0,2961.0,,,,,,,,A,,ONS_GG_RECEIPTS,2026-06-18,2026-08-31,current,,d41_gross_accrued,,,,,False,False,False,20260919T115610Z,
GBR_R07_strict,GBR,ESA_REV,R07,1,Interest receivable,2005,2005,CY,2980.0,GBP,1403249.0,ONS_GDP,0.212364,532688.0,ONS_GG_RECEIPTS,0.559427,strict,anchor_actual,ONS_GG_RECEIPTS,2005.0,2980.0,,,,,,,,A,,ONS_GG_RECEIPTS,2026-06-18,2026-08-31,current,,d41_gross_accrued,,,,,False,False,False,20260919T115610Z,
GBR_R07_strict,GBR,ESA_REV,R07,1,Interest receivable,2006,2006,CY,3601.0,GBP,1478080.0,ONS_GDP,0.243627,561010.0,ONS_GG_RECEIPTS,0.641878,strict,anchor_actual,ONS_GG_RECEIPTS,2006.0,3601.0,,,,,,,,A,,ONS_GG_RECEIPTS,2026-06-18,2026-08-31,current,,d41_gross_accrued,,,,,False,False,False,20260919T115610Z,
GBR_R07_strict,GBR,ESA_REV,R07,1,Interest receivable,2007,2007,CY,5287.0,GBP,1551729.0,ONS_GDP,0.340717,594042.0,ONS_GG_RECEIPTS,0.890004,strict,anchor_actual,ONS_GG_RECEIPTS,2007.0,5287.0,,,,,,,,A,,ONS_GG_RECEIPTS,2026-06-18,2026-08-31,current,,d41_gross_accrued,,,,,False,False,False,20260919T115610Z,
GBR_R07_strict,GBR,ESA_REV,R07,1,Interest receivable,2008,2008,CY,7830.0,GBP,1602217.0,ONS_GDP,0.488698,625274.0,ONS_GG_RECEIPTS,1.252251,strict,anchor_actual,ONS_GG_RECEIPTS,2008.0,7830.0,,,,,,,,A,,ONS_GG_RECEIPTS,2026-06-18,2026-08-31,current,,d41_gross_accrued,,,,,False,False,False,20260919T115610Z,
GBR_R07_strict,GBR,ESA_REV,R07,1,Interest receivable,2009,2009,CY,5496.0,GBP,1559405.0,ONS_GDP,0.352442,576520.0,ONS_GG_RECEIPTS,0.953306,strict,anchor_actual,ONS_GG_RECEIPTS,2009.0,5496.0,,,,,,,,A,,ONS_GG_RECEIPTS,2026-06-18,2026-08-31,current,,d41_gross_accrued,,,,,False,False,False,20260919T115610Z,
GBR_R07_strict,GBR,ESA_REV,R07,1,Interest receivable,2010,2010,CY,5050.0,GBP,1615839.0,ONS_GDP,0.312531,612140.0,ONS_GG_RECEIPTS,0.824975,strict,anchor_actual,ONS_GG_RECEIPTS,2010.0,5050.0,,,,,,,,A,,ONS_GG_RECEIPTS,2026-06-18,2026-08-31,current,,d41_gross_accrued,,,,,False,False,False,20260919T115610Z,
GBR_R07_strict,GBR,ESA_REV,R07,1,Interest receivable,2011,2011,CY,5763.0,GBP,1669945.0,ONS_GDP,0.345101,637367.0,ONS_GG_RECEIPTS,0.904189,strict,anchor_actual,ONS_GG_RECEIPTS,2011.0,5763.0,,,,,,,,A,,ONS_GG_RECEIPTS,2026-06-18,2026-08-31,current,,d41_gross_accrued,,,,,False,False,False,20260919T115610Z,
GBR_R07_strict,GBR,ESA_REV,R07,1,Interest receivable,2012,2012,CY,5650.0,GBP,1721708.0,ONS_GDP,0.328162,643820.0,ONS_GG_RECEIPTS,0.877574,strict,anchor_actual,ONS_GG_RECEIPTS,2012.0,5650.0,,,,,,,,A,,ONS_GG_RECEIPTS,2026-06-18,2026-08-31,current,,d41_gross_accrued,,,,,False,False,False,20260919T115610Z,
GBR_R07_strict,GBR,ESA_REV,R07,1,Interest receivable,2013,2013,CY,5615.0,GBP,1789072.0,ONS_GDP,0.31385,685641.0,ONS_GG_RECEIPTS,0.818942,strict,anchor_actual,ONS_GG_RECEIPTS,2013.0,5615.0,,,,,,,,A,,ONS_GG_RECEIPTS,2026-06-18,2026-08-31,current,,d41_gross_accrued,,,,,False,False,False,20260919T115610Z,
GBR_R07_strict,GBR,ESA_REV,R07,1,Interest receivable,2014,2014,CY,5711.0,GBP,1875066.0,ONS_GDP,0.304576,700490.0,ONS_GG_RECEIPTS,0.815286,strict,anchor_actual,ONS_GG_RECEIPTS,2014.0,5711.0,,,,,,,,A,,ONS_GG_RECEIPTS,2026-06-18,2026-08-31,current,,d41_gross_accrued,,,,,False,False,False,20260919T115610Z,
GBR_R07_strict,GBR,ESA_REV,R07,1,Interest receivable,2015,2015,CY,5791.0,GBP,1928016.0,ONS_GDP,0.300361,725144.0,ONS_GG_RECEIPTS,0.7986,strict,anchor_actual,ONS_GG_RECEIPTS,2015.0,5791.0,,,,,,,,A,,ONS_GG_RECEIPTS,2026-06-18,2026-08-31,current,,d41_gross_accrued,,,,,False,False,False,20260919T115610Z,
GBR_R07_strict,GBR,ESA_REV,R07,1,Interest receivable,2016,2016,CY,5302.0,GBP,2004755.0,ONS_GDP,0.264471,763115.0,ONS_GG_RECEIPTS,0.694784,strict,anchor_actual,ONS_GG_RECEIPTS,2016.0,5302.0,,,,,,,,A,,ONS_GG_RECEIPTS,2026-06-18,2026-08-31,current,,d41_gross_accrued,,,,,False,False,False,20260919T115610Z,
GBR_R07_strict,GBR,ESA_REV,R07,1,Interest receivable,2017,2017,CY,5613.0,GBP,2097222.0,ONS_GDP,0.26764,805501.0,ONS_GG_RECEIPTS,0.696833,strict,anchor_actual,ONS_GG_RECEIPTS,2017.0,5613.0,,,,,,,,A,,ONS_GG_RECEIPTS,2026-06-18,2026-08-31,current,,d41_gross_accrued,,,,,False,False,False,20260919T115610Z,
GBR_R07_strict,GBR,ESA_REV,R07,1,Interest receivable,2018,2018,CY,6178.0,GBP,2171559.0,ONS_GDP,0.284496,832110.0,ONS_GG_RECEIPTS,0.74245,strict,anchor_actual,ONS_GG_RECEIPTS,2018.0,6178.0,,,,,,,,A,,ONS_GG_RECEIPTS,2026-06-18,2026-08-31,current,,d41_gross_accrued,,,,,False,False,False,20260919T115610Z,
GBR_R07_strict,GBR,ESA_REV,R07,1,Interest receivable,2019,2019,CY,6426.0,GBP,2252961.0,ONS_GDP,0.285225,859047.0,ONS_GG_RECEIPTS,0.748038,strict,anchor_actual,ONS_GG_RECEIPTS,2019.0,6426.0,,,,,,,,A,,ONS_GG_RECEIPTS,2026-06-18,2026-08-31,current,,d41_gross_accrued,,,,,False,False,False,20260919T115610Z,
GBR_R07_strict,GBR,ESA_REV,R07,1,Interest receivable,2020,2020,CY,6324.0,GBP,2124720.0,ONS_GDP,0.297639,825490.0,ONS_GG_RECEIPTS,0.76609,strict,anchor_actual,ONS_GG_RECEIPTS,2020.0,6324.0,,,,,,,,A,,ONS_GG_RECEIPTS,2026-06-18,2026-08-31,current,,d41_gross_accrued,,,,,False,False,False,20260919T115610Z,
GBR_R07_strict,GBR,ESA_REV,R07,1,Interest receivable,2021,2021,CY,5439.0,GBP,2322652.0,ONS_GDP,0.234172,926020.0,ONS_GG_RECEIPTS,0.587352,strict,anchor_actual,ONS_GG_RECEIPTS,2021.0,5439.0,,,,,,,,A,,ONS_GG_RECEIPTS,2026-06-18,2026-08-31,current,,d41_gross_accrued,,,,,False,False,False,20260919T115610Z,
GBR_R07_strict,GBR,ESA_REV,R07,1,Interest receivable,2022,2022,CY,8641.0,GBP,2580949.0,ONS_GDP,0.334799,1056873.0,ONS_GG_RECEIPTS,0.817601,strict,anchor_actual,ONS_GG_RECEIPTS,2022.0,8641.0,,,,,,,,A,,ONS_GG_RECEIPTS,2026-06-18,2026-08-31,current,,d41_gross_accrued,,,,,False,False,False,20260919T115610Z,
GBR_R07_strict,GBR,ESA_REV,R07,1,Interest receivable,2023,2023,CY,16928.0,GBP,2752164.0,ONS_GDP,0.61508,1114183.0,ONS_GG_RECEIPTS,1.51932,strict,anchor_actual,ONS_GG_RECEIPTS,2023.0,16928.0,,,,,,,,A,,ONS_GG_RECEIPTS,2026-06-18,2026-08-31,current,,d41_gross_accrued,,,,,False,False,False,20260919T115610Z,
GBR_R07_strict,GBR,ESA_REV,R07,1,Interest receivable,2024,2024,CY,18591.0,GBP,2890254.0,ONS_GDP,0.643231,1162812.0,ONS_GG_RECEIPTS,1.598797,strict,anchor_actual,ONS_GG_RECEIPTS,2024.0,18591.0,,,,,,,,A,,ONS_GG_RECEIPTS,2026-06-18,2026-08-31,current,,d41_gross_accrued,,,,,False,False,False,20260919T115610Z,
GBR_R07_strict,GBR,ESA_REV,R07,1,Interest receivable,2025,2025,CY,16278.0,GBP,3033866.0,ONS_GDP,0.536543,1246259.0,ONS_GG_RECEIPTS,1.306149,strict,anchor_actual,ONS_GG_RECEIPTS,2025.0,16278.0,,,,,,,,A,,ONS_GG_RECEIPTS,2026-06-18,2026-08-31,current,,d41_gross_accrued,,,,,False,False,False,20260919T115610Z,
GBR_R08_strict,GBR,ESA_REV,R08,1,Other property income,1990,1990,CY,3804.0,GBP,672977.0,ONS_GDP,0.56525,227587.0,ONS_GG_RECEIPTS,1.671449,strict,derived_actual,ONS_GG_RECEIPTS,1990.0,3804.0,,,,,,,,A,,ONS_GG_RECEIPTS,2026-06-18,2026-08-31,current,,,,,,,False,False,False,20260919T115610Z,derived D.4 - D.41 resources
GBR_R08_strict,GBR,ESA_REV,R08,1,Other property income,1991,1991,CY,4421.0,GBP,708072.0,ONS_GDP,0.624372,238031.0,ONS_GG_RECEIPTS,1.857321,strict,derived_actual,ONS_GG_RECEIPTS,1991.0,4421.0,,,,,,,,A,,ONS_GG_RECEIPTS,2026-06-18,2026-08-31,current,,,,,,,False,False,False,20260919T115610Z,derived D.4 - D.41 resources
GBR_R08_strict,GBR,ESA_REV,R08,1,Other property income,1992,1992,CY,4666.0,GBP,733221.0,ONS_GDP,0.63637,241577.0,ONS_GG_RECEIPTS,1.931475,strict,derived_actual,ONS_GG_RECEIPTS,1992.0,4666.0,,,,,,,,A,,ONS_GG_RECEIPTS,2026-06-18,2026-08-31,current,,,,,,,False,False,False,20260919T115610Z,derived D.4 - D.41 resources
GBR_R08_strict,GBR,ESA_REV,R08,1,Other property income,1993,1993,CY,4960.0,GBP,772390.0,ONS_GDP,0.642163,244677.0,ONS_GG_RECEIPTS,2.027162,strict,derived_actual,ONS_GG_RECEIPTS,1993.0,4960.0,,,,,,,,A,,ONS_GG_RECEIPTS,2026-06-18,2026-08-31,current,,,,,,,False,False,False,20260919T115610Z,derived D.4 - D.41 resources
GBR_R08_strict,GBR,ESA_REV,R08,1,Other property income,1994,1994,CY,4962.0,GBP,813527.0,ONS_GDP,0.609937,262194.0,ONS_GG_RECEIPTS,1.892492,strict,derived_actual,ONS_GG_RECEIPTS,1994.0,4962.0,,,,,,,,A,,ONS_GG_RECEIPTS,2026-06-18,2026-08-31,current,,,,,,,False,False,False,20260919T115610Z,derived D.4 - D.41 resources
GBR_R08_strict,GBR,ESA_REV,R08,1,Other property income,1995,1995,CY,5117.0,GBP,854921.0,ONS_GDP,0.598535,282664.0,ONS_GG_RECEIPTS,1.810277,strict,derived_actual,ONS_GG_RECEIPTS,1995.0,5117.0,,,,,,,,A,,ONS_GG_RECEIPTS,2026-06-18,2026-08-31,current,,,,,,,False,False,False,20260919T115610Z,derived D.4 - D.41 resources
GBR_R08_strict,GBR,ESA_REV,R08,1,Other property income,1996,1996,CY,5687.0,GBP,913609.0,ONS_GDP,0.622476,300002.0,ONS_GG_RECEIPTS,1.895654,strict,derived_actual,ONS_GG_RECEIPTS,1996.0,5687.0,,,,,,,,A,,ONS_GG_RECEIPTS,2026-06-18,2026-08-31,current,,,,,,,False,False,False,20260919T115610Z,derived D.4 - D.41 resources
GBR_R08_strict,GBR,ESA_REV,R08,1,Other property income,1997,1997,CY,5749.0,GBP,958539.0,ONS_GDP,0.599767,322933.0,ONS_GG_RECEIPTS,1.780245,strict,derived_actual,ONS_GG_RECEIPTS,1997.0,5749.0,,,,,,,,A,,ONS_GG_RECEIPTS,2026-06-18,2026-08-31,current,,,,,,,False,False,False,20260919T115610Z,derived D.4 - D.41 resources
GBR_R08_strict,GBR,ESA_REV,R08,1,Other property income,1998,1998,CY,6291.0,GBP,1002804.0,ONS_GDP,0.627341,351490.0,ONS_GG_RECEIPTS,1.789809,strict,derived_actual,ONS_GG_RECEIPTS,1998.0,6291.0,,,,,,,,A,,ONS_GG_RECEIPTS,2026-06-18,2026-08-31,current,,,,,,,False,False,False,20260919T115610Z,derived D.4 - D.41 resources
GBR_R08_strict,GBR,ESA_REV,R08,1,Other property income,1999,1999,CY,5674.0,GBP,1046727.0,ONS_GDP,0.542071,372689.0,ONS_GG_RECEIPTS,1.522449,strict,derived_actual,ONS_GG_RECEIPTS,1999.0,5674.0,,,,,,,,A,,ONS_GG_RECEIPTS,2026-06-18,2026-08-31,current,,,,,,,False,False,False,20260919T115610Z,derived D.4 - D.41 resources
GBR_R08_strict,GBR,ESA_REV,R08,1,Other property income,2000,2000,CY,6551.0,GBP,1104759.0,ONS_GDP,0.59298,402079.0,ONS_GG_RECEIPTS,1.629282,strict,derived_actual,ONS_GG_RECEIPTS,2000.0,6551.0,,,,,,,,A,,ONS_GG_RECEIPTS,2026-06-18,2026-08-31,current,,,,,,,False,False,False,20260919T115610Z,derived D.4 - D.41 resources
GBR_R08_strict,GBR,ESA_REV,R08,1,Other property income,2001,2001,CY,6230.0,GBP,1150542.0,ONS_GDP,0.541484,417942.0,ONS_GG_RECEIPTS,1.490637,strict,derived_actual,ONS_GG_RECEIPTS,2001.0,6230.0,,,,,,,,A,,ONS_GG_RECEIPTS,2026-06-18,2026-08-31,current,,,,,,,False,False,False,20260919T115610Z,derived D.4 - D.41 resources
GBR_R08_strict,GBR,ESA_REV,R08,1,Other property income,2002,2002,CY,5038.0,GBP,1194646.0,ONS_GDP,0.421715,423991.0,ONS_GG_RECEIPTS,1.188233,strict,derived_actual,ONS_GG_RECEIPTS,2002.0,5038.0,,,,,,,,A,,ONS_GG_RECEIPTS,2026-06-18,2026-08-31,current,,,,,,,False,False,False,20260919T115610Z,derived D.4 - D.41 resources
GBR_R08_strict,GBR,ESA_REV,R08,1,Other property income,2003,2003,CY,4391.0,GBP,1262502.0,ONS_GDP,0.347801,447902.0,ONS_GG_RECEIPTS,0.980348,strict,derived_actual,ONS_GG_RECEIPTS,2003.0,4391.0,,,,,,,,A,,ONS_GG_RECEIPTS,2026-06-18,2026-08-31,current,,,,,,,False,False,False,20260919T115610Z,derived D.4 - D.41 resources
GBR_R08_strict,GBR,ESA_REV,R08,1,Other property income,2004,2004,CY,4219.0,GBP,1327143.0,ONS_GDP,0.317901,488059.0,ONS_GG_RECEIPTS,0.864445,strict,derived_actual,ONS_GG_RECEIPTS,2004.0,4219.0,,,,,,,,A,,ONS_GG_RECEIPTS,2026-06-18,2026-08-31,current,,,,,,,False,False,False,20260919T115610Z,derived D.4 - D.41 resources
GBR_R08_strict,GBR,ESA_REV,R08,1,Other property income,2005,2005,CY,4417.0,GBP,1403249.0,ONS_GDP,0.31477,532688.0,ONS_GG_RECEIPTS,0.829191,strict,derived_actual,ONS_GG_RECEIPTS,2005.0,4417.0,,,,,,,,A,,ONS_GG_RECEIPTS,2026-06-18,2026-08-31,current,,,,,,,False,False,False,20260919T115610Z,derived D.4 - D.41 resources
GBR_R08_strict,GBR,ESA_REV,R08,1,Other property income,2006,2006,CY,3981.0,GBP,1478080.0,ONS_GDP,0.269336,561010.0,ONS_GG_RECEIPTS,0.709613,strict,derived_actual,ONS_GG_RECEIPTS,2006.0,3981.0,,,,,,,,A,,ONS_GG_RECEIPTS,2026-06-18,2026-08-31,current,,,,,,,False,False,False,20260919T115610Z,derived D.4 - D.41 resources
GBR_R08_strict,GBR,ESA_REV,R08,1,Other property income,2007,2007,CY,4543.0,GBP,1551729.0,ONS_GDP,0.29277,594042.0,ONS_GG_RECEIPTS,0.764761,strict,derived_actual,ONS_GG_RECEIPTS,2007.0,4543.0,,,,,,,,A,,ONS_GG_RECEIPTS,2026-06-18,2026-08-31,current,,,,,,,False,False,False,20260919T115610Z,derived D.4 - D.41 resources
GBR_R08_strict,GBR,ESA_REV,R08,1,Other property income,2008,2008,CY,4636.0,GBP,1602217.0,ONS_GDP,0.289349,625274.0,ONS_GG_RECEIPTS,0.741435,strict,derived_actual,ONS_GG_RECEIPTS,2008.0,4636.0,,,,,,,,A,,ONS_GG_RECEIPTS,2026-06-18,2026-08-31,current,,,,,,,False,False,False,20260919T115610Z,derived D.4 - D.41 resources
GBR_R08_strict,GBR,ESA_REV,R08,1,Other property income,2009,2009,CY,3303.0,GBP,1559405.0,ONS_GDP,0.211812,576520.0,ONS_GG_RECEIPTS,0.57292,strict,derived_actual,ONS_GG_RECEIPTS,2009.0,3303.0,,,,,,,,A,,ONS_GG_RECEIPTS,2026-06-18,2026-08-31,current,,,,,,,False,False,False,20260919T115610Z,derived D.4 - D.41 resources
GBR_R08_strict,GBR,ESA_REV,R08,1,Other property income,2010,2010,CY,2853.0,GBP,1615839.0,ONS_GDP,0.176565,612140.0,ONS_GG_RECEIPTS,0.46607,strict,derived_actual,ONS_GG_RECEIPTS,2010.0,2853.0,,,,,,,,A,,ONS_GG_RECEIPTS,2026-06-18,2026-08-31,current,,,,,,,False,False,False,20260919T115610Z,derived D.4 - D.41 resources
GBR_R08_strict,GBR,ESA_REV,R08,1,Other property income,2011,2011,CY,3000.0,GBP,1669945.0,ONS_GDP,0.179647,637367.0,ONS_GG_RECEIPTS,0.470686,strict,derived_actual,ONS_GG_RECEIPTS,2011.0,3000.0,,,,,,,,A,,ONS_GG_RECEIPTS,2026-06-18,2026-08-31,current,,,,,,,False,False,False,20260919T115610Z,derived D.4 - D.41 resources
GBR_R08_strict,GBR,ESA_REV,R08,1,Other property income,2012,2012,CY,5757.0,GBP,1721708.0,ONS_GDP,0.334377,643820.0,ONS_GG_RECEIPTS,0.894194,strict,derived_actual,ONS_GG_RECEIPTS,2012.0,5757.0,,,,,,,,A,,ONS_GG_RECEIPTS,2026-06-18,2026-08-31,current,,,,,,,False,False,False,20260919T115610Z,derived D.4 - D.41 resources
GBR_R08_strict,GBR,ESA_REV,R08,1,Other property income,2013,2013,CY,22309.0,GBP,1789072.0,ONS_GDP,1.246959,685641.0,ONS_GG_RECEIPTS,3.253744,strict,derived_actual,ONS_GG_RECEIPTS,2013.0,22309.0,,,,,,,,A,,ONS_GG_RECEIPTS,2026-06-18,2026-08-31,current,,,,,,,False,False,False,20260919T115610Z,derived D.4 - D.41 resources
GBR_R08_strict,GBR,ESA_REV,R08,1,Other property income,2014,2014,CY,12004.0,GBP,1875066.0,ONS_GDP,0.640191,700490.0,ONS_GG_RECEIPTS,1.713658,strict,derived_actual,ONS_GG_RECEIPTS,2014.0,12004.0,,,,,,,,A,,ONS_GG_RECEIPTS,2026-06-18,2026-08-31,current,,,,,,,False,False,False,20260919T115610Z,derived D.4 - D.41 resources
GBR_R08_strict,GBR,ESA_REV,R08,1,Other property income,2015,2015,CY,11859.0,GBP,1928016.0,ONS_GDP,0.615088,725144.0,ONS_GG_RECEIPTS,1.635399,strict,derived_actual,ONS_GG_RECEIPTS,2015.0,11859.0,,,,,,,,A,,ONS_GG_RECEIPTS,2026-06-18,2026-08-31,current,,,,,,,False,False,False,20260919T115610Z,derived D.4 - D.41 resources
GBR_R08_strict,GBR,ESA_REV,R08,1,Other property income,2016,2016,CY,13260.0,GBP,2004755.0,ONS_GDP,0.661427,763115.0,ONS_GG_RECEIPTS,1.737615,strict,derived_actual,ONS_GG_RECEIPTS,2016.0,13260.0,,,,,,,,A,,ONS_GG_RECEIPTS,2026-06-18,2026-08-31,current,,,,,,,False,False,False,20260919T115610Z,derived D.4 - D.41 resources
GBR_R08_strict,GBR,ESA_REV,R08,1,Other property income,2017,2017,CY,14640.0,GBP,2097222.0,ONS_GDP,0.698066,805501.0,ONS_GG_RECEIPTS,1.817502,strict,derived_actual,ONS_GG_RECEIPTS,2017.0,14640.0,,,,,,,,A,,ONS_GG_RECEIPTS,2026-06-18,2026-08-31,current,,,,,,,False,False,False,20260919T115610Z,derived D.4 - D.41 resources
GBR_R08_strict,GBR,ESA_REV,R08,1,Other property income,2018,2018,CY,12941.0,GBP,2171559.0,ONS_GDP,0.595931,832110.0,ONS_GG_RECEIPTS,1.555203,strict,derived_actual,ONS_GG_RECEIPTS,2018.0,12941.0,,,,,,,,A,,ONS_GG_RECEIPTS,2026-06-18,2026-08-31,current,,,,,,,False,False,False,20260919T115610Z,derived D.4 - D.41 resources
GBR_R08_strict,GBR,ESA_REV,R08,1,Other property income,2019,2019,CY,12328.0,GBP,2252961.0,ONS_GDP,0.547191,859047.0,ONS_GG_RECEIPTS,1.435079,strict,derived_actual,ONS_GG_RECEIPTS,2019.0,12328.0,,,,,,,,A,,ONS_GG_RECEIPTS,2026-06-18,2026-08-31,current,,,,,,,False,False,False,20260919T115610Z,derived D.4 - D.41 resources
GBR_R08_strict,GBR,ESA_REV,R08,1,Other property income,2020,2020,CY,13796.0,GBP,2124720.0,ONS_GDP,0.649309,825490.0,ONS_GG_RECEIPTS,1.67125,strict,derived_actual,ONS_GG_RECEIPTS,2020.0,13796.0,,,,,,,,A,,ONS_GG_RECEIPTS,2026-06-18,2026-08-31,current,,,,,,,False,False,False,20260919T115610Z,derived D.4 - D.41 resources
GBR_R08_strict,GBR,ESA_REV,R08,1,Other property income,2021,2021,CY,10124.0,GBP,2322652.0,ONS_GDP,0.435881,926020.0,ONS_GG_RECEIPTS,1.093281,strict,derived_actual,ONS_GG_RECEIPTS,2021.0,10124.0,,,,,,,,A,,ONS_GG_RECEIPTS,2026-06-18,2026-08-31,current,,,,,,,False,False,False,20260919T115610Z,derived D.4 - D.41 resources
GBR_R08_strict,GBR,ESA_REV,R08,1,Other property income,2022,2022,CY,8782.0,GBP,2580949.0,ONS_GDP,0.340262,1056873.0,ONS_GG_RECEIPTS,0.830942,strict,derived_actual,ONS_GG_RECEIPTS,2022.0,8782.0,,,,,,,,A,,ONS_GG_RECEIPTS,2026-06-18,2026-08-31,current,,,,,,,False,False,False,20260919T115610Z,derived D.4 - D.41 resources
GBR_R08_strict,GBR,ESA_REV,R08,1,Other property income,2023,2023,CY,6030.0,GBP,2752164.0,ONS_GDP,0.2191,1114183.0,ONS_GG_RECEIPTS,0.541204,strict,derived_actual,ONS_GG_RECEIPTS,2023.0,6030.0,,,,,,,,A,,ONS_GG_RECEIPTS,2026-06-18,2026-08-31,current,,,,,,,False,False,False,20260919T115610Z,derived D.4 - D.41 resources
GBR_R08_strict,GBR,ESA_REV,R08,1,Other property income,2024,2024,CY,6321.0,GBP,2890254.0,ONS_GDP,0.218701,1162812.0,ONS_GG_RECEIPTS,0.543596,strict,derived_actual,ONS_GG_RECEIPTS,2024.0,6321.0,,,,,,,,A,,ONS_GG_RECEIPTS,2026-06-18,2026-08-31,current,,,,,,,False,False,False,20260919T115610Z,derived D.4 - D.41 resources
GBR_R08_strict,GBR,ESA_REV,R08,1,Other property income,2025,2025,CY,5292.0,GBP,3033866.0,ONS_GDP,0.174431,1246259.0,ONS_GG_RECEIPTS,0.424631,strict,derived_actual,ONS_GG_RECEIPTS,2025.0,5292.0,,,,,,,,A,,ONS_GG_RECEIPTS,2026-06-18,2026-08-31,current,,,,,,,False,False,False,20260919T115610Z,derived D.4 - D.41 resources
GBR_R09_strict,GBR,ESA_REV,R09,1,Sales of goods and services,1990,1990,CY,8107.0,GBP,672977.0,ONS_GDP,1.204647,227587.0,ONS_GG_RECEIPTS,3.562154,strict,derived_actual,ONS_GG_RECEIPTS,1990.0,8107.0,,,,,,,,A,,ONS_GG_RECEIPTS,2026-06-18,2026-08-31,current,,,,,,,False,False,False,20260919T115610Z,derived P.11 + P.12 + P.131
GBR_R09_strict,GBR,ESA_REV,R09,1,Sales of goods and services,1991,1991,CY,7653.0,GBP,708072.0,ONS_GDP,1.080822,238031.0,ONS_GG_RECEIPTS,3.215127,strict,derived_actual,ONS_GG_RECEIPTS,1991.0,7653.0,,,,,,,,A,,ONS_GG_RECEIPTS,2026-06-18,2026-08-31,current,,,,,,,False,False,False,20260919T115610Z,derived P.11 + P.12 + P.131
GBR_R09_strict,GBR,ESA_REV,R09,1,Sales of goods and services,1992,1992,CY,9986.0,GBP,733221.0,ONS_GDP,1.361936,241577.0,ONS_GG_RECEIPTS,4.133672,strict,derived_actual,ONS_GG_RECEIPTS,1992.0,9986.0,,,,,,,,A,,ONS_GG_RECEIPTS,2026-06-18,2026-08-31,current,,,,,,,False,False,False,20260919T115610Z,derived P.11 + P.12 + P.131
GBR_R09_strict,GBR,ESA_REV,R09,1,Sales of goods and services,1993,1993,CY,10103.0,GBP,772390.0,ONS_GDP,1.308018,244677.0,ONS_GG_RECEIPTS,4.129117,strict,derived_actual,ONS_GG_RECEIPTS,1993.0,10103.0,,,,,,,,A,,ONS_GG_RECEIPTS,2026-06-18,2026-08-31,current,,,,,,,False,False,False,20260919T115610Z,derived P.11 + P.12 + P.131
GBR_R09_strict,GBR,ESA_REV,R09,1,Sales of goods and services,1994,1994,CY,10570.0,GBP,813527.0,ONS_GDP,1.299281,262194.0,ONS_GG_RECEIPTS,4.031366,strict,derived_actual,ONS_GG_RECEIPTS,1994.0,10570.0,,,,,,,,A,,ONS_GG_RECEIPTS,2026-06-18,2026-08-31,current,,,,,,,False,False,False,20260919T115610Z,derived P.11 + P.12 + P.131
GBR_R09_strict,GBR,ESA_REV,R09,1,Sales of goods and services,1995,1995,CY,11239.0,GBP,854921.0,ONS_GDP,1.314624,282664.0,ONS_GG_RECEIPTS,3.976099,strict,derived_actual,ONS_GG_RECEIPTS,1995.0,11239.0,,,,,,,,A,,ONS_GG_RECEIPTS,2026-06-18,2026-08-31,current,,,,,,,False,False,False,20260919T115610Z,derived P.11 + P.12 + P.131
GBR_R09_strict,GBR,ESA_REV,R09,1,Sales of goods and services,1996,1996,CY,11415.0,GBP,913609.0,ONS_GDP,1.24944,300002.0,ONS_GG_RECEIPTS,3.804975,strict,derived_actual,ONS_GG_RECEIPTS,1996.0,11415.0,,,,,,,,A,,ONS_GG_RECEIPTS,2026-06-18,2026-08-31,current,,,,,,,False,False,False,20260919T115610Z,derived P.11 + P.12 + P.131
GBR_R09_strict,GBR,ESA_REV,R09,1,Sales of goods and services,1997,1997,CY,11986.0,GBP,958539.0,ONS_GDP,1.250445,322933.0,ONS_GG_RECEIPTS,3.711606,strict,derived_actual,ONS_GG_RECEIPTS,1997.0,11986.0,,,,,,,,A,,ONS_GG_RECEIPTS,2026-06-18,2026-08-31,current,,,,,,,False,False,False,20260919T115610Z,derived P.11 + P.12 + P.131
GBR_R09_strict,GBR,ESA_REV,R09,1,Sales of goods and services,1998,1998,CY,12907.0,GBP,1002804.0,ONS_GDP,1.287091,351490.0,ONS_GG_RECEIPTS,3.672082,strict,derived_actual,ONS_GG_RECEIPTS,1998.0,12907.0,,,,,,,,A,,ONS_GG_RECEIPTS,2026-06-18,2026-08-31,current,,,,,,,False,False,False,20260919T115610Z,derived P.11 + P.12 + P.131
GBR_R09_strict,GBR,ESA_REV,R09,1,Sales of goods and services,1999,1999,CY,14427.0,GBP,1046727.0,ONS_GDP,1.378296,372689.0,ONS_GG_RECEIPTS,3.871056,strict,derived_actual,ONS_GG_RECEIPTS,1999.0,14427.0,,,,,,,,A,,ONS_GG_RECEIPTS,2026-06-18,2026-08-31,current,,,,,,,False,False,False,20260919T115610Z,derived P.11 + P.12 + P.131
GBR_R09_strict,GBR,ESA_REV,R09,1,Sales of goods and services,2000,2000,CY,16058.0,GBP,1104759.0,ONS_GDP,1.45353,402079.0,ONS_GG_RECEIPTS,3.993743,strict,derived_actual,ONS_GG_RECEIPTS,2000.0,16058.0,,,,,,,,A,,ONS_GG_RECEIPTS,2026-06-18,2026-08-31,current,,,,,,,False,False,False,20260919T115610Z,derived P.11 + P.12 + P.131
GBR_R09_strict,GBR,ESA_REV,R09,1,Sales of goods and services,2001,2001,CY,18889.0,GBP,1150542.0,ONS_GDP,1.641748,417942.0,ONS_GG_RECEIPTS,4.519527,strict,derived_actual,ONS_GG_RECEIPTS,2001.0,18889.0,,,,,,,,A,,ONS_GG_RECEIPTS,2026-06-18,2026-08-31,current,,,,,,,False,False,False,20260919T115610Z,derived P.11 + P.12 + P.131
GBR_R09_strict,GBR,ESA_REV,R09,1,Sales of goods and services,2002,2002,CY,20841.0,GBP,1194646.0,ONS_GDP,1.744534,423991.0,ONS_GG_RECEIPTS,4.915435,strict,derived_actual,ONS_GG_RECEIPTS,2002.0,20841.0,,,,,,,,A,,ONS_GG_RECEIPTS,2026-06-18,2026-08-31,current,,,,,,,False,False,False,20260919T115610Z,derived P.11 + P.12 + P.131
GBR_R09_strict,GBR,ESA_REV,R09,1,Sales of goods and services,2003,2003,CY,22499.0,GBP,1262502.0,ONS_GDP,1.782096,447902.0,ONS_GG_RECEIPTS,5.023197,strict,derived_actual,ONS_GG_RECEIPTS,2003.0,22499.0,,,,,,,,A,,ONS_GG_RECEIPTS,2026-06-18,2026-08-31,current,,,,,,,False,False,False,20260919T115610Z,derived P.11 + P.12 + P.131
GBR_R09_strict,GBR,ESA_REV,R09,1,Sales of goods and services,2004,2004,CY,28169.0,GBP,1327143.0,ONS_GDP,2.122529,488059.0,ONS_GG_RECEIPTS,5.771638,strict,derived_actual,ONS_GG_RECEIPTS,2004.0,28169.0,,,,,,,,A,,ONS_GG_RECEIPTS,2026-06-18,2026-08-31,current,,,,,,,False,False,False,20260919T115610Z,derived P.11 + P.12 + P.131
GBR_R09_strict,GBR,ESA_REV,R09,1,Sales of goods and services,2005,2005,CY,32371.0,GBP,1403249.0,ONS_GDP,2.306861,532688.0,ONS_GG_RECEIPTS,6.076916,strict,derived_actual,ONS_GG_RECEIPTS,2005.0,32371.0,,,,,,,,A,,ONS_GG_RECEIPTS,2026-06-18,2026-08-31,current,,,,,,,False,False,False,20260919T115610Z,derived P.11 + P.12 + P.131
GBR_R09_strict,GBR,ESA_REV,R09,1,Sales of goods and services,2006,2006,CY,37511.0,GBP,1478080.0,ONS_GDP,2.537819,561010.0,ONS_GG_RECEIPTS,6.686334,strict,derived_actual,ONS_GG_RECEIPTS,2006.0,37511.0,,,,,,,,A,,ONS_GG_RECEIPTS,2026-06-18,2026-08-31,current,,,,,,,False,False,False,20260919T115610Z,derived P.11 + P.12 + P.131
GBR_R09_strict,GBR,ESA_REV,R09,1,Sales of goods and services,2007,2007,CY,39833.0,GBP,1551729.0,ONS_GDP,2.567008,594042.0,ONS_GG_RECEIPTS,6.705418,strict,derived_actual,ONS_GG_RECEIPTS,2007.0,39833.0,,,,,,,,A,,ONS_GG_RECEIPTS,2026-06-18,2026-08-31,current,,,,,,,False,False,False,20260919T115610Z,derived P.11 + P.12 + P.131
GBR_R09_strict,GBR,ESA_REV,R09,1,Sales of goods and services,2008,2008,CY,41059.0,GBP,1602217.0,ONS_GDP,2.562637,625274.0,ONS_GG_RECEIPTS,6.566561,strict,derived_actual,ONS_GG_RECEIPTS,2008.0,41059.0,,,,,,,,A,,ONS_GG_RECEIPTS,2026-06-18,2026-08-31,current,,,,,,,False,False,False,20260919T115610Z,derived P.11 + P.12 + P.131
GBR_R09_strict,GBR,ESA_REV,R09,1,Sales of goods and services,2009,2009,CY,44347.0,GBP,1559405.0,ONS_GDP,2.843841,576520.0,ONS_GG_RECEIPTS,7.692188,strict,derived_actual,ONS_GG_RECEIPTS,2009.0,44347.0,,,,,,,,A,,ONS_GG_RECEIPTS,2026-06-18,2026-08-31,current,,,,,,,False,False,False,20260919T115610Z,derived P.11 + P.12 + P.131
GBR_R09_strict,GBR,ESA_REV,R09,1,Sales of goods and services,2010,2010,CY,44707.0,GBP,1615839.0,ONS_GDP,2.766798,612140.0,ONS_GG_RECEIPTS,7.303395,strict,derived_actual,ONS_GG_RECEIPTS,2010.0,44707.0,,,,,,,,A,,ONS_GG_RECEIPTS,2026-06-18,2026-08-31,current,,,,,,,False,False,False,20260919T115610Z,derived P.11 + P.12 + P.131
GBR_R09_strict,GBR,ESA_REV,R09,1,Sales of goods and services,2011,2011,CY,42116.0,GBP,1669945.0,ONS_GDP,2.521999,637367.0,ONS_GG_RECEIPTS,6.60781,strict,derived_actual,ONS_GG_RECEIPTS,2011.0,42116.0,,,,,,,,A,,ONS_GG_RECEIPTS,2026-06-18,2026-08-31,current,,,,,,,False,False,False,20260919T115610Z,derived P.11 + P.12 + P.131
GBR_R09_strict,GBR,ESA_REV,R09,1,Sales of goods and services,2012,2012,CY,40533.0,GBP,1721708.0,ONS_GDP,2.354232,643820.0,ONS_GG_RECEIPTS,6.295704,strict,derived_actual,ONS_GG_RECEIPTS,2012.0,40533.0,,,,,,,,A,,ONS_GG_RECEIPTS,2026-06-18,2026-08-31,current,,,,,,,False,False,False,20260919T115610Z,derived P.11 + P.12 + P.131
GBR_R09_strict,GBR,ESA_REV,R09,1,Sales of goods and services,2013,2013,CY,42817.0,GBP,1789072.0,ONS_GDP,2.393252,685641.0,ONS_GG_RECEIPTS,6.244813,strict,derived_actual,ONS_GG_RECEIPTS,2013.0,42817.0,,,,,,,,A,,ONS_GG_RECEIPTS,2026-06-18,2026-08-31,current,,,,,,,False,False,False,20260919T115610Z,derived P.11 + P.12 + P.131
GBR_R09_strict,GBR,ESA_REV,R09,1,Sales of goods and services,2014,2014,CY,45071.0,GBP,1875066.0,ONS_GDP,2.403702,700490.0,ONS_GG_RECEIPTS,6.43421,strict,derived_actual,ONS_GG_RECEIPTS,2014.0,45071.0,,,,,,,,A,,ONS_GG_RECEIPTS,2026-06-18,2026-08-31,current,,,,,,,False,False,False,20260919T115610Z,derived P.11 + P.12 + P.131
GBR_R09_strict,GBR,ESA_REV,R09,1,Sales of goods and services,2015,2015,CY,46377.0,GBP,1928016.0,ONS_GDP,2.405426,725144.0,ONS_GG_RECEIPTS,6.395557,strict,derived_actual,ONS_GG_RECEIPTS,2015.0,46377.0,,,,,,,,A,,ONS_GG_RECEIPTS,2026-06-18,2026-08-31,current,,,,,,,False,False,False,20260919T115610Z,derived P.11 + P.12 + P.131
GBR_R09_strict,GBR,ESA_REV,R09,1,Sales of goods and services,2016,2016,CY,47851.0,GBP,2004755.0,ONS_GDP,2.386875,763115.0,ONS_GG_RECEIPTS,6.270483,strict,derived_actual,ONS_GG_RECEIPTS,2016.0,47851.0,,,,,,,,A,,ONS_GG_RECEIPTS,2026-06-18,2026-08-31,current,,,,,,,False,False,False,20260919T115610Z,derived P.11 + P.12 + P.131
GBR_R09_strict,GBR,ESA_REV,R09,1,Sales of goods and services,2017,2017,CY,50553.0,GBP,2097222.0,ONS_GDP,2.410474,805501.0,ONS_GG_RECEIPTS,6.27597,strict,derived_actual,ONS_GG_RECEIPTS,2017.0,50553.0,,,,,,,,A,,ONS_GG_RECEIPTS,2026-06-18,2026-08-31,current,,,,,,,False,False,False,20260919T115610Z,derived P.11 + P.12 + P.131
GBR_R09_strict,GBR,ESA_REV,R09,1,Sales of goods and services,2018,2018,CY,53275.0,GBP,2171559.0,ONS_GDP,2.453307,832110.0,ONS_GG_RECEIPTS,6.402399,strict,derived_actual,ONS_GG_RECEIPTS,2018.0,53275.0,,,,,,,,A,,ONS_GG_RECEIPTS,2026-06-18,2026-08-31,current,,,,,,,False,False,False,20260919T115610Z,derived P.11 + P.12 + P.131
GBR_R09_strict,GBR,ESA_REV,R09,1,Sales of goods and services,2019,2019,CY,52836.0,GBP,2252961.0,ONS_GDP,2.34518,859047.0,ONS_GG_RECEIPTS,6.150537,strict,derived_actual,ONS_GG_RECEIPTS,2019.0,52836.0,,,,,,,,A,,ONS_GG_RECEIPTS,2026-06-18,2026-08-31,current,,,,,,,False,False,False,20260919T115610Z,derived P.11 + P.12 + P.131
GBR_R09_strict,GBR,ESA_REV,R09,1,Sales of goods and services,2020,2020,CY,52371.0,GBP,2124720.0,ONS_GDP,2.464842,825490.0,ONS_GG_RECEIPTS,6.344232,strict,derived_actual,ONS_GG_RECEIPTS,2020.0,52371.0,,,,,,,,A,,ONS_GG_RECEIPTS,2026-06-18,2026-08-31,current,,,,,,,False,False,False,20260919T115610Z,derived P.11 + P.12 + P.131
GBR_R09_strict,GBR,ESA_REV,R09,1,Sales of goods and services,2021,2021,CY,57165.0,GBP,2322652.0,ONS_GDP,2.461195,926020.0,ONS_GG_RECEIPTS,6.173193,strict,derived_actual,ONS_GG_RECEIPTS,2021.0,57165.0,,,,,,,,A,,ONS_GG_RECEIPTS,2026-06-18,2026-08-31,current,,,,,,,False,False,False,20260919T115610Z,derived P.11 + P.12 + P.131
GBR_R09_strict,GBR,ESA_REV,R09,1,Sales of goods and services,2022,2022,CY,60814.0,GBP,2580949.0,ONS_GDP,2.356265,1056873.0,ONS_GG_RECEIPTS,5.754145,strict,derived_actual,ONS_GG_RECEIPTS,2022.0,60814.0,,,,,,,,A,,ONS_GG_RECEIPTS,2026-06-18,2026-08-31,current,,,,,,,False,False,False,20260919T115610Z,derived P.11 + P.12 + P.131
GBR_R09_strict,GBR,ESA_REV,R09,1,Sales of goods and services,2023,2023,CY,67394.0,GBP,2752164.0,ONS_GDP,2.448764,1114183.0,ONS_GG_RECEIPTS,6.048737,strict,derived_actual,ONS_GG_RECEIPTS,2023.0,67394.0,,,,,,,,A,,ONS_GG_RECEIPTS,2026-06-18,2026-08-31,current,,,,,,,False,False,False,20260919T115610Z,derived P.11 + P.12 + P.131
GBR_R09_strict,GBR,ESA_REV,R09,1,Sales of goods and services,2024,2024,CY,71758.0,GBP,2890254.0,ONS_GDP,2.482758,1162812.0,ONS_GG_RECEIPTS,6.171075,strict,derived_actual,ONS_GG_RECEIPTS,2024.0,71758.0,,,,,,,,A,,ONS_GG_RECEIPTS,2026-06-18,2026-08-31,current,,,,,,,False,False,False,20260919T115610Z,derived P.11 + P.12 + P.131
GBR_R09_strict,GBR,ESA_REV,R09,1,Sales of goods and services,2025,2025,CY,80357.0,GBP,3033866.0,ONS_GDP,2.648667,1246259.0,ONS_GG_RECEIPTS,6.447857,strict,derived_actual,ONS_GG_RECEIPTS,2025.0,80357.0,,,,,,,,A,,ONS_GG_RECEIPTS,2026-06-18,2026-08-31,current,,,,,,,False,False,False,20260919T115610Z,derived P.11 + P.12 + P.131
GBR_R10_strict,GBR,ESA_REV,R10,1,Other current and capital transfers receivable,1990,1990,CY,950.0,GBP,672977.0,ONS_GDP,0.141164,227587.0,ONS_GG_RECEIPTS,0.417423,strict,derived_actual,ONS_GG_RECEIPTS,1990.0,950.0,,,,,,,,A,,ONS_GG_RECEIPTS,2026-06-18,2026-08-31,current,,,,,,,False,False,False,20260919T115610Z,derived D.39 + D.7 + (D.9 - D.91) resources
GBR_R10_strict,GBR,ESA_REV,R10,1,Other current and capital transfers receivable,1991,1991,CY,3176.0,GBP,708072.0,ONS_GDP,0.448542,238031.0,ONS_GG_RECEIPTS,1.33428,strict,derived_actual,ONS_GG_RECEIPTS,1991.0,3176.0,,,,,,,,A,,ONS_GG_RECEIPTS,2026-06-18,2026-08-31,current,,,,,,,False,False,False,20260919T115610Z,derived D.39 + D.7 + (D.9 - D.91) resources
GBR_R10_strict,GBR,ESA_REV,R10,1,Other current and capital transfers receivable,1992,1992,CY,968.0,GBP,733221.0,ONS_GDP,0.13202,241577.0,ONS_GG_RECEIPTS,0.4007,strict,derived_actual,ONS_GG_RECEIPTS,1992.0,968.0,,,,,,,,A,,ONS_GG_RECEIPTS,2026-06-18,2026-08-31,current,,,,,,,False,False,False,20260919T115610Z,derived D.39 + D.7 + (D.9 - D.91) resources
GBR_R10_strict,GBR,ESA_REV,R10,1,Other current and capital transfers receivable,1993,1993,CY,1097.0,GBP,772390.0,ONS_GDP,0.142027,244677.0,ONS_GG_RECEIPTS,0.448346,strict,derived_actual,ONS_GG_RECEIPTS,1993.0,1097.0,,,,,,,,A,,ONS_GG_RECEIPTS,2026-06-18,2026-08-31,current,,,,,,,False,False,False,20260919T115610Z,derived D.39 + D.7 + (D.9 - D.91) resources
GBR_R10_strict,GBR,ESA_REV,R10,1,Other current and capital transfers receivable,1994,1994,CY,1308.0,GBP,813527.0,ONS_GDP,0.160781,262194.0,ONS_GG_RECEIPTS,0.498867,strict,derived_actual,ONS_GG_RECEIPTS,1994.0,1308.0,,,,,,,,A,,ONS_GG_RECEIPTS,2026-06-18,2026-08-31,current,,,,,,,False,False,False,20260919T115610Z,derived D.39 + D.7 + (D.9 - D.91) resources
GBR_R10_strict,GBR,ESA_REV,R10,1,Other current and capital transfers receivable,1995,1995,CY,1422.0,GBP,854921.0,ONS_GDP,0.166331,282664.0,ONS_GG_RECEIPTS,0.503071,strict,derived_actual,ONS_GG_RECEIPTS,1995.0,1422.0,,,,,,,,A,,ONS_GG_RECEIPTS,2026-06-18,2026-08-31,current,,,,,,,False,False,False,20260919T115610Z,derived D.39 + D.7 + (D.9 - D.91) resources
GBR_R10_strict,GBR,ESA_REV,R10,1,Other current and capital transfers receivable,1996,1996,CY,1598.0,GBP,913609.0,ONS_GDP,0.174911,300002.0,ONS_GG_RECEIPTS,0.532663,strict,derived_actual,ONS_GG_RECEIPTS,1996.0,1598.0,,,,,,,,A,,ONS_GG_RECEIPTS,2026-06-18,2026-08-31,current,,,,,,,False,False,False,20260919T115610Z,derived D.39 + D.7 + (D.9 - D.91) resources
GBR_R10_strict,GBR,ESA_REV,R10,1,Other current and capital transfers receivable,1997,1997,CY,1268.0,GBP,958539.0,ONS_GDP,0.132285,322933.0,ONS_GG_RECEIPTS,0.392651,strict,derived_actual,ONS_GG_RECEIPTS,1997.0,1268.0,,,,,,,,A,,ONS_GG_RECEIPTS,2026-06-18,2026-08-31,current,,,,,,,False,False,False,20260919T115610Z,derived D.39 + D.7 + (D.9 - D.91) resources
GBR_R10_strict,GBR,ESA_REV,R10,1,Other current and capital transfers receivable,1998,1998,CY,1075.0,GBP,1002804.0,ONS_GDP,0.107199,351490.0,ONS_GG_RECEIPTS,0.305841,strict,derived_actual,ONS_GG_RECEIPTS,1998.0,1075.0,,,,,,,,A,,ONS_GG_RECEIPTS,2026-06-18,2026-08-31,current,,,,,,,False,False,False,20260919T115610Z,derived D.39 + D.7 + (D.9 - D.91) resources
GBR_R10_strict,GBR,ESA_REV,R10,1,Other current and capital transfers receivable,1999,1999,CY,976.0,GBP,1046727.0,ONS_GDP,0.093243,372689.0,ONS_GG_RECEIPTS,0.261881,strict,derived_actual,ONS_GG_RECEIPTS,1999.0,976.0,,,,,,,,A,,ONS_GG_RECEIPTS,2026-06-18,2026-08-31,current,,,,,,,False,False,False,20260919T115610Z,derived D.39 + D.7 + (D.9 - D.91) resources
GBR_R10_strict,GBR,ESA_REV,R10,1,Other current and capital transfers receivable,2000,2000,CY,1175.0,GBP,1104759.0,ONS_GDP,0.106358,402079.0,ONS_GG_RECEIPTS,0.292231,strict,derived_actual,ONS_GG_RECEIPTS,2000.0,1175.0,,,,,,,,A,,ONS_GG_RECEIPTS,2026-06-18,2026-08-31,current,,,,,,,False,False,False,20260919T115610Z,derived D.39 + D.7 + (D.9 - D.91) resources
GBR_R10_strict,GBR,ESA_REV,R10,1,Other current and capital transfers receivable,2001,2001,CY,1681.0,GBP,1150542.0,ONS_GDP,0.146105,417942.0,ONS_GG_RECEIPTS,0.402209,strict,derived_actual,ONS_GG_RECEIPTS,2001.0,1681.0,,,,,,,,A,,ONS_GG_RECEIPTS,2026-06-18,2026-08-31,current,,,,,,,False,False,False,20260919T115610Z,derived D.39 + D.7 + (D.9 - D.91) resources
GBR_R10_strict,GBR,ESA_REV,R10,1,Other current and capital transfers receivable,2002,2002,CY,2034.0,GBP,1194646.0,ONS_GDP,0.17026,423991.0,ONS_GG_RECEIPTS,0.479727,strict,derived_actual,ONS_GG_RECEIPTS,2002.0,2034.0,,,,,,,,A,,ONS_GG_RECEIPTS,2026-06-18,2026-08-31,current,,,,,,,False,False,False,20260919T115610Z,derived D.39 + D.7 + (D.9 - D.91) resources
GBR_R10_strict,GBR,ESA_REV,R10,1,Other current and capital transfers receivable,2003,2003,CY,2225.0,GBP,1262502.0,ONS_GDP,0.176237,447902.0,ONS_GG_RECEIPTS,0.49676,strict,derived_actual,ONS_GG_RECEIPTS,2003.0,2225.0,,,,,,,,A,,ONS_GG_RECEIPTS,2026-06-18,2026-08-31,current,,,,,,,False,False,False,20260919T115610Z,derived D.39 + D.7 + (D.9 - D.91) resources
GBR_R10_strict,GBR,ESA_REV,R10,1,Other current and capital transfers receivable,2004,2004,CY,2101.0,GBP,1327143.0,ONS_GDP,0.15831,488059.0,ONS_GG_RECEIPTS,0.430481,strict,derived_actual,ONS_GG_RECEIPTS,2004.0,2101.0,,,,,,,,A,,ONS_GG_RECEIPTS,2026-06-18,2026-08-31,current,,,,,,,False,False,False,20260919T115610Z,derived D.39 + D.7 + (D.9 - D.91) resources
GBR_R10_strict,GBR,ESA_REV,R10,1,Other current and capital transfers receivable,2005,2005,CY,9612.0,GBP,1403249.0,ONS_GDP,0.684982,532688.0,ONS_GG_RECEIPTS,1.804433,strict,derived_actual,ONS_GG_RECEIPTS,2005.0,9612.0,,,,,,,,A,,ONS_GG_RECEIPTS,2026-06-18,2026-08-31,current,,,,,,,False,False,False,20260919T115610Z,derived D.39 + D.7 + (D.9 - D.91) resources
GBR_R10_strict,GBR,ESA_REV,R10,1,Other current and capital transfers receivable,2006,2006,CY,2734.0,GBP,1478080.0,ONS_GDP,0.18497,561010.0,ONS_GG_RECEIPTS,0.487335,strict,derived_actual,ONS_GG_RECEIPTS,2006.0,2734.0,,,,,,,,A,,ONS_GG_RECEIPTS,2026-06-18,2026-08-31,current,,,,,,,False,False,False,20260919T115610Z,derived D.39 + D.7 + (D.9 - D.91) resources
GBR_R10_strict,GBR,ESA_REV,R10,1,Other current and capital transfers receivable,2007,2007,CY,3098.0,GBP,1551729.0,ONS_GDP,0.199648,594042.0,ONS_GG_RECEIPTS,0.521512,strict,derived_actual,ONS_GG_RECEIPTS,2007.0,3098.0,,,,,,,,A,,ONS_GG_RECEIPTS,2026-06-18,2026-08-31,current,,,,,,,False,False,False,20260919T115610Z,derived D.39 + D.7 + (D.9 - D.91) resources
GBR_R10_strict,GBR,ESA_REV,R10,1,Other current and capital transfers receivable,2008,2008,CY,3404.0,GBP,1602217.0,ONS_GDP,0.212456,625274.0,ONS_GG_RECEIPTS,0.544401,strict,derived_actual,ONS_GG_RECEIPTS,2008.0,3404.0,,,,,,,,A,,ONS_GG_RECEIPTS,2026-06-18,2026-08-31,current,,,,,,,False,False,False,20260919T115610Z,derived D.39 + D.7 + (D.9 - D.91) resources
GBR_R10_strict,GBR,ESA_REV,R10,1,Other current and capital transfers receivable,2009,2009,CY,3542.0,GBP,1559405.0,ONS_GDP,0.227138,576520.0,ONS_GG_RECEIPTS,0.614376,strict,derived_actual,ONS_GG_RECEIPTS,2009.0,3542.0,,,,,,,,A,,ONS_GG_RECEIPTS,2026-06-18,2026-08-31,current,,,,,,,False,False,False,20260919T115610Z,derived D.39 + D.7 + (D.9 - D.91) resources
GBR_R10_strict,GBR,ESA_REV,R10,1,Other current and capital transfers receivable,2010,2010,CY,3314.0,GBP,1615839.0,ONS_GDP,0.205095,612140.0,ONS_GG_RECEIPTS,0.541379,strict,derived_actual,ONS_GG_RECEIPTS,2010.0,3314.0,,,,,,,,A,,ONS_GG_RECEIPTS,2026-06-18,2026-08-31,current,,,,,,,False,False,False,20260919T115610Z,derived D.39 + D.7 + (D.9 - D.91) resources
GBR_R10_strict,GBR,ESA_REV,R10,1,Other current and capital transfers receivable,2011,2011,CY,2389.0,GBP,1669945.0,ONS_GDP,0.143059,637367.0,ONS_GG_RECEIPTS,0.374823,strict,derived_actual,ONS_GG_RECEIPTS,2011.0,2389.0,,,,,,,,A,,ONS_GG_RECEIPTS,2026-06-18,2026-08-31,current,,,,,,,False,False,False,20260919T115610Z,derived D.39 + D.7 + (D.9 - D.91) resources
GBR_R10_strict,GBR,ESA_REV,R10,1,Other current and capital transfers receivable,2012,2012,CY,4116.0,GBP,1721708.0,ONS_GDP,0.239065,643820.0,ONS_GG_RECEIPTS,0.639309,strict,derived_actual,ONS_GG_RECEIPTS,2012.0,4116.0,,,,,,,,A,,ONS_GG_RECEIPTS,2026-06-18,2026-08-31,current,,,,,,,False,False,False,20260919T115610Z,derived D.39 + D.7 + (D.9 - D.91) resources
GBR_R10_strict,GBR,ESA_REV,R10,1,Other current and capital transfers receivable,2013,2013,CY,6302.0,GBP,1789072.0,ONS_GDP,0.35225,685641.0,ONS_GG_RECEIPTS,0.91914,strict,derived_actual,ONS_GG_RECEIPTS,2013.0,6302.0,,,,,,,,A,,ONS_GG_RECEIPTS,2026-06-18,2026-08-31,current,,,,,,,False,False,False,20260919T115610Z,derived D.39 + D.7 + (D.9 - D.91) resources
GBR_R10_strict,GBR,ESA_REV,R10,1,Other current and capital transfers receivable,2014,2014,CY,9072.0,GBP,1875066.0,ONS_GDP,0.483823,700490.0,ONS_GG_RECEIPTS,1.295093,strict,derived_actual,ONS_GG_RECEIPTS,2014.0,9072.0,,,,,,,,A,,ONS_GG_RECEIPTS,2026-06-18,2026-08-31,current,,,,,,,False,False,False,20260919T115610Z,derived D.39 + D.7 + (D.9 - D.91) resources
GBR_R10_strict,GBR,ESA_REV,R10,1,Other current and capital transfers receivable,2015,2015,CY,7742.0,GBP,1928016.0,ONS_GDP,0.401553,725144.0,ONS_GG_RECEIPTS,1.06765,strict,derived_actual,ONS_GG_RECEIPTS,2015.0,7742.0,,,,,,,,A,,ONS_GG_RECEIPTS,2026-06-18,2026-08-31,current,,,,,,,False,False,False,20260919T115610Z,derived D.39 + D.7 + (D.9 - D.91) resources
GBR_R10_strict,GBR,ESA_REV,R10,1,Other current and capital transfers receivable,2016,2016,CY,6882.0,GBP,2004755.0,ONS_GDP,0.343284,763115.0,ONS_GG_RECEIPTS,0.90183,strict,derived_actual,ONS_GG_RECEIPTS,2016.0,6882.0,,,,,,,,A,,ONS_GG_RECEIPTS,2026-06-18,2026-08-31,current,,,,,,,False,False,False,20260919T115610Z,derived D.39 + D.7 + (D.9 - D.91) resources
GBR_R10_strict,GBR,ESA_REV,R10,1,Other current and capital transfers receivable,2017,2017,CY,7983.0,GBP,2097222.0,ONS_GDP,0.380646,805501.0,ONS_GG_RECEIPTS,0.99106,strict,derived_actual,ONS_GG_RECEIPTS,2017.0,7983.0,,,,,,,,A,,ONS_GG_RECEIPTS,2026-06-18,2026-08-31,current,,,,,,,False,False,False,20260919T115610Z,derived D.39 + D.7 + (D.9 - D.91) resources
GBR_R10_strict,GBR,ESA_REV,R10,1,Other current and capital transfers receivable,2018,2018,CY,8356.0,GBP,2171559.0,ONS_GDP,0.384793,832110.0,ONS_GG_RECEIPTS,1.004194,strict,derived_actual,ONS_GG_RECEIPTS,2018.0,8356.0,,,,,,,,A,,ONS_GG_RECEIPTS,2026-06-18,2026-08-31,current,,,,,,,False,False,False,20260919T115610Z,derived D.39 + D.7 + (D.9 - D.91) resources
GBR_R10_strict,GBR,ESA_REV,R10,1,Other current and capital transfers receivable,2019,2019,CY,7957.0,GBP,2252961.0,ONS_GDP,0.35318,859047.0,ONS_GG_RECEIPTS,0.926259,strict,derived_actual,ONS_GG_RECEIPTS,2019.0,7957.0,,,,,,,,A,,ONS_GG_RECEIPTS,2026-06-18,2026-08-31,current,,,,,,,False,False,False,20260919T115610Z,derived D.39 + D.7 + (D.9 - D.91) resources
GBR_R10_strict,GBR,ESA_REV,R10,1,Other current and capital transfers receivable,2020,2020,CY,7679.0,GBP,2124720.0,ONS_GDP,0.361412,825490.0,ONS_GG_RECEIPTS,0.930235,strict,derived_actual,ONS_GG_RECEIPTS,2020.0,7679.0,,,,,,,,A,,ONS_GG_RECEIPTS,2026-06-18,2026-08-31,current,,,,,,,False,False,False,20260919T115610Z,derived D.39 + D.7 + (D.9 - D.91) resources
GBR_R10_strict,GBR,ESA_REV,R10,1,Other current and capital transfers receivable,2021,2021,CY,8615.0,GBP,2322652.0,ONS_GDP,0.370912,926020.0,ONS_GG_RECEIPTS,0.930325,strict,derived_actual,ONS_GG_RECEIPTS,2021.0,8615.0,,,,,,,,A,,ONS_GG_RECEIPTS,2026-06-18,2026-08-31,current,,,,,,,False,False,False,20260919T115610Z,derived D.39 + D.7 + (D.9 - D.91) resources
GBR_R10_strict,GBR,ESA_REV,R10,1,Other current and capital transfers receivable,2022,2022,CY,25397.0,GBP,2580949.0,ONS_GDP,0.984018,1056873.0,ONS_GG_RECEIPTS,2.403032,strict,derived_actual,ONS_GG_RECEIPTS,2022.0,25397.0,,,,,,,,A,,ONS_GG_RECEIPTS,2026-06-18,2026-08-31,current,,,,,,,False,False,False,20260919T115610Z,derived D.39 + D.7 + (D.9 - D.91) resources
GBR_R10_strict,GBR,ESA_REV,R10,1,Other current and capital transfers receivable,2023,2023,CY,8386.0,GBP,2752164.0,ONS_GDP,0.304706,1114183.0,ONS_GG_RECEIPTS,0.752659,strict,derived_actual,ONS_GG_RECEIPTS,2023.0,8386.0,,,,,,,,A,,ONS_GG_RECEIPTS,2026-06-18,2026-08-31,current,,,,,,,False,False,False,20260919T115610Z,derived D.39 + D.7 + (D.9 - D.91) resources
GBR_R10_strict,GBR,ESA_REV,R10,1,Other current and capital transfers receivable,2024,2024,CY,11669.0,GBP,2890254.0,ONS_GDP,0.403736,1162812.0,ONS_GG_RECEIPTS,1.003516,strict,derived_actual,ONS_GG_RECEIPTS,2024.0,11669.0,,,,,,,,A,,ONS_GG_RECEIPTS,2026-06-18,2026-08-31,current,,,,,,,False,False,False,20260919T115610Z,derived D.39 + D.7 + (D.9 - D.91) resources
GBR_R10_strict,GBR,ESA_REV,R10,1,Other current and capital transfers receivable,2025,2025,CY,8491.0,GBP,3033866.0,ONS_GDP,0.279874,1246259.0,ONS_GG_RECEIPTS,0.681319,strict,derived_actual,ONS_GG_RECEIPTS,2025.0,8491.0,,,,,,,,A,,ONS_GG_RECEIPTS,2026-06-18,2026-08-31,current,,,,,,,False,False,False,20260919T115610Z,derived D.39 + D.7 + (D.9 - D.91) resources
GBR_TR_strict,GBR,ESA_REV,TR,total,Total revenue,1990,1990,CY,227587.0,GBP,672977.0,ONS_GDP,33.817946,,ONS_GG_RECEIPTS,,strict,anchor_actual,ONS_GG_RECEIPTS,1990.0,227587.0,,,,,,,,A,,ONS_GG_RECEIPTS,2026-06-18,2026-08-31,current,,,,,,,False,False,False,20260919T115610Z,
GBR_TR_strict,GBR,ESA_REV,TR,total,Total revenue,1991,1991,CY,238031.0,GBP,708072.0,ONS_GDP,33.616779,,ONS_GG_RECEIPTS,,strict,anchor_actual,ONS_GG_RECEIPTS,1991.0,238031.0,,,,,,,,A,,ONS_GG_RECEIPTS,2026-06-18,2026-08-31,current,,,,,,,False,False,False,20260919T115610Z,
GBR_TR_strict,GBR,ESA_REV,TR,total,Total revenue,1992,1992,CY,241577.0,GBP,733221.0,ONS_GDP,32.947365,,ONS_GG_RECEIPTS,,strict,anchor_actual,ONS_GG_RECEIPTS,1992.0,241577.0,,,,,,,,A,,ONS_GG_RECEIPTS,2026-06-18,2026-08-31,current,,,,,,,False,False,False,20260919T115610Z,
GBR_TR_strict,GBR,ESA_REV,TR,total,Total revenue,1993,1993,CY,244677.0,GBP,772390.0,ONS_GDP,31.677909,,ONS_GG_RECEIPTS,,strict,anchor_actual,ONS_GG_RECEIPTS,1993.0,244677.0,,,,,,,,A,,ONS_GG_RECEIPTS,2026-06-18,2026-08-31,current,,,,,,,False,False,False,20260919T115610Z,
GBR_TR_strict,GBR,ESA_REV,TR,total,Total revenue,1994,1994,CY,262194.0,GBP,813527.0,ONS_GDP,32.229293,,ONS_GG_RECEIPTS,,strict,anchor_actual,ONS_GG_RECEIPTS,1994.0,262194.0,,,,,,,,A,,ONS_GG_RECEIPTS,2026-06-18,2026-08-31,current,,,,,,,False,False,False,20260919T115610Z,
GBR_TR_strict,GBR,ESA_REV,TR,total,Total revenue,1995,1995,CY,282664.0,GBP,854921.0,ONS_GDP,33.063172,,ONS_GG_RECEIPTS,,strict,anchor_actual,ONS_GG_RECEIPTS,1995.0,282664.0,,,,,,,,A,,ONS_GG_RECEIPTS,2026-06-18,2026-08-31,current,,,,,,,False,False,False,20260919T115610Z,
GBR_TR_strict,GBR,ESA_REV,TR,total,Total revenue,1996,1996,CY,300002.0,GBP,913609.0,ONS_GDP,32.837023,,ONS_GG_RECEIPTS,,strict,anchor_actual,ONS_GG_RECEIPTS,1996.0,300002.0,,,,,,,,A,,ONS_GG_RECEIPTS,2026-06-18,2026-08-31,current,,,,,,,False,False,False,20260919T115610Z,
GBR_TR_strict,GBR,ESA_REV,TR,total,Total revenue,1997,1997,CY,322933.0,GBP,958539.0,ONS_GDP,33.690126,,ONS_GG_RECEIPTS,,strict,anchor_actual,ONS_GG_RECEIPTS,1997.0,322933.0,,,,,,,,A,,ONS_GG_RECEIPTS,2026-06-18,2026-08-31,current,,,,,,,False,False,False,20260919T115610Z,
GBR_TR_strict,GBR,ESA_REV,TR,total,Total revenue,1998,1998,CY,351490.0,GBP,1002804.0,ONS_GDP,35.050718,,ONS_GG_RECEIPTS,,strict,anchor_actual,ONS_GG_RECEIPTS,1998.0,351490.0,,,,,,,,A,,ONS_GG_RECEIPTS,2026-06-18,2026-08-31,current,,,,,,,False,False,False,20260919T115610Z,
GBR_TR_strict,GBR,ESA_REV,TR,total,Total revenue,1999,1999,CY,372689.0,GBP,1046727.0,ONS_GDP,35.605177,,ONS_GG_RECEIPTS,,strict,anchor_actual,ONS_GG_RECEIPTS,1999.0,372689.0,,,,,,,,A,,ONS_GG_RECEIPTS,2026-06-18,2026-08-31,current,,,,,,,False,False,False,20260919T115610Z,
GBR_TR_strict,GBR,ESA_REV,TR,total,Total revenue,2000,2000,CY,402079.0,GBP,1104759.0,ONS_GDP,36.395178,,ONS_GG_RECEIPTS,,strict,anchor_actual,ONS_GG_RECEIPTS,2000.0,402079.0,,,,,,,,A,,ONS_GG_RECEIPTS,2026-06-18,2026-08-31,current,,,,,,,False,False,False,20260919T115610Z,
GBR_TR_strict,GBR,ESA_REV,TR,total,Total revenue,2001,2001,CY,417942.0,GBP,1150542.0,ONS_GDP,36.325662,,ONS_GG_RECEIPTS,,strict,anchor_actual,ONS_GG_RECEIPTS,2001.0,417942.0,,,,,,,,A,,ONS_GG_RECEIPTS,2026-06-18,2026-08-31,current,,,,,,,False,False,False,20260919T115610Z,
GBR_TR_strict,GBR,ESA_REV,TR,total,Total revenue,2002,2002,CY,423991.0,GBP,1194646.0,ONS_GDP,35.490932,,ONS_GG_RECEIPTS,,strict,anchor_actual,ONS_GG_RECEIPTS,2002.0,423991.0,,,,,,,,A,,ONS_GG_RECEIPTS,2026-06-18,2026-08-31,current,,,,,,,False,False,False,20260919T115610Z,
GBR_TR_strict,GBR,ESA_REV,TR,total,Total revenue,2003,2003,CY,447902.0,GBP,1262502.0,ONS_GDP,35.47733,,ONS_GG_RECEIPTS,,strict,anchor_actual,ONS_GG_RECEIPTS,2003.0,447902.0,,,,,,,,A,,ONS_GG_RECEIPTS,2026-06-18,2026-08-31,current,,,,,,,False,False,False,20260919T115610Z,
GBR_TR_strict,GBR,ESA_REV,TR,total,Total revenue,2004,2004,CY,488059.0,GBP,1327143.0,ONS_GDP,36.775163,,ONS_GG_RECEIPTS,,strict,anchor_actual,ONS_GG_RECEIPTS,2004.0,488059.0,,,,,,,,A,,ONS_GG_RECEIPTS,2026-06-18,2026-08-31,current,,,,,,,False,False,False,20260919T115610Z,
GBR_TR_strict,GBR,ESA_REV,TR,total,Total revenue,2005,2005,CY,532688.0,GBP,1403249.0,ONS_GDP,37.961046,,ONS_GG_RECEIPTS,,strict,anchor_actual,ONS_GG_RECEIPTS,2005.0,532688.0,,,,,,,,A,,ONS_GG_RECEIPTS,2026-06-18,2026-08-31,current,,,,,,,False,False,False,20260919T115610Z,
GBR_TR_strict,GBR,ESA_REV,TR,total,Total revenue,2006,2006,CY,561010.0,GBP,1478080.0,ONS_GDP,37.95532,,ONS_GG_RECEIPTS,,strict,anchor_actual,ONS_GG_RECEIPTS,2006.0,561010.0,,,,,,,,A,,ONS_GG_RECEIPTS,2026-06-18,2026-08-31,current,,,,,,,False,False,False,20260919T115610Z,
GBR_TR_strict,GBR,ESA_REV,TR,total,Total revenue,2007,2007,CY,594042.0,GBP,1551729.0,ONS_GDP,38.282587,,ONS_GG_RECEIPTS,,strict,anchor_actual,ONS_GG_RECEIPTS,2007.0,594042.0,,,,,,,,A,,ONS_GG_RECEIPTS,2026-06-18,2026-08-31,current,,,,,,,False,False,False,20260919T115610Z,
GBR_TR_strict,GBR,ESA_REV,TR,total,Total revenue,2008,2008,CY,625274.0,GBP,1602217.0,ONS_GDP,39.02555,,ONS_GG_RECEIPTS,,strict,anchor_actual,ONS_GG_RECEIPTS,2008.0,625274.0,,,,,,,,A,,ONS_GG_RECEIPTS,2026-06-18,2026-08-31,current,,,,,,,False,False,False,20260919T115610Z,
GBR_TR_strict,GBR,ESA_REV,TR,total,Total revenue,2009,2009,CY,576520.0,GBP,1559405.0,ONS_GDP,36.970511,,ONS_GG_RECEIPTS,,strict,anchor_actual,ONS_GG_RECEIPTS,2009.0,576520.0,,,,,,,,A,,ONS_GG_RECEIPTS,2026-06-18,2026-08-31,current,,,,,,,False,False,False,20260919T115610Z,
GBR_TR_strict,GBR,ESA_REV,TR,total,Total revenue,2010,2010,CY,612140.0,GBP,1615839.0,ONS_GDP,37.883725,,ONS_GG_RECEIPTS,,strict,anchor_actual,ONS_GG_RECEIPTS,2010.0,612140.0,,,,,,,,A,,ONS_GG_RECEIPTS,2026-06-18,2026-08-31,current,,,,,,,False,False,False,20260919T115610Z,
GBR_TR_strict,GBR,ESA_REV,TR,total,Total revenue,2011,2011,CY,637367.0,GBP,1669945.0,ONS_GDP,38.166946,,ONS_GG_RECEIPTS,,strict,anchor_actual,ONS_GG_RECEIPTS,2011.0,637367.0,,,,,,,,A,,ONS_GG_RECEIPTS,2026-06-18,2026-08-31,current,,,,,,,False,False,False,20260919T115610Z,
GBR_TR_strict,GBR,ESA_REV,TR,total,Total revenue,2012,2012,CY,643820.0,GBP,1721708.0,ONS_GDP,37.394262,,ONS_GG_RECEIPTS,,strict,anchor_actual,ONS_GG_RECEIPTS,2012.0,643820.0,,,,,,,,A,,ONS_GG_RECEIPTS,2026-06-18,2026-08-31,current,,,,,,,False,False,False,20260919T115610Z,
GBR_TR_strict,GBR,ESA_REV,TR,total,Total revenue,2013,2013,CY,685641.0,GBP,1789072.0,ONS_GDP,38.323835,,ONS_GG_RECEIPTS,,strict,anchor_actual,ONS_GG_RECEIPTS,2013.0,685641.0,,,,,,,,A,,ONS_GG_RECEIPTS,2026-06-18,2026-08-31,current,,,,,,,False,False,False,20260919T115610Z,
GBR_TR_strict,GBR,ESA_REV,TR,total,Total revenue,2014,2014,CY,700490.0,GBP,1875066.0,ONS_GDP,37.358152,,ONS_GG_RECEIPTS,,strict,anchor_actual,ONS_GG_RECEIPTS,2014.0,700490.0,,,,,,,,A,,ONS_GG_RECEIPTS,2026-06-18,2026-08-31,current,,,,,,,False,False,False,20260919T115610Z,
GBR_TR_strict,GBR,ESA_REV,TR,total,Total revenue,2015,2015,CY,725144.0,GBP,1928016.0,ONS_GDP,37.610891,,ONS_GG_RECEIPTS,,strict,anchor_actual,ONS_GG_RECEIPTS,2015.0,725144.0,,,,,,,,A,,ONS_GG_RECEIPTS,2026-06-18,2026-08-31,current,,,,,,,False,False,False,20260919T115610Z,
GBR_TR_strict,GBR,ESA_REV,TR,total,Total revenue,2016,2016,CY,763115.0,GBP,2004755.0,ONS_GDP,38.06525,,ONS_GG_RECEIPTS,,strict,anchor_actual,ONS_GG_RECEIPTS,2016.0,763115.0,,,,,,,,A,,ONS_GG_RECEIPTS,2026-06-18,2026-08-31,current,,,,,,,False,False,False,20260919T115610Z,
GBR_TR_strict,GBR,ESA_REV,TR,total,Total revenue,2017,2017,CY,805501.0,GBP,2097222.0,ONS_GDP,38.407999,,ONS_GG_RECEIPTS,,strict,anchor_actual,ONS_GG_RECEIPTS,2017.0,805501.0,,,,,,,,A,,ONS_GG_RECEIPTS,2026-06-18,2026-08-31,current,,,,,,,False,False,False,20260919T115610Z,
GBR_TR_strict,GBR,ESA_REV,TR,total,Total revenue,2018,2018,CY,832110.0,GBP,2171559.0,ONS_GDP,38.318554,,ONS_GG_RECEIPTS,,strict,anchor_actual,ONS_GG_RECEIPTS,2018.0,832110.0,,,,,,,,A,,ONS_GG_RECEIPTS,2026-06-18,2026-08-31,current,,,,,,,False,False,False,20260919T115610Z,
GBR_TR_strict,GBR,ESA_REV,TR,total,Total revenue,2019,2019,CY,859047.0,GBP,2252961.0,ONS_GDP,38.129688,,ONS_GG_RECEIPTS,,strict,anchor_actual,ONS_GG_RECEIPTS,2019.0,859047.0,,,,,,,,A,,ONS_GG_RECEIPTS,2026-06-18,2026-08-31,current,,,,,,,False,False,False,20260919T115610Z,
GBR_TR_strict,GBR,ESA_REV,TR,total,Total revenue,2020,2020,CY,825490.0,GBP,2124720.0,ONS_GDP,38.851708,,ONS_GG_RECEIPTS,,strict,anchor_actual,ONS_GG_RECEIPTS,2020.0,825490.0,,,,,,,,A,,ONS_GG_RECEIPTS,2026-06-18,2026-08-31,current,,,,,,,False,False,False,20260919T115610Z,
GBR_TR_strict,GBR,ESA_REV,TR,total,Total revenue,2021,2021,CY,926020.0,GBP,2322652.0,ONS_GDP,39.869081,,ONS_GG_RECEIPTS,,strict,anchor_actual,ONS_GG_RECEIPTS,2021.0,926020.0,,,,,,,,A,,ONS_GG_RECEIPTS,2026-06-18,2026-08-31,current,,,,,,,False,False,False,20260919T115610Z,
GBR_TR_strict,GBR,ESA_REV,TR,total,Total revenue,2022,2022,CY,1056873.0,GBP,2580949.0,ONS_GDP,40.949008,,ONS_GG_RECEIPTS,,strict,anchor_actual,ONS_GG_RECEIPTS,2022.0,1056873.0,,,,,,,,A,,ONS_GG_RECEIPTS,2026-06-18,2026-08-31,current,,,,,,,False,False,False,20260919T115610Z,
GBR_TR_strict,GBR,ESA_REV,TR,total,Total revenue,2023,2023,CY,1114183.0,GBP,2752164.0,ONS_GDP,40.483888,,ONS_GG_RECEIPTS,,strict,anchor_actual,ONS_GG_RECEIPTS,2023.0,1114183.0,,,,,,,,A,,ONS_GG_RECEIPTS,2026-06-18,2026-08-31,current,,,,,,,False,False,False,20260919T115610Z,
GBR_TR_strict,GBR,ESA_REV,TR,total,Total revenue,2024,2024,CY,1162812.0,GBP,2890254.0,ONS_GDP,40.232173,,ONS_GG_RECEIPTS,,strict,anchor_actual,ONS_GG_RECEIPTS,2024.0,1162812.0,,,,,,,,A,,ONS_GG_RECEIPTS,2026-06-18,2026-08-31,current,,,,,,,False,False,False,20260919T115610Z,
GBR_TR_strict,GBR,ESA_REV,TR,total,Total revenue,2025,2025,CY,1246259.0,GBP,3033866.0,ONS_GDP,41.078248,,ONS_GG_RECEIPTS,,strict,anchor_actual,ONS_GG_RECEIPTS,2025.0,1246259.0,,,,,,,,A,,ONS_GG_RECEIPTS,2026-06-18,2026-08-31,current,,,,,,,False,False,False,20260919T115610Z,
GBR_R02_A_strict,GBR,ESA_REV,R02_A,2,Excise duties,1995,1995,CY,30074.0,GBP,854921.0,ONS_GDP,3.517752,282664.0,ONS_GG_RECEIPTS,10.639487,strict,anchor_actual,ONS_TAX_DETAIL,1995.0,30074.0,,,,,,,,A,,ONS_TAX_DETAIL,2026-06-18,2026-08-31,current,,,,,28167.0,-6.341,False,False,False,20260919T115610Z,"NTL table 9 D214A + D2122C (per-tax detail table; the parent comes from ESA Table 2, so any drift lands in the remainder)"
GBR_R02_A_strict,GBR,ESA_REV,R02_A,2,Excise duties,1996,1996,CY,31936.0,GBP,913609.0,ONS_GDP,3.495587,300002.0,ONS_GG_RECEIPTS,10.645262,strict,anchor_actual,ONS_TAX_DETAIL,1996.0,31936.0,,,,,,,,A,,ONS_TAX_DETAIL,2026-06-18,2026-08-31,current,,,,,30174.0,-5.5173,False,False,False,20260919T115610Z,"NTL table 9 D214A + D2122C (per-tax detail table; the parent comes from ESA Table 2, so any drift lands in the remainder)"
GBR_R02_A_strict,GBR,ESA_REV,R02_A,2,Excise duties,1997,1997,CY,33394.0,GBP,958539.0,ONS_GDP,3.483844,322933.0,ONS_GG_RECEIPTS,10.340845,strict,anchor_actual,ONS_TAX_DETAIL,1997.0,33394.0,,,,,,,,A,,ONS_TAX_DETAIL,2026-06-18,2026-08-31,current,,,,,31957.0,-4.3032,False,False,False,20260919T115610Z,"NTL table 9 D214A + D2122C (per-tax detail table; the parent comes from ESA Table 2, so any drift lands in the remainder)"
GBR_R02_A_strict,GBR,ESA_REV,R02_A,2,Excise duties,1998,1998,CY,35968.0,GBP,1002804.0,ONS_GDP,3.586743,351490.0,ONS_GG_RECEIPTS,10.233008,strict,anchor_actual,ONS_TAX_DETAIL,1998.0,35968.0,,,,,,,,A,,ONS_TAX_DETAIL,2026-06-18,2026-08-31,current,,,,,34529.0,-4.0008,False,False,False,20260919T115610Z,"NTL table 9 D214A + D2122C (per-tax detail table; the parent comes from ESA Table 2, so any drift lands in the remainder)"
GBR_R02_A_strict,GBR,ESA_REV,R02_A,2,Excise duties,1999,1999,CY,37948.0,GBP,1046727.0,ONS_GDP,3.625396,372689.0,ONS_GG_RECEIPTS,10.182216,strict,anchor_actual,ONS_TAX_DETAIL,1999.0,37948.0,,,,,,,,A,,ONS_TAX_DETAIL,2026-06-18,2026-08-31,current,,,,,36517.0,-3.7709,False,False,False,20260919T115610Z,"NTL table 9 D214A + D2122C (per-tax detail table; the parent comes from ESA Table 2, so any drift lands in the remainder)"
GBR_R02_A_strict,GBR,ESA_REV,R02_A,2,Excise duties,2000,2000,CY,38811.0,GBP,1104759.0,ONS_GDP,3.513074,402079.0,ONS_GG_RECEIPTS,9.652581,strict,anchor_actual,ONS_TAX_DETAIL,2000.0,38811.0,,,,,,,,A,,ONS_TAX_DETAIL,2026-06-18,2026-08-31,current,,,,,37315.0,-3.8546,False,False,False,20260919T115610Z,"NTL table 9 D214A + D2122C (per-tax detail table; the parent comes from ESA Table 2, so any drift lands in the remainder)"
GBR_R02_A_strict,GBR,ESA_REV,R02_A,2,Excise duties,2001,2001,CY,38749.0,GBP,1150542.0,ONS_GDP,3.367891,417942.0,ONS_GG_RECEIPTS,9.271382,strict,anchor_actual,ONS_TAX_DETAIL,2001.0,38749.0,,,,,,,,A,,ONS_TAX_DETAIL,2026-06-18,2026-08-31,current,,,,,36628.0,-5.4737,False,False,False,20260919T115610Z,"NTL table 9 D214A + D2122C (per-tax detail table; the parent comes from ESA Table 2, so any drift lands in the remainder)"
GBR_R02_A_strict,GBR,ESA_REV,R02_A,2,Excise duties,2002,2002,CY,40309.0,GBP,1194646.0,ONS_GDP,3.374138,423991.0,ONS_GG_RECEIPTS,9.507041,strict,anchor_actual,ONS_TAX_DETAIL,2002.0,40309.0,,,,,,,,A,,ONS_TAX_DETAIL,2026-06-18,2026-08-31,current,,,,,37469.0,-7.0456,False,False,False,20260919T115610Z,"NTL table 9 D214A + D2122C (per-tax detail table; the parent comes from ESA Table 2, so any drift lands in the remainder)"
GBR_R02_A_strict,GBR,ESA_REV,R02_A,2,Excise duties,2003,2003,CY,41246.0,GBP,1262502.0,ONS_GDP,3.267005,447902.0,ONS_GG_RECEIPTS,9.208711,strict,anchor_actual,ONS_TAX_DETAIL,2003.0,41246.0,,,,,,,,A,,ONS_TAX_DETAIL,2026-06-18,2026-08-31,current,,,,,38065.0,-7.7123,False,False,False,20260919T115610Z,"NTL table 9 D214A + D2122C (per-tax detail table; the parent comes from ESA Table 2, so any drift lands in the remainder)"
GBR_R02_A_strict,GBR,ESA_REV,R02_A,2,Excise duties,2004,2004,CY,42819.0,GBP,1327143.0,ONS_GDP,3.226404,488059.0,ONS_GG_RECEIPTS,8.773325,strict,anchor_actual,ONS_TAX_DETAIL,2004.0,42819.0,,,,,,,,A,,ONS_TAX_DETAIL,2026-06-18,2026-08-31,current,,,,,39441.0,-7.889,False,False,False,20260919T115610Z,"NTL table 9 D214A + D2122C (per-tax detail table; the parent comes from ESA Table 2, so any drift lands in the remainder)"
GBR_R02_A_strict,GBR,ESA_REV,R02_A,2,Excise duties,2005,2005,CY,42649.0,GBP,1403249.0,ONS_GDP,3.039304,532688.0,ONS_GG_RECEIPTS,8.006375,strict,anchor_actual,ONS_TAX_DETAIL,2005.0,42649.0,,,,,,,,A,,ONS_TAX_DETAIL,2026-06-18,2026-08-31,current,,,,,39287.0,-7.883,False,False,False,20260919T115610Z,"NTL table 9 D214A + D2122C (per-tax detail table; the parent comes from ESA Table 2, so any drift lands in the remainder)"
GBR_R02_A_strict,GBR,ESA_REV,R02_A,2,Excise duties,2006,2006,CY,42987.0,GBP,1478080.0,ONS_GDP,2.9083,561010.0,ONS_GG_RECEIPTS,7.66243,strict,anchor_actual,ONS_TAX_DETAIL,2006.0,42987.0,,,,,,,,A,,ONS_TAX_DETAIL,2026-06-18,2026-08-31,current,,,,,39440.0,-8.2513,False,False,False,20260919T115610Z,"NTL table 9 D214A + D2122C (per-tax detail table; the parent comes from ESA Table 2, so any drift lands in the remainder)"
GBR_R02_A_strict,GBR,ESA_REV,R02_A,2,Excise duties,2007,2007,CY,45290.0,GBP,1551729.0,ONS_GDP,2.91868,594042.0,ONS_GG_RECEIPTS,7.62404,strict,anchor_actual,ONS_TAX_DETAIL,2007.0,45290.0,,,,,,,,A,,ONS_TAX_DETAIL,2026-06-18,2026-08-31,current,,,,,40427.0,-10.7375,False,False,False,20260919T115610Z,"NTL table 9 D214A + D2122C (per-tax detail table; the parent comes from ESA Table 2, so any drift lands in the remainder)"
GBR_R02_A_strict,GBR,ESA_REV,R02_A,2,Excise duties,2008,2008,CY,46828.0,GBP,1602217.0,ONS_GDP,2.9227,625274.0,ONS_GG_RECEIPTS,7.489197,strict,anchor_actual,ONS_TAX_DETAIL,2008.0,46828.0,,,,,,,,A,,ONS_TAX_DETAIL,2026-06-18,2026-08-31,current,,,,,41719.0,-10.9101,False,False,False,20260919T115610Z,"NTL table 9 D214A + D2122C (per-tax detail table; the parent comes from ESA Table 2, so any drift lands in the remainder)"
GBR_R02_A_strict,GBR,ESA_REV,R02_A,2,Excise duties,2009,2009,CY,49072.0,GBP,1559405.0,ONS_GDP,3.146841,576520.0,ONS_GG_RECEIPTS,8.51176,strict,anchor_actual,ONS_TAX_DETAIL,2009.0,49072.0,,,,,,,,A,,ONS_TAX_DETAIL,2026-06-18,2026-08-31,current,,,,,43877.0,-10.5865,False,False,False,20260919T115610Z,"NTL table 9 D214A + D2122C (per-tax detail table; the parent comes from ESA Table 2, so any drift lands in the remainder)"
GBR_R02_A_strict,GBR,ESA_REV,R02_A,2,Excise duties,2010,2010,CY,51592.0,GBP,1615839.0,ONS_GDP,3.192892,612140.0,ONS_GG_RECEIPTS,8.428137,strict,anchor_actual,ONS_TAX_DETAIL,2010.0,51592.0,,,,,,,,A,,ONS_TAX_DETAIL,2026-06-18,2026-08-31,current,,,,,45454.0,-11.8972,False,False,False,20260919T115610Z,"NTL table 9 D214A + D2122C (per-tax detail table; the parent comes from ESA Table 2, so any drift lands in the remainder)"
GBR_R02_A_strict,GBR,ESA_REV,R02_A,2,Excise duties,2011,2011,CY,53228.0,GBP,1669945.0,ONS_GDP,3.18741,637367.0,ONS_GG_RECEIPTS,8.351232,strict,anchor_actual,ONS_TAX_DETAIL,2011.0,53228.0,,,,,,,,A,,ONS_TAX_DETAIL,2026-06-18,2026-08-31,current,,,,,46164.0,-13.2712,False,False,False,20260919T115610Z,"NTL table 9 D214A + D2122C (per-tax detail table; the parent comes from ESA Table 2, so any drift lands in the remainder)"
GBR_R02_A_strict,GBR,ESA_REV,R02_A,2,Excise duties,2012,2012,CY,54665.0,GBP,1721708.0,ONS_GDP,3.175045,643820.0,ONS_GG_RECEIPTS,8.490727,strict,anchor_actual,ONS_TAX_DETAIL,2012.0,54665.0,,,,,,,,A,,ONS_TAX_DETAIL,2026-06-18,2026-08-31,current,,,,,46813.0,-14.3639,False,False,False,20260919T115610Z,"NTL table 9 D214A + D2122C (per-tax detail table; the parent comes from ESA Table 2, so any drift lands in the remainder)"
GBR_R02_A_strict,GBR,ESA_REV,R02_A,2,Excise duties,2013,2013,CY,55761.0,GBP,1789072.0,ONS_GDP,3.116756,685641.0,ONS_GG_RECEIPTS,8.132682,strict,anchor_actual,ONS_TAX_DETAIL,2013.0,55761.0,,,,,,,,A,,ONS_TAX_DETAIL,2026-06-18,2026-08-31,current,,,,,46588.0,-16.4506,False,False,False,20260919T115610Z,"NTL table 9 D214A + D2122C (per-tax detail table; the parent comes from ESA Table 2, so any drift lands in the remainder)"
GBR_R02_A_strict,GBR,ESA_REV,R02_A,2,Excise duties,2014,2014,CY,57675.0,GBP,1875066.0,ONS_GDP,3.075892,700490.0,ONS_GG_RECEIPTS,8.233522,strict,anchor_actual,ONS_TAX_DETAIL,2014.0,57675.0,,,,,,,,A,,ONS_TAX_DETAIL,2026-06-18,2026-08-31,current,,,,,47124.0,-18.2939,False,False,False,20260919T115610Z,"NTL table 9 D214A + D2122C (per-tax detail table; the parent comes from ESA Table 2, so any drift lands in the remainder)"
GBR_R02_A_strict,GBR,ESA_REV,R02_A,2,Excise duties,2015,2015,CY,58848.0,GBP,1928016.0,ONS_GDP,3.052257,725144.0,ONS_GG_RECEIPTS,8.115354,strict,anchor_actual,ONS_TAX_DETAIL,2015.0,58848.0,,,,,,,,A,,ONS_TAX_DETAIL,2026-06-18,2026-08-31,current,,,,,47294.0,-19.6336,False,False,False,20260919T115610Z,"NTL table 9 D214A + D2122C (per-tax detail table; the parent comes from ESA Table 2, so any drift lands in the remainder)"
GBR_R02_A_strict,GBR,ESA_REV,R02_A,2,Excise duties,2016,2016,CY,60487.0,GBP,2004755.0,ONS_GDP,3.017177,763115.0,ONS_GG_RECEIPTS,7.926328,strict,anchor_actual,ONS_TAX_DETAIL,2016.0,60487.0,,,,,,,,A,,ONS_TAX_DETAIL,2026-06-18,2026-08-31,current,,,,,47951.0,-20.7251,False,False,False,20260919T115610Z,"NTL table 9 D214A + D2122C (per-tax detail table; the parent comes from ESA Table 2, so any drift lands in the remainder)"
GBR_R02_A_strict,GBR,ESA_REV,R02_A,2,Excise duties,2017,2017,CY,62303.0,GBP,2097222.0,ONS_GDP,2.970739,805501.0,ONS_GG_RECEIPTS,7.734689,strict,anchor_actual,ONS_TAX_DETAIL,2017.0,62303.0,,,,,,,,A,,ONS_TAX_DETAIL,2026-06-18,2026-08-31,current,,,,,48697.0,-21.8384,False,False,False,20260919T115610Z,"NTL table 9 D214A + D2122C (per-tax detail table; the parent comes from ESA Table 2, so any drift lands in the remainder)"
GBR_R02_A_strict,GBR,ESA_REV,R02_A,2,Excise duties,2018,2018,CY,63994.0,GBP,2171559.0,ONS_GDP,2.946915,832110.0,ONS_GG_RECEIPTS,7.69057,strict,anchor_actual,ONS_TAX_DETAIL,2018.0,63994.0,,,,,,,,A,,ONS_TAX_DETAIL,2026-06-18,2026-08-31,current,,,,,49125.0,-23.235,False,False,False,20260919T115610Z,"NTL table 9 D214A + D2122C (per-tax detail table; the parent comes from ESA Table 2, so any drift lands in the remainder)"
GBR_R02_A_strict,GBR,ESA_REV,R02_A,2,Excise duties,2019,2019,CY,65260.0,GBP,2252961.0,ONS_GDP,2.896632,859047.0,ONS_GG_RECEIPTS,7.59679,strict,anchor_actual,ONS_TAX_DETAIL,2019.0,65260.0,,,,,,,,A,,ONS_TAX_DETAIL,2026-06-18,2026-08-31,current,,,,,49285.0,-24.479,False,False,False,20260919T115610Z,"NTL table 9 D214A + D2122C (per-tax detail table; the parent comes from ESA Table 2, so any drift lands in the remainder)"
GBR_R02_A_strict,GBR,ESA_REV,R02_A,2,Excise duties,2020,2020,CY,57311.0,GBP,2124720.0,ONS_GDP,2.697344,825490.0,ONS_GG_RECEIPTS,6.942664,strict,anchor_actual,ONS_TAX_DETAIL,2020.0,57311.0,,,,,,,,A,,ONS_TAX_DETAIL,2026-06-18,2026-08-31,current,,,,,44880.0,-21.6904,False,False,False,20260919T115610Z,"NTL table 9 D214A + D2122C (per-tax detail table; the parent comes from ESA Table 2, so any drift lands in the remainder)"
GBR_R02_A_strict,GBR,ESA_REV,R02_A,2,Excise duties,2021,2021,CY,59425.0,GBP,2322652.0,ONS_GDP,2.558498,926020.0,ONS_GG_RECEIPTS,6.417248,strict,anchor_actual,ONS_TAX_DETAIL,2021.0,59425.0,,,,,,,,A,,ONS_TAX_DETAIL,2026-06-18,2026-08-31,current,,,,,48304.0,-18.7143,False,False,False,20260919T115610Z,"NTL table 9 D214A + D2122C (per-tax detail table; the parent comes from ESA Table 2, so any drift lands in the remainder)"
GBR_R02_A_strict,GBR,ESA_REV,R02_A,2,Excise duties,2022,2022,CY,60875.0,GBP,2580949.0,ONS_GDP,2.358629,1056873.0,ONS_GG_RECEIPTS,5.759916,strict,anchor_actual,ONS_TAX_DETAIL,2022.0,60875.0,,,,,,,,A,,ONS_TAX_DETAIL,2026-06-18,2026-08-31,current,,,,,47831.0,-21.4275,False,False,False,20260919T115610Z,"NTL table 9 D214A + D2122C (per-tax detail table; the parent comes from ESA Table 2, so any drift lands in the remainder)"
GBR_R02_A_strict,GBR,ESA_REV,R02_A,2,Excise duties,2023,2023,CY,62261.0,GBP,2752164.0,ONS_GDP,2.262256,1114183.0,ONS_GG_RECEIPTS,5.588041,strict,anchor_actual,ONS_TAX_DETAIL,2023.0,62261.0,,,,,,,,A,,ONS_TAX_DETAIL,2026-06-18,2026-08-31,current,,,,,46639.0,-25.0911,False,False,False,20260919T115610Z,"NTL table 9 D214A + D2122C (per-tax detail table; the parent comes from ESA Table 2, so any drift lands in the remainder)"
GBR_R02_A_strict,GBR,ESA_REV,R02_A,2,Excise duties,2024,2024,CY,62166.0,GBP,2890254.0,ONS_GDP,2.150884,1162812.0,ONS_GG_RECEIPTS,5.346178,strict,anchor_actual,ONS_TAX_DETAIL,2024.0,62166.0,,,,,,,,A,,ONS_TAX_DETAIL,2026-06-18,2026-08-31,current,,,,,45410.0,-26.9536,False,False,False,20260919T115610Z,"NTL table 9 D214A + D2122C (per-tax detail table; the parent comes from ESA Table 2, so any drift lands in the remainder)"
GBR_R02_A_strict,GBR,ESA_REV,R02_A,2,Excise duties,2025,2025,CY,63143.0,GBP,3033866.0,ONS_GDP,2.081272,1246259.0,ONS_GG_RECEIPTS,5.066603,strict,anchor_actual,ONS_TAX_DETAIL,2025.0,63143.0,,,,,,,,A,,ONS_TAX_DETAIL,2026-06-18,2026-08-31,current,,,,,,,False,False,False,20260919T115610Z,"NTL table 9 D214A + D2122C (per-tax detail table; the parent comes from ESA Table 2, so any drift lands in the remainder)"
GBR_R02_X_strict,GBR,ESA_REV,R02_X,derived,Other taxes on production and imports excluding excise duties,1995,1995,CY,18685.0,GBP,854921.0,ONS_GDP,2.185582,282664.0,ONS_GG_RECEIPTS,6.610322,strict,derived_actual,ONS_GG_RECEIPTS,1995.0,18685.0,,,,,,,,A,,ONS_GG_RECEIPTS,2026-06-18,2026-08-31,current,,,,,,,False,False,False,20260919T115610Z,derived R02 - R02_A; never forecast
GBR_R02_X_strict,GBR,ESA_REV,R02_X,derived,Other taxes on production and imports excluding excise duties,1996,1996,CY,19758.0,GBP,913609.0,ONS_GDP,2.162632,300002.0,ONS_GG_RECEIPTS,6.585956,strict,derived_actual,ONS_GG_RECEIPTS,1996.0,19758.0,,,,,,,,A,,ONS_GG_RECEIPTS,2026-06-18,2026-08-31,current,,,,,,,False,False,False,20260919T115610Z,derived R02 - R02_A; never forecast
GBR_R02_X_strict,GBR,ESA_REV,R02_X,derived,Other taxes on production and imports excluding excise duties,1997,1997,CY,22312.0,GBP,958539.0,ONS_GDP,2.327709,322933.0,ONS_GG_RECEIPTS,6.909173,strict,derived_actual,ONS_GG_RECEIPTS,1997.0,22312.0,,,,,,,,A,,ONS_GG_RECEIPTS,2026-06-18,2026-08-31,current,,,,,,,False,False,False,20260919T115610Z,derived R02 - R02_A; never forecast
GBR_R02_X_strict,GBR,ESA_REV,R02_X,derived,Other taxes on production and imports excluding excise duties,1998,1998,CY,24283.0,GBP,1002804.0,ONS_GDP,2.42151,351490.0,ONS_GG_RECEIPTS,6.908589,strict,derived_actual,ONS_GG_RECEIPTS,1998.0,24283.0,,,,,,,,A,,ONS_GG_RECEIPTS,2026-06-18,2026-08-31,current,,,,,,,False,False,False,20260919T115610Z,derived R02 - R02_A; never forecast
GBR_R02_X_strict,GBR,ESA_REV,R02_X,derived,Other taxes on production and imports excluding excise duties,1999,1999,CY,26716.0,GBP,1046727.0,ONS_GDP,2.552337,372689.0,ONS_GG_RECEIPTS,7.168443,strict,derived_actual,ONS_GG_RECEIPTS,1999.0,26716.0,,,,,,,,A,,ONS_GG_RECEIPTS,2026-06-18,2026-08-31,current,,,,,,,False,False,False,20260919T115610Z,derived R02 - R02_A; never forecast
GBR_R02_X_strict,GBR,ESA_REV,R02_X,derived,Other taxes on production and imports excluding excise duties,2000,2000,CY,31072.0,GBP,1104759.0,ONS_GDP,2.812559,402079.0,ONS_GG_RECEIPTS,7.727835,strict,derived_actual,ONS_GG_RECEIPTS,2000.0,31072.0,,,,,,,,A,,ONS_GG_RECEIPTS,2026-06-18,2026-08-31,current,,,,,,,False,False,False,20260919T115610Z,derived R02 - R02_A; never forecast
GBR_R02_X_strict,GBR,ESA_REV,R02_X,derived,Other taxes on production and imports excluding excise duties,2001,2001,CY,32755.0,GBP,1150542.0,ONS_GDP,2.846919,417942.0,ONS_GG_RECEIPTS,7.837212,strict,derived_actual,ONS_GG_RECEIPTS,2001.0,32755.0,,,,,,,,A,,ONS_GG_RECEIPTS,2026-06-18,2026-08-31,current,,,,,,,False,False,False,20260919T115610Z,derived R02 - R02_A; never forecast
GBR_R02_X_strict,GBR,ESA_REV,R02_X,derived,Other taxes on production and imports excluding excise duties,2002,2002,CY,31734.0,GBP,1194646.0,ONS_GDP,2.656352,423991.0,ONS_GG_RECEIPTS,7.484593,strict,derived_actual,ONS_GG_RECEIPTS,2002.0,31734.0,,,,,,,,A,,ONS_GG_RECEIPTS,2026-06-18,2026-08-31,current,,,,,,,False,False,False,20260919T115610Z,derived R02 - R02_A; never forecast
GBR_R02_X_strict,GBR,ESA_REV,R02_X,derived,Other taxes on production and imports excluding excise duties,2003,2003,CY,31030.0,GBP,1262502.0,ONS_GDP,2.457818,447902.0,ONS_GG_RECEIPTS,6.927855,strict,derived_actual,ONS_GG_RECEIPTS,2003.0,31030.0,,,,,,,,A,,ONS_GG_RECEIPTS,2026-06-18,2026-08-31,current,,,,,,,False,False,False,20260919T115610Z,derived R02 - R02_A; never forecast
GBR_R02_X_strict,GBR,ESA_REV,R02_X,derived,Other taxes on production and imports excluding excise duties,2004,2004,CY,33258.0,GBP,1327143.0,ONS_GDP,2.505985,488059.0,ONS_GG_RECEIPTS,6.81434,strict,derived_actual,ONS_GG_RECEIPTS,2004.0,33258.0,,,,,,,,A,,ONS_GG_RECEIPTS,2026-06-18,2026-08-31,current,,,,,,,False,False,False,20260919T115610Z,derived R02 - R02_A; never forecast
GBR_R02_X_strict,GBR,ESA_REV,R02_X,derived,Other taxes on production and imports excluding excise duties,2005,2005,CY,35166.0,GBP,1403249.0,ONS_GDP,2.506041,532688.0,ONS_GG_RECEIPTS,6.601613,strict,derived_actual,ONS_GG_RECEIPTS,2005.0,35166.0,,,,,,,,A,,ONS_GG_RECEIPTS,2026-06-18,2026-08-31,current,,,,,,,False,False,False,20260919T115610Z,derived R02 - R02_A; never forecast
GBR_R02_X_strict,GBR,ESA_REV,R02_X,derived,Other taxes on production and imports excluding excise duties,2006,2006,CY,39814.0,GBP,1478080.0,ONS_GDP,2.69363,561010.0,ONS_GG_RECEIPTS,7.096843,strict,derived_actual,ONS_GG_RECEIPTS,2006.0,39814.0,,,,,,,,A,,ONS_GG_RECEIPTS,2026-06-18,2026-08-31,current,,,,,,,False,False,False,20260919T115610Z,derived R02 - R02_A; never forecast
GBR_R02_X_strict,GBR,ESA_REV,R02_X,derived,Other taxes on production and imports excluding excise duties,2007,2007,CY,42416.0,GBP,1551729.0,ONS_GDP,2.733467,594042.0,ONS_GG_RECEIPTS,7.140236,strict,derived_actual,ONS_GG_RECEIPTS,2007.0,42416.0,,,,,,,,A,,ONS_GG_RECEIPTS,2026-06-18,2026-08-31,current,,,,,,,False,False,False,20260919T115610Z,derived R02 - R02_A; never forecast
GBR_R02_X_strict,GBR,ESA_REV,R02_X,derived,Other taxes on production and imports excluding excise duties,2008,2008,CY,38750.0,GBP,1602217.0,ONS_GDP,2.418524,625274.0,ONS_GG_RECEIPTS,6.197283,strict,derived_actual,ONS_GG_RECEIPTS,2008.0,38750.0,,,,,,,,A,,ONS_GG_RECEIPTS,2026-06-18,2026-08-31,current,,,,,,,False,False,False,20260919T115610Z,derived R02 - R02_A; never forecast
GBR_R02_X_strict,GBR,ESA_REV,R02_X,derived,Other taxes on production and imports excluding excise duties,2009,2009,CY,37660.0,GBP,1559405.0,ONS_GDP,2.415024,576520.0,ONS_GG_RECEIPTS,6.532297,strict,derived_actual,ONS_GG_RECEIPTS,2009.0,37660.0,,,,,,,,A,,ONS_GG_RECEIPTS,2026-06-18,2026-08-31,current,,,,,,,False,False,False,20260919T115610Z,derived R02 - R02_A; never forecast
GBR_R02_X_strict,GBR,ESA_REV,R02_X,derived,Other taxes on production and imports excluding excise duties,2010,2010,CY,44120.0,GBP,1615839.0,ONS_GDP,2.73047,612140.0,ONS_GG_RECEIPTS,7.207502,strict,derived_actual,ONS_GG_RECEIPTS,2010.0,44120.0,,,,,,,,A,,ONS_GG_RECEIPTS,2026-06-18,2026-08-31,current,,,,,,,False,False,False,20260919T115610Z,derived R02 - R02_A; never forecast
GBR_R02_X_strict,GBR,ESA_REV,R02_X,derived,Other taxes on production and imports excluding excise duties,2011,2011,CY,42670.0,GBP,1669945.0,ONS_GDP,2.555174,637367.0,ONS_GG_RECEIPTS,6.69473,strict,derived_actual,ONS_GG_RECEIPTS,2011.0,42670.0,,,,,,,,A,,ONS_GG_RECEIPTS,2026-06-18,2026-08-31,current,,,,,,,False,False,False,20260919T115610Z,derived R02 - R02_A; never forecast
GBR_R02_X_strict,GBR,ESA_REV,R02_X,derived,Other taxes on production and imports excluding excise duties,2012,2012,CY,44867.0,GBP,1721708.0,ONS_GDP,2.605959,643820.0,ONS_GG_RECEIPTS,6.968873,strict,derived_actual,ONS_GG_RECEIPTS,2012.0,44867.0,,,,,,,,A,,ONS_GG_RECEIPTS,2026-06-18,2026-08-31,current,,,,,,,False,False,False,20260919T115610Z,derived R02 - R02_A; never forecast
GBR_R02_X_strict,GBR,ESA_REV,R02_X,derived,Other taxes on production and imports excluding excise duties,2013,2013,CY,48621.0,GBP,1789072.0,ONS_GDP,2.717666,685641.0,ONS_GG_RECEIPTS,7.09132,strict,derived_actual,ONS_GG_RECEIPTS,2013.0,48621.0,,,,,,,,A,,ONS_GG_RECEIPTS,2026-06-18,2026-08-31,current,,,,,,,False,False,False,20260919T115610Z,derived R02 - R02_A; never forecast
GBR_R02_X_strict,GBR,ESA_REV,R02_X,derived,Other taxes on production and imports excluding excise duties,2014,2014,CY,51176.0,GBP,1875066.0,ONS_GDP,2.729291,700490.0,ONS_GG_RECEIPTS,7.305743,strict,derived_actual,ONS_GG_RECEIPTS,2014.0,51176.0,,,,,,,,A,,ONS_GG_RECEIPTS,2026-06-18,2026-08-31,current,,,,,,,False,False,False,20260919T115610Z,derived R02 - R02_A; never forecast
GBR_R02_X_strict,GBR,ESA_REV,R02_X,derived,Other taxes on production and imports excluding excise duties,2015,2015,CY,52898.0,GBP,1928016.0,ONS_GDP,2.743649,725144.0,ONS_GG_RECEIPTS,7.294827,strict,derived_actual,ONS_GG_RECEIPTS,2015.0,52898.0,,,,,,,,A,,ONS_GG_RECEIPTS,2026-06-18,2026-08-31,current,,,,,,,False,False,False,20260919T115610Z,derived R02 - R02_A; never forecast
GBR_R02_X_strict,GBR,ESA_REV,R02_X,derived,Other taxes on production and imports excluding excise duties,2016,2016,CY,57668.0,GBP,2004755.0,ONS_GDP,2.876561,763115.0,ONS_GG_RECEIPTS,7.556921,strict,derived_actual,ONS_GG_RECEIPTS,2016.0,57668.0,,,,,,,,A,,ONS_GG_RECEIPTS,2026-06-18,2026-08-31,current,,,,,,,False,False,False,20260919T115610Z,derived R02 - R02_A; never forecast
GBR_R02_X_strict,GBR,ESA_REV,R02_X,derived,Other taxes on production and imports excluding excise duties,2017,2017,CY,61920.0,GBP,2097222.0,ONS_GDP,2.952477,805501.0,ONS_GG_RECEIPTS,7.687141,strict,derived_actual,ONS_GG_RECEIPTS,2017.0,61920.0,,,,,,,,A,,ONS_GG_RECEIPTS,2026-06-18,2026-08-31,current,,,,,,,False,False,False,20260919T115610Z,derived R02 - R02_A; never forecast
GBR_R02_X_strict,GBR,ESA_REV,R02_X,derived,Other taxes on production and imports excluding excise duties,2018,2018,CY,63179.0,GBP,2171559.0,ONS_GDP,2.909384,832110.0,ONS_GG_RECEIPTS,7.592626,strict,derived_actual,ONS_GG_RECEIPTS,2018.0,63179.0,,,,,,,,A,,ONS_GG_RECEIPTS,2026-06-18,2026-08-31,current,,,,,,,False,False,False,20260919T115610Z,derived R02 - R02_A; never forecast
GBR_R02_X_strict,GBR,ESA_REV,R02_X,derived,Other taxes on production and imports excluding excise duties,2019,2019,CY,64770.0,GBP,2252961.0,ONS_GDP,2.874883,859047.0,ONS_GG_RECEIPTS,7.53975,strict,derived_actual,ONS_GG_RECEIPTS,2019.0,64770.0,,,,,,,,A,,ONS_GG_RECEIPTS,2026-06-18,2026-08-31,current,,,,,,,False,False,False,20260919T115610Z,derived R02 - R02_A; never forecast
GBR_R02_X_strict,GBR,ESA_REV,R02_X,derived,Other taxes on production and imports excluding excise duties,2020,2020,CY,51310.0,GBP,2124720.0,ONS_GDP,2.414906,825490.0,ONS_GG_RECEIPTS,6.215702,strict,derived_actual,ONS_GG_RECEIPTS,2020.0,51310.0,,,,,,,,A,,ONS_GG_RECEIPTS,2026-06-18,2026-08-31,current,,,,,,,False,False,False,20260919T115610Z,derived R02 - R02_A; never forecast
GBR_R02_X_strict,GBR,ESA_REV,R02_X,derived,Other taxes on production and imports excluding excise duties,2021,2021,CY,66341.0,GBP,2322652.0,ONS_GDP,2.856261,926020.0,ONS_GG_RECEIPTS,7.1641,strict,derived_actual,ONS_GG_RECEIPTS,2021.0,66341.0,,,,,,,,A,,ONS_GG_RECEIPTS,2026-06-18,2026-08-31,current,,,,,,,False,False,False,20260919T115610Z,derived R02 - R02_A; never forecast
GBR_R02_X_strict,GBR,ESA_REV,R02_X,derived,Other taxes on production and imports excluding excise duties,2022,2022,CY,80849.0,GBP,2580949.0,ONS_GDP,3.13253,1056873.0,ONS_GG_RECEIPTS,7.649831,strict,derived_actual,ONS_GG_RECEIPTS,2022.0,80849.0,,,,,,,,A,,ONS_GG_RECEIPTS,2026-06-18,2026-08-31,current,,,,,,,False,False,False,20260919T115610Z,derived R02 - R02_A; never forecast
GBR_R02_X_strict,GBR,ESA_REV,R02_X,derived,Other taxes on production and imports excluding excise duties,2023,2023,CY,78103.0,GBP,2752164.0,ONS_GDP,2.837876,1114183.0,ONS_GG_RECEIPTS,7.00989,strict,derived_actual,ONS_GG_RECEIPTS,2023.0,78103.0,,,,,,,,A,,ONS_GG_RECEIPTS,2026-06-18,2026-08-31,current,,,,,,,False,False,False,20260919T115610Z,derived R02 - R02_A; never forecast
GBR_R02_X_strict,GBR,ESA_REV,R02_X,derived,Other taxes on production and imports excluding excise duties,2024,2024,CY,81798.0,GBP,2890254.0,ONS_GDP,2.830132,1162812.0,ONS_GG_RECEIPTS,7.034499,strict,derived_actual,ONS_GG_RECEIPTS,2024.0,81798.0,,,,,,,,A,,ONS_GG_RECEIPTS,2026-06-18,2026-08-31,current,,,,,,,False,False,False,20260919T115610Z,derived R02 - R02_A; never forecast
GBR_R02_X_strict,GBR,ESA_REV,R02_X,derived,Other taxes on production and imports excluding excise duties,2025,2025,CY,86770.0,GBP,3033866.0,ONS_GDP,2.860047,1246259.0,ONS_GG_RECEIPTS,6.962437,strict,derived_actual,ONS_GG_RECEIPTS,2025.0,86770.0,,,,,,,,A,,ONS_GG_RECEIPTS,2026-06-18,2026-08-31,current,,,,,,,False,False,False,20260919T115610Z,derived R02 - R02_A; never forecast
GBR_R06_E_strict,GBR,ESA_REV,R06_E,2,Employers' actual social contributions,1990,1990,CY,21292.0,GBP,672977.0,ONS_GDP,3.163853,227587.0,ONS_GG_RECEIPTS,9.355543,strict,anchor_actual,ONS_GG_RECEIPTS,1990.0,21292.0,,,,,,,,A,,ONS_GG_RECEIPTS,2026-06-18,2026-08-31,current,,,,,19984.0,-6.1432,False,False,False,20260919T115610Z,ESA Table 2 D611 receivable
GBR_R06_E_strict,GBR,ESA_REV,R06_E,2,Employers' actual social contributions,1991,1991,CY,22578.0,GBP,708072.0,ONS_GDP,3.188659,238031.0,ONS_GG_RECEIPTS,9.485319,strict,anchor_actual,ONS_GG_RECEIPTS,1991.0,22578.0,,,,,,,,A,,ONS_GG_RECEIPTS,2026-06-18,2026-08-31,current,,,,,21159.0,-6.2849,False,False,False,20260919T115610Z,ESA Table 2 D611 receivable
GBR_R06_E_strict,GBR,ESA_REV,R06_E,2,Employers' actual social contributions,1992,1992,CY,23189.0,GBP,733221.0,ONS_GDP,3.162621,241577.0,ONS_GG_RECEIPTS,9.59901,strict,anchor_actual,ONS_GG_RECEIPTS,1992.0,23189.0,,,,,,,,A,,ONS_GG_RECEIPTS,2026-06-18,2026-08-31,current,,,,,21621.0,-6.7618,False,False,False,20260919T115610Z,ESA Table 2 D611 receivable
GBR_R06_E_strict,GBR,ESA_REV,R06_E,2,Employers' actual social contributions,1993,1993,CY,24670.0,GBP,772390.0,ONS_GDP,3.193982,244677.0,ONS_GG_RECEIPTS,10.08268,strict,anchor_actual,ONS_GG_RECEIPTS,1993.0,24670.0,,,,,,,,A,,ONS_GG_RECEIPTS,2026-06-18,2026-08-31,current,,,,,23038.0,-6.6153,False,False,False,20260919T115610Z,ESA Table 2 D611 receivable
GBR_R06_E_strict,GBR,ESA_REV,R06_E,2,Employers' actual social contributions,1994,1994,CY,24913.0,GBP,813527.0,ONS_GDP,3.062345,262194.0,ONS_GG_RECEIPTS,9.501743,strict,anchor_actual,ONS_GG_RECEIPTS,1994.0,24913.0,,,,,,,,A,,ONS_GG_RECEIPTS,2026-06-18,2026-08-31,current,,,,,23240.0,-6.7154,False,False,False,20260919T115610Z,ESA Table 2 D611 receivable
GBR_R06_E_strict,GBR,ESA_REV,R06_E,2,Employers' actual social contributions,1995,1995,CY,25917.0,GBP,854921.0,ONS_GDP,3.031508,282664.0,ONS_GG_RECEIPTS,9.168836,strict,anchor_actual,ONS_GG_RECEIPTS,1995.0,25917.0,,,,,,,,A,,ONS_GG_RECEIPTS,2026-06-18,2026-08-31,current,,,,,24210.0,-6.5864,False,False,False,20260919T115610Z,ESA Table 2 D611 receivable
GBR_R06_E_strict,GBR,ESA_REV,R06_E,2,Employers' actual social contributions,1996,1996,CY,27370.0,GBP,913609.0,ONS_GDP,2.995811,300002.0,ONS_GG_RECEIPTS,9.123273,strict,anchor_actual,ONS_GG_RECEIPTS,1996.0,27370.0,,,,,,,,A,,ONS_GG_RECEIPTS,2026-06-18,2026-08-31,current,,,,,25579.0,-6.5437,False,False,False,20260919T115610Z,ESA Table 2 D611 receivable
GBR_R06_E_strict,GBR,ESA_REV,R06_E,2,Employers' actual social contributions,1997,1997,CY,31601.0,GBP,958539.0,ONS_GDP,3.296788,322933.0,ONS_GG_RECEIPTS,9.785621,strict,anchor_actual,ONS_GG_RECEIPTS,1997.0,31601.0,,,,,,,,A,,ONS_GG_RECEIPTS,2026-06-18,2026-08-31,current,,,,,27200.0,-13.9268,False,False,False,20260919T115610Z,ESA Table 2 D611 receivable
GBR_R06_E_strict,GBR,ESA_REV,R06_E,2,Employers' actual social contributions,1998,1998,CY,33457.0,GBP,1002804.0,ONS_GDP,3.336345,351490.0,ONS_GG_RECEIPTS,9.518621,strict,anchor_actual,ONS_GG_RECEIPTS,1998.0,33457.0,,,,,,,,A,,ONS_GG_RECEIPTS,2026-06-18,2026-08-31,current,,,,,28731.0,-14.1256,False,False,False,20260919T115610Z,ESA Table 2 D611 receivable
GBR_R06_E_strict,GBR,ESA_REV,R06_E,2,Employers' actual social contributions,1999,1999,CY,36512.0,GBP,1046727.0,ONS_GDP,3.488207,372689.0,ONS_GG_RECEIPTS,9.796908,strict,anchor_actual,ONS_GG_RECEIPTS,1999.0,36512.0,,,,,,,,A,,ONS_GG_RECEIPTS,2026-06-18,2026-08-31,current,,,,,31286.0,-14.3131,False,False,False,20260919T115610Z,ESA Table 2 D611 receivable
GBR_R06_E_strict,GBR,ESA_REV,R06_E,2,Employers' actual social contributions,2000,2000,CY,39915.0,GBP,1104759.0,ONS_GDP,3.613005,402079.0,ONS_GG_RECEIPTS,9.927154,strict,anchor_actual,ONS_GG_RECEIPTS,2000.0,39915.0,,,,,,,,A,,ONS_GG_RECEIPTS,2026-06-18,2026-08-31,current,,,,,34028.0,-14.7488,False,False,False,20260919T115610Z,ESA Table 2 D611 receivable
GBR_R06_E_strict,GBR,ESA_REV,R06_E,2,Employers' actual social contributions,2001,2001,CY,41965.0,GBP,1150542.0,ONS_GDP,3.647411,417942.0,ONS_GG_RECEIPTS,10.040867,strict,anchor_actual,ONS_GG_RECEIPTS,2001.0,41965.0,,,,,,,,A,,ONS_GG_RECEIPTS,2026-06-18,2026-08-31,current,,,,,35706.0,-14.9148,False,False,False,20260919T115610Z,ESA Table 2 D611 receivable
GBR_R06_E_strict,GBR,ESA_REV,R06_E,2,Employers' actual social contributions,2002,2002,CY,42862.0,GBP,1194646.0,ONS_GDP,3.587841,423991.0,ONS_GG_RECEIPTS,10.109177,strict,anchor_actual,ONS_GG_RECEIPTS,2002.0,42862.0,,,,,,,,A,,ONS_GG_RECEIPTS,2026-06-18,2026-08-31,current,,,,,35735.0,-16.6278,False,False,False,20260919T115610Z,ESA Table 2 D611 receivable
GBR_R06_E_strict,GBR,ESA_REV,R06_E,2,Employers' actual social contributions,2003,2003,CY,48191.0,GBP,1262502.0,ONS_GDP,3.817103,447902.0,ONS_GG_RECEIPTS,10.759273,strict,anchor_actual,ONS_GG_RECEIPTS,2003.0,48191.0,,,,,,,,A,,ONS_GG_RECEIPTS,2026-06-18,2026-08-31,current,,,,,39890.0,-17.2252,False,False,False,20260919T115610Z,ESA Table 2 D611 receivable
GBR_R06_E_strict,GBR,ESA_REV,R06_E,2,Employers' actual social contributions,2004,2004,CY,53871.0,GBP,1327143.0,ONS_GDP,4.059171,488059.0,ONS_GG_RECEIPTS,11.037805,strict,anchor_actual,ONS_GG_RECEIPTS,2004.0,53871.0,,,,,,,,A,,ONS_GG_RECEIPTS,2026-06-18,2026-08-31,current,,,,,43692.0,-18.8951,False,False,False,20260919T115610Z,ESA Table 2 D611 receivable
GBR_R06_E_strict,GBR,ESA_REV,R06_E,2,Employers' actual social contributions,2005,2005,CY,58764.0,GBP,1403249.0,ONS_GDP,4.18771,532688.0,ONS_GG_RECEIPTS,11.031598,strict,anchor_actual,ONS_GG_RECEIPTS,2005.0,58764.0,,,,,,,,A,,ONS_GG_RECEIPTS,2026-06-18,2026-08-31,current,,,,,46475.0,-20.9125,False,False,False,20260919T115610Z,ESA Table 2 D611 receivable
GBR_R06_E_strict,GBR,ESA_REV,R06_E,2,Employers' actual social contributions,2006,2006,CY,62061.0,GBP,1478080.0,ONS_GDP,4.198758,561010.0,ONS_GG_RECEIPTS,11.06237,strict,anchor_actual,ONS_GG_RECEIPTS,2006.0,62061.0,,,,,,,,A,,ONS_GG_RECEIPTS,2026-06-18,2026-08-31,current,,,,,49568.0,-20.1302,False,False,False,20260919T115610Z,ESA Table 2 D611 receivable
GBR_R06_E_strict,GBR,ESA_REV,R06_E,2,Employers' actual social contributions,2007,2007,CY,67233.0,GBP,1551729.0,ONS_GDP,4.33278,594042.0,ONS_GG_RECEIPTS,11.317887,strict,anchor_actual,ONS_GG_RECEIPTS,2007.0,67233.0,,,,,,,,A,,ONS_GG_RECEIPTS,2026-06-18,2026-08-31,current,,,,,53765.0,-20.0318,False,False,False,20260919T115610Z,ESA Table 2 D611 receivable
GBR_R06_E_strict,GBR,ESA_REV,R06_E,2,Employers' actual social contributions,2008,2008,CY,71232.0,GBP,1602217.0,ONS_GDP,4.44584,625274.0,ONS_GG_RECEIPTS,11.392126,strict,anchor_actual,ONS_GG_RECEIPTS,2008.0,71232.0,,,,,,,,A,,ONS_GG_RECEIPTS,2026-06-18,2026-08-31,current,,,,,57080.0,-19.8675,False,False,False,20260919T115610Z,ESA Table 2 D611 receivable
GBR_R06_E_strict,GBR,ESA_REV,R06_E,2,Employers' actual social contributions,2009,2009,CY,70375.0,GBP,1559405.0,ONS_GDP,4.512939,576520.0,ONS_GG_RECEIPTS,12.206862,strict,anchor_actual,ONS_GG_RECEIPTS,2009.0,70375.0,,,,,,,,A,,ONS_GG_RECEIPTS,2026-06-18,2026-08-31,current,,,,,54411.0,-22.6842,False,False,False,20260919T115610Z,ESA Table 2 D611 receivable
GBR_R06_E_strict,GBR,ESA_REV,R06_E,2,Employers' actual social contributions,2010,2010,CY,73173.0,GBP,1615839.0,ONS_GDP,4.528483,612140.0,ONS_GG_RECEIPTS,11.953638,strict,anchor_actual,ONS_GG_RECEIPTS,2010.0,73173.0,,,,,,,,A,,ONS_GG_RECEIPTS,2026-06-18,2026-08-31,current,,,,,55887.0,-23.6235,False,False,False,20260919T115610Z,ESA Table 2 D611 receivable
GBR_R06_E_strict,GBR,ESA_REV,R06_E,2,Employers' actual social contributions,2011,2011,CY,75075.0,GBP,1669945.0,ONS_GDP,4.495657,637367.0,ONS_GG_RECEIPTS,11.778928,strict,anchor_actual,ONS_GG_RECEIPTS,2011.0,75075.0,,,,,,,,A,,ONS_GG_RECEIPTS,2026-06-18,2026-08-31,current,,,,,58174.0,-22.5122,False,False,False,20260919T115610Z,ESA Table 2 D611 receivable
GBR_R06_E_strict,GBR,ESA_REV,R06_E,2,Employers' actual social contributions,2012,2012,CY,77353.0,GBP,1721708.0,ONS_GDP,4.492806,643820.0,ONS_GG_RECEIPTS,12.014694,strict,anchor_actual,ONS_GG_RECEIPTS,2012.0,77353.0,,,,,,,,A,,ONS_GG_RECEIPTS,2026-06-18,2026-08-31,current,,,,,60600.0,-21.6579,False,False,False,20260919T115610Z,ESA Table 2 D611 receivable
GBR_R06_E_strict,GBR,ESA_REV,R06_E,2,Employers' actual social contributions,2013,2013,CY,78395.0,GBP,1789072.0,ONS_GDP,4.381881,685641.0,ONS_GG_RECEIPTS,11.433826,strict,anchor_actual,ONS_GG_RECEIPTS,2013.0,78395.0,,,,,,,,A,,ONS_GG_RECEIPTS,2026-06-18,2026-08-31,current,,,,,62019.0,-20.8891,False,False,False,20260919T115610Z,ESA Table 2 D611 receivable
GBR_R06_E_strict,GBR,ESA_REV,R06_E,2,Employers' actual social contributions,2014,2014,CY,80457.0,GBP,1875066.0,ONS_GDP,4.290889,700490.0,ONS_GG_RECEIPTS,11.485817,strict,anchor_actual,ONS_GG_RECEIPTS,2014.0,80457.0,,,,,,,,A,,ONS_GG_RECEIPTS,2026-06-18,2026-08-31,current,,,,,63892.0,-20.5886,False,False,False,20260919T115610Z,ESA Table 2 D611 receivable
GBR_R06_E_strict,GBR,ESA_REV,R06_E,2,Employers' actual social contributions,2015,2015,CY,84735.0,GBP,1928016.0,ONS_GDP,4.394932,725144.0,ONS_GG_RECEIPTS,11.685265,strict,anchor_actual,ONS_GG_RECEIPTS,2015.0,84735.0,,,,,,,,A,,ONS_GG_RECEIPTS,2026-06-18,2026-08-31,current,,,,,66491.0,-21.5307,False,False,False,20260919T115610Z,ESA Table 2 D611 receivable
GBR_R06_E_strict,GBR,ESA_REV,R06_E,2,Employers' actual social contributions,2016,2016,CY,90330.0,GBP,2004755.0,ONS_GDP,4.505787,763115.0,ONS_GG_RECEIPTS,11.83701,strict,anchor_actual,ONS_GG_RECEIPTS,2016.0,90330.0,,,,,,,,A,,ONS_GG_RECEIPTS,2026-06-18,2026-08-31,current,,,,,71373.0,-20.9864,False,False,False,20260919T115610Z,ESA Table 2 D611 receivable
GBR_R06_E_strict,GBR,ESA_REV,R06_E,2,Employers' actual social contributions,2017,2017,CY,96181.0,GBP,2097222.0,ONS_GDP,4.586114,805501.0,ONS_GG_RECEIPTS,11.940519,strict,anchor_actual,ONS_GG_RECEIPTS,2017.0,96181.0,,,,,,,,A,,ONS_GG_RECEIPTS,2026-06-18,2026-08-31,current,,,,,76472.0,-20.4916,False,False,False,20260919T115610Z,ESA Table 2 D611 receivable
GBR_R06_E_strict,GBR,ESA_REV,R06_E,2,Employers' actual social contributions,2018,2018,CY,99597.0,GBP,2171559.0,ONS_GDP,4.586428,832110.0,ONS_GG_RECEIPTS,11.969211,strict,anchor_actual,ONS_GG_RECEIPTS,2018.0,99597.0,,,,,,,,A,,ONS_GG_RECEIPTS,2026-06-18,2026-08-31,current,,,,,79309.0,-20.3701,False,False,False,20260919T115610Z,ESA Table 2 D611 receivable
GBR_R06_E_strict,GBR,ESA_REV,R06_E,2,Employers' actual social contributions,2019,2019,CY,108582.0,GBP,2252961.0,ONS_GDP,4.819524,859047.0,ONS_GG_RECEIPTS,12.639821,strict,anchor_actual,ONS_GG_RECEIPTS,2019.0,108582.0,,,,,,,,A,,ONS_GG_RECEIPTS,2026-06-18,2026-08-31,current,,,,,82682.0,-23.8529,False,False,False,20260919T115610Z,ESA Table 2 D611 receivable
GBR_R06_E_strict,GBR,ESA_REV,R06_E,2,Employers' actual social contributions,2020,2020,CY,113007.0,GBP,2124720.0,ONS_GDP,5.318677,825490.0,ONS_GG_RECEIPTS,13.689687,strict,anchor_actual,ONS_GG_RECEIPTS,2020.0,113007.0,,,,,,,,A,,ONS_GG_RECEIPTS,2026-06-18,2026-08-31,current,,,,,82992.0,-26.5603,False,False,False,20260919T115610Z,ESA Table 2 D611 receivable
GBR_R06_E_strict,GBR,ESA_REV,R06_E,2,Employers' actual social contributions,2021,2021,CY,122815.0,GBP,2322652.0,ONS_GDP,5.287706,926020.0,ONS_GG_RECEIPTS,13.262673,strict,anchor_actual,ONS_GG_RECEIPTS,2021.0,122815.0,,,,,,,,A,,ONS_GG_RECEIPTS,2026-06-18,2026-08-31,current,,,,,91055.0,-25.86,False,False,False,20260919T115610Z,ESA Table 2 D611 receivable
GBR_R06_E_strict,GBR,ESA_REV,R06_E,2,Employers' actual social contributions,2022,2022,CY,139346.0,GBP,2580949.0,ONS_GDP,5.399022,1056873.0,ONS_GG_RECEIPTS,13.184744,strict,anchor_actual,ONS_GG_RECEIPTS,2022.0,139346.0,,,,,,,,A,,ONS_GG_RECEIPTS,2026-06-18,2026-08-31,current,,,,,105697.0,-24.1478,False,False,False,20260919T115610Z,ESA Table 2 D611 receivable
GBR_R06_E_strict,GBR,ESA_REV,R06_E,2,Employers' actual social contributions,2023,2023,CY,144994.0,GBP,2752164.0,ONS_GDP,5.268363,1114183.0,ONS_GG_RECEIPTS,13.013482,strict,anchor_actual,ONS_GG_RECEIPTS,2023.0,144994.0,,,,,,,,A,,ONS_GG_RECEIPTS,2026-06-18,2026-08-31,current,,,,,109066.0,-24.779,False,False,False,20260919T115610Z,ESA Table 2 D611 receivable
GBR_R06_E_strict,GBR,ESA_REV,R06_E,2,Employers' actual social contributions,2024,2024,CY,160636.0,GBP,2890254.0,ONS_GDP,5.557851,1162812.0,ONS_GG_RECEIPTS,13.814443,strict,anchor_actual,ONS_GG_RECEIPTS,2024.0,160636.0,,,,,,,,A,,ONS_GG_RECEIPTS,2026-06-18,2026-08-31,current,,,,,118137.0,-26.4567,False,False,False,20260919T115610Z,ESA Table 2 D611 receivable
GBR_R06_E_strict,GBR,ESA_REV,R06_E,2,Employers' actual social contributions,2025,2025,CY,188415.0,GBP,3033866.0,ONS_GDP,6.210393,1246259.0,ONS_GG_RECEIPTS,15.118446,strict,anchor_actual,ONS_GG_RECEIPTS,2025.0,188415.0,,,,,,,,A,,ONS_GG_RECEIPTS,2026-06-18,2026-08-31,current,,,,,,,False,False,False,20260919T115610Z,ESA Table 2 D611 receivable
GBR_R06_H_strict,GBR,ESA_REV,R06_H,2,Households' actual social contributions,1990,1990,CY,16468.0,GBP,672977.0,ONS_GDP,2.447038,227587.0,ONS_GG_RECEIPTS,7.235914,strict,anchor_actual,ONS_GG_RECEIPTS,1990.0,16468.0,,,,,,,,A,,ONS_GG_RECEIPTS,2026-06-18,2026-08-31,current,,,,,13296.0,-19.2616,False,False,False,20260919T115610Z,ESA Table 2 D613 receivable
GBR_R06_H_strict,GBR,ESA_REV,R06_H,2,Households' actual social contributions,1991,1991,CY,17251.0,GBP,708072.0,ONS_GDP,2.436334,238031.0,ONS_GG_RECEIPTS,7.247375,strict,anchor_actual,ONS_GG_RECEIPTS,1991.0,17251.0,,,,,,,,A,,ONS_GG_RECEIPTS,2026-06-18,2026-08-31,current,,,,,13828.0,-19.8423,False,False,False,20260919T115610Z,ESA Table 2 D613 receivable
GBR_R06_H_strict,GBR,ESA_REV,R06_H,2,Households' actual social contributions,1992,1992,CY,17820.0,GBP,733221.0,ONS_GDP,2.430372,241577.0,ONS_GG_RECEIPTS,7.37653,strict,anchor_actual,ONS_GG_RECEIPTS,1992.0,17820.0,,,,,,,,A,,ONS_GG_RECEIPTS,2026-06-18,2026-08-31,current,,,,,14104.0,-20.853,False,False,False,20260919T115610Z,ESA Table 2 D613 receivable
GBR_R06_H_strict,GBR,ESA_REV,R06_H,2,Households' actual social contributions,1993,1993,CY,18737.0,GBP,772390.0,ONS_GDP,2.425847,244677.0,ONS_GG_RECEIPTS,7.657851,strict,anchor_actual,ONS_GG_RECEIPTS,1993.0,18737.0,,,,,,,,A,,ONS_GG_RECEIPTS,2026-06-18,2026-08-31,current,,,,,14748.0,-21.2894,False,False,False,20260919T115610Z,ESA Table 2 D613 receivable
GBR_R06_H_strict,GBR,ESA_REV,R06_H,2,Households' actual social contributions,1994,1994,CY,21143.0,GBP,813527.0,ONS_GDP,2.59893,262194.0,ONS_GG_RECEIPTS,8.063876,strict,anchor_actual,ONS_GG_RECEIPTS,1994.0,21143.0,,,,,,,,A,,ONS_GG_RECEIPTS,2026-06-18,2026-08-31,current,,,,,17357.0,-17.9066,False,False,False,20260919T115610Z,ESA Table 2 D613 receivable
GBR_R06_H_strict,GBR,ESA_REV,R06_H,2,Households' actual social contributions,1995,1995,CY,22657.0,GBP,854921.0,ONS_GDP,2.650186,282664.0,ONS_GG_RECEIPTS,8.015524,strict,anchor_actual,ONS_GG_RECEIPTS,1995.0,22657.0,,,,,,,,A,,ONS_GG_RECEIPTS,2026-06-18,2026-08-31,current,,,,,18646.0,-17.7031,False,False,False,20260919T115610Z,ESA Table 2 D613 receivable
GBR_R06_H_strict,GBR,ESA_REV,R06_H,2,Households' actual social contributions,1996,1996,CY,23473.0,GBP,913609.0,ONS_GDP,2.569261,300002.0,ONS_GG_RECEIPTS,7.824281,strict,anchor_actual,ONS_GG_RECEIPTS,1996.0,23473.0,,,,,,,,A,,ONS_GG_RECEIPTS,2026-06-18,2026-08-31,current,,,,,19149.0,-18.4212,False,False,False,20260919T115610Z,ESA Table 2 D613 receivable
GBR_R06_H_strict,GBR,ESA_REV,R06_H,2,Households' actual social contributions,1997,1997,CY,25898.0,GBP,958539.0,ONS_GDP,2.70182,322933.0,ONS_GG_RECEIPTS,8.01962,strict,anchor_actual,ONS_GG_RECEIPTS,1997.0,25898.0,,,,,,,,A,,ONS_GG_RECEIPTS,2026-06-18,2026-08-31,current,,,,,21558.0,-16.7581,False,False,False,20260919T115610Z,ESA Table 2 D613 receivable
GBR_R06_H_strict,GBR,ESA_REV,R06_H,2,Households' actual social contributions,1998,1998,CY,26885.0,GBP,1002804.0,ONS_GDP,2.680983,351490.0,ONS_GG_RECEIPTS,7.648866,strict,anchor_actual,ONS_GG_RECEIPTS,1998.0,26885.0,,,,,,,,A,,ONS_GG_RECEIPTS,2026-06-18,2026-08-31,current,,,,,22528.0,-16.2061,False,False,False,20260919T115610Z,ESA Table 2 D613 receivable
GBR_R06_H_strict,GBR,ESA_REV,R06_H,2,Households' actual social contributions,1999,1999,CY,28532.0,GBP,1046727.0,ONS_GDP,2.72583,372689.0,ONS_GG_RECEIPTS,7.655713,strict,anchor_actual,ONS_GG_RECEIPTS,1999.0,28532.0,,,,,,,,A,,ONS_GG_RECEIPTS,2026-06-18,2026-08-31,current,,,,,23573.0,-17.3805,False,False,False,20260919T115610Z,ESA Table 2 D613 receivable
GBR_R06_H_strict,GBR,ESA_REV,R06_H,2,Households' actual social contributions,2000,2000,CY,29689.0,GBP,1104759.0,ONS_GDP,2.687373,402079.0,ONS_GG_RECEIPTS,7.383872,strict,anchor_actual,ONS_GG_RECEIPTS,2000.0,29689.0,,,,,,,,A,,ONS_GG_RECEIPTS,2026-06-18,2026-08-31,current,,,,,24175.0,-18.5725,False,False,False,20260919T115610Z,ESA Table 2 D613 receivable
GBR_R06_H_strict,GBR,ESA_REV,R06_H,2,Households' actual social contributions,2001,2001,CY,32027.0,GBP,1150542.0,ONS_GDP,2.783645,417942.0,ONS_GG_RECEIPTS,7.663025,strict,anchor_actual,ONS_GG_RECEIPTS,2001.0,32027.0,,,,,,,,A,,ONS_GG_RECEIPTS,2026-06-18,2026-08-31,current,,,,,25236.0,-21.204,False,False,False,20260919T115610Z,ESA Table 2 D613 receivable
GBR_R06_H_strict,GBR,ESA_REV,R06_H,2,Households' actual social contributions,2002,2002,CY,32873.0,GBP,1194646.0,ONS_GDP,2.751694,423991.0,ONS_GG_RECEIPTS,7.753231,strict,anchor_actual,ONS_GG_RECEIPTS,2002.0,32873.0,,,,,,,,A,,ONS_GG_RECEIPTS,2026-06-18,2026-08-31,current,,,,,25357.0,-22.8637,False,False,False,20260919T115610Z,ESA Table 2 D613 receivable
GBR_R06_H_strict,GBR,ESA_REV,R06_H,2,Households' actual social contributions,2003,2003,CY,38666.0,GBP,1262502.0,ONS_GDP,3.062649,447902.0,ONS_GG_RECEIPTS,8.632692,strict,anchor_actual,ONS_GG_RECEIPTS,2003.0,38666.0,,,,,,,,A,,ONS_GG_RECEIPTS,2026-06-18,2026-08-31,current,,,,,29055.0,-24.8565,False,False,False,20260919T115610Z,ESA Table 2 D613 receivable
GBR_R06_H_strict,GBR,ESA_REV,R06_H,2,Households' actual social contributions,2004,2004,CY,42376.0,GBP,1327143.0,ONS_GDP,3.193024,488059.0,ONS_GG_RECEIPTS,8.682557,strict,anchor_actual,ONS_GG_RECEIPTS,2004.0,42376.0,,,,,,,,A,,ONS_GG_RECEIPTS,2026-06-18,2026-08-31,current,,,,,32805.0,-22.5859,False,False,False,20260919T115610Z,ESA Table 2 D613 receivable
GBR_R06_H_strict,GBR,ESA_REV,R06_H,2,Households' actual social contributions,2005,2005,CY,44875.0,GBP,1403249.0,ONS_GDP,3.197936,532688.0,ONS_GG_RECEIPTS,8.424256,strict,anchor_actual,ONS_GG_RECEIPTS,2005.0,44875.0,,,,,,,,A,,ONS_GG_RECEIPTS,2026-06-18,2026-08-31,current,,,,,35159.0,-21.6513,False,False,False,20260919T115610Z,ESA Table 2 D613 receivable
GBR_R06_H_strict,GBR,ESA_REV,R06_H,2,Households' actual social contributions,2006,2006,CY,47169.0,GBP,1478080.0,ONS_GDP,3.191235,561010.0,ONS_GG_RECEIPTS,8.407872,strict,anchor_actual,ONS_GG_RECEIPTS,2006.0,47169.0,,,,,,,,A,,ONS_GG_RECEIPTS,2026-06-18,2026-08-31,current,,,,,37052.0,-21.4484,False,False,False,20260919T115610Z,ESA Table 2 D613 receivable
GBR_R06_H_strict,GBR,ESA_REV,R06_H,2,Households' actual social contributions,2007,2007,CY,46831.0,GBP,1551729.0,ONS_GDP,3.017988,594042.0,ONS_GG_RECEIPTS,7.883449,strict,anchor_actual,ONS_GG_RECEIPTS,2007.0,46831.0,,,,,,,,A,,ONS_GG_RECEIPTS,2026-06-18,2026-08-31,current,,,,,36585.0,-21.8787,False,False,False,20260919T115610Z,ESA Table 2 D613 receivable
GBR_R06_H_strict,GBR,ESA_REV,R06_H,2,Households' actual social contributions,2008,2008,CY,48582.0,GBP,1602217.0,ONS_GDP,3.032174,625274.0,ONS_GG_RECEIPTS,7.769714,strict,anchor_actual,ONS_GG_RECEIPTS,2008.0,48582.0,,,,,,,,A,,ONS_GG_RECEIPTS,2026-06-18,2026-08-31,current,,,,,38186.0,-21.3989,False,False,False,20260919T115610Z,ESA Table 2 D613 receivable
GBR_R06_H_strict,GBR,ESA_REV,R06_H,2,Households' actual social contributions,2009,2009,CY,46919.0,GBP,1559405.0,ONS_GDP,3.008776,576520.0,ONS_GG_RECEIPTS,8.138313,strict,anchor_actual,ONS_GG_RECEIPTS,2009.0,46919.0,,,,,,,,A,,ONS_GG_RECEIPTS,2026-06-18,2026-08-31,current,,,,,37184.0,-20.7485,False,False,False,20260919T115610Z,ESA Table 2 D613 receivable
GBR_R06_H_strict,GBR,ESA_REV,R06_H,2,Households' actual social contributions,2010,2010,CY,47772.0,GBP,1615839.0,ONS_GDP,2.956483,612140.0,ONS_GG_RECEIPTS,7.804097,strict,anchor_actual,ONS_GG_RECEIPTS,2010.0,47772.0,,,,,,,,A,,ONS_GG_RECEIPTS,2026-06-18,2026-08-31,current,,,,,38703.0,-18.9839,False,False,False,20260919T115610Z,ESA Table 2 D613 receivable
GBR_R06_H_strict,GBR,ESA_REV,R06_H,2,Households' actual social contributions,2011,2011,CY,50144.0,GBP,1669945.0,ONS_GDP,3.002734,637367.0,ONS_GG_RECEIPTS,7.867367,strict,anchor_actual,ONS_GG_RECEIPTS,2011.0,50144.0,,,,,,,,A,,ONS_GG_RECEIPTS,2026-06-18,2026-08-31,current,,,,,40626.0,-18.9813,False,False,False,20260919T115610Z,ESA Table 2 D613 receivable
GBR_R06_H_strict,GBR,ESA_REV,R06_H,2,Households' actual social contributions,2012,2012,CY,50717.0,GBP,1721708.0,ONS_GDP,2.945738,643820.0,ONS_GG_RECEIPTS,7.877512,strict,anchor_actual,ONS_GG_RECEIPTS,2012.0,50717.0,,,,,,,,A,,ONS_GG_RECEIPTS,2026-06-18,2026-08-31,current,,,,,41159.0,-18.8458,False,False,False,20260919T115610Z,ESA Table 2 D613 receivable
GBR_R06_H_strict,GBR,ESA_REV,R06_H,2,Households' actual social contributions,2013,2013,CY,52379.0,GBP,1789072.0,ONS_GDP,2.927719,685641.0,ONS_GG_RECEIPTS,7.639421,strict,anchor_actual,ONS_GG_RECEIPTS,2013.0,52379.0,,,,,,,,A,,ONS_GG_RECEIPTS,2026-06-18,2026-08-31,current,,,,,41481.0,-20.806,False,False,False,20260919T115610Z,ESA Table 2 D613 receivable
GBR_R06_H_strict,GBR,ESA_REV,R06_H,2,Households' actual social contributions,2014,2014,CY,54022.0,GBP,1875066.0,ONS_GDP,2.881072,700490.0,ONS_GG_RECEIPTS,7.71203,strict,anchor_actual,ONS_GG_RECEIPTS,2014.0,54022.0,,,,,,,,A,,ONS_GG_RECEIPTS,2026-06-18,2026-08-31,current,,,,,42556.0,-21.2247,False,False,False,20260919T115610Z,ESA Table 2 D613 receivable
GBR_R06_H_strict,GBR,ESA_REV,R06_H,2,Households' actual social contributions,2015,2015,CY,56688.0,GBP,1928016.0,ONS_GDP,2.940225,725144.0,ONS_GG_RECEIPTS,7.817482,strict,anchor_actual,ONS_GG_RECEIPTS,2015.0,56688.0,,,,,,,,A,,ONS_GG_RECEIPTS,2026-06-18,2026-08-31,current,,,,,44488.0,-21.5213,False,False,False,20260919T115610Z,ESA Table 2 D613 receivable
GBR_R06_H_strict,GBR,ESA_REV,R06_H,2,Households' actual social contributions,2016,2016,CY,59771.0,GBP,2004755.0,ONS_GDP,2.981462,763115.0,ONS_GG_RECEIPTS,7.832502,strict,anchor_actual,ONS_GG_RECEIPTS,2016.0,59771.0,,,,,,,,A,,ONS_GG_RECEIPTS,2026-06-18,2026-08-31,current,,,,,47295.0,-20.873,False,False,False,20260919T115610Z,ESA Table 2 D613 receivable
GBR_R06_H_strict,GBR,ESA_REV,R06_H,2,Households' actual social contributions,2017,2017,CY,63201.0,GBP,2097222.0,ONS_GDP,3.013558,805501.0,ONS_GG_RECEIPTS,7.846173,strict,anchor_actual,ONS_GG_RECEIPTS,2017.0,63201.0,,,,,,,,A,,ONS_GG_RECEIPTS,2026-06-18,2026-08-31,current,,,,,50397.0,-20.2592,False,False,False,20260919T115610Z,ESA Table 2 D613 receivable
GBR_R06_H_strict,GBR,ESA_REV,R06_H,2,Households' actual social contributions,2018,2018,CY,65611.0,GBP,2171559.0,ONS_GDP,3.021378,832110.0,ONS_GG_RECEIPTS,7.884895,strict,anchor_actual,ONS_GG_RECEIPTS,2018.0,65611.0,,,,,,,,A,,ONS_GG_RECEIPTS,2026-06-18,2026-08-31,current,,,,,52221.0,-20.4082,False,False,False,20260919T115610Z,ESA Table 2 D613 receivable
GBR_R06_H_strict,GBR,ESA_REV,R06_H,2,Households' actual social contributions,2019,2019,CY,71269.0,GBP,2252961.0,ONS_GDP,3.163348,859047.0,ONS_GG_RECEIPTS,8.296286,strict,anchor_actual,ONS_GG_RECEIPTS,2019.0,71269.0,,,,,,,,A,,ONS_GG_RECEIPTS,2026-06-18,2026-08-31,current,,,,,56914.0,-20.142,False,False,False,20260919T115610Z,ESA Table 2 D613 receivable
GBR_R06_H_strict,GBR,ESA_REV,R06_H,2,Households' actual social contributions,2020,2020,CY,71097.0,GBP,2124720.0,ONS_GDP,3.346182,825490.0,ONS_GG_RECEIPTS,8.612703,strict,anchor_actual,ONS_GG_RECEIPTS,2020.0,71097.0,,,,,,,,A,,ONS_GG_RECEIPTS,2026-06-18,2026-08-31,current,,,,,56155.0,-21.0164,False,False,False,20260919T115610Z,ESA Table 2 D613 receivable
GBR_R06_H_strict,GBR,ESA_REV,R06_H,2,Households' actual social contributions,2021,2021,CY,76357.0,GBP,2322652.0,ONS_GDP,3.287492,926020.0,ONS_GG_RECEIPTS,8.245718,strict,anchor_actual,ONS_GG_RECEIPTS,2021.0,76357.0,,,,,,,,A,,ONS_GG_RECEIPTS,2026-06-18,2026-08-31,current,,,,,60013.0,-21.4047,False,False,False,20260919T115610Z,ESA Table 2 D613 receivable
GBR_R06_H_strict,GBR,ESA_REV,R06_H,2,Households' actual social contributions,2022,2022,CY,84646.0,GBP,2580949.0,ONS_GDP,3.279646,1056873.0,ONS_GG_RECEIPTS,8.009099,strict,anchor_actual,ONS_GG_RECEIPTS,2022.0,84646.0,,,,,,,,A,,ONS_GG_RECEIPTS,2026-06-18,2026-08-31,current,,,,,67198.0,-20.6129,False,False,False,20260919T115610Z,ESA Table 2 D613 receivable
GBR_R06_H_strict,GBR,ESA_REV,R06_H,2,Households' actual social contributions,2023,2023,CY,84557.0,GBP,2752164.0,ONS_GDP,3.072382,1114183.0,ONS_GG_RECEIPTS,7.589148,strict,anchor_actual,ONS_GG_RECEIPTS,2023.0,84557.0,,,,,,,,A,,ONS_GG_RECEIPTS,2026-06-18,2026-08-31,current,,,,,66152.0,-21.7664,False,False,False,20260919T115610Z,ESA Table 2 D613 receivable
GBR_R06_H_strict,GBR,ESA_REV,R06_H,2,Households' actual social contributions,2024,2024,CY,68771.0,GBP,2890254.0,ONS_GDP,2.37941,1162812.0,ONS_GG_RECEIPTS,5.914198,strict,anchor_actual,ONS_GG_RECEIPTS,2024.0,68771.0,,,,,,,,A,,ONS_GG_RECEIPTS,2026-06-18,2026-08-31,current,,,,,50279.0,-26.8892,False,False,False,20260919T115610Z,ESA Table 2 D613 receivable
GBR_R06_H_strict,GBR,ESA_REV,R06_H,2,Households' actual social contributions,2025,2025,CY,69670.0,GBP,3033866.0,ONS_GDP,2.29641,1246259.0,ONS_GG_RECEIPTS,5.590331,strict,anchor_actual,ONS_GG_RECEIPTS,2025.0,69670.0,,,,,,,,A,,ONS_GG_RECEIPTS,2026-06-18,2026-08-31,current,,,,,,,False,False,False,20260919T115610Z,ESA Table 2 D613 receivable
GBR_R06_X_strict,GBR,ESA_REV,R06_X,derived,Imputed and supplementary social contributions (D.612 + D.614 - D.61SC),1990,1990,CY,4322.0,GBP,672977.0,ONS_GDP,0.642221,227587.0,ONS_GG_RECEIPTS,1.899054,strict,derived_actual,ONS_GG_RECEIPTS,1990.0,4322.0,,,,,,,,A,,ONS_GG_RECEIPTS,2026-06-18,2026-08-31,current,,,,,,,False,False,False,20260919T115610Z,derived R06 - R06_E - R06_H; never forecast
GBR_R06_X_strict,GBR,ESA_REV,R06_X,derived,Imputed and supplementary social contributions (D.612 + D.614 - D.61SC),1991,1991,CY,4871.0,GBP,708072.0,ONS_GDP,0.687924,238031.0,ONS_GG_RECEIPTS,2.046372,strict,derived_actual,ONS_GG_RECEIPTS,1991.0,4871.0,,,,,,,,A,,ONS_GG_RECEIPTS,2026-06-18,2026-08-31,current,,,,,,,False,False,False,20260919T115610Z,derived R06 - R06_E - R06_H; never forecast
GBR_R06_X_strict,GBR,ESA_REV,R06_X,derived,Imputed and supplementary social contributions (D.612 + D.614 - D.61SC),1992,1992,CY,5221.0,GBP,733221.0,ONS_GDP,0.712064,241577.0,ONS_GG_RECEIPTS,2.161216,strict,derived_actual,ONS_GG_RECEIPTS,1992.0,5221.0,,,,,,,,A,,ONS_GG_RECEIPTS,2026-06-18,2026-08-31,current,,,,,,,False,False,False,20260919T115610Z,derived R06 - R06_E - R06_H; never forecast
GBR_R06_X_strict,GBR,ESA_REV,R06_X,derived,Imputed and supplementary social contributions (D.612 + D.614 - D.61SC),1993,1993,CY,5245.0,GBP,772390.0,ONS_GDP,0.679061,244677.0,ONS_GG_RECEIPTS,2.143642,strict,derived_actual,ONS_GG_RECEIPTS,1993.0,5245.0,,,,,,,,A,,ONS_GG_RECEIPTS,2026-06-18,2026-08-31,current,,,,,,,False,False,False,20260919T115610Z,derived R06 - R06_E - R06_H; never forecast
GBR_R06_X_strict,GBR,ESA_REV,R06_X,derived,Imputed and supplementary social contributions (D.612 + D.614 - D.61SC),1994,1994,CY,5317.0,GBP,813527.0,ONS_GDP,0.653574,262194.0,ONS_GG_RECEIPTS,2.027888,strict,derived_actual,ONS_GG_RECEIPTS,1994.0,5317.0,,,,,,,,A,,ONS_GG_RECEIPTS,2026-06-18,2026-08-31,current,,,,,,,False,False,False,20260919T115610Z,derived R06 - R06_E - R06_H; never forecast
GBR_R06_X_strict,GBR,ESA_REV,R06_X,derived,Imputed and supplementary social contributions (D.612 + D.614 - D.61SC),1995,1995,CY,5386.0,GBP,854921.0,ONS_GDP,0.63,282664.0,ONS_GG_RECEIPTS,1.905443,strict,derived_actual,ONS_GG_RECEIPTS,1995.0,5386.0,,,,,,,,A,,ONS_GG_RECEIPTS,2026-06-18,2026-08-31,current,,,,,,,False,False,False,20260919T115610Z,derived R06 - R06_E - R06_H; never forecast
GBR_R06_X_strict,GBR,ESA_REV,R06_X,derived,Imputed and supplementary social contributions (D.612 + D.614 - D.61SC),1996,1996,CY,6445.0,GBP,913609.0,ONS_GDP,0.705444,300002.0,ONS_GG_RECEIPTS,2.148319,strict,derived_actual,ONS_GG_RECEIPTS,1996.0,6445.0,,,,,,,,A,,ONS_GG_RECEIPTS,2026-06-18,2026-08-31,current,,,,,,,False,False,False,20260919T115610Z,derived R06 - R06_E - R06_H; never forecast
GBR_R06_X_strict,GBR,ESA_REV,R06_X,derived,Imputed and supplementary social contributions (D.612 + D.614 - D.61SC),1997,1997,CY,3648.0,GBP,958539.0,ONS_GDP,0.380579,322933.0,ONS_GG_RECEIPTS,1.129646,strict,derived_actual,ONS_GG_RECEIPTS,1997.0,3648.0,,,,,,,,A,,ONS_GG_RECEIPTS,2026-06-18,2026-08-31,current,,,,,,,False,False,False,20260919T115610Z,derived R06 - R06_E - R06_H; never forecast
GBR_R06_X_strict,GBR,ESA_REV,R06_X,derived,Imputed and supplementary social contributions (D.612 + D.614 - D.61SC),1998,1998,CY,3301.0,GBP,1002804.0,ONS_GDP,0.329177,351490.0,ONS_GG_RECEIPTS,0.939145,strict,derived_actual,ONS_GG_RECEIPTS,1998.0,3301.0,,,,,,,,A,,ONS_GG_RECEIPTS,2026-06-18,2026-08-31,current,,,,,,,False,False,False,20260919T115610Z,derived R06 - R06_E - R06_H; never forecast
GBR_R06_X_strict,GBR,ESA_REV,R06_X,derived,Imputed and supplementary social contributions (D.612 + D.614 - D.61SC),1999,1999,CY,3289.0,GBP,1046727.0,ONS_GDP,0.314218,372689.0,ONS_GG_RECEIPTS,0.882505,strict,derived_actual,ONS_GG_RECEIPTS,1999.0,3289.0,,,,,,,,A,,ONS_GG_RECEIPTS,2026-06-18,2026-08-31,current,,,,,,,False,False,False,20260919T115610Z,derived R06 - R06_E - R06_H; never forecast
GBR_R06_X_strict,GBR,ESA_REV,R06_X,derived,Imputed and supplementary social contributions (D.612 + D.614 - D.61SC),2000,2000,CY,3464.0,GBP,1104759.0,ONS_GDP,0.313553,402079.0,ONS_GG_RECEIPTS,0.861522,strict,derived_actual,ONS_GG_RECEIPTS,2000.0,3464.0,,,,,,,,A,,ONS_GG_RECEIPTS,2026-06-18,2026-08-31,current,,,,,,,False,False,False,20260919T115610Z,derived R06 - R06_E - R06_H; never forecast
GBR_R06_X_strict,GBR,ESA_REV,R06_X,derived,Imputed and supplementary social contributions (D.612 + D.614 - D.61SC),2001,2001,CY,3365.0,GBP,1150542.0,ONS_GDP,0.292471,417942.0,ONS_GG_RECEIPTS,0.805136,strict,derived_actual,ONS_GG_RECEIPTS,2001.0,3365.0,,,,,,,,A,,ONS_GG_RECEIPTS,2026-06-18,2026-08-31,current,,,,,,,False,False,False,20260919T115610Z,derived R06 - R06_E - R06_H; never forecast
GBR_R06_X_strict,GBR,ESA_REV,R06_X,derived,Imputed and supplementary social contributions (D.612 + D.614 - D.61SC),2002,2002,CY,3393.0,GBP,1194646.0,ONS_GDP,0.284017,423991.0,ONS_GG_RECEIPTS,0.800253,strict,derived_actual,ONS_GG_RECEIPTS,2002.0,3393.0,,,,,,,,A,,ONS_GG_RECEIPTS,2026-06-18,2026-08-31,current,,,,,,,False,False,False,20260919T115610Z,derived R06 - R06_E - R06_H; never forecast
GBR_R06_X_strict,GBR,ESA_REV,R06_X,derived,Imputed and supplementary social contributions (D.612 + D.614 - D.61SC),2003,2003,CY,1502.0,GBP,1262502.0,ONS_GDP,0.11897,447902.0,ONS_GG_RECEIPTS,0.335341,strict,derived_actual,ONS_GG_RECEIPTS,2003.0,1502.0,,,,,,,,A,,ONS_GG_RECEIPTS,2026-06-18,2026-08-31,current,,,,,,,False,False,False,20260919T115610Z,derived R06 - R06_E - R06_H; never forecast
GBR_R06_X_strict,GBR,ESA_REV,R06_X,derived,Imputed and supplementary social contributions (D.612 + D.614 - D.61SC),2004,2004,CY,1625.0,GBP,1327143.0,ONS_GDP,0.122443,488059.0,ONS_GG_RECEIPTS,0.332952,strict,derived_actual,ONS_GG_RECEIPTS,2004.0,1625.0,,,,,,,,A,,ONS_GG_RECEIPTS,2026-06-18,2026-08-31,current,,,,,,,False,False,False,20260919T115610Z,derived R06 - R06_E - R06_H; never forecast
GBR_R06_X_strict,GBR,ESA_REV,R06_X,derived,Imputed and supplementary social contributions (D.612 + D.614 - D.61SC),2005,2005,CY,1899.0,GBP,1403249.0,ONS_GDP,0.135329,532688.0,ONS_GG_RECEIPTS,0.356494,strict,derived_actual,ONS_GG_RECEIPTS,2005.0,1899.0,,,,,,,,A,,ONS_GG_RECEIPTS,2026-06-18,2026-08-31,current,,,,,,,False,False,False,20260919T115610Z,derived R06 - R06_E - R06_H; never forecast
GBR_R06_X_strict,GBR,ESA_REV,R06_X,derived,Imputed and supplementary social contributions (D.612 + D.614 - D.61SC),2006,2006,CY,2187.0,GBP,1478080.0,ONS_GDP,0.147962,561010.0,ONS_GG_RECEIPTS,0.389833,strict,derived_actual,ONS_GG_RECEIPTS,2006.0,2187.0,,,,,,,,A,,ONS_GG_RECEIPTS,2026-06-18,2026-08-31,current,,,,,,,False,False,False,20260919T115610Z,derived R06 - R06_E - R06_H; never forecast
GBR_R06_X_strict,GBR,ESA_REV,R06_X,derived,Imputed and supplementary social contributions (D.612 + D.614 - D.61SC),2007,2007,CY,2082.0,GBP,1551729.0,ONS_GDP,0.134173,594042.0,ONS_GG_RECEIPTS,0.35048,strict,derived_actual,ONS_GG_RECEIPTS,2007.0,2082.0,,,,,,,,A,,ONS_GG_RECEIPTS,2026-06-18,2026-08-31,current,,,,,,,False,False,False,20260919T115610Z,derived R06 - R06_E - R06_H; never forecast
GBR_R06_X_strict,GBR,ESA_REV,R06_X,derived,Imputed and supplementary social contributions (D.612 + D.614 - D.61SC),2008,2008,CY,2210.0,GBP,1602217.0,ONS_GDP,0.137934,625274.0,ONS_GG_RECEIPTS,0.353445,strict,derived_actual,ONS_GG_RECEIPTS,2008.0,2210.0,,,,,,,,A,,ONS_GG_RECEIPTS,2026-06-18,2026-08-31,current,,,,,,,False,False,False,20260919T115610Z,derived R06 - R06_E - R06_H; never forecast
GBR_R06_X_strict,GBR,ESA_REV,R06_X,derived,Imputed and supplementary social contributions (D.612 + D.614 - D.61SC),2009,2009,CY,2776.0,GBP,1559405.0,ONS_GDP,0.178017,576520.0,ONS_GG_RECEIPTS,0.48151,strict,derived_actual,ONS_GG_RECEIPTS,2009.0,2776.0,,,,,,,,A,,ONS_GG_RECEIPTS,2026-06-18,2026-08-31,current,,,,,,,False,False,False,20260919T115610Z,derived R06 - R06_E - R06_H; never forecast
GBR_R06_X_strict,GBR,ESA_REV,R06_X,derived,Imputed and supplementary social contributions (D.612 + D.614 - D.61SC),2010,2010,CY,2512.0,GBP,1615839.0,ONS_GDP,0.155461,612140.0,ONS_GG_RECEIPTS,0.410364,strict,derived_actual,ONS_GG_RECEIPTS,2010.0,2512.0,,,,,,,,A,,ONS_GG_RECEIPTS,2026-06-18,2026-08-31,current,,,,,,,False,False,False,20260919T115610Z,derived R06 - R06_E - R06_H; never forecast
GBR_R06_X_strict,GBR,ESA_REV,R06_X,derived,Imputed and supplementary social contributions (D.612 + D.614 - D.61SC),2011,2011,CY,2781.0,GBP,1669945.0,ONS_GDP,0.166532,637367.0,ONS_GG_RECEIPTS,0.436326,strict,derived_actual,ONS_GG_RECEIPTS,2011.0,2781.0,,,,,,,,A,,ONS_GG_RECEIPTS,2026-06-18,2026-08-31,current,,,,,,,False,False,False,20260919T115610Z,derived R06 - R06_E - R06_H; never forecast
GBR_R06_X_strict,GBR,ESA_REV,R06_X,derived,Imputed and supplementary social contributions (D.612 + D.614 - D.61SC),2012,2012,CY,2474.0,GBP,1721708.0,ONS_GDP,0.143695,643820.0,ONS_GG_RECEIPTS,0.384269,strict,derived_actual,ONS_GG_RECEIPTS,2012.0,2474.0,,,,,,,,A,,ONS_GG_RECEIPTS,2026-06-18,2026-08-31,current,,,,,,,False,False,False,20260919T115610Z,derived R06 - R06_E - R06_H; never forecast
GBR_R06_X_strict,GBR,ESA_REV,R06_X,derived,Imputed and supplementary social contributions (D.612 + D.614 - D.61SC),2013,2013,CY,2186.0,GBP,1789072.0,ONS_GDP,0.122186,685641.0,ONS_GG_RECEIPTS,0.318826,strict,derived_actual,ONS_GG_RECEIPTS,2013.0,2186.0,,,,,,,,A,,ONS_GG_RECEIPTS,2026-06-18,2026-08-31,current,,,,,,,False,False,False,20260919T115610Z,derived R06 - R06_E - R06_H; never forecast
GBR_R06_X_strict,GBR,ESA_REV,R06_X,derived,Imputed and supplementary social contributions (D.612 + D.614 - D.61SC),2014,2014,CY,1911.0,GBP,1875066.0,ONS_GDP,0.101916,700490.0,ONS_GG_RECEIPTS,0.272809,strict,derived_actual,ONS_GG_RECEIPTS,2014.0,1911.0,,,,,,,,A,,ONS_GG_RECEIPTS,2026-06-18,2026-08-31,current,,,,,,,False,False,False,20260919T115610Z,derived R06 - R06_E - R06_H; never forecast
GBR_R06_X_strict,GBR,ESA_REV,R06_X,derived,Imputed and supplementary social contributions (D.612 + D.614 - D.61SC),2015,2015,CY,1863.0,GBP,1928016.0,ONS_GDP,0.096628,725144.0,ONS_GG_RECEIPTS,0.256914,strict,derived_actual,ONS_GG_RECEIPTS,2015.0,1863.0,,,,,,,,A,,ONS_GG_RECEIPTS,2026-06-18,2026-08-31,current,,,,,,,False,False,False,20260919T115610Z,derived R06 - R06_E - R06_H; never forecast
GBR_R06_X_strict,GBR,ESA_REV,R06_X,derived,Imputed and supplementary social contributions (D.612 + D.614 - D.61SC),2016,2016,CY,1627.0,GBP,2004755.0,ONS_GDP,0.081157,763115.0,ONS_GG_RECEIPTS,0.213205,strict,derived_actual,ONS_GG_RECEIPTS,2016.0,1627.0,,,,,,,,A,,ONS_GG_RECEIPTS,2026-06-18,2026-08-31,current,,,,,,,False,False,False,20260919T115610Z,derived R06 - R06_E - R06_H; never forecast
GBR_R06_X_strict,GBR,ESA_REV,R06_X,derived,Imputed and supplementary social contributions (D.612 + D.614 - D.61SC),2017,2017,CY,1392.0,GBP,2097222.0,ONS_GDP,0.066374,805501.0,ONS_GG_RECEIPTS,0.172812,strict,derived_actual,ONS_GG_RECEIPTS,2017.0,1392.0,,,,,,,,A,,ONS_GG_RECEIPTS,2026-06-18,2026-08-31,current,,,,,,,False,False,False,20260919T115610Z,derived R06 - R06_E - R06_H; never forecast
GBR_R06_X_strict,GBR,ESA_REV,R06_X,derived,Imputed and supplementary social contributions (D.612 + D.614 - D.61SC),2018,2018,CY,1259.0,GBP,2171559.0,ONS_GDP,0.057977,832110.0,ONS_GG_RECEIPTS,0.151302,strict,derived_actual,ONS_GG_RECEIPTS,2018.0,1259.0,,,,,,,,A,,ONS_GG_RECEIPTS,2026-06-18,2026-08-31,current,,,,,,,False,False,False,20260919T115610Z,derived R06 - R06_E - R06_H; never forecast
GBR_R06_X_strict,GBR,ESA_REV,R06_X,derived,Imputed and supplementary social contributions (D.612 + D.614 - D.61SC),2019,2019,CY,1193.0,GBP,2252961.0,ONS_GDP,0.052953,859047.0,ONS_GG_RECEIPTS,0.138875,strict,derived_actual,ONS_GG_RECEIPTS,2019.0,1193.0,,,,,,,,A,,ONS_GG_RECEIPTS,2026-06-18,2026-08-31,current,,,,,,,False,False,False,20260919T115610Z,derived R06 - R06_E - R06_H; never forecast
GBR_R06_X_strict,GBR,ESA_REV,R06_X,derived,Imputed and supplementary social contributions (D.612 + D.614 - D.61SC),2020,2020,CY,1207.0,GBP,2124720.0,ONS_GDP,0.056807,825490.0,ONS_GG_RECEIPTS,0.146216,strict,derived_actual,ONS_GG_RECEIPTS,2020.0,1207.0,,,,,,,,A,,ONS_GG_RECEIPTS,2026-06-18,2026-08-31,current,,,,,,,False,False,False,20260919T115610Z,derived R06 - R06_E - R06_H; never forecast
GBR_R06_X_strict,GBR,ESA_REV,R06_X,derived,Imputed and supplementary social contributions (D.612 + D.614 - D.61SC),2021,2021,CY,1058.0,GBP,2322652.0,ONS_GDP,0.045551,926020.0,ONS_GG_RECEIPTS,0.114252,strict,derived_actual,ONS_GG_RECEIPTS,2021.0,1058.0,,,,,,,,A,,ONS_GG_RECEIPTS,2026-06-18,2026-08-31,current,,,,,,,False,False,False,20260919T115610Z,derived R06 - R06_E - R06_H; never forecast
GBR_R06_X_strict,GBR,ESA_REV,R06_X,derived,Imputed and supplementary social contributions (D.612 + D.614 - D.61SC),2022,2022,CY,988.0,GBP,2580949.0,ONS_GDP,0.03828,1056873.0,ONS_GG_RECEIPTS,0.093483,strict,derived_actual,ONS_GG_RECEIPTS,2022.0,988.0,,,,,,,,A,,ONS_GG_RECEIPTS,2026-06-18,2026-08-31,current,,,,,,,False,False,False,20260919T115610Z,derived R06 - R06_E - R06_H; never forecast
GBR_R06_X_strict,GBR,ESA_REV,R06_X,derived,Imputed and supplementary social contributions (D.612 + D.614 - D.61SC),2023,2023,CY,1036.0,GBP,2752164.0,ONS_GDP,0.037643,1114183.0,ONS_GG_RECEIPTS,0.092983,strict,derived_actual,ONS_GG_RECEIPTS,2023.0,1036.0,,,,,,,,A,,ONS_GG_RECEIPTS,2026-06-18,2026-08-31,current,,,,,,,False,False,False,20260919T115610Z,derived R06 - R06_E - R06_H; never forecast
GBR_R06_X_strict,GBR,ESA_REV,R06_X,derived,Imputed and supplementary social contributions (D.612 + D.614 - D.61SC),2024,2024,CY,1119.0,GBP,2890254.0,ONS_GDP,0.038716,1162812.0,ONS_GG_RECEIPTS,0.096232,strict,derived_actual,ONS_GG_RECEIPTS,2024.0,1119.0,,,,,,,,A,,ONS_GG_RECEIPTS,2026-06-18,2026-08-31,current,,,,,,,False,False,False,20260919T115610Z,derived R06 - R06_E - R06_H; never forecast
GBR_R06_X_strict,GBR,ESA_REV,R06_X,derived,Imputed and supplementary social contributions (D.612 + D.614 - D.61SC),2025,2025,CY,1240.0,GBP,3033866.0,ONS_GDP,0.040872,1246259.0,ONS_GG_RECEIPTS,0.099498,strict,derived_actual,ONS_GG_RECEIPTS,2025.0,1240.0,,,,,,,,A,,ONS_GG_RECEIPTS,2026-06-18,2026-08-31,current,,,,,,,False,False,False,20260919T115610Z,derived R06 - R06_E - R06_H; never forecast
GBR_R01_strict,GBR,ESA_REV,R01,1,Value added tax,1989,1989,CY,31257.263299742208,GBP,616595.0,ONS_GDP,5.069335,,,,strict,stitched_actual,ONS_GG_RECEIPTS,1990.0,33620.0,OECD_RS,0.929722287321303,,,,0.9998,2024.0,B,OECD_RS_to_ESA_REV:1.0,OECD_RS,,2026-08-31,current,,,,,,,False,False,False,20260919T115610Z,"OECD 5111 VAT: OECD Revenue Statistics heading, growth only (§7.11): historical years cash-basis; payable tax credits net where the anchor is gross (D17); EU own resources treated as revenue reductions in some years vs D.7 payable in ESA"
GBR_R01_strict,GBR,ESA_REV,R01,1,Value added tax,1988,1988,CY,28424.73693461448,GBP,557277.0,ONS_GDP,5.100648,,,,strict,stitched_actual,ONS_GG_RECEIPTS,1990.0,33620.0,OECD_RS,0.9093802186722122,,,,0.9998,2024.0,B,OECD_RS_to_ESA_REV:1.0,OECD_RS,,2026-08-31,current,,,,,,,False,False,False,20260919T115610Z,"OECD 5111 VAT: OECD Revenue Statistics heading, growth only (§7.11): historical years cash-basis; payable tax credits net where the anchor is gross (D17); EU own resources treated as revenue reductions in some years vs D.7 payable in ESA"
GBR_R01_strict,GBR,ESA_REV,R01,1,Value added tax,1987,1987,CY,24642.782399812513,GBP,498040.0,ONS_GDP,4.947952,,,,strict,stitched_actual,ONS_GG_RECEIPTS,1990.0,33620.0,OECD_RS,0.8669484771837428,,,,0.9998,2024.0,B,OECD_RS_to_ESA_REV:1.0,OECD_RS,,2026-08-31,current,,,,,,,False,False,False,20260919T115610Z,"OECD 5111 VAT: OECD Revenue Statistics heading, growth only (§7.11): historical years cash-basis; payable tax credits net where the anchor is gross (D17); EU own resources treated as revenue reductions in some years vs D.7 payable in ESA"
GBR_R01_strict,GBR,ESA_REV,R01,1,Value added tax,1986,1986,CY,22371.639910944454,GBP,447561.0,ONS_GDP,4.998568,,,,strict,stitched_actual,ONS_GG_RECEIPTS,1990.0,33620.0,OECD_RS,0.9078374165700811,,,,0.9998,2024.0,B,OECD_RS_to_ESA_REV:1.0,OECD_RS,,2026-08-31,current,,,,,,,False,False,False,20260919T115610Z,"OECD 5111 VAT: OECD Revenue Statistics heading, growth only (§7.11): historical years cash-basis; payable tax credits net where the anchor is gross (D17); EU own resources treated as revenue reductions in some years vs D.7 payable in ESA"
GBR_R01_strict,GBR,ESA_REV,R01,1,Value added tax,1985,1985,CY,20907.11741270213,GBP,415455.0,ONS_GDP,5.032342,,,,strict,stitched_actual,ONS_GG_RECEIPTS,1990.0,33620.0,OECD_RS,0.9345366497908871,,,,0.9998,2024.0,B,OECD_RS_to_ESA_REV:1.0,OECD_RS,,2026-08-31,current,,,,,,,False,False,False,20260919T115610Z,"OECD 5111 VAT: OECD Revenue Statistics heading, growth only (§7.11): historical years cash-basis; payable tax credits net where the anchor is gross (D17); EU own resources treated as revenue reductions in some years vs D.7 payable in ESA"
GBR_R01_strict,GBR,ESA_REV,R01,1,Value added tax,1984,1984,CY,18158.306187016635,GBP,378608.0,ONS_GDP,4.79607,,,,strict,stitched_actual,ONS_GG_RECEIPTS,1990.0,33620.0,OECD_RS,0.8685227058601847,,,,0.9998,2024.0,B,OECD_RS_to_ESA_REV:1.0,OECD_RS,,2026-08-31,current,,,,,,,False,False,False,20260919T115610Z,"OECD 5111 VAT: OECD Revenue Statistics heading, growth only (§7.11): historical years cash-basis; payable tax credits net where the anchor is gross (D17); EU own resources treated as revenue reductions in some years vs D.7 payable in ESA"
GBR_R01_strict,GBR,ESA_REV,R01,1,Value added tax,1983,1983,CY,15970.87883759081,GBP,351900.0,ONS_GDP,4.538471,,,,strict,stitched_actual,ONS_GG_RECEIPTS,1990.0,33620.0,OECD_RS,0.8795357162228129,,,,0.9998,2024.0,B,OECD_RS_to_ESA_REV:1.0,OECD_RS,,2026-08-31,current,,,,,,,False,False,False,20260919T115610Z,"OECD 5111 VAT: OECD Revenue Statistics heading, growth only (§7.11): historical years cash-basis; payable tax credits net where the anchor is gross (D17); EU own resources treated as revenue reductions in some years vs D.7 payable in ESA"
GBR_R01_strict,GBR,ESA_REV,R01,1,Value added tax,1982,1982,CY,14091.72017811108,GBP,320013.0,ONS_GDP,4.403484,,,,strict,stitched_actual,ONS_GG_RECEIPTS,1990.0,33620.0,OECD_RS,0.8823384311790823,,,,0.9998,2024.0,B,OECD_RS_to_ESA_REV:1.0,OECD_RS,,2026-08-31,current,,,,,,,False,False,False,20260919T115610Z,"OECD 5111 VAT: OECD Revenue Statistics heading, growth only (§7.11): historical years cash-basis; payable tax credits net where the anchor is gross (D17); EU own resources treated as revenue reductions in some years vs D.7 payable in ESA"
GBR_R01_strict,GBR,ESA_REV,R01,1,Value added tax,1981,1981,CY,12858.645418326689,GBP,290550.0,ONS_GDP,4.425622,,,,strict,stitched_actual,ONS_GG_RECEIPTS,1990.0,33620.0,OECD_RS,0.9124965054514956,,,,0.9998,2024.0,B,OECD_RS_to_ESA_REV:1.0,OECD_RS,,2026-08-31,current,,,,,,,False,False,False,20260919T115610Z,"OECD 5111 VAT: OECD Revenue Statistics heading, growth only (§7.11): historical years cash-basis; payable tax credits net where the anchor is gross (D17); EU own resources treated as revenue reductions in some years vs D.7 payable in ESA"
GBR_R01_strict,GBR,ESA_REV,R01,1,Value added tax,1980,1980,CY,11717.164869932032,GBP,259956.0,ONS_GDP,4.507365,,,,strict,stitched_actual,ONS_GG_RECEIPTS,1990.0,33620.0,OECD_RS,0.9112285539215687,,,,0.9998,2024.0,B,OECD_RS_to_ESA_REV:1.0,OECD_RS,,2026-08-31,current,,,,,,,False,False,False,20260919T115610Z,"OECD 5111 VAT: OECD Revenue Statistics heading, growth only (§7.11): historical years cash-basis; payable tax credits net where the anchor is gross (D17); EU own resources treated as revenue reductions in some years vs D.7 payable in ESA"
GBR_R01_strict,GBR,ESA_REV,R01,1,Value added tax,1979,1979,CY,7831.797515819074,GBP,220966.0,ONS_GDP,3.544345,,,,strict,stitched_actual,ONS_GG_RECEIPTS,1990.0,33620.0,OECD_RS,0.6684037992771287,,,,0.9998,2024.0,B,OECD_RS_to_ESA_REV:1.0,OECD_RS,,2026-08-31,current,,,,,,,False,False,False,20260919T115610Z,"OECD 5111 VAT: OECD Revenue Statistics heading, growth only (§7.11): historical years cash-basis; payable tax credits net where the anchor is gross (D17); EU own resources treated as revenue reductions in some years vs D.7 payable in ESA"
GBR_R01_strict,GBR,ESA_REV,R01,1,Value added tax,1978,1978,CY,5135.185141785796,GBP,186141.0,ONS_GDP,2.758761,,,,strict,stitched_actual,ONS_GG_RECEIPTS,1990.0,33620.0,OECD_RS,0.6556841046277666,,,,0.9998,2024.0,B,OECD_RS_to_ESA_REV:1.0,OECD_RS,,2026-08-31,current,,,,,,,False,False,False,20260919T115610Z,"OECD 5111 VAT: OECD Revenue Statistics heading, growth only (§7.11): historical years cash-basis; payable tax credits net where the anchor is gross (D17); EU own resources treated as revenue reductions in some years vs D.7 payable in ESA"
GBR_R01_strict,GBR,ESA_REV,R01,1,Value added tax,1977,1977,CY,4242.880243730957,GBP,159775.0,ONS_GDP,2.655534,,,,strict,stitched_actual,ONS_GG_RECEIPTS,1990.0,33620.0,OECD_RS,0.8262370540851554,,,,0.9998,2024.0,B,OECD_RS_to_ESA_REV:1.0,OECD_RS,,2026-08-31,current,,,,,,,False,False,False,20260919T115610Z,"OECD 5111 VAT: OECD Revenue Statistics heading, growth only (§7.11): historical years cash-basis; payable tax credits net where the anchor is gross (D17); EU own resources treated as revenue reductions in some years vs D.7 payable in ESA"
GBR_R01_strict,GBR,ESA_REV,R01,1,Value added tax,1976,1976,CY,3658.8440356222154,GBP,136995.0,ONS_GDP,2.670787,,,,strict,stitched_actual,ONS_GG_RECEIPTS,1990.0,33620.0,OECD_RS,0.8623491179201486,,,,0.9998,2024.0,B,OECD_RS_to_ESA_REV:1.0,OECD_RS,,2026-08-31,current,,,,,,,False,False,False,20260919T115610Z,"OECD 5111 VAT: OECD Revenue Statistics heading, growth only (§7.11): historical years cash-basis; payable tax credits net where the anchor is gross (D17); EU own resources treated as revenue reductions in some years vs D.7 payable in ESA"
GBR_R01_strict,GBR,ESA_REV,R01,1,Value added tax,1975,1975,CY,3275.7241621748285,GBP,115095.0,ONS_GDP,2.846105,,,,strict,stitched_actual,ONS_GG_RECEIPTS,1990.0,33620.0,OECD_RS,0.8952893674293405,,,,0.9998,2024.0,B,OECD_RS_to_ESA_REV:1.0,OECD_RS,,2026-08-31,current,,,,,,,False,False,False,20260919T115610Z,"OECD 5111 VAT: OECD Revenue Statistics heading, growth only (§7.11): historical years cash-basis; payable tax credits net where the anchor is gross (D17); EU own resources treated as revenue reductions in some years vs D.7 payable in ESA"
GBR_R01_strict,GBR,ESA_REV,R01,1,Value added tax,1974,1974,CY,2369.6308882118574,GBP,92686.0,ONS_GDP,2.556622,,,,strict,stitched_actual,ONS_GG_RECEIPTS,1990.0,33620.0,OECD_RS,0.7233914612146722,,,,0.9998,2024.0,B,OECD_RS_to_ESA_REV:1.0,OECD_RS,,2026-08-31,current,,,,,,,False,False,False,20260919T115610Z,"OECD 5111 VAT: OECD Revenue Statistics heading, growth only (§7.11): historical years cash-basis; payable tax credits net where the anchor is gross (D17); EU own resources treated as revenue reductions in some years vs D.7 payable in ESA"
GBR_R01_strict,GBR,ESA_REV,R01,1,Value added tax,1973,1973,CY,1509.8271619404727,GBP,81809.0,ONS_GDP,1.845551,,,,strict,stitched_actual,ONS_GG_RECEIPTS,1990.0,33620.0,OECD_RS,0.6371571072319202,,,,0.9998,2024.0,B,OECD_RS_to_ESA_REV:1.0,OECD_RS,,2026-08-31,current,,,,,,,False,False,False,20260919T115610Z,"OECD 5111 VAT: OECD Revenue Statistics heading, growth only (§7.11): historical years cash-basis; payable tax credits net where the anchor is gross (D17); EU own resources treated as revenue reductions in some years vs D.7 payable in ESA"
GBR_R03_strict,GBR,ESA_REV,R03,1,Taxes on household income,1989,1989,CY,48799.28195476086,GBP,616595.0,ONS_GDP,7.914317,,,,strict,stitched_actual,ONS_GG_RECEIPTS,1990.0,59814.0,OECD_RS,0.8158505024703391,,,,0.9944,2024.0,B,OECD_RS_to_ESA_REV:1.0,OECD_RS,,2026-08-31,current,,,,,,,False,False,False,20260919T115610Z,"OECD 1100 personal income taxes: OECD Revenue Statistics heading, growth only (§7.11): historical years cash-basis; payable tax credits net where the anchor is gross (D17); EU own resources treated as revenue reductions in some years vs D.7 payable in ESA"
GBR_R03_strict,GBR,ESA_REV,R03,1,Taxes on household income,1988,1988,CY,45675.195106375824,GBP,557277.0,ONS_GDP,8.196139,,,,strict,stitched_actual,ONS_GG_RECEIPTS,1990.0,59814.0,OECD_RS,0.9359808848974212,,,,0.9944,2024.0,B,OECD_RS_to_ESA_REV:1.0,OECD_RS,,2026-08-31,current,,,,,,,False,False,False,20260919T115610Z,"OECD 1100 personal income taxes: OECD Revenue Statistics heading, growth only (§7.11): historical years cash-basis; payable tax credits net where the anchor is gross (D17); EU own resources treated as revenue reductions in some years vs D.7 payable in ESA"
GBR_R03_strict,GBR,ESA_REV,R03,1,Taxes on household income,1987,1987,CY,41483.61140053104,GBP,498040.0,ONS_GDP,8.329373,,,,strict,stitched_actual,ONS_GG_RECEIPTS,1990.0,59814.0,OECD_RS,0.9082306338028169,,,,0.9944,2024.0,B,OECD_RS_to_ESA_REV:1.0,OECD_RS,,2026-08-31,current,,,,,,,False,False,False,20260919T115610Z,"OECD 1100 personal income taxes: OECD Revenue Statistics heading, growth only (§7.11): historical years cash-basis; payable tax credits net where the anchor is gross (D17); EU own resources treated as revenue reductions in some years vs D.7 payable in ESA"
GBR_R03_strict,GBR,ESA_REV,R03,1,Taxes on household income,1986,1986,CY,40462.3526367089,GBP,447561.0,ONS_GDP,9.040634,,,,strict,stitched_actual,ONS_GG_RECEIPTS,1990.0,59814.0,OECD_RS,0.9753816331475648,,,,0.9944,2024.0,B,OECD_RS_to_ESA_REV:1.0,OECD_RS,,2026-08-31,current,,,,,,,False,False,False,20260919T115610Z,"OECD 1100 personal income taxes: OECD Revenue Statistics heading, growth only (§7.11): historical years cash-basis; payable tax credits net where the anchor is gross (D17); EU own resources treated as revenue reductions in some years vs D.7 payable in ESA"
GBR_R03_strict,GBR,ESA_REV,R03,1,Taxes on household income,1985,1985,CY,35000.2265317783,GBP,415455.0,ONS_GDP,8.424553,,,,strict,stitched_actual,ONS_GG_RECEIPTS,1990.0,59814.0,OECD_RS,0.8650072042529935,,,,0.9944,2024.0,B,OECD_RS_to_ESA_REV:1.0,OECD_RS,,2026-08-31,current,,,,,,,False,False,False,20260919T115610Z,"OECD 1100 personal income taxes: OECD Revenue Statistics heading, growth only (§7.11): historical years cash-basis; payable tax credits net where the anchor is gross (D17); EU own resources treated as revenue reductions in some years vs D.7 payable in ESA"
GBR_R03_strict,GBR,ESA_REV,R03,1,Taxes on household income,1984,1984,CY,32927.55372567472,GBP,378608.0,ONS_GDP,8.697004,,,,strict,stitched_actual,ONS_GG_RECEIPTS,1990.0,59814.0,OECD_RS,0.9407811602527284,,,,0.9944,2024.0,B,OECD_RS_to_ESA_REV:1.0,OECD_RS,,2026-08-31,current,,,,,,,False,False,False,20260919T115610Z,"OECD 1100 personal income taxes: OECD Revenue Statistics heading, growth only (§7.11): historical years cash-basis; payable tax credits net where the anchor is gross (D17); EU own resources treated as revenue reductions in some years vs D.7 payable in ESA"
GBR_R03_strict,GBR,ESA_REV,R03,1,Taxes on household income,1983,1983,CY,31829.90158975565,GBP,351900.0,ONS_GDP,9.045155,,,,strict,stitched_actual,ONS_GG_RECEIPTS,1990.0,59814.0,OECD_RS,0.966664631540387,,,,0.9944,2024.0,B,OECD_RS_to_ESA_REV:1.0,OECD_RS,,2026-08-31,current,,,,,,,False,False,False,20260919T115610Z,"OECD 1100 personal income taxes: OECD Revenue Statistics heading, growth only (§7.11): historical years cash-basis; payable tax credits net where the anchor is gross (D17); EU own resources treated as revenue reductions in some years vs D.7 payable in ESA"
GBR_R03_strict,GBR,ESA_REV,R03,1,Taxes on household income,1982,1982,CY,30535.23496790239,GBP,320013.0,ONS_GDP,9.541873,,,,strict,stitched_actual,ONS_GG_RECEIPTS,1990.0,59814.0,OECD_RS,0.9593254594833576,,,,0.9944,2024.0,B,OECD_RS_to_ESA_REV:1.0,OECD_RS,,2026-08-31,current,,,,,,,False,False,False,20260919T115610Z,"OECD 1100 personal income taxes: OECD Revenue Statistics heading, growth only (§7.11): historical years cash-basis; payable tax credits net where the anchor is gross (D17); EU own resources treated as revenue reductions in some years vs D.7 payable in ESA"
GBR_R03_strict,GBR,ESA_REV,R03,1,Taxes on household income,1981,1981,CY,27587.053910530023,GBP,290550.0,ONS_GDP,9.49477,,,,strict,stitched_actual,ONS_GG_RECEIPTS,1990.0,59814.0,OECD_RS,0.9034498650339061,,,,0.9944,2024.0,B,OECD_RS_to_ESA_REV:1.0,OECD_RS,,2026-08-31,current,,,,,,,False,False,False,20260919T115610Z,"OECD 1100 personal income taxes: OECD Revenue Statistics heading, growth only (§7.11): historical years cash-basis; payable tax credits net where the anchor is gross (D17); EU own resources treated as revenue reductions in some years vs D.7 payable in ESA"
GBR_R03_strict,GBR,ESA_REV,R03,1,Taxes on household income,1980,1980,CY,23991.53954223103,GBP,259956.0,ONS_GDP,9.229077,,,,strict,stitched_actual,ONS_GG_RECEIPTS,1990.0,59814.0,OECD_RS,0.869666605939151,,,,0.9944,2024.0,B,OECD_RS_to_ESA_REV:1.0,OECD_RS,,2026-08-31,current,,,,,,,False,False,False,20260919T115610Z,"OECD 1100 personal income taxes: OECD Revenue Statistics heading, growth only (§7.11): historical years cash-basis; payable tax credits net where the anchor is gross (D17); EU own resources treated as revenue reductions in some years vs D.7 payable in ESA"
GBR_R03_strict,GBR,ESA_REV,R03,1,Taxes on household income,1979,1979,CY,20992.09451147783,GBP,220966.0,ONS_GDP,9.500147,,,,strict,stitched_actual,ONS_GG_RECEIPTS,1990.0,59814.0,OECD_RS,0.8749790514496397,,,,0.9944,2024.0,B,OECD_RS_to_ESA_REV:1.0,OECD_RS,,2026-08-31,current,,,,,,,False,False,False,20260919T115610Z,"OECD 1100 personal income taxes: OECD Revenue Statistics heading, growth only (§7.11): historical years cash-basis; payable tax credits net where the anchor is gross (D17); EU own resources treated as revenue reductions in some years vs D.7 payable in ESA"
GBR_R03_strict,GBR,ESA_REV,R03,1,Taxes on household income,1978,1978,CY,19300.383389910257,GBP,186141.0,ONS_GDP,10.36869,,,,strict,stitched_actual,ONS_GG_RECEIPTS,1990.0,59814.0,OECD_RS,0.9194119900402222,,,,0.9944,2024.0,B,OECD_RS_to_ESA_REV:1.0,OECD_RS,,2026-08-31,current,,,,,,,False,False,False,20260919T115610Z,"OECD 1100 personal income taxes: OECD Revenue Statistics heading, growth only (§7.11): historical years cash-basis; payable tax credits net where the anchor is gross (D17); EU own resources treated as revenue reductions in some years vs D.7 payable in ESA"
GBR_R03_strict,GBR,ESA_REV,R03,1,Taxes on household income,1977,1977,CY,17948.4217389843,GBP,159775.0,ONS_GDP,11.233561,,,,strict,stitched_actual,ONS_GG_RECEIPTS,1990.0,59814.0,OECD_RS,0.9299515650226551,,,,0.9944,2024.0,B,OECD_RS_to_ESA_REV:1.0,OECD_RS,,2026-08-31,current,,,,,,,False,False,False,20260919T115610Z,"OECD 1100 personal income taxes: OECD Revenue Statistics heading, growth only (§7.11): historical years cash-basis; payable tax credits net where the anchor is gross (D17); EU own resources treated as revenue reductions in some years vs D.7 payable in ESA"
GBR_R03_strict,GBR,ESA_REV,R03,1,Taxes on household income,1976,1976,CY,17310.135011595466,GBP,136995.0,ONS_GDP,12.635596,,,,strict,stitched_actual,ONS_GG_RECEIPTS,1990.0,59814.0,OECD_RS,0.9644377240143369,,,,0.9944,2024.0,B,OECD_RS_to_ESA_REV:1.0,OECD_RS,,2026-08-31,current,,,,,,,False,False,False,20260919T115610Z,"OECD 1100 personal income taxes: OECD Revenue Statistics heading, growth only (§7.11): historical years cash-basis; payable tax credits net where the anchor is gross (D17); EU own resources treated as revenue reductions in some years vs D.7 payable in ESA"
GBR_R03_strict,GBR,ESA_REV,R03,1,Taxes on household income,1975,1975,CY,15013.307968944306,GBP,115095.0,ONS_GDP,13.044275,,,,strict,stitched_actual,ONS_GG_RECEIPTS,1990.0,59814.0,OECD_RS,0.8673131641600371,,,,0.9944,2024.0,B,OECD_RS_to_ESA_REV:1.0,OECD_RS,,2026-08-31,current,,,,,,,False,False,False,20260919T115610Z,"OECD 1100 personal income taxes: OECD Revenue Statistics heading, growth only (§7.11): historical years cash-basis; payable tax credits net where the anchor is gross (D17); EU own resources treated as revenue reductions in some years vs D.7 payable in ESA"
GBR_R03_strict,GBR,ESA_REV,R03,1,Taxes on household income,1974,1974,CY,10418.64870769334,GBP,92686.0,ONS_GDP,11.240801,,,,strict,stitched_actual,ONS_GG_RECEIPTS,1990.0,59814.0,OECD_RS,0.6939608998393144,,,,0.9944,2024.0,B,OECD_RS_to_ESA_REV:1.0,OECD_RS,,2026-08-31,current,,,,,,,False,False,False,20260919T115610Z,"OECD 1100 personal income taxes: OECD Revenue Statistics heading, growth only (§7.11): historical years cash-basis; payable tax credits net where the anchor is gross (D17); EU own resources treated as revenue reductions in some years vs D.7 payable in ESA"
GBR_R03_strict,GBR,ESA_REV,R03,1,Taxes on household income,1973,1973,CY,7788.103250092427,GBP,81809.0,ONS_GDP,9.519861,,,,strict,stitched_actual,ONS_GG_RECEIPTS,1990.0,59814.0,OECD_RS,0.747515677761698,,,,0.9944,2024.0,B,OECD_RS_to_ESA_REV:1.0,OECD_RS,,2026-08-31,current,,,,,,,False,False,False,20260919T115610Z,"OECD 1100 personal income taxes: OECD Revenue Statistics heading, growth only (§7.11): historical years cash-basis; payable tax credits net where the anchor is gross (D17); EU own resources treated as revenue reductions in some years vs D.7 payable in ESA"
GBR_R03_strict,GBR,ESA_REV,R03,1,Taxes on household income,1972,1972,CY,6999.0401304070165,GBP,70595.0,ONS_GDP,9.914357,,,,strict,stitched_actual,ONS_GG_RECEIPTS,1990.0,59814.0,OECD_RS,0.8986835312338668,,,,0.9944,2024.0,B,OECD_RS_to_ESA_REV:1.0,OECD_RS,,2026-08-31,current,,,,,,,False,False,False,20260919T115610Z,"OECD 1100 personal income taxes: OECD Revenue Statistics heading, growth only (§7.11): historical years cash-basis; payable tax credits net where the anchor is gross (D17); EU own resources treated as revenue reductions in some years vs D.7 payable in ESA"
GBR_R03_strict,GBR,ESA_REV,R03,1,Taxes on household income,1971,1971,CY,6772.875541962154,GBP,62886.0,ONS_GDP,10.770085,,,,strict,stitched_actual,ONS_GG_RECEIPTS,1990.0,59814.0,OECD_RS,0.967686342093925,,,,0.9944,2024.0,B,OECD_RS_to_ESA_REV:1.0,OECD_RS,,2026-08-31,current,,,,,,,False,False,False,20260919T115610Z,"OECD 1100 personal income taxes: OECD Revenue Statistics heading, growth only (§7.11): historical years cash-basis; payable tax credits net where the anchor is gross (D17); EU own resources treated as revenue reductions in some years vs D.7 payable in ESA"
GBR_R03_strict,GBR,ESA_REV,R03,1,Taxes on household income,1970,1970,CY,6047.138507041306,GBP,56056.0,ONS_GDP,10.787674,,,,strict,stitched_actual,ONS_GG_RECEIPTS,1990.0,59814.0,OECD_RS,0.8928465420005937,,,,0.9944,2024.0,B,OECD_RS_to_ESA_REV:1.0,OECD_RS,,2026-08-31,current,,,,,,,False,False,False,20260919T115610Z,"OECD 1100 personal income taxes: OECD Revenue Statistics heading, growth only (§7.11): historical years cash-basis; payable tax credits net where the anchor is gross (D17); EU own resources treated as revenue reductions in some years vs D.7 payable in ESA"
GBR_R03_strict,GBR,ESA_REV,R03,1,Taxes on household income,1969,1969,CY,5340.499815144691,GBP,49776.0,ONS_GDP,10.729066,,,,strict,stitched_actual,ONS_GG_RECEIPTS,1990.0,59814.0,OECD_RS,0.8831449468085106,,,,0.9944,2024.0,B,OECD_RS_to_ESA_REV:1.0,OECD_RS,,2026-08-31,current,,,,,,,False,False,False,20260919T115610Z,"OECD 1100 personal income taxes: OECD Revenue Statistics heading, growth only (§7.11): historical years cash-basis; payable tax credits net where the anchor is gross (D17); EU own resources treated as revenue reductions in some years vs D.7 payable in ESA"
GBR_R03_strict,GBR,ESA_REV,R03,1,Taxes on household income,1968,1968,CY,4659.995697912815,GBP,45811.0,ONS_GDP,10.17222,,,,strict,stitched_actual,ONS_GG_RECEIPTS,1990.0,59814.0,OECD_RS,0.8725766986636552,,,,0.9944,2024.0,B,OECD_RS_to_ESA_REV:1.0,OECD_RS,,2026-08-31,current,,,,,,,False,False,False,20260919T115610Z,"OECD 1100 personal income taxes: OECD Revenue Statistics heading, growth only (§7.11): historical years cash-basis; payable tax credits net where the anchor is gross (D17); EU own resources treated as revenue reductions in some years vs D.7 payable in ESA"
GBR_R03_strict,GBR,ESA_REV,R03,1,Taxes on household income,1967,1967,CY,4158.412899539541,GBP,41687.0,ONS_GDP,9.975323,,,,strict,stitched_actual,ONS_GG_RECEIPTS,1990.0,59814.0,OECD_RS,0.8923641069887834,,,,0.9944,2024.0,B,OECD_RS_to_ESA_REV:1.0,OECD_RS,,2026-08-31,current,,,,,,,False,False,False,20260919T115610Z,"OECD 1100 personal income taxes: OECD Revenue Statistics heading, growth only (§7.11): historical years cash-basis; payable tax credits net where the anchor is gross (D17); EU own resources treated as revenue reductions in some years vs D.7 payable in ESA"
GBR_R03_strict,GBR,ESA_REV,R03,1,Taxes on household income,1966,1966,CY,4476.048499310993,GBP,39407.0,ONS_GDP,11.358511,,,,strict,stitched_actual,ONS_GG_RECEIPTS,1990.0,59814.0,OECD_RS,1.0763838530335992,,,,0.9944,2024.0,B,OECD_RS_to_ESA_REV:1.0,OECD_RS,,2026-08-31,current,,,,,,,False,False,False,20260919T115610Z,"OECD 1100 personal income taxes: OECD Revenue Statistics heading, growth only (§7.11): historical years cash-basis; payable tax credits net where the anchor is gross (D17); EU own resources treated as revenue reductions in some years vs D.7 payable in ESA"
GBR_R03_strict,GBR,ESA_REV,R03,1,Taxes on household income,1965,1965,CY,3636.7265821933916,GBP,36839.0,ONS_GDP,9.871947,,,,strict,stitched_actual,ONS_GG_RECEIPTS,1990.0,59814.0,OECD_RS,0.8124859645183022,,,,0.9944,2024.0,B,OECD_RS_to_ESA_REV:1.0,OECD_RS,,2026-08-31,current,,,,,,,False,False,False,20260919T115610Z,"OECD 1100 personal income taxes: OECD Revenue Statistics heading, growth only (§7.11): historical years cash-basis; payable tax credits net where the anchor is gross (D17); EU own resources treated as revenue reductions in some years vs D.7 payable in ESA"
GBR_R04_strict,GBR,ESA_REV,R04,1,Taxes on corporate income,1989,1989,CY,23433.0,GBP,616595.0,ONS_GDP,3.800388,,,,strict,stitched_actual,ONS_GG_RECEIPTS,1990.0,20070.0,OECD_RS,1.1675635276532137,,,,1.0083,2024.0,B,OECD_RS_to_ESA_REV:1.0,OECD_RS,,2026-08-31,current,,,,,,,False,False,False,20260919T115610Z,"OECD 1200 corporate income taxes: OECD Revenue Statistics heading, growth only (§7.11): historical years cash-basis; payable tax credits net where the anchor is gross (D17); EU own resources treated as revenue reductions in some years vs D.7 payable in ESA"
GBR_R04_strict,GBR,ESA_REV,R04,1,Taxes on corporate income,1988,1988,CY,18808.0,GBP,557277.0,ONS_GDP,3.374982,,,,strict,stitched_actual,ONS_GG_RECEIPTS,1990.0,20070.0,OECD_RS,0.8026287713907737,,,,1.0083,2024.0,B,OECD_RS_to_ESA_REV:1.0,OECD_RS,,2026-08-31,current,,,,,,,False,False,False,20260919T115610Z,"OECD 1200 corporate income taxes: OECD Revenue Statistics heading, growth only (§7.11): historical years cash-basis; payable tax credits net where the anchor is gross (D17); EU own resources treated as revenue reductions in some years vs D.7 payable in ESA"
GBR_R04_strict,GBR,ESA_REV,R04,1,Taxes on corporate income,1987,1987,CY,16264.0,GBP,498040.0,ONS_GDP,3.265601,,,,strict,stitched_actual,ONS_GG_RECEIPTS,1990.0,20070.0,OECD_RS,0.8647384091875797,,,,1.0083,2024.0,B,OECD_RS_to_ESA_REV:1.0,OECD_RS,,2026-08-31,current,,,,,,,False,False,False,20260919T115610Z,"OECD 1200 corporate income taxes: OECD Revenue Statistics heading, growth only (§7.11): historical years cash-basis; payable tax credits net where the anchor is gross (D17); EU own resources treated as revenue reductions in some years vs D.7 payable in ESA"
GBR_R04_strict,GBR,ESA_REV,R04,1,Taxes on corporate income,1986,1986,CY,15345.0,GBP,447561.0,ONS_GDP,3.428583,,,,strict,stitched_actual,ONS_GG_RECEIPTS,1990.0,20070.0,OECD_RS,0.9434948352188883,,,,1.0083,2024.0,B,OECD_RS_to_ESA_REV:1.0,OECD_RS,,2026-08-31,current,,,,,,,False,False,False,20260919T115610Z,"OECD 1200 corporate income taxes: OECD Revenue Statistics heading, growth only (§7.11): historical years cash-basis; payable tax credits net where the anchor is gross (D17); EU own resources treated as revenue reductions in some years vs D.7 payable in ESA"
GBR_R04_strict,GBR,ESA_REV,R04,1,Taxes on corporate income,1985,1985,CY,16854.0,GBP,415455.0,ONS_GDP,4.056757,,,,strict,stitched_actual,ONS_GG_RECEIPTS,1990.0,20070.0,OECD_RS,1.0983382209188661,,,,1.0083,2024.0,B,OECD_RS_to_ESA_REV:1.0,OECD_RS,,2026-08-31,current,,,,,,,False,False,False,20260919T115610Z,"OECD 1200 corporate income taxes: OECD Revenue Statistics heading, growth only (§7.11): historical years cash-basis; payable tax credits net where the anchor is gross (D17); EU own resources treated as revenue reductions in some years vs D.7 payable in ESA"
GBR_R04_strict,GBR,ESA_REV,R04,1,Taxes on corporate income,1984,1984,CY,13997.0,GBP,378608.0,ONS_GDP,3.696964,,,,strict,stitched_actual,ONS_GG_RECEIPTS,1990.0,20070.0,OECD_RS,0.8304853447252878,,,,1.0083,2024.0,B,OECD_RS_to_ESA_REV:1.0,OECD_RS,,2026-08-31,current,,,,,,,False,False,False,20260919T115610Z,"OECD 1200 corporate income taxes: OECD Revenue Statistics heading, growth only (§7.11): historical years cash-basis; payable tax credits net where the anchor is gross (D17); EU own resources treated as revenue reductions in some years vs D.7 payable in ESA"
GBR_R04_strict,GBR,ESA_REV,R04,1,Taxes on corporate income,1983,1983,CY,12069.0,GBP,351900.0,ONS_GDP,3.429668,,,,strict,stitched_actual,ONS_GG_RECEIPTS,1990.0,20070.0,OECD_RS,0.8622561977566622,,,,1.0083,2024.0,B,OECD_RS_to_ESA_REV:1.0,OECD_RS,,2026-08-31,current,,,,,,,False,False,False,20260919T115610Z,"OECD 1200 corporate income taxes: OECD Revenue Statistics heading, growth only (§7.11): historical years cash-basis; payable tax credits net where the anchor is gross (D17); EU own resources treated as revenue reductions in some years vs D.7 payable in ESA"
GBR_R04_strict,GBR,ESA_REV,R04,1,Taxes on corporate income,1982,1982,CY,10492.0,GBP,320013.0,ONS_GDP,3.278617,,,,strict,stitched_actual,ONS_GG_RECEIPTS,1990.0,20070.0,OECD_RS,0.8693346590438313,,,,1.0083,2024.0,B,OECD_RS_to_ESA_REV:1.0,OECD_RS,,2026-08-31,current,,,,,,,False,False,False,20260919T115610Z,"OECD 1200 corporate income taxes: OECD Revenue Statistics heading, growth only (§7.11): historical years cash-basis; payable tax credits net where the anchor is gross (D17); EU own resources treated as revenue reductions in some years vs D.7 payable in ESA"
GBR_R04_strict,GBR,ESA_REV,R04,1,Taxes on corporate income,1981,1981,CY,8471.0,GBP,290550.0,ONS_GDP,2.915505,,,,strict,stitched_actual,ONS_GG_RECEIPTS,1990.0,20070.0,OECD_RS,0.8073770491803278,,,,1.0083,2024.0,B,OECD_RS_to_ESA_REV:1.0,OECD_RS,,2026-08-31,current,,,,,,,False,False,False,20260919T115610Z,"OECD 1200 corporate income taxes: OECD Revenue Statistics heading, growth only (§7.11): historical years cash-basis; payable tax credits net where the anchor is gross (D17); EU own resources treated as revenue reductions in some years vs D.7 payable in ESA"
GBR_R04_strict,GBR,ESA_REV,R04,1,Taxes on corporate income,1980,1980,CY,6783.0,GBP,259956.0,ONS_GDP,2.609288,,,,strict,stitched_actual,ONS_GG_RECEIPTS,1990.0,20070.0,OECD_RS,0.8007319088655412,,,,1.0083,2024.0,B,OECD_RS_to_ESA_REV:1.0,OECD_RS,,2026-08-31,current,,,,,,,False,False,False,20260919T115610Z,"OECD 1200 corporate income taxes: OECD Revenue Statistics heading, growth only (§7.11): historical years cash-basis; payable tax credits net where the anchor is gross (D17); EU own resources treated as revenue reductions in some years vs D.7 payable in ESA"
GBR_R04_strict,GBR,ESA_REV,R04,1,Taxes on corporate income,1979,1979,CY,4884.0,GBP,220966.0,ONS_GDP,2.210295,,,,strict,stitched_actual,ONS_GG_RECEIPTS,1990.0,20070.0,OECD_RS,0.7200353825740823,,,,1.0083,2024.0,B,OECD_RS_to_ESA_REV:1.0,OECD_RS,,2026-08-31,current,,,,,,,False,False,False,20260919T115610Z,"OECD 1200 corporate income taxes: OECD Revenue Statistics heading, growth only (§7.11): historical years cash-basis; payable tax credits net where the anchor is gross (D17); EU own resources treated as revenue reductions in some years vs D.7 payable in ESA"
GBR_R04_strict,GBR,ESA_REV,R04,1,Taxes on corporate income,1978,1978,CY,3839.0,GBP,186141.0,ONS_GDP,2.062415,,,,strict,stitched_actual,ONS_GG_RECEIPTS,1990.0,20070.0,OECD_RS,0.786036036036036,,,,1.0083,2024.0,B,OECD_RS_to_ESA_REV:1.0,OECD_RS,,2026-08-31,current,,,,,,,False,False,False,20260919T115610Z,"OECD 1200 corporate income taxes: OECD Revenue Statistics heading, growth only (§7.11): historical years cash-basis; payable tax credits net where the anchor is gross (D17); EU own resources treated as revenue reductions in some years vs D.7 payable in ESA"
GBR_R04_strict,GBR,ESA_REV,R04,1,Taxes on corporate income,1977,1977,CY,3037.0,GBP,159775.0,ONS_GDP,1.900798,,,,strict,stitched_actual,ONS_GG_RECEIPTS,1990.0,20070.0,OECD_RS,0.7910914300599114,,,,1.0083,2024.0,B,OECD_RS_to_ESA_REV:1.0,OECD_RS,,2026-08-31,current,,,,,,,False,False,False,20260919T115610Z,"OECD 1200 corporate income taxes: OECD Revenue Statistics heading, growth only (§7.11): historical years cash-basis; payable tax credits net where the anchor is gross (D17); EU own resources treated as revenue reductions in some years vs D.7 payable in ESA"
GBR_R04_strict,GBR,ESA_REV,R04,1,Taxes on corporate income,1976,1976,CY,2168.0,GBP,136995.0,ONS_GDP,1.58254,,,,strict,stitched_actual,ONS_GG_RECEIPTS,1990.0,20070.0,OECD_RS,0.7138623641751729,,,,1.0083,2024.0,B,OECD_RS_to_ESA_REV:1.0,OECD_RS,,2026-08-31,current,,,,,,,False,False,False,20260919T115610Z,"OECD 1200 corporate income taxes: OECD Revenue Statistics heading, growth only (§7.11): historical years cash-basis; payable tax credits net where the anchor is gross (D17); EU own resources treated as revenue reductions in some years vs D.7 payable in ESA"
GBR_R04_strict,GBR,ESA_REV,R04,1,Taxes on corporate income,1975,1975,CY,2310.0,GBP,115095.0,ONS_GDP,2.007038,,,,strict,stitched_actual,ONS_GG_RECEIPTS,1990.0,20070.0,OECD_RS,1.0654981549815499,,,,1.0083,2024.0,B,OECD_RS_to_ESA_REV:1.0,OECD_RS,,2026-08-31,current,,,,,,,False,False,False,20260919T115610Z,"OECD 1200 corporate income taxes: OECD Revenue Statistics heading, growth only (§7.11): historical years cash-basis; payable tax credits net where the anchor is gross (D17); EU own resources treated as revenue reductions in some years vs D.7 payable in ESA"
GBR_R04_strict,GBR,ESA_REV,R04,1,Taxes on corporate income,1974,1974,CY,2847.0,GBP,92686.0,ONS_GDP,3.071661,,,,strict,stitched_actual,ONS_GG_RECEIPTS,1990.0,20070.0,OECD_RS,1.2324675324675325,,,,1.0083,2024.0,B,OECD_RS_to_ESA_REV:1.0,OECD_RS,,2026-08-31,current,,,,,,,False,False,False,20260919T115610Z,"OECD 1200 corporate income taxes: OECD Revenue Statistics heading, growth only (§7.11): historical years cash-basis; payable tax credits net where the anchor is gross (D17); EU own resources treated as revenue reductions in some years vs D.7 payable in ESA"
GBR_R04_strict,GBR,ESA_REV,R04,1,Taxes on corporate income,1973,1973,CY,1939.0,GBP,81809.0,ONS_GDP,2.370155,,,,strict,stitched_actual,ONS_GG_RECEIPTS,1990.0,20070.0,OECD_RS,0.6810677906568318,,,,1.0083,2024.0,B,OECD_RS_to_ESA_REV:1.0,OECD_RS,,2026-08-31,current,,,,,,,False,False,False,20260919T115610Z,"OECD 1200 corporate income taxes: OECD Revenue Statistics heading, growth only (§7.11): historical years cash-basis; payable tax credits net where the anchor is gross (D17); EU own resources treated as revenue reductions in some years vs D.7 payable in ESA"
GBR_R04_strict,GBR,ESA_REV,R04,1,Taxes on corporate income,1972,1972,CY,1429.0,GBP,70595.0,ONS_GDP,2.024223,,,,strict,stitched_actual,ONS_GG_RECEIPTS,1990.0,20070.0,OECD_RS,0.7369778236204229,,,,1.0083,2024.0,B,OECD_RS_to_ESA_REV:1.0,OECD_RS,,2026-08-31,current,,,,,,,False,False,False,20260919T115610Z,"OECD 1200 corporate income taxes: OECD Revenue Statistics heading, growth only (§7.11): historical years cash-basis; payable tax credits net where the anchor is gross (D17); EU own resources treated as revenue reductions in some years vs D.7 payable in ESA"
GBR_R04_strict,GBR,ESA_REV,R04,1,Taxes on corporate income,1971,1971,CY,1527.0,GBP,62886.0,ONS_GDP,2.428203,,,,strict,stitched_actual,ONS_GG_RECEIPTS,1990.0,20070.0,OECD_RS,1.0685794261721484,,,,1.0083,2024.0,B,OECD_RS_to_ESA_REV:1.0,OECD_RS,,2026-08-31,current,,,,,,,False,False,False,20260919T115610Z,"OECD 1200 corporate income taxes: OECD Revenue Statistics heading, growth only (§7.11): historical years cash-basis; payable tax credits net where the anchor is gross (D17); EU own resources treated as revenue reductions in some years vs D.7 payable in ESA"
GBR_R04_strict,GBR,ESA_REV,R04,1,Taxes on corporate income,1970,1970,CY,1658.0,GBP,56056.0,ONS_GDP,2.957757,,,,strict,stitched_actual,ONS_GG_RECEIPTS,1990.0,20070.0,OECD_RS,1.085789129011133,,,,1.0083,2024.0,B,OECD_RS_to_ESA_REV:1.0,OECD_RS,,2026-08-31,current,,,,,,,False,False,False,20260919T115610Z,"OECD 1200 corporate income taxes: OECD Revenue Statistics heading, growth only (§7.11): historical years cash-basis; payable tax credits net where the anchor is gross (D17); EU own resources treated as revenue reductions in some years vs D.7 payable in ESA"
GBR_R04_strict,GBR,ESA_REV,R04,1,Taxes on corporate income,1969,1969,CY,1358.0,GBP,49776.0,ONS_GDP,2.728222,,,,strict,stitched_actual,ONS_GG_RECEIPTS,1990.0,20070.0,OECD_RS,0.8190591073582629,,,,1.0083,2024.0,B,OECD_RS_to_ESA_REV:1.0,OECD_RS,,2026-08-31,current,,,,,,,False,False,False,20260919T115610Z,"OECD 1200 corporate income taxes: OECD Revenue Statistics heading, growth only (§7.11): historical years cash-basis; payable tax credits net where the anchor is gross (D17); EU own resources treated as revenue reductions in some years vs D.7 payable in ESA"
GBR_R04_strict,GBR,ESA_REV,R04,1,Taxes on corporate income,1968,1968,CY,1287.0,GBP,45811.0,ONS_GDP,2.809369,,,,strict,stitched_actual,ONS_GG_RECEIPTS,1990.0,20070.0,OECD_RS,0.9477172312223858,,,,1.0083,2024.0,B,OECD_RS_to_ESA_REV:1.0,OECD_RS,,2026-08-31,current,,,,,,,False,False,False,20260919T115610Z,"OECD 1200 corporate income taxes: OECD Revenue Statistics heading, growth only (§7.11): historical years cash-basis; payable tax credits net where the anchor is gross (D17); EU own resources treated as revenue reductions in some years vs D.7 payable in ESA"
GBR_R04_strict,GBR,ESA_REV,R04,1,Taxes on corporate income,1967,1967,CY,1171.0,GBP,41687.0,ONS_GDP,2.809029,,,,strict,stitched_actual,ONS_GG_RECEIPTS,1990.0,20070.0,OECD_RS,0.9098679098679099,,,,1.0083,2024.0,B,OECD_RS_to_ESA_REV:1.0,OECD_RS,,2026-08-31,current,,,,,,,False,False,False,20260919T115610Z,"OECD 1200 corporate income taxes: OECD Revenue Statistics heading, growth only (§7.11): historical years cash-basis; payable tax credits net where the anchor is gross (D17); EU own resources treated as revenue reductions in some years vs D.7 payable in ESA"
GBR_R04_strict,GBR,ESA_REV,R04,1,Taxes on corporate income,1966,1966,CY,141.0,GBP,39407.0,ONS_GDP,0.357804,,,,strict,stitched_actual,ONS_GG_RECEIPTS,1990.0,20070.0,OECD_RS,0.12040990606319385,,,,1.0083,2024.0,B,OECD_RS_to_ESA_REV:1.0,OECD_RS,,2026-08-31,current,,,,,,,False,False,False,20260919T115610Z,"OECD 1200 corporate income taxes: OECD Revenue Statistics heading, growth only (§7.11): historical years cash-basis; payable tax credits net where the anchor is gross (D17); EU own resources treated as revenue reductions in some years vs D.7 payable in ESA"
GBR_R04_strict,GBR,ESA_REV,R04,1,Taxes on corporate income,1965,1965,CY,484.0,GBP,36839.0,ONS_GDP,1.313825,,,,strict,stitched_actual,ONS_GG_RECEIPTS,1990.0,20070.0,OECD_RS,3.4326241134751774,,,,1.0083,2024.0,B,OECD_RS_to_ESA_REV:1.0,OECD_RS,,2026-08-31,current,,,,,,,False,False,False,20260919T115610Z,"OECD 1200 corporate income taxes: OECD Revenue Statistics heading, growth only (§7.11): historical years cash-basis; payable tax credits net where the anchor is gross (D17); EU own resources treated as revenue reductions in some years vs D.7 payable in ESA"
GBR_R06_strict,GBR,ESA_REV,R06,1,Net social contributions,2026,2026,CY,269698.0,GBP,3142696.44,EC_AMECO,8.581739,,,,strict,direct_forecast,ONS_GG_RECEIPTS,2025.0,259325.0,EC_AMECO,1.04,,,,0.9987,2025.0,A,EC_AMECO_to_ESA_REV:1.0,EC_AMECO,2026-06-03,2026-08-31,current,,,,,,,False,False,True,20260919T115610Z,"AMECO UTSG (Spring 2026): net social contributions received (D.61), general government — the anchor's own ESA aggregate, Commission forecast vintage"
GBR_R06_strict,GBR,ESA_REV,R06,1,Net social contributions,2027,2027,CY,280485.9240052512,GBP,3247261.8000000003,EC_AMECO,8.637614,,,,strict,direct_forecast,ONS_GG_RECEIPTS,2025.0,259325.0,EC_AMECO,1.0400000148508748,,,,0.9987,2025.0,A,EC_AMECO_to_ESA_REV:1.0,EC_AMECO,2026-06-03,2026-08-31,current,,,,,,,False,False,True,20260919T115610Z,"AMECO UTSG (Spring 2026): net social contributions received (D.61), general government — the anchor's own ESA aggregate, Commission forecast vintage"
GBR_R01_strict,GBR,ESA_REV,R01,1,Value added tax,2026,2026,CY,219694.0888583499,GBP,3140505.3017500006,OBR_EFO_LATEST,6.995501,,,,strict,composite_forecast,ONS_GG_RECEIPTS,2025.0,210703.0,OBR_EFO_LATEST,1.0426718597188929,grow_with_proxy,,fy_weighted_quarters,0.9908,2025.0,B,OBR_to_ESA_REV:1.0,OBR_EFO_LATEST,2026-03-24,2026-09-05,current,,public_sector_perimeter,,,,,False,True,True,20260919T115610Z,"OBR EFO March 2026 vintage via the PSF aggregates databank (August 2026 file, 'forecast as of March 2026'): per-tax series, National Accounts basis, accrued, fiscal years converted per §7.10; public sector receipts perimeter — individual taxes are GG in substance, coverage measured on the GG anchor (§7.11, §14); cash-timing and holding-gains wedges carried by the crosswalk (D17); components: VAT (net of VAT refunds), VAT refunds; D.211 = VAT plus VAT refunds (the anchor's accrued D.211 includes refunded VAT; measured 0.99 on the GG anchor); constructed, not an official forecast"
GBR_R01_strict,GBR,ESA_REV,R01,1,Value added tax,2027,2027,CY,229806.76414108393,GBP,3248774.88775,OBR_EFO_LATEST,7.073644,,,,strict,composite_forecast,ONS_GG_RECEIPTS,2025.0,210703.0,OBR_EFO_LATEST,1.0460307117741994,grow_with_proxy,,fy_weighted_quarters,0.9908,2025.0,B,OBR_to_ESA_REV:1.0,OBR_EFO_LATEST,2026-03-24,2026-09-05,current,,public_sector_perimeter,,,,,False,True,True,20260919T115610Z,"OBR EFO March 2026 vintage via the PSF aggregates databank (August 2026 file, 'forecast as of March 2026'): per-tax series, National Accounts basis, accrued, fiscal years converted per §7.10; public sector receipts perimeter — individual taxes are GG in substance, coverage measured on the GG anchor (§7.11, §14); cash-timing and holding-gains wedges carried by the crosswalk (D17); components: VAT (net of VAT refunds), VAT refunds; D.211 = VAT plus VAT refunds (the anchor's accrued D.211 includes refunded VAT; measured 0.99 on the GG anchor); constructed, not an official forecast"
GBR_R01_strict,GBR,ESA_REV,R01,1,Value added tax,2028,2028,CY,238631.2062443448,GBP,3362371.067,OBR_EFO_LATEST,7.097111,,,,strict,composite_forecast,ONS_GG_RECEIPTS,2025.0,210703.0,OBR_EFO_LATEST,1.0383994010630746,grow_with_proxy,,fy_weighted_quarters,0.9908,2025.0,B,OBR_to_ESA_REV:1.0,OBR_EFO_LATEST,2026-03-24,2026-09-05,current,,public_sector_perimeter,,,,,False,True,True,20260919T115610Z,"OBR EFO March 2026 vintage via the PSF aggregates databank (August 2026 file, 'forecast as of March 2026'): per-tax series, National Accounts basis, accrued, fiscal years converted per §7.10; public sector receipts perimeter — individual taxes are GG in substance, coverage measured on the GG anchor (§7.11, §14); cash-timing and holding-gains wedges carried by the crosswalk (D17); components: VAT (net of VAT refunds), VAT refunds; D.211 = VAT plus VAT refunds (the anchor's accrued D.211 includes refunded VAT; measured 0.99 on the GG anchor); constructed, not an official forecast"
GBR_R01_strict,GBR,ESA_REV,R01,1,Value added tax,2029,2029,CY,247892.08692746607,GBP,3477715.2465,OBR_EFO_LATEST,7.128016,,,,strict,composite_forecast,ONS_GG_RECEIPTS,2025.0,210703.0,OBR_EFO_LATEST,1.0388083387285008,grow_with_proxy,,fy_weighted_quarters,0.9908,2025.0,B,OBR_to_ESA_REV:1.0,OBR_EFO_LATEST,2026-03-24,2026-09-05,current,,public_sector_perimeter,,,,,False,True,True,20260919T115610Z,"OBR EFO March 2026 vintage via the PSF aggregates databank (August 2026 file, 'forecast as of March 2026'): per-tax series, National Accounts basis, accrued, fiscal years converted per §7.10; public sector receipts perimeter — individual taxes are GG in substance, coverage measured on the GG anchor (§7.11, §14); cash-timing and holding-gains wedges carried by the crosswalk (D17); components: VAT (net of VAT refunds), VAT refunds; D.211 = VAT plus VAT refunds (the anchor's accrued D.211 includes refunded VAT; measured 0.99 on the GG anchor); constructed, not an official forecast"
GBR_R01_strict,GBR,ESA_REV,R01,1,Value added tax,2030,2030,CY,258234.74512272273,GBP,3600543.24275,OBR_EFO_LATEST,7.172105,,,,strict,composite_forecast,ONS_GG_RECEIPTS,2025.0,210703.0,OBR_EFO_LATEST,1.0417224217337884,grow_with_proxy,,fy_weighted_quarters,0.9908,2025.0,B,OBR_to_ESA_REV:1.0,OBR_EFO_LATEST,2026-03-24,2026-09-05,current,,public_sector_perimeter,,,,,False,True,True,20260919T115610Z,"OBR EFO March 2026 vintage via the PSF aggregates databank (August 2026 file, 'forecast as of March 2026'): per-tax series, National Accounts basis, accrued, fiscal years converted per §7.10; public sector receipts perimeter — individual taxes are GG in substance, coverage measured on the GG anchor (§7.11, §14); cash-timing and holding-gains wedges carried by the crosswalk (D17); components: VAT (net of VAT refunds), VAT refunds; D.211 = VAT plus VAT refunds (the anchor's accrued D.211 includes refunded VAT; measured 0.99 on the GG anchor); constructed, not an official forecast"
GBR_R02_strict,GBR,ESA_REV,R02,1,Other taxes on production and imports,2026,2026,CY,162477.59278292162,GBP,3140505.3017500006,OBR_EFO_LATEST,5.173613,,,,strict,composite_forecast,ONS_GG_RECEIPTS,2025.0,149913.0,OBR_EFO_LATEST,1.0838125631727844,grow_with_proxy,,fy_weighted_quarters,0.9225,2025.0,B,OBR_to_ESA_REV:1.0,OBR_EFO_LATEST,2026-03-24,2026-09-05,current,,public_sector_perimeter,,,,,False,True,True,20260919T115610Z,"OBR EFO March 2026 vintage via the PSF aggregates databank (August 2026 file, 'forecast as of March 2026'): per-tax series, National Accounts basis, accrued, fiscal years converted per §7.10; public sector receipts perimeter — individual taxes are GG in substance, coverage measured on the GG anchor (§7.11, §14); cash-timing and holding-gains wedges carried by the crosswalk (D17); components: Fuel duties, Stamp duty land tax, Stamp taxes on shares, Tobacco duties, Alcohol duties, Vehicle excise duties, Air passenger duty, Insurance premium tax, Climate change levy and carbon price floor, Environmental levies, Emissions trading scheme, Bank levy; D.2 minus D.211: production/product taxes per the national tax list; business rates come from EFO annex table A.5 (not in the databank), so the composite starts at FY 2024-25; constructed, not an official forecast"
GBR_R02_strict,GBR,ESA_REV,R02,1,Other taxes on production and imports,2027,2027,CY,171234.71771593872,GBP,3248774.88775,OBR_EFO_LATEST,5.270747,,,,strict,composite_forecast,ONS_GG_RECEIPTS,2025.0,149913.0,OBR_EFO_LATEST,1.0538974315351721,grow_with_proxy,,fy_weighted_quarters,0.9225,2025.0,B,OBR_to_ESA_REV:1.0,OBR_EFO_LATEST,2026-03-24,2026-09-05,current,,public_sector_perimeter,,,,,False,True,True,20260919T115610Z,"OBR EFO March 2026 vintage via the PSF aggregates databank (August 2026 file, 'forecast as of March 2026'): per-tax series, National Accounts basis, accrued, fiscal years converted per §7.10; public sector receipts perimeter — individual taxes are GG in substance, coverage measured on the GG anchor (§7.11, §14); cash-timing and holding-gains wedges carried by the crosswalk (D17); components: Fuel duties, Stamp duty land tax, Stamp taxes on shares, Tobacco duties, Alcohol duties, Vehicle excise duties, Air passenger duty, Insurance premium tax, Climate change levy and carbon price floor, Environmental levies, Emissions trading scheme, Bank levy; D.2 minus D.211: production/product taxes per the national tax list; business rates come from EFO annex table A.5 (not in the databank), so the composite starts at FY 2024-25; constructed, not an official forecast"
GBR_R02_strict,GBR,ESA_REV,R02,1,Other taxes on production and imports,2028,2028,CY,177854.61143953566,GBP,3362371.067,OBR_EFO_LATEST,5.289559,,,,strict,composite_forecast,ONS_GG_RECEIPTS,2025.0,149913.0,OBR_EFO_LATEST,1.0386597636968613,grow_with_proxy,,fy_weighted_quarters,0.9225,2025.0,B,OBR_to_ESA_REV:1.0,OBR_EFO_LATEST,2026-03-24,2026-09-05,current,,public_sector_perimeter,,,,,False,True,True,20260919T115610Z,"OBR EFO March 2026 vintage via the PSF aggregates databank (August 2026 file, 'forecast as of March 2026'): per-tax series, National Accounts basis, accrued, fiscal years converted per §7.10; public sector receipts perimeter — individual taxes are GG in substance, coverage measured on the GG anchor (§7.11, §14); cash-timing and holding-gains wedges carried by the crosswalk (D17); components: Fuel duties, Stamp duty land tax, Stamp taxes on shares, Tobacco duties, Alcohol duties, Vehicle excise duties, Air passenger duty, Insurance premium tax, Climate change levy and carbon price floor, Environmental levies, Emissions trading scheme, Bank levy; D.2 minus D.211: production/product taxes per the national tax list; business rates come from EFO annex table A.5 (not in the databank), so the composite starts at FY 2024-25; constructed, not an official forecast"
GBR_R02_strict,GBR,ESA_REV,R02,1,Other taxes on production and imports,2029,2029,CY,185452.76772101098,GBP,3477715.2465,OBR_EFO_LATEST,5.332604,,,,strict,composite_forecast,ONS_GG_RECEIPTS,2025.0,149913.0,OBR_EFO_LATEST,1.042721165450683,grow_with_proxy,,fy_weighted_quarters,0.9225,2025.0,B,OBR_to_ESA_REV:1.0,OBR_EFO_LATEST,2026-03-24,2026-09-05,current,,public_sector_perimeter,,,,,False,True,True,20260919T115610Z,"OBR EFO March 2026 vintage via the PSF aggregates databank (August 2026 file, 'forecast as of March 2026'): per-tax series, National Accounts basis, accrued, fiscal years converted per §7.10; public sector receipts perimeter — individual taxes are GG in substance, coverage measured on the GG anchor (§7.11, §14); cash-timing and holding-gains wedges carried by the crosswalk (D17); components: Fuel duties, Stamp duty land tax, Stamp taxes on shares, Tobacco duties, Alcohol duties, Vehicle excise duties, Air passenger duty, Insurance premium tax, Climate change levy and carbon price floor, Environmental levies, Emissions trading scheme, Bank levy; D.2 minus D.211: production/product taxes per the national tax list; business rates come from EFO annex table A.5 (not in the databank), so the composite starts at FY 2024-25; constructed, not an official forecast"
GBR_R02_strict,GBR,ESA_REV,R02,1,Other taxes on production and imports,2030,2030,CY,191168.78176790162,GBP,3600543.24275,OBR_EFO_LATEST,5.309443,,,,strict,composite_forecast,ONS_GG_RECEIPTS,2025.0,149913.0,OBR_EFO_LATEST,1.0308219398239966,grow_with_proxy,,fy_weighted_quarters,0.9225,2025.0,B,OBR_to_ESA_REV:1.0,OBR_EFO_LATEST,2026-03-24,2026-09-05,current,,public_sector_perimeter,,,,,False,True,True,20260919T115610Z,"OBR EFO March 2026 vintage via the PSF aggregates databank (August 2026 file, 'forecast as of March 2026'): per-tax series, National Accounts basis, accrued, fiscal years converted per §7.10; public sector receipts perimeter — individual taxes are GG in substance, coverage measured on the GG anchor (§7.11, §14); cash-timing and holding-gains wedges carried by the crosswalk (D17); components: Fuel duties, Stamp duty land tax, Stamp taxes on shares, Tobacco duties, Alcohol duties, Vehicle excise duties, Air passenger duty, Insurance premium tax, Climate change levy and carbon price floor, Environmental levies, Emissions trading scheme, Bank levy; D.2 minus D.211: production/product taxes per the national tax list; business rates come from EFO annex table A.5 (not in the databank), so the composite starts at FY 2024-25; constructed, not an official forecast"
GBR_R03_strict,GBR,ESA_REV,R03,1,Taxes on household income,2026,2026,CY,362110.0588489332,GBP,3140505.3017500006,OBR_EFO_LATEST,11.530312,,,,strict,composite_forecast,ONS_GG_RECEIPTS,2025.0,334310.0,OBR_EFO_LATEST,1.083156527919994,grow_with_proxy,,fy_weighted_quarters,1.032,2025.0,B,OBR_to_ESA_REV:1.0,OBR_EFO_LATEST,2026-03-24,2026-09-05,current,,public_sector_perimeter,,,,,False,True,True,20260919T115610Z,"OBR EFO March 2026 vintage via the PSF aggregates databank (August 2026 file, 'forecast as of March 2026'): per-tax series, National Accounts basis, accrued, fiscal years converted per §7.10; public sector receipts perimeter — individual taxes are GG in substance, coverage measured on the GG anchor (§7.11, §14); cash-timing and holding-gains wedges carried by the crosswalk (D17); components: Pay as your earn (PAYE) income tax, Self assessed (SA) income tax, Other income tax, Capital gains tax; D.51 households incl. holding gains (D51M): income tax streams plus CGT per the national tax list; constructed, not an official forecast"
GBR_R03_strict,GBR,ESA_REV,R03,1,Taxes on household income,2027,2027,CY,390218.29312909633,GBP,3248774.88775,OBR_EFO_LATEST,12.011244,,,,strict,composite_forecast,ONS_GG_RECEIPTS,2025.0,334310.0,OBR_EFO_LATEST,1.0776234561655451,grow_with_proxy,,fy_weighted_quarters,1.032,2025.0,B,OBR_to_ESA_REV:1.0,OBR_EFO_LATEST,2026-03-24,2026-09-05,current,,public_sector_perimeter,,,,,False,True,True,20260919T115610Z,"OBR EFO March 2026 vintage via the PSF aggregates databank (August 2026 file, 'forecast as of March 2026'): per-tax series, National Accounts basis, accrued, fiscal years converted per §7.10; public sector receipts perimeter — individual taxes are GG in substance, coverage measured on the GG anchor (§7.11, §14); cash-timing and holding-gains wedges carried by the crosswalk (D17); components: Pay as your earn (PAYE) income tax, Self assessed (SA) income tax, Other income tax, Capital gains tax; D.51 households incl. holding gains (D51M): income tax streams plus CGT per the national tax list; constructed, not an official forecast"
GBR_R03_strict,GBR,ESA_REV,R03,1,Taxes on household income,2028,2028,CY,407900.58235317445,GBP,3362371.067,OBR_EFO_LATEST,12.131338,,,,strict,composite_forecast,ONS_GG_RECEIPTS,2025.0,334310.0,OBR_EFO_LATEST,1.0453138398056296,grow_with_proxy,,fy_weighted_quarters,1.032,2025.0,B,OBR_to_ESA_REV:1.0,OBR_EFO_LATEST,2026-03-24,2026-09-05,current,,public_sector_perimeter,,,,,False,True,True,20260919T115610Z,"OBR EFO March 2026 vintage via the PSF aggregates databank (August 2026 file, 'forecast as of March 2026'): per-tax series, National Accounts basis, accrued, fiscal years converted per §7.10; public sector receipts perimeter — individual taxes are GG in substance, coverage measured on the GG anchor (§7.11, §14); cash-timing and holding-gains wedges carried by the crosswalk (D17); components: Pay as your earn (PAYE) income tax, Self assessed (SA) income tax, Other income tax, Capital gains tax; D.51 households incl. holding gains (D51M): income tax streams plus CGT per the national tax list; constructed, not an official forecast"
GBR_R03_strict,GBR,ESA_REV,R03,1,Taxes on household income,2029,2029,CY,426820.4014340161,GBP,3477715.2465,OBR_EFO_LATEST,12.273012,,,,strict,composite_forecast,ONS_GG_RECEIPTS,2025.0,334310.0,OBR_EFO_LATEST,1.046383407867901,grow_with_proxy,,fy_weighted_quarters,1.032,2025.0,B,OBR_to_ESA_REV:1.0,OBR_EFO_LATEST,2026-03-24,2026-09-05,current,,public_sector_perimeter,,,,,False,True,True,20260919T115610Z,"OBR EFO March 2026 vintage via the PSF aggregates databank (August 2026 file, 'forecast as of March 2026'): per-tax series, National Accounts basis, accrued, fiscal years converted per §7.10; public sector receipts perimeter — individual taxes are GG in substance, coverage measured on the GG anchor (§7.11, §14); cash-timing and holding-gains wedges carried by the crosswalk (D17); components: Pay as your earn (PAYE) income tax, Self assessed (SA) income tax, Other income tax, Capital gains tax; D.51 households incl. holding gains (D51M): income tax streams plus CGT per the national tax list; constructed, not an official forecast"
GBR_R03_strict,GBR,ESA_REV,R03,1,Taxes on household income,2030,2030,CY,446483.6782403272,GBP,3600543.24275,OBR_EFO_LATEST,12.400453,,,,strict,composite_forecast,ONS_GG_RECEIPTS,2025.0,334310.0,OBR_EFO_LATEST,1.0460692055493297,grow_with_proxy,,fy_weighted_quarters,1.032,2025.0,B,OBR_to_ESA_REV:1.0,OBR_EFO_LATEST,2026-03-24,2026-09-05,current,,public_sector_perimeter,,,,,False,True,True,20260919T115610Z,"OBR EFO March 2026 vintage via the PSF aggregates databank (August 2026 file, 'forecast as of March 2026'): per-tax series, National Accounts basis, accrued, fiscal years converted per §7.10; public sector receipts perimeter — individual taxes are GG in substance, coverage measured on the GG anchor (§7.11, §14); cash-timing and holding-gains wedges carried by the crosswalk (D17); components: Pay as your earn (PAYE) income tax, Self assessed (SA) income tax, Other income tax, Capital gains tax; D.51 households incl. holding gains (D51M): income tax streams plus CGT per the national tax list; constructed, not an official forecast"
GBR_R04_strict,GBR,ESA_REV,R04,1,Taxes on corporate income,2026,2026,CY,105841.4692587001,GBP,3140505.3017500006,OBR_EFO_LATEST,3.370205,,,,strict,composite_forecast,ONS_GG_RECEIPTS,2025.0,102821.0,OBR_EFO_LATEST,1.0293759957469788,grow_with_proxy,,fy_weighted_quarters,0.9885,2025.0,B,OBR_to_ESA_REV:1.0,OBR_EFO_LATEST,2026-03-24,2026-09-05,current,,public_sector_perimeter,,,,,False,True,True,20260919T115610Z,"OBR EFO March 2026 vintage via the PSF aggregates databank (August 2026 file, 'forecast as of March 2026'): per-tax series, National Accounts basis, accrued, fiscal years converted per §7.10; public sector receipts perimeter — individual taxes are GG in substance, coverage measured on the GG anchor (§7.11, §14); cash-timing and holding-gains wedges carried by the crosswalk (D17); components: Onshore corporation tax, Offshore corporation tax, Petroleum revenue tax, Energy profits levy, Diverted profits tax; D.51 corporations (D51O): CT onshore (incl. bank surcharge and EGL per the databank definition) + offshore + PRT + EPL + DPT; constructed, not an official forecast"
GBR_R04_strict,GBR,ESA_REV,R04,1,Taxes on corporate income,2027,2027,CY,110853.3529383081,GBP,3248774.88775,OBR_EFO_LATEST,3.412159,,,,strict,composite_forecast,ONS_GG_RECEIPTS,2025.0,102821.0,OBR_EFO_LATEST,1.0473527409881078,grow_with_proxy,,fy_weighted_quarters,0.9885,2025.0,B,OBR_to_ESA_REV:1.0,OBR_EFO_LATEST,2026-03-24,2026-09-05,current,,public_sector_perimeter,,,,,False,True,True,20260919T115610Z,"OBR EFO March 2026 vintage via the PSF aggregates databank (August 2026 file, 'forecast as of March 2026'): per-tax series, National Accounts basis, accrued, fiscal years converted per §7.10; public sector receipts perimeter — individual taxes are GG in substance, coverage measured on the GG anchor (§7.11, §14); cash-timing and holding-gains wedges carried by the crosswalk (D17); components: Onshore corporation tax, Offshore corporation tax, Petroleum revenue tax, Energy profits levy, Diverted profits tax; D.51 corporations (D51O): CT onshore (incl. bank surcharge and EGL per the databank definition) + offshore + PRT + EPL + DPT; constructed, not an official forecast"
GBR_R04_strict,GBR,ESA_REV,R04,1,Taxes on corporate income,2028,2028,CY,115113.68732471993,GBP,3362371.067,OBR_EFO_LATEST,3.423587,,,,strict,composite_forecast,ONS_GG_RECEIPTS,2025.0,102821.0,OBR_EFO_LATEST,1.0384321653200943,grow_with_proxy,,fy_weighted_quarters,0.9885,2025.0,B,OBR_to_ESA_REV:1.0,OBR_EFO_LATEST,2026-03-24,2026-09-05,current,,public_sector_perimeter,,,,,False,True,True,20260919T115610Z,"OBR EFO March 2026 vintage via the PSF aggregates databank (August 2026 file, 'forecast as of March 2026'): per-tax series, National Accounts basis, accrued, fiscal years converted per §7.10; public sector receipts perimeter — individual taxes are GG in substance, coverage measured on the GG anchor (§7.11, §14); cash-timing and holding-gains wedges carried by the crosswalk (D17); components: Onshore corporation tax, Offshore corporation tax, Petroleum revenue tax, Energy profits levy, Diverted profits tax; D.51 corporations (D51O): CT onshore (incl. bank surcharge and EGL per the databank definition) + offshore + PRT + EPL + DPT; constructed, not an official forecast"
GBR_R04_strict,GBR,ESA_REV,R04,1,Taxes on corporate income,2029,2029,CY,119404.51016820244,GBP,3477715.2465,OBR_EFO_LATEST,3.433418,,,,strict,composite_forecast,ONS_GG_RECEIPTS,2025.0,102821.0,OBR_EFO_LATEST,1.037274653807055,grow_with_proxy,,fy_weighted_quarters,0.9885,2025.0,B,OBR_to_ESA_REV:1.0,OBR_EFO_LATEST,2026-03-24,2026-09-05,current,,public_sector_perimeter,,,,,False,True,True,20260919T115610Z,"OBR EFO March 2026 vintage via the PSF aggregates databank (August 2026 file, 'forecast as of March 2026'): per-tax series, National Accounts basis, accrued, fiscal years converted per §7.10; public sector receipts perimeter — individual taxes are GG in substance, coverage measured on the GG anchor (§7.11, §14); cash-timing and holding-gains wedges carried by the crosswalk (D17); components: Onshore corporation tax, Offshore corporation tax, Petroleum revenue tax, Energy profits levy, Diverted profits tax; D.51 corporations (D51O): CT onshore (incl. bank surcharge and EGL per the databank definition) + offshore + PRT + EPL + DPT; constructed, not an official forecast"
GBR_R04_strict,GBR,ESA_REV,R04,1,Taxes on corporate income,2030,2030,CY,124656.41700993966,GBP,3600543.24275,OBR_EFO_LATEST,3.462156,,,,strict,composite_forecast,ONS_GG_RECEIPTS,2025.0,102821.0,OBR_EFO_LATEST,1.043984158004911,grow_with_proxy,,fy_weighted_quarters,0.9885,2025.0,B,OBR_to_ESA_REV:1.0,OBR_EFO_LATEST,2026-03-24,2026-09-05,current,,public_sector_perimeter,,,,,False,True,True,20260919T115610Z,"OBR EFO March 2026 vintage via the PSF aggregates databank (August 2026 file, 'forecast as of March 2026'): per-tax series, National Accounts basis, accrued, fiscal years converted per §7.10; public sector receipts perimeter — individual taxes are GG in substance, coverage measured on the GG anchor (§7.11, §14); cash-timing and holding-gains wedges carried by the crosswalk (D17); components: Onshore corporation tax, Offshore corporation tax, Petroleum revenue tax, Energy profits levy, Diverted profits tax; D.51 corporations (D51O): CT onshore (incl. bank surcharge and EGL per the databank definition) + offshore + PRT + EPL + DPT; constructed, not an official forecast"
GBR_R02_A_strict,GBR,ESA_REV,R02_A,2,Excise duties,2026,2026,CY,67300.88899362188,GBP,3140505.3017500006,OBR_EFO_LATEST,2.142996,,,,strict,composite_forecast,ONS_TAX_DETAIL,2025.0,63143.0,OBR_EFO_LATEST,1.065848771734347,grow_with_proxy,,fy_weighted_quarters,0.9864,2025.0,B,OBR_to_ESA_REV:1.0,OBR_EFO_LATEST,2026-03-24,2026-09-05,current,,public_sector_perimeter,,,,,False,True,True,20260919T115610Z,"OBR EFO March 2026 vintage via the PSF aggregates databank (August 2026 file, 'forecast as of March 2026'): per-tax series, National Accounts basis, accrued, fiscal years converted per §7.10; public sector receipts perimeter — individual taxes are GG in substance, coverage measured on the GG anchor (§7.11, §14); cash-timing and holding-gains wedges carried by the crosswalk (D17); components: Fuel duties, Tobacco duties, Alcohol duties, Air passenger duty, Climate change levy and carbon price floor, Environmental levies; D.214A 'excise duties and consumption taxes' per NTL table 9: hydrocarbon oils, tobacco, beer/wine/spirits, air passenger duty, climate change levy and the environmental levies (renewables obligation, contracts for difference) — 92% of the row in 2024; landfill, aggregates, soft-drinks and plastic-packaging levies have no databank series (vehicle excise duty is D.29/D.59, insurance premium tax D.214G, gambling D.214F); constructed, not an official forecast"
GBR_R02_A_strict,GBR,ESA_REV,R02_A,2,Excise duties,2027,2027,CY,69987.31435593574,GBP,3248774.88775,OBR_EFO_LATEST,2.154268,,,,strict,composite_forecast,ONS_TAX_DETAIL,2025.0,63143.0,OBR_EFO_LATEST,1.0399166400694715,grow_with_proxy,,fy_weighted_quarters,0.9864,2025.0,B,OBR_to_ESA_REV:1.0,OBR_EFO_LATEST,2026-03-24,2026-09-05,current,,public_sector_perimeter,,,,,False,True,True,20260919T115610Z,"OBR EFO March 2026 vintage via the PSF aggregates databank (August 2026 file, 'forecast as of March 2026'): per-tax series, National Accounts basis, accrued, fiscal years converted per §7.10; public sector receipts perimeter — individual taxes are GG in substance, coverage measured on the GG anchor (§7.11, §14); cash-timing and holding-gains wedges carried by the crosswalk (D17); components: Fuel duties, Tobacco duties, Alcohol duties, Air passenger duty, Climate change levy and carbon price floor, Environmental levies; D.214A 'excise duties and consumption taxes' per NTL table 9: hydrocarbon oils, tobacco, beer/wine/spirits, air passenger duty, climate change levy and the environmental levies (renewables obligation, contracts for difference) — 92% of the row in 2024; landfill, aggregates, soft-drinks and plastic-packaging levies have no databank series (vehicle excise duty is D.29/D.59, insurance premium tax D.214G, gambling D.214F); constructed, not an official forecast"
GBR_R02_A_strict,GBR,ESA_REV,R02_A,2,Excise duties,2028,2028,CY,71348.16045717451,GBP,3362371.067,OBR_EFO_LATEST,2.12196,,,,strict,composite_forecast,ONS_TAX_DETAIL,2025.0,63143.0,OBR_EFO_LATEST,1.0194441823316422,grow_with_proxy,,fy_weighted_quarters,0.9864,2025.0,B,OBR_to_ESA_REV:1.0,OBR_EFO_LATEST,2026-03-24,2026-09-05,current,,public_sector_perimeter,,,,,False,True,True,20260919T115610Z,"OBR EFO March 2026 vintage via the PSF aggregates databank (August 2026 file, 'forecast as of March 2026'): per-tax series, National Accounts basis, accrued, fiscal years converted per §7.10; public sector receipts perimeter — individual taxes are GG in substance, coverage measured on the GG anchor (§7.11, §14); cash-timing and holding-gains wedges carried by the crosswalk (D17); components: Fuel duties, Tobacco duties, Alcohol duties, Air passenger duty, Climate change levy and carbon price floor, Environmental levies; D.214A 'excise duties and consumption taxes' per NTL table 9: hydrocarbon oils, tobacco, beer/wine/spirits, air passenger duty, climate change levy and the environmental levies (renewables obligation, contracts for difference) — 92% of the row in 2024; landfill, aggregates, soft-drinks and plastic-packaging levies have no databank series (vehicle excise duty is D.29/D.59, insurance premium tax D.214G, gambling D.214F); constructed, not an official forecast"
GBR_R02_A_strict,GBR,ESA_REV,R02_A,2,Excise duties,2029,2029,CY,72434.45917865697,GBP,3477715.2465,OBR_EFO_LATEST,2.082817,,,,strict,composite_forecast,ONS_TAX_DETAIL,2025.0,63143.0,OBR_EFO_LATEST,1.0152253220618699,grow_with_proxy,,fy_weighted_quarters,0.9864,2025.0,B,OBR_to_ESA_REV:1.0,OBR_EFO_LATEST,2026-03-24,2026-09-05,current,,public_sector_perimeter,,,,,False,True,True,20260919T115610Z,"OBR EFO March 2026 vintage via the PSF aggregates databank (August 2026 file, 'forecast as of March 2026'): per-tax series, National Accounts basis, accrued, fiscal years converted per §7.10; public sector receipts perimeter — individual taxes are GG in substance, coverage measured on the GG anchor (§7.11, §14); cash-timing and holding-gains wedges carried by the crosswalk (D17); components: Fuel duties, Tobacco duties, Alcohol duties, Air passenger duty, Climate change levy and carbon price floor, Environmental levies; D.214A 'excise duties and consumption taxes' per NTL table 9: hydrocarbon oils, tobacco, beer/wine/spirits, air passenger duty, climate change levy and the environmental levies (renewables obligation, contracts for difference) — 92% of the row in 2024; landfill, aggregates, soft-drinks and plastic-packaging levies have no databank series (vehicle excise duty is D.29/D.59, insurance premium tax D.214G, gambling D.214F); constructed, not an official forecast"
GBR_R02_A_strict,GBR,ESA_REV,R02_A,2,Excise duties,2030,2030,CY,74039.29459490006,GBP,3600543.24275,OBR_EFO_LATEST,2.056337,,,,strict,composite_forecast,ONS_TAX_DETAIL,2025.0,63143.0,OBR_EFO_LATEST,1.022155689908374,grow_with_proxy,,fy_weighted_quarters,0.9864,2025.0,B,OBR_to_ESA_REV:1.0,OBR_EFO_LATEST,2026-03-24,2026-09-05,current,,public_sector_perimeter,,,,,False,True,True,20260919T115610Z,"OBR EFO March 2026 vintage via the PSF aggregates databank (August 2026 file, 'forecast as of March 2026'): per-tax series, National Accounts basis, accrued, fiscal years converted per §7.10; public sector receipts perimeter — individual taxes are GG in substance, coverage measured on the GG anchor (§7.11, §14); cash-timing and holding-gains wedges carried by the crosswalk (D17); components: Fuel duties, Tobacco duties, Alcohol duties, Air passenger duty, Climate change levy and carbon price floor, Environmental levies; D.214A 'excise duties and consumption taxes' per NTL table 9: hydrocarbon oils, tobacco, beer/wine/spirits, air passenger duty, climate change levy and the environmental levies (renewables obligation, contracts for difference) — 92% of the row in 2024; landfill, aggregates, soft-drinks and plastic-packaging levies have no databank series (vehicle excise duty is D.29/D.59, insurance premium tax D.214G, gambling D.214F); constructed, not an official forecast"
FRA_R01_strict,FRA,ESA_REV,R01,1,Value added tax,1995,1995,CY,89583.3,EUR,1213802.4,EUROSTAT_NAMA10_GDP,7.380386,618331.7,EUROSTAT_GOV10A_MAIN,14.487903,strict,anchor_actual,EUROSTAT_GOV10A_MAIN,1995.0,89583.3,,,,,,,,A,,EUROSTAT_GOV10A_MAIN,2026-07-21,2026-09-03,current,,,,,89203.35,-0.4241,False,False,False,20260919T115610Z,
FRA_R01_strict,FRA,ESA_REV,R01,1,Value added tax,1996,1996,CY,96341.9,EUR,1246973.7,EUROSTAT_NAMA10_GDP,7.726057,649939.5,EUROSTAT_GOV10A_MAIN,14.82321,strict,anchor_actual,EUROSTAT_GOV10A_MAIN,1996.0,96341.9,,,,,,,,A,,EUROSTAT_GOV10A_MAIN,2026-07-21,2026-09-03,current,,,,,95957.187,-0.3993,False,False,False,20260919T115610Z,
FRA_R01_strict,FRA,ESA_REV,R01,1,Value added tax,1997,1997,CY,99158.7,EUR,1289669.2,EUROSTAT_NAMA10_GDP,7.688693,668781.4,EUROSTAT_GOV10A_MAIN,14.826773,strict,anchor_actual,EUROSTAT_GOV10A_MAIN,1997.0,99158.7,,,,,,,,A,,EUROSTAT_GOV10A_MAIN,2026-07-21,2026-09-03,current,,,,,98797.25600000001,-0.3645,False,False,False,20260919T115610Z,
FRA_R01_strict,FRA,ESA_REV,R01,1,Value added tax,1998,1998,CY,102045.7,EUR,1346317.6,EUROSTAT_NAMA10_GDP,7.579616,694521.4,EUROSTAT_GOV10A_MAIN,14.692953,strict,anchor_actual,EUROSTAT_GOV10A_MAIN,1998.0,102045.7,,,,,,,,A,,EUROSTAT_GOV10A_MAIN,2026-07-21,2026-09-03,current,,,,,101665.902,-0.3722,False,False,False,20260919T115610Z,
FRA_R01_strict,FRA,ESA_REV,R01,1,Value added tax,1999,1999,CY,106145.1,EUR,1395148.0,EUROSTAT_NAMA10_GDP,7.608161,727044.7,EUROSTAT_GOV10A_MAIN,14.599529,strict,anchor_actual,EUROSTAT_GOV10A_MAIN,1999.0,106145.1,,,,,,,,A,,EUROSTAT_GOV10A_MAIN,2026-07-21,2026-09-03,current,,,,,105726.669,-0.3942,False,False,False,20260919T115610Z,
FRA_R01_strict,FRA,ESA_REV,R01,1,Value added tax,2000,2000,CY,107332.7,EUR,1473517.3,EUROSTAT_NAMA10_GDP,7.284115,756006.5,EUROSTAT_GOV10A_MAIN,14.197325,strict,anchor_actual,EUROSTAT_GOV10A_MAIN,2000.0,107332.7,,,,,,,,A,,EUROSTAT_GOV10A_MAIN,2026-07-21,2026-09-03,current,,,,,106915.97,-0.3883,False,False,False,20260919T115610Z,
FRA_R01_strict,FRA,ESA_REV,R01,1,Value added tax,2001,2001,CY,108751.4,EUR,1530070.9,EUROSTAT_NAMA10_GDP,7.107605,786539.0,EUROSTAT_GOV10A_MAIN,13.826574,strict,anchor_actual,EUROSTAT_GOV10A_MAIN,2001.0,108751.4,,,,,,,,A,,EUROSTAT_GOV10A_MAIN,2026-07-21,2026-09-03,current,,,,,108489.00899999999,-0.2413,False,False,False,20260919T115610Z,
FRA_R01_strict,FRA,ESA_REV,R01,1,Value added tax,2002,2002,CY,110580.4,EUR,1578330.4,EUROSTAT_NAMA10_GDP,7.006163,800986.5,EUROSTAT_GOV10A_MAIN,13.805526,strict,anchor_actual,EUROSTAT_GOV10A_MAIN,2002.0,110580.4,,,,,,,,A,,EUROSTAT_GOV10A_MAIN,2026-07-21,2026-09-03,current,,,,,110352.38699999999,-0.2062,False,False,False,20260919T115610Z,
FRA_R01_strict,FRA,ESA_REV,R01,1,Value added tax,2003,2003,CY,113749.3,EUR,1622312.8,EUROSTAT_NAMA10_GDP,7.011552,815468.6,EUROSTAT_GOV10A_MAIN,13.948949,strict,anchor_actual,EUROSTAT_GOV10A_MAIN,2003.0,113749.3,,,,,,,,A,,EUROSTAT_GOV10A_MAIN,2026-07-21,2026-09-03,current,,,,,113552.651,-0.1729,False,False,False,20260919T115610Z,
FRA_R01_strict,FRA,ESA_REV,R01,1,Value added tax,2004,2004,CY,120323.0,EUR,1696107.7,EUROSTAT_NAMA10_GDP,7.094066,855606.6,EUROSTAT_GOV10A_MAIN,14.062888,strict,anchor_actual,EUROSTAT_GOV10A_MAIN,2004.0,120323.0,,,,,,,,A,,EUROSTAT_GOV10A_MAIN,2026-07-21,2026-09-03,current,,,,,120104.68299999999,-0.1814,False,False,False,20260919T115610Z,
FRA_R01_strict,FRA,ESA_REV,R01,1,Value added tax,2005,2005,CY,126722.4,EUR,1762047.7,EUROSTAT_NAMA10_GDP,7.191769,894341.1,EUROSTAT_GOV10A_MAIN,14.169359,strict,anchor_actual,EUROSTAT_GOV10A_MAIN,2005.0,126722.4,,,,,,,,A,,EUROSTAT_GOV10A_MAIN,2026-07-21,2026-09-03,current,,,,,126364.324,-0.2826,False,False,False,20260919T115610Z,
FRA_R01_strict,FRA,ESA_REV,R01,1,Value added tax,2006,2006,CY,131781.0,EUR,1846020.8,EUROSTAT_NAMA10_GDP,7.138652,943178.2,EUROSTAT_GOV10A_MAIN,13.972015,strict,anchor_actual,EUROSTAT_GOV10A_MAIN,2006.0,131781.0,,,,,,,,A,,EUROSTAT_GOV10A_MAIN,2026-07-21,2026-09-03,current,,,,,131492.49599999998,-0.2189,False,False,False,20260919T115610Z,
FRA_R01_strict,FRA,ESA_REV,R01,1,Value added tax,2007,2007,CY,136674.0,EUR,1937876.3,EUROSTAT_NAMA10_GDP,7.052772,981351.9,EUROSTAT_GOV10A_MAIN,13.927114,strict,anchor_actual,EUROSTAT_GOV10A_MAIN,2007.0,136674.0,,,,,,,,A,,EUROSTAT_GOV10A_MAIN,2026-07-21,2026-09-03,current,,,,,136153.29700000002,-0.381,False,False,False,20260919T115610Z,
FRA_R01_strict,FRA,ESA_REV,R01,1,Value added tax,2008,2008,CY,137805.5,EUR,1989999.7,EUROSTAT_NAMA10_GDP,6.924901,1010530.4,EUROSTAT_GOV10A_MAIN,13.636947,strict,anchor_actual,EUROSTAT_GOV10A_MAIN,2008.0,137805.5,,,,,,,,A,,EUROSTAT_GOV10A_MAIN,2026-07-21,2026-09-03,current,,,,,137339.73599999998,-0.338,False,False,False,20260919T115610Z,
FRA_R01_strict,FRA,ESA_REV,R01,1,Value added tax,2009,2009,CY,130580.1,EUR,1935840.2,EUROSTAT_NAMA10_GDP,6.745397,979773.4,EUROSTAT_GOV10A_MAIN,13.327582,strict,anchor_actual,EUROSTAT_GOV10A_MAIN,2009.0,130580.1,,,,,,,,A,,EUROSTAT_GOV10A_MAIN,2026-07-21,2026-09-03,current,,,,,129871.904,-0.5423,False,False,False,20260919T115610Z,
FRA_R01_strict,FRA,ESA_REV,R01,1,Value added tax,2010,2010,CY,135833.1,EUR,1996075.1,EUROSTAT_NAMA10_GDP,6.805009,1009201.3,EUROSTAT_GOV10A_MAIN,13.459465,strict,anchor_actual,EUROSTAT_GOV10A_MAIN,2010.0,135833.1,,,,,,,,A,,EUROSTAT_GOV10A_MAIN,2026-07-21,2026-09-03,current,,,,,135104.566,-0.5363,False,False,False,20260919T115610Z,
FRA_R01_strict,FRA,ESA_REV,R01,1,Value added tax,2011,2011,CY,140848.1,EUR,2062141.4,EUROSTAT_NAMA10_GDP,6.830186,1066319.2,EUROSTAT_GOV10A_MAIN,13.208812,strict,anchor_actual,EUROSTAT_GOV10A_MAIN,2011.0,140848.1,,,,,,,,A,,EUROSTAT_GOV10A_MAIN,2026-07-21,2026-09-03,current,,,,,140025.792,-0.5838,False,False,False,20260919T115610Z,
FRA_R01_strict,FRA,ESA_REV,R01,1,Value added tax,2012,2012,CY,142839.1,EUR,2088286.7,EUROSTAT_NAMA10_GDP,6.840014,1100965.9,EUROSTAT_GOV10A_MAIN,12.97398,strict,anchor_actual,EUROSTAT_GOV10A_MAIN,2012.0,142839.1,,,,,,,,A,,EUROSTAT_GOV10A_MAIN,2026-07-21,2026-09-03,current,,,,,141974.856,-0.605,False,False,False,20260919T115610Z,
FRA_R01_strict,FRA,ESA_REV,R01,1,Value added tax,2013,2013,CY,144918.0,EUR,2120351.9,EUROSTAT_NAMA10_GDP,6.83462,1137646.2,EUROSTAT_GOV10A_MAIN,12.738407,strict,anchor_actual,EUROSTAT_GOV10A_MAIN,2013.0,144918.0,,,,,,,,A,,EUROSTAT_GOV10A_MAIN,2026-07-21,2026-09-03,current,,,,,143882.011,-0.7149,False,False,False,20260919T115610Z,
FRA_R01_strict,FRA,ESA_REV,R01,1,Value added tax,2014,2014,CY,148922.0,EUR,2153733.1,EUROSTAT_NAMA10_GDP,6.914599,1159145.1,EUROSTAT_GOV10A_MAIN,12.847572,strict,anchor_actual,EUROSTAT_GOV10A_MAIN,2014.0,148922.0,,,,,,,,A,,EUROSTAT_GOV10A_MAIN,2026-07-21,2026-09-03,current,,,,,147928.11800000002,-0.6674,False,False,False,20260919T115610Z,
FRA_R01_strict,FRA,ESA_REV,R01,1,Value added tax,2015,2015,CY,152167.0,EUR,2201401.6,EUROSTAT_NAMA10_GDP,6.912278,1182326.8,EUROSTAT_GOV10A_MAIN,12.87013,strict,anchor_actual,EUROSTAT_GOV10A_MAIN,2015.0,152167.0,,,,,,,,A,,EUROSTAT_GOV10A_MAIN,2026-07-21,2026-09-03,current,,,,,151152.51,-0.6667,False,False,False,20260919T115610Z,
FRA_R01_strict,FRA,ESA_REV,R01,1,Value added tax,2016,2016,CY,154967.0,EUR,2231819.2,EUROSTAT_NAMA10_GDP,6.943528,1196622.9,EUROSTAT_GOV10A_MAIN,12.950362,strict,anchor_actual,EUROSTAT_GOV10A_MAIN,2016.0,154967.0,,,,,,,,A,,EUROSTAT_GOV10A_MAIN,2026-07-21,2026-09-03,current,,,,,154046.078,-0.5943,False,False,False,20260919T115610Z,
FRA_R01_strict,FRA,ESA_REV,R01,1,Value added tax,2017,2017,CY,162452.0,EUR,2291680.5,EUROSTAT_NAMA10_GDP,7.088772,1244386.9,EUROSTAT_GOV10A_MAIN,13.054782,strict,anchor_actual,EUROSTAT_GOV10A_MAIN,2017.0,162452.0,,,,,,,,A,,EUROSTAT_GOV10A_MAIN,2026-07-21,2026-09-03,current,,,,,161466.24800000002,-0.6068,False,False,False,20260919T115610Z,
FRA_R01_strict,FRA,ESA_REV,R01,1,Value added tax,2018,2018,CY,168177.0,EUR,2355362.8,EUROSTAT_NAMA10_GDP,7.140174,1273016.1,EUROSTAT_GOV10A_MAIN,13.210909,strict,anchor_actual,EUROSTAT_GOV10A_MAIN,2018.0,168177.0,,,,,,,,A,,EUROSTAT_GOV10A_MAIN,2026-07-21,2026-09-03,current,,,,,167286.881,-0.5293,False,False,False,20260919T115610Z,
FRA_R01_strict,FRA,ESA_REV,R01,1,Value added tax,2019,2019,CY,174424.0,EUR,2432206.8,EUROSTAT_NAMA10_GDP,7.17143,1287929.2,EUROSTAT_GOV10A_MAIN,13.54298,strict,anchor_actual,EUROSTAT_GOV10A_MAIN,2019.0,174424.0,,,,,,,,A,,EUROSTAT_GOV10A_MAIN,2026-07-21,2026-09-03,current,,,,,173993.294,-0.2469,False,False,False,20260919T115610Z,
FRA_R01_strict,FRA,ESA_REV,R01,1,Value added tax,2020,2020,CY,162090.0,EUR,2318276.2,EUROSTAT_NAMA10_GDP,6.991833,1223272.6,EUROSTAT_GOV10A_MAIN,13.250522,strict,anchor_actual,EUROSTAT_GOV10A_MAIN,2020.0,162090.0,,,,,,,,A,,EUROSTAT_GOV10A_MAIN,2026-07-21,2026-09-03,current,,,,,161156.724,-0.5758,False,False,False,20260919T115610Z,
FRA_R01_strict,FRA,ESA_REV,R01,1,Value added tax,2021,2021,CY,185350.0,EUR,2508102.3,EUROSTAT_NAMA10_GDP,7.390049,1326231.8,EUROSTAT_GOV10A_MAIN,13.975687,strict,anchor_actual,EUROSTAT_GOV10A_MAIN,2021.0,185350.0,,,,,,,,A,,EUROSTAT_GOV10A_MAIN,2026-07-21,2026-09-03,current,,,,,184658.335,-0.3732,False,False,False,20260919T115610Z,
FRA_R01_strict,FRA,ESA_REV,R01,1,Value added tax,2022,2022,CY,199272.0,EUR,2653997.2,EUROSTAT_NAMA10_GDP,7.508373,1424435.6,EUROSTAT_GOV10A_MAIN,13.989541,strict,anchor_actual,EUROSTAT_GOV10A_MAIN,2022.0,199272.0,,,,,,,,A,,EUROSTAT_GOV10A_MAIN,2026-07-21,2026-09-03,current,,,,,198809.35400000002,-0.2322,False,False,False,20260919T115610Z,
FRA_R01_strict,FRA,ESA_REV,R01,1,Value added tax,2023,2023,CY,206312.0,EUR,2833826.4,EUROSTAT_NAMA10_GDP,7.280333,1456350.5,EUROSTAT_GOV10A_MAIN,14.16637,strict,anchor_actual,EUROSTAT_GOV10A_MAIN,2023.0,206312.0,,,,,,,,A,,EUROSTAT_GOV10A_MAIN,2026-07-21,2026-09-03,current,,,,,205594.305,-0.3479,False,False,False,20260919T115610Z,
FRA_R01_strict,FRA,ESA_REV,R01,1,Value added tax,2024,2024,CY,207753.0,EUR,2935236.2,EUROSTAT_NAMA10_GDP,7.077897,1503590.1,EUROSTAT_GOV10A_MAIN,13.81713,strict,anchor_actual,EUROSTAT_GOV10A_MAIN,2024.0,207753.0,,,,,,,,A,,EUROSTAT_GOV10A_MAIN,2026-07-21,2026-09-03,current,,,,,205866.298,-0.9081,False,False,False,20260919T115610Z,
FRA_R01_strict,FRA,ESA_REV,R01,1,Value added tax,2025,2025,CY,208821.0,EUR,2991055.9,EUROSTAT_NAMA10_GDP,6.981514,1561626.1,EUROSTAT_GOV10A_MAIN,13.372023,strict,anchor_actual,EUROSTAT_GOV10A_MAIN,2025.0,208821.0,,,,,,,,A,,EUROSTAT_GOV10A_MAIN,2026-07-21,2026-09-03,current,,,,,,,False,False,False,20260919T115610Z,
FRA_R02_strict,FRA,ESA_REV,R02,1,Other taxes on production and imports,1995,1995,CY,101589.3,EUR,1213802.4,EUROSTAT_NAMA10_GDP,8.369509,618331.7,EUROSTAT_GOV10A_MAIN,16.42958,strict,derived_actual,EUROSTAT_GOV10A_MAIN,1995.0,101589.3,,,,,,,,A,,EUROSTAT_GOV10A_MAIN,2026-07-21,2026-09-03,current,,,,,,,False,False,False,20260919T115610Z,derived D.2 - D.211
FRA_R02_strict,FRA,ESA_REV,R02,1,Other taxes on production and imports,1996,1996,CY,106822.20000000001,EUR,1246973.7,EUROSTAT_NAMA10_GDP,8.566516,649939.5,EUROSTAT_GOV10A_MAIN,16.435714,strict,derived_actual,EUROSTAT_GOV10A_MAIN,1996.0,106822.20000000001,,,,,,,,A,,EUROSTAT_GOV10A_MAIN,2026-07-21,2026-09-03,current,,,,,,,False,False,False,20260919T115610Z,derived D.2 - D.211
FRA_R02_strict,FRA,ESA_REV,R02,1,Other taxes on production and imports,1997,1997,CY,110897.3,EUR,1289669.2,EUROSTAT_NAMA10_GDP,8.598895,668781.4,EUROSTAT_GOV10A_MAIN,16.581995,strict,derived_actual,EUROSTAT_GOV10A_MAIN,1997.0,110897.3,,,,,,,,A,,EUROSTAT_GOV10A_MAIN,2026-07-21,2026-09-03,current,,,,,,,False,False,False,20260919T115610Z,derived D.2 - D.211
FRA_R02_strict,FRA,ESA_REV,R02,1,Other taxes on production and imports,1998,1998,CY,115930.09999999999,EUR,1346317.6,EUROSTAT_NAMA10_GDP,8.610903,694521.4,EUROSTAT_GOV10A_MAIN,16.692085,strict,derived_actual,EUROSTAT_GOV10A_MAIN,1998.0,115930.09999999999,,,,,,,,A,,EUROSTAT_GOV10A_MAIN,2026-07-21,2026-09-03,current,,,,,,,False,False,False,20260919T115610Z,derived D.2 - D.211
FRA_R02_strict,FRA,ESA_REV,R02,1,Other taxes on production and imports,1999,1999,CY,119008.0,EUR,1395148.0,EUROSTAT_NAMA10_GDP,8.530134,727044.7,EUROSTAT_GOV10A_MAIN,16.368732,strict,derived_actual,EUROSTAT_GOV10A_MAIN,1999.0,119008.0,,,,,,,,A,,EUROSTAT_GOV10A_MAIN,2026-07-21,2026-09-03,current,,,,,,,False,False,False,20260919T115610Z,derived D.2 - D.211
FRA_R02_strict,FRA,ESA_REV,R02,1,Other taxes on production and imports,2000,2000,CY,121359.40000000001,EUR,1473517.3,EUROSTAT_NAMA10_GDP,8.236035,756006.5,EUROSTAT_GOV10A_MAIN,16.052693,strict,derived_actual,EUROSTAT_GOV10A_MAIN,2000.0,121359.40000000001,,,,,,,,A,,EUROSTAT_GOV10A_MAIN,2026-07-21,2026-09-03,current,,,,,,,False,False,False,20260919T115610Z,derived D.2 - D.211
FRA_R02_strict,FRA,ESA_REV,R02,1,Other taxes on production and imports,2001,2001,CY,122654.4,EUR,1530070.9,EUROSTAT_NAMA10_GDP,8.016256,786539.0,EUROSTAT_GOV10A_MAIN,15.594192,strict,derived_actual,EUROSTAT_GOV10A_MAIN,2001.0,122654.4,,,,,,,,A,,EUROSTAT_GOV10A_MAIN,2026-07-21,2026-09-03,current,,,,,,,False,False,False,20260919T115610Z,derived D.2 - D.211
FRA_R02_strict,FRA,ESA_REV,R02,1,Other taxes on production and imports,2002,2002,CY,128750.70000000001,EUR,1578330.4,EUROSTAT_NAMA10_GDP,8.157398,800986.5,EUROSTAT_GOV10A_MAIN,16.074016,strict,derived_actual,EUROSTAT_GOV10A_MAIN,2002.0,128750.70000000001,,,,,,,,A,,EUROSTAT_GOV10A_MAIN,2026-07-21,2026-09-03,current,,,,,,,False,False,False,20260919T115610Z,derived D.2 - D.211
FRA_R02_strict,FRA,ESA_REV,R02,1,Other taxes on production and imports,2003,2003,CY,131133.8,EUR,1622312.8,EUROSTAT_NAMA10_GDP,8.083139,815468.6,EUROSTAT_GOV10A_MAIN,16.080791,strict,derived_actual,EUROSTAT_GOV10A_MAIN,2003.0,131133.8,,,,,,,,A,,EUROSTAT_GOV10A_MAIN,2026-07-21,2026-09-03,current,,,,,,,False,False,False,20260919T115610Z,derived D.2 - D.211
FRA_R02_strict,FRA,ESA_REV,R02,1,Other taxes on production and imports,2004,2004,CY,138568.9,EUR,1696107.7,EUROSTAT_NAMA10_GDP,8.169817,855606.6,EUROSTAT_GOV10A_MAIN,16.195399,strict,derived_actual,EUROSTAT_GOV10A_MAIN,2004.0,138568.9,,,,,,,,A,,EUROSTAT_GOV10A_MAIN,2026-07-21,2026-09-03,current,,,,,,,False,False,False,20260919T115610Z,derived D.2 - D.211
FRA_R02_strict,FRA,ESA_REV,R02,1,Other taxes on production and imports,2005,2005,CY,144218.1,EUR,1762047.7,EUROSTAT_NAMA10_GDP,8.184688,894341.1,EUROSTAT_GOV10A_MAIN,16.125626,strict,derived_actual,EUROSTAT_GOV10A_MAIN,2005.0,144218.1,,,,,,,,A,,EUROSTAT_GOV10A_MAIN,2026-07-21,2026-09-03,current,,,,,,,False,False,False,20260919T115610Z,derived D.2 - D.211
FRA_R02_strict,FRA,ESA_REV,R02,1,Other taxes on production and imports,2006,2006,CY,149748.0,EUR,1846020.8,EUROSTAT_NAMA10_GDP,8.111935,943178.2,EUROSTAT_GOV10A_MAIN,15.876957,strict,derived_actual,EUROSTAT_GOV10A_MAIN,2006.0,149748.0,,,,,,,,A,,EUROSTAT_GOV10A_MAIN,2026-07-21,2026-09-03,current,,,,,,,False,False,False,20260919T115610Z,derived D.2 - D.211
FRA_R02_strict,FRA,ESA_REV,R02,1,Other taxes on production and imports,2007,2007,CY,155195.90000000002,EUR,1937876.3,EUROSTAT_NAMA10_GDP,8.008556,981351.9,EUROSTAT_GOV10A_MAIN,15.8145,strict,derived_actual,EUROSTAT_GOV10A_MAIN,2007.0,155195.90000000002,,,,,,,,A,,EUROSTAT_GOV10A_MAIN,2026-07-21,2026-09-03,current,,,,,,,False,False,False,20260919T115610Z,derived D.2 - D.211
FRA_R02_strict,FRA,ESA_REV,R02,1,Other taxes on production and imports,2008,2008,CY,157394.5,EUR,1989999.7,EUROSTAT_NAMA10_GDP,7.909273,1010530.4,EUROSTAT_GOV10A_MAIN,15.575434,strict,derived_actual,EUROSTAT_GOV10A_MAIN,2008.0,157394.5,,,,,,,,A,,EUROSTAT_GOV10A_MAIN,2026-07-21,2026-09-03,current,,,,,,,False,False,False,20260919T115610Z,derived D.2 - D.211
FRA_R02_strict,FRA,ESA_REV,R02,1,Other taxes on production and imports,2009,2009,CY,160286.99999999997,EUR,1935840.2,EUROSTAT_NAMA10_GDP,8.279971,979773.4,EUROSTAT_GOV10A_MAIN,16.359599,strict,derived_actual,EUROSTAT_GOV10A_MAIN,2009.0,160286.99999999997,,,,,,,,A,,EUROSTAT_GOV10A_MAIN,2026-07-21,2026-09-03,current,,,,,,,False,False,False,20260919T115610Z,derived D.2 - D.211
FRA_R02_strict,FRA,ESA_REV,R02,1,Other taxes on production and imports,2010,2010,CY,158951.99999999997,EUR,1996075.1,EUROSTAT_NAMA10_GDP,7.963227,1009201.3,EUROSTAT_GOV10A_MAIN,15.750277,strict,derived_actual,EUROSTAT_GOV10A_MAIN,2010.0,158951.99999999997,,,,,,,,A,,EUROSTAT_GOV10A_MAIN,2026-07-21,2026-09-03,current,,,,,,,False,False,False,20260919T115610Z,derived D.2 - D.211
FRA_R02_strict,FRA,ESA_REV,R02,1,Other taxes on production and imports,2011,2011,CY,171272.99999999997,EUR,2062141.4,EUROSTAT_NAMA10_GDP,8.30559,1066319.2,EUROSTAT_GOV10A_MAIN,16.062076,strict,derived_actual,EUROSTAT_GOV10A_MAIN,2011.0,171272.99999999997,,,,,,,,A,,EUROSTAT_GOV10A_MAIN,2026-07-21,2026-09-03,current,,,,,,,False,False,False,20260919T115610Z,derived D.2 - D.211
FRA_R02_strict,FRA,ESA_REV,R02,1,Other taxes on production and imports,2012,2012,CY,178423.99999999997,EUR,2088286.7,EUROSTAT_NAMA10_GDP,8.544038,1100965.9,EUROSTAT_GOV10A_MAIN,16.206133,strict,derived_actual,EUROSTAT_GOV10A_MAIN,2012.0,178423.99999999997,,,,,,,,A,,EUROSTAT_GOV10A_MAIN,2026-07-21,2026-09-03,current,,,,,,,False,False,False,20260919T115610Z,derived D.2 - D.211
FRA_R02_strict,FRA,ESA_REV,R02,1,Other taxes on production and imports,2013,2013,CY,185743.0,EUR,2120351.9,EUROSTAT_NAMA10_GDP,8.760008,1137646.2,EUROSTAT_GOV10A_MAIN,16.326956,strict,derived_actual,EUROSTAT_GOV10A_MAIN,2013.0,185743.0,,,,,,,,A,,EUROSTAT_GOV10A_MAIN,2026-07-21,2026-09-03,current,,,,,,,False,False,False,20260919T115610Z,derived D.2 - D.211
FRA_R02_strict,FRA,ESA_REV,R02,1,Other taxes on production and imports,2014,2014,CY,190058.0,EUR,2153733.1,EUROSTAT_NAMA10_GDP,8.824585,1159145.1,EUROSTAT_GOV10A_MAIN,16.396394,strict,derived_actual,EUROSTAT_GOV10A_MAIN,2014.0,190058.0,,,,,,,,A,,EUROSTAT_GOV10A_MAIN,2026-07-21,2026-09-03,current,,,,,,,False,False,False,20260919T115610Z,derived D.2 - D.211
FRA_R02_strict,FRA,ESA_REV,R02,1,Other taxes on production and imports,2015,2015,CY,197590.0,EUR,2201401.6,EUROSTAT_NAMA10_GDP,8.975645,1182326.8,EUROSTAT_GOV10A_MAIN,16.711962,strict,derived_actual,EUROSTAT_GOV10A_MAIN,2015.0,197590.0,,,,,,,,A,,EUROSTAT_GOV10A_MAIN,2026-07-21,2026-09-03,current,,,,,,,False,False,False,20260919T115610Z,derived D.2 - D.211
FRA_R02_strict,FRA,ESA_REV,R02,1,Other taxes on production and imports,2016,2016,CY,203281.0,EUR,2231819.2,EUROSTAT_NAMA10_GDP,9.108309,1196622.9,EUROSTAT_GOV10A_MAIN,16.987892,strict,derived_actual,EUROSTAT_GOV10A_MAIN,2016.0,203281.0,,,,,,,,A,,EUROSTAT_GOV10A_MAIN,2026-07-21,2026-09-03,current,,,,,,,False,False,False,20260919T115610Z,derived D.2 - D.211
FRA_R02_strict,FRA,ESA_REV,R02,1,Other taxes on production and imports,2017,2017,CY,212134.0,EUR,2291680.5,EUROSTAT_NAMA10_GDP,9.2567,1244386.9,EUROSTAT_GOV10A_MAIN,17.04727,strict,derived_actual,EUROSTAT_GOV10A_MAIN,2017.0,212134.0,,,,,,,,A,,EUROSTAT_GOV10A_MAIN,2026-07-21,2026-09-03,current,,,,,,,False,False,False,20260919T115610Z,derived D.2 - D.211
FRA_R02_strict,FRA,ESA_REV,R02,1,Other taxes on production and imports,2018,2018,CY,221360.0,EUR,2355362.8,EUROSTAT_NAMA10_GDP,9.398128,1273016.1,EUROSTAT_GOV10A_MAIN,17.388625,strict,derived_actual,EUROSTAT_GOV10A_MAIN,2018.0,221360.0,,,,,,,,A,,EUROSTAT_GOV10A_MAIN,2026-07-21,2026-09-03,current,,,,,,,False,False,False,20260919T115610Z,derived D.2 - D.211
FRA_R02_strict,FRA,ESA_REV,R02,1,Other taxes on production and imports,2019,2019,CY,234597.0,EUR,2432206.8,EUROSTAT_NAMA10_GDP,9.645438,1287929.2,EUROSTAT_GOV10A_MAIN,18.215054,strict,derived_actual,EUROSTAT_GOV10A_MAIN,2019.0,234597.0,,,,,,,,A,,EUROSTAT_GOV10A_MAIN,2026-07-21,2026-09-03,current,,,,,,,False,False,False,20260919T115610Z,derived D.2 - D.211
FRA_R02_strict,FRA,ESA_REV,R02,1,Other taxes on production and imports,2020,2020,CY,228215.0,EUR,2318276.2,EUROSTAT_NAMA10_GDP,9.844168,1223272.6,EUROSTAT_GOV10A_MAIN,18.656103,strict,derived_actual,EUROSTAT_GOV10A_MAIN,2020.0,228215.0,,,,,,,,A,,EUROSTAT_GOV10A_MAIN,2026-07-21,2026-09-03,current,,,,,,,False,False,False,20260919T115610Z,derived D.2 - D.211
FRA_R02_strict,FRA,ESA_REV,R02,1,Other taxes on production and imports,2021,2021,CY,231046.0,EUR,2508102.3,EUROSTAT_NAMA10_GDP,9.211985,1326231.8,EUROSTAT_GOV10A_MAIN,17.421238,strict,derived_actual,EUROSTAT_GOV10A_MAIN,2021.0,231046.0,,,,,,,,A,,EUROSTAT_GOV10A_MAIN,2026-07-21,2026-09-03,current,,,,,,,False,False,False,20260919T115610Z,derived D.2 - D.211
FRA_R02_strict,FRA,ESA_REV,R02,1,Other taxes on production and imports,2022,2022,CY,242642.0,EUR,2653997.2,EUROSTAT_NAMA10_GDP,9.142512,1424435.6,EUROSTAT_GOV10A_MAIN,17.034256,strict,derived_actual,EUROSTAT_GOV10A_MAIN,2022.0,242642.0,,,,,,,,A,,EUROSTAT_GOV10A_MAIN,2026-07-21,2026-09-03,current,,,,,,,False,False,False,20260919T115610Z,derived D.2 - D.211
FRA_R02_strict,FRA,ESA_REV,R02,1,Other taxes on production and imports,2023,2023,CY,240595.0,EUR,2833826.4,EUROSTAT_NAMA10_GDP,8.490111,1456350.5,EUROSTAT_GOV10A_MAIN,16.520405,strict,derived_actual,EUROSTAT_GOV10A_MAIN,2023.0,240595.0,,,,,,,,A,,EUROSTAT_GOV10A_MAIN,2026-07-21,2026-09-03,current,,,,,,,False,False,False,20260919T115610Z,derived D.2 - D.211
FRA_R02_strict,FRA,ESA_REV,R02,1,Other taxes on production and imports,2024,2024,CY,248380.0,EUR,2935236.2,EUROSTAT_NAMA10_GDP,8.462011,1503590.1,EUROSTAT_GOV10A_MAIN,16.51913,strict,derived_actual,EUROSTAT_GOV10A_MAIN,2024.0,248380.0,,,,,,,,A,,EUROSTAT_GOV10A_MAIN,2026-07-21,2026-09-03,current,,,,,,,False,False,False,20260919T115610Z,derived D.2 - D.211
FRA_R02_strict,FRA,ESA_REV,R02,1,Other taxes on production and imports,2025,2025,CY,261571.0,EUR,2991055.9,EUROSTAT_NAMA10_GDP,8.745106,1561626.1,EUROSTAT_GOV10A_MAIN,16.749912,strict,derived_actual,EUROSTAT_GOV10A_MAIN,2025.0,261571.0,,,,,,,,A,,EUROSTAT_GOV10A_MAIN,2026-07-21,2026-09-03,current,,,,,,,False,False,False,20260919T115610Z,derived D.2 - D.211
FRA_R03_strict,FRA,ESA_REV,R03,1,Taxes on household income,1995,1995,CY,62812.0,EUR,1213802.4,EUROSTAT_NAMA10_GDP,5.174813,618331.7,EUROSTAT_GOV10A_MAIN,10.158302,strict,anchor_actual,EUROSTAT_GOV10A_MAIN,1995.0,62812.0,,,,,,,,A,,EUROSTAT_GOV10A_MAIN,2026-07-21,2026-09-03,current,,,,,60562.909,-3.5807,False,False,False,20260919T115610Z,"CSG is D.5 -> here, not R06 (§14)"
FRA_R03_strict,FRA,ESA_REV,R03,1,Taxes on household income,1996,1996,CY,67228.0,EUR,1246973.7,EUROSTAT_NAMA10_GDP,5.391293,649939.5,EUROSTAT_GOV10A_MAIN,10.343732,strict,anchor_actual,EUROSTAT_GOV10A_MAIN,1996.0,67228.0,,,,,,,,A,,EUROSTAT_GOV10A_MAIN,2026-07-21,2026-09-03,current,,,,,65458.388999999996,-2.6323,False,False,False,20260919T115610Z,"CSG is D.5 -> here, not R06 (§14)"
FRA_R03_strict,FRA,ESA_REV,R03,1,Taxes on household income,1997,1997,CY,73702.0,EUR,1289669.2,EUROSTAT_NAMA10_GDP,5.714799,668781.4,EUROSTAT_GOV10A_MAIN,11.020342,strict,anchor_actual,EUROSTAT_GOV10A_MAIN,1997.0,73702.0,,,,,,,,A,,EUROSTAT_GOV10A_MAIN,2026-07-21,2026-09-03,current,,,,,71380.91,-3.1493,False,False,False,20260919T115610Z,"CSG is D.5 -> here, not R06 (§14)"
FRA_R03_strict,FRA,ESA_REV,R03,1,Taxes on household income,1998,1998,CY,105172.0,EUR,1346317.6,EUROSTAT_NAMA10_GDP,7.811827,694521.4,EUROSTAT_GOV10A_MAIN,15.14309,strict,anchor_actual,EUROSTAT_GOV10A_MAIN,1998.0,105172.0,,,,,,,,A,,EUROSTAT_GOV10A_MAIN,2026-07-21,2026-09-03,current,,,,,102267.553,-2.7616,False,False,False,20260919T115610Z,"CSG is D.5 -> here, not R06 (§14)"
FRA_R03_strict,FRA,ESA_REV,R03,1,Taxes on household income,1999,1999,CY,112154.0,EUR,1395148.0,EUROSTAT_NAMA10_GDP,8.03886,727044.7,EUROSTAT_GOV10A_MAIN,15.426012,strict,anchor_actual,EUROSTAT_GOV10A_MAIN,1999.0,112154.0,,,,,,,,A,,EUROSTAT_GOV10A_MAIN,2026-07-21,2026-09-03,current,,,,,108737.597,-3.0462,False,False,False,20260919T115610Z,"CSG is D.5 -> here, not R06 (§14)"
FRA_R03_strict,FRA,ESA_REV,R03,1,Taxes on household income,2000,2000,CY,120155.0,EUR,1473517.3,EUROSTAT_NAMA10_GDP,8.154299,756006.5,EUROSTAT_GOV10A_MAIN,15.893382,strict,anchor_actual,EUROSTAT_GOV10A_MAIN,2000.0,120155.0,,,,,,,,A,,EUROSTAT_GOV10A_MAIN,2026-07-21,2026-09-03,current,,,,,116335.437,-3.1789,False,False,False,20260919T115610Z,"CSG is D.5 -> here, not R06 (§14)"
FRA_R03_strict,FRA,ESA_REV,R03,1,Taxes on household income,2001,2001,CY,125342.0,EUR,1530070.9,EUROSTAT_NAMA10_GDP,8.191908,786539.0,EUROSTAT_GOV10A_MAIN,15.935891,strict,anchor_actual,EUROSTAT_GOV10A_MAIN,2001.0,125342.0,,,,,,,,A,,EUROSTAT_GOV10A_MAIN,2026-07-21,2026-09-03,current,,,,,120712.174,-3.6938,False,False,False,20260919T115610Z,"CSG is D.5 -> here, not R06 (§14)"
FRA_R03_strict,FRA,ESA_REV,R03,1,Taxes on household income,2002,2002,CY,124034.0,EUR,1578330.4,EUROSTAT_NAMA10_GDP,7.858557,800986.5,EUROSTAT_GOV10A_MAIN,15.485155,strict,anchor_actual,EUROSTAT_GOV10A_MAIN,2002.0,124034.0,,,,,,,,A,,EUROSTAT_GOV10A_MAIN,2026-07-21,2026-09-03,current,,,,,119287.75,-3.8266,False,False,False,20260919T115610Z,"CSG is D.5 -> here, not R06 (§14)"
FRA_R03_strict,FRA,ESA_REV,R03,1,Taxes on household income,2003,2003,CY,128429.0,EUR,1622312.8,EUROSTAT_NAMA10_GDP,7.916414,815468.6,EUROSTAT_GOV10A_MAIN,15.749104,strict,anchor_actual,EUROSTAT_GOV10A_MAIN,2003.0,128429.0,,,,,,,,A,,EUROSTAT_GOV10A_MAIN,2026-07-21,2026-09-03,current,,,,,122760.235,-4.4139,False,False,False,20260919T115610Z,"CSG is D.5 -> here, not R06 (§14)"
FRA_R03_strict,FRA,ESA_REV,R03,1,Taxes on household income,2004,2004,CY,132025.0,EUR,1696107.7,EUROSTAT_NAMA10_GDP,7.783999,855606.6,EUROSTAT_GOV10A_MAIN,15.430573,strict,anchor_actual,EUROSTAT_GOV10A_MAIN,2004.0,132025.0,,,,,,,,A,,EUROSTAT_GOV10A_MAIN,2026-07-21,2026-09-03,current,,,,,125705.21399999999,-4.7868,False,False,False,20260919T115610Z,"CSG is D.5 -> here, not R06 (§14)"
FRA_R03_strict,FRA,ESA_REV,R03,1,Taxes on household income,2005,2005,CY,138859.0,EUR,1762047.7,EUROSTAT_NAMA10_GDP,7.880547,894341.1,EUROSTAT_GOV10A_MAIN,15.526403,strict,anchor_actual,EUROSTAT_GOV10A_MAIN,2005.0,138859.0,,,,,,,,A,,EUROSTAT_GOV10A_MAIN,2026-07-21,2026-09-03,current,,,,,139458.404,0.4317,False,False,False,20260919T115610Z,"CSG is D.5 -> here, not R06 (§14)"
FRA_R03_strict,FRA,ESA_REV,R03,1,Taxes on household income,2006,2006,CY,143687.0,EUR,1846020.8,EUROSTAT_NAMA10_GDP,7.783607,943178.2,EUROSTAT_GOV10A_MAIN,15.234343,strict,anchor_actual,EUROSTAT_GOV10A_MAIN,2006.0,143687.0,,,,,,,,A,,EUROSTAT_GOV10A_MAIN,2026-07-21,2026-09-03,current,,,,,144037.50400000002,0.2439,False,False,False,20260919T115610Z,"CSG is D.5 -> here, not R06 (§14)"
FRA_R03_strict,FRA,ESA_REV,R03,1,Taxes on household income,2007,2007,CY,148168.0,EUR,1937876.3,EUROSTAT_NAMA10_GDP,7.645896,981351.9,EUROSTAT_GOV10A_MAIN,15.098356,strict,anchor_actual,EUROSTAT_GOV10A_MAIN,2007.0,148168.0,,,,,,,,A,,EUROSTAT_GOV10A_MAIN,2026-07-21,2026-09-03,current,,,,,147379.737,-0.532,False,False,False,20260919T115610Z,"CSG is D.5 -> here, not R06 (§14)"
FRA_R03_strict,FRA,ESA_REV,R03,1,Taxes on household income,2008,2008,CY,156668.0,EUR,1989999.7,EUROSTAT_NAMA10_GDP,7.872765,1010530.4,EUROSTAT_GOV10A_MAIN,15.503542,strict,anchor_actual,EUROSTAT_GOV10A_MAIN,2008.0,156668.0,,,,,,,,A,,EUROSTAT_GOV10A_MAIN,2026-07-21,2026-09-03,current,,,,,155673.927,-0.6345,False,False,False,20260919T115610Z,"CSG is D.5 -> here, not R06 (§14)"
FRA_R03_strict,FRA,ESA_REV,R03,1,Taxes on household income,2009,2009,CY,150581.0,EUR,1935840.2,EUROSTAT_NAMA10_GDP,7.778586,979773.4,EUROSTAT_GOV10A_MAIN,15.368962,strict,anchor_actual,EUROSTAT_GOV10A_MAIN,2009.0,150581.0,,,,,,,,A,,EUROSTAT_GOV10A_MAIN,2026-07-21,2026-09-03,current,,,,,147970.844,-1.7334,False,False,False,20260919T115610Z,"CSG is D.5 -> here, not R06 (§14)"
FRA_R03_strict,FRA,ESA_REV,R03,1,Taxes on household income,2010,2010,CY,153269.0,EUR,1996075.1,EUROSTAT_NAMA10_GDP,7.678519,1009201.3,EUROSTAT_GOV10A_MAIN,15.187158,strict,anchor_actual,EUROSTAT_GOV10A_MAIN,2010.0,153269.0,,,,,,,,A,,EUROSTAT_GOV10A_MAIN,2026-07-21,2026-09-03,current,,,,,150803.004,-1.6089,False,False,False,20260919T115610Z,"CSG is D.5 -> here, not R06 (§14)"
FRA_R03_strict,FRA,ESA_REV,R03,1,Taxes on household income,2011,2011,CY,162085.0,EUR,2062141.4,EUROSTAT_NAMA10_GDP,7.860033,1066319.2,EUROSTAT_GOV10A_MAIN,15.20042,strict,anchor_actual,EUROSTAT_GOV10A_MAIN,2011.0,162085.0,,,,,,,,A,,EUROSTAT_GOV10A_MAIN,2026-07-21,2026-09-03,current,,,,,160838.14,-0.7693,False,False,False,20260919T115610Z,"CSG is D.5 -> here, not R06 (§14)"
FRA_R03_strict,FRA,ESA_REV,R03,1,Taxes on household income,2012,2012,CY,176993.0,EUR,2088286.7,EUROSTAT_NAMA10_GDP,8.475512,1100965.9,EUROSTAT_GOV10A_MAIN,16.076156,strict,anchor_actual,EUROSTAT_GOV10A_MAIN,2012.0,176993.0,,,,,,,,A,,EUROSTAT_GOV10A_MAIN,2026-07-21,2026-09-03,current,,,,,176032.167,-0.5429,False,False,False,20260919T115610Z,"CSG is D.5 -> here, not R06 (§14)"
FRA_R03_strict,FRA,ESA_REV,R03,1,Taxes on household income,2013,2013,CY,186745.0,EUR,2120351.9,EUROSTAT_NAMA10_GDP,8.807264,1137646.2,EUROSTAT_GOV10A_MAIN,16.415033,strict,anchor_actual,EUROSTAT_GOV10A_MAIN,2013.0,186745.0,,,,,,,,A,,EUROSTAT_GOV10A_MAIN,2026-07-21,2026-09-03,current,,,,,184344.202,-1.2856,False,False,False,20260919T115610Z,"CSG is D.5 -> here, not R06 (§14)"
FRA_R03_strict,FRA,ESA_REV,R03,1,Taxes on household income,2014,2014,CY,189431.0,EUR,2153733.1,EUROSTAT_NAMA10_GDP,8.795472,1159145.1,EUROSTAT_GOV10A_MAIN,16.342303,strict,anchor_actual,EUROSTAT_GOV10A_MAIN,2014.0,189431.0,,,,,,,,A,,EUROSTAT_GOV10A_MAIN,2026-07-21,2026-09-03,current,,,,,186979.533,-1.2941,False,False,False,20260919T115610Z,"CSG is D.5 -> here, not R06 (§14)"
FRA_R03_strict,FRA,ESA_REV,R03,1,Taxes on household income,2015,2015,CY,192540.0,EUR,2201401.6,EUROSTAT_NAMA10_GDP,8.746246,1182326.8,EUROSTAT_GOV10A_MAIN,16.284838,strict,anchor_actual,EUROSTAT_GOV10A_MAIN,2015.0,192540.0,,,,,,,,A,,EUROSTAT_GOV10A_MAIN,2026-07-21,2026-09-03,current,,,,,190750.557,-0.9294,False,False,False,20260919T115610Z,"CSG is D.5 -> here, not R06 (§14)"
FRA_R03_strict,FRA,ESA_REV,R03,1,Taxes on household income,2016,2016,CY,194345.0,EUR,2231819.2,EUROSTAT_NAMA10_GDP,8.707919,1196622.9,EUROSTAT_GOV10A_MAIN,16.241123,strict,anchor_actual,EUROSTAT_GOV10A_MAIN,2016.0,194345.0,,,,,,,,A,,EUROSTAT_GOV10A_MAIN,2026-07-21,2026-09-03,current,,,,,192410.36800000002,-0.9955,False,False,False,20260919T115610Z,"CSG is D.5 -> here, not R06 (§14)"
FRA_R03_strict,FRA,ESA_REV,R03,1,Taxes on household income,2017,2017,CY,198857.0,EUR,2291680.5,EUROSTAT_NAMA10_GDP,8.677344,1244386.9,EUROSTAT_GOV10A_MAIN,15.980319,strict,anchor_actual,EUROSTAT_GOV10A_MAIN,2017.0,198857.0,,,,,,,,A,,EUROSTAT_GOV10A_MAIN,2026-07-21,2026-09-03,current,,,,,197734.313,-0.5646,False,False,False,20260919T115610Z,"CSG is D.5 -> here, not R06 (§14)"
FRA_R03_strict,FRA,ESA_REV,R03,1,Taxes on household income,2018,2018,CY,226130.0,EUR,2355362.8,EUROSTAT_NAMA10_GDP,9.600644,1273016.1,EUROSTAT_GOV10A_MAIN,17.763326,strict,anchor_actual,EUROSTAT_GOV10A_MAIN,2018.0,226130.0,,,,,,,,A,,EUROSTAT_GOV10A_MAIN,2026-07-21,2026-09-03,current,,,,,223879.0,-0.9954,False,False,False,20260919T115610Z,"CSG is D.5 -> here, not R06 (§14)"
FRA_R03_strict,FRA,ESA_REV,R03,1,Taxes on household income,2019,2019,CY,230189.0,EUR,2432206.8,EUROSTAT_NAMA10_GDP,9.464203,1287929.2,EUROSTAT_GOV10A_MAIN,17.872799,strict,anchor_actual,EUROSTAT_GOV10A_MAIN,2019.0,230189.0,,,,,,,,A,,EUROSTAT_GOV10A_MAIN,2026-07-21,2026-09-03,current,,,,,227543.161,-1.1494,False,False,False,20260919T115610Z,"CSG is D.5 -> here, not R06 (§14)"
FRA_R03_strict,FRA,ESA_REV,R03,1,Taxes on household income,2020,2020,CY,224741.0,EUR,2318276.2,EUROSTAT_NAMA10_GDP,9.694315,1223272.6,EUROSTAT_GOV10A_MAIN,18.372111,strict,anchor_actual,EUROSTAT_GOV10A_MAIN,2020.0,224741.0,,,,,,,,A,,EUROSTAT_GOV10A_MAIN,2026-07-21,2026-09-03,current,,,,,219269.089,-2.4348,False,False,False,20260919T115610Z,"CSG is D.5 -> here, not R06 (§14)"
FRA_R03_strict,FRA,ESA_REV,R03,1,Taxes on household income,2021,2021,CY,236189.0,EUR,2508102.3,EUROSTAT_NAMA10_GDP,9.41704,1326231.8,EUROSTAT_GOV10A_MAIN,17.809029,strict,anchor_actual,EUROSTAT_GOV10A_MAIN,2021.0,236189.0,,,,,,,,A,,EUROSTAT_GOV10A_MAIN,2026-07-21,2026-09-03,current,,,,,234285.20599999998,-0.806,False,False,False,20260919T115610Z,"CSG is D.5 -> here, not R06 (§14)"
FRA_R03_strict,FRA,ESA_REV,R03,1,Taxes on household income,2022,2022,CY,260028.0,EUR,2653997.2,EUROSTAT_NAMA10_GDP,9.797599,1424435.6,EUROSTAT_GOV10A_MAIN,18.254809,strict,anchor_actual,EUROSTAT_GOV10A_MAIN,2022.0,260028.0,,,,,,,,A,,EUROSTAT_GOV10A_MAIN,2026-07-21,2026-09-03,current,,,,,257264.566,-1.0627,False,False,False,20260919T115610Z,"CSG is D.5 -> here, not R06 (§14)"
FRA_R03_strict,FRA,ESA_REV,R03,1,Taxes on household income,2023,2023,CY,268757.0,EUR,2833826.4,EUROSTAT_NAMA10_GDP,9.483891,1456350.5,EUROSTAT_GOV10A_MAIN,18.454143,strict,anchor_actual,EUROSTAT_GOV10A_MAIN,2023.0,268757.0,,,,,,,,A,,EUROSTAT_GOV10A_MAIN,2026-07-21,2026-09-03,current,,,,,265909.77400000003,-1.0594,False,False,False,20260919T115610Z,"CSG is D.5 -> here, not R06 (§14)"
FRA_R03_strict,FRA,ESA_REV,R03,1,Taxes on household income,2024,2024,CY,274981.0,EUR,2935236.2,EUROSTAT_NAMA10_GDP,9.368275,1503590.1,EUROSTAT_GOV10A_MAIN,18.288295,strict,anchor_actual,EUROSTAT_GOV10A_MAIN,2024.0,274981.0,,,,,,,,A,,EUROSTAT_GOV10A_MAIN,2026-07-21,2026-09-03,current,,,,,271174.14400000003,-1.3844,False,False,False,20260919T115610Z,"CSG is D.5 -> here, not R06 (§14)"
FRA_R03_strict,FRA,ESA_REV,R03,1,Taxes on household income,2025,2025,CY,294270.0,EUR,2991055.9,EUROSTAT_NAMA10_GDP,9.838332,1561626.1,EUROSTAT_GOV10A_MAIN,18.843819,strict,anchor_actual,EUROSTAT_GOV10A_MAIN,2025.0,294270.0,,,,,,,,A,,EUROSTAT_GOV10A_MAIN,2026-07-21,2026-09-03,current,,,,,,,False,False,False,20260919T115610Z,"CSG is D.5 -> here, not R06 (§14)"
FRA_R04_strict,FRA,ESA_REV,R04,1,Taxes on corporate income,1995,1995,CY,21558.0,EUR,1213802.4,EUROSTAT_NAMA10_GDP,1.776072,618331.7,EUROSTAT_GOV10A_MAIN,3.486478,strict,anchor_actual,EUROSTAT_GOV10A_MAIN,1995.0,21558.0,,,,,,,,A,,EUROSTAT_GOV10A_MAIN,2026-07-21,2026-09-03,current,,,,,23235.398,7.7809,False,False,False,20260919T115610Z,
FRA_R04_strict,FRA,ESA_REV,R04,1,Taxes on corporate income,1996,1996,CY,25497.0,EUR,1246973.7,EUROSTAT_NAMA10_GDP,2.04471,649939.5,EUROSTAT_GOV10A_MAIN,3.922981,strict,anchor_actual,EUROSTAT_GOV10A_MAIN,1996.0,25497.0,,,,,,,,A,,EUROSTAT_GOV10A_MAIN,2026-07-21,2026-09-03,current,,,,,26375.792,3.4466,False,False,False,20260919T115610Z,
FRA_R04_strict,FRA,ESA_REV,R04,1,Taxes on corporate income,1997,1997,CY,29243.0,EUR,1289669.2,EUROSTAT_NAMA10_GDP,2.267481,668781.4,EUROSTAT_GOV10A_MAIN,4.37258,strict,anchor_actual,EUROSTAT_GOV10A_MAIN,1997.0,29243.0,,,,,,,,A,,EUROSTAT_GOV10A_MAIN,2026-07-21,2026-09-03,current,,,,,31013.877,6.0557,False,False,False,20260919T115610Z,
FRA_R04_strict,FRA,ESA_REV,R04,1,Taxes on corporate income,1998,1998,CY,31269.0,EUR,1346317.6,EUROSTAT_NAMA10_GDP,2.322557,694521.4,EUROSTAT_GOV10A_MAIN,4.502237,strict,anchor_actual,EUROSTAT_GOV10A_MAIN,1998.0,31269.0,,,,,,,,A,,EUROSTAT_GOV10A_MAIN,2026-07-21,2026-09-03,current,,,,,33326.936,6.5814,False,False,False,20260919T115610Z,
FRA_R04_strict,FRA,ESA_REV,R04,1,Taxes on corporate income,1999,1999,CY,36726.0,EUR,1395148.0,EUROSTAT_NAMA10_GDP,2.632409,727044.7,EUROSTAT_GOV10A_MAIN,5.051409,strict,anchor_actual,EUROSTAT_GOV10A_MAIN,1999.0,36726.0,,,,,,,,A,,EUROSTAT_GOV10A_MAIN,2026-07-21,2026-09-03,current,,,,,39051.29,6.3315,False,False,False,20260919T115610Z,
FRA_R04_strict,FRA,ESA_REV,R04,1,Taxes on corporate income,2000,2000,CY,40577.0,EUR,1473517.3,EUROSTAT_NAMA10_GDP,2.753751,756006.5,EUROSTAT_GOV10A_MAIN,5.367282,strict,anchor_actual,EUROSTAT_GOV10A_MAIN,2000.0,40577.0,,,,,,,,A,,EUROSTAT_GOV10A_MAIN,2026-07-21,2026-09-03,current,,,,,43138.317,6.3122,False,False,False,20260919T115610Z,
FRA_R04_strict,FRA,ESA_REV,R04,1,Taxes on corporate income,2001,2001,CY,46083.0,EUR,1530070.9,EUROSTAT_NAMA10_GDP,3.011821,786539.0,EUROSTAT_GOV10A_MAIN,5.858959,strict,anchor_actual,EUROSTAT_GOV10A_MAIN,2001.0,46083.0,,,,,,,,A,,EUROSTAT_GOV10A_MAIN,2026-07-21,2026-09-03,current,,,,,48827.763,5.9561,False,False,False,20260919T115610Z,
FRA_R04_strict,FRA,ESA_REV,R04,1,Taxes on corporate income,2002,2002,CY,39776.0,EUR,1578330.4,EUROSTAT_NAMA10_GDP,2.520131,800986.5,EUROSTAT_GOV10A_MAIN,4.965876,strict,anchor_actual,EUROSTAT_GOV10A_MAIN,2002.0,39776.0,,,,,,,,A,,EUROSTAT_GOV10A_MAIN,2026-07-21,2026-09-03,current,,,,,42825.277,7.6661,False,False,False,20260919T115610Z,
FRA_R04_strict,FRA,ESA_REV,R04,1,Taxes on corporate income,2003,2003,CY,34369.0,EUR,1622312.8,EUROSTAT_NAMA10_GDP,2.118519,815468.6,EUROSTAT_GOV10A_MAIN,4.214632,strict,anchor_actual,EUROSTAT_GOV10A_MAIN,2003.0,34369.0,,,,,,,,A,,EUROSTAT_GOV10A_MAIN,2026-07-21,2026-09-03,current,,,,,38232.563,11.2414,False,False,False,20260919T115610Z,
FRA_R04_strict,FRA,ESA_REV,R04,1,Taxes on corporate income,2004,2004,CY,40328.0,EUR,1696107.7,EUROSTAT_NAMA10_GDP,2.377679,855606.6,EUROSTAT_GOV10A_MAIN,4.713381,strict,anchor_actual,EUROSTAT_GOV10A_MAIN,2004.0,40328.0,,,,,,,,A,,EUROSTAT_GOV10A_MAIN,2026-07-21,2026-09-03,current,,,,,44580.821,10.5456,False,False,False,20260919T115610Z,
FRA_R04_strict,FRA,ESA_REV,R04,1,Taxes on corporate income,2005,2005,CY,43140.0,EUR,1762047.7,EUROSTAT_NAMA10_GDP,2.448288,894341.1,EUROSTAT_GOV10A_MAIN,4.823663,strict,anchor_actual,EUROSTAT_GOV10A_MAIN,2005.0,43140.0,,,,,,,,A,,EUROSTAT_GOV10A_MAIN,2026-07-21,2026-09-03,current,,,,,39893.25,-7.5261,False,False,False,20260919T115610Z,
FRA_R04_strict,FRA,ESA_REV,R04,1,Taxes on corporate income,2006,2006,CY,55159.0,EUR,1846020.8,EUROSTAT_NAMA10_GDP,2.987995,943178.2,EUROSTAT_GOV10A_MAIN,5.848206,strict,anchor_actual,EUROSTAT_GOV10A_MAIN,2006.0,55159.0,,,,,,,,A,,EUROSTAT_GOV10A_MAIN,2026-07-21,2026-09-03,current,,,,,51166.651,-7.2379,False,False,False,20260919T115610Z,
FRA_R04_strict,FRA,ESA_REV,R04,1,Taxes on corporate income,2007,2007,CY,58137.0,EUR,1937876.3,EUROSTAT_NAMA10_GDP,3.000037,981351.9,EUROSTAT_GOV10A_MAIN,5.924175,strict,anchor_actual,EUROSTAT_GOV10A_MAIN,2007.0,58137.0,,,,,,,,A,,EUROSTAT_GOV10A_MAIN,2026-07-21,2026-09-03,current,,,,,53860.225999999995,-7.3564,False,False,False,20260919T115610Z,
FRA_R04_strict,FRA,ESA_REV,R04,1,Taxes on corporate income,2008,2008,CY,58756.0,EUR,1989999.7,EUROSTAT_NAMA10_GDP,2.952563,1010530.4,EUROSTAT_GOV10A_MAIN,5.814372,strict,anchor_actual,EUROSTAT_GOV10A_MAIN,2008.0,58756.0,,,,,,,,A,,EUROSTAT_GOV10A_MAIN,2026-07-21,2026-09-03,current,,,,,53125.878,-9.5822,False,False,False,20260919T115610Z,
FRA_R04_strict,FRA,ESA_REV,R04,1,Taxes on corporate income,2009,2009,CY,33769.0,EUR,1935840.2,EUROSTAT_NAMA10_GDP,1.744411,979773.4,EUROSTAT_GOV10A_MAIN,3.446613,strict,anchor_actual,EUROSTAT_GOV10A_MAIN,2009.0,33769.0,,,,,,,,A,,EUROSTAT_GOV10A_MAIN,2026-07-21,2026-09-03,current,,,,,28130.66,-16.6968,False,False,False,20260919T115610Z,
FRA_R04_strict,FRA,ESA_REV,R04,1,Taxes on corporate income,2010,2010,CY,46090.0,EUR,1996075.1,EUROSTAT_NAMA10_GDP,2.309031,1009201.3,EUROSTAT_GOV10A_MAIN,4.566978,strict,anchor_actual,EUROSTAT_GOV10A_MAIN,2010.0,46090.0,,,,,,,,A,,EUROSTAT_GOV10A_MAIN,2026-07-21,2026-09-03,current,,,,,40499.699,-12.1291,False,False,False,20260919T115610Z,
FRA_R04_strict,FRA,ESA_REV,R04,1,Taxes on corporate income,2011,2011,CY,53795.0,EUR,2062141.4,EUROSTAT_NAMA10_GDP,2.608696,1066319.2,EUROSTAT_GOV10A_MAIN,5.044925,strict,anchor_actual,EUROSTAT_GOV10A_MAIN,2011.0,53795.0,,,,,,,,A,,EUROSTAT_GOV10A_MAIN,2026-07-21,2026-09-03,current,,,,,46370.083999999995,-13.8022,False,False,False,20260919T115610Z,
FRA_R04_strict,FRA,ESA_REV,R04,1,Taxes on corporate income,2012,2012,CY,55610.0,EUR,2088286.7,EUROSTAT_NAMA10_GDP,2.662949,1100965.9,EUROSTAT_GOV10A_MAIN,5.051019,strict,anchor_actual,EUROSTAT_GOV10A_MAIN,2012.0,55610.0,,,,,,,,A,,EUROSTAT_GOV10A_MAIN,2026-07-21,2026-09-03,current,,,,,45924.061,-17.4176,False,False,False,20260919T115610Z,
FRA_R04_strict,FRA,ESA_REV,R04,1,Taxes on corporate income,2013,2013,CY,57667.0,EUR,2120351.9,EUROSTAT_NAMA10_GDP,2.71969,1137646.2,EUROSTAT_GOV10A_MAIN,5.068975,strict,anchor_actual,EUROSTAT_GOV10A_MAIN,2013.0,57667.0,,,,,,,,A,,EUROSTAT_GOV10A_MAIN,2026-07-21,2026-09-03,current,,,,,49100.735,-14.8547,False,False,False,20260919T115610Z,
FRA_R04_strict,FRA,ESA_REV,R04,1,Taxes on corporate income,2014,2014,CY,55310.0,EUR,2153733.1,EUROSTAT_NAMA10_GDP,2.568099,1159145.1,EUROSTAT_GOV10A_MAIN,4.77162,strict,anchor_actual,EUROSTAT_GOV10A_MAIN,2014.0,55310.0,,,,,,,,A,,EUROSTAT_GOV10A_MAIN,2026-07-21,2026-09-03,current,,,,,43844.169,-20.7301,False,False,False,20260919T115610Z,
FRA_R04_strict,FRA,ESA_REV,R04,1,Taxes on corporate income,2015,2015,CY,57988.0,EUR,2201401.6,EUROSTAT_NAMA10_GDP,2.63414,1182326.8,EUROSTAT_GOV10A_MAIN,4.904566,strict,anchor_actual,EUROSTAT_GOV10A_MAIN,2015.0,57988.0,,,,,,,,A,,EUROSTAT_GOV10A_MAIN,2026-07-21,2026-09-03,current,,,,,42742.829,-26.2902,False,False,False,20260919T115610Z,
FRA_R04_strict,FRA,ESA_REV,R04,1,Taxes on corporate income,2016,2016,CY,56244.0,EUR,2231819.2,EUROSTAT_NAMA10_GDP,2.520097,1196622.9,EUROSTAT_GOV10A_MAIN,4.700228,strict,anchor_actual,EUROSTAT_GOV10A_MAIN,2016.0,56244.0,,,,,,,,A,,EUROSTAT_GOV10A_MAIN,2026-07-21,2026-09-03,current,,,,,40969.509000000005,-27.1575,False,False,False,20260919T115610Z,
FRA_R04_strict,FRA,ESA_REV,R04,1,Taxes on corporate income,2017,2017,CY,66226.0,EUR,2291680.5,EUROSTAT_NAMA10_GDP,2.889844,1244386.9,EUROSTAT_GOV10A_MAIN,5.321978,strict,anchor_actual,EUROSTAT_GOV10A_MAIN,2017.0,66226.0,,,,,,,,A,,EUROSTAT_GOV10A_MAIN,2026-07-21,2026-09-03,current,,,,,50131.253000000004,-24.3028,False,False,False,20260919T115610Z,
FRA_R04_strict,FRA,ESA_REV,R04,1,Taxes on corporate income,2018,2018,CY,62405.0,EUR,2355362.8,EUROSTAT_NAMA10_GDP,2.649486,1273016.1,EUROSTAT_GOV10A_MAIN,4.902138,strict,anchor_actual,EUROSTAT_GOV10A_MAIN,2018.0,62405.0,,,,,,,,A,,EUROSTAT_GOV10A_MAIN,2026-07-21,2026-09-03,current,,,,,45005.297,-27.8819,False,False,False,20260919T115610Z,
FRA_R04_strict,FRA,ESA_REV,R04,1,Taxes on corporate income,2019,2019,CY,67958.0,EUR,2432206.8,EUROSTAT_NAMA10_GDP,2.794088,1287929.2,EUROSTAT_GOV10A_MAIN,5.276532,strict,anchor_actual,EUROSTAT_GOV10A_MAIN,2019.0,67958.0,,,,,,,,A,,EUROSTAT_GOV10A_MAIN,2026-07-21,2026-09-03,current,,,,,50086.198000000004,-26.2983,False,False,False,20260919T115610Z,
FRA_R04_strict,FRA,ESA_REV,R04,1,Taxes on corporate income,2020,2020,CY,64882.0,EUR,2318276.2,EUROSTAT_NAMA10_GDP,2.798717,1223272.6,EUROSTAT_GOV10A_MAIN,5.303969,strict,anchor_actual,EUROSTAT_GOV10A_MAIN,2020.0,64882.0,,,,,,,,A,,EUROSTAT_GOV10A_MAIN,2026-07-21,2026-09-03,current,,,,,52608.223000000005,-18.9171,False,False,False,20260919T115610Z,
FRA_R04_strict,FRA,ESA_REV,R04,1,Taxes on corporate income,2021,2021,CY,73990.0,EUR,2508102.3,EUROSTAT_NAMA10_GDP,2.950039,1326231.8,EUROSTAT_GOV10A_MAIN,5.578964,strict,anchor_actual,EUROSTAT_GOV10A_MAIN,2021.0,73990.0,,,,,,,,A,,EUROSTAT_GOV10A_MAIN,2026-07-21,2026-09-03,current,,,,,60198.115,-18.6402,False,False,False,20260919T115610Z,
FRA_R04_strict,FRA,ESA_REV,R04,1,Taxes on corporate income,2022,2022,CY,90235.0,EUR,2653997.2,EUROSTAT_NAMA10_GDP,3.399966,1424435.6,EUROSTAT_GOV10A_MAIN,6.33479,strict,anchor_actual,EUROSTAT_GOV10A_MAIN,2022.0,90235.0,,,,,,,,A,,EUROSTAT_GOV10A_MAIN,2026-07-21,2026-09-03,current,,,,,75601.85900000001,-16.2167,False,False,False,20260919T115610Z,
FRA_R04_strict,FRA,ESA_REV,R04,1,Taxes on corporate income,2023,2023,CY,82393.0,EUR,2833826.4,EUROSTAT_NAMA10_GDP,2.907482,1456350.5,EUROSTAT_GOV10A_MAIN,5.657498,strict,anchor_actual,EUROSTAT_GOV10A_MAIN,2023.0,82393.0,,,,,,,,A,,EUROSTAT_GOV10A_MAIN,2026-07-21,2026-09-03,current,,,,,66332.898,-19.4921,False,False,False,20260919T115610Z,
FRA_R04_strict,FRA,ESA_REV,R04,1,Taxes on corporate income,2024,2024,CY,83699.0,EUR,2935236.2,EUROSTAT_NAMA10_GDP,2.851525,1503590.1,EUROSTAT_GOV10A_MAIN,5.56661,strict,anchor_actual,EUROSTAT_GOV10A_MAIN,2024.0,83699.0,,,,,,,,A,,EUROSTAT_GOV10A_MAIN,2026-07-21,2026-09-03,current,,,,,65806.91500000001,-21.3767,False,False,False,20260919T115610Z,
FRA_R04_strict,FRA,ESA_REV,R04,1,Taxes on corporate income,2025,2025,CY,88928.0,EUR,2991055.9,EUROSTAT_NAMA10_GDP,2.973131,1561626.1,EUROSTAT_GOV10A_MAIN,5.694577,strict,anchor_actual,EUROSTAT_GOV10A_MAIN,2025.0,88928.0,,,,,,,,A,,EUROSTAT_GOV10A_MAIN,2026-07-21,2026-09-03,current,,,,,,,False,False,False,20260919T115610Z,
FRA_R05_strict,FRA,ESA_REV,R05,1,Other current taxes and capital taxes,1995,1995,CY,17703.199999999997,EUR,1213802.4,EUROSTAT_NAMA10_GDP,1.458491,618331.7,EUROSTAT_GOV10A_MAIN,2.863059,strict,derived_actual,EUROSTAT_GOV10A_MAIN,1995.0,17703.199999999997,,,,,,,,A,,EUROSTAT_GOV10A_MAIN,2026-07-21,2026-09-03,current,,,,,,,False,False,False,20260919T115610Z,derived D.5 - R03 - R04 + D.91 (D.59 inside D.5)
FRA_R05_strict,FRA,ESA_REV,R05,1,Other current taxes and capital taxes,1996,1996,CY,19215.100000000006,EUR,1246973.7,EUROSTAT_NAMA10_GDP,1.540939,649939.5,EUROSTAT_GOV10A_MAIN,2.956444,strict,derived_actual,EUROSTAT_GOV10A_MAIN,1996.0,19215.100000000006,,,,,,,,A,,EUROSTAT_GOV10A_MAIN,2026-07-21,2026-09-03,current,,,,,,,False,False,False,20260919T115610Z,derived D.5 - R03 - R04 + D.91 (D.59 inside D.5)
FRA_R05_strict,FRA,ESA_REV,R05,1,Other current taxes and capital taxes,1997,1997,CY,20871.399999999994,EUR,1289669.2,EUROSTAT_NAMA10_GDP,1.618353,668781.4,EUROSTAT_GOV10A_MAIN,3.12081,strict,derived_actual,EUROSTAT_GOV10A_MAIN,1997.0,20871.399999999994,,,,,,,,A,,EUROSTAT_GOV10A_MAIN,2026-07-21,2026-09-03,current,,,,,,,False,False,False,20260919T115610Z,derived D.5 - R03 - R04 + D.91 (D.59 inside D.5)
FRA_R05_strict,FRA,ESA_REV,R05,1,Other current taxes and capital taxes,1998,1998,CY,20811.5,EUR,1346317.6,EUROSTAT_NAMA10_GDP,1.545809,694521.4,EUROSTAT_GOV10A_MAIN,2.996524,strict,derived_actual,EUROSTAT_GOV10A_MAIN,1998.0,20811.5,,,,,,,,A,,EUROSTAT_GOV10A_MAIN,2026-07-21,2026-09-03,current,,,,,,,False,False,False,20260919T115610Z,derived D.5 - R03 - R04 + D.91 (D.59 inside D.5)
FRA_R05_strict,FRA,ESA_REV,R05,1,Other current taxes and capital taxes,1999,1999,CY,22494.899999999994,EUR,1395148.0,EUROSTAT_NAMA10_GDP,1.612367,727044.7,EUROSTAT_GOV10A_MAIN,3.094019,strict,derived_actual,EUROSTAT_GOV10A_MAIN,1999.0,22494.899999999994,,,,,,,,A,,EUROSTAT_GOV10A_MAIN,2026-07-21,2026-09-03,current,,,,,,,False,False,False,20260919T115610Z,derived D.5 - R03 - R04 + D.91 (D.59 inside D.5)
FRA_R05_strict,FRA,ESA_REV,R05,1,Other current taxes and capital taxes,2000,2000,CY,20410.0,EUR,1473517.3,EUROSTAT_NAMA10_GDP,1.385121,756006.5,EUROSTAT_GOV10A_MAIN,2.699712,strict,derived_actual,EUROSTAT_GOV10A_MAIN,2000.0,20410.0,,,,,,,,A,,EUROSTAT_GOV10A_MAIN,2026-07-21,2026-09-03,current,,,,,,,False,False,False,20260919T115610Z,derived D.5 - R03 - R04 + D.91 (D.59 inside D.5)
FRA_R05_strict,FRA,ESA_REV,R05,1,Other current taxes and capital taxes,2001,2001,CY,21207.600000000006,EUR,1530070.9,EUROSTAT_NAMA10_GDP,1.386053,786539.0,EUROSTAT_GOV10A_MAIN,2.696319,strict,derived_actual,EUROSTAT_GOV10A_MAIN,2001.0,21207.600000000006,,,,,,,,A,,EUROSTAT_GOV10A_MAIN,2026-07-21,2026-09-03,current,,,,,,,False,False,False,20260919T115610Z,derived D.5 - R03 - R04 + D.91 (D.59 inside D.5)
FRA_R05_strict,FRA,ESA_REV,R05,1,Other current taxes and capital taxes,2002,2002,CY,21447.5,EUR,1578330.4,EUROSTAT_NAMA10_GDP,1.358873,800986.5,EUROSTAT_GOV10A_MAIN,2.677636,strict,derived_actual,EUROSTAT_GOV10A_MAIN,2002.0,21447.5,,,,,,,,A,,EUROSTAT_GOV10A_MAIN,2026-07-21,2026-09-03,current,,,,,,,False,False,False,20260919T115610Z,derived D.5 - R03 - R04 + D.91 (D.59 inside D.5)
FRA_R05_strict,FRA,ESA_REV,R05,1,Other current taxes and capital taxes,2003,2003,CY,22221.5,EUR,1622312.8,EUROSTAT_NAMA10_GDP,1.369742,815468.6,EUROSTAT_GOV10A_MAIN,2.724998,strict,derived_actual,EUROSTAT_GOV10A_MAIN,2003.0,22221.5,,,,,,,,A,,EUROSTAT_GOV10A_MAIN,2026-07-21,2026-09-03,current,,,,,,,False,False,False,20260919T115610Z,derived D.5 - R03 - R04 + D.91 (D.59 inside D.5)
FRA_R05_strict,FRA,ESA_REV,R05,1,Other current taxes and capital taxes,2004,2004,CY,24213.70000000001,EUR,1696107.7,EUROSTAT_NAMA10_GDP,1.427604,855606.6,EUROSTAT_GOV10A_MAIN,2.830004,strict,derived_actual,EUROSTAT_GOV10A_MAIN,2004.0,24213.70000000001,,,,,,,,A,,EUROSTAT_GOV10A_MAIN,2026-07-21,2026-09-03,current,,,,,,,False,False,False,20260919T115610Z,derived D.5 - R03 - R04 + D.91 (D.59 inside D.5)
FRA_R05_strict,FRA,ESA_REV,R05,1,Other current taxes and capital taxes,2005,2005,CY,25864.899999999994,EUR,1762047.7,EUROSTAT_NAMA10_GDP,1.467889,894341.1,EUROSTAT_GOV10A_MAIN,2.892062,strict,derived_actual,EUROSTAT_GOV10A_MAIN,2005.0,25864.899999999994,,,,,,,,A,,EUROSTAT_GOV10A_MAIN,2026-07-21,2026-09-03,current,,,,,,,False,False,False,20260919T115610Z,derived D.5 - R03 - R04 + D.91 (D.59 inside D.5)
FRA_R05_strict,FRA,ESA_REV,R05,1,Other current taxes and capital taxes,2006,2006,CY,26641.5,EUR,1846020.8,EUROSTAT_NAMA10_GDP,1.443185,943178.2,EUROSTAT_GOV10A_MAIN,2.824652,strict,derived_actual,EUROSTAT_GOV10A_MAIN,2006.0,26641.5,,,,,,,,A,,EUROSTAT_GOV10A_MAIN,2026-07-21,2026-09-03,current,,,,,,,False,False,False,20260919T115610Z,derived D.5 - R03 - R04 + D.91 (D.59 inside D.5)
FRA_R05_strict,FRA,ESA_REV,R05,1,Other current taxes and capital taxes,2007,2007,CY,28622.100000000006,EUR,1937876.3,EUROSTAT_NAMA10_GDP,1.476983,981351.9,EUROSTAT_GOV10A_MAIN,2.916599,strict,derived_actual,EUROSTAT_GOV10A_MAIN,2007.0,28622.100000000006,,,,,,,,A,,EUROSTAT_GOV10A_MAIN,2026-07-21,2026-09-03,current,,,,,,,False,False,False,20260919T115610Z,derived D.5 - R03 - R04 + D.91 (D.59 inside D.5)
FRA_R05_strict,FRA,ESA_REV,R05,1,Other current taxes and capital taxes,2008,2008,CY,28022.0,EUR,1989999.7,EUROSTAT_NAMA10_GDP,1.408141,1010530.4,EUROSTAT_GOV10A_MAIN,2.772999,strict,derived_actual,EUROSTAT_GOV10A_MAIN,2008.0,28022.0,,,,,,,,A,,EUROSTAT_GOV10A_MAIN,2026-07-21,2026-09-03,current,,,,,,,False,False,False,20260919T115610Z,derived D.5 - R03 - R04 + D.91 (D.59 inside D.5)
FRA_R05_strict,FRA,ESA_REV,R05,1,Other current taxes and capital taxes,2009,2009,CY,28335.399999999994,EUR,1935840.2,EUROSTAT_NAMA10_GDP,1.463726,979773.4,EUROSTAT_GOV10A_MAIN,2.892036,strict,derived_actual,EUROSTAT_GOV10A_MAIN,2009.0,28335.399999999994,,,,,,,,A,,EUROSTAT_GOV10A_MAIN,2026-07-21,2026-09-03,current,,,,,,,False,False,False,20260919T115610Z,derived D.5 - R03 - R04 + D.91 (D.59 inside D.5)
FRA_R05_strict,FRA,ESA_REV,R05,1,Other current taxes and capital taxes,2010,2010,CY,30476.899999999994,EUR,1996075.1,EUROSTAT_NAMA10_GDP,1.526841,1009201.3,EUROSTAT_GOV10A_MAIN,3.019903,strict,derived_actual,EUROSTAT_GOV10A_MAIN,2010.0,30476.899999999994,,,,,,,,A,,EUROSTAT_GOV10A_MAIN,2026-07-21,2026-09-03,current,,,,,,,False,False,False,20260919T115610Z,derived D.5 - R03 - R04 + D.91 (D.59 inside D.5)
FRA_R05_strict,FRA,ESA_REV,R05,1,Other current taxes and capital taxes,2011,2011,CY,34337.30000000001,EUR,2062141.4,EUROSTAT_NAMA10_GDP,1.665128,1066319.2,EUROSTAT_GOV10A_MAIN,3.220171,strict,derived_actual,EUROSTAT_GOV10A_MAIN,2011.0,34337.30000000001,,,,,,,,A,,EUROSTAT_GOV10A_MAIN,2026-07-21,2026-09-03,current,,,,,,,False,False,False,20260919T115610Z,derived D.5 - R03 - R04 + D.91 (D.59 inside D.5)
FRA_R05_strict,FRA,ESA_REV,R05,1,Other current taxes and capital taxes,2012,2012,CY,35833.5,EUR,2088286.7,EUROSTAT_NAMA10_GDP,1.715928,1100965.9,EUROSTAT_GOV10A_MAIN,3.254733,strict,derived_actual,EUROSTAT_GOV10A_MAIN,2012.0,35833.5,,,,,,,,A,,EUROSTAT_GOV10A_MAIN,2026-07-21,2026-09-03,current,,,,,,,False,False,False,20260919T115610Z,derived D.5 - R03 - R04 + D.91 (D.59 inside D.5)
FRA_R05_strict,FRA,ESA_REV,R05,1,Other current taxes and capital taxes,2013,2013,CY,36800.59999999998,EUR,2120351.9,EUROSTAT_NAMA10_GDP,1.735589,1137646.2,EUROSTAT_GOV10A_MAIN,3.234802,strict,derived_actual,EUROSTAT_GOV10A_MAIN,2013.0,36800.59999999998,,,,,,,,A,,EUROSTAT_GOV10A_MAIN,2026-07-21,2026-09-03,current,,,,,,,False,False,False,20260919T115610Z,derived D.5 - R03 - R04 + D.91 (D.59 inside D.5)
FRA_R05_strict,FRA,ESA_REV,R05,1,Other current taxes and capital taxes,2014,2014,CY,38212.09999999998,EUR,2153733.1,EUROSTAT_NAMA10_GDP,1.774226,1159145.1,EUROSTAT_GOV10A_MAIN,3.296576,strict,derived_actual,EUROSTAT_GOV10A_MAIN,2014.0,38212.09999999998,,,,,,,,A,,EUROSTAT_GOV10A_MAIN,2026-07-21,2026-09-03,current,,,,,,,False,False,False,20260919T115610Z,derived D.5 - R03 - R04 + D.91 (D.59 inside D.5)
FRA_R05_strict,FRA,ESA_REV,R05,1,Other current taxes and capital taxes,2015,2015,CY,40490.59999999998,EUR,2201401.6,EUROSTAT_NAMA10_GDP,1.83931,1182326.8,EUROSTAT_GOV10A_MAIN,3.424654,strict,derived_actual,EUROSTAT_GOV10A_MAIN,2015.0,40490.59999999998,,,,,,,,A,,EUROSTAT_GOV10A_MAIN,2026-07-21,2026-09-03,current,,,,,,,False,False,False,20260919T115610Z,derived D.5 - R03 - R04 + D.91 (D.59 inside D.5)
FRA_R05_strict,FRA,ESA_REV,R05,1,Other current taxes and capital taxes,2016,2016,CY,40710.20000000001,EUR,2231819.2,EUROSTAT_NAMA10_GDP,1.824081,1196622.9,EUROSTAT_GOV10A_MAIN,3.402091,strict,derived_actual,EUROSTAT_GOV10A_MAIN,2016.0,40710.20000000001,,,,,,,,A,,EUROSTAT_GOV10A_MAIN,2026-07-21,2026-09-03,current,,,,,,,False,False,False,20260919T115610Z,derived D.5 - R03 - R04 + D.91 (D.59 inside D.5)
FRA_R05_strict,FRA,ESA_REV,R05,1,Other current taxes and capital taxes,2017,2017,CY,43367.79999999999,EUR,2291680.5,EUROSTAT_NAMA10_GDP,1.892402,1244386.9,EUROSTAT_GOV10A_MAIN,3.485074,strict,derived_actual,EUROSTAT_GOV10A_MAIN,2017.0,43367.79999999999,,,,,,,,A,,EUROSTAT_GOV10A_MAIN,2026-07-21,2026-09-03,current,,,,,,,False,False,False,20260919T115610Z,derived D.5 - R03 - R04 + D.91 (D.59 inside D.5)
FRA_R05_strict,FRA,ESA_REV,R05,1,Other current taxes and capital taxes,2018,2018,CY,37508.40000000002,EUR,2355362.8,EUROSTAT_NAMA10_GDP,1.592468,1273016.1,EUROSTAT_GOV10A_MAIN,2.94642,strict,derived_actual,EUROSTAT_GOV10A_MAIN,2018.0,37508.40000000002,,,,,,,,A,,EUROSTAT_GOV10A_MAIN,2026-07-21,2026-09-03,current,,,,,,,False,False,False,20260919T115610Z,derived D.5 - R03 - R04 + D.91 (D.59 inside D.5)
FRA_R05_strict,FRA,ESA_REV,R05,1,Other current taxes and capital taxes,2019,2019,CY,35525.0,EUR,2432206.8,EUROSTAT_NAMA10_GDP,1.460608,1287929.2,EUROSTAT_GOV10A_MAIN,2.758304,strict,derived_actual,EUROSTAT_GOV10A_MAIN,2019.0,35525.0,,,,,,,,A,,EUROSTAT_GOV10A_MAIN,2026-07-21,2026-09-03,current,,,,,,,False,False,False,20260919T115610Z,derived D.5 - R03 - R04 + D.91 (D.59 inside D.5)
FRA_R05_strict,FRA,ESA_REV,R05,1,Other current taxes and capital taxes,2020,2020,CY,31940.0,EUR,2318276.2,EUROSTAT_NAMA10_GDP,1.377748,1223272.6,EUROSTAT_GOV10A_MAIN,2.611029,strict,derived_actual,EUROSTAT_GOV10A_MAIN,2020.0,31940.0,,,,,,,,A,,EUROSTAT_GOV10A_MAIN,2026-07-21,2026-09-03,current,,,,,,,False,False,False,20260919T115610Z,derived D.5 - R03 - R04 + D.91 (D.59 inside D.5)
FRA_R05_strict,FRA,ESA_REV,R05,1,Other current taxes and capital taxes,2021,2021,CY,32947.0,EUR,2508102.3,EUROSTAT_NAMA10_GDP,1.313623,1326231.8,EUROSTAT_GOV10A_MAIN,2.484257,strict,derived_actual,EUROSTAT_GOV10A_MAIN,2021.0,32947.0,,,,,,,,A,,EUROSTAT_GOV10A_MAIN,2026-07-21,2026-09-03,current,,,,,,,False,False,False,20260919T115610Z,derived D.5 - R03 - R04 + D.91 (D.59 inside D.5)
FRA_R05_strict,FRA,ESA_REV,R05,1,Other current taxes and capital taxes,2022,2022,CY,27626.0,EUR,2653997.2,EUROSTAT_NAMA10_GDP,1.04092,1424435.6,EUROSTAT_GOV10A_MAIN,1.939435,strict,derived_actual,EUROSTAT_GOV10A_MAIN,2022.0,27626.0,,,,,,,,A,,EUROSTAT_GOV10A_MAIN,2026-07-21,2026-09-03,current,,,,,,,False,False,False,20260919T115610Z,derived D.5 - R03 - R04 + D.91 (D.59 inside D.5)
FRA_R05_strict,FRA,ESA_REV,R05,1,Other current taxes and capital taxes,2023,2023,CY,27498.0,EUR,2833826.4,EUROSTAT_NAMA10_GDP,0.970349,1456350.5,EUROSTAT_GOV10A_MAIN,1.888144,strict,derived_actual,EUROSTAT_GOV10A_MAIN,2023.0,27498.0,,,,,,,,A,,EUROSTAT_GOV10A_MAIN,2026-07-21,2026-09-03,current,,,,,,,False,False,False,20260919T115610Z,derived D.5 - R03 - R04 + D.91 (D.59 inside D.5)
FRA_R05_strict,FRA,ESA_REV,R05,1,Other current taxes and capital taxes,2024,2024,CY,28473.0,EUR,2935236.2,EUROSTAT_NAMA10_GDP,0.970041,1503590.1,EUROSTAT_GOV10A_MAIN,1.893668,strict,derived_actual,EUROSTAT_GOV10A_MAIN,2024.0,28473.0,,,,,,,,A,,EUROSTAT_GOV10A_MAIN,2026-07-21,2026-09-03,current,,,,,,,False,False,False,20260919T115610Z,derived D.5 - R03 - R04 + D.91 (D.59 inside D.5)
FRA_R05_strict,FRA,ESA_REV,R05,1,Other current taxes and capital taxes,2025,2025,CY,28405.0,EUR,2991055.9,EUROSTAT_NAMA10_GDP,0.949665,1561626.1,EUROSTAT_GOV10A_MAIN,1.818937,strict,derived_actual,EUROSTAT_GOV10A_MAIN,2025.0,28405.0,,,,,,,,A,,EUROSTAT_GOV10A_MAIN,2026-07-21,2026-09-03,current,,,,,,,False,False,False,20260919T115610Z,derived D.5 - R03 - R04 + D.91 (D.59 inside D.5)
FRA_R06_strict,FRA,ESA_REV,R06,1,Net social contributions,1995,1995,CY,242478.3,EUR,1213802.4,EUROSTAT_NAMA10_GDP,19.976752,618331.7,EUROSTAT_GOV10A_MAIN,39.214923,strict,anchor_actual,EUROSTAT_GOV10A_MAIN,1995.0,242478.3,,,,,,,,A,,EUROSTAT_GOV10A_MAIN,2026-07-21,2026-09-03,current,,,,,220005.843,-9.2678,False,False,False,20260919T115610Z,
FRA_R06_strict,FRA,ESA_REV,R06,1,Net social contributions,1996,1996,CY,250962.4,EUR,1246973.7,EUROSTAT_NAMA10_GDP,20.125717,649939.5,EUROSTAT_GOV10A_MAIN,38.613194,strict,anchor_actual,EUROSTAT_GOV10A_MAIN,1996.0,250962.4,,,,,,,,A,,EUROSTAT_GOV10A_MAIN,2026-07-21,2026-09-03,current,,,,,226761.742,-9.6431,False,False,False,20260919T115610Z,
FRA_R06_strict,FRA,ESA_REV,R06,1,Net social contributions,1997,1997,CY,253233.6,EUR,1289669.2,EUROSTAT_NAMA10_GDP,19.635547,668781.4,EUROSTAT_GOV10A_MAIN,37.864929,strict,anchor_actual,EUROSTAT_GOV10A_MAIN,1997.0,253233.6,,,,,,,,A,,EUROSTAT_GOV10A_MAIN,2026-07-21,2026-09-03,current,,,,,228214.91499999998,-9.8797,False,False,False,20260919T115610Z,
FRA_R06_strict,FRA,ESA_REV,R06,1,Net social contributions,1998,1998,CY,236771.9,EUR,1346317.6,EUROSTAT_NAMA10_GDP,17.58663,694521.4,EUROSTAT_GOV10A_MAIN,34.091376,strict,anchor_actual,EUROSTAT_GOV10A_MAIN,1998.0,236771.9,,,,,,,,A,,EUROSTAT_GOV10A_MAIN,2026-07-21,2026-09-03,current,,,,,211212.854,-10.7948,False,False,False,20260919T115610Z,
FRA_R06_strict,FRA,ESA_REV,R06,1,Net social contributions,1999,1999,CY,247809.9,EUR,1395148.0,EUROSTAT_NAMA10_GDP,17.762266,727044.7,EUROSTAT_GOV10A_MAIN,34.084548,strict,anchor_actual,EUROSTAT_GOV10A_MAIN,1999.0,247809.9,,,,,,,,A,,EUROSTAT_GOV10A_MAIN,2026-07-21,2026-09-03,current,,,,,221335.77,-10.6832,False,False,False,20260919T115610Z,
FRA_R06_strict,FRA,ESA_REV,R06,1,Net social contributions,2000,2000,CY,257748.4,EUR,1473517.3,EUROSTAT_NAMA10_GDP,17.492051,756006.5,EUROSTAT_GOV10A_MAIN,34.093411,strict,anchor_actual,EUROSTAT_GOV10A_MAIN,2000.0,257748.4,,,,,,,,A,,EUROSTAT_GOV10A_MAIN,2026-07-21,2026-09-03,current,,,,,230167.864,-10.7006,False,False,False,20260919T115610Z,
FRA_R06_strict,FRA,ESA_REV,R06,1,Net social contributions,2001,2001,CY,267826.0,EUR,1530070.9,EUROSTAT_NAMA10_GDP,17.504156,786539.0,EUROSTAT_GOV10A_MAIN,34.051204,strict,anchor_actual,EUROSTAT_GOV10A_MAIN,2001.0,267826.0,,,,,,,,A,,EUROSTAT_GOV10A_MAIN,2026-07-21,2026-09-03,current,,,,,239456.748,-10.5924,False,False,False,20260919T115610Z,
FRA_R06_strict,FRA,ESA_REV,R06,1,Net social contributions,2002,2002,CY,278112.7,EUR,1578330.4,EUROSTAT_NAMA10_GDP,17.62069,800986.5,EUROSTAT_GOV10A_MAIN,34.721272,strict,anchor_actual,EUROSTAT_GOV10A_MAIN,2002.0,278112.7,,,,,,,,A,,EUROSTAT_GOV10A_MAIN,2026-07-21,2026-09-03,current,,,,,248526.905,-10.6381,False,False,False,20260919T115610Z,
FRA_R06_strict,FRA,ESA_REV,R06,1,Net social contributions,2003,2003,CY,290185.5,EUR,1622312.8,EUROSTAT_NAMA10_GDP,17.887149,815468.6,EUROSTAT_GOV10A_MAIN,35.585122,strict,anchor_actual,EUROSTAT_GOV10A_MAIN,2003.0,290185.5,,,,,,,,A,,EUROSTAT_GOV10A_MAIN,2026-07-21,2026-09-03,current,,,,,259070.105,-10.7226,False,False,False,20260919T115610Z,
FRA_R06_strict,FRA,ESA_REV,R06,1,Net social contributions,2004,2004,CY,299102.0,EUR,1696107.7,EUROSTAT_NAMA10_GDP,17.634611,855606.6,EUROSTAT_GOV10A_MAIN,34.957888,strict,anchor_actual,EUROSTAT_GOV10A_MAIN,2004.0,299102.0,,,,,,,,A,,EUROSTAT_GOV10A_MAIN,2026-07-21,2026-09-03,current,,,,,267147.68299999996,-10.6834,False,False,False,20260919T115610Z,
FRA_R06_strict,FRA,ESA_REV,R06,1,Net social contributions,2005,2005,CY,310698.6,EUR,1762047.7,EUROSTAT_NAMA10_GDP,17.632814,894341.1,EUROSTAT_GOV10A_MAIN,34.740503,strict,anchor_actual,EUROSTAT_GOV10A_MAIN,2005.0,310698.6,,,,,,,,A,,EUROSTAT_GOV10A_MAIN,2026-07-21,2026-09-03,current,,,,,277692.825,-10.6231,False,False,False,20260919T115610Z,
FRA_R06_strict,FRA,ESA_REV,R06,1,Net social contributions,2006,2006,CY,327204.4,EUR,1846020.8,EUROSTAT_NAMA10_GDP,17.724849,943178.2,EUROSTAT_GOV10A_MAIN,34.691684,strict,anchor_actual,EUROSTAT_GOV10A_MAIN,2006.0,327204.4,,,,,,,,A,,EUROSTAT_GOV10A_MAIN,2026-07-21,2026-09-03,current,,,,,293425.541,-10.3235,False,False,False,20260919T115610Z,
FRA_R06_strict,FRA,ESA_REV,R06,1,Net social contributions,2007,2007,CY,339562.2,EUR,1937876.3,EUROSTAT_NAMA10_GDP,17.522388,981351.9,EUROSTAT_GOV10A_MAIN,34.601472,strict,anchor_actual,EUROSTAT_GOV10A_MAIN,2007.0,339562.2,,,,,,,,A,,EUROSTAT_GOV10A_MAIN,2026-07-21,2026-09-03,current,,,,,303750.897,-10.5463,False,False,False,20260919T115610Z,
FRA_R06_strict,FRA,ESA_REV,R06,1,Net social contributions,2008,2008,CY,349010.7,EUR,1989999.7,EUROSTAT_NAMA10_GDP,17.538229,1010530.4,EUROSTAT_GOV10A_MAIN,34.537378,strict,anchor_actual,EUROSTAT_GOV10A_MAIN,2008.0,349010.7,,,,,,,,A,,EUROSTAT_GOV10A_MAIN,2026-07-21,2026-09-03,current,,,,,311798.545,-10.6622,False,False,False,20260919T115610Z,
FRA_R06_strict,FRA,ESA_REV,R06,1,Net social contributions,2009,2009,CY,352606.7,EUR,1935840.2,EUROSTAT_NAMA10_GDP,18.214659,979773.4,EUROSTAT_GOV10A_MAIN,35.988597,strict,anchor_actual,EUROSTAT_GOV10A_MAIN,2009.0,352606.7,,,,,,,,A,,EUROSTAT_GOV10A_MAIN,2026-07-21,2026-09-03,current,,,,,313554.204,-11.0754,False,False,False,20260919T115610Z,
FRA_R06_strict,FRA,ESA_REV,R06,1,Net social contributions,2010,2010,CY,360249.0,EUR,1996075.1,EUROSTAT_NAMA10_GDP,18.047868,1009201.3,EUROSTAT_GOV10A_MAIN,35.696446,strict,anchor_actual,EUROSTAT_GOV10A_MAIN,2010.0,360249.0,,,,,,,,A,,EUROSTAT_GOV10A_MAIN,2026-07-21,2026-09-03,current,,,,,319828.203,-11.2202,False,False,False,20260919T115610Z,
FRA_R06_strict,FRA,ESA_REV,R06,1,Net social contributions,2011,2011,CY,374641.1,EUR,2062141.4,EUROSTAT_NAMA10_GDP,18.167576,1066319.2,EUROSTAT_GOV10A_MAIN,35.134048,strict,anchor_actual,EUROSTAT_GOV10A_MAIN,2011.0,374641.1,,,,,,,,A,,EUROSTAT_GOV10A_MAIN,2026-07-21,2026-09-03,current,,,,,332613.885,-11.218,False,False,False,20260919T115610Z,
FRA_R06_strict,FRA,ESA_REV,R06,1,Net social contributions,2012,2012,CY,385601.6,EUR,2088286.7,EUROSTAT_NAMA10_GDP,18.464974,1100965.9,EUROSTAT_GOV10A_MAIN,35.023937,strict,anchor_actual,EUROSTAT_GOV10A_MAIN,2012.0,385601.6,,,,,,,,A,,EUROSTAT_GOV10A_MAIN,2026-07-21,2026-09-03,current,,,,,342083.963,-11.2856,False,False,False,20260919T115610Z,
FRA_R06_strict,FRA,ESA_REV,R06,1,Net social contributions,2013,2013,CY,397355.2,EUR,2120351.9,EUROSTAT_NAMA10_GDP,18.740059,1137646.2,EUROSTAT_GOV10A_MAIN,34.927836,strict,anchor_actual,EUROSTAT_GOV10A_MAIN,2013.0,397355.2,,,,,,,,A,,EUROSTAT_GOV10A_MAIN,2026-07-21,2026-09-03,current,,,,,352792.454,-11.2148,False,False,False,20260919T115610Z,
FRA_R06_strict,FRA,ESA_REV,R06,1,Net social contributions,2014,2014,CY,407236.8,EUR,2153733.1,EUROSTAT_NAMA10_GDP,18.908415,1159145.1,EUROSTAT_GOV10A_MAIN,35.132513,strict,anchor_actual,EUROSTAT_GOV10A_MAIN,2014.0,407236.8,,,,,,,,A,,EUROSTAT_GOV10A_MAIN,2026-07-21,2026-09-03,current,,,,,362100.91599999997,-11.0834,False,False,False,20260919T115610Z,
FRA_R06_strict,FRA,ESA_REV,R06,1,Net social contributions,2015,2015,CY,411491.5,EUR,2201401.6,EUROSTAT_NAMA10_GDP,18.69225,1182326.8,EUROSTAT_GOV10A_MAIN,34.803533,strict,anchor_actual,EUROSTAT_GOV10A_MAIN,2015.0,411491.5,,,,,,,,A,,EUROSTAT_GOV10A_MAIN,2026-07-21,2026-09-03,current,,,,,366133.016,-11.0229,False,False,False,20260919T115610Z,
FRA_R06_strict,FRA,ESA_REV,R06,1,Net social contributions,2016,2016,CY,416522.8,EUR,2231819.2,EUROSTAT_NAMA10_GDP,18.662928,1196622.9,EUROSTAT_GOV10A_MAIN,34.808192,strict,anchor_actual,EUROSTAT_GOV10A_MAIN,2016.0,416522.8,,,,,,,,A,,EUROSTAT_GOV10A_MAIN,2026-07-21,2026-09-03,current,,,,,370926.466,-10.9469,False,False,False,20260919T115610Z,
FRA_R06_strict,FRA,ESA_REV,R06,1,Net social contributions,2017,2017,CY,429075.1,EUR,2291680.5,EUROSTAT_NAMA10_GDP,18.723164,1244386.9,EUROSTAT_GOV10A_MAIN,34.480844,strict,anchor_actual,EUROSTAT_GOV10A_MAIN,2017.0,429075.1,,,,,,,,A,,EUROSTAT_GOV10A_MAIN,2026-07-21,2026-09-03,current,,,,,383447.99,-10.6338,False,False,False,20260919T115610Z,
FRA_R06_strict,FRA,ESA_REV,R06,1,Net social contributions,2018,2018,CY,422987.3,EUR,2355362.8,EUROSTAT_NAMA10_GDP,17.958478,1273016.1,EUROSTAT_GOV10A_MAIN,33.227176,strict,anchor_actual,EUROSTAT_GOV10A_MAIN,2018.0,422987.3,,,,,,,,A,,EUROSTAT_GOV10A_MAIN,2026-07-21,2026-09-03,current,,,,,376799.891,-10.9193,False,False,False,20260919T115610Z,
FRA_R06_strict,FRA,ESA_REV,R06,1,Net social contributions,2019,2019,CY,406074.0,EUR,2432206.8,EUROSTAT_NAMA10_GDP,16.695702,1287929.2,EUROSTAT_GOV10A_MAIN,31.529218,strict,anchor_actual,EUROSTAT_GOV10A_MAIN,2019.0,406074.0,,,,,,,,A,,EUROSTAT_GOV10A_MAIN,2026-07-21,2026-09-03,current,,,,,359798.037,-11.3959,False,False,False,20260919T115610Z,
FRA_R06_strict,FRA,ESA_REV,R06,1,Net social contributions,2020,2020,CY,390712.0,EUR,2318276.2,EUROSTAT_NAMA10_GDP,16.853557,1223272.6,EUROSTAT_GOV10A_MAIN,31.939896,strict,anchor_actual,EUROSTAT_GOV10A_MAIN,2020.0,390712.0,,,,,,,,A,,EUROSTAT_GOV10A_MAIN,2026-07-21,2026-09-03,current,,,,,340670.619,-12.8077,False,False,False,20260919T115610Z,
FRA_R06_strict,FRA,ESA_REV,R06,1,Net social contributions,2021,2021,CY,417675.0,EUR,2508102.3,EUROSTAT_NAMA10_GDP,16.653029,1326231.8,EUROSTAT_GOV10A_MAIN,31.493363,strict,anchor_actual,EUROSTAT_GOV10A_MAIN,2021.0,417675.0,,,,,,,,A,,EUROSTAT_GOV10A_MAIN,2026-07-21,2026-09-03,current,,,,,369156.573,-11.6163,False,False,False,20260919T115610Z,
FRA_R06_strict,FRA,ESA_REV,R06,1,Net social contributions,2022,2022,CY,442269.0,EUR,2653997.2,EUROSTAT_NAMA10_GDP,16.66426,1424435.6,EUROSTAT_GOV10A_MAIN,31.048719,strict,anchor_actual,EUROSTAT_GOV10A_MAIN,2022.0,442269.0,,,,,,,,A,,EUROSTAT_GOV10A_MAIN,2026-07-21,2026-09-03,current,,,,,393583.846,-11.008,False,False,False,20260919T115610Z,
FRA_R06_strict,FRA,ESA_REV,R06,1,Net social contributions,2023,2023,CY,462828.0,EUR,2833826.4,EUROSTAT_NAMA10_GDP,16.332264,1456350.5,EUROSTAT_GOV10A_MAIN,31.779987,strict,anchor_actual,EUROSTAT_GOV10A_MAIN,2023.0,462828.0,,,,,,,,A,,EUROSTAT_GOV10A_MAIN,2026-07-21,2026-09-03,current,,,,,411165.549,-11.1623,False,False,False,20260919T115610Z,
FRA_R06_strict,FRA,ESA_REV,R06,1,Net social contributions,2024,2024,CY,483631.0,EUR,2935236.2,EUROSTAT_NAMA10_GDP,16.476732,1503590.1,EUROSTAT_GOV10A_MAIN,32.165083,strict,anchor_actual,EUROSTAT_GOV10A_MAIN,2024.0,483631.0,,,,,,,,A,,EUROSTAT_GOV10A_MAIN,2026-07-21,2026-09-03,current,,,,,428631.51900000003,-11.3722,False,False,False,20260919T115610Z,
FRA_R06_strict,FRA,ESA_REV,R06,1,Net social contributions,2025,2025,CY,498736.0,EUR,2991055.9,EUROSTAT_NAMA10_GDP,16.674245,1561626.1,EUROSTAT_GOV10A_MAIN,31.936966,strict,anchor_actual,EUROSTAT_GOV10A_MAIN,2025.0,498736.0,,,,,,,,A,,EUROSTAT_GOV10A_MAIN,2026-07-21,2026-09-03,current,,,,,,,False,False,False,20260919T115610Z,
FRA_R07_strict,FRA,ESA_REV,R07,1,Interest receivable,1995,1995,CY,6972.8,EUR,1213802.4,EUROSTAT_NAMA10_GDP,0.574459,618331.7,EUROSTAT_GOV10A_MAIN,1.12768,strict,anchor_actual,EUROSTAT_GOV10A_MAIN,1995.0,6972.8,,,,,,,,A,,EUROSTAT_GOV10A_MAIN,2026-07-21,2026-09-03,current,,d41_gross_accrued,,,,,False,False,False,20260919T115610Z,
FRA_R07_strict,FRA,ESA_REV,R07,1,Interest receivable,1996,1996,CY,6254.3,EUR,1246973.7,EUROSTAT_NAMA10_GDP,0.501558,649939.5,EUROSTAT_GOV10A_MAIN,0.96229,strict,anchor_actual,EUROSTAT_GOV10A_MAIN,1996.0,6254.3,,,,,,,,A,,EUROSTAT_GOV10A_MAIN,2026-07-21,2026-09-03,current,,d41_gross_accrued,,,,,False,False,False,20260919T115610Z,
FRA_R07_strict,FRA,ESA_REV,R07,1,Interest receivable,1997,1997,CY,6827.3,EUR,1289669.2,EUROSTAT_NAMA10_GDP,0.529384,668781.4,EUROSTAT_GOV10A_MAIN,1.020857,strict,anchor_actual,EUROSTAT_GOV10A_MAIN,1997.0,6827.3,,,,,,,,A,,EUROSTAT_GOV10A_MAIN,2026-07-21,2026-09-03,current,,d41_gross_accrued,,,,,False,False,False,20260919T115610Z,
FRA_R07_strict,FRA,ESA_REV,R07,1,Interest receivable,1998,1998,CY,6677.2,EUR,1346317.6,EUROSTAT_NAMA10_GDP,0.49596,694521.4,EUROSTAT_GOV10A_MAIN,0.96141,strict,anchor_actual,EUROSTAT_GOV10A_MAIN,1998.0,6677.2,,,,,,,,A,,EUROSTAT_GOV10A_MAIN,2026-07-21,2026-09-03,current,,d41_gross_accrued,,,,,False,False,False,20260919T115610Z,
FRA_R07_strict,FRA,ESA_REV,R07,1,Interest receivable,1999,1999,CY,5693.5,EUR,1395148.0,EUROSTAT_NAMA10_GDP,0.408093,727044.7,EUROSTAT_GOV10A_MAIN,0.783102,strict,anchor_actual,EUROSTAT_GOV10A_MAIN,1999.0,5693.5,,,,,,,,A,,EUROSTAT_GOV10A_MAIN,2026-07-21,2026-09-03,current,,d41_gross_accrued,,,,,False,False,False,20260919T115610Z,
FRA_R07_strict,FRA,ESA_REV,R07,1,Interest receivable,2000,2000,CY,5519.0,EUR,1473517.3,EUROSTAT_NAMA10_GDP,0.374546,756006.5,EUROSTAT_GOV10A_MAIN,0.73002,strict,anchor_actual,EUROSTAT_GOV10A_MAIN,2000.0,5519.0,,,,,,,,A,,EUROSTAT_GOV10A_MAIN,2026-07-21,2026-09-03,current,,d41_gross_accrued,,,,,False,False,False,20260919T115610Z,
FRA_R07_strict,FRA,ESA_REV,R07,1,Interest receivable,2001,2001,CY,6684.3,EUR,1530070.9,EUROSTAT_NAMA10_GDP,0.436862,786539.0,EUROSTAT_GOV10A_MAIN,0.849837,strict,anchor_actual,EUROSTAT_GOV10A_MAIN,2001.0,6684.3,,,,,,,,A,,EUROSTAT_GOV10A_MAIN,2026-07-21,2026-09-03,current,,d41_gross_accrued,,,,,False,False,False,20260919T115610Z,
FRA_R07_strict,FRA,ESA_REV,R07,1,Interest receivable,2002,2002,CY,6145.0,EUR,1578330.4,EUROSTAT_NAMA10_GDP,0.389335,800986.5,EUROSTAT_GOV10A_MAIN,0.767179,strict,anchor_actual,EUROSTAT_GOV10A_MAIN,2002.0,6145.0,,,,,,,,A,,EUROSTAT_GOV10A_MAIN,2026-07-21,2026-09-03,current,,d41_gross_accrued,,,,,False,False,False,20260919T115610Z,
FRA_R07_strict,FRA,ESA_REV,R07,1,Interest receivable,2003,2003,CY,5600.7,EUR,1622312.8,EUROSTAT_NAMA10_GDP,0.345229,815468.6,EUROSTAT_GOV10A_MAIN,0.686808,strict,anchor_actual,EUROSTAT_GOV10A_MAIN,2003.0,5600.7,,,,,,,,A,,EUROSTAT_GOV10A_MAIN,2026-07-21,2026-09-03,current,,d41_gross_accrued,,,,,False,False,False,20260919T115610Z,
FRA_R07_strict,FRA,ESA_REV,R07,1,Interest receivable,2004,2004,CY,4879.4,EUR,1696107.7,EUROSTAT_NAMA10_GDP,0.287682,855606.6,EUROSTAT_GOV10A_MAIN,0.570285,strict,anchor_actual,EUROSTAT_GOV10A_MAIN,2004.0,4879.4,,,,,,,,A,,EUROSTAT_GOV10A_MAIN,2026-07-21,2026-09-03,current,,d41_gross_accrued,,,,,False,False,False,20260919T115610Z,
FRA_R07_strict,FRA,ESA_REV,R07,1,Interest receivable,2005,2005,CY,4870.8,EUR,1762047.7,EUROSTAT_NAMA10_GDP,0.276428,894341.1,EUROSTAT_GOV10A_MAIN,0.544624,strict,anchor_actual,EUROSTAT_GOV10A_MAIN,2005.0,4870.8,,,,,,,,A,,EUROSTAT_GOV10A_MAIN,2026-07-21,2026-09-03,current,,d41_gross_accrued,,,,,False,False,False,20260919T115610Z,
FRA_R07_strict,FRA,ESA_REV,R07,1,Interest receivable,2006,2006,CY,4243.9,EUR,1846020.8,EUROSTAT_NAMA10_GDP,0.229894,943178.2,EUROSTAT_GOV10A_MAIN,0.449957,strict,anchor_actual,EUROSTAT_GOV10A_MAIN,2006.0,4243.9,,,,,,,,A,,EUROSTAT_GOV10A_MAIN,2026-07-21,2026-09-03,current,,d41_gross_accrued,,,,,False,False,False,20260919T115610Z,
FRA_R07_strict,FRA,ESA_REV,R07,1,Interest receivable,2007,2007,CY,4250.5,EUR,1937876.3,EUROSTAT_NAMA10_GDP,0.219338,981351.9,EUROSTAT_GOV10A_MAIN,0.433127,strict,anchor_actual,EUROSTAT_GOV10A_MAIN,2007.0,4250.5,,,,,,,,A,,EUROSTAT_GOV10A_MAIN,2026-07-21,2026-09-03,current,,d41_gross_accrued,,,,,False,False,False,20260919T115610Z,
FRA_R07_strict,FRA,ESA_REV,R07,1,Interest receivable,2008,2008,CY,4741.4,EUR,1989999.7,EUROSTAT_NAMA10_GDP,0.238261,1010530.4,EUROSTAT_GOV10A_MAIN,0.469199,strict,anchor_actual,EUROSTAT_GOV10A_MAIN,2008.0,4741.4,,,,,,,,A,,EUROSTAT_GOV10A_MAIN,2026-07-21,2026-09-03,current,,d41_gross_accrued,,,,,False,False,False,20260919T115610Z,
FRA_R07_strict,FRA,ESA_REV,R07,1,Interest receivable,2009,2009,CY,5889.1,EUR,1935840.2,EUROSTAT_NAMA10_GDP,0.304214,979773.4,EUROSTAT_GOV10A_MAIN,0.601068,strict,anchor_actual,EUROSTAT_GOV10A_MAIN,2009.0,5889.1,,,,,,,,A,,EUROSTAT_GOV10A_MAIN,2026-07-21,2026-09-03,current,,d41_gross_accrued,,,,,False,False,False,20260919T115610Z,
FRA_R07_strict,FRA,ESA_REV,R07,1,Interest receivable,2010,2010,CY,4937.2,EUR,1996075.1,EUROSTAT_NAMA10_GDP,0.247345,1009201.3,EUROSTAT_GOV10A_MAIN,0.489219,strict,anchor_actual,EUROSTAT_GOV10A_MAIN,2010.0,4937.2,,,,,,,,A,,EUROSTAT_GOV10A_MAIN,2026-07-21,2026-09-03,current,,d41_gross_accrued,,,,,False,False,False,20260919T115610Z,
FRA_R07_strict,FRA,ESA_REV,R07,1,Interest receivable,2011,2011,CY,4750.1,EUR,2062141.4,EUROSTAT_NAMA10_GDP,0.230348,1066319.2,EUROSTAT_GOV10A_MAIN,0.445467,strict,anchor_actual,EUROSTAT_GOV10A_MAIN,2011.0,4750.1,,,,,,,,A,,EUROSTAT_GOV10A_MAIN,2026-07-21,2026-09-03,current,,d41_gross_accrued,,,,,False,False,False,20260919T115610Z,
FRA_R07_strict,FRA,ESA_REV,R07,1,Interest receivable,2012,2012,CY,3517.5,EUR,2088286.7,EUROSTAT_NAMA10_GDP,0.16844,1100965.9,EUROSTAT_GOV10A_MAIN,0.319492,strict,anchor_actual,EUROSTAT_GOV10A_MAIN,2012.0,3517.5,,,,,,,,A,,EUROSTAT_GOV10A_MAIN,2026-07-21,2026-09-03,current,,d41_gross_accrued,,,,,False,False,False,20260919T115610Z,
FRA_R07_strict,FRA,ESA_REV,R07,1,Interest receivable,2013,2013,CY,2729.4,EUR,2120351.9,EUROSTAT_NAMA10_GDP,0.128724,1137646.2,EUROSTAT_GOV10A_MAIN,0.239916,strict,anchor_actual,EUROSTAT_GOV10A_MAIN,2013.0,2729.4,,,,,,,,A,,EUROSTAT_GOV10A_MAIN,2026-07-21,2026-09-03,current,,d41_gross_accrued,,,,,False,False,False,20260919T115610Z,
FRA_R07_strict,FRA,ESA_REV,R07,1,Interest receivable,2014,2014,CY,2019.3,EUR,2153733.1,EUROSTAT_NAMA10_GDP,0.093758,1159145.1,EUROSTAT_GOV10A_MAIN,0.174206,strict,anchor_actual,EUROSTAT_GOV10A_MAIN,2014.0,2019.3,,,,,,,,A,,EUROSTAT_GOV10A_MAIN,2026-07-21,2026-09-03,current,,d41_gross_accrued,,,,,False,False,False,20260919T115610Z,
FRA_R07_strict,FRA,ESA_REV,R07,1,Interest receivable,2015,2015,CY,2152.4,EUR,2201401.6,EUROSTAT_NAMA10_GDP,0.097774,1182326.8,EUROSTAT_GOV10A_MAIN,0.182048,strict,anchor_actual,EUROSTAT_GOV10A_MAIN,2015.0,2152.4,,,,,,,,A,,EUROSTAT_GOV10A_MAIN,2026-07-21,2026-09-03,current,,d41_gross_accrued,,,,,False,False,False,20260919T115610Z,
FRA_R07_strict,FRA,ESA_REV,R07,1,Interest receivable,2016,2016,CY,1502.9,EUR,2231819.2,EUROSTAT_NAMA10_GDP,0.06734,1196622.9,EUROSTAT_GOV10A_MAIN,0.125595,strict,anchor_actual,EUROSTAT_GOV10A_MAIN,2016.0,1502.9,,,,,,,,A,,EUROSTAT_GOV10A_MAIN,2026-07-21,2026-09-03,current,,d41_gross_accrued,,,,,False,False,False,20260919T115610Z,
FRA_R07_strict,FRA,ESA_REV,R07,1,Interest receivable,2017,2017,CY,1367.9,EUR,2291680.5,EUROSTAT_NAMA10_GDP,0.05969,1244386.9,EUROSTAT_GOV10A_MAIN,0.109926,strict,anchor_actual,EUROSTAT_GOV10A_MAIN,2017.0,1367.9,,,,,,,,A,,EUROSTAT_GOV10A_MAIN,2026-07-21,2026-09-03,current,,d41_gross_accrued,,,,,False,False,False,20260919T115610Z,
FRA_R07_strict,FRA,ESA_REV,R07,1,Interest receivable,2018,2018,CY,1311.6,EUR,2355362.8,EUROSTAT_NAMA10_GDP,0.055686,1273016.1,EUROSTAT_GOV10A_MAIN,0.103031,strict,anchor_actual,EUROSTAT_GOV10A_MAIN,2018.0,1311.6,,,,,,,,A,,EUROSTAT_GOV10A_MAIN,2026-07-21,2026-09-03,current,,d41_gross_accrued,,,,,False,False,False,20260919T115610Z,
FRA_R07_strict,FRA,ESA_REV,R07,1,Interest receivable,2019,2019,CY,1030.1,EUR,2432206.8,EUROSTAT_NAMA10_GDP,0.042352,1287929.2,EUROSTAT_GOV10A_MAIN,0.079981,strict,anchor_actual,EUROSTAT_GOV10A_MAIN,2019.0,1030.1,,,,,,,,A,,EUROSTAT_GOV10A_MAIN,2026-07-21,2026-09-03,current,,d41_gross_accrued,,,,,False,False,False,20260919T115610Z,
FRA_R07_strict,FRA,ESA_REV,R07,1,Interest receivable,2020,2020,CY,391.8,EUR,2318276.2,EUROSTAT_NAMA10_GDP,0.0169,1223272.6,EUROSTAT_GOV10A_MAIN,0.032029,strict,anchor_actual,EUROSTAT_GOV10A_MAIN,2020.0,391.8,,,,,,,,A,,EUROSTAT_GOV10A_MAIN,2026-07-21,2026-09-03,current,,d41_gross_accrued,,,,,False,False,False,20260919T115610Z,
FRA_R07_strict,FRA,ESA_REV,R07,1,Interest receivable,2021,2021,CY,527.1,EUR,2508102.3,EUROSTAT_NAMA10_GDP,0.021016,1326231.8,EUROSTAT_GOV10A_MAIN,0.039744,strict,anchor_actual,EUROSTAT_GOV10A_MAIN,2021.0,527.1,,,,,,,,A,,EUROSTAT_GOV10A_MAIN,2026-07-21,2026-09-03,current,,d41_gross_accrued,,,,,False,False,False,20260919T115610Z,
FRA_R07_strict,FRA,ESA_REV,R07,1,Interest receivable,2022,2022,CY,1149.5,EUR,2653997.2,EUROSTAT_NAMA10_GDP,0.043312,1424435.6,EUROSTAT_GOV10A_MAIN,0.080699,strict,anchor_actual,EUROSTAT_GOV10A_MAIN,2022.0,1149.5,,,,,,,,A,,EUROSTAT_GOV10A_MAIN,2026-07-21,2026-09-03,current,,d41_gross_accrued,,,,,False,False,False,20260919T115610Z,
FRA_R07_strict,FRA,ESA_REV,R07,1,Interest receivable,2023,2023,CY,5173.5,EUR,2833826.4,EUROSTAT_NAMA10_GDP,0.182562,1456350.5,EUROSTAT_GOV10A_MAIN,0.355237,strict,anchor_actual,EUROSTAT_GOV10A_MAIN,2023.0,5173.5,,,,,,,,A,,EUROSTAT_GOV10A_MAIN,2026-07-21,2026-09-03,current,,d41_gross_accrued,,,,,False,False,False,20260919T115610Z,
FRA_R07_strict,FRA,ESA_REV,R07,1,Interest receivable,2024,2024,CY,5380.8,EUR,2935236.2,EUROSTAT_NAMA10_GDP,0.183317,1503590.1,EUROSTAT_GOV10A_MAIN,0.357863,strict,anchor_actual,EUROSTAT_GOV10A_MAIN,2024.0,5380.8,,,,,,,,A,,EUROSTAT_GOV10A_MAIN,2026-07-21,2026-09-03,current,,d41_gross_accrued,,,,,False,False,False,20260919T115610Z,
FRA_R07_strict,FRA,ESA_REV,R07,1,Interest receivable,2025,2025,CY,3923.8,EUR,2991055.9,EUROSTAT_NAMA10_GDP,0.131184,1561626.1,EUROSTAT_GOV10A_MAIN,0.251264,strict,anchor_actual,EUROSTAT_GOV10A_MAIN,2025.0,3923.8,,,,,,,,A,,EUROSTAT_GOV10A_MAIN,2026-07-21,2026-09-03,current,,d41_gross_accrued,,,,,False,False,False,20260919T115610Z,
FRA_R08_strict,FRA,ESA_REV,R08,1,Other property income,1995,1995,CY,10486.0,EUR,1213802.4,EUROSTAT_NAMA10_GDP,0.863897,618331.7,EUROSTAT_GOV10A_MAIN,1.695854,strict,derived_actual,EUROSTAT_GOV10A_MAIN,1995.0,10486.0,,,,,,,,A,,EUROSTAT_GOV10A_MAIN,2026-07-21,2026-09-03,current,,,,,,,False,False,False,20260919T115610Z,derived D.4 - D.41 resources
FRA_R08_strict,FRA,ESA_REV,R08,1,Other property income,1996,1996,CY,8242.0,EUR,1246973.7,EUROSTAT_NAMA10_GDP,0.66096,649939.5,EUROSTAT_GOV10A_MAIN,1.268118,strict,derived_actual,EUROSTAT_GOV10A_MAIN,1996.0,8242.0,,,,,,,,A,,EUROSTAT_GOV10A_MAIN,2026-07-21,2026-09-03,current,,,,,,,False,False,False,20260919T115610Z,derived D.4 - D.41 resources
FRA_R08_strict,FRA,ESA_REV,R08,1,Other property income,1997,1997,CY,6966.3,EUR,1289669.2,EUROSTAT_NAMA10_GDP,0.540162,668781.4,EUROSTAT_GOV10A_MAIN,1.041641,strict,derived_actual,EUROSTAT_GOV10A_MAIN,1997.0,6966.3,,,,,,,,A,,EUROSTAT_GOV10A_MAIN,2026-07-21,2026-09-03,current,,,,,,,False,False,False,20260919T115610Z,derived D.4 - D.41 resources
FRA_R08_strict,FRA,ESA_REV,R08,1,Other property income,1998,1998,CY,7505.000000000001,EUR,1346317.6,EUROSTAT_NAMA10_GDP,0.557446,694521.4,EUROSTAT_GOV10A_MAIN,1.0806,strict,derived_actual,EUROSTAT_GOV10A_MAIN,1998.0,7505.000000000001,,,,,,,,A,,EUROSTAT_GOV10A_MAIN,2026-07-21,2026-09-03,current,,,,,,,False,False,False,20260919T115610Z,derived D.4 - D.41 resources
FRA_R08_strict,FRA,ESA_REV,R08,1,Other property income,1999,1999,CY,7272.4,EUR,1395148.0,EUROSTAT_NAMA10_GDP,0.521264,727044.7,EUROSTAT_GOV10A_MAIN,1.000269,strict,derived_actual,EUROSTAT_GOV10A_MAIN,1999.0,7272.4,,,,,,,,A,,EUROSTAT_GOV10A_MAIN,2026-07-21,2026-09-03,current,,,,,,,False,False,False,20260919T115610Z,derived D.4 - D.41 resources
FRA_R08_strict,FRA,ESA_REV,R08,1,Other property income,2000,2000,CY,7773.700000000001,EUR,1473517.3,EUROSTAT_NAMA10_GDP,0.527561,756006.5,EUROSTAT_GOV10A_MAIN,1.028258,strict,derived_actual,EUROSTAT_GOV10A_MAIN,2000.0,7773.700000000001,,,,,,,,A,,EUROSTAT_GOV10A_MAIN,2026-07-21,2026-09-03,current,,,,,,,False,False,False,20260919T115610Z,derived D.4 - D.41 resources
FRA_R08_strict,FRA,ESA_REV,R08,1,Other property income,2001,2001,CY,10610.5,EUR,1530070.9,EUROSTAT_NAMA10_GDP,0.693465,786539.0,EUROSTAT_GOV10A_MAIN,1.349011,strict,derived_actual,EUROSTAT_GOV10A_MAIN,2001.0,10610.5,,,,,,,,A,,EUROSTAT_GOV10A_MAIN,2026-07-21,2026-09-03,current,,,,,,,False,False,False,20260919T115610Z,derived D.4 - D.41 resources
FRA_R08_strict,FRA,ESA_REV,R08,1,Other property income,2002,2002,CY,9986.2,EUR,1578330.4,EUROSTAT_NAMA10_GDP,0.632707,800986.5,EUROSTAT_GOV10A_MAIN,1.246738,strict,derived_actual,EUROSTAT_GOV10A_MAIN,2002.0,9986.2,,,,,,,,A,,EUROSTAT_GOV10A_MAIN,2026-07-21,2026-09-03,current,,,,,,,False,False,False,20260919T115610Z,derived D.4 - D.41 resources
FRA_R08_strict,FRA,ESA_REV,R08,1,Other property income,2003,2003,CY,7034.000000000001,EUR,1622312.8,EUROSTAT_NAMA10_GDP,0.433579,815468.6,EUROSTAT_GOV10A_MAIN,0.862572,strict,derived_actual,EUROSTAT_GOV10A_MAIN,2003.0,7034.000000000001,,,,,,,,A,,EUROSTAT_GOV10A_MAIN,2026-07-21,2026-09-03,current,,,,,,,False,False,False,20260919T115610Z,derived D.4 - D.41 resources
FRA_R08_strict,FRA,ESA_REV,R08,1,Other property income,2004,2004,CY,8161.800000000001,EUR,1696107.7,EUROSTAT_NAMA10_GDP,0.481208,855606.6,EUROSTAT_GOV10A_MAIN,0.95392,strict,derived_actual,EUROSTAT_GOV10A_MAIN,2004.0,8161.800000000001,,,,,,,,A,,EUROSTAT_GOV10A_MAIN,2026-07-21,2026-09-03,current,,,,,,,False,False,False,20260919T115610Z,derived D.4 - D.41 resources
FRA_R08_strict,FRA,ESA_REV,R08,1,Other property income,2005,2005,CY,8876.400000000001,EUR,1762047.7,EUROSTAT_NAMA10_GDP,0.503755,894341.1,EUROSTAT_GOV10A_MAIN,0.992507,strict,derived_actual,EUROSTAT_GOV10A_MAIN,2005.0,8876.400000000001,,,,,,,,A,,EUROSTAT_GOV10A_MAIN,2026-07-21,2026-09-03,current,,,,,,,False,False,False,20260919T115610Z,derived D.4 - D.41 resources
FRA_R08_strict,FRA,ESA_REV,R08,1,Other property income,2006,2006,CY,11821.7,EUR,1846020.8,EUROSTAT_NAMA10_GDP,0.640388,943178.2,EUROSTAT_GOV10A_MAIN,1.25339,strict,derived_actual,EUROSTAT_GOV10A_MAIN,2006.0,11821.7,,,,,,,,A,,EUROSTAT_GOV10A_MAIN,2026-07-21,2026-09-03,current,,,,,,,False,False,False,20260919T115610Z,derived D.4 - D.41 resources
FRA_R08_strict,FRA,ESA_REV,R08,1,Other property income,2007,2007,CY,14762.7,EUR,1937876.3,EUROSTAT_NAMA10_GDP,0.761798,981351.9,EUROSTAT_GOV10A_MAIN,1.504323,strict,derived_actual,EUROSTAT_GOV10A_MAIN,2007.0,14762.7,,,,,,,,A,,EUROSTAT_GOV10A_MAIN,2026-07-21,2026-09-03,current,,,,,,,False,False,False,20260919T115610Z,derived D.4 - D.41 resources
FRA_R08_strict,FRA,ESA_REV,R08,1,Other property income,2008,2008,CY,16461.9,EUR,1989999.7,EUROSTAT_NAMA10_GDP,0.827231,1010530.4,EUROSTAT_GOV10A_MAIN,1.629036,strict,derived_actual,EUROSTAT_GOV10A_MAIN,2008.0,16461.9,,,,,,,,A,,EUROSTAT_GOV10A_MAIN,2026-07-21,2026-09-03,current,,,,,,,False,False,False,20260919T115610Z,derived D.4 - D.41 resources
FRA_R08_strict,FRA,ESA_REV,R08,1,Other property income,2009,2009,CY,13804.999999999998,EUR,1935840.2,EUROSTAT_NAMA10_GDP,0.713127,979773.4,EUROSTAT_GOV10A_MAIN,1.408999,strict,derived_actual,EUROSTAT_GOV10A_MAIN,2009.0,13804.999999999998,,,,,,,,A,,EUROSTAT_GOV10A_MAIN,2026-07-21,2026-09-03,current,,,,,,,False,False,False,20260919T115610Z,derived D.4 - D.41 resources
FRA_R08_strict,FRA,ESA_REV,R08,1,Other property income,2010,2010,CY,14818.899999999998,EUR,1996075.1,EUROSTAT_NAMA10_GDP,0.742402,1009201.3,EUROSTAT_GOV10A_MAIN,1.468379,strict,derived_actual,EUROSTAT_GOV10A_MAIN,2010.0,14818.899999999998,,,,,,,,A,,EUROSTAT_GOV10A_MAIN,2026-07-21,2026-09-03,current,,,,,,,False,False,False,20260919T115610Z,derived D.4 - D.41 resources
FRA_R08_strict,FRA,ESA_REV,R08,1,Other property income,2011,2011,CY,15390.699999999999,EUR,2062141.4,EUROSTAT_NAMA10_GDP,0.746346,1066319.2,EUROSTAT_GOV10A_MAIN,1.443348,strict,derived_actual,EUROSTAT_GOV10A_MAIN,2011.0,15390.699999999999,,,,,,,,A,,EUROSTAT_GOV10A_MAIN,2026-07-21,2026-09-03,current,,,,,,,False,False,False,20260919T115610Z,derived D.4 - D.41 resources
FRA_R08_strict,FRA,ESA_REV,R08,1,Other property income,2012,2012,CY,13281.7,EUR,2088286.7,EUROSTAT_NAMA10_GDP,0.636009,1100965.9,EUROSTAT_GOV10A_MAIN,1.206368,strict,derived_actual,EUROSTAT_GOV10A_MAIN,2012.0,13281.7,,,,,,,,A,,EUROSTAT_GOV10A_MAIN,2026-07-21,2026-09-03,current,,,,,,,False,False,False,20260919T115610Z,derived D.4 - D.41 resources
FRA_R08_strict,FRA,ESA_REV,R08,1,Other property income,2013,2013,CY,13448.0,EUR,2120351.9,EUROSTAT_NAMA10_GDP,0.634234,1137646.2,EUROSTAT_GOV10A_MAIN,1.18209,strict,derived_actual,EUROSTAT_GOV10A_MAIN,2013.0,13448.0,,,,,,,,A,,EUROSTAT_GOV10A_MAIN,2026-07-21,2026-09-03,current,,,,,,,False,False,False,20260919T115610Z,derived D.4 - D.41 resources
FRA_R08_strict,FRA,ESA_REV,R08,1,Other property income,2014,2014,CY,14198.0,EUR,2153733.1,EUROSTAT_NAMA10_GDP,0.659227,1159145.1,EUROSTAT_GOV10A_MAIN,1.224868,strict,derived_actual,EUROSTAT_GOV10A_MAIN,2014.0,14198.0,,,,,,,,A,,EUROSTAT_GOV10A_MAIN,2026-07-21,2026-09-03,current,,,,,,,False,False,False,20260919T115610Z,derived D.4 - D.41 resources
FRA_R08_strict,FRA,ESA_REV,R08,1,Other property income,2015,2015,CY,13914.4,EUR,2201401.6,EUROSTAT_NAMA10_GDP,0.63207,1182326.8,EUROSTAT_GOV10A_MAIN,1.176866,strict,derived_actual,EUROSTAT_GOV10A_MAIN,2015.0,13914.4,,,,,,,,A,,EUROSTAT_GOV10A_MAIN,2026-07-21,2026-09-03,current,,,,,,,False,False,False,20260919T115610Z,derived D.4 - D.41 resources
FRA_R08_strict,FRA,ESA_REV,R08,1,Other property income,2016,2016,CY,13304.6,EUR,2231819.2,EUROSTAT_NAMA10_GDP,0.596133,1196622.9,EUROSTAT_GOV10A_MAIN,1.111846,strict,derived_actual,EUROSTAT_GOV10A_MAIN,2016.0,13304.6,,,,,,,,A,,EUROSTAT_GOV10A_MAIN,2026-07-21,2026-09-03,current,,,,,,,False,False,False,20260919T115610Z,derived D.4 - D.41 resources
FRA_R08_strict,FRA,ESA_REV,R08,1,Other property income,2017,2017,CY,13703.6,EUR,2291680.5,EUROSTAT_NAMA10_GDP,0.597972,1244386.9,EUROSTAT_GOV10A_MAIN,1.101233,strict,derived_actual,EUROSTAT_GOV10A_MAIN,2017.0,13703.6,,,,,,,,A,,EUROSTAT_GOV10A_MAIN,2026-07-21,2026-09-03,current,,,,,,,False,False,False,20260919T115610Z,derived D.4 - D.41 resources
FRA_R08_strict,FRA,ESA_REV,R08,1,Other property income,2018,2018,CY,14068.0,EUR,2355362.8,EUROSTAT_NAMA10_GDP,0.597275,1273016.1,EUROSTAT_GOV10A_MAIN,1.105092,strict,derived_actual,EUROSTAT_GOV10A_MAIN,2018.0,14068.0,,,,,,,,A,,EUROSTAT_GOV10A_MAIN,2026-07-21,2026-09-03,current,,,,,,,False,False,False,20260919T115610Z,derived D.4 - D.41 resources
FRA_R08_strict,FRA,ESA_REV,R08,1,Other property income,2019,2019,CY,14829.3,EUR,2432206.8,EUROSTAT_NAMA10_GDP,0.609706,1287929.2,EUROSTAT_GOV10A_MAIN,1.151406,strict,derived_actual,EUROSTAT_GOV10A_MAIN,2019.0,14829.3,,,,,,,,A,,EUROSTAT_GOV10A_MAIN,2026-07-21,2026-09-03,current,,,,,,,False,False,False,20260919T115610Z,derived D.4 - D.41 resources
FRA_R08_strict,FRA,ESA_REV,R08,1,Other property income,2020,2020,CY,10474.5,EUR,2318276.2,EUROSTAT_NAMA10_GDP,0.451823,1223272.6,EUROSTAT_GOV10A_MAIN,0.856269,strict,derived_actual,EUROSTAT_GOV10A_MAIN,2020.0,10474.5,,,,,,,,A,,EUROSTAT_GOV10A_MAIN,2026-07-21,2026-09-03,current,,,,,,,False,False,False,20260919T115610Z,derived D.4 - D.41 resources
FRA_R08_strict,FRA,ESA_REV,R08,1,Other property income,2021,2021,CY,13456.199999999999,EUR,2508102.3,EUROSTAT_NAMA10_GDP,0.536509,1326231.8,EUROSTAT_GOV10A_MAIN,1.014619,strict,derived_actual,EUROSTAT_GOV10A_MAIN,2021.0,13456.199999999999,,,,,,,,A,,EUROSTAT_GOV10A_MAIN,2026-07-21,2026-09-03,current,,,,,,,False,False,False,20260919T115610Z,derived D.4 - D.41 resources
FRA_R08_strict,FRA,ESA_REV,R08,1,Other property income,2022,2022,CY,14963.1,EUR,2653997.2,EUROSTAT_NAMA10_GDP,0.563795,1424435.6,EUROSTAT_GOV10A_MAIN,1.050458,strict,derived_actual,EUROSTAT_GOV10A_MAIN,2022.0,14963.1,,,,,,,,A,,EUROSTAT_GOV10A_MAIN,2026-07-21,2026-09-03,current,,,,,,,False,False,False,20260919T115610Z,derived D.4 - D.41 resources
FRA_R08_strict,FRA,ESA_REV,R08,1,Other property income,2023,2023,CY,14733.400000000001,EUR,2833826.4,EUROSTAT_NAMA10_GDP,0.519912,1456350.5,EUROSTAT_GOV10A_MAIN,1.011666,strict,derived_actual,EUROSTAT_GOV10A_MAIN,2023.0,14733.400000000001,,,,,,,,A,,EUROSTAT_GOV10A_MAIN,2026-07-21,2026-09-03,current,,,,,,,False,False,False,20260919T115610Z,derived D.4 - D.41 resources
FRA_R08_strict,FRA,ESA_REV,R08,1,Other property income,2024,2024,CY,16820.4,EUR,2935236.2,EUROSTAT_NAMA10_GDP,0.573051,1503590.1,EUROSTAT_GOV10A_MAIN,1.118683,strict,derived_actual,EUROSTAT_GOV10A_MAIN,2024.0,16820.4,,,,,,,,A,,EUROSTAT_GOV10A_MAIN,2026-07-21,2026-09-03,current,,,,,,,False,False,False,20260919T115610Z,derived D.4 - D.41 resources
FRA_R08_strict,FRA,ESA_REV,R08,1,Other property income,2025,2025,CY,19489.4,EUR,2991055.9,EUROSTAT_NAMA10_GDP,0.651589,1561626.1,EUROSTAT_GOV10A_MAIN,1.24802,strict,derived_actual,EUROSTAT_GOV10A_MAIN,2025.0,19489.4,,,,,,,,A,,EUROSTAT_GOV10A_MAIN,2026-07-21,2026-09-03,current,,,,,,,False,False,False,20260919T115610Z,derived D.4 - D.41 resources
FRA_R09_strict,FRA,ESA_REV,R09,1,Sales of goods and services,1995,1995,CY,51388.5,EUR,1213802.4,EUROSTAT_NAMA10_GDP,4.233679,618331.7,EUROSTAT_GOV10A_MAIN,8.310831,strict,anchor_actual,EUROSTAT_GOV10A_MAIN,1995.0,51388.5,,,,,,,,A,,EUROSTAT_GOV10A_MAIN,2026-07-21,2026-09-03,current,,,,,,,False,False,False,20260919T115610Z,
FRA_R09_strict,FRA,ESA_REV,R09,1,Sales of goods and services,1996,1996,CY,55466.7,EUR,1246973.7,EUROSTAT_NAMA10_GDP,4.448105,649939.5,EUROSTAT_GOV10A_MAIN,8.534133,strict,anchor_actual,EUROSTAT_GOV10A_MAIN,1996.0,55466.7,,,,,,,,A,,EUROSTAT_GOV10A_MAIN,2026-07-21,2026-09-03,current,,,,,,,False,False,False,20260919T115610Z,
FRA_R09_strict,FRA,ESA_REV,R09,1,Sales of goods and services,1997,1997,CY,57141.3,EUR,1289669.2,EUROSTAT_NAMA10_GDP,4.430694,668781.4,EUROSTAT_GOV10A_MAIN,8.544092,strict,anchor_actual,EUROSTAT_GOV10A_MAIN,1997.0,57141.3,,,,,,,,A,,EUROSTAT_GOV10A_MAIN,2026-07-21,2026-09-03,current,,,,,,,False,False,False,20260919T115610Z,
FRA_R09_strict,FRA,ESA_REV,R09,1,Sales of goods and services,1998,1998,CY,58045.6,EUR,1346317.6,EUROSTAT_NAMA10_GDP,4.311434,694521.4,EUROSTAT_GOV10A_MAIN,8.35764,strict,anchor_actual,EUROSTAT_GOV10A_MAIN,1998.0,58045.6,,,,,,,,A,,EUROSTAT_GOV10A_MAIN,2026-07-21,2026-09-03,current,,,,,,,False,False,False,20260919T115610Z,
FRA_R09_strict,FRA,ESA_REV,R09,1,Sales of goods and services,1999,1999,CY,59831.6,EUR,1395148.0,EUROSTAT_NAMA10_GDP,4.288549,727044.7,EUROSTAT_GOV10A_MAIN,8.229425,strict,anchor_actual,EUROSTAT_GOV10A_MAIN,1999.0,59831.6,,,,,,,,A,,EUROSTAT_GOV10A_MAIN,2026-07-21,2026-09-03,current,,,,,,,False,False,False,20260919T115610Z,
FRA_R09_strict,FRA,ESA_REV,R09,1,Sales of goods and services,2000,2000,CY,62368.3,EUR,1473517.3,EUROSTAT_NAMA10_GDP,4.232614,756006.5,EUROSTAT_GOV10A_MAIN,8.249704,strict,anchor_actual,EUROSTAT_GOV10A_MAIN,2000.0,62368.3,,,,,,,,A,,EUROSTAT_GOV10A_MAIN,2026-07-21,2026-09-03,current,,,,,,,False,False,False,20260919T115610Z,
FRA_R09_strict,FRA,ESA_REV,R09,1,Sales of goods and services,2001,2001,CY,65142.5,EUR,1530070.9,EUROSTAT_NAMA10_GDP,4.257482,786539.0,EUROSTAT_GOV10A_MAIN,8.28217,strict,anchor_actual,EUROSTAT_GOV10A_MAIN,2001.0,65142.5,,,,,,,,A,,EUROSTAT_GOV10A_MAIN,2026-07-21,2026-09-03,current,,,,,,,False,False,False,20260919T115610Z,
FRA_R09_strict,FRA,ESA_REV,R09,1,Sales of goods and services,2002,2002,CY,67821.2,EUR,1578330.4,EUROSTAT_NAMA10_GDP,4.297022,800986.5,EUROSTAT_GOV10A_MAIN,8.467209,strict,anchor_actual,EUROSTAT_GOV10A_MAIN,2002.0,67821.2,,,,,,,,A,,EUROSTAT_GOV10A_MAIN,2026-07-21,2026-09-03,current,,,,,,,False,False,False,20260919T115610Z,
FRA_R09_strict,FRA,ESA_REV,R09,1,Sales of goods and services,2003,2003,CY,68017.5,EUR,1622312.8,EUROSTAT_NAMA10_GDP,4.192625,815468.6,EUROSTAT_GOV10A_MAIN,8.34091,strict,anchor_actual,EUROSTAT_GOV10A_MAIN,2003.0,68017.5,,,,,,,,A,,EUROSTAT_GOV10A_MAIN,2026-07-21,2026-09-03,current,,,,,,,False,False,False,20260919T115610Z,
FRA_R09_strict,FRA,ESA_REV,R09,1,Sales of goods and services,2004,2004,CY,71340.8,EUR,1696107.7,EUROSTAT_NAMA10_GDP,4.206148,855606.6,EUROSTAT_GOV10A_MAIN,8.338038,strict,anchor_actual,EUROSTAT_GOV10A_MAIN,2004.0,71340.8,,,,,,,,A,,EUROSTAT_GOV10A_MAIN,2026-07-21,2026-09-03,current,,,,,,,False,False,False,20260919T115610Z,
FRA_R09_strict,FRA,ESA_REV,R09,1,Sales of goods and services,2005,2005,CY,74738.8,EUR,1762047.7,EUROSTAT_NAMA10_GDP,4.241588,894341.1,EUROSTAT_GOV10A_MAIN,8.356856,strict,anchor_actual,EUROSTAT_GOV10A_MAIN,2005.0,74738.8,,,,,,,,A,,EUROSTAT_GOV10A_MAIN,2026-07-21,2026-09-03,current,,,,,,,False,False,False,20260919T115610Z,
FRA_R09_strict,FRA,ESA_REV,R09,1,Sales of goods and services,2006,2006,CY,77261.8,EUR,1846020.8,EUROSTAT_NAMA10_GDP,4.185316,943178.2,EUROSTAT_GOV10A_MAIN,8.191644,strict,anchor_actual,EUROSTAT_GOV10A_MAIN,2006.0,77261.8,,,,,,,,A,,EUROSTAT_GOV10A_MAIN,2026-07-21,2026-09-03,current,,,,,,,False,False,False,20260919T115610Z,
FRA_R09_strict,FRA,ESA_REV,R09,1,Sales of goods and services,2007,2007,CY,81207.8,EUR,1937876.3,EUROSTAT_NAMA10_GDP,4.190556,981351.9,EUROSTAT_GOV10A_MAIN,8.275095,strict,anchor_actual,EUROSTAT_GOV10A_MAIN,2007.0,81207.8,,,,,,,,A,,EUROSTAT_GOV10A_MAIN,2026-07-21,2026-09-03,current,,,,,,,False,False,False,20260919T115610Z,
FRA_R09_strict,FRA,ESA_REV,R09,1,Sales of goods and services,2008,2008,CY,84807.6,EUR,1989999.7,EUROSTAT_NAMA10_GDP,4.261689,1010530.4,EUROSTAT_GOV10A_MAIN,8.392385,strict,anchor_actual,EUROSTAT_GOV10A_MAIN,2008.0,84807.6,,,,,,,,A,,EUROSTAT_GOV10A_MAIN,2026-07-21,2026-09-03,current,,,,,,,False,False,False,20260919T115610Z,
FRA_R09_strict,FRA,ESA_REV,R09,1,Sales of goods and services,2009,2009,CY,87591.5,EUR,1935840.2,EUROSTAT_NAMA10_GDP,4.524728,979773.4,EUROSTAT_GOV10A_MAIN,8.939975,strict,anchor_actual,EUROSTAT_GOV10A_MAIN,2009.0,87591.5,,,,,,,,A,,EUROSTAT_GOV10A_MAIN,2026-07-21,2026-09-03,current,,,,,,,False,False,False,20260919T115610Z,
FRA_R09_strict,FRA,ESA_REV,R09,1,Sales of goods and services,2010,2010,CY,90516.3,EUR,1996075.1,EUROSTAT_NAMA10_GDP,4.534714,1009201.3,EUROSTAT_GOV10A_MAIN,8.969103,strict,anchor_actual,EUROSTAT_GOV10A_MAIN,2010.0,90516.3,,,,,,,,A,,EUROSTAT_GOV10A_MAIN,2026-07-21,2026-09-03,current,,,,,,,False,False,False,20260919T115610Z,
FRA_R09_strict,FRA,ESA_REV,R09,1,Sales of goods and services,2011,2011,CY,92687.3,EUR,2062141.4,EUROSTAT_NAMA10_GDP,4.494711,1066319.2,EUROSTAT_GOV10A_MAIN,8.692266,strict,anchor_actual,EUROSTAT_GOV10A_MAIN,2011.0,92687.3,,,,,,,,A,,EUROSTAT_GOV10A_MAIN,2026-07-21,2026-09-03,current,,,,,,,False,False,False,20260919T115610Z,
FRA_R09_strict,FRA,ESA_REV,R09,1,Sales of goods and services,2012,2012,CY,94005.1,EUR,2088286.7,EUROSTAT_NAMA10_GDP,4.501542,1100965.9,EUROSTAT_GOV10A_MAIN,8.538421,strict,anchor_actual,EUROSTAT_GOV10A_MAIN,2012.0,94005.1,,,,,,,,A,,EUROSTAT_GOV10A_MAIN,2026-07-21,2026-09-03,current,,,,,,,False,False,False,20260919T115610Z,
FRA_R09_strict,FRA,ESA_REV,R09,1,Sales of goods and services,2013,2013,CY,96257.7,EUR,2120351.9,EUROSTAT_NAMA10_GDP,4.539704,1137646.2,EUROSTAT_GOV10A_MAIN,8.461128,strict,anchor_actual,EUROSTAT_GOV10A_MAIN,2013.0,96257.7,,,,,,,,A,,EUROSTAT_GOV10A_MAIN,2026-07-21,2026-09-03,current,,,,,,,False,False,False,20260919T115610Z,
FRA_R09_strict,FRA,ESA_REV,R09,1,Sales of goods and services,2014,2014,CY,97610.1,EUR,2153733.1,EUROSTAT_NAMA10_GDP,4.532135,1159145.1,EUROSTAT_GOV10A_MAIN,8.42087,strict,anchor_actual,EUROSTAT_GOV10A_MAIN,2014.0,97610.1,,,,,,,,A,,EUROSTAT_GOV10A_MAIN,2026-07-21,2026-09-03,current,,,,,,,False,False,False,20260919T115610Z,
FRA_R09_strict,FRA,ESA_REV,R09,1,Sales of goods and services,2015,2015,CY,98451.8,EUR,2201401.6,EUROSTAT_NAMA10_GDP,4.472233,1182326.8,EUROSTAT_GOV10A_MAIN,8.326953,strict,anchor_actual,EUROSTAT_GOV10A_MAIN,2015.0,98451.8,,,,,,,,A,,EUROSTAT_GOV10A_MAIN,2026-07-21,2026-09-03,current,,,,,,,False,False,False,20260919T115610Z,
FRA_R09_strict,FRA,ESA_REV,R09,1,Sales of goods and services,2016,2016,CY,97435.0,EUR,2231819.2,EUROSTAT_NAMA10_GDP,4.365721,1196622.9,EUROSTAT_GOV10A_MAIN,8.142498,strict,anchor_actual,EUROSTAT_GOV10A_MAIN,2016.0,97435.0,,,,,,,,A,,EUROSTAT_GOV10A_MAIN,2026-07-21,2026-09-03,current,,,,,,,False,False,False,20260919T115610Z,
FRA_R09_strict,FRA,ESA_REV,R09,1,Sales of goods and services,2017,2017,CY,101491.1,EUR,2291680.5,EUROSTAT_NAMA10_GDP,4.428676,1244386.9,EUROSTAT_GOV10A_MAIN,8.155912,strict,anchor_actual,EUROSTAT_GOV10A_MAIN,2017.0,101491.1,,,,,,,,A,,EUROSTAT_GOV10A_MAIN,2026-07-21,2026-09-03,current,,,,,,,False,False,False,20260919T115610Z,
FRA_R09_strict,FRA,ESA_REV,R09,1,Sales of goods and services,2018,2018,CY,102614.6,EUR,2355362.8,EUROSTAT_NAMA10_GDP,4.356637,1273016.1,EUROSTAT_GOV10A_MAIN,8.060746,strict,anchor_actual,EUROSTAT_GOV10A_MAIN,2018.0,102614.6,,,,,,,,A,,EUROSTAT_GOV10A_MAIN,2026-07-21,2026-09-03,current,,,,,,,False,False,False,20260919T115610Z,
FRA_R09_strict,FRA,ESA_REV,R09,1,Sales of goods and services,2019,2019,CY,105323.8,EUR,2432206.8,EUROSTAT_NAMA10_GDP,4.33038,1287929.2,EUROSTAT_GOV10A_MAIN,8.177763,strict,anchor_actual,EUROSTAT_GOV10A_MAIN,2019.0,105323.8,,,,,,,,A,,EUROSTAT_GOV10A_MAIN,2026-07-21,2026-09-03,current,,,,,,,False,False,False,20260919T115610Z,
FRA_R09_strict,FRA,ESA_REV,R09,1,Sales of goods and services,2020,2020,CY,98307.3,EUR,2318276.2,EUROSTAT_NAMA10_GDP,4.240534,1223272.6,EUROSTAT_GOV10A_MAIN,8.036418,strict,anchor_actual,EUROSTAT_GOV10A_MAIN,2020.0,98307.3,,,,,,,,A,,EUROSTAT_GOV10A_MAIN,2026-07-21,2026-09-03,current,,,,,,,False,False,False,20260919T115610Z,
FRA_R09_strict,FRA,ESA_REV,R09,1,Sales of goods and services,2021,2021,CY,106594.5,EUR,2508102.3,EUROSTAT_NAMA10_GDP,4.250006,1326231.8,EUROSTAT_GOV10A_MAIN,8.037396,strict,anchor_actual,EUROSTAT_GOV10A_MAIN,2021.0,106594.5,,,,,,,,A,,EUROSTAT_GOV10A_MAIN,2026-07-21,2026-09-03,current,,,,,,,False,False,False,20260919T115610Z,
FRA_R09_strict,FRA,ESA_REV,R09,1,Sales of goods and services,2022,2022,CY,113955.0,EUR,2653997.2,EUROSTAT_NAMA10_GDP,4.293712,1424435.6,EUROSTAT_GOV10A_MAIN,8.000011,strict,anchor_actual,EUROSTAT_GOV10A_MAIN,2022.0,113955.0,,,,,,,,A,,EUROSTAT_GOV10A_MAIN,2026-07-21,2026-09-03,current,,,,,,,False,False,False,20260919T115610Z,
FRA_R09_strict,FRA,ESA_REV,R09,1,Sales of goods and services,2023,2023,CY,119423.6,EUR,2833826.4,EUROSTAT_NAMA10_GDP,4.214217,1456350.5,EUROSTAT_GOV10A_MAIN,8.200196,strict,anchor_actual,EUROSTAT_GOV10A_MAIN,2023.0,119423.6,,,,,,,,A,,EUROSTAT_GOV10A_MAIN,2026-07-21,2026-09-03,current,,,,,,,False,False,False,20260919T115610Z,
FRA_R09_strict,FRA,ESA_REV,R09,1,Sales of goods and services,2024,2024,CY,126130.9,EUR,2935236.2,EUROSTAT_NAMA10_GDP,4.297129,1503590.1,EUROSTAT_GOV10A_MAIN,8.388649,strict,anchor_actual,EUROSTAT_GOV10A_MAIN,2024.0,126130.9,,,,,,,,A,,EUROSTAT_GOV10A_MAIN,2026-07-21,2026-09-03,current,,,,,,,False,False,False,20260919T115610Z,
FRA_R09_strict,FRA,ESA_REV,R09,1,Sales of goods and services,2025,2025,CY,129556.9,EUR,2991055.9,EUROSTAT_NAMA10_GDP,4.331477,1561626.1,EUROSTAT_GOV10A_MAIN,8.296282,strict,anchor_actual,EUROSTAT_GOV10A_MAIN,2025.0,129556.9,,,,,,,,A,,EUROSTAT_GOV10A_MAIN,2026-07-21,2026-09-03,current,,,,,,,False,False,False,20260919T115610Z,
FRA_R10_strict,FRA,ESA_REV,R10,1,Other current and capital transfers receivable,1995,1995,CY,13760.300000000001,EUR,1213802.4,EUROSTAT_NAMA10_GDP,1.133652,618331.7,EUROSTAT_GOV10A_MAIN,2.225391,strict,derived_actual,EUROSTAT_GOV10A_MAIN,1995.0,13760.300000000001,,,,,,,,A,,EUROSTAT_GOV10A_MAIN,2026-07-21,2026-09-03,current,,,,,,,False,False,False,20260919T115610Z,derived D.39 + D.7 + D.92 + D.99 resources
FRA_R10_strict,FRA,ESA_REV,R10,1,Other current and capital transfers receivable,1996,1996,CY,13909.9,EUR,1246973.7,EUROSTAT_NAMA10_GDP,1.115493,649939.5,EUROSTAT_GOV10A_MAIN,2.140184,strict,derived_actual,EUROSTAT_GOV10A_MAIN,1996.0,13909.9,,,,,,,,A,,EUROSTAT_GOV10A_MAIN,2026-07-21,2026-09-03,current,,,,,,,False,False,False,20260919T115610Z,derived D.39 + D.7 + D.92 + D.99 resources
FRA_R10_strict,FRA,ESA_REV,R10,1,Other current and capital transfers receivable,1997,1997,CY,10740.5,EUR,1289669.2,EUROSTAT_NAMA10_GDP,0.83281,668781.4,EUROSTAT_GOV10A_MAIN,1.605981,strict,derived_actual,EUROSTAT_GOV10A_MAIN,1997.0,10740.5,,,,,,,,A,,EUROSTAT_GOV10A_MAIN,2026-07-21,2026-09-03,current,,,,,,,False,False,False,20260919T115610Z,derived D.39 + D.7 + D.92 + D.99 resources
FRA_R10_strict,FRA,ESA_REV,R10,1,Other current and capital transfers receivable,1998,1998,CY,10293.400000000001,EUR,1346317.6,EUROSTAT_NAMA10_GDP,0.76456,694521.4,EUROSTAT_GOV10A_MAIN,1.482085,strict,derived_actual,EUROSTAT_GOV10A_MAIN,1998.0,10293.400000000001,,,,,,,,A,,EUROSTAT_GOV10A_MAIN,2026-07-21,2026-09-03,current,,,,,,,False,False,False,20260919T115610Z,derived D.39 + D.7 + D.92 + D.99 resources
FRA_R10_strict,FRA,ESA_REV,R10,1,Other current and capital transfers receivable,1999,1999,CY,9909.3,EUR,1395148.0,EUROSTAT_NAMA10_GDP,0.710269,727044.7,EUROSTAT_GOV10A_MAIN,1.362956,strict,derived_actual,EUROSTAT_GOV10A_MAIN,1999.0,9909.3,,,,,,,,A,,EUROSTAT_GOV10A_MAIN,2026-07-21,2026-09-03,current,,,,,,,False,False,False,20260919T115610Z,derived D.39 + D.7 + D.92 + D.99 resources
FRA_R10_strict,FRA,ESA_REV,R10,1,Other current and capital transfers receivable,2000,2000,CY,12763.0,EUR,1473517.3,EUROSTAT_NAMA10_GDP,0.866159,756006.5,EUROSTAT_GOV10A_MAIN,1.688213,strict,derived_actual,EUROSTAT_GOV10A_MAIN,2000.0,12763.0,,,,,,,,A,,EUROSTAT_GOV10A_MAIN,2026-07-21,2026-09-03,current,,,,,,,False,False,False,20260919T115610Z,derived D.39 + D.7 + D.92 + D.99 resources
FRA_R10_strict,FRA,ESA_REV,R10,1,Other current and capital transfers receivable,2001,2001,CY,12237.3,EUR,1530070.9,EUROSTAT_NAMA10_GDP,0.799786,786539.0,EUROSTAT_GOV10A_MAIN,1.555841,strict,derived_actual,EUROSTAT_GOV10A_MAIN,2001.0,12237.3,,,,,,,,A,,EUROSTAT_GOV10A_MAIN,2026-07-21,2026-09-03,current,,,,,,,False,False,False,20260919T115610Z,derived D.39 + D.7 + D.92 + D.99 resources
FRA_R10_strict,FRA,ESA_REV,R10,1,Other current and capital transfers receivable,2002,2002,CY,14332.8,EUR,1578330.4,EUROSTAT_NAMA10_GDP,0.908099,800986.5,EUROSTAT_GOV10A_MAIN,1.789393,strict,derived_actual,EUROSTAT_GOV10A_MAIN,2002.0,14332.8,,,,,,,,A,,EUROSTAT_GOV10A_MAIN,2026-07-21,2026-09-03,current,,,,,,,False,False,False,20260919T115610Z,derived D.39 + D.7 + D.92 + D.99 resources
FRA_R10_strict,FRA,ESA_REV,R10,1,Other current and capital transfers receivable,2003,2003,CY,14728.3,EUR,1622312.8,EUROSTAT_NAMA10_GDP,0.907858,815468.6,EUROSTAT_GOV10A_MAIN,1.806115,strict,derived_actual,EUROSTAT_GOV10A_MAIN,2003.0,14728.3,,,,,,,,A,,EUROSTAT_GOV10A_MAIN,2026-07-21,2026-09-03,current,,,,,,,False,False,False,20260919T115610Z,derived D.39 + D.7 + D.92 + D.99 resources
FRA_R10_strict,FRA,ESA_REV,R10,1,Other current and capital transfers receivable,2004,2004,CY,16664.0,EUR,1696107.7,EUROSTAT_NAMA10_GDP,0.982485,855606.6,EUROSTAT_GOV10A_MAIN,1.947624,strict,derived_actual,EUROSTAT_GOV10A_MAIN,2004.0,16664.0,,,,,,,,A,,EUROSTAT_GOV10A_MAIN,2026-07-21,2026-09-03,current,,,,,,,False,False,False,20260919T115610Z,derived D.39 + D.7 + D.92 + D.99 resources
FRA_R10_strict,FRA,ESA_REV,R10,1,Other current and capital transfers receivable,2005,2005,CY,16352.099999999999,EUR,1762047.7,EUROSTAT_NAMA10_GDP,0.928017,894341.1,EUROSTAT_GOV10A_MAIN,1.828396,strict,derived_actual,EUROSTAT_GOV10A_MAIN,2005.0,16352.099999999999,,,,,,,,A,,EUROSTAT_GOV10A_MAIN,2026-07-21,2026-09-03,current,,,,,,,False,False,False,20260919T115610Z,derived D.39 + D.7 + D.92 + D.99 resources
FRA_R10_strict,FRA,ESA_REV,R10,1,Other current and capital transfers receivable,2006,2006,CY,15629.9,EUR,1846020.8,EUROSTAT_NAMA10_GDP,0.846681,943178.2,EUROSTAT_GOV10A_MAIN,1.657152,strict,derived_actual,EUROSTAT_GOV10A_MAIN,2006.0,15629.9,,,,,,,,A,,EUROSTAT_GOV10A_MAIN,2026-07-21,2026-09-03,current,,,,,,,False,False,False,20260919T115610Z,derived D.39 + D.7 + D.92 + D.99 resources
FRA_R10_strict,FRA,ESA_REV,R10,1,Other current and capital transfers receivable,2007,2007,CY,14771.699999999999,EUR,1937876.3,EUROSTAT_NAMA10_GDP,0.762262,981351.9,EUROSTAT_GOV10A_MAIN,1.50524,strict,derived_actual,EUROSTAT_GOV10A_MAIN,2007.0,14771.699999999999,,,,,,,,A,,EUROSTAT_GOV10A_MAIN,2026-07-21,2026-09-03,current,,,,,,,False,False,False,20260919T115610Z,derived D.39 + D.7 + D.92 + D.99 resources
FRA_R10_strict,FRA,ESA_REV,R10,1,Other current and capital transfers receivable,2008,2008,CY,16862.8,EUR,1989999.7,EUROSTAT_NAMA10_GDP,0.847377,1010530.4,EUROSTAT_GOV10A_MAIN,1.668708,strict,derived_actual,EUROSTAT_GOV10A_MAIN,2008.0,16862.8,,,,,,,,A,,EUROSTAT_GOV10A_MAIN,2026-07-21,2026-09-03,current,,,,,,,False,False,False,20260919T115610Z,derived D.39 + D.7 + D.92 + D.99 resources
FRA_R10_strict,FRA,ESA_REV,R10,1,Other current and capital transfers receivable,2009,2009,CY,16328.599999999999,EUR,1935840.2,EUROSTAT_NAMA10_GDP,0.843489,979773.4,EUROSTAT_GOV10A_MAIN,1.666569,strict,derived_actual,EUROSTAT_GOV10A_MAIN,2009.0,16328.599999999999,,,,,,,,A,,EUROSTAT_GOV10A_MAIN,2026-07-21,2026-09-03,current,,,,,,,False,False,False,20260919T115610Z,derived D.39 + D.7 + D.92 + D.99 resources
FRA_R10_strict,FRA,ESA_REV,R10,1,Other current and capital transfers receivable,2010,2010,CY,14058.900000000001,EUR,1996075.1,EUROSTAT_NAMA10_GDP,0.704327,1009201.3,EUROSTAT_GOV10A_MAIN,1.393072,strict,derived_actual,EUROSTAT_GOV10A_MAIN,2010.0,14058.900000000001,,,,,,,,A,,EUROSTAT_GOV10A_MAIN,2026-07-21,2026-09-03,current,,,,,,,False,False,False,20260919T115610Z,derived D.39 + D.7 + D.92 + D.99 resources
FRA_R10_strict,FRA,ESA_REV,R10,1,Other current and capital transfers receivable,2011,2011,CY,16511.600000000002,EUR,2062141.4,EUROSTAT_NAMA10_GDP,0.800702,1066319.2,EUROSTAT_GOV10A_MAIN,1.548467,strict,derived_actual,EUROSTAT_GOV10A_MAIN,2011.0,16511.600000000002,,,,,,,,A,,EUROSTAT_GOV10A_MAIN,2026-07-21,2026-09-03,current,,,,,,,False,False,False,20260919T115610Z,derived D.39 + D.7 + D.92 + D.99 resources
FRA_R10_strict,FRA,ESA_REV,R10,1,Other current and capital transfers receivable,2012,2012,CY,14860.400000000001,EUR,2088286.7,EUROSTAT_NAMA10_GDP,0.711607,1100965.9,EUROSTAT_GOV10A_MAIN,1.34976,strict,derived_actual,EUROSTAT_GOV10A_MAIN,2012.0,14860.400000000001,,,,,,,,A,,EUROSTAT_GOV10A_MAIN,2026-07-21,2026-09-03,current,,,,,,,False,False,False,20260919T115610Z,derived D.39 + D.7 + D.92 + D.99 resources
FRA_R10_strict,FRA,ESA_REV,R10,1,Other current and capital transfers receivable,2013,2013,CY,15982.300000000001,EUR,2120351.9,EUROSTAT_NAMA10_GDP,0.753757,1137646.2,EUROSTAT_GOV10A_MAIN,1.404857,strict,derived_actual,EUROSTAT_GOV10A_MAIN,2013.0,15982.300000000001,,,,,,,,A,,EUROSTAT_GOV10A_MAIN,2026-07-21,2026-09-03,current,,,,,,,False,False,False,20260919T115610Z,derived D.39 + D.7 + D.92 + D.99 resources
FRA_R10_strict,FRA,ESA_REV,R10,1,Other current and capital transfers receivable,2014,2014,CY,16147.8,EUR,2153733.1,EUROSTAT_NAMA10_GDP,0.749759,1159145.1,EUROSTAT_GOV10A_MAIN,1.393078,strict,derived_actual,EUROSTAT_GOV10A_MAIN,2014.0,16147.8,,,,,,,,A,,EUROSTAT_GOV10A_MAIN,2026-07-21,2026-09-03,current,,,,,,,False,False,False,20260919T115610Z,derived D.39 + D.7 + D.92 + D.99 resources
FRA_R10_strict,FRA,ESA_REV,R10,1,Other current and capital transfers receivable,2015,2015,CY,15541.099999999999,EUR,2201401.6,EUROSTAT_NAMA10_GDP,0.705964,1182326.8,EUROSTAT_GOV10A_MAIN,1.31445,strict,derived_actual,EUROSTAT_GOV10A_MAIN,2015.0,15541.099999999999,,,,,,,,A,,EUROSTAT_GOV10A_MAIN,2026-07-21,2026-09-03,current,,,,,,,False,False,False,20260919T115610Z,derived D.39 + D.7 + D.92 + D.99 resources
FRA_R10_strict,FRA,ESA_REV,R10,1,Other current and capital transfers receivable,2016,2016,CY,18310.4,EUR,2231819.2,EUROSTAT_NAMA10_GDP,0.820425,1196622.9,EUROSTAT_GOV10A_MAIN,1.530173,strict,derived_actual,EUROSTAT_GOV10A_MAIN,2016.0,18310.4,,,,,,,,A,,EUROSTAT_GOV10A_MAIN,2026-07-21,2026-09-03,current,,,,,,,False,False,False,20260919T115610Z,derived D.39 + D.7 + D.92 + D.99 resources
FRA_R10_strict,FRA,ESA_REV,R10,1,Other current and capital transfers receivable,2017,2017,CY,15712.4,EUR,2291680.5,EUROSTAT_NAMA10_GDP,0.685628,1244386.9,EUROSTAT_GOV10A_MAIN,1.262662,strict,derived_actual,EUROSTAT_GOV10A_MAIN,2017.0,15712.4,,,,,,,,A,,EUROSTAT_GOV10A_MAIN,2026-07-21,2026-09-03,current,,,,,,,False,False,False,20260919T115610Z,derived D.39 + D.7 + D.92 + D.99 resources
FRA_R10_strict,FRA,ESA_REV,R10,1,Other current and capital transfers receivable,2018,2018,CY,16454.199999999997,EUR,2355362.8,EUROSTAT_NAMA10_GDP,0.698585,1273016.1,EUROSTAT_GOV10A_MAIN,1.292537,strict,derived_actual,EUROSTAT_GOV10A_MAIN,2018.0,16454.199999999997,,,,,,,,A,,EUROSTAT_GOV10A_MAIN,2026-07-21,2026-09-03,current,,,,,,,False,False,False,20260919T115610Z,derived D.39 + D.7 + D.92 + D.99 resources
FRA_R10_strict,FRA,ESA_REV,R10,1,Other current and capital transfers receivable,2019,2019,CY,17979.0,EUR,2432206.8,EUROSTAT_NAMA10_GDP,0.739205,1287929.2,EUROSTAT_GOV10A_MAIN,1.395962,strict,derived_actual,EUROSTAT_GOV10A_MAIN,2019.0,17979.0,,,,,,,,A,,EUROSTAT_GOV10A_MAIN,2026-07-21,2026-09-03,current,,,,,,,False,False,False,20260919T115610Z,derived D.39 + D.7 + D.92 + D.99 resources
FRA_R10_strict,FRA,ESA_REV,R10,1,Other current and capital transfers receivable,2020,2020,CY,11519.0,EUR,2318276.2,EUROSTAT_NAMA10_GDP,0.496878,1223272.6,EUROSTAT_GOV10A_MAIN,0.941654,strict,derived_actual,EUROSTAT_GOV10A_MAIN,2020.0,11519.0,,,,,,,,A,,EUROSTAT_GOV10A_MAIN,2026-07-21,2026-09-03,current,,,,,,,False,False,False,20260919T115610Z,derived D.39 + D.7 + D.92 + D.99 resources
FRA_R10_strict,FRA,ESA_REV,R10,1,Other current and capital transfers receivable,2021,2021,CY,28457.0,EUR,2508102.3,EUROSTAT_NAMA10_GDP,1.134603,1326231.8,EUROSTAT_GOV10A_MAIN,2.145703,strict,derived_actual,EUROSTAT_GOV10A_MAIN,2021.0,28457.0,,,,,,,,A,,EUROSTAT_GOV10A_MAIN,2026-07-21,2026-09-03,current,,,,,,,False,False,False,20260919T115610Z,derived D.39 + D.7 + D.92 + D.99 resources
FRA_R10_strict,FRA,ESA_REV,R10,1,Other current and capital transfers receivable,2022,2022,CY,32296.0,EUR,2653997.2,EUROSTAT_NAMA10_GDP,1.216881,1424435.6,EUROSTAT_GOV10A_MAIN,2.267284,strict,derived_actual,EUROSTAT_GOV10A_MAIN,2022.0,32296.0,,,,,,,,A,,EUROSTAT_GOV10A_MAIN,2026-07-21,2026-09-03,current,,,,,,,False,False,False,20260919T115610Z,derived D.39 + D.7 + D.92 + D.99 resources
FRA_R10_strict,FRA,ESA_REV,R10,1,Other current and capital transfers receivable,2023,2023,CY,28637.0,EUR,2833826.4,EUROSTAT_NAMA10_GDP,1.010542,1456350.5,EUROSTAT_GOV10A_MAIN,1.966354,strict,derived_actual,EUROSTAT_GOV10A_MAIN,2023.0,28637.0,,,,,,,,A,,EUROSTAT_GOV10A_MAIN,2026-07-21,2026-09-03,current,,,,,,,False,False,False,20260919T115610Z,derived D.39 + D.7 + D.92 + D.99 resources
FRA_R10_strict,FRA,ESA_REV,R10,1,Other current and capital transfers receivable,2024,2024,CY,28341.0,EUR,2935236.2,EUROSTAT_NAMA10_GDP,0.965544,1503590.1,EUROSTAT_GOV10A_MAIN,1.884889,strict,derived_actual,EUROSTAT_GOV10A_MAIN,2024.0,28341.0,,,,,,,,A,,EUROSTAT_GOV10A_MAIN,2026-07-21,2026-09-03,current,,,,,,,False,False,False,20260919T115610Z,derived D.39 + D.7 + D.92 + D.99 resources
FRA_R10_strict,FRA,ESA_REV,R10,1,Other current and capital transfers receivable,2025,2025,CY,27925.0,EUR,2991055.9,EUROSTAT_NAMA10_GDP,0.933617,1561626.1,EUROSTAT_GOV10A_MAIN,1.7882,strict,derived_actual,EUROSTAT_GOV10A_MAIN,2025.0,27925.0,,,,,,,,A,,EUROSTAT_GOV10A_MAIN,2026-07-21,2026-09-03,current,,,,,,,False,False,False,20260919T115610Z,derived D.39 + D.7 + D.92 + D.99 resources
FRA_TR_strict,FRA,ESA_REV,TR,total,Total revenue,1995,1995,CY,618331.7,EUR,1213802.4,EUROSTAT_NAMA10_GDP,50.94171,,EUROSTAT_GOV10A_MAIN,,strict,anchor_actual,EUROSTAT_GOV10A_MAIN,1995.0,618331.7,,,,,,,,A,,EUROSTAT_GOV10A_MAIN,2026-07-21,2026-09-03,current,,,,,,,False,False,False,20260919T115610Z,
FRA_TR_strict,FRA,ESA_REV,TR,total,Total revenue,1996,1996,CY,649939.5,EUR,1246973.7,EUROSTAT_NAMA10_GDP,52.121348,,EUROSTAT_GOV10A_MAIN,,strict,anchor_actual,EUROSTAT_GOV10A_MAIN,1996.0,649939.5,,,,,,,,A,,EUROSTAT_GOV10A_MAIN,2026-07-21,2026-09-03,current,,,,,,,False,False,False,20260919T115610Z,
FRA_TR_strict,FRA,ESA_REV,TR,total,Total revenue,1997,1997,CY,668781.4,EUR,1289669.2,EUROSTAT_NAMA10_GDP,51.856817,,EUROSTAT_GOV10A_MAIN,,strict,anchor_actual,EUROSTAT_GOV10A_MAIN,1997.0,668781.4,,,,,,,,A,,EUROSTAT_GOV10A_MAIN,2026-07-21,2026-09-03,current,,,,,,,False,False,False,20260919T115610Z,
FRA_TR_strict,FRA,ESA_REV,TR,total,Total revenue,1998,1998,CY,694521.4,EUR,1346317.6,EUROSTAT_NAMA10_GDP,51.586743,,EUROSTAT_GOV10A_MAIN,,strict,anchor_actual,EUROSTAT_GOV10A_MAIN,1998.0,694521.4,,,,,,,,A,,EUROSTAT_GOV10A_MAIN,2026-07-21,2026-09-03,current,,,,,,,False,False,False,20260919T115610Z,
FRA_TR_strict,FRA,ESA_REV,TR,total,Total revenue,1999,1999,CY,727044.7,EUR,1395148.0,EUROSTAT_NAMA10_GDP,52.112371,,EUROSTAT_GOV10A_MAIN,,strict,anchor_actual,EUROSTAT_GOV10A_MAIN,1999.0,727044.7,,,,,,,,A,,EUROSTAT_GOV10A_MAIN,2026-07-21,2026-09-03,current,,,,,,,False,False,False,20260919T115610Z,
FRA_TR_strict,FRA,ESA_REV,TR,total,Total revenue,2000,2000,CY,756006.5,EUR,1473517.3,EUROSTAT_NAMA10_GDP,51.306252,,EUROSTAT_GOV10A_MAIN,,strict,anchor_actual,EUROSTAT_GOV10A_MAIN,2000.0,756006.5,,,,,,,,A,,EUROSTAT_GOV10A_MAIN,2026-07-21,2026-09-03,current,,,,,,,False,False,False,20260919T115610Z,
FRA_TR_strict,FRA,ESA_REV,TR,total,Total revenue,2001,2001,CY,786539.0,EUR,1530070.9,EUROSTAT_NAMA10_GDP,51.405396,,EUROSTAT_GOV10A_MAIN,,strict,anchor_actual,EUROSTAT_GOV10A_MAIN,2001.0,786539.0,,,,,,,,A,,EUROSTAT_GOV10A_MAIN,2026-07-21,2026-09-03,current,,,,,,,False,False,False,20260919T115610Z,
FRA_TR_strict,FRA,ESA_REV,TR,total,Total revenue,2002,2002,CY,800986.5,EUR,1578330.4,EUROSTAT_NAMA10_GDP,50.748975,,EUROSTAT_GOV10A_MAIN,,strict,anchor_actual,EUROSTAT_GOV10A_MAIN,2002.0,800986.5,,,,,,,,A,,EUROSTAT_GOV10A_MAIN,2026-07-21,2026-09-03,current,,,,,,,False,False,False,20260919T115610Z,
FRA_TR_strict,FRA,ESA_REV,TR,total,Total revenue,2003,2003,CY,815468.6,EUR,1622312.8,EUROSTAT_NAMA10_GDP,50.265806,,EUROSTAT_GOV10A_MAIN,,strict,anchor_actual,EUROSTAT_GOV10A_MAIN,2003.0,815468.6,,,,,,,,A,,EUROSTAT_GOV10A_MAIN,2026-07-21,2026-09-03,current,,,,,,,False,False,False,20260919T115610Z,
FRA_TR_strict,FRA,ESA_REV,TR,total,Total revenue,2004,2004,CY,855606.6,EUR,1696107.7,EUROSTAT_NAMA10_GDP,50.445299,,EUROSTAT_GOV10A_MAIN,,strict,anchor_actual,EUROSTAT_GOV10A_MAIN,2004.0,855606.6,,,,,,,,A,,EUROSTAT_GOV10A_MAIN,2026-07-21,2026-09-03,current,,,,,,,False,False,False,20260919T115610Z,
FRA_TR_strict,FRA,ESA_REV,TR,total,Total revenue,2005,2005,CY,894341.1,EUR,1762047.7,EUROSTAT_NAMA10_GDP,50.755783,,EUROSTAT_GOV10A_MAIN,,strict,anchor_actual,EUROSTAT_GOV10A_MAIN,2005.0,894341.1,,,,,,,,A,,EUROSTAT_GOV10A_MAIN,2026-07-21,2026-09-03,current,,,,,,,False,False,False,20260919T115610Z,
FRA_TR_strict,FRA,ESA_REV,TR,total,Total revenue,2006,2006,CY,943178.2,EUR,1846020.8,EUROSTAT_NAMA10_GDP,51.092501,,EUROSTAT_GOV10A_MAIN,,strict,anchor_actual,EUROSTAT_GOV10A_MAIN,2006.0,943178.2,,,,,,,,A,,EUROSTAT_GOV10A_MAIN,2026-07-21,2026-09-03,current,,,,,,,False,False,False,20260919T115610Z,
FRA_TR_strict,FRA,ESA_REV,TR,total,Total revenue,2007,2007,CY,981351.9,EUR,1937876.3,EUROSTAT_NAMA10_GDP,50.640585,,EUROSTAT_GOV10A_MAIN,,strict,anchor_actual,EUROSTAT_GOV10A_MAIN,2007.0,981351.9,,,,,,,,A,,EUROSTAT_GOV10A_MAIN,2026-07-21,2026-09-03,current,,,,,,,False,False,False,20260919T115610Z,
FRA_TR_strict,FRA,ESA_REV,TR,total,Total revenue,2008,2008,CY,1010530.4,EUR,1989999.7,EUROSTAT_NAMA10_GDP,50.78043,,EUROSTAT_GOV10A_MAIN,,strict,anchor_actual,EUROSTAT_GOV10A_MAIN,2008.0,1010530.4,,,,,,,,A,,EUROSTAT_GOV10A_MAIN,2026-07-21,2026-09-03,current,,,,,,,False,False,False,20260919T115610Z,
FRA_TR_strict,FRA,ESA_REV,TR,total,Total revenue,2009,2009,CY,979773.4,EUR,1935840.2,EUROSTAT_NAMA10_GDP,50.612308,,EUROSTAT_GOV10A_MAIN,,strict,anchor_actual,EUROSTAT_GOV10A_MAIN,2009.0,979773.4,,,,,,,,A,,EUROSTAT_GOV10A_MAIN,2026-07-21,2026-09-03,current,,,,,,,False,False,False,20260919T115610Z,
FRA_TR_strict,FRA,ESA_REV,TR,total,Total revenue,2010,2010,CY,1009201.3,EUR,1996075.1,EUROSTAT_NAMA10_GDP,50.559285,,EUROSTAT_GOV10A_MAIN,,strict,anchor_actual,EUROSTAT_GOV10A_MAIN,2010.0,1009201.3,,,,,,,,A,,EUROSTAT_GOV10A_MAIN,2026-07-21,2026-09-03,current,,,,,,,False,False,False,20260919T115610Z,
FRA_TR_strict,FRA,ESA_REV,TR,total,Total revenue,2011,2011,CY,1066319.2,EUR,2062141.4,EUROSTAT_NAMA10_GDP,51.709315,,EUROSTAT_GOV10A_MAIN,,strict,anchor_actual,EUROSTAT_GOV10A_MAIN,2011.0,1066319.2,,,,,,,,A,,EUROSTAT_GOV10A_MAIN,2026-07-21,2026-09-03,current,,,,,,,False,False,False,20260919T115610Z,
FRA_TR_strict,FRA,ESA_REV,TR,total,Total revenue,2012,2012,CY,1100965.9,EUR,2088286.7,EUROSTAT_NAMA10_GDP,52.721013,,EUROSTAT_GOV10A_MAIN,,strict,anchor_actual,EUROSTAT_GOV10A_MAIN,2012.0,1100965.9,,,,,,,,A,,EUROSTAT_GOV10A_MAIN,2026-07-21,2026-09-03,current,,,,,,,False,False,False,20260919T115610Z,
FRA_TR_strict,FRA,ESA_REV,TR,total,Total revenue,2013,2013,CY,1137646.2,EUR,2120351.9,EUROSTAT_NAMA10_GDP,53.653651,,EUROSTAT_GOV10A_MAIN,,strict,anchor_actual,EUROSTAT_GOV10A_MAIN,2013.0,1137646.2,,,,,,,,A,,EUROSTAT_GOV10A_MAIN,2026-07-21,2026-09-03,current,,,,,,,False,False,False,20260919T115610Z,
FRA_TR_strict,FRA,ESA_REV,TR,total,Total revenue,2014,2014,CY,1159145.1,EUR,2153733.1,EUROSTAT_NAMA10_GDP,53.820276,,EUROSTAT_GOV10A_MAIN,,strict,anchor_actual,EUROSTAT_GOV10A_MAIN,2014.0,1159145.1,,,,,,,,A,,EUROSTAT_GOV10A_MAIN,2026-07-21,2026-09-03,current,,,,,,,False,False,False,20260919T115610Z,
FRA_TR_strict,FRA,ESA_REV,TR,total,Total revenue,2015,2015,CY,1182326.8,EUR,2201401.6,EUROSTAT_NAMA10_GDP,53.70791,,EUROSTAT_GOV10A_MAIN,,strict,anchor_actual,EUROSTAT_GOV10A_MAIN,2015.0,1182326.8,,,,,,,,A,,EUROSTAT_GOV10A_MAIN,2026-07-21,2026-09-03,current,,,,,,,False,False,False,20260919T115610Z,
FRA_TR_strict,FRA,ESA_REV,TR,total,Total revenue,2016,2016,CY,1196622.9,EUR,2231819.2,EUROSTAT_NAMA10_GDP,53.61648,,EUROSTAT_GOV10A_MAIN,,strict,anchor_actual,EUROSTAT_GOV10A_MAIN,2016.0,1196622.9,,,,,,,,A,,EUROSTAT_GOV10A_MAIN,2026-07-21,2026-09-03,current,,,,,,,False,False,False,20260919T115610Z,
FRA_TR_strict,FRA,ESA_REV,TR,total,Total revenue,2017,2017,CY,1244386.9,EUR,2291680.5,EUROSTAT_NAMA10_GDP,54.300191,,EUROSTAT_GOV10A_MAIN,,strict,anchor_actual,EUROSTAT_GOV10A_MAIN,2017.0,1244386.9,,,,,,,,A,,EUROSTAT_GOV10A_MAIN,2026-07-21,2026-09-03,current,,,,,,,False,False,False,20260919T115610Z,
FRA_TR_strict,FRA,ESA_REV,TR,total,Total revenue,2018,2018,CY,1273016.1,EUR,2355362.8,EUROSTAT_NAMA10_GDP,54.047559,,EUROSTAT_GOV10A_MAIN,,strict,anchor_actual,EUROSTAT_GOV10A_MAIN,2018.0,1273016.1,,,,,,,,A,,EUROSTAT_GOV10A_MAIN,2026-07-21,2026-09-03,current,,,,,,,False,False,False,20260919T115610Z,
FRA_TR_strict,FRA,ESA_REV,TR,total,Total revenue,2019,2019,CY,1287929.2,EUR,2432206.8,EUROSTAT_NAMA10_GDP,52.953112,,EUROSTAT_GOV10A_MAIN,,strict,anchor_actual,EUROSTAT_GOV10A_MAIN,2019.0,1287929.2,,,,,,,,A,,EUROSTAT_GOV10A_MAIN,2026-07-21,2026-09-03,current,,,,,,,False,False,False,20260919T115610Z,
FRA_TR_strict,FRA,ESA_REV,TR,total,Total revenue,2020,2020,CY,1223272.6,EUR,2318276.2,EUROSTAT_NAMA10_GDP,52.766474,,EUROSTAT_GOV10A_MAIN,,strict,anchor_actual,EUROSTAT_GOV10A_MAIN,2020.0,1223272.6,,,,,,,,A,,EUROSTAT_GOV10A_MAIN,2026-07-21,2026-09-03,current,,,,,,,False,False,False,20260919T115610Z,
FRA_TR_strict,FRA,ESA_REV,TR,total,Total revenue,2021,2021,CY,1326231.8,EUR,2508102.3,EUROSTAT_NAMA10_GDP,52.877899,,EUROSTAT_GOV10A_MAIN,,strict,anchor_actual,EUROSTAT_GOV10A_MAIN,2021.0,1326231.8,,,,,,,,A,,EUROSTAT_GOV10A_MAIN,2026-07-21,2026-09-03,current,,,,,,,False,False,False,20260919T115610Z,
FRA_TR_strict,FRA,ESA_REV,TR,total,Total revenue,2022,2022,CY,1424435.6,EUR,2653997.2,EUROSTAT_NAMA10_GDP,53.67133,,EUROSTAT_GOV10A_MAIN,,strict,anchor_actual,EUROSTAT_GOV10A_MAIN,2022.0,1424435.6,,,,,,,,A,,EUROSTAT_GOV10A_MAIN,2026-07-21,2026-09-03,current,,,,,,,False,False,False,20260919T115610Z,
FRA_TR_strict,FRA,ESA_REV,TR,total,Total revenue,2023,2023,CY,1456350.5,EUR,2833826.4,EUROSTAT_NAMA10_GDP,51.391663,,EUROSTAT_GOV10A_MAIN,,strict,anchor_actual,EUROSTAT_GOV10A_MAIN,2023.0,1456350.5,,,,,,,,A,,EUROSTAT_GOV10A_MAIN,2026-07-21,2026-09-03,current,,,,,,,False,False,False,20260919T115610Z,
FRA_TR_strict,FRA,ESA_REV,TR,total,Total revenue,2024,2024,CY,1503590.1,EUR,2935236.2,EUROSTAT_NAMA10_GDP,51.225523,,EUROSTAT_GOV10A_MAIN,,strict,anchor_actual,EUROSTAT_GOV10A_MAIN,2024.0,1503590.1,,,,,,,,A,,EUROSTAT_GOV10A_MAIN,2026-07-21,2026-09-03,current,,,,,,,False,False,False,20260919T115610Z,
FRA_TR_strict,FRA,ESA_REV,TR,total,Total revenue,2025,2025,CY,1561626.1,EUR,2991055.9,EUROSTAT_NAMA10_GDP,52.20986,,EUROSTAT_GOV10A_MAIN,,strict,anchor_actual,EUROSTAT_GOV10A_MAIN,2025.0,1561626.1,,,,,,,,A,,EUROSTAT_GOV10A_MAIN,2026-07-21,2026-09-03,current,,,,,,,False,False,False,20260919T115610Z,
FRA_R02_A_strict,FRA,ESA_REV,R02_A,2,Excise duties,1995,1995,CY,32928.0,EUR,1213802.4,EUROSTAT_NAMA10_GDP,2.712797,618331.7,EUROSTAT_GOV10A_MAIN,5.325297,strict,anchor_actual,EUROSTAT_GOV10A_TAXAG,1995.0,32928.0,,,,,,,,A,,EUROSTAT_GOV10A_TAXAG,2026-07-21,2026-09-03,current,,,,,34813.780999999995,5.727,False,False,False,20260919T115610Z,"gov_10a_taxag D214A + D2122C (detail table; the parent comes from gov_10a_main, so any drift lands in the remainder, D-S1-002)"
FRA_R02_A_strict,FRA,ESA_REV,R02_A,2,Excise duties,1996,1996,CY,33962.0,EUR,1246973.7,EUROSTAT_NAMA10_GDP,2.723554,649939.5,EUROSTAT_GOV10A_MAIN,5.225409,strict,anchor_actual,EUROSTAT_GOV10A_TAXAG,1996.0,33962.0,,,,,,,,A,,EUROSTAT_GOV10A_TAXAG,2026-07-21,2026-09-03,current,,,,,36202.945,6.5984,False,False,False,20260919T115610Z,"gov_10a_taxag D214A + D2122C (detail table; the parent comes from gov_10a_main, so any drift lands in the remainder, D-S1-002)"
FRA_R02_A_strict,FRA,ESA_REV,R02_A,2,Excise duties,1997,1997,CY,34883.0,EUR,1289669.2,EUROSTAT_NAMA10_GDP,2.704802,668781.4,EUROSTAT_GOV10A_MAIN,5.215905,strict,anchor_actual,EUROSTAT_GOV10A_TAXAG,1997.0,34883.0,,,,,,,,A,,EUROSTAT_GOV10A_TAXAG,2026-07-21,2026-09-03,current,,,,,36421.709,4.4111,False,False,False,20260919T115610Z,"gov_10a_taxag D214A + D2122C (detail table; the parent comes from gov_10a_main, so any drift lands in the remainder, D-S1-002)"
FRA_R02_A_strict,FRA,ESA_REV,R02_A,2,Excise duties,1998,1998,CY,36222.0,EUR,1346317.6,EUROSTAT_NAMA10_GDP,2.69045,694521.4,EUROSTAT_GOV10A_MAIN,5.21539,strict,anchor_actual,EUROSTAT_GOV10A_TAXAG,1998.0,36222.0,,,,,,,,A,,EUROSTAT_GOV10A_TAXAG,2026-07-21,2026-09-03,current,,,,,37943.93,4.7538,False,False,False,20260919T115610Z,"gov_10a_taxag D214A + D2122C (detail table; the parent comes from gov_10a_main, so any drift lands in the remainder, D-S1-002)"
FRA_R02_A_strict,FRA,ESA_REV,R02_A,2,Excise duties,1999,1999,CY,36966.0,EUR,1395148.0,EUROSTAT_NAMA10_GDP,2.649611,727044.7,EUROSTAT_GOV10A_MAIN,5.084419,strict,anchor_actual,EUROSTAT_GOV10A_TAXAG,1999.0,36966.0,,,,,,,,A,,EUROSTAT_GOV10A_TAXAG,2026-07-21,2026-09-03,current,,,,,38899.449,5.2303,False,False,False,20260919T115610Z,"gov_10a_taxag D214A + D2122C (detail table; the parent comes from gov_10a_main, so any drift lands in the remainder, D-S1-002)"
FRA_R02_A_strict,FRA,ESA_REV,R02_A,2,Excise duties,2000,2000,CY,37539.0,EUR,1473517.3,EUROSTAT_NAMA10_GDP,2.547578,756006.5,EUROSTAT_GOV10A_MAIN,4.965433,strict,anchor_actual,EUROSTAT_GOV10A_TAXAG,2000.0,37539.0,,,,,,,,A,,EUROSTAT_GOV10A_TAXAG,2026-07-21,2026-09-03,current,,,,,39707.659,5.7771,False,False,False,20260919T115610Z,"gov_10a_taxag D214A + D2122C (detail table; the parent comes from gov_10a_main, so any drift lands in the remainder, D-S1-002)"
FRA_R02_A_strict,FRA,ESA_REV,R02_A,2,Excise duties,2001,2001,CY,37379.0,EUR,1530070.9,EUROSTAT_NAMA10_GDP,2.442959,786539.0,EUROSTAT_GOV10A_MAIN,4.752339,strict,anchor_actual,EUROSTAT_GOV10A_TAXAG,2001.0,37379.0,,,,,,,,A,,EUROSTAT_GOV10A_TAXAG,2026-07-21,2026-09-03,current,,,,,39643.003,6.0569,False,False,False,20260919T115610Z,"gov_10a_taxag D214A + D2122C (detail table; the parent comes from gov_10a_main, so any drift lands in the remainder, D-S1-002)"
FRA_R02_A_strict,FRA,ESA_REV,R02_A,2,Excise duties,2002,2002,CY,40350.0,EUR,1578330.4,EUROSTAT_NAMA10_GDP,2.556499,800986.5,EUROSTAT_GOV10A_MAIN,5.037538,strict,anchor_actual,EUROSTAT_GOV10A_TAXAG,2002.0,40350.0,,,,,,,,A,,EUROSTAT_GOV10A_TAXAG,2026-07-21,2026-09-03,current,,,,,42666.215000000004,5.7403,False,False,False,20260919T115610Z,"gov_10a_taxag D214A + D2122C (detail table; the parent comes from gov_10a_main, so any drift lands in the remainder, D-S1-002)"
FRA_R02_A_strict,FRA,ESA_REV,R02_A,2,Excise duties,2003,2003,CY,40165.0,EUR,1622312.8,EUROSTAT_NAMA10_GDP,2.475786,815468.6,EUROSTAT_GOV10A_MAIN,4.925389,strict,anchor_actual,EUROSTAT_GOV10A_TAXAG,2003.0,40165.0,,,,,,,,A,,EUROSTAT_GOV10A_TAXAG,2026-07-21,2026-09-03,current,,,,,42298.492000000006,5.3118,False,False,False,20260919T115610Z,"gov_10a_taxag D214A + D2122C (detail table; the parent comes from gov_10a_main, so any drift lands in the remainder, D-S1-002)"
FRA_R02_A_strict,FRA,ESA_REV,R02_A,2,Excise duties,2004,2004,CY,41293.0,EUR,1696107.7,EUROSTAT_NAMA10_GDP,2.434574,855606.6,EUROSTAT_GOV10A_MAIN,4.826167,strict,anchor_actual,EUROSTAT_GOV10A_TAXAG,2004.0,41293.0,,,,,,,,A,,EUROSTAT_GOV10A_TAXAG,2026-07-21,2026-09-03,current,,,,,43451.275,5.2267,False,False,False,20260919T115610Z,"gov_10a_taxag D214A + D2122C (detail table; the parent comes from gov_10a_main, so any drift lands in the remainder, D-S1-002)"
FRA_R02_A_strict,FRA,ESA_REV,R02_A,2,Excise duties,2005,2005,CY,41073.0,EUR,1762047.7,EUROSTAT_NAMA10_GDP,2.330981,894341.1,EUROSTAT_GOV10A_MAIN,4.592543,strict,anchor_actual,EUROSTAT_GOV10A_TAXAG,2005.0,41073.0,,,,,,,,A,,EUROSTAT_GOV10A_TAXAG,2026-07-21,2026-09-03,current,,,,,43542.834,6.0133,False,False,False,20260919T115610Z,"gov_10a_taxag D214A + D2122C (detail table; the parent comes from gov_10a_main, so any drift lands in the remainder, D-S1-002)"
FRA_R02_A_strict,FRA,ESA_REV,R02_A,2,Excise duties,2006,2006,CY,42307.0,EUR,1846020.8,EUROSTAT_NAMA10_GDP,2.291794,943178.2,EUROSTAT_GOV10A_MAIN,4.485579,strict,anchor_actual,EUROSTAT_GOV10A_TAXAG,2006.0,42307.0,,,,,,,,A,,EUROSTAT_GOV10A_TAXAG,2026-07-21,2026-09-03,current,,,,,45108.325,6.6214,False,False,False,20260919T115610Z,"gov_10a_taxag D214A + D2122C (detail table; the parent comes from gov_10a_main, so any drift lands in the remainder, D-S1-002)"
FRA_R02_A_strict,FRA,ESA_REV,R02_A,2,Excise duties,2007,2007,CY,41798.0,EUR,1937876.3,EUROSTAT_NAMA10_GDP,2.156897,981351.9,EUROSTAT_GOV10A_MAIN,4.259226,strict,anchor_actual,EUROSTAT_GOV10A_TAXAG,2007.0,41798.0,,,,,,,,A,,EUROSTAT_GOV10A_TAXAG,2026-07-21,2026-09-03,current,,,,,44321.57,6.0375,False,False,False,20260919T115610Z,"gov_10a_taxag D214A + D2122C (detail table; the parent comes from gov_10a_main, so any drift lands in the remainder, D-S1-002)"
FRA_R02_A_strict,FRA,ESA_REV,R02_A,2,Excise duties,2008,2008,CY,41847.0,EUR,1989999.7,EUROSTAT_NAMA10_GDP,2.102865,1010530.4,EUROSTAT_GOV10A_MAIN,4.141093,strict,anchor_actual,EUROSTAT_GOV10A_TAXAG,2008.0,41847.0,,,,,,,,A,,EUROSTAT_GOV10A_TAXAG,2026-07-21,2026-09-03,current,,,,,44562.761,6.4897,False,False,False,20260919T115610Z,"gov_10a_taxag D214A + D2122C (detail table; the parent comes from gov_10a_main, so any drift lands in the remainder, D-S1-002)"
FRA_R02_A_strict,FRA,ESA_REV,R02_A,2,Excise duties,2009,2009,CY,42266.0,EUR,1935840.2,EUROSTAT_NAMA10_GDP,2.183341,979773.4,EUROSTAT_GOV10A_MAIN,4.313855,strict,anchor_actual,EUROSTAT_GOV10A_TAXAG,2009.0,42266.0,,,,,,,,A,,EUROSTAT_GOV10A_TAXAG,2026-07-21,2026-09-03,current,,,,,44808.009,6.0143,False,False,False,20260919T115610Z,"gov_10a_taxag D214A + D2122C (detail table; the parent comes from gov_10a_main, so any drift lands in the remainder, D-S1-002)"
FRA_R02_A_strict,FRA,ESA_REV,R02_A,2,Excise duties,2010,2010,CY,43535.0,EUR,1996075.1,EUROSTAT_NAMA10_GDP,2.18103,1009201.3,EUROSTAT_GOV10A_MAIN,4.313807,strict,anchor_actual,EUROSTAT_GOV10A_TAXAG,2010.0,43535.0,,,,,,,,A,,EUROSTAT_GOV10A_TAXAG,2026-07-21,2026-09-03,current,,,,,45916.066,5.4693,False,False,False,20260919T115610Z,"gov_10a_taxag D214A + D2122C (detail table; the parent comes from gov_10a_main, so any drift lands in the remainder, D-S1-002)"
FRA_R02_A_strict,FRA,ESA_REV,R02_A,2,Excise duties,2011,2011,CY,45933.0,EUR,2062141.4,EUROSTAT_NAMA10_GDP,2.227442,1066319.2,EUROSTAT_GOV10A_MAIN,4.307622,strict,anchor_actual,EUROSTAT_GOV10A_TAXAG,2011.0,45933.0,,,,,,,,A,,EUROSTAT_GOV10A_TAXAG,2026-07-21,2026-09-03,current,,,,,48720.72,6.0691,False,False,False,20260919T115610Z,"gov_10a_taxag D214A + D2122C (detail table; the parent comes from gov_10a_main, so any drift lands in the remainder, D-S1-002)"
FRA_R02_A_strict,FRA,ESA_REV,R02_A,2,Excise duties,2012,2012,CY,47186.0,EUR,2088286.7,EUROSTAT_NAMA10_GDP,2.259556,1100965.9,EUROSTAT_GOV10A_MAIN,4.285873,strict,anchor_actual,EUROSTAT_GOV10A_TAXAG,2012.0,47186.0,,,,,,,,A,,EUROSTAT_GOV10A_TAXAG,2026-07-21,2026-09-03,current,,,,,50129.880999999994,6.2389,False,False,False,20260919T115610Z,"gov_10a_taxag D214A + D2122C (detail table; the parent comes from gov_10a_main, so any drift lands in the remainder, D-S1-002)"
FRA_R02_A_strict,FRA,ESA_REV,R02_A,2,Excise duties,2013,2013,CY,49853.0,EUR,2120351.9,EUROSTAT_NAMA10_GDP,2.351166,1137646.2,EUROSTAT_GOV10A_MAIN,4.382118,strict,anchor_actual,EUROSTAT_GOV10A_TAXAG,2013.0,49853.0,,,,,,,,A,,EUROSTAT_GOV10A_TAXAG,2026-07-21,2026-09-03,current,,,,,52622.3,5.5549,False,False,False,20260919T115610Z,"gov_10a_taxag D214A + D2122C (detail table; the parent comes from gov_10a_main, so any drift lands in the remainder, D-S1-002)"
FRA_R02_A_strict,FRA,ESA_REV,R02_A,2,Excise duties,2014,2014,CY,50246.0,EUR,2153733.1,EUROSTAT_NAMA10_GDP,2.332972,1159145.1,EUROSTAT_GOV10A_MAIN,4.334746,strict,anchor_actual,EUROSTAT_GOV10A_TAXAG,2014.0,50246.0,,,,,,,,A,,EUROSTAT_GOV10A_TAXAG,2026-07-21,2026-09-03,current,,,,,53578.848999999995,6.6331,False,False,False,20260919T115610Z,"gov_10a_taxag D214A + D2122C (detail table; the parent comes from gov_10a_main, so any drift lands in the remainder, D-S1-002)"
FRA_R02_A_strict,FRA,ESA_REV,R02_A,2,Excise duties,2015,2015,CY,54350.0,EUR,2201401.6,EUROSTAT_NAMA10_GDP,2.468882,1182326.8,EUROSTAT_GOV10A_MAIN,4.596868,strict,anchor_actual,EUROSTAT_GOV10A_TAXAG,2015.0,54350.0,,,,,,,,A,,EUROSTAT_GOV10A_TAXAG,2026-07-21,2026-09-03,current,,,,,57219.607,5.2799,False,False,False,20260919T115610Z,"gov_10a_taxag D214A + D2122C (detail table; the parent comes from gov_10a_main, so any drift lands in the remainder, D-S1-002)"
FRA_R02_A_strict,FRA,ESA_REV,R02_A,2,Excise duties,2016,2016,CY,56826.0,EUR,2231819.2,EUROSTAT_NAMA10_GDP,2.546174,1196622.9,EUROSTAT_GOV10A_MAIN,4.748864,strict,anchor_actual,EUROSTAT_GOV10A_TAXAG,2016.0,56826.0,,,,,,,,A,,EUROSTAT_GOV10A_TAXAG,2026-07-21,2026-09-03,current,,,,,59549.454,4.7926,False,False,False,20260919T115610Z,"gov_10a_taxag D214A + D2122C (detail table; the parent comes from gov_10a_main, so any drift lands in the remainder, D-S1-002)"
FRA_R02_A_strict,FRA,ESA_REV,R02_A,2,Excise duties,2017,2017,CY,59857.0,EUR,2291680.5,EUROSTAT_NAMA10_GDP,2.611926,1244386.9,EUROSTAT_GOV10A_MAIN,4.81016,strict,anchor_actual,EUROSTAT_GOV10A_TAXAG,2017.0,59857.0,,,,,,,,A,,EUROSTAT_GOV10A_TAXAG,2026-07-21,2026-09-03,current,,,,,62455.926,4.3419,False,False,False,20260919T115610Z,"gov_10a_taxag D214A + D2122C (detail table; the parent comes from gov_10a_main, so any drift lands in the remainder, D-S1-002)"
FRA_R02_A_strict,FRA,ESA_REV,R02_A,2,Excise duties,2018,2018,CY,63446.0,EUR,2355362.8,EUROSTAT_NAMA10_GDP,2.693683,1273016.1,EUROSTAT_GOV10A_MAIN,4.983912,strict,anchor_actual,EUROSTAT_GOV10A_TAXAG,2018.0,63446.0,,,,,,,,A,,EUROSTAT_GOV10A_TAXAG,2026-07-21,2026-09-03,current,,,,,65511.13100000001,3.2549,False,False,False,20260919T115610Z,"gov_10a_taxag D214A + D2122C (detail table; the parent comes from gov_10a_main, so any drift lands in the remainder, D-S1-002)"
FRA_R02_A_strict,FRA,ESA_REV,R02_A,2,Excise duties,2019,2019,CY,63623.0,EUR,2432206.8,EUROSTAT_NAMA10_GDP,2.615855,1287929.2,EUROSTAT_GOV10A_MAIN,4.939945,strict,anchor_actual,EUROSTAT_GOV10A_TAXAG,2019.0,63623.0,,,,,,,,A,,EUROSTAT_GOV10A_TAXAG,2026-07-21,2026-09-03,current,,,,,65433.382,2.8455,False,False,False,20260919T115610Z,"gov_10a_taxag D214A + D2122C (detail table; the parent comes from gov_10a_main, so any drift lands in the remainder, D-S1-002)"
FRA_R02_A_strict,FRA,ESA_REV,R02_A,2,Excise duties,2020,2020,CY,59475.0,EUR,2318276.2,EUROSTAT_NAMA10_GDP,2.565484,1223272.6,EUROSTAT_GOV10A_MAIN,4.861958,strict,anchor_actual,EUROSTAT_GOV10A_TAXAG,2020.0,59475.0,,,,,,,,A,,EUROSTAT_GOV10A_TAXAG,2026-07-21,2026-09-03,current,,,,,60954.899,2.4883,False,False,False,20260919T115610Z,"gov_10a_taxag D214A + D2122C (detail table; the parent comes from gov_10a_main, so any drift lands in the remainder, D-S1-002)"
FRA_R02_A_strict,FRA,ESA_REV,R02_A,2,Excise duties,2021,2021,CY,64111.0,EUR,2508102.3,EUROSTAT_NAMA10_GDP,2.556156,1326231.8,EUROSTAT_GOV10A_MAIN,4.834072,strict,anchor_actual,EUROSTAT_GOV10A_TAXAG,2021.0,64111.0,,,,,,,,A,,EUROSTAT_GOV10A_TAXAG,2026-07-21,2026-09-03,current,,,,,65684.112,2.4537,False,False,False,20260919T115610Z,"gov_10a_taxag D214A + D2122C (detail table; the parent comes from gov_10a_main, so any drift lands in the remainder, D-S1-002)"
FRA_R02_A_strict,FRA,ESA_REV,R02_A,2,Excise duties,2022,2022,CY,57697.0,EUR,2653997.2,EUROSTAT_NAMA10_GDP,2.173966,1424435.6,EUROSTAT_GOV10A_MAIN,4.050517,strict,anchor_actual,EUROSTAT_GOV10A_TAXAG,2022.0,57697.0,,,,,,,,A,,EUROSTAT_GOV10A_TAXAG,2026-07-21,2026-09-03,current,,,,,59713.569,3.4951,False,False,False,20260919T115610Z,"gov_10a_taxag D214A + D2122C (detail table; the parent comes from gov_10a_main, so any drift lands in the remainder, D-S1-002)"
FRA_R02_A_strict,FRA,ESA_REV,R02_A,2,Excise duties,2023,2023,CY,53966.0,EUR,2833826.4,EUROSTAT_NAMA10_GDP,1.904351,1456350.5,EUROSTAT_GOV10A_MAIN,3.705564,strict,anchor_actual,EUROSTAT_GOV10A_TAXAG,2023.0,53966.0,,,,,,,,A,,EUROSTAT_GOV10A_TAXAG,2026-07-21,2026-09-03,current,,,,,56141.61,4.0314,False,False,False,20260919T115610Z,"gov_10a_taxag D214A + D2122C (detail table; the parent comes from gov_10a_main, so any drift lands in the remainder, D-S1-002)"
FRA_R02_A_strict,FRA,ESA_REV,R02_A,2,Excise duties,2024,2024,CY,59122.0,EUR,2935236.2,EUROSTAT_NAMA10_GDP,2.014216,1503590.1,EUROSTAT_GOV10A_MAIN,3.932056,strict,anchor_actual,EUROSTAT_GOV10A_TAXAG,2024.0,59122.0,,,,,,,,A,,EUROSTAT_GOV10A_TAXAG,2026-07-21,2026-09-03,current,,,,,60024.420999999995,1.5264,False,False,False,20260919T115610Z,"gov_10a_taxag D214A + D2122C (detail table; the parent comes from gov_10a_main, so any drift lands in the remainder, D-S1-002)"
FRA_R02_X_strict,FRA,ESA_REV,R02_X,derived,Other taxes on production and imports excluding excise duties,1995,1995,CY,68661.3,EUR,1213802.4,EUROSTAT_NAMA10_GDP,5.656712,618331.7,EUROSTAT_GOV10A_MAIN,11.104283,strict,derived_actual,EUROSTAT_GOV10A_MAIN,1995.0,68661.3,,,,,,,,A,,EUROSTAT_GOV10A_MAIN,2026-07-21,2026-09-03,current,,,,,,,False,False,False,20260919T115610Z,derived R02 - R02_A; never forecast
FRA_R02_X_strict,FRA,ESA_REV,R02_X,derived,Other taxes on production and imports excluding excise duties,1996,1996,CY,72860.20000000001,EUR,1246973.7,EUROSTAT_NAMA10_GDP,5.842962,649939.5,EUROSTAT_GOV10A_MAIN,11.210305,strict,derived_actual,EUROSTAT_GOV10A_MAIN,1996.0,72860.20000000001,,,,,,,,A,,EUROSTAT_GOV10A_MAIN,2026-07-21,2026-09-03,current,,,,,,,False,False,False,20260919T115610Z,derived R02 - R02_A; never forecast
FRA_R02_X_strict,FRA,ESA_REV,R02_X,derived,Other taxes on production and imports excluding excise duties,1997,1997,CY,76014.3,EUR,1289669.2,EUROSTAT_NAMA10_GDP,5.894093,668781.4,EUROSTAT_GOV10A_MAIN,11.366091,strict,derived_actual,EUROSTAT_GOV10A_MAIN,1997.0,76014.3,,,,,,,,A,,EUROSTAT_GOV10A_MAIN,2026-07-21,2026-09-03,current,,,,,,,False,False,False,20260919T115610Z,derived R02 - R02_A; never forecast
FRA_R02_X_strict,FRA,ESA_REV,R02_X,derived,Other taxes on production and imports excluding excise duties,1998,1998,CY,79708.09999999999,EUR,1346317.6,EUROSTAT_NAMA10_GDP,5.920453,694521.4,EUROSTAT_GOV10A_MAIN,11.476695,strict,derived_actual,EUROSTAT_GOV10A_MAIN,1998.0,79708.09999999999,,,,,,,,A,,EUROSTAT_GOV10A_MAIN,2026-07-21,2026-09-03,current,,,,,,,False,False,False,20260919T115610Z,derived R02 - R02_A; never forecast
FRA_R02_X_strict,FRA,ESA_REV,R02_X,derived,Other taxes on production and imports excluding excise duties,1999,1999,CY,82042.0,EUR,1395148.0,EUROSTAT_NAMA10_GDP,5.880523,727044.7,EUROSTAT_GOV10A_MAIN,11.284313,strict,derived_actual,EUROSTAT_GOV10A_MAIN,1999.0,82042.0,,,,,,,,A,,EUROSTAT_GOV10A_MAIN,2026-07-21,2026-09-03,current,,,,,,,False,False,False,20260919T115610Z,derived R02 - R02_A; never forecast
FRA_R02_X_strict,FRA,ESA_REV,R02_X,derived,Other taxes on production and imports excluding excise duties,2000,2000,CY,83820.40000000001,EUR,1473517.3,EUROSTAT_NAMA10_GDP,5.688457,756006.5,EUROSTAT_GOV10A_MAIN,11.087259,strict,derived_actual,EUROSTAT_GOV10A_MAIN,2000.0,83820.40000000001,,,,,,,,A,,EUROSTAT_GOV10A_MAIN,2026-07-21,2026-09-03,current,,,,,,,False,False,False,20260919T115610Z,derived R02 - R02_A; never forecast
FRA_R02_X_strict,FRA,ESA_REV,R02_X,derived,Other taxes on production and imports excluding excise duties,2001,2001,CY,85275.4,EUR,1530070.9,EUROSTAT_NAMA10_GDP,5.573297,786539.0,EUROSTAT_GOV10A_MAIN,10.841853,strict,derived_actual,EUROSTAT_GOV10A_MAIN,2001.0,85275.4,,,,,,,,A,,EUROSTAT_GOV10A_MAIN,2026-07-21,2026-09-03,current,,,,,,,False,False,False,20260919T115610Z,derived R02 - R02_A; never forecast
FRA_R02_X_strict,FRA,ESA_REV,R02_X,derived,Other taxes on production and imports excluding excise duties,2002,2002,CY,88400.70000000001,EUR,1578330.4,EUROSTAT_NAMA10_GDP,5.6009,800986.5,EUROSTAT_GOV10A_MAIN,11.036478,strict,derived_actual,EUROSTAT_GOV10A_MAIN,2002.0,88400.70000000001,,,,,,,,A,,EUROSTAT_GOV10A_MAIN,2026-07-21,2026-09-03,current,,,,,,,False,False,False,20260919T115610Z,derived R02 - R02_A; never forecast
FRA_R02_X_strict,FRA,ESA_REV,R02_X,derived,Other taxes on production and imports excluding excise duties,2003,2003,CY,90968.79999999999,EUR,1622312.8,EUROSTAT_NAMA10_GDP,5.607353,815468.6,EUROSTAT_GOV10A_MAIN,11.155402,strict,derived_actual,EUROSTAT_GOV10A_MAIN,2003.0,90968.79999999999,,,,,,,,A,,EUROSTAT_GOV10A_MAIN,2026-07-21,2026-09-03,current,,,,,,,False,False,False,20260919T115610Z,derived R02 - R02_A; never forecast
FRA_R02_X_strict,FRA,ESA_REV,R02_X,derived,Other taxes on production and imports excluding excise duties,2004,2004,CY,97275.9,EUR,1696107.7,EUROSTAT_NAMA10_GDP,5.735243,855606.6,EUROSTAT_GOV10A_MAIN,11.369232,strict,derived_actual,EUROSTAT_GOV10A_MAIN,2004.0,97275.9,,,,,,,,A,,EUROSTAT_GOV10A_MAIN,2026-07-21,2026-09-03,current,,,,,,,False,False,False,20260919T115610Z,derived R02 - R02_A; never forecast
FRA_R02_X_strict,FRA,ESA_REV,R02_X,derived,Other taxes on production and imports excluding excise duties,2005,2005,CY,103145.1,EUR,1762047.7,EUROSTAT_NAMA10_GDP,5.853706,894341.1,EUROSTAT_GOV10A_MAIN,11.533083,strict,derived_actual,EUROSTAT_GOV10A_MAIN,2005.0,103145.1,,,,,,,,A,,EUROSTAT_GOV10A_MAIN,2026-07-21,2026-09-03,current,,,,,,,False,False,False,20260919T115610Z,derived R02 - R02_A; never forecast
FRA_R02_X_strict,FRA,ESA_REV,R02_X,derived,Other taxes on production and imports excluding excise duties,2006,2006,CY,107441.0,EUR,1846020.8,EUROSTAT_NAMA10_GDP,5.82014,943178.2,EUROSTAT_GOV10A_MAIN,11.391379,strict,derived_actual,EUROSTAT_GOV10A_MAIN,2006.0,107441.0,,,,,,,,A,,EUROSTAT_GOV10A_MAIN,2026-07-21,2026-09-03,current,,,,,,,False,False,False,20260919T115610Z,derived R02 - R02_A; never forecast
FRA_R02_X_strict,FRA,ESA_REV,R02_X,derived,Other taxes on production and imports excluding excise duties,2007,2007,CY,113397.90000000002,EUR,1937876.3,EUROSTAT_NAMA10_GDP,5.851658,981351.9,EUROSTAT_GOV10A_MAIN,11.555274,strict,derived_actual,EUROSTAT_GOV10A_MAIN,2007.0,113397.90000000002,,,,,,,,A,,EUROSTAT_GOV10A_MAIN,2026-07-21,2026-09-03,current,,,,,,,False,False,False,20260919T115610Z,derived R02 - R02_A; never forecast
FRA_R02_X_strict,FRA,ESA_REV,R02_X,derived,Other taxes on production and imports excluding excise duties,2008,2008,CY,115547.5,EUR,1989999.7,EUROSTAT_NAMA10_GDP,5.806408,1010530.4,EUROSTAT_GOV10A_MAIN,11.434342,strict,derived_actual,EUROSTAT_GOV10A_MAIN,2008.0,115547.5,,,,,,,,A,,EUROSTAT_GOV10A_MAIN,2026-07-21,2026-09-03,current,,,,,,,False,False,False,20260919T115610Z,derived R02 - R02_A; never forecast
FRA_R02_X_strict,FRA,ESA_REV,R02_X,derived,Other taxes on production and imports excluding excise duties,2009,2009,CY,118020.99999999997,EUR,1935840.2,EUROSTAT_NAMA10_GDP,6.096629,979773.4,EUROSTAT_GOV10A_MAIN,12.045744,strict,derived_actual,EUROSTAT_GOV10A_MAIN,2009.0,118020.99999999997,,,,,,,,A,,EUROSTAT_GOV10A_MAIN,2026-07-21,2026-09-03,current,,,,,,,False,False,False,20260919T115610Z,derived R02 - R02_A; never forecast
FRA_R02_X_strict,FRA,ESA_REV,R02_X,derived,Other taxes on production and imports excluding excise duties,2010,2010,CY,115416.99999999997,EUR,1996075.1,EUROSTAT_NAMA10_GDP,5.782197,1009201.3,EUROSTAT_GOV10A_MAIN,11.43647,strict,derived_actual,EUROSTAT_GOV10A_MAIN,2010.0,115416.99999999997,,,,,,,,A,,EUROSTAT_GOV10A_MAIN,2026-07-21,2026-09-03,current,,,,,,,False,False,False,20260919T115610Z,derived R02 - R02_A; never forecast
FRA_R02_X_strict,FRA,ESA_REV,R02_X,derived,Other taxes on production and imports excluding excise duties,2011,2011,CY,125339.99999999997,EUR,2062141.4,EUROSTAT_NAMA10_GDP,6.078148,1066319.2,EUROSTAT_GOV10A_MAIN,11.754454,strict,derived_actual,EUROSTAT_GOV10A_MAIN,2011.0,125339.99999999997,,,,,,,,A,,EUROSTAT_GOV10A_MAIN,2026-07-21,2026-09-03,current,,,,,,,False,False,False,20260919T115610Z,derived R02 - R02_A; never forecast
FRA_R02_X_strict,FRA,ESA_REV,R02_X,derived,Other taxes on production and imports excluding excise duties,2012,2012,CY,131237.99999999997,EUR,2088286.7,EUROSTAT_NAMA10_GDP,6.284482,1100965.9,EUROSTAT_GOV10A_MAIN,11.92026,strict,derived_actual,EUROSTAT_GOV10A_MAIN,2012.0,131237.99999999997,,,,,,,,A,,EUROSTAT_GOV10A_MAIN,2026-07-21,2026-09-03,current,,,,,,,False,False,False,20260919T115610Z,derived R02 - R02_A; never forecast
FRA_R02_X_strict,FRA,ESA_REV,R02_X,derived,Other taxes on production and imports excluding excise duties,2013,2013,CY,135890.0,EUR,2120351.9,EUROSTAT_NAMA10_GDP,6.408842,1137646.2,EUROSTAT_GOV10A_MAIN,11.944838,strict,derived_actual,EUROSTAT_GOV10A_MAIN,2013.0,135890.0,,,,,,,,A,,EUROSTAT_GOV10A_MAIN,2026-07-21,2026-09-03,current,,,,,,,False,False,False,20260919T115610Z,derived R02 - R02_A; never forecast
FRA_R02_X_strict,FRA,ESA_REV,R02_X,derived,Other taxes on production and imports excluding excise duties,2014,2014,CY,139812.0,EUR,2153733.1,EUROSTAT_NAMA10_GDP,6.491612,1159145.1,EUROSTAT_GOV10A_MAIN,12.061648,strict,derived_actual,EUROSTAT_GOV10A_MAIN,2014.0,139812.0,,,,,,,,A,,EUROSTAT_GOV10A_MAIN,2026-07-21,2026-09-03,current,,,,,,,False,False,False,20260919T115610Z,derived R02 - R02_A; never forecast
FRA_R02_X_strict,FRA,ESA_REV,R02_X,derived,Other taxes on production and imports excluding excise duties,2015,2015,CY,143240.0,EUR,2201401.6,EUROSTAT_NAMA10_GDP,6.506764,1182326.8,EUROSTAT_GOV10A_MAIN,12.115094,strict,derived_actual,EUROSTAT_GOV10A_MAIN,2015.0,143240.0,,,,,,,,A,,EUROSTAT_GOV10A_MAIN,2026-07-21,2026-09-03,current,,,,,,,False,False,False,20260919T115610Z,derived R02 - R02_A; never forecast
FRA_R02_X_strict,FRA,ESA_REV,R02_X,derived,Other taxes on production and imports excluding excise duties,2016,2016,CY,146455.0,EUR,2231819.2,EUROSTAT_NAMA10_GDP,6.562135,1196622.9,EUROSTAT_GOV10A_MAIN,12.239027,strict,derived_actual,EUROSTAT_GOV10A_MAIN,2016.0,146455.0,,,,,,,,A,,EUROSTAT_GOV10A_MAIN,2026-07-21,2026-09-03,current,,,,,,,False,False,False,20260919T115610Z,derived R02 - R02_A; never forecast
FRA_R02_X_strict,FRA,ESA_REV,R02_X,derived,Other taxes on production and imports excluding excise duties,2017,2017,CY,152277.0,EUR,2291680.5,EUROSTAT_NAMA10_GDP,6.644774,1244386.9,EUROSTAT_GOV10A_MAIN,12.23711,strict,derived_actual,EUROSTAT_GOV10A_MAIN,2017.0,152277.0,,,,,,,,A,,EUROSTAT_GOV10A_MAIN,2026-07-21,2026-09-03,current,,,,,,,False,False,False,20260919T115610Z,derived R02 - R02_A; never forecast
FRA_R02_X_strict,FRA,ESA_REV,R02_X,derived,Other taxes on production and imports excluding excise duties,2018,2018,CY,157914.0,EUR,2355362.8,EUROSTAT_NAMA10_GDP,6.704445,1273016.1,EUROSTAT_GOV10A_MAIN,12.404713,strict,derived_actual,EUROSTAT_GOV10A_MAIN,2018.0,157914.0,,,,,,,,A,,EUROSTAT_GOV10A_MAIN,2026-07-21,2026-09-03,current,,,,,,,False,False,False,20260919T115610Z,derived R02 - R02_A; never forecast
FRA_R02_X_strict,FRA,ESA_REV,R02_X,derived,Other taxes on production and imports excluding excise duties,2019,2019,CY,170974.0,EUR,2432206.8,EUROSTAT_NAMA10_GDP,7.029583,1287929.2,EUROSTAT_GOV10A_MAIN,13.275109,strict,derived_actual,EUROSTAT_GOV10A_MAIN,2019.0,170974.0,,,,,,,,A,,EUROSTAT_GOV10A_MAIN,2026-07-21,2026-09-03,current,,,,,,,False,False,False,20260919T115610Z,derived R02 - R02_A; never forecast
FRA_R02_X_strict,FRA,ESA_REV,R02_X,derived,Other taxes on production and imports excluding excise duties,2020,2020,CY,168740.0,EUR,2318276.2,EUROSTAT_NAMA10_GDP,7.278684,1223272.6,EUROSTAT_GOV10A_MAIN,13.794145,strict,derived_actual,EUROSTAT_GOV10A_MAIN,2020.0,168740.0,,,,,,,,A,,EUROSTAT_GOV10A_MAIN,2026-07-21,2026-09-03,current,,,,,,,False,False,False,20260919T115610Z,derived R02 - R02_A; never forecast
FRA_R02_X_strict,FRA,ESA_REV,R02_X,derived,Other taxes on production and imports excluding excise duties,2021,2021,CY,166935.0,EUR,2508102.3,EUROSTAT_NAMA10_GDP,6.655829,1326231.8,EUROSTAT_GOV10A_MAIN,12.587166,strict,derived_actual,EUROSTAT_GOV10A_MAIN,2021.0,166935.0,,,,,,,,A,,EUROSTAT_GOV10A_MAIN,2026-07-21,2026-09-03,current,,,,,,,False,False,False,20260919T115610Z,derived R02 - R02_A; never forecast
FRA_R02_X_strict,FRA,ESA_REV,R02_X,derived,Other taxes on production and imports excluding excise duties,2022,2022,CY,184945.0,EUR,2653997.2,EUROSTAT_NAMA10_GDP,6.968545,1424435.6,EUROSTAT_GOV10A_MAIN,12.983739,strict,derived_actual,EUROSTAT_GOV10A_MAIN,2022.0,184945.0,,,,,,,,A,,EUROSTAT_GOV10A_MAIN,2026-07-21,2026-09-03,current,,,,,,,False,False,False,20260919T115610Z,derived R02 - R02_A; never forecast
FRA_R02_X_strict,FRA,ESA_REV,R02_X,derived,Other taxes on production and imports excluding excise duties,2023,2023,CY,186629.0,EUR,2833826.4,EUROSTAT_NAMA10_GDP,6.58576,1456350.5,EUROSTAT_GOV10A_MAIN,12.814841,strict,derived_actual,EUROSTAT_GOV10A_MAIN,2023.0,186629.0,,,,,,,,A,,EUROSTAT_GOV10A_MAIN,2026-07-21,2026-09-03,current,,,,,,,False,False,False,20260919T115610Z,derived R02 - R02_A; never forecast
FRA_R02_X_strict,FRA,ESA_REV,R02_X,derived,Other taxes on production and imports excluding excise duties,2024,2024,CY,189258.0,EUR,2935236.2,EUROSTAT_NAMA10_GDP,6.447795,1503590.1,EUROSTAT_GOV10A_MAIN,12.587074,strict,derived_actual,EUROSTAT_GOV10A_MAIN,2024.0,189258.0,,,,,,,,A,,EUROSTAT_GOV10A_MAIN,2026-07-21,2026-09-03,current,,,,,,,False,False,False,20260919T115610Z,derived R02 - R02_A; never forecast
FRA_R06_E_strict,FRA,ESA_REV,R06_E,2,Employers' actual social contributions,1995,1995,CY,136307.3,EUR,1213802.4,EUROSTAT_NAMA10_GDP,11.229777,618331.7,EUROSTAT_GOV10A_MAIN,22.044366,strict,anchor_actual,EUROSTAT_GOV10A_MAIN,1995.0,136307.3,,,,,,,,A,,EUROSTAT_GOV10A_MAIN,2026-07-21,2026-09-03,current,,,,,134796.62099999998,-1.1083,False,False,False,20260919T115610Z,gov_10a_main D611REC
FRA_R06_E_strict,FRA,ESA_REV,R06_E,2,Employers' actual social contributions,1996,1996,CY,138815.7,EUR,1246973.7,EUROSTAT_NAMA10_GDP,11.132208,649939.5,EUROSTAT_GOV10A_MAIN,21.358249,strict,anchor_actual,EUROSTAT_GOV10A_MAIN,1996.0,138815.7,,,,,,,,A,,EUROSTAT_GOV10A_MAIN,2026-07-21,2026-09-03,current,,,,,137320.823,-1.0769,False,False,False,20260919T115610Z,gov_10a_main D611REC
FRA_R06_E_strict,FRA,ESA_REV,R06_E,2,Employers' actual social contributions,1997,1997,CY,143186.3,EUR,1289669.2,EUROSTAT_NAMA10_GDP,11.10256,668781.4,EUROSTAT_GOV10A_MAIN,21.41003,strict,anchor_actual,EUROSTAT_GOV10A_MAIN,1997.0,143186.3,,,,,,,,A,,EUROSTAT_GOV10A_MAIN,2026-07-21,2026-09-03,current,,,,,141751.598,-1.002,False,False,False,20260919T115610Z,gov_10a_main D611REC
FRA_R06_E_strict,FRA,ESA_REV,R06_E,2,Employers' actual social contributions,1998,1998,CY,147465.4,EUR,1346317.6,EUROSTAT_NAMA10_GDP,10.95324,694521.4,EUROSTAT_GOV10A_MAIN,21.232665,strict,anchor_actual,EUROSTAT_GOV10A_MAIN,1998.0,147465.4,,,,,,,,A,,EUROSTAT_GOV10A_MAIN,2026-07-21,2026-09-03,current,,,,,146270.571,-0.8102,False,False,False,20260919T115610Z,gov_10a_main D611REC
FRA_R06_E_strict,FRA,ESA_REV,R06_E,2,Employers' actual social contributions,1999,1999,CY,154392.4,EUR,1395148.0,EUROSTAT_NAMA10_GDP,11.066381,727044.7,EUROSTAT_GOV10A_MAIN,21.235613,strict,anchor_actual,EUROSTAT_GOV10A_MAIN,1999.0,154392.4,,,,,,,,A,,EUROSTAT_GOV10A_MAIN,2026-07-21,2026-09-03,current,,,,,153120.65000000002,-0.8237,False,False,False,20260919T115610Z,gov_10a_main D611REC
FRA_R06_E_strict,FRA,ESA_REV,R06_E,2,Employers' actual social contributions,2000,2000,CY,159560.7,EUR,1473517.3,EUROSTAT_NAMA10_GDP,10.82856,756006.5,EUROSTAT_GOV10A_MAIN,21.105731,strict,anchor_actual,EUROSTAT_GOV10A_MAIN,2000.0,159560.7,,,,,,,,A,,EUROSTAT_GOV10A_MAIN,2026-07-21,2026-09-03,current,,,,,158260.30299999999,-0.815,False,False,False,20260919T115610Z,gov_10a_main D611REC
FRA_R06_E_strict,FRA,ESA_REV,R06_E,2,Employers' actual social contributions,2001,2001,CY,165203.9,EUR,1530070.9,EUROSTAT_NAMA10_GDP,10.79714,786539.0,EUROSTAT_GOV10A_MAIN,21.003904,strict,anchor_actual,EUROSTAT_GOV10A_MAIN,2001.0,165203.9,,,,,,,,A,,EUROSTAT_GOV10A_MAIN,2026-07-21,2026-09-03,current,,,,,163898.356,-0.7903,False,False,False,20260919T115610Z,gov_10a_main D611REC
FRA_R06_E_strict,FRA,ESA_REV,R06_E,2,Employers' actual social contributions,2002,2002,CY,171133.1,EUR,1578330.4,EUROSTAT_NAMA10_GDP,10.842666,800986.5,EUROSTAT_GOV10A_MAIN,21.365291,strict,anchor_actual,EUROSTAT_GOV10A_MAIN,2002.0,171133.1,,,,,,,,A,,EUROSTAT_GOV10A_MAIN,2026-07-21,2026-09-03,current,,,,,169836.736,-0.7575,False,False,False,20260919T115610Z,gov_10a_main D611REC
FRA_R06_E_strict,FRA,ESA_REV,R06_E,2,Employers' actual social contributions,2003,2003,CY,177701.1,EUR,1622312.8,EUROSTAT_NAMA10_GDP,10.953566,815468.6,EUROSTAT_GOV10A_MAIN,21.791287,strict,anchor_actual,EUROSTAT_GOV10A_MAIN,2003.0,177701.1,,,,,,,,A,,EUROSTAT_GOV10A_MAIN,2026-07-21,2026-09-03,current,,,,,176361.46,-0.7539,False,False,False,20260919T115610Z,gov_10a_main D611REC
FRA_R06_E_strict,FRA,ESA_REV,R06_E,2,Employers' actual social contributions,2004,2004,CY,182912.0,EUR,1696107.7,EUROSTAT_NAMA10_GDP,10.784221,855606.6,EUROSTAT_GOV10A_MAIN,21.378049,strict,anchor_actual,EUROSTAT_GOV10A_MAIN,2004.0,182912.0,,,,,,,,A,,EUROSTAT_GOV10A_MAIN,2026-07-21,2026-09-03,current,,,,,181538.813,-0.7507,False,False,False,20260919T115610Z,gov_10a_main D611REC
FRA_R06_E_strict,FRA,ESA_REV,R06_E,2,Employers' actual social contributions,2005,2005,CY,190198.7,EUR,1762047.7,EUROSTAT_NAMA10_GDP,10.794186,894341.1,EUROSTAT_GOV10A_MAIN,21.266908,strict,anchor_actual,EUROSTAT_GOV10A_MAIN,2005.0,190198.7,,,,,,,,A,,EUROSTAT_GOV10A_MAIN,2026-07-21,2026-09-03,current,,,,,188897.272,-0.6842,False,False,False,20260919T115610Z,gov_10a_main D611REC
FRA_R06_E_strict,FRA,ESA_REV,R06_E,2,Employers' actual social contributions,2006,2006,CY,200055.1,EUR,1846020.8,EUROSTAT_NAMA10_GDP,10.837099,943178.2,EUROSTAT_GOV10A_MAIN,21.210743,strict,anchor_actual,EUROSTAT_GOV10A_MAIN,2006.0,200055.1,,,,,,,,A,,EUROSTAT_GOV10A_MAIN,2026-07-21,2026-09-03,current,,,,,199143.41999999998,-0.4557,False,False,False,20260919T115610Z,gov_10a_main D611REC
FRA_R06_E_strict,FRA,ESA_REV,R06_E,2,Employers' actual social contributions,2007,2007,CY,207387.9,EUR,1937876.3,EUROSTAT_NAMA10_GDP,10.701813,981351.9,EUROSTAT_GOV10A_MAIN,21.132878,strict,anchor_actual,EUROSTAT_GOV10A_MAIN,2007.0,207387.9,,,,,,,,A,,EUROSTAT_GOV10A_MAIN,2026-07-21,2026-09-03,current,,,,,206272.343,-0.5379,False,False,False,20260919T115610Z,gov_10a_main D611REC
FRA_R06_E_strict,FRA,ESA_REV,R06_E,2,Employers' actual social contributions,2008,2008,CY,213406.5,EUR,1989999.7,EUROSTAT_NAMA10_GDP,10.723946,1010530.4,EUROSTAT_GOV10A_MAIN,21.118266,strict,anchor_actual,EUROSTAT_GOV10A_MAIN,2008.0,213406.5,,,,,,,,A,,EUROSTAT_GOV10A_MAIN,2026-07-21,2026-09-03,current,,,,,212280.334,-0.5277,False,False,False,20260919T115610Z,gov_10a_main D611REC
FRA_R06_E_strict,FRA,ESA_REV,R06_E,2,Employers' actual social contributions,2009,2009,CY,214363.0,EUR,1935840.2,EUROSTAT_NAMA10_GDP,11.073383,979773.4,EUROSTAT_GOV10A_MAIN,21.878834,strict,anchor_actual,EUROSTAT_GOV10A_MAIN,2009.0,214363.0,,,,,,,,A,,EUROSTAT_GOV10A_MAIN,2026-07-21,2026-09-03,current,,,,,212865.815,-0.6984,False,False,False,20260919T115610Z,gov_10a_main D611REC
FRA_R06_E_strict,FRA,ESA_REV,R06_E,2,Employers' actual social contributions,2010,2010,CY,218810.0,EUR,1996075.1,EUROSTAT_NAMA10_GDP,10.962012,1009201.3,EUROSTAT_GOV10A_MAIN,21.681502,strict,anchor_actual,EUROSTAT_GOV10A_MAIN,2010.0,218810.0,,,,,,,,A,,EUROSTAT_GOV10A_MAIN,2026-07-21,2026-09-03,current,,,,,217276.83200000002,-0.7007,False,False,False,20260919T115610Z,gov_10a_main D611REC
FRA_R06_E_strict,FRA,ESA_REV,R06_E,2,Employers' actual social contributions,2011,2011,CY,229079.0,EUR,2062141.4,EUROSTAT_NAMA10_GDP,11.108792,1066319.2,EUROSTAT_GOV10A_MAIN,21.483154,strict,anchor_actual,EUROSTAT_GOV10A_MAIN,2011.0,229079.0,,,,,,,,A,,EUROSTAT_GOV10A_MAIN,2026-07-21,2026-09-03,current,,,,,227492.777,-0.6924,False,False,False,20260919T115610Z,gov_10a_main D611REC
FRA_R06_E_strict,FRA,ESA_REV,R06_E,2,Employers' actual social contributions,2012,2012,CY,234732.0,EUR,2088286.7,EUROSTAT_NAMA10_GDP,11.240411,1100965.9,EUROSTAT_GOV10A_MAIN,21.320551,strict,anchor_actual,EUROSTAT_GOV10A_MAIN,2012.0,234732.0,,,,,,,,A,,EUROSTAT_GOV10A_MAIN,2026-07-21,2026-09-03,current,,,,,233109.385,-0.6913,False,False,False,20260919T115610Z,gov_10a_main D611REC
FRA_R06_E_strict,FRA,ESA_REV,R06_E,2,Employers' actual social contributions,2013,2013,CY,239865.0,EUR,2120351.9,EUROSTAT_NAMA10_GDP,11.312509,1137646.2,EUROSTAT_GOV10A_MAIN,21.084323,strict,anchor_actual,EUROSTAT_GOV10A_MAIN,2013.0,239865.0,,,,,,,,A,,EUROSTAT_GOV10A_MAIN,2026-07-21,2026-09-03,current,,,,,238217.31900000002,-0.6869,False,False,False,20260919T115610Z,gov_10a_main D611REC
FRA_R06_E_strict,FRA,ESA_REV,R06_E,2,Employers' actual social contributions,2014,2014,CY,245529.0,EUR,2153733.1,EUROSTAT_NAMA10_GDP,11.400159,1159145.1,EUROSTAT_GOV10A_MAIN,21.181904,strict,anchor_actual,EUROSTAT_GOV10A_MAIN,2014.0,245529.0,,,,,,,,A,,EUROSTAT_GOV10A_MAIN,2026-07-21,2026-09-03,current,,,,,243848.127,-0.6846,False,False,False,20260919T115610Z,gov_10a_main D611REC
FRA_R06_E_strict,FRA,ESA_REV,R06_E,2,Employers' actual social contributions,2015,2015,CY,247372.0,EUR,2201401.6,EUROSTAT_NAMA10_GDP,11.237023,1182326.8,EUROSTAT_GOV10A_MAIN,20.922473,strict,anchor_actual,EUROSTAT_GOV10A_MAIN,2015.0,247372.0,,,,,,,,A,,EUROSTAT_GOV10A_MAIN,2026-07-21,2026-09-03,current,,,,,245675.674,-0.6857,False,False,False,20260919T115610Z,gov_10a_main D611REC
FRA_R06_E_strict,FRA,ESA_REV,R06_E,2,Employers' actual social contributions,2016,2016,CY,249809.0,EUR,2231819.2,EUROSTAT_NAMA10_GDP,11.193066,1196622.9,EUROSTAT_GOV10A_MAIN,20.876167,strict,anchor_actual,EUROSTAT_GOV10A_MAIN,2016.0,249809.0,,,,,,,,A,,EUROSTAT_GOV10A_MAIN,2026-07-21,2026-09-03,current,,,,,248148.71600000001,-0.6646,False,False,False,20260919T115610Z,gov_10a_main D611REC
FRA_R06_E_strict,FRA,ESA_REV,R06_E,2,Employers' actual social contributions,2017,2017,CY,258112.0,EUR,2291680.5,EUROSTAT_NAMA10_GDP,11.263001,1244386.9,EUROSTAT_GOV10A_MAIN,20.742102,strict,anchor_actual,EUROSTAT_GOV10A_MAIN,2017.0,258112.0,,,,,,,,A,,EUROSTAT_GOV10A_MAIN,2026-07-21,2026-09-03,current,,,,,256528.169,-0.6136,False,False,False,20260919T115610Z,gov_10a_main D611REC
FRA_R06_E_strict,FRA,ESA_REV,R06_E,2,Employers' actual social contributions,2018,2018,CY,264286.0,EUR,2355362.8,EUROSTAT_NAMA10_GDP,11.220607,1273016.1,EUROSTAT_GOV10A_MAIN,20.760617,strict,anchor_actual,EUROSTAT_GOV10A_MAIN,2018.0,264286.0,,,,,,,,A,,EUROSTAT_GOV10A_MAIN,2026-07-21,2026-09-03,current,,,,,262672.442,-0.6105,False,False,False,20260919T115610Z,gov_10a_main D611REC
FRA_R06_E_strict,FRA,ESA_REV,R06_E,2,Employers' actual social contributions,2019,2019,CY,246386.0,EUR,2432206.8,EUROSTAT_NAMA10_GDP,10.130142,1287929.2,EUROSTAT_GOV10A_MAIN,19.130399,strict,anchor_actual,EUROSTAT_GOV10A_MAIN,2019.0,246386.0,,,,,,,,A,,EUROSTAT_GOV10A_MAIN,2026-07-21,2026-09-03,current,,,,,244942.873,-0.5857,False,False,False,20260919T115610Z,gov_10a_main D611REC
FRA_R06_E_strict,FRA,ESA_REV,R06_E,2,Employers' actual social contributions,2020,2020,CY,235532.0,EUR,2318276.2,EUROSTAT_NAMA10_GDP,10.15979,1223272.6,EUROSTAT_GOV10A_MAIN,19.254253,strict,anchor_actual,EUROSTAT_GOV10A_MAIN,2020.0,235532.0,,,,,,,,A,,EUROSTAT_GOV10A_MAIN,2026-07-21,2026-09-03,current,,,,,231776.339,-1.5945,False,False,False,20260919T115610Z,gov_10a_main D611REC
FRA_R06_E_strict,FRA,ESA_REV,R06_E,2,Employers' actual social contributions,2021,2021,CY,254127.0,EUR,2508102.3,EUROSTAT_NAMA10_GDP,10.132242,1326231.8,EUROSTAT_GOV10A_MAIN,19.161582,strict,anchor_actual,EUROSTAT_GOV10A_MAIN,2021.0,254127.0,,,,,,,,A,,EUROSTAT_GOV10A_MAIN,2026-07-21,2026-09-03,current,,,,,251598.69,-0.9949,False,False,False,20260919T115610Z,gov_10a_main D611REC
FRA_R06_E_strict,FRA,ESA_REV,R06_E,2,Employers' actual social contributions,2022,2022,CY,268220.0,EUR,2653997.2,EUROSTAT_NAMA10_GDP,10.106265,1424435.6,EUROSTAT_GOV10A_MAIN,18.829914,strict,anchor_actual,EUROSTAT_GOV10A_MAIN,2022.0,268220.0,,,,,,,,A,,EUROSTAT_GOV10A_MAIN,2026-07-21,2026-09-03,current,,,,,266701.281,-0.5662,False,False,False,20260919T115610Z,gov_10a_main D611REC
FRA_R06_E_strict,FRA,ESA_REV,R06_E,2,Employers' actual social contributions,2023,2023,CY,281561.0,EUR,2833826.4,EUROSTAT_NAMA10_GDP,9.935718,1456350.5,EUROSTAT_GOV10A_MAIN,19.333327,strict,anchor_actual,EUROSTAT_GOV10A_MAIN,2023.0,281561.0,,,,,,,,A,,EUROSTAT_GOV10A_MAIN,2026-07-21,2026-09-03,current,,,,,279354.404,-0.7837,False,False,False,20260919T115610Z,gov_10a_main D611REC
FRA_R06_E_strict,FRA,ESA_REV,R06_E,2,Employers' actual social contributions,2024,2024,CY,294062.0,EUR,2935236.2,EUROSTAT_NAMA10_GDP,10.018342,1503590.1,EUROSTAT_GOV10A_MAIN,19.557325,strict,anchor_actual,EUROSTAT_GOV10A_MAIN,2024.0,294062.0,,,,,,,,A,,EUROSTAT_GOV10A_MAIN,2026-07-21,2026-09-03,current,,,,,291471.554,-0.8809,False,False,False,20260919T115610Z,gov_10a_main D611REC
FRA_R06_E_strict,FRA,ESA_REV,R06_E,2,Employers' actual social contributions,2025,2025,CY,304886.0,EUR,2991055.9,EUROSTAT_NAMA10_GDP,10.193257,1561626.1,EUROSTAT_GOV10A_MAIN,19.523623,strict,anchor_actual,EUROSTAT_GOV10A_MAIN,2025.0,304886.0,,,,,,,,A,,EUROSTAT_GOV10A_MAIN,2026-07-21,2026-09-03,current,,,,,,,False,False,False,20260919T115610Z,gov_10a_main D611REC
FRA_R06_H_strict,FRA,ESA_REV,R06_H,2,Households' actual social contributions,1995,1995,CY,85330.9,EUR,1213802.4,EUROSTAT_NAMA10_GDP,7.030049,618331.7,EUROSTAT_GOV10A_MAIN,13.800182,strict,anchor_actual,EUROSTAT_GOV10A_MAIN,1995.0,85330.9,,,,,,,,A,,EUROSTAT_GOV10A_MAIN,2026-07-21,2026-09-03,current,,,,,69189.483,-18.9163,False,False,False,20260919T115610Z,gov_10a_main D613REC
FRA_R06_H_strict,FRA,ESA_REV,R06_H,2,Households' actual social contributions,1996,1996,CY,89599.0,EUR,1246973.7,EUROSTAT_NAMA10_GDP,7.185316,649939.5,EUROSTAT_GOV10A_MAIN,13.785745,strict,anchor_actual,EUROSTAT_GOV10A_MAIN,1996.0,89599.0,,,,,,,,A,,EUROSTAT_GOV10A_MAIN,2026-07-21,2026-09-03,current,,,,,71414.65,-20.2953,False,False,False,20260919T115610Z,gov_10a_main D613REC
FRA_R06_H_strict,FRA,ESA_REV,R06_H,2,Households' actual social contributions,1997,1997,CY,86663.9,EUR,1289669.2,EUROSTAT_NAMA10_GDP,6.719855,668781.4,EUROSTAT_GOV10A_MAIN,12.958479,strict,anchor_actual,EUROSTAT_GOV10A_MAIN,1997.0,86663.9,,,,,,,,A,,EUROSTAT_GOV10A_MAIN,2026-07-21,2026-09-03,current,,,,,68733.3,-20.6898,False,False,False,20260919T115610Z,gov_10a_main D613REC
FRA_R06_H_strict,FRA,ESA_REV,R06_H,2,Households' actual social contributions,1998,1998,CY,65254.7,EUR,1346317.6,EUROSTAT_NAMA10_GDP,4.846902,694521.4,EUROSTAT_GOV10A_MAIN,9.395636,strict,anchor_actual,EUROSTAT_GOV10A_MAIN,1998.0,65254.7,,,,,,,,A,,EUROSTAT_GOV10A_MAIN,2026-07-21,2026-09-03,current,,,,,51786.095,-20.6401,False,False,False,20260919T115610Z,gov_10a_main D613REC
FRA_R06_H_strict,FRA,ESA_REV,R06_H,2,Households' actual social contributions,1999,1999,CY,68523.9,EUR,1395148.0,EUROSTAT_NAMA10_GDP,4.911586,727044.7,EUROSTAT_GOV10A_MAIN,9.424991,strict,anchor_actual,EUROSTAT_GOV10A_MAIN,1999.0,68523.9,,,,,,,,A,,EUROSTAT_GOV10A_MAIN,2026-07-21,2026-09-03,current,,,,,54490.811,-20.4791,False,False,False,20260919T115610Z,gov_10a_main D613REC
FRA_R06_H_strict,FRA,ESA_REV,R06_H,2,Households' actual social contributions,2000,2000,CY,72206.9,EUR,1473517.3,EUROSTAT_NAMA10_GDP,4.900309,756006.5,EUROSTAT_GOV10A_MAIN,9.551095,strict,anchor_actual,EUROSTAT_GOV10A_MAIN,2000.0,72206.9,,,,,,,,A,,EUROSTAT_GOV10A_MAIN,2026-07-21,2026-09-03,current,,,,,57297.448000000004,-20.6482,False,False,False,20260919T115610Z,gov_10a_main D613REC
FRA_R06_H_strict,FRA,ESA_REV,R06_H,2,Households' actual social contributions,2001,2001,CY,75897.3,EUR,1530070.9,EUROSTAT_NAMA10_GDP,4.960378,786539.0,EUROSTAT_GOV10A_MAIN,9.649528,strict,anchor_actual,EUROSTAT_GOV10A_MAIN,2001.0,75897.3,,,,,,,,A,,EUROSTAT_GOV10A_MAIN,2026-07-21,2026-09-03,current,,,,,59554.903000000006,-21.5323,False,False,False,20260919T115610Z,gov_10a_main D613REC
FRA_R06_H_strict,FRA,ESA_REV,R06_H,2,Households' actual social contributions,2002,2002,CY,79064.4,EUR,1578330.4,EUROSTAT_NAMA10_GDP,5.009369,800986.5,EUROSTAT_GOV10A_MAIN,9.870878,strict,anchor_actual,EUROSTAT_GOV10A_MAIN,2002.0,79064.4,,,,,,,,A,,EUROSTAT_GOV10A_MAIN,2026-07-21,2026-09-03,current,,,,,62378.568999999996,-21.1041,False,False,False,20260919T115610Z,gov_10a_main D613REC
FRA_R06_H_strict,FRA,ESA_REV,R06_H,2,Households' actual social contributions,2003,2003,CY,83104.1,EUR,1622312.8,EUROSTAT_NAMA10_GDP,5.122569,815468.6,EUROSTAT_GOV10A_MAIN,10.190963,strict,anchor_actual,EUROSTAT_GOV10A_MAIN,2003.0,83104.1,,,,,,,,A,,EUROSTAT_GOV10A_MAIN,2026-07-21,2026-09-03,current,,,,,64954.255000000005,-21.8399,False,False,False,20260919T115610Z,gov_10a_main D613REC
FRA_R06_H_strict,FRA,ESA_REV,R06_H,2,Households' actual social contributions,2004,2004,CY,86067.4,EUR,1696107.7,EUROSTAT_NAMA10_GDP,5.074407,855606.6,EUROSTAT_GOV10A_MAIN,10.059226,strict,anchor_actual,EUROSTAT_GOV10A_MAIN,2004.0,86067.4,,,,,,,,A,,EUROSTAT_GOV10A_MAIN,2026-07-21,2026-09-03,current,,,,,66814.625,-22.3694,False,False,False,20260919T115610Z,gov_10a_main D613REC
FRA_R06_H_strict,FRA,ESA_REV,R06_H,2,Households' actual social contributions,2005,2005,CY,89308.1,EUR,1762047.7,EUROSTAT_NAMA10_GDP,5.068427,894341.1,EUROSTAT_GOV10A_MAIN,9.98591,strict,anchor_actual,EUROSTAT_GOV10A_MAIN,2005.0,89308.1,,,,,,,,A,,EUROSTAT_GOV10A_MAIN,2026-07-21,2026-09-03,current,,,,,68955.48,-22.7892,False,False,False,20260919T115610Z,gov_10a_main D613REC
FRA_R06_H_strict,FRA,ESA_REV,R06_H,2,Households' actual social contributions,2006,2006,CY,95232.5,EUR,1846020.8,EUROSTAT_NAMA10_GDP,5.158799,943178.2,EUROSTAT_GOV10A_MAIN,10.096978,strict,anchor_actual,EUROSTAT_GOV10A_MAIN,2006.0,95232.5,,,,,,,,A,,EUROSTAT_GOV10A_MAIN,2026-07-21,2026-09-03,current,,,,,72895.87400000001,-23.4548,False,False,False,20260919T115610Z,gov_10a_main D613REC
FRA_R06_H_strict,FRA,ESA_REV,R06_H,2,Households' actual social contributions,2007,2007,CY,98535.8,EUR,1937876.3,EUROSTAT_NAMA10_GDP,5.084731,981351.9,EUROSTAT_GOV10A_MAIN,10.040822,strict,anchor_actual,EUROSTAT_GOV10A_MAIN,2007.0,98535.8,,,,,,,,A,,EUROSTAT_GOV10A_MAIN,2026-07-21,2026-09-03,current,,,,,75477.488,-23.4009,False,False,False,20260919T115610Z,gov_10a_main D613REC
FRA_R06_H_strict,FRA,ESA_REV,R06_H,2,Households' actual social contributions,2008,2008,CY,100611.8,EUR,1989999.7,EUROSTAT_NAMA10_GDP,5.05587,1010530.4,EUROSTAT_GOV10A_MAIN,9.956336,strict,anchor_actual,EUROSTAT_GOV10A_MAIN,2008.0,100611.8,,,,,,,,A,,EUROSTAT_GOV10A_MAIN,2026-07-21,2026-09-03,current,,,,,76153.522,-24.3096,False,False,False,20260919T115610Z,gov_10a_main D613REC
FRA_R06_H_strict,FRA,ESA_REV,R06_H,2,Households' actual social contributions,2009,2009,CY,101390.0,EUR,1935840.2,EUROSTAT_NAMA10_GDP,5.237519,979773.4,EUROSTAT_GOV10A_MAIN,10.348311,strict,anchor_actual,EUROSTAT_GOV10A_MAIN,2009.0,101390.0,,,,,,,,A,,EUROSTAT_GOV10A_MAIN,2026-07-21,2026-09-03,current,,,,,75801.957,-25.2372,False,False,False,20260919T115610Z,gov_10a_main D613REC
FRA_R06_H_strict,FRA,ESA_REV,R06_H,2,Households' actual social contributions,2010,2010,CY,103268.0,EUR,1996075.1,EUROSTAT_NAMA10_GDP,5.173553,1009201.3,EUROSTAT_GOV10A_MAIN,10.232646,strict,anchor_actual,EUROSTAT_GOV10A_MAIN,2010.0,103268.0,,,,,,,,A,,EUROSTAT_GOV10A_MAIN,2026-07-21,2026-09-03,current,,,,,76872.111,-25.5606,False,False,False,20260919T115610Z,gov_10a_main D613REC
FRA_R06_H_strict,FRA,ESA_REV,R06_H,2,Households' actual social contributions,2011,2011,CY,105849.0,EUR,2062141.4,EUROSTAT_NAMA10_GDP,5.132965,1066319.2,EUROSTAT_GOV10A_MAIN,9.926577,strict,anchor_actual,EUROSTAT_GOV10A_MAIN,2011.0,105849.0,,,,,,,,A,,EUROSTAT_GOV10A_MAIN,2026-07-21,2026-09-03,current,,,,,79564.584,-24.832,False,False,False,20260919T115610Z,gov_10a_main D613REC
FRA_R06_H_strict,FRA,ESA_REV,R06_H,2,Households' actual social contributions,2012,2012,CY,109729.0,EUR,2088286.7,EUROSTAT_NAMA10_GDP,5.254499,1100965.9,EUROSTAT_GOV10A_MAIN,9.966612,strict,anchor_actual,EUROSTAT_GOV10A_MAIN,2012.0,109729.0,,,,,,,,A,,EUROSTAT_GOV10A_MAIN,2026-07-21,2026-09-03,current,,,,,82223.018,-25.0672,False,False,False,20260919T115610Z,gov_10a_main D613REC
FRA_R06_H_strict,FRA,ESA_REV,R06_H,2,Households' actual social contributions,2013,2013,CY,115369.0,EUR,2120351.9,EUROSTAT_NAMA10_GDP,5.441031,1137646.2,EUROSTAT_GOV10A_MAIN,10.141026,strict,anchor_actual,EUROSTAT_GOV10A_MAIN,2013.0,115369.0,,,,,,,,A,,EUROSTAT_GOV10A_MAIN,2026-07-21,2026-09-03,current,,,,,86603.531,-24.9334,False,False,False,20260919T115610Z,gov_10a_main D613REC
FRA_R06_H_strict,FRA,ESA_REV,R06_H,2,Households' actual social contributions,2014,2014,CY,119067.0,EUR,2153733.1,EUROSTAT_NAMA10_GDP,5.528401,1159145.1,EUROSTAT_GOV10A_MAIN,10.271967,strict,anchor_actual,EUROSTAT_GOV10A_MAIN,2014.0,119067.0,,,,,,,,A,,EUROSTAT_GOV10A_MAIN,2026-07-21,2026-09-03,current,,,,,89520.886,-24.8147,False,False,False,20260919T115610Z,gov_10a_main D613REC
FRA_R06_H_strict,FRA,ESA_REV,R06_H,2,Households' actual social contributions,2015,2015,CY,121288.0,EUR,2201401.6,EUROSTAT_NAMA10_GDP,5.509581,1182326.8,EUROSTAT_GOV10A_MAIN,10.258416,strict,anchor_actual,EUROSTAT_GOV10A_MAIN,2015.0,121288.0,,,,,,,,A,,EUROSTAT_GOV10A_MAIN,2026-07-21,2026-09-03,current,,,,,92217.377,-23.9683,False,False,False,20260919T115610Z,gov_10a_main D613REC
FRA_R06_H_strict,FRA,ESA_REV,R06_H,2,Households' actual social contributions,2016,2016,CY,123595.0,EUR,2231819.2,EUROSTAT_NAMA10_GDP,5.537859,1196622.9,EUROSTAT_GOV10A_MAIN,10.328651,strict,anchor_actual,EUROSTAT_GOV10A_MAIN,2016.0,123595.0,,,,,,,,A,,EUROSTAT_GOV10A_MAIN,2026-07-21,2026-09-03,current,,,,,95093.128,-23.0607,False,False,False,20260919T115610Z,gov_10a_main D613REC
FRA_R06_H_strict,FRA,ESA_REV,R06_H,2,Households' actual social contributions,2017,2017,CY,127703.0,EUR,2291680.5,EUROSTAT_NAMA10_GDP,5.572461,1244386.9,EUROSTAT_GOV10A_MAIN,10.262323,strict,anchor_actual,EUROSTAT_GOV10A_MAIN,2017.0,127703.0,,,,,,,,A,,EUROSTAT_GOV10A_MAIN,2026-07-21,2026-09-03,current,,,,,99248.67899999999,-22.2816,False,False,False,20260919T115610Z,gov_10a_main D613REC
FRA_R06_H_strict,FRA,ESA_REV,R06_H,2,Households' actual social contributions,2018,2018,CY,114824.0,EUR,2355362.8,EUROSTAT_NAMA10_GDP,4.875003,1273016.1,EUROSTAT_GOV10A_MAIN,9.019839,strict,anchor_actual,EUROSTAT_GOV10A_MAIN,2018.0,114824.0,,,,,,,,A,,EUROSTAT_GOV10A_MAIN,2026-07-21,2026-09-03,current,,,,,87745.615,-23.5825,False,False,False,20260919T115610Z,gov_10a_main D613REC
FRA_R06_H_strict,FRA,ESA_REV,R06_H,2,Households' actual social contributions,2019,2019,CY,115502.0,EUR,2432206.8,EUROSTAT_NAMA10_GDP,4.748856,1287929.2,EUROSTAT_GOV10A_MAIN,8.96804,strict,anchor_actual,EUROSTAT_GOV10A_MAIN,2019.0,115502.0,,,,,,,,A,,EUROSTAT_GOV10A_MAIN,2026-07-21,2026-09-03,current,,,,,86585.324,-25.0356,False,False,False,20260919T115610Z,gov_10a_main D613REC
FRA_R06_H_strict,FRA,ESA_REV,R06_H,2,Households' actual social contributions,2020,2020,CY,110563.0,EUR,2318276.2,EUROSTAT_NAMA10_GDP,4.76919,1223272.6,EUROSTAT_GOV10A_MAIN,9.038296,strict,anchor_actual,EUROSTAT_GOV10A_MAIN,2020.0,110563.0,,,,,,,,A,,EUROSTAT_GOV10A_MAIN,2026-07-21,2026-09-03,current,,,,,82135.64,-25.7115,False,False,False,20260919T115610Z,gov_10a_main D613REC
FRA_R06_H_strict,FRA,ESA_REV,R06_H,2,Households' actual social contributions,2021,2021,CY,118682.0,EUR,2508102.3,EUROSTAT_NAMA10_GDP,4.731944,1326231.8,EUROSTAT_GOV10A_MAIN,8.948813,strict,anchor_actual,EUROSTAT_GOV10A_MAIN,2021.0,118682.0,,,,,,,,A,,EUROSTAT_GOV10A_MAIN,2026-07-21,2026-09-03,current,,,,,89100.662,-24.9249,False,False,False,20260919T115610Z,gov_10a_main D613REC
FRA_R06_H_strict,FRA,ESA_REV,R06_H,2,Households' actual social contributions,2022,2022,CY,127575.0,EUR,2653997.2,EUROSTAT_NAMA10_GDP,4.8069,1424435.6,EUROSTAT_GOV10A_MAIN,8.956179,strict,anchor_actual,EUROSTAT_GOV10A_MAIN,2022.0,127575.0,,,,,,,,A,,EUROSTAT_GOV10A_MAIN,2026-07-21,2026-09-03,current,,,,,95158.534,-25.4097,False,False,False,20260919T115610Z,gov_10a_main D613REC
FRA_R06_H_strict,FRA,ESA_REV,R06_H,2,Households' actual social contributions,2023,2023,CY,133092.0,EUR,2833826.4,EUROSTAT_NAMA10_GDP,4.696547,1456350.5,EUROSTAT_GOV10A_MAIN,9.138734,strict,anchor_actual,EUROSTAT_GOV10A_MAIN,2023.0,133092.0,,,,,,,,A,,EUROSTAT_GOV10A_MAIN,2026-07-21,2026-09-03,current,,,,,100252.247,-24.6745,False,False,False,20260919T115610Z,gov_10a_main D613REC
FRA_R06_H_strict,FRA,ESA_REV,R06_H,2,Households' actual social contributions,2024,2024,CY,138327.0,EUR,2935236.2,EUROSTAT_NAMA10_GDP,4.712636,1503590.1,EUROSTAT_GOV10A_MAIN,9.199781,strict,anchor_actual,EUROSTAT_GOV10A_MAIN,2024.0,138327.0,,,,,,,,A,,EUROSTAT_GOV10A_MAIN,2026-07-21,2026-09-03,current,,,,,103691.693,-25.0387,False,False,False,20260919T115610Z,gov_10a_main D613REC
FRA_R06_H_strict,FRA,ESA_REV,R06_H,2,Households' actual social contributions,2025,2025,CY,141443.0,EUR,2991055.9,EUROSTAT_NAMA10_GDP,4.728865,1561626.1,EUROSTAT_GOV10A_MAIN,9.057418,strict,anchor_actual,EUROSTAT_GOV10A_MAIN,2025.0,141443.0,,,,,,,,A,,EUROSTAT_GOV10A_MAIN,2026-07-21,2026-09-03,current,,,,,,,False,False,False,20260919T115610Z,gov_10a_main D613REC
FRA_R06_X_strict,FRA,ESA_REV,R06_X,derived,Imputed and supplementary social contributions (D.612 + D.614 - D.61SC),1995,1995,CY,20840.100000000006,EUR,1213802.4,EUROSTAT_NAMA10_GDP,1.716927,618331.7,EUROSTAT_GOV10A_MAIN,3.370375,strict,derived_actual,EUROSTAT_GOV10A_MAIN,1995.0,20840.100000000006,,,,,,,,A,,EUROSTAT_GOV10A_MAIN,2026-07-21,2026-09-03,current,,,,,,,False,False,False,20260919T115610Z,derived R06 - R06_E - R06_H; never forecast
FRA_R06_X_strict,FRA,ESA_REV,R06_X,derived,Imputed and supplementary social contributions (D.612 + D.614 - D.61SC),1996,1996,CY,22547.699999999983,EUR,1246973.7,EUROSTAT_NAMA10_GDP,1.808194,649939.5,EUROSTAT_GOV10A_MAIN,3.4692,strict,derived_actual,EUROSTAT_GOV10A_MAIN,1996.0,22547.699999999983,,,,,,,,A,,EUROSTAT_GOV10A_MAIN,2026-07-21,2026-09-03,current,,,,,,,False,False,False,20260919T115610Z,derived R06 - R06_E - R06_H; never forecast
FRA_R06_X_strict,FRA,ESA_REV,R06_X,derived,Imputed and supplementary social contributions (D.612 + D.614 - D.61SC),1997,1997,CY,23383.400000000023,EUR,1289669.2,EUROSTAT_NAMA10_GDP,1.813132,668781.4,EUROSTAT_GOV10A_MAIN,3.496419,strict,derived_actual,EUROSTAT_GOV10A_MAIN,1997.0,23383.400000000023,,,,,,,,A,,EUROSTAT_GOV10A_MAIN,2026-07-21,2026-09-03,current,,,,,,,False,False,False,20260919T115610Z,derived R06 - R06_E - R06_H; never forecast
FRA_R06_X_strict,FRA,ESA_REV,R06_X,derived,Imputed and supplementary social contributions (D.612 + D.614 - D.61SC),1998,1998,CY,24051.800000000003,EUR,1346317.6,EUROSTAT_NAMA10_GDP,1.786488,694521.4,EUROSTAT_GOV10A_MAIN,3.463075,strict,derived_actual,EUROSTAT_GOV10A_MAIN,1998.0,24051.800000000003,,,,,,,,A,,EUROSTAT_GOV10A_MAIN,2026-07-21,2026-09-03,current,,,,,,,False,False,False,20260919T115610Z,derived R06 - R06_E - R06_H; never forecast
FRA_R06_X_strict,FRA,ESA_REV,R06_X,derived,Imputed and supplementary social contributions (D.612 + D.614 - D.61SC),1999,1999,CY,24893.600000000006,EUR,1395148.0,EUROSTAT_NAMA10_GDP,1.784298,727044.7,EUROSTAT_GOV10A_MAIN,3.423944,strict,derived_actual,EUROSTAT_GOV10A_MAIN,1999.0,24893.600000000006,,,,,,,,A,,EUROSTAT_GOV10A_MAIN,2026-07-21,2026-09-03,current,,,,,,,False,False,False,20260919T115610Z,derived R06 - R06_E - R06_H; never forecast
FRA_R06_X_strict,FRA,ESA_REV,R06_X,derived,Imputed and supplementary social contributions (D.612 + D.614 - D.61SC),2000,2000,CY,25980.79999999999,EUR,1473517.3,EUROSTAT_NAMA10_GDP,1.763183,756006.5,EUROSTAT_GOV10A_MAIN,3.436584,strict,derived_actual,EUROSTAT_GOV10A_MAIN,2000.0,25980.79999999999,,,,,,,,A,,EUROSTAT_GOV10A_MAIN,2026-07-21,2026-09-03,current,,,,,,,False,False,False,20260919T115610Z,derived R06 - R06_E - R06_H; never forecast
FRA_R06_X_strict,FRA,ESA_REV,R06_X,derived,Imputed and supplementary social contributions (D.612 + D.614 - D.61SC),2001,2001,CY,26724.800000000003,EUR,1530070.9,EUROSTAT_NAMA10_GDP,1.746638,786539.0,EUROSTAT_GOV10A_MAIN,3.397772,strict,derived_actual,EUROSTAT_GOV10A_MAIN,2001.0,26724.800000000003,,,,,,,,A,,EUROSTAT_GOV10A_MAIN,2026-07-21,2026-09-03,current,,,,,,,False,False,False,20260919T115610Z,derived R06 - R06_E - R06_H; never forecast
FRA_R06_X_strict,FRA,ESA_REV,R06_X,derived,Imputed and supplementary social contributions (D.612 + D.614 - D.61SC),2002,2002,CY,27915.20000000001,EUR,1578330.4,EUROSTAT_NAMA10_GDP,1.768654,800986.5,EUROSTAT_GOV10A_MAIN,3.485102,strict,derived_actual,EUROSTAT_GOV10A_MAIN,2002.0,27915.20000000001,,,,,,,,A,,EUROSTAT_GOV10A_MAIN,2026-07-21,2026-09-03,current,,,,,,,False,False,False,20260919T115610Z,derived R06 - R06_E - R06_H; never forecast
FRA_R06_X_strict,FRA,ESA_REV,R06_X,derived,Imputed and supplementary social contributions (D.612 + D.614 - D.61SC),2003,2003,CY,29380.29999999999,EUR,1622312.8,EUROSTAT_NAMA10_GDP,1.811013,815468.6,EUROSTAT_GOV10A_MAIN,3.602873,strict,derived_actual,EUROSTAT_GOV10A_MAIN,2003.0,29380.29999999999,,,,,,,,A,,EUROSTAT_GOV10A_MAIN,2026-07-21,2026-09-03,current,,,,,,,False,False,False,20260919T115610Z,derived R06 - R06_E - R06_H; never forecast
FRA_R06_X_strict,FRA,ESA_REV,R06_X,derived,Imputed and supplementary social contributions (D.612 + D.614 - D.61SC),2004,2004,CY,30122.600000000006,EUR,1696107.7,EUROSTAT_NAMA10_GDP,1.775984,855606.6,EUROSTAT_GOV10A_MAIN,3.520613,strict,derived_actual,EUROSTAT_GOV10A_MAIN,2004.0,30122.600000000006,,,,,,,,A,,EUROSTAT_GOV10A_MAIN,2026-07-21,2026-09-03,current,,,,,,,False,False,False,20260919T115610Z,derived R06 - R06_E - R06_H; never forecast
FRA_R06_X_strict,FRA,ESA_REV,R06_X,derived,Imputed and supplementary social contributions (D.612 + D.614 - D.61SC),2005,2005,CY,31191.79999999996,EUR,1762047.7,EUROSTAT_NAMA10_GDP,1.770202,894341.1,EUROSTAT_GOV10A_MAIN,3.487685,strict,derived_actual,EUROSTAT_GOV10A_MAIN,2005.0,31191.79999999996,,,,,,,,A,,EUROSTAT_GOV10A_MAIN,2026-07-21,2026-09-03,current,,,,,,,False,False,False,20260919T115610Z,derived R06 - R06_E - R06_H; never forecast
FRA_R06_X_strict,FRA,ESA_REV,R06_X,derived,Imputed and supplementary social contributions (D.612 + D.614 - D.61SC),2006,2006,CY,31916.800000000017,EUR,1846020.8,EUROSTAT_NAMA10_GDP,1.728951,943178.2,EUROSTAT_GOV10A_MAIN,3.383963,strict,derived_actual,EUROSTAT_GOV10A_MAIN,2006.0,31916.800000000017,,,,,,,,A,,EUROSTAT_GOV10A_MAIN,2026-07-21,2026-09-03,current,,,,,,,False,False,False,20260919T115610Z,derived R06 - R06_E - R06_H; never forecast
FRA_R06_X_strict,FRA,ESA_REV,R06_X,derived,Imputed and supplementary social contributions (D.612 + D.614 - D.61SC),2007,2007,CY,33638.500000000015,EUR,1937876.3,EUROSTAT_NAMA10_GDP,1.735844,981351.9,EUROSTAT_GOV10A_MAIN,3.427771,strict,derived_actual,EUROSTAT_GOV10A_MAIN,2007.0,33638.500000000015,,,,,,,,A,,EUROSTAT_GOV10A_MAIN,2026-07-21,2026-09-03,current,,,,,,,False,False,False,20260919T115610Z,derived R06 - R06_E - R06_H; never forecast
FRA_R06_X_strict,FRA,ESA_REV,R06_X,derived,Imputed and supplementary social contributions (D.612 + D.614 - D.61SC),2008,2008,CY,34992.40000000001,EUR,1989999.7,EUROSTAT_NAMA10_GDP,1.758412,1010530.4,EUROSTAT_GOV10A_MAIN,3.462776,strict,derived_actual,EUROSTAT_GOV10A_MAIN,2008.0,34992.40000000001,,,,,,,,A,,EUROSTAT_GOV10A_MAIN,2026-07-21,2026-09-03,current,,,,,,,False,False,False,20260919T115610Z,derived R06 - R06_E - R06_H; never forecast
FRA_R06_X_strict,FRA,ESA_REV,R06_X,derived,Imputed and supplementary social contributions (D.612 + D.614 - D.61SC),2009,2009,CY,36853.70000000001,EUR,1935840.2,EUROSTAT_NAMA10_GDP,1.903757,979773.4,EUROSTAT_GOV10A_MAIN,3.761451,strict,derived_actual,EUROSTAT_GOV10A_MAIN,2009.0,36853.70000000001,,,,,,,,A,,EUROSTAT_GOV10A_MAIN,2026-07-21,2026-09-03,current,,,,,,,False,False,False,20260919T115610Z,derived R06 - R06_E - R06_H; never forecast
FRA_R06_X_strict,FRA,ESA_REV,R06_X,derived,Imputed and supplementary social contributions (D.612 + D.614 - D.61SC),2010,2010,CY,38171.0,EUR,1996075.1,EUROSTAT_NAMA10_GDP,1.912303,1009201.3,EUROSTAT_GOV10A_MAIN,3.782298,strict,derived_actual,EUROSTAT_GOV10A_MAIN,2010.0,38171.0,,,,,,,,A,,EUROSTAT_GOV10A_MAIN,2026-07-21,2026-09-03,current,,,,,,,False,False,False,20260919T115610Z,derived R06 - R06_E - R06_H; never forecast
FRA_R06_X_strict,FRA,ESA_REV,R06_X,derived,Imputed and supplementary social contributions (D.612 + D.614 - D.61SC),2011,2011,CY,39713.09999999998,EUR,2062141.4,EUROSTAT_NAMA10_GDP,1.925818,1066319.2,EUROSTAT_GOV10A_MAIN,3.724316,strict,derived_actual,EUROSTAT_GOV10A_MAIN,2011.0,39713.09999999998,,,,,,,,A,,EUROSTAT_GOV10A_MAIN,2026-07-21,2026-09-03,current,,,,,,,False,False,False,20260919T115610Z,derived R06 - R06_E - R06_H; never forecast
FRA_R06_X_strict,FRA,ESA_REV,R06_X,derived,Imputed and supplementary social contributions (D.612 + D.614 - D.61SC),2012,2012,CY,41140.59999999998,EUR,2088286.7,EUROSTAT_NAMA10_GDP,1.970065,1100965.9,EUROSTAT_GOV10A_MAIN,3.736773,strict,derived_actual,EUROSTAT_GOV10A_MAIN,2012.0,41140.59999999998,,,,,,,,A,,EUROSTAT_GOV10A_MAIN,2026-07-21,2026-09-03,current,,,,,,,False,False,False,20260919T115610Z,derived R06 - R06_E - R06_H; never forecast
FRA_R06_X_strict,FRA,ESA_REV,R06_X,derived,Imputed and supplementary social contributions (D.612 + D.614 - D.61SC),2013,2013,CY,42121.20000000001,EUR,2120351.9,EUROSTAT_NAMA10_GDP,1.986519,1137646.2,EUROSTAT_GOV10A_MAIN,3.702487,strict,derived_actual,EUROSTAT_GOV10A_MAIN,2013.0,42121.20000000001,,,,,,,,A,,EUROSTAT_GOV10A_MAIN,2026-07-21,2026-09-03,current,,,,,,,False,False,False,20260919T115610Z,derived R06 - R06_E - R06_H; never forecast
FRA_R06_X_strict,FRA,ESA_REV,R06_X,derived,Imputed and supplementary social contributions (D.612 + D.614 - D.61SC),2014,2014,CY,42640.79999999999,EUR,2153733.1,EUROSTAT_NAMA10_GDP,1.979855,1159145.1,EUROSTAT_GOV10A_MAIN,3.678642,strict,derived_actual,EUROSTAT_GOV10A_MAIN,2014.0,42640.79999999999,,,,,,,,A,,EUROSTAT_GOV10A_MAIN,2026-07-21,2026-09-03,current,,,,,,,False,False,False,20260919T115610Z,derived R06 - R06_E - R06_H; never forecast
FRA_R06_X_strict,FRA,ESA_REV,R06_X,derived,Imputed and supplementary social contributions (D.612 + D.614 - D.61SC),2015,2015,CY,42831.5,EUR,2201401.6,EUROSTAT_NAMA10_GDP,1.945647,1182326.8,EUROSTAT_GOV10A_MAIN,3.622645,strict,derived_actual,EUROSTAT_GOV10A_MAIN,2015.0,42831.5,,,,,,,,A,,EUROSTAT_GOV10A_MAIN,2026-07-21,2026-09-03,current,,,,,,,False,False,False,20260919T115610Z,derived R06 - R06_E - R06_H; never forecast
FRA_R06_X_strict,FRA,ESA_REV,R06_X,derived,Imputed and supplementary social contributions (D.612 + D.614 - D.61SC),2016,2016,CY,43118.79999999999,EUR,2231819.2,EUROSTAT_NAMA10_GDP,1.932002,1196622.9,EUROSTAT_GOV10A_MAIN,3.603374,strict,derived_actual,EUROSTAT_GOV10A_MAIN,2016.0,43118.79999999999,,,,,,,,A,,EUROSTAT_GOV10A_MAIN,2026-07-21,2026-09-03,current,,,,,,,False,False,False,20260919T115610Z,derived R06 - R06_E - R06_H; never forecast
FRA_R06_X_strict,FRA,ESA_REV,R06_X,derived,Imputed and supplementary social contributions (D.612 + D.614 - D.61SC),2017,2017,CY,43260.09999999998,EUR,2291680.5,EUROSTAT_NAMA10_GDP,1.887702,1244386.9,EUROSTAT_GOV10A_MAIN,3.476419,strict,derived_actual,EUROSTAT_GOV10A_MAIN,2017.0,43260.09999999998,,,,,,,,A,,EUROSTAT_GOV10A_MAIN,2026-07-21,2026-09-03,current,,,,,,,False,False,False,20260919T115610Z,derived R06 - R06_E - R06_H; never forecast
FRA_R06_X_strict,FRA,ESA_REV,R06_X,derived,Imputed and supplementary social contributions (D.612 + D.614 - D.61SC),2018,2018,CY,43877.29999999999,EUR,2355362.8,EUROSTAT_NAMA10_GDP,1.862868,1273016.1,EUROSTAT_GOV10A_MAIN,3.44672,strict,derived_actual,EUROSTAT_GOV10A_MAIN,2018.0,43877.29999999999,,,,,,,,A,,EUROSTAT_GOV10A_MAIN,2026-07-21,2026-09-03,current,,,,,,,False,False,False,20260919T115610Z,derived R06 - R06_E - R06_H; never forecast
FRA_R06_X_strict,FRA,ESA_REV,R06_X,derived,Imputed and supplementary social contributions (D.612 + D.614 - D.61SC),2019,2019,CY,44186.0,EUR,2432206.8,EUROSTAT_NAMA10_GDP,1.816704,1287929.2,EUROSTAT_GOV10A_MAIN,3.430779,strict,derived_actual,EUROSTAT_GOV10A_MAIN,2019.0,44186.0,,,,,,,,A,,EUROSTAT_GOV10A_MAIN,2026-07-21,2026-09-03,current,,,,,,,False,False,False,20260919T115610Z,derived R06 - R06_E - R06_H; never forecast
FRA_R06_X_strict,FRA,ESA_REV,R06_X,derived,Imputed and supplementary social contributions (D.612 + D.614 - D.61SC),2020,2020,CY,44617.0,EUR,2318276.2,EUROSTAT_NAMA10_GDP,1.924577,1223272.6,EUROSTAT_GOV10A_MAIN,3.647347,strict,derived_actual,EUROSTAT_GOV10A_MAIN,2020.0,44617.0,,,,,,,,A,,EUROSTAT_GOV10A_MAIN,2026-07-21,2026-09-03,current,,,,,,,False,False,False,20260919T115610Z,derived R06 - R06_E - R06_H; never forecast
FRA_R06_X_strict,FRA,ESA_REV,R06_X,derived,Imputed and supplementary social contributions (D.612 + D.614 - D.61SC),2021,2021,CY,44866.0,EUR,2508102.3,EUROSTAT_NAMA10_GDP,1.788843,1326231.8,EUROSTAT_GOV10A_MAIN,3.382968,strict,derived_actual,EUROSTAT_GOV10A_MAIN,2021.0,44866.0,,,,,,,,A,,EUROSTAT_GOV10A_MAIN,2026-07-21,2026-09-03,current,,,,,,,False,False,False,20260919T115610Z,derived R06 - R06_E - R06_H; never forecast
FRA_R06_X_strict,FRA,ESA_REV,R06_X,derived,Imputed and supplementary social contributions (D.612 + D.614 - D.61SC),2022,2022,CY,46474.0,EUR,2653997.2,EUROSTAT_NAMA10_GDP,1.751095,1424435.6,EUROSTAT_GOV10A_MAIN,3.262626,strict,derived_actual,EUROSTAT_GOV10A_MAIN,2022.0,46474.0,,,,,,,,A,,EUROSTAT_GOV10A_MAIN,2026-07-21,2026-09-03,current,,,,,,,False,False,False,20260919T115610Z,derived R06 - R06_E - R06_H; never forecast
FRA_R06_X_strict,FRA,ESA_REV,R06_X,derived,Imputed and supplementary social contributions (D.612 + D.614 - D.61SC),2023,2023,CY,48175.0,EUR,2833826.4,EUROSTAT_NAMA10_GDP,1.699998,1456350.5,EUROSTAT_GOV10A_MAIN,3.307926,strict,derived_actual,EUROSTAT_GOV10A_MAIN,2023.0,48175.0,,,,,,,,A,,EUROSTAT_GOV10A_MAIN,2026-07-21,2026-09-03,current,,,,,,,False,False,False,20260919T115610Z,derived R06 - R06_E - R06_H; never forecast
FRA_R06_X_strict,FRA,ESA_REV,R06_X,derived,Imputed and supplementary social contributions (D.612 + D.614 - D.61SC),2024,2024,CY,51242.0,EUR,2935236.2,EUROSTAT_NAMA10_GDP,1.745754,1503590.1,EUROSTAT_GOV10A_MAIN,3.407977,strict,derived_actual,EUROSTAT_GOV10A_MAIN,2024.0,51242.0,,,,,,,,A,,EUROSTAT_GOV10A_MAIN,2026-07-21,2026-09-03,current,,,,,,,False,False,False,20260919T115610Z,derived R06 - R06_E - R06_H; never forecast
FRA_R06_X_strict,FRA,ESA_REV,R06_X,derived,Imputed and supplementary social contributions (D.612 + D.614 - D.61SC),2025,2025,CY,52407.0,EUR,2991055.9,EUROSTAT_NAMA10_GDP,1.752124,1561626.1,EUROSTAT_GOV10A_MAIN,3.355925,strict,derived_actual,EUROSTAT_GOV10A_MAIN,2025.0,52407.0,,,,,,,,A,,EUROSTAT_GOV10A_MAIN,2026-07-21,2026-09-03,current,,,,,,,False,False,False,20260919T115610Z,derived R06 - R06_E - R06_H; never forecast
FRA_R01_strict,FRA,ESA_REV,R01,1,Value added tax,1994,1994,CY,85736.63512525034,EUR,1172960.4,EUROSTAT_NAMA10_GDP,7.309423,,,,strict,stitched_actual,EUROSTAT_GOV10A_MAIN,1995.0,89583.3,OECD_RS,0.9570604691415736,,,,0.9909,2024.0,B,OECD_RS_to_ESA_REV:1.0,OECD_RS,,2026-08-31,current,,,,,,,False,False,False,20260919T115610Z,"OECD 5111 VAT: OECD Revenue Statistics heading, growth only (§7.11): historical years cash-basis; payable tax credits net where the anchor is gross (D17); EU own resources treated as revenue reductions in some years vs D.7 payable in ESA"
FRA_R01_strict,FRA,ESA_REV,R01,1,Value added tax,1993,1993,CY,81266.67667301733,EUR,1134838.6,EUROSTAT_NAMA10_GDP,7.161078,,,,strict,stitched_actual,EUROSTAT_GOV10A_MAIN,1995.0,89583.3,OECD_RS,0.947864078807117,,,,0.9909,2024.0,B,OECD_RS_to_ESA_REV:1.0,OECD_RS,,2026-08-31,current,,,,,,,False,False,False,20260919T115610Z,"OECD 5111 VAT: OECD Revenue Statistics heading, growth only (§7.11): historical years cash-basis; payable tax credits net where the anchor is gross (D17); EU own resources treated as revenue reductions in some years vs D.7 payable in ESA"
FRA_R01_strict,FRA,ESA_REV,R01,1,Value added tax,1992,1992,CY,79880.46733795312,EUR,1121458.1,EUROSTAT_NAMA10_GDP,7.122911,,,,strict,stitched_actual,EUROSTAT_GOV10A_MAIN,1995.0,89583.3,OECD_RS,0.982942463112627,,,,0.9909,2024.0,B,OECD_RS_to_ESA_REV:1.0,OECD_RS,,2026-08-31,current,,,,,,,False,False,False,20260919T115610Z,"OECD 5111 VAT: OECD Revenue Statistics heading, growth only (§7.11): historical years cash-basis; payable tax credits net where the anchor is gross (D17); EU own resources treated as revenue reductions in some years vs D.7 payable in ESA"
FRA_R01_strict,FRA,ESA_REV,R01,1,Value added tax,1991,1991,CY,79877.6885522786,EUR,1082833.0,EUROSTAT_NAMA10_GDP,7.376732,,,,strict,stitched_actual,EUROSTAT_GOV10A_MAIN,1995.0,89583.3,OECD_RS,0.9999652132020865,,,,0.9909,2024.0,B,OECD_RS_to_ESA_REV:1.0,OECD_RS,,2026-08-31,current,,,,,,,False,False,False,20260919T115610Z,"OECD 5111 VAT: OECD Revenue Statistics heading, growth only (§7.11): historical years cash-basis; payable tax credits net where the anchor is gross (D17); EU own resources treated as revenue reductions in some years vs D.7 payable in ESA"
FRA_R01_strict,FRA,ESA_REV,R01,1,Value added tax,1990,1990,CY,80312.48766746315,EUR,1043974.8,EUROSTAT_NAMA10_GDP,7.692953,,,,strict,stitched_actual,EUROSTAT_GOV10A_MAIN,1995.0,89583.3,OECD_RS,1.0054433111806933,,,,0.9909,2024.0,B,OECD_RS_to_ESA_REV:1.0,OECD_RS,,2026-08-31,current,,,,,,,False,False,False,20260919T115610Z,"OECD 5111 VAT: OECD Revenue Statistics heading, growth only (§7.11): historical years cash-basis; payable tax credits net where the anchor is gross (D17); EU own resources treated as revenue reductions in some years vs D.7 payable in ESA"
FRA_R01_strict,FRA,ESA_REV,R01,1,Value added tax,1989,1989,CY,78003.3047208171,EUR,988883.5,EUROSTAT_NAMA10_GDP,7.888018,,,,strict,stitched_actual,EUROSTAT_GOV10A_MAIN,1995.0,89583.3,OECD_RS,0.9712475230974378,,,,0.9909,2024.0,B,OECD_RS_to_ESA_REV:1.0,OECD_RS,,2026-08-31,current,,,,,,,False,False,False,20260919T115610Z,"OECD 5111 VAT: OECD Revenue Statistics heading, growth only (§7.11): historical years cash-basis; payable tax credits net where the anchor is gross (D17); EU own resources treated as revenue reductions in some years vs D.7 payable in ESA"
FRA_R01_strict,FRA,ESA_REV,R01,1,Value added tax,1988,1988,CY,74403.65651884598,EUR,917932.6,EUROSTAT_NAMA10_GDP,8.105569,,,,strict,stitched_actual,EUROSTAT_GOV10A_MAIN,1995.0,89583.3,OECD_RS,0.9538526192594701,,,,0.9909,2024.0,B,OECD_RS_to_ESA_REV:1.0,OECD_RS,,2026-08-31,current,,,,,,,False,False,False,20260919T115610Z,"OECD 5111 VAT: OECD Revenue Statistics heading, growth only (§7.11): historical years cash-basis; payable tax credits net where the anchor is gross (D17); EU own resources treated as revenue reductions in some years vs D.7 payable in ESA"
FRA_R01_strict,FRA,ESA_REV,R01,1,Value added tax,1987,1987,CY,69751.76342651367,EUR,848787.8,EUROSTAT_NAMA10_GDP,8.217809,,,,strict,stitched_actual,EUROSTAT_GOV10A_MAIN,1995.0,89583.3,OECD_RS,0.937477627982517,,,,0.9909,2024.0,B,OECD_RS_to_ESA_REV:1.0,OECD_RS,,2026-08-31,current,,,,,,,False,False,False,20260919T115610Z,"OECD 5111 VAT: OECD Revenue Statistics heading, growth only (§7.11): historical years cash-basis; payable tax credits net where the anchor is gross (D17); EU own resources treated as revenue reductions in some years vs D.7 payable in ESA"
FRA_R01_strict,FRA,ESA_REV,R01,1,Value added tax,1986,1986,CY,65302.8783528836,EUR,807707.1,EUROSTAT_NAMA10_GDP,8.08497,,,,strict,stitched_actual,EUROSTAT_GOV10A_MAIN,1995.0,89583.3,OECD_RS,0.9362183139883316,,,,0.9909,2024.0,B,OECD_RS_to_ESA_REV:1.0,OECD_RS,,2026-08-31,current,,,,,,,False,False,False,20260919T115610Z,"OECD 5111 VAT: OECD Revenue Statistics heading, growth only (§7.11): historical years cash-basis; payable tax credits net where the anchor is gross (D17); EU own resources treated as revenue reductions in some years vs D.7 payable in ESA"
FRA_R01_strict,FRA,ESA_REV,R01,1,Value added tax,1985,1985,CY,62953.88957762124,EUR,749583.3,EUROSTAT_NAMA10_GDP,8.398518,,,,strict,stitched_actual,EUROSTAT_GOV10A_MAIN,1995.0,89583.3,OECD_RS,0.9640293225274252,,,,0.9909,2024.0,B,OECD_RS_to_ESA_REV:1.0,OECD_RS,,2026-08-31,current,,,,,,,False,False,False,20260919T115610Z,"OECD 5111 VAT: OECD Revenue Statistics heading, growth only (§7.11): historical years cash-basis; payable tax credits net where the anchor is gross (D17); EU own resources treated as revenue reductions in some years vs D.7 payable in ESA"
FRA_R01_strict,FRA,ESA_REV,R01,1,Value added tax,1984,1984,CY,58417.27943531492,EUR,699501.9,EUROSTAT_NAMA10_GDP,8.351268,,,,strict,stitched_actual,EUROSTAT_GOV10A_MAIN,1995.0,89583.3,OECD_RS,0.9279375718840575,,,,0.9909,2024.0,B,OECD_RS_to_ESA_REV:1.0,OECD_RS,,2026-08-31,current,,,,,,,False,False,False,20260919T115610Z,"OECD 5111 VAT: OECD Revenue Statistics heading, growth only (§7.11): historical years cash-basis; payable tax credits net where the anchor is gross (D17); EU own resources treated as revenue reductions in some years vs D.7 payable in ESA"
FRA_R01_strict,FRA,ESA_REV,R01,1,Value added tax,1983,1983,CY,54330.16574406117,EUR,642944.7,EUROSTAT_NAMA10_GDP,8.450208,,,,strict,stitched_actual,EUROSTAT_GOV10A_MAIN,1995.0,89583.3,OECD_RS,0.9300358775560682,,,,0.9909,2024.0,B,OECD_RS_to_ESA_REV:1.0,OECD_RS,,2026-08-31,current,,,,,,,False,False,False,20260919T115610Z,"OECD 5111 VAT: OECD Revenue Statistics heading, growth only (§7.11): historical years cash-basis; payable tax credits net where the anchor is gross (D17); EU own resources treated as revenue reductions in some years vs D.7 payable in ESA"
FRA_R01_strict,FRA,ESA_REV,R01,1,Value added tax,1982,1982,CY,49917.411914015545,EUR,579250.8,EUROSTAT_NAMA10_GDP,8.617582,,,,strict,stitched_actual,EUROSTAT_GOV10A_MAIN,1995.0,89583.3,OECD_RS,0.9187789367175273,,,,0.9909,2024.0,B,OECD_RS_to_ESA_REV:1.0,OECD_RS,,2026-08-31,current,,,,,,,False,False,False,20260919T115610Z,"OECD 5111 VAT: OECD Revenue Statistics heading, growth only (§7.11): historical years cash-basis; payable tax credits net where the anchor is gross (D17); EU own resources treated as revenue reductions in some years vs D.7 payable in ESA"
FRA_R01_strict,FRA,ESA_REV,R01,1,Value added tax,1981,1981,CY,42441.466156088296,EUR,504709.6,EUROSTAT_NAMA10_GDP,8.409086,,,,strict,stitched_actual,EUROSTAT_GOV10A_MAIN,1995.0,89583.3,OECD_RS,0.8502337066111356,,,,0.9909,2024.0,B,OECD_RS_to_ESA_REV:1.0,OECD_RS,,2026-08-31,current,,,,,,,False,False,False,20260919T115610Z,"OECD 5111 VAT: OECD Revenue Statistics heading, growth only (§7.11): historical years cash-basis; payable tax credits net where the anchor is gross (D17); EU own resources treated as revenue reductions in some years vs D.7 payable in ESA"
FRA_R01_strict,FRA,ESA_REV,R01,1,Value added tax,1980,1980,CY,37440.96752170965,EUR,447415.7,EUROSTAT_NAMA10_GDP,8.368273,,,,strict,stitched_actual,EUROSTAT_GOV10A_MAIN,1995.0,89583.3,OECD_RS,0.882178937551588,,,,0.9909,2024.0,B,OECD_RS_to_ESA_REV:1.0,OECD_RS,,2026-08-31,current,,,,,,,False,False,False,20260919T115610Z,"OECD 5111 VAT: OECD Revenue Statistics heading, growth only (§7.11): historical years cash-basis; payable tax credits net where the anchor is gross (D17); EU own resources treated as revenue reductions in some years vs D.7 payable in ESA"
FRA_R01_strict,FRA,ESA_REV,R01,1,Value added tax,1979,1979,CY,32731.81557718403,EUR,394490.6,EUROSTAT_NAMA10_GDP,8.297236,,,,strict,stitched_actual,EUROSTAT_GOV10A_MAIN,1995.0,89583.3,OECD_RS,0.8742246192811368,,,,0.9909,2024.0,B,OECD_RS_to_ESA_REV:1.0,OECD_RS,,2026-08-31,current,,,,,,,False,False,False,20260919T115610Z,"OECD 5111 VAT: OECD Revenue Statistics heading, growth only (§7.11): historical years cash-basis; payable tax credits net where the anchor is gross (D17); EU own resources treated as revenue reductions in some years vs D.7 payable in ESA"
FRA_R01_strict,FRA,ESA_REV,R01,1,Value added tax,1978,1978,CY,27612.513059431054,EUR,345186.4,EUROSTAT_NAMA10_GDP,7.999305,,,,strict,stitched_actual,EUROSTAT_GOV10A_MAIN,1995.0,89583.3,OECD_RS,0.8435985774855268,,,,0.9909,2024.0,B,OECD_RS_to_ESA_REV:1.0,OECD_RS,,2026-08-31,current,,,,,,,False,False,False,20260919T115610Z,"OECD 5111 VAT: OECD Revenue Statistics heading, growth only (§7.11): historical years cash-basis; payable tax credits net where the anchor is gross (D17); EU own resources treated as revenue reductions in some years vs D.7 payable in ESA"
FRA_R01_strict,FRA,ESA_REV,R01,1,Value added tax,1977,1977,CY,23764.99858125507,EUR,303907.2,EUROSTAT_NAMA10_GDP,7.819821,,,,strict,stitched_actual,EUROSTAT_GOV10A_MAIN,1995.0,89583.3,OECD_RS,0.8606604741156703,,,,0.9909,2024.0,B,OECD_RS_to_ESA_REV:1.0,OECD_RS,,2026-08-31,current,,,,,,,False,False,False,20260919T115610Z,"OECD 5111 VAT: OECD Revenue Statistics heading, growth only (§7.11): historical years cash-basis; payable tax credits net where the anchor is gross (D17); EU own resources treated as revenue reductions in some years vs D.7 payable in ESA"
FRA_R01_strict,FRA,ESA_REV,R01,1,Value added tax,1976,1976,CY,23641.141264735004,EUR,269715.5,EUROSTAT_NAMA10_GDP,8.765214,,,,strict,stitched_actual,EUROSTAT_GOV10A_MAIN,1995.0,89583.3,OECD_RS,0.9947882464164016,,,,0.9909,2024.0,B,OECD_RS_to_ESA_REV:1.0,OECD_RS,,2026-08-31,current,,,,,,,False,False,False,20260919T115610Z,"OECD 5111 VAT: OECD Revenue Statistics heading, growth only (§7.11): historical years cash-basis; payable tax credits net where the anchor is gross (D17); EU own resources treated as revenue reductions in some years vs D.7 payable in ESA"
FRA_R01_strict,FRA,ESA_REV,R01,1,Value added tax,1975,1975,CY,19158.57534038127,EUR,233582.9,EUROSTAT_NAMA10_GDP,8.202045,,,,strict,stitched_actual,EUROSTAT_GOV10A_MAIN,1995.0,89583.3,OECD_RS,0.810391305810592,,,,0.9909,2024.0,B,OECD_RS_to_ESA_REV:1.0,OECD_RS,,2026-08-31,current,,,,,,,False,False,False,20260919T115610Z,"OECD 5111 VAT: OECD Revenue Statistics heading, growth only (§7.11): historical years cash-basis; payable tax credits net where the anchor is gross (D17); EU own resources treated as revenue reductions in some years vs D.7 payable in ESA"
FRA_R01_strict,FRA,ESA_REV,R01,1,Value added tax,1974,1974,CY,17500.21372478723,EUR,,EUROSTAT_NAMA10_GDP,,,,,strict,stitched_actual,EUROSTAT_GOV10A_MAIN,1995.0,89583.3,OECD_RS,0.9134402435394742,,,,0.9909,2024.0,B,OECD_RS_to_ESA_REV:1.0,OECD_RS,,2026-08-31,current,,,,,,,False,False,False,20260919T115610Z,"OECD 5111 VAT: OECD Revenue Statistics heading, growth only (§7.11): historical years cash-basis; payable tax credits net where the anchor is gross (D17); EU own resources treated as revenue reductions in some years vs D.7 payable in ESA"
FRA_R01_strict,FRA,ESA_REV,R01,1,Value added tax,1973,1973,CY,14598.540848288761,EUR,,EUROSTAT_NAMA10_GDP,,,,,strict,stitched_actual,EUROSTAT_GOV10A_MAIN,1995.0,89583.3,OECD_RS,0.8341921463285588,,,,0.9909,2024.0,B,OECD_RS_to_ESA_REV:1.0,OECD_RS,,2026-08-31,current,,,,,,,False,False,False,20260919T115610Z,"OECD 5111 VAT: OECD Revenue Statistics heading, growth only (§7.11): historical years cash-basis; payable tax credits net where the anchor is gross (D17); EU own resources treated as revenue reductions in some years vs D.7 payable in ESA"
FRA_R01_strict,FRA,ESA_REV,R01,1,Value added tax,1972,1972,CY,13763.388714282584,EUR,,EUROSTAT_NAMA10_GDP,,,,,strict,stitched_actual,EUROSTAT_GOV10A_MAIN,1995.0,89583.3,OECD_RS,0.9427920815727229,,,,0.9909,2024.0,B,OECD_RS_to_ESA_REV:1.0,OECD_RS,,2026-08-31,current,,,,,,,False,False,False,20260919T115610Z,"OECD 5111 VAT: OECD Revenue Statistics heading, growth only (§7.11): historical years cash-basis; payable tax credits net where the anchor is gross (D17); EU own resources treated as revenue reductions in some years vs D.7 payable in ESA"
FRA_R01_strict,FRA,ESA_REV,R01,1,Value added tax,1971,1971,CY,12163.35849988817,EUR,,EUROSTAT_NAMA10_GDP,,,,,strict,stitched_actual,EUROSTAT_GOV10A_MAIN,1995.0,89583.3,OECD_RS,0.8837473642858008,,,,0.9909,2024.0,B,OECD_RS_to_ESA_REV:1.0,OECD_RS,,2026-08-31,current,,,,,,,False,False,False,20260919T115610Z,"OECD 5111 VAT: OECD Revenue Statistics heading, growth only (§7.11): historical years cash-basis; payable tax credits net where the anchor is gross (D17); EU own resources treated as revenue reductions in some years vs D.7 payable in ESA"
FRA_R01_strict,FRA,ESA_REV,R01,1,Value added tax,1970,1970,CY,10844.569113314685,EUR,,EUROSTAT_NAMA10_GDP,,,,,strict,stitched_actual,EUROSTAT_GOV10A_MAIN,1995.0,89583.3,OECD_RS,0.8915768710931598,,,,0.9909,2024.0,B,OECD_RS_to_ESA_REV:1.0,OECD_RS,,2026-08-31,current,,,,,,,False,False,False,20260919T115610Z,"OECD 5111 VAT: OECD Revenue Statistics heading, growth only (§7.11): historical years cash-basis; payable tax credits net where the anchor is gross (D17); EU own resources treated as revenue reductions in some years vs D.7 payable in ESA"
FRA_R01_strict,FRA,ESA_REV,R01,1,Value added tax,1969,1969,CY,10444.369746176568,EUR,,EUROSTAT_NAMA10_GDP,,,,,strict,stitched_actual,EUROSTAT_GOV10A_MAIN,1995.0,89583.3,OECD_RS,0.9630967940766993,,,,0.9909,2024.0,B,OECD_RS_to_ESA_REV:1.0,OECD_RS,,2026-08-31,current,,,,,,,False,False,False,20260919T115610Z,"OECD 5111 VAT: OECD Revenue Statistics heading, growth only (§7.11): historical years cash-basis; payable tax credits net where the anchor is gross (D17); EU own resources treated as revenue reductions in some years vs D.7 payable in ESA"
FRA_R01_strict,FRA,ESA_REV,R01,1,Value added tax,1968,1968,CY,7905.998743333066,EUR,,EUROSTAT_NAMA10_GDP,,,,,strict,stitched_actual,EUROSTAT_GOV10A_MAIN,1995.0,89583.3,OECD_RS,0.7569627402579521,,,,0.9909,2024.0,B,OECD_RS_to_ESA_REV:1.0,OECD_RS,,2026-08-31,current,,,,,,,False,False,False,20260919T115610Z,"OECD 5111 VAT: OECD Revenue Statistics heading, growth only (§7.11): historical years cash-basis; payable tax credits net where the anchor is gross (D17); EU own resources treated as revenue reductions in some years vs D.7 payable in ESA"
FRA_R01_strict,FRA,ESA_REV,R01,1,Value added tax,1967,1967,CY,6168.3327738734,EUR,,EUROSTAT_NAMA10_GDP,,,,,strict,stitched_actual,EUROSTAT_GOV10A_MAIN,1995.0,89583.3,OECD_RS,0.7802091771232575,,,,0.9909,2024.0,B,OECD_RS_to_ESA_REV:1.0,OECD_RS,,2026-08-31,current,,,,,,,False,False,False,20260919T115610Z,"OECD 5111 VAT: OECD Revenue Statistics heading, growth only (§7.11): historical years cash-basis; payable tax credits net where the anchor is gross (D17); EU own resources treated as revenue reductions in some years vs D.7 payable in ESA"
FRA_R01_strict,FRA,ESA_REV,R01,1,Value added tax,1966,1966,CY,5811.613820383424,EUR,,EUROSTAT_NAMA10_GDP,,,,,strict,stitched_actual,EUROSTAT_GOV10A_MAIN,1995.0,89583.3,OECD_RS,0.9421693078880415,,,,0.9909,2024.0,B,OECD_RS_to_ESA_REV:1.0,OECD_RS,,2026-08-31,current,,,,,,,False,False,False,20260919T115610Z,"OECD 5111 VAT: OECD Revenue Statistics heading, growth only (§7.11): historical years cash-basis; payable tax credits net where the anchor is gross (D17); EU own resources treated as revenue reductions in some years vs D.7 payable in ESA"
FRA_R01_strict,FRA,ESA_REV,R01,1,Value added tax,1965,1965,CY,5194.626991738537,EUR,,EUROSTAT_NAMA10_GDP,,,,,strict,stitched_actual,EUROSTAT_GOV10A_MAIN,1995.0,89583.3,OECD_RS,0.8938355424648327,,,,0.9909,2024.0,B,OECD_RS_to_ESA_REV:1.0,OECD_RS,,2026-08-31,current,,,,,,,False,False,False,20260919T115610Z,"OECD 5111 VAT: OECD Revenue Statistics heading, growth only (§7.11): historical years cash-basis; payable tax credits net where the anchor is gross (D17); EU own resources treated as revenue reductions in some years vs D.7 payable in ESA"
FRA_R03_strict,FRA,ESA_REV,R03,1,Taxes on household income,1994,1994,CY,60405.93783234553,EUR,1172960.4,EUROSTAT_NAMA10_GDP,5.14987,,,,strict,stitched_actual,EUROSTAT_GOV10A_MAIN,1995.0,62812.0,OECD_RS,0.961694227732687,,,,0.9862,2024.0,B,OECD_RS_to_ESA_REV:1.0,OECD_RS,,2026-08-31,current,,,,,,,False,False,False,20260919T115610Z,"OECD 1100 personal income taxes: OECD Revenue Statistics heading, growth only (§7.11): historical years cash-basis; payable tax credits net where the anchor is gross (D17); EU own resources treated as revenue reductions in some years vs D.7 payable in ESA"
FRA_R03_strict,FRA,ESA_REV,R03,1,Taxes on household income,1993,1993,CY,57402.39069427791,EUR,1134838.6,EUROSTAT_NAMA10_GDP,5.058199,,,,strict,stitched_actual,EUROSTAT_GOV10A_MAIN,1995.0,62812.0,OECD_RS,0.9502772865408718,,,,0.9862,2024.0,B,OECD_RS_to_ESA_REV:1.0,OECD_RS,,2026-08-31,current,,,,,,,False,False,False,20260919T115610Z,"OECD 1100 personal income taxes: OECD Revenue Statistics heading, growth only (§7.11): historical years cash-basis; payable tax credits net where the anchor is gross (D17); EU own resources treated as revenue reductions in some years vs D.7 payable in ESA"
FRA_R03_strict,FRA,ESA_REV,R03,1,Taxes on household income,1992,1992,CY,55142.51290822242,EUR,1121458.1,EUROSTAT_NAMA10_GDP,4.917037,,,,strict,stitched_actual,EUROSTAT_GOV10A_MAIN,1995.0,62812.0,OECD_RS,0.9606309465734367,,,,0.9862,2024.0,B,OECD_RS_to_ESA_REV:1.0,OECD_RS,,2026-08-31,current,,,,,,,False,False,False,20260919T115610Z,"OECD 1100 personal income taxes: OECD Revenue Statistics heading, growth only (§7.11): historical years cash-basis; payable tax credits net where the anchor is gross (D17); EU own resources treated as revenue reductions in some years vs D.7 payable in ESA"
FRA_R03_strict,FRA,ESA_REV,R03,1,Taxes on household income,1991,1991,CY,57995.53836008768,EUR,1082833.0,EUROSTAT_NAMA10_GDP,5.355908,,,,strict,stitched_actual,EUROSTAT_GOV10A_MAIN,1995.0,62812.0,OECD_RS,1.0517391265177514,,,,0.9862,2024.0,B,OECD_RS_to_ESA_REV:1.0,OECD_RS,,2026-08-31,current,,,,,,,False,False,False,20260919T115610Z,"OECD 1100 personal income taxes: OECD Revenue Statistics heading, growth only (§7.11): historical years cash-basis; payable tax credits net where the anchor is gross (D17); EU own resources treated as revenue reductions in some years vs D.7 payable in ESA"
FRA_R03_strict,FRA,ESA_REV,R03,1,Taxes on household income,1990,1990,CY,47990.62638949525,EUR,1043974.8,EUROSTAT_NAMA10_GDP,4.596914,,,,strict,stitched_actual,EUROSTAT_GOV10A_MAIN,1995.0,62812.0,OECD_RS,0.827488247311835,,,,0.9862,2024.0,B,OECD_RS_to_ESA_REV:1.0,OECD_RS,,2026-08-31,current,,,,,,,False,False,False,20260919T115610Z,"OECD 1100 personal income taxes: OECD Revenue Statistics heading, growth only (§7.11): historical years cash-basis; payable tax credits net where the anchor is gross (D17); EU own resources treated as revenue reductions in some years vs D.7 payable in ESA"
FRA_R03_strict,FRA,ESA_REV,R03,1,Taxes on household income,1989,1989,CY,44598.36777265767,EUR,988883.5,EUROSTAT_NAMA10_GDP,4.509972,,,,strict,stitched_actual,EUROSTAT_GOV10A_MAIN,1995.0,62812.0,OECD_RS,0.9293141416970521,,,,0.9862,2024.0,B,OECD_RS_to_ESA_REV:1.0,OECD_RS,,2026-08-31,current,,,,,,,False,False,False,20260919T115610Z,"OECD 1100 personal income taxes: OECD Revenue Statistics heading, growth only (§7.11): historical years cash-basis; payable tax credits net where the anchor is gross (D17); EU own resources treated as revenue reductions in some years vs D.7 payable in ESA"
FRA_R03_strict,FRA,ESA_REV,R03,1,Taxes on household income,1988,1988,CY,42640.01147890699,EUR,917932.6,EUROSTAT_NAMA10_GDP,4.645222,,,,strict,stitched_actual,EUROSTAT_GOV10A_MAIN,1995.0,62812.0,OECD_RS,0.9560890590495711,,,,0.9862,2024.0,B,OECD_RS_to_ESA_REV:1.0,OECD_RS,,2026-08-31,current,,,,,,,False,False,False,20260919T115610Z,"OECD 1100 personal income taxes: OECD Revenue Statistics heading, growth only (§7.11): historical years cash-basis; payable tax credits net where the anchor is gross (D17); EU own resources treated as revenue reductions in some years vs D.7 payable in ESA"
FRA_R03_strict,FRA,ESA_REV,R03,1,Taxes on household income,1987,1987,CY,43024.53603785775,EUR,848787.8,EUROSTAT_NAMA10_GDP,5.068939,,,,strict,stitched_actual,EUROSTAT_GOV10A_MAIN,1995.0,62812.0,OECD_RS,1.009017928129334,,,,0.9862,2024.0,B,OECD_RS_to_ESA_REV:1.0,OECD_RS,,2026-08-31,current,,,,,,,False,False,False,20260919T115610Z,"OECD 1100 personal income taxes: OECD Revenue Statistics heading, growth only (§7.11): historical years cash-basis; payable tax credits net where the anchor is gross (D17); EU own resources treated as revenue reductions in some years vs D.7 payable in ESA"
FRA_R03_strict,FRA,ESA_REV,R03,1,Taxes on household income,1986,1986,CY,40355.790026268376,EUR,807707.1,EUROSTAT_NAMA10_GDP,4.99634,,,,strict,stitched_actual,EUROSTAT_GOV10A_MAIN,1995.0,62812.0,OECD_RS,0.9379715330517192,,,,0.9862,2024.0,B,OECD_RS_to_ESA_REV:1.0,OECD_RS,,2026-08-31,current,,,,,,,False,False,False,20260919T115610Z,"OECD 1100 personal income taxes: OECD Revenue Statistics heading, growth only (§7.11): historical years cash-basis; payable tax credits net where the anchor is gross (D17); EU own resources treated as revenue reductions in some years vs D.7 payable in ESA"
FRA_R03_strict,FRA,ESA_REV,R03,1,Taxes on household income,1985,1985,CY,37828.39534045499,EUR,749583.3,EUROSTAT_NAMA10_GDP,5.04659,,,,strict,stitched_actual,EUROSTAT_GOV10A_MAIN,1995.0,62812.0,OECD_RS,0.9373721915946075,,,,0.9862,2024.0,B,OECD_RS_to_ESA_REV:1.0,OECD_RS,,2026-08-31,current,,,,,,,False,False,False,20260919T115610Z,"OECD 1100 personal income taxes: OECD Revenue Statistics heading, growth only (§7.11): historical years cash-basis; payable tax credits net where the anchor is gross (D17); EU own resources treated as revenue reductions in some years vs D.7 payable in ESA"
FRA_R03_strict,FRA,ESA_REV,R03,1,Taxes on household income,1984,1984,CY,37393.117472544116,EUR,699501.9,EUROSTAT_NAMA10_GDP,5.345678,,,,strict,stitched_actual,EUROSTAT_GOV10A_MAIN,1995.0,62812.0,OECD_RS,0.9884933562739477,,,,0.9862,2024.0,B,OECD_RS_to_ESA_REV:1.0,OECD_RS,,2026-08-31,current,,,,,,,False,False,False,20260919T115610Z,"OECD 1100 personal income taxes: OECD Revenue Statistics heading, growth only (§7.11): historical years cash-basis; payable tax credits net where the anchor is gross (D17); EU own resources treated as revenue reductions in some years vs D.7 payable in ESA"
FRA_R03_strict,FRA,ESA_REV,R03,1,Taxes on household income,1983,1983,CY,33783.456388860046,EUR,642944.7,EUROSTAT_NAMA10_GDP,5.254489,,,,strict,stitched_actual,EUROSTAT_GOV10A_MAIN,1995.0,62812.0,OECD_RS,0.9034672333395454,,,,0.9862,2024.0,B,OECD_RS_to_ESA_REV:1.0,OECD_RS,,2026-08-31,current,,,,,,,False,False,False,20260919T115610Z,"OECD 1100 personal income taxes: OECD Revenue Statistics heading, growth only (§7.11): historical years cash-basis; payable tax credits net where the anchor is gross (D17); EU own resources treated as revenue reductions in some years vs D.7 payable in ESA"
FRA_R03_strict,FRA,ESA_REV,R03,1,Taxes on household income,1982,1982,CY,28842.03017896646,EUR,579250.8,EUROSTAT_NAMA10_GDP,4.979196,,,,strict,stitched_actual,EUROSTAT_GOV10A_MAIN,1995.0,62812.0,OECD_RS,0.8537323667236428,,,,0.9862,2024.0,B,OECD_RS_to_ESA_REV:1.0,OECD_RS,,2026-08-31,current,,,,,,,False,False,False,20260919T115610Z,"OECD 1100 personal income taxes: OECD Revenue Statistics heading, growth only (§7.11): historical years cash-basis; payable tax credits net where the anchor is gross (D17); EU own resources treated as revenue reductions in some years vs D.7 payable in ESA"
FRA_R03_strict,FRA,ESA_REV,R03,1,Taxes on household income,1981,1981,CY,25113.78706296951,EUR,504709.6,EUROSTAT_NAMA10_GDP,4.975889,,,,strict,stitched_actual,EUROSTAT_GOV10A_MAIN,1995.0,62812.0,OECD_RS,0.870735759831642,,,,0.9862,2024.0,B,OECD_RS_to_ESA_REV:1.0,OECD_RS,,2026-08-31,current,,,,,,,False,False,False,20260919T115610Z,"OECD 1100 personal income taxes: OECD Revenue Statistics heading, growth only (§7.11): historical years cash-basis; payable tax credits net where the anchor is gross (D17); EU own resources treated as revenue reductions in some years vs D.7 payable in ESA"
FRA_R03_strict,FRA,ESA_REV,R03,1,Taxes on household income,1980,1980,CY,21503.650970794675,EUR,447415.7,EUROSTAT_NAMA10_GDP,4.806191,,,,strict,stitched_actual,EUROSTAT_GOV10A_MAIN,1995.0,62812.0,OECD_RS,0.8562488372174657,,,,0.9862,2024.0,B,OECD_RS_to_ESA_REV:1.0,OECD_RS,,2026-08-31,current,,,,,,,False,False,False,20260919T115610Z,"OECD 1100 personal income taxes: OECD Revenue Statistics heading, growth only (§7.11): historical years cash-basis; payable tax credits net where the anchor is gross (D17); EU own resources treated as revenue reductions in some years vs D.7 payable in ESA"
FRA_R03_strict,FRA,ESA_REV,R03,1,Taxes on household income,1979,1979,CY,17637.218758035542,EUR,394490.6,EUROSTAT_NAMA10_GDP,4.470884,,,,strict,stitched_actual,EUROSTAT_GOV10A_MAIN,1995.0,62812.0,OECD_RS,0.8201964764955331,,,,0.9862,2024.0,B,OECD_RS_to_ESA_REV:1.0,OECD_RS,,2026-08-31,current,,,,,,,False,False,False,20260919T115610Z,"OECD 1100 personal income taxes: OECD Revenue Statistics heading, growth only (§7.11): historical years cash-basis; payable tax credits net where the anchor is gross (D17); EU own resources treated as revenue reductions in some years vs D.7 payable in ESA"
FRA_R03_strict,FRA,ESA_REV,R03,1,Taxes on household income,1978,1978,CY,15394.10628257635,EUR,345186.4,EUROSTAT_NAMA10_GDP,4.45965,,,,strict,stitched_actual,EUROSTAT_GOV10A_MAIN,1995.0,62812.0,OECD_RS,0.8728193766697355,,,,0.9862,2024.0,B,OECD_RS_to_ESA_REV:1.0,OECD_RS,,2026-08-31,current,,,,,,,False,False,False,20260919T115610Z,"OECD 1100 personal income taxes: OECD Revenue Statistics heading, growth only (§7.11): historical years cash-basis; payable tax credits net where the anchor is gross (D17); EU own resources treated as revenue reductions in some years vs D.7 payable in ESA"
FRA_R03_strict,FRA,ESA_REV,R03,1,Taxes on household income,1977,1977,CY,13739.480581753423,EUR,303907.2,EUROSTAT_NAMA10_GDP,4.520946,,,,strict,stitched_actual,EUROSTAT_GOV10A_MAIN,1995.0,62812.0,OECD_RS,0.8925156374491389,,,,0.9862,2024.0,B,OECD_RS_to_ESA_REV:1.0,OECD_RS,,2026-08-31,current,,,,,,,False,False,False,20260919T115610Z,"OECD 1100 personal income taxes: OECD Revenue Statistics heading, growth only (§7.11): historical years cash-basis; payable tax credits net where the anchor is gross (D17); EU own resources treated as revenue reductions in some years vs D.7 payable in ESA"
FRA_R03_strict,FRA,ESA_REV,R03,1,Taxes on household income,1976,1976,CY,11732.110256857044,EUR,269715.5,EUROSTAT_NAMA10_GDP,4.349809,,,,strict,stitched_actual,EUROSTAT_GOV10A_MAIN,1995.0,62812.0,OECD_RS,0.8538976555225641,,,,0.9862,2024.0,B,OECD_RS_to_ESA_REV:1.0,OECD_RS,,2026-08-31,current,,,,,,,False,False,False,20260919T115610Z,"OECD 1100 personal income taxes: OECD Revenue Statistics heading, growth only (§7.11): historical years cash-basis; payable tax credits net where the anchor is gross (D17); EU own resources treated as revenue reductions in some years vs D.7 payable in ESA"
FRA_R03_strict,FRA,ESA_REV,R03,1,Taxes on household income,1975,1975,CY,9067.791780741572,EUR,233582.9,EUROSTAT_NAMA10_GDP,3.882044,,,,strict,stitched_actual,EUROSTAT_GOV10A_MAIN,1995.0,62812.0,OECD_RS,0.7729037302084455,,,,0.9862,2024.0,B,OECD_RS_to_ESA_REV:1.0,OECD_RS,,2026-08-31,current,,,,,,,False,False,False,20260919T115610Z,"OECD 1100 personal income taxes: OECD Revenue Statistics heading, growth only (§7.11): historical years cash-basis; payable tax credits net where the anchor is gross (D17); EU own resources treated as revenue reductions in some years vs D.7 payable in ESA"
FRA_R03_strict,FRA,ESA_REV,R03,1,Taxes on household income,1974,1974,CY,8312.972174833936,EUR,,EUROSTAT_NAMA10_GDP,,,,,strict,stitched_actual,EUROSTAT_GOV10A_MAIN,1995.0,62812.0,OECD_RS,0.9167581673510916,,,,0.9862,2024.0,B,OECD_RS_to_ESA_REV:1.0,OECD_RS,,2026-08-31,current,,,,,,,False,False,False,20260919T115610Z,"OECD 1100 personal income taxes: OECD Revenue Statistics heading, growth only (§7.11): historical years cash-basis; payable tax credits net where the anchor is gross (D17); EU own resources treated as revenue reductions in some years vs D.7 payable in ESA"
FRA_R03_strict,FRA,ESA_REV,R03,1,Taxes on household income,1973,1973,CY,6034.758853607905,EUR,,EUROSTAT_NAMA10_GDP,,,,,strict,stitched_actual,EUROSTAT_GOV10A_MAIN,1995.0,62812.0,OECD_RS,0.725944791668746,,,,0.9862,2024.0,B,OECD_RS_to_ESA_REV:1.0,OECD_RS,,2026-08-31,current,,,,,,,False,False,False,20260919T115610Z,"OECD 1100 personal income taxes: OECD Revenue Statistics heading, growth only (§7.11): historical years cash-basis; payable tax credits net where the anchor is gross (D17); EU own resources treated as revenue reductions in some years vs D.7 payable in ESA"
FRA_R03_strict,FRA,ESA_REV,R03,1,Taxes on household income,1972,1972,CY,5737.51140058348,EUR,,EUROSTAT_NAMA10_GDP,,,,,strict,stitched_actual,EUROSTAT_GOV10A_MAIN,1995.0,62812.0,OECD_RS,0.9507441042409318,,,,0.9862,2024.0,B,OECD_RS_to_ESA_REV:1.0,OECD_RS,,2026-08-31,current,,,,,,,False,False,False,20260919T115610Z,"OECD 1100 personal income taxes: OECD Revenue Statistics heading, growth only (§7.11): historical years cash-basis; payable tax credits net where the anchor is gross (D17); EU own resources treated as revenue reductions in some years vs D.7 payable in ESA"
FRA_R03_strict,FRA,ESA_REV,R03,1,Taxes on household income,1971,1971,CY,4963.560775853748,EUR,,EUROSTAT_NAMA10_GDP,,,,,strict,stitched_actual,EUROSTAT_GOV10A_MAIN,1995.0,62812.0,OECD_RS,0.8651069129638636,,,,0.9862,2024.0,B,OECD_RS_to_ESA_REV:1.0,OECD_RS,,2026-08-31,current,,,,,,,False,False,False,20260919T115610Z,"OECD 1100 personal income taxes: OECD Revenue Statistics heading, growth only (§7.11): historical years cash-basis; payable tax credits net where the anchor is gross (D17); EU own resources treated as revenue reductions in some years vs D.7 payable in ESA"
FRA_R03_strict,FRA,ESA_REV,R03,1,Taxes on household income,1970,1970,CY,4714.537056005681,EUR,,EUROSTAT_NAMA10_GDP,,,,,strict,stitched_actual,EUROSTAT_GOV10A_MAIN,1995.0,62812.0,OECD_RS,0.9498296221012354,,,,0.9862,2024.0,B,OECD_RS_to_ESA_REV:1.0,OECD_RS,,2026-08-31,current,,,,,,,False,False,False,20260919T115610Z,"OECD 1100 personal income taxes: OECD Revenue Statistics heading, growth only (§7.11): historical years cash-basis; payable tax credits net where the anchor is gross (D17); EU own resources treated as revenue reductions in some years vs D.7 payable in ESA"
FRA_R03_strict,FRA,ESA_REV,R03,1,Taxes on household income,1969,1969,CY,4716.433978559384,EUR,,EUROSTAT_NAMA10_GDP,,,,,strict,stitched_actual,EUROSTAT_GOV10A_MAIN,1995.0,62812.0,OECD_RS,1.0004023560598143,,,,0.9862,2024.0,B,OECD_RS_to_ESA_REV:1.0,OECD_RS,,2026-08-31,current,,,,,,,False,False,False,20260919T115610Z,"OECD 1100 personal income taxes: OECD Revenue Statistics heading, growth only (§7.11): historical years cash-basis; payable tax credits net where the anchor is gross (D17); EU own resources treated as revenue reductions in some years vs D.7 payable in ESA"
FRA_R03_strict,FRA,ESA_REV,R03,1,Taxes on household income,1968,1968,CY,4080.8300953311195,EUR,,EUROSTAT_NAMA10_GDP,,,,,strict,stitched_actual,EUROSTAT_GOV10A_MAIN,1995.0,62812.0,OECD_RS,0.8652363446371389,,,,0.9862,2024.0,B,OECD_RS_to_ESA_REV:1.0,OECD_RS,,2026-08-31,current,,,,,,,False,False,False,20260919T115610Z,"OECD 1100 personal income taxes: OECD Revenue Statistics heading, growth only (§7.11): historical years cash-basis; payable tax credits net where the anchor is gross (D17); EU own resources treated as revenue reductions in some years vs D.7 payable in ESA"
FRA_R03_strict,FRA,ESA_REV,R03,1,Taxes on household income,1967,1967,CY,3347.198149811462,EUR,,EUROSTAT_NAMA10_GDP,,,,,strict,stitched_actual,EUROSTAT_GOV10A_MAIN,1995.0,62812.0,OECD_RS,0.8202248247583239,,,,0.9862,2024.0,B,OECD_RS_to_ESA_REV:1.0,OECD_RS,,2026-08-31,current,,,,,,,False,False,False,20260919T115610Z,"OECD 1100 personal income taxes: OECD Revenue Statistics heading, growth only (§7.11): historical years cash-basis; payable tax credits net where the anchor is gross (D17); EU own resources treated as revenue reductions in some years vs D.7 payable in ESA"
FRA_R03_strict,FRA,ESA_REV,R03,1,Taxes on household income,1966,1966,CY,3005.6794905938214,EUR,,EUROSTAT_NAMA10_GDP,,,,,strict,stitched_actual,EUROSTAT_GOV10A_MAIN,1995.0,62812.0,OECD_RS,0.8979687954127014,,,,0.9862,2024.0,B,OECD_RS_to_ESA_REV:1.0,OECD_RS,,2026-08-31,current,,,,,,,False,False,False,20260919T115610Z,"OECD 1100 personal income taxes: OECD Revenue Statistics heading, growth only (§7.11): historical years cash-basis; payable tax credits net where the anchor is gross (D17); EU own resources treated as revenue reductions in some years vs D.7 payable in ESA"
FRA_R03_strict,FRA,ESA_REV,R03,1,Taxes on household income,1965,1965,CY,2838.0823899988022,EUR,,EUROSTAT_NAMA10_GDP,,,,,strict,stitched_actual,EUROSTAT_GOV10A_MAIN,1995.0,62812.0,OECD_RS,0.9442398628597929,,,,0.9862,2024.0,B,OECD_RS_to_ESA_REV:1.0,OECD_RS,,2026-08-31,current,,,,,,,False,False,False,20260919T115610Z,"OECD 1100 personal income taxes: OECD Revenue Statistics heading, growth only (§7.11): historical years cash-basis; payable tax credits net where the anchor is gross (D17); EU own resources treated as revenue reductions in some years vs D.7 payable in ESA"
FRA_R02_A_strict,FRA,ESA_REV,R02_A,2,Excise duties,1994,1994,CY,31769.751685402975,EUR,1172960.4,EUROSTAT_NAMA10_GDP,2.70851,,,,strict,stitched_actual,EUROSTAT_GOV10A_TAXAG,1995.0,32928.0,OECD_RS,0.9648248203778843,,,,1.0153,2024.0,B,OECD_RS_to_ESA_REV:1.0,OECD_RS,,2026-08-31,current,,,,,,,False,False,False,20260919T115610Z,"OECD 5121 Excise duties: OECD Revenue Statistics heading, growth only (§7.11): historical years cash-basis; payable tax credits net where the anchor is gross (D17); EU own resources treated as revenue reductions in some years vs D.7 payable in ESA"
FRA_R02_A_strict,FRA,ESA_REV,R02_A,2,Excise duties,1993,1993,CY,28203.774591446996,EUR,1134838.6,EUROSTAT_NAMA10_GDP,2.485267,,,,strict,stitched_actual,EUROSTAT_GOV10A_TAXAG,1995.0,32928.0,OECD_RS,0.8877555881057008,,,,1.0153,2024.0,B,OECD_RS_to_ESA_REV:1.0,OECD_RS,,2026-08-31,current,,,,,,,False,False,False,20260919T115610Z,"OECD 5121 Excise duties: OECD Revenue Statistics heading, growth only (§7.11): historical years cash-basis; payable tax credits net where the anchor is gross (D17); EU own resources treated as revenue reductions in some years vs D.7 payable in ESA"
FRA_R02_A_strict,FRA,ESA_REV,R02_A,2,Excise duties,1992,1992,CY,26240.419600272664,EUR,1121458.1,EUROSTAT_NAMA10_GDP,2.339848,,,,strict,stitched_actual,EUROSTAT_GOV10A_TAXAG,1995.0,32928.0,OECD_RS,0.9303868003621851,,,,1.0153,2024.0,B,OECD_RS_to_ESA_REV:1.0,OECD_RS,,2026-08-31,current,,,,,,,False,False,False,20260919T115610Z,"OECD 5121 Excise duties: OECD Revenue Statistics heading, growth only (§7.11): historical years cash-basis; payable tax credits net where the anchor is gross (D17); EU own resources treated as revenue reductions in some years vs D.7 payable in ESA"
FRA_R02_A_strict,FRA,ESA_REV,R02_A,2,Excise duties,1991,1991,CY,25198.13505990631,EUR,1082833.0,EUROSTAT_NAMA10_GDP,2.327056,,,,strict,stitched_actual,EUROSTAT_GOV10A_TAXAG,1995.0,32928.0,OECD_RS,0.960279425548686,,,,1.0153,2024.0,B,OECD_RS_to_ESA_REV:1.0,OECD_RS,,2026-08-31,current,,,,,,,False,False,False,20260919T115610Z,"OECD 5121 Excise duties: OECD Revenue Statistics heading, growth only (§7.11): historical years cash-basis; payable tax credits net where the anchor is gross (D17); EU own resources treated as revenue reductions in some years vs D.7 payable in ESA"
FRA_R02_A_strict,FRA,ESA_REV,R02_A,2,Excise duties,1990,1990,CY,25380.68070181748,EUR,1043974.8,EUROSTAT_NAMA10_GDP,2.431158,,,,strict,stitched_actual,EUROSTAT_GOV10A_TAXAG,1995.0,32928.0,OECD_RS,1.007244410805688,,,,1.0153,2024.0,B,OECD_RS_to_ESA_REV:1.0,OECD_RS,,2026-08-31,current,,,,,,,False,False,False,20260919T115610Z,"OECD 5121 Excise duties: OECD Revenue Statistics heading, growth only (§7.11): historical years cash-basis; payable tax credits net where the anchor is gross (D17); EU own resources treated as revenue reductions in some years vs D.7 payable in ESA"
FRA_R02_A_strict,FRA,ESA_REV,R02_A,2,Excise duties,1989,1989,CY,23665.959495752562,EUR,988883.5,EUROSTAT_NAMA10_GDP,2.3932,,,,strict,stitched_actual,EUROSTAT_GOV10A_TAXAG,1995.0,32928.0,OECD_RS,0.9324399047365924,,,,1.0153,2024.0,B,OECD_RS_to_ESA_REV:1.0,OECD_RS,,2026-08-31,current,,,,,,,False,False,False,20260919T115610Z,"OECD 5121 Excise duties: OECD Revenue Statistics heading, growth only (§7.11): historical years cash-basis; payable tax credits net where the anchor is gross (D17); EU own resources treated as revenue reductions in some years vs D.7 payable in ESA"
FRA_R02_A_strict,FRA,ESA_REV,R02_A,2,Excise duties,1988,1988,CY,22616.824291736655,EUR,917932.6,EUROSTAT_NAMA10_GDP,2.463887,,,,strict,stitched_actual,EUROSTAT_GOV10A_TAXAG,1995.0,32928.0,OECD_RS,0.9556690188621256,,,,1.0153,2024.0,B,OECD_RS_to_ESA_REV:1.0,OECD_RS,,2026-08-31,current,,,,,,,False,False,False,20260919T115610Z,"OECD 5121 Excise duties: OECD Revenue Statistics heading, growth only (§7.11): historical years cash-basis; payable tax credits net where the anchor is gross (D17); EU own resources treated as revenue reductions in some years vs D.7 payable in ESA"
FRA_R02_A_strict,FRA,ESA_REV,R02_A,2,Excise duties,1987,1987,CY,21421.91173225339,EUR,848787.8,EUROSTAT_NAMA10_GDP,2.523824,,,,strict,stitched_actual,EUROSTAT_GOV10A_TAXAG,1995.0,32928.0,OECD_RS,0.9471670936613394,,,,1.0153,2024.0,B,OECD_RS_to_ESA_REV:1.0,OECD_RS,,2026-08-31,current,,,,,,,False,False,False,20260919T115610Z,"OECD 5121 Excise duties: OECD Revenue Statistics heading, growth only (§7.11): historical years cash-basis; payable tax credits net where the anchor is gross (D17); EU own resources treated as revenue reductions in some years vs D.7 payable in ESA"
FRA_R02_A_strict,FRA,ESA_REV,R02_A,2,Excise duties,1986,1986,CY,20285.396753199548,EUR,807707.1,EUROSTAT_NAMA10_GDP,2.511479,,,,strict,stitched_actual,EUROSTAT_GOV10A_TAXAG,1995.0,32928.0,OECD_RS,0.946946145924844,,,,1.0153,2024.0,B,OECD_RS_to_ESA_REV:1.0,OECD_RS,,2026-08-31,current,,,,,,,False,False,False,20260919T115610Z,"OECD 5121 Excise duties: OECD Revenue Statistics heading, growth only (§7.11): historical years cash-basis; payable tax credits net where the anchor is gross (D17); EU own resources treated as revenue reductions in some years vs D.7 payable in ESA"
FRA_R02_A_strict,FRA,ESA_REV,R02_A,2,Excise duties,1985,1985,CY,18634.839867350234,EUR,749583.3,EUROSTAT_NAMA10_GDP,2.486027,,,,strict,stitched_actual,EUROSTAT_GOV10A_TAXAG,1995.0,32928.0,OECD_RS,0.9186332460769359,,,,1.0153,2024.0,B,OECD_RS_to_ESA_REV:1.0,OECD_RS,,2026-08-31,current,,,,,,,False,False,False,20260919T115610Z,"OECD 5121 Excise duties: OECD Revenue Statistics heading, growth only (§7.11): historical years cash-basis; payable tax credits net where the anchor is gross (D17); EU own resources treated as revenue reductions in some years vs D.7 payable in ESA"
FRA_R02_A_strict,FRA,ESA_REV,R02_A,2,Excise duties,1984,1984,CY,16012.28986325846,EUR,699501.9,EUROSTAT_NAMA10_GDP,2.289099,,,,strict,stitched_actual,EUROSTAT_GOV10A_TAXAG,1995.0,32928.0,OECD_RS,0.8592662978184913,,,,1.0153,2024.0,B,OECD_RS_to_ESA_REV:1.0,OECD_RS,,2026-08-31,current,,,,,,,False,False,False,20260919T115610Z,"OECD 5121 Excise duties: OECD Revenue Statistics heading, growth only (§7.11): historical years cash-basis; payable tax credits net where the anchor is gross (D17); EU own resources treated as revenue reductions in some years vs D.7 payable in ESA"
FRA_R02_A_strict,FRA,ESA_REV,R02_A,2,Excise duties,1983,1983,CY,13990.152337891712,EUR,642944.7,EUROSTAT_NAMA10_GDP,2.17595,,,,strict,stitched_actual,EUROSTAT_GOV10A_TAXAG,1995.0,32928.0,OECD_RS,0.8737134074741731,,,,1.0153,2024.0,B,OECD_RS_to_ESA_REV:1.0,OECD_RS,,2026-08-31,current,,,,,,,False,False,False,20260919T115610Z,"OECD 5121 Excise duties: OECD Revenue Statistics heading, growth only (§7.11): historical years cash-basis; payable tax credits net where the anchor is gross (D17); EU own resources treated as revenue reductions in some years vs D.7 payable in ESA"
FRA_R02_A_strict,FRA,ESA_REV,R02_A,2,Excise duties,1982,1982,CY,12412.267534169876,EUR,579250.8,EUROSTAT_NAMA10_GDP,2.142814,,,,strict,stitched_actual,EUROSTAT_GOV10A_TAXAG,1995.0,32928.0,OECD_RS,0.8872146088468097,,,,1.0153,2024.0,B,OECD_RS_to_ESA_REV:1.0,OECD_RS,,2026-08-31,current,,,,,,,False,False,False,20260919T115610Z,"OECD 5121 Excise duties: OECD Revenue Statistics heading, growth only (§7.11): historical years cash-basis; payable tax credits net where the anchor is gross (D17); EU own resources treated as revenue reductions in some years vs D.7 payable in ESA"
FRA_R02_A_strict,FRA,ESA_REV,R02_A,2,Excise duties,1981,1981,CY,10843.611216604138,EUR,504709.6,EUROSTAT_NAMA10_GDP,2.148485,,,,strict,stitched_actual,EUROSTAT_GOV10A_TAXAG,1995.0,32928.0,OECD_RS,0.873620487695148,,,,1.0153,2024.0,B,OECD_RS_to_ESA_REV:1.0,OECD_RS,,2026-08-31,current,,,,,,,False,False,False,20260919T115610Z,"OECD 5121 Excise duties: OECD Revenue Statistics heading, growth only (§7.11): historical years cash-basis; payable tax credits net where the anchor is gross (D17); EU own resources treated as revenue reductions in some years vs D.7 payable in ESA"
FRA_R02_A_strict,FRA,ESA_REV,R02_A,2,Excise duties,1980,1980,CY,10416.229306434714,EUR,447415.7,EUROSTAT_NAMA10_GDP,2.328088,,,,strict,stitched_actual,EUROSTAT_GOV10A_TAXAG,1995.0,32928.0,OECD_RS,0.9605867545753576,,,,1.0153,2024.0,B,OECD_RS_to_ESA_REV:1.0,OECD_RS,,2026-08-31,current,,,,,,,False,False,False,20260919T115610Z,"OECD 5121 Excise duties: OECD Revenue Statistics heading, growth only (§7.11): historical years cash-basis; payable tax credits net where the anchor is gross (D17); EU own resources treated as revenue reductions in some years vs D.7 payable in ESA"
FRA_R02_A_strict,FRA,ESA_REV,R02_A,2,Excise duties,1979,1979,CY,9798.946016234204,EUR,394490.6,EUROSTAT_NAMA10_GDP,2.483949,,,,strict,stitched_actual,EUROSTAT_GOV10A_TAXAG,1995.0,32928.0,OECD_RS,0.9407383159451781,,,,1.0153,2024.0,B,OECD_RS_to_ESA_REV:1.0,OECD_RS,,2026-08-31,current,,,,,,,False,False,False,20260919T115610Z,"OECD 5121 Excise duties: OECD Revenue Statistics heading, growth only (§7.11): historical years cash-basis; payable tax credits net where the anchor is gross (D17); EU own resources treated as revenue reductions in some years vs D.7 payable in ESA"
FRA_R02_A_strict,FRA,ESA_REV,R02_A,2,Excise duties,1978,1978,CY,7876.877552599071,EUR,345186.4,EUROSTAT_NAMA10_GDP,2.28192,,,,strict,stitched_actual,EUROSTAT_GOV10A_TAXAG,1995.0,32928.0,OECD_RS,0.8038494690703689,,,,1.0153,2024.0,B,OECD_RS_to_ESA_REV:1.0,OECD_RS,,2026-08-31,current,,,,,,,False,False,False,20260919T115610Z,"OECD 5121 Excise duties: OECD Revenue Statistics heading, growth only (§7.11): historical years cash-basis; payable tax credits net where the anchor is gross (D17); EU own resources treated as revenue reductions in some years vs D.7 payable in ESA"
FRA_R02_A_strict,FRA,ESA_REV,R02_A,2,Excise duties,1977,1977,CY,6556.951495041576,EUR,303907.2,EUROSTAT_NAMA10_GDP,2.157551,,,,strict,stitched_actual,EUROSTAT_GOV10A_TAXAG,1995.0,32928.0,OECD_RS,0.8324302937625367,,,,1.0153,2024.0,B,OECD_RS_to_ESA_REV:1.0,OECD_RS,,2026-08-31,current,,,,,,,False,False,False,20260919T115610Z,"OECD 5121 Excise duties: OECD Revenue Statistics heading, growth only (§7.11): historical years cash-basis; payable tax credits net where the anchor is gross (D17); EU own resources treated as revenue reductions in some years vs D.7 payable in ESA"
FRA_R02_A_strict,FRA,ESA_REV,R02_A,2,Excise duties,1976,1976,CY,5528.146957206402,EUR,269715.5,EUROSTAT_NAMA10_GDP,2.049622,,,,strict,stitched_actual,EUROSTAT_GOV10A_TAXAG,1995.0,32928.0,OECD_RS,0.8430971254533199,,,,1.0153,2024.0,B,OECD_RS_to_ESA_REV:1.0,OECD_RS,,2026-08-31,current,,,,,,,False,False,False,20260919T115610Z,"OECD 5121 Excise duties: OECD Revenue Statistics heading, growth only (§7.11): historical years cash-basis; payable tax credits net where the anchor is gross (D17); EU own resources treated as revenue reductions in some years vs D.7 payable in ESA"
FRA_R02_A_strict,FRA,ESA_REV,R02_A,2,Excise duties,1975,1975,CY,5108.261714175775,EUR,233582.9,EUROSTAT_NAMA10_GDP,2.186916,,,,strict,stitched_actual,EUROSTAT_GOV10A_TAXAG,1995.0,32928.0,OECD_RS,0.9240459332429157,,,,1.0153,2024.0,B,OECD_RS_to_ESA_REV:1.0,OECD_RS,,2026-08-31,current,,,,,,,False,False,False,20260919T115610Z,"OECD 5121 Excise duties: OECD Revenue Statistics heading, growth only (§7.11): historical years cash-basis; payable tax credits net where the anchor is gross (D17); EU own resources treated as revenue reductions in some years vs D.7 payable in ESA"
FRA_R02_A_strict,FRA,ESA_REV,R02_A,2,Excise duties,1974,1974,CY,4736.392595794178,EUR,,EUROSTAT_NAMA10_GDP,,,,,strict,stitched_actual,EUROSTAT_GOV10A_TAXAG,1995.0,32928.0,OECD_RS,0.9272024146003259,,,,1.0153,2024.0,B,OECD_RS_to_ESA_REV:1.0,OECD_RS,,2026-08-31,current,,,,,,,False,False,False,20260919T115610Z,"OECD 5121 Excise duties: OECD Revenue Statistics heading, growth only (§7.11): historical years cash-basis; payable tax credits net where the anchor is gross (D17); EU own resources treated as revenue reductions in some years vs D.7 payable in ESA"
FRA_R02_A_strict,FRA,ESA_REV,R02_A,2,Excise duties,1973,1973,CY,4526.594686627116,EUR,,EUROSTAT_NAMA10_GDP,,,,,strict,stitched_actual,EUROSTAT_GOV10A_TAXAG,1995.0,32928.0,OECD_RS,0.9557051268610295,,,,1.0153,2024.0,B,OECD_RS_to_ESA_REV:1.0,OECD_RS,,2026-08-31,current,,,,,,,False,False,False,20260919T115610Z,"OECD 5121 Excise duties: OECD Revenue Statistics heading, growth only (§7.11): historical years cash-basis; payable tax credits net where the anchor is gross (D17); EU own resources treated as revenue reductions in some years vs D.7 payable in ESA"
FRA_R02_A_strict,FRA,ESA_REV,R02_A,2,Excise duties,1972,1972,CY,3987.175152276623,EUR,,EUROSTAT_NAMA10_GDP,,,,,strict,stitched_actual,EUROSTAT_GOV10A_TAXAG,1995.0,32928.0,OECD_RS,0.8808332595043034,,,,1.0153,2024.0,B,OECD_RS_to_ESA_REV:1.0,OECD_RS,,2026-08-31,current,,,,,,,False,False,False,20260919T115610Z,"OECD 5121 Excise duties: OECD Revenue Statistics heading, growth only (§7.11): historical years cash-basis; payable tax credits net where the anchor is gross (D17); EU own resources treated as revenue reductions in some years vs D.7 payable in ESA"
FRA_R02_A_strict,FRA,ESA_REV,R02_A,2,Excise duties,1971,1971,CY,3581.133111396318,EUR,,EUROSTAT_NAMA10_GDP,,,,,strict,stitched_actual,EUROSTAT_GOV10A_TAXAG,1995.0,32928.0,OECD_RS,0.8981629787072533,,,,1.0153,2024.0,B,OECD_RS_to_ESA_REV:1.0,OECD_RS,,2026-08-31,current,,,,,,,False,False,False,20260919T115610Z,"OECD 5121 Excise duties: OECD Revenue Statistics heading, growth only (§7.11): historical years cash-basis; payable tax credits net where the anchor is gross (D17); EU own resources treated as revenue reductions in some years vs D.7 payable in ESA"
FRA_R02_A_strict,FRA,ESA_REV,R02_A,2,Excise duties,1970,1970,CY,3426.992706365333,EUR,,EUROSTAT_NAMA10_GDP,,,,,strict,stitched_actual,EUROSTAT_GOV10A_TAXAG,1995.0,32928.0,OECD_RS,0.9569576443443388,,,,1.0153,2024.0,B,OECD_RS_to_ESA_REV:1.0,OECD_RS,,2026-08-31,current,,,,,,,False,False,False,20260919T115610Z,"OECD 5121 Excise duties: OECD Revenue Statistics heading, growth only (§7.11): historical years cash-basis; payable tax credits net where the anchor is gross (D17); EU own resources treated as revenue reductions in some years vs D.7 payable in ESA"
FRA_R02_A_strict,FRA,ESA_REV,R02_A,2,Excise duties,1969,1969,CY,3028.015087243756,EUR,,EUROSTAT_NAMA10_GDP,,,,,strict,stitched_actual,EUROSTAT_GOV10A_TAXAG,1995.0,32928.0,OECD_RS,0.8835779199703251,,,,1.0153,2024.0,B,OECD_RS_to_ESA_REV:1.0,OECD_RS,,2026-08-31,current,,,,,,,False,False,False,20260919T115610Z,"OECD 5121 Excise duties: OECD Revenue Statistics heading, growth only (§7.11): historical years cash-basis; payable tax credits net where the anchor is gross (D17); EU own resources treated as revenue reductions in some years vs D.7 payable in ESA"
FRA_R02_A_strict,FRA,ESA_REV,R02_A,2,Excise duties,1968,1968,CY,2683.398236118048,EUR,,EUROSTAT_NAMA10_GDP,,,,,strict,stitched_actual,EUROSTAT_GOV10A_TAXAG,1995.0,32928.0,OECD_RS,0.8861905105501324,,,,1.0153,2024.0,B,OECD_RS_to_ESA_REV:1.0,OECD_RS,,2026-08-31,current,,,,,,,False,False,False,20260919T115610Z,"OECD 5121 Excise duties: OECD Revenue Statistics heading, growth only (§7.11): historical years cash-basis; payable tax credits net where the anchor is gross (D17); EU own resources treated as revenue reductions in some years vs D.7 payable in ESA"
FRA_R02_A_strict,FRA,ESA_REV,R02_A,2,Excise duties,1967,1967,CY,2958.803805653859,EUR,,EUROSTAT_NAMA10_GDP,,,,,strict,stitched_actual,EUROSTAT_GOV10A_TAXAG,1995.0,32928.0,OECD_RS,1.1026331335501762,,,,1.0153,2024.0,B,OECD_RS_to_ESA_REV:1.0,OECD_RS,,2026-08-31,current,,,,,,,False,False,False,20260919T115610Z,"OECD 5121 Excise duties: OECD Revenue Statistics heading, growth only (§7.11): historical years cash-basis; payable tax credits net where the anchor is gross (D17); EU own resources treated as revenue reductions in some years vs D.7 payable in ESA"
FRA_R02_A_strict,FRA,ESA_REV,R02_A,2,Excise duties,1966,1966,CY,2563.720178282273,EUR,,EUROSTAT_NAMA10_GDP,,,,,strict,stitched_actual,EUROSTAT_GOV10A_TAXAG,1995.0,32928.0,OECD_RS,0.8664718402022342,,,,1.0153,2024.0,B,OECD_RS_to_ESA_REV:1.0,OECD_RS,,2026-08-31,current,,,,,,,False,False,False,20260919T115610Z,"OECD 5121 Excise duties: OECD Revenue Statistics heading, growth only (§7.11): historical years cash-basis; payable tax credits net where the anchor is gross (D17); EU own resources treated as revenue reductions in some years vs D.7 payable in ESA"
FRA_R02_A_strict,FRA,ESA_REV,R02_A,2,Excise duties,1965,1965,CY,2624.27993144439,EUR,,EUROSTAT_NAMA10_GDP,,,,,strict,stitched_actual,EUROSTAT_GOV10A_TAXAG,1995.0,32928.0,OECD_RS,1.023621826467307,,,,1.0153,2024.0,B,OECD_RS_to_ESA_REV:1.0,OECD_RS,,2026-08-31,current,,,,,,,False,False,False,20260919T115610Z,"OECD 5121 Excise duties: OECD Revenue Statistics heading, growth only (§7.11): historical years cash-basis; payable tax credits net where the anchor is gross (D17); EU own resources treated as revenue reductions in some years vs D.7 payable in ESA"
FRA_R06_E_strict,FRA,ESA_REV,R06_E,2,Employers' actual social contributions,1994,1994,CY,137883.14390684915,EUR,1172960.4,EUROSTAT_NAMA10_GDP,11.755141,,,,strict,stitched_actual,EUROSTAT_GOV10A_MAIN,1995.0,136307.3,OECD_RS,1.0115609648701804,,,,0.9912,2024.0,B,OECD_RS_to_ESA_REV:1.0,OECD_RS,,2026-08-31,current,,,,,,,False,False,False,20260919T115610Z,"OECD 2200 Employers' actual social contributions: OECD Revenue Statistics heading, growth only (§7.11): historical years cash-basis; payable tax credits net where the anchor is gross (D17); EU own resources treated as revenue reductions in some years vs D.7 payable in ESA"
FRA_R06_E_strict,FRA,ESA_REV,R06_E,2,Employers' actual social contributions,1993,1993,CY,137883.14390684915,EUR,1134838.6,EUROSTAT_NAMA10_GDP,12.150022,,,,strict,stitched_actual,EUROSTAT_GOV10A_MAIN,1995.0,136307.3,OECD_RS,1.0,,,,0.9912,2024.0,B,OECD_RS_to_ESA_REV:1.0,OECD_RS,,2026-08-31,current,,,,,,,False,False,False,20260919T115610Z,"OECD 2200 Employers' actual social contributions: OECD Revenue Statistics heading, growth only (§7.11): historical years cash-basis; payable tax credits net where the anchor is gross (D17); EU own resources treated as revenue reductions in some years vs D.7 payable in ESA"
FRA_R06_E_strict,FRA,ESA_REV,R06_E,2,Employers' actual social contributions,1992,1992,CY,130274.82169823827,EUR,1121458.1,EUROSTAT_NAMA10_GDP,11.616557,,,,strict,stitched_actual,EUROSTAT_GOV10A_MAIN,1995.0,136307.3,OECD_RS,0.9448205052986688,,,,0.9912,2024.0,B,OECD_RS_to_ESA_REV:1.0,OECD_RS,,2026-08-31,current,,,,,,,False,False,False,20260919T115610Z,"OECD 2200 Employers' actual social contributions: OECD Revenue Statistics heading, growth only (§7.11): historical years cash-basis; payable tax credits net where the anchor is gross (D17); EU own resources treated as revenue reductions in some years vs D.7 payable in ESA"
FRA_R06_E_strict,FRA,ESA_REV,R06_E,2,Employers' actual social contributions,1991,1991,CY,124367.04848947663,EUR,1082833.0,EUROSTAT_NAMA10_GDP,11.48534,,,,strict,stitched_actual,EUROSTAT_GOV10A_MAIN,1995.0,136307.3,OECD_RS,0.95465145811179,,,,0.9912,2024.0,B,OECD_RS_to_ESA_REV:1.0,OECD_RS,,2026-08-31,current,,,,,,,False,False,False,20260919T115610Z,"OECD 2200 Employers' actual social contributions: OECD Revenue Statistics heading, growth only (§7.11): historical years cash-basis; payable tax credits net where the anchor is gross (D17); EU own resources treated as revenue reductions in some years vs D.7 payable in ESA"
FRA_R06_E_strict,FRA,ESA_REV,R06_E,2,Employers' actual social contributions,1990,1990,CY,119402.40488366027,EUR,1043974.8,EUROSTAT_NAMA10_GDP,11.437288,,,,strict,stitched_actual,EUROSTAT_GOV10A_MAIN,1995.0,136307.3,OECD_RS,0.9600807153814828,,,,0.9912,2024.0,B,OECD_RS_to_ESA_REV:1.0,OECD_RS,,2026-08-31,current,,,,,,,False,False,False,20260919T115610Z,"OECD 2200 Employers' actual social contributions: OECD Revenue Statistics heading, growth only (§7.11): historical years cash-basis; payable tax credits net where the anchor is gross (D17); EU own resources treated as revenue reductions in some years vs D.7 payable in ESA"
FRA_R06_E_strict,FRA,ESA_REV,R06_E,2,Employers' actual social contributions,1989,1989,CY,112449.74632405216,EUR,988883.5,EUROSTAT_NAMA10_GDP,11.371385,,,,strict,stitched_actual,EUROSTAT_GOV10A_MAIN,1995.0,136307.3,OECD_RS,0.941771201623766,,,,0.9912,2024.0,B,OECD_RS_to_ESA_REV:1.0,OECD_RS,,2026-08-31,current,,,,,,,False,False,False,20260919T115610Z,"OECD 2200 Employers' actual social contributions: OECD Revenue Statistics heading, growth only (§7.11): historical years cash-basis; payable tax credits net where the anchor is gross (D17); EU own resources treated as revenue reductions in some years vs D.7 payable in ESA"
FRA_R06_E_strict,FRA,ESA_REV,R06_E,2,Employers' actual social contributions,1988,1988,CY,105262.76883318093,EUR,917932.6,EUROSTAT_NAMA10_GDP,11.467374,,,,strict,stitched_actual,EUROSTAT_GOV10A_MAIN,1995.0,136307.3,OECD_RS,0.9360872058336162,,,,0.9912,2024.0,B,OECD_RS_to_ESA_REV:1.0,OECD_RS,,2026-08-31,current,,,,,,,False,False,False,20260919T115610Z,"OECD 2200 Employers' actual social contributions: OECD Revenue Statistics heading, growth only (§7.11): historical years cash-basis; payable tax credits net where the anchor is gross (D17); EU own resources treated as revenue reductions in some years vs D.7 payable in ESA"
FRA_R06_E_strict,FRA,ESA_REV,R06_E,2,Employers' actual social contributions,1987,1987,CY,99335.4115765439,EUR,848787.8,EUROSTAT_NAMA10_GDP,11.703209,,,,strict,stitched_actual,EUROSTAT_GOV10A_MAIN,1995.0,136307.3,OECD_RS,0.943689897935037,,,,0.9912,2024.0,B,OECD_RS_to_ESA_REV:1.0,OECD_RS,,2026-08-31,current,,,,,,,False,False,False,20260919T115610Z,"OECD 2200 Employers' actual social contributions: OECD Revenue Statistics heading, growth only (§7.11): historical years cash-basis; payable tax credits net where the anchor is gross (D17); EU own resources treated as revenue reductions in some years vs D.7 payable in ESA"
FRA_R06_E_strict,FRA,ESA_REV,R06_E,2,Employers' actual social contributions,1986,1986,CY,94377.39744446488,EUR,807707.1,EUROSTAT_NAMA10_GDP,11.684607,,,,strict,stitched_actual,EUROSTAT_GOV10A_MAIN,1995.0,136307.3,OECD_RS,0.9500881503041987,,,,0.9912,2024.0,B,OECD_RS_to_ESA_REV:1.0,OECD_RS,,2026-08-31,current,,,,,,,False,False,False,20260919T115610Z,"OECD 2200 Employers' actual social contributions: OECD Revenue Statistics heading, growth only (§7.11): historical years cash-basis; payable tax credits net where the anchor is gross (D17); EU own resources treated as revenue reductions in some years vs D.7 payable in ESA"
FRA_R06_E_strict,FRA,ESA_REV,R06_E,2,Employers' actual social contributions,1985,1985,CY,90323.20830662218,EUR,749583.3,EUROSTAT_NAMA10_GDP,12.049789,,,,strict,stitched_actual,EUROSTAT_GOV10A_MAIN,1995.0,136307.3,OECD_RS,0.9570427957580804,,,,0.9912,2024.0,B,OECD_RS_to_ESA_REV:1.0,OECD_RS,,2026-08-31,current,,,,,,,False,False,False,20260919T115610Z,"OECD 2200 Employers' actual social contributions: OECD Revenue Statistics heading, growth only (§7.11): historical years cash-basis; payable tax credits net where the anchor is gross (D17); EU own resources treated as revenue reductions in some years vs D.7 payable in ESA"
FRA_R06_E_strict,FRA,ESA_REV,R06_E,2,Employers' actual social contributions,1984,1984,CY,83169.52784308816,EUR,699501.9,EUROSTAT_NAMA10_GDP,11.889822,,,,strict,stitched_actual,EUROSTAT_GOV10A_MAIN,1995.0,136307.3,OECD_RS,0.9207990881009313,,,,0.9912,2024.0,B,OECD_RS_to_ESA_REV:1.0,OECD_RS,,2026-08-31,current,,,,,,,False,False,False,20260919T115610Z,"OECD 2200 Employers' actual social contributions: OECD Revenue Statistics heading, growth only (§7.11): historical years cash-basis; payable tax credits net where the anchor is gross (D17); EU own resources treated as revenue reductions in some years vs D.7 payable in ESA"
FRA_R06_E_strict,FRA,ESA_REV,R06_E,2,Employers' actual social contributions,1983,1983,CY,76443.94392708999,EUR,642944.7,EUROSTAT_NAMA10_GDP,11.889661,,,,strict,stitched_actual,EUROSTAT_GOV10A_MAIN,1995.0,136307.3,OECD_RS,0.9191340375445319,,,,0.9912,2024.0,B,OECD_RS_to_ESA_REV:1.0,OECD_RS,,2026-08-31,current,,,,,,,False,False,False,20260919T115610Z,"OECD 2200 Employers' actual social contributions: OECD Revenue Statistics heading, growth only (§7.11): historical years cash-basis; payable tax credits net where the anchor is gross (D17); EU own resources treated as revenue reductions in some years vs D.7 payable in ESA"
FRA_R06_E_strict,FRA,ESA_REV,R06_E,2,Employers' actual social contributions,1982,1982,CY,67737.12621210217,EUR,579250.8,EUROSTAT_NAMA10_GDP,11.69392,,,,strict,stitched_actual,EUROSTAT_GOV10A_MAIN,1995.0,136307.3,OECD_RS,0.88610192949631,,,,0.9912,2024.0,B,OECD_RS_to_ESA_REV:1.0,OECD_RS,,2026-08-31,current,,,,,,,False,False,False,20260919T115610Z,"OECD 2200 Employers' actual social contributions: OECD Revenue Statistics heading, growth only (§7.11): historical years cash-basis; payable tax credits net where the anchor is gross (D17); EU own resources treated as revenue reductions in some years vs D.7 payable in ESA"
FRA_R06_E_strict,FRA,ESA_REV,R06_E,2,Employers' actual social contributions,1981,1981,CY,58066.05376667567,EUR,504709.6,EUROSTAT_NAMA10_GDP,11.504844,,,,strict,stitched_actual,EUROSTAT_GOV10A_MAIN,1995.0,136307.3,OECD_RS,0.8572264135454476,,,,0.9912,2024.0,B,OECD_RS_to_ESA_REV:1.0,OECD_RS,,2026-08-31,current,,,,,,,False,False,False,20260919T115610Z,"OECD 2200 Employers' actual social contributions: OECD Revenue Statistics heading, growth only (§7.11): historical years cash-basis; payable tax credits net where the anchor is gross (D17); EU own resources treated as revenue reductions in some years vs D.7 payable in ESA"
FRA_R06_E_strict,FRA,ESA_REV,R06_E,2,Employers' actual social contributions,1980,1980,CY,51310.56238953424,EUR,447415.7,EUROSTAT_NAMA10_GDP,11.468208,,,,strict,stitched_actual,EUROSTAT_GOV10A_MAIN,1995.0,136307.3,OECD_RS,0.8836585071841333,,,,0.9912,2024.0,B,OECD_RS_to_ESA_REV:1.0,OECD_RS,,2026-08-31,current,,,,,,,False,False,False,20260919T115610Z,"OECD 2200 Employers' actual social contributions: OECD Revenue Statistics heading, growth only (§7.11): historical years cash-basis; payable tax credits net where the anchor is gross (D17); EU own resources treated as revenue reductions in some years vs D.7 payable in ESA"
FRA_R06_E_strict,FRA,ESA_REV,R06_E,2,Employers' actual social contributions,1979,1979,CY,43992.39594574779,EUR,394490.6,EUROSTAT_NAMA10_GDP,11.151697,,,,strict,stitched_actual,EUROSTAT_GOV10A_MAIN,1995.0,136307.3,OECD_RS,0.8573750490546342,,,,0.9912,2024.0,B,OECD_RS_to_ESA_REV:1.0,OECD_RS,,2026-08-31,current,,,,,,,False,False,False,20260919T115610Z,"OECD 2200 Employers' actual social contributions: OECD Revenue Statistics heading, growth only (§7.11): historical years cash-basis; payable tax credits net where the anchor is gross (D17); EU own resources treated as revenue reductions in some years vs D.7 payable in ESA"
FRA_R06_E_strict,FRA,ESA_REV,R06_E,2,Employers' actual social contributions,1978,1978,CY,37906.25692810061,EUR,345186.4,EUROSTAT_NAMA10_GDP,10.981388,,,,strict,stitched_actual,EUROSTAT_GOV10A_MAIN,1995.0,136307.3,OECD_RS,0.8616547499446786,,,,0.9912,2024.0,B,OECD_RS_to_ESA_REV:1.0,OECD_RS,,2026-08-31,current,,,,,,,False,False,False,20260919T115610Z,"OECD 2200 Employers' actual social contributions: OECD Revenue Statistics heading, growth only (§7.11): historical years cash-basis; payable tax credits net where the anchor is gross (D17); EU own resources treated as revenue reductions in some years vs D.7 payable in ESA"
FRA_R06_E_strict,FRA,ESA_REV,R06_E,2,Employers' actual social contributions,1977,1977,CY,33659.06273620836,EUR,303907.2,EUROSTAT_NAMA10_GDP,11.075441,,,,strict,stitched_actual,EUROSTAT_GOV10A_MAIN,1995.0,136307.3,OECD_RS,0.8879553262157172,,,,0.9912,2024.0,B,OECD_RS_to_ESA_REV:1.0,OECD_RS,,2026-08-31,current,,,,,,,False,False,False,20260919T115610Z,"OECD 2200 Employers' actual social contributions: OECD Revenue Statistics heading, growth only (§7.11): historical years cash-basis; payable tax credits net where the anchor is gross (D17); EU own resources treated as revenue reductions in some years vs D.7 payable in ESA"
FRA_R06_E_strict,FRA,ESA_REV,R06_E,2,Employers' actual social contributions,1976,1976,CY,28886.654655839637,EUR,269715.5,EUROSTAT_NAMA10_GDP,10.710046,,,,strict,stitched_actual,EUROSTAT_GOV10A_MAIN,1995.0,136307.3,OECD_RS,0.8582132806914181,,,,0.9912,2024.0,B,OECD_RS_to_ESA_REV:1.0,OECD_RS,,2026-08-31,current,,,,,,,False,False,False,20260919T115610Z,"OECD 2200 Employers' actual social contributions: OECD Revenue Statistics heading, growth only (§7.11): historical years cash-basis; payable tax credits net where the anchor is gross (D17); EU own resources treated as revenue reductions in some years vs D.7 payable in ESA"
FRA_R06_E_strict,FRA,ESA_REV,R06_E,2,Employers' actual social contributions,1975,1975,CY,24507.3472677442,EUR,233582.9,EUROSTAT_NAMA10_GDP,10.491927,,,,strict,stitched_actual,EUROSTAT_GOV10A_MAIN,1995.0,136307.3,OECD_RS,0.8483968656020842,,,,0.9912,2024.0,B,OECD_RS_to_ESA_REV:1.0,OECD_RS,,2026-08-31,current,,,,,,,False,False,False,20260919T115610Z,"OECD 2200 Employers' actual social contributions: OECD Revenue Statistics heading, growth only (§7.11): historical years cash-basis; payable tax credits net where the anchor is gross (D17); EU own resources treated as revenue reductions in some years vs D.7 payable in ESA"
FRA_R06_E_strict,FRA,ESA_REV,R06_E,2,Employers' actual social contributions,1974,1974,CY,19723.99287053494,EUR,,EUROSTAT_NAMA10_GDP,,,,,strict,stitched_actual,EUROSTAT_GOV10A_MAIN,1995.0,136307.3,OECD_RS,0.8048195773720088,,,,0.9912,2024.0,B,OECD_RS_to_ESA_REV:1.0,OECD_RS,,2026-08-31,current,,,,,,,False,False,False,20260919T115610Z,"OECD 2200 Employers' actual social contributions: OECD Revenue Statistics heading, growth only (§7.11): historical years cash-basis; payable tax credits net where the anchor is gross (D17); EU own resources treated as revenue reductions in some years vs D.7 payable in ESA"
FRA_R06_E_strict,FRA,ESA_REV,R06_E,2,Employers' actual social contributions,1973,1973,CY,16375.537301173896,EUR,,EUROSTAT_NAMA10_GDP,,,,,strict,stitched_actual,EUROSTAT_GOV10A_MAIN,1995.0,136307.3,OECD_RS,0.8302343956753706,,,,0.9912,2024.0,B,OECD_RS_to_ESA_REV:1.0,OECD_RS,,2026-08-31,current,,,,,,,False,False,False,20260919T115610Z,"OECD 2200 Employers' actual social contributions: OECD Revenue Statistics heading, growth only (§7.11): historical years cash-basis; payable tax credits net where the anchor is gross (D17); EU own resources treated as revenue reductions in some years vs D.7 payable in ESA"
FRA_R06_E_strict,FRA,ESA_REV,R06_E,2,Employers' actual social contributions,1972,1972,CY,14318.613639659414,EUR,,EUROSTAT_NAMA10_GDP,,,,,strict,stitched_actual,EUROSTAT_GOV10A_MAIN,1995.0,136307.3,OECD_RS,0.874390462817545,,,,0.9912,2024.0,B,OECD_RS_to_ESA_REV:1.0,OECD_RS,,2026-08-31,current,,,,,,,False,False,False,20260919T115610Z,"OECD 2200 Employers' actual social contributions: OECD Revenue Statistics heading, growth only (§7.11): historical years cash-basis; payable tax credits net where the anchor is gross (D17); EU own resources treated as revenue reductions in some years vs D.7 payable in ESA"
FRA_R06_E_strict,FRA,ESA_REV,R06_E,2,Employers' actual social contributions,1971,1971,CY,12882.328446879244,EUR,,EUROSTAT_NAMA10_GDP,,,,,strict,stitched_actual,EUROSTAT_GOV10A_MAIN,1995.0,136307.3,OECD_RS,0.8996910434958609,,,,0.9912,2024.0,B,OECD_RS_to_ESA_REV:1.0,OECD_RS,,2026-08-31,current,,,,,,,False,False,False,20260919T115610Z,"OECD 2200 Employers' actual social contributions: OECD Revenue Statistics heading, growth only (§7.11): historical years cash-basis; payable tax credits net where the anchor is gross (D17); EU own resources treated as revenue reductions in some years vs D.7 payable in ESA"
FRA_R06_E_strict,FRA,ESA_REV,R06_E,2,Employers' actual social contributions,1970,1970,CY,11398.715728271114,EUR,,EUROSTAT_NAMA10_GDP,,,,,strict,stitched_actual,EUROSTAT_GOV10A_MAIN,1995.0,136307.3,OECD_RS,0.8848334969314079,,,,0.9912,2024.0,B,OECD_RS_to_ESA_REV:1.0,OECD_RS,,2026-08-31,current,,,,,,,False,False,False,20260919T115610Z,"OECD 2200 Employers' actual social contributions: OECD Revenue Statistics heading, growth only (§7.11): historical years cash-basis; payable tax credits net where the anchor is gross (D17); EU own resources treated as revenue reductions in some years vs D.7 payable in ESA"
FRA_R06_E_strict,FRA,ESA_REV,R06_E,2,Employers' actual social contributions,1969,1969,CY,10286.93194941363,EUR,,EUROSTAT_NAMA10_GDP,,,,,strict,stitched_actual,EUROSTAT_GOV10A_MAIN,1995.0,136307.3,OECD_RS,0.9024641191726507,,,,0.9912,2024.0,B,OECD_RS_to_ESA_REV:1.0,OECD_RS,,2026-08-31,current,,,,,,,False,False,False,20260919T115610Z,"OECD 2200 Employers' actual social contributions: OECD Revenue Statistics heading, growth only (§7.11): historical years cash-basis; payable tax credits net where the anchor is gross (D17); EU own resources treated as revenue reductions in some years vs D.7 payable in ESA"
FRA_R06_E_strict,FRA,ESA_REV,R06_E,2,Employers' actual social contributions,1968,1968,CY,8779.27171479766,EUR,,EUROSTAT_NAMA10_GDP,,,,,strict,stitched_actual,EUROSTAT_GOV10A_MAIN,1995.0,136307.3,OECD_RS,0.853439272075489,,,,0.9912,2024.0,B,OECD_RS_to_ESA_REV:1.0,OECD_RS,,2026-08-31,current,,,,,,,False,False,False,20260919T115610Z,"OECD 2200 Employers' actual social contributions: OECD Revenue Statistics heading, growth only (§7.11): historical years cash-basis; payable tax credits net where the anchor is gross (D17); EU own resources treated as revenue reductions in some years vs D.7 payable in ESA"
FRA_R06_E_strict,FRA,ESA_REV,R06_E,2,Employers' actual social contributions,1967,1967,CY,7954.5281716943055,EUR,,EUROSTAT_NAMA10_GDP,,,,,strict,stitched_actual,EUROSTAT_GOV10A_MAIN,1995.0,136307.3,OECD_RS,0.9060578633517823,,,,0.9912,2024.0,B,OECD_RS_to_ESA_REV:1.0,OECD_RS,,2026-08-31,current,,,,,,,False,False,False,20260919T115610Z,"OECD 2200 Employers' actual social contributions: OECD Revenue Statistics heading, growth only (§7.11): historical years cash-basis; payable tax credits net where the anchor is gross (D17); EU own resources treated as revenue reductions in some years vs D.7 payable in ESA"
FRA_R06_E_strict,FRA,ESA_REV,R06_E,2,Employers' actual social contributions,1966,1966,CY,7162.158423847288,EUR,,EUROSTAT_NAMA10_GDP,,,,,strict,stitched_actual,EUROSTAT_GOV10A_MAIN,1995.0,136307.3,OECD_RS,0.9003875866997849,,,,0.9912,2024.0,B,OECD_RS_to_ESA_REV:1.0,OECD_RS,,2026-08-31,current,,,,,,,False,False,False,20260919T115610Z,"OECD 2200 Employers' actual social contributions: OECD Revenue Statistics heading, growth only (§7.11): historical years cash-basis; payable tax credits net where the anchor is gross (D17); EU own resources treated as revenue reductions in some years vs D.7 payable in ESA"
FRA_R06_E_strict,FRA,ESA_REV,R06_E,2,Employers' actual social contributions,1965,1965,CY,6597.942277584245,EUR,,EUROSTAT_NAMA10_GDP,,,,,strict,stitched_actual,EUROSTAT_GOV10A_MAIN,1995.0,136307.3,OECD_RS,0.9212226101583545,,,,0.9912,2024.0,B,OECD_RS_to_ESA_REV:1.0,OECD_RS,,2026-08-31,current,,,,,,,False,False,False,20260919T115610Z,"OECD 2200 Employers' actual social contributions: OECD Revenue Statistics heading, growth only (§7.11): historical years cash-basis; payable tax credits net where the anchor is gross (D17); EU own resources treated as revenue reductions in some years vs D.7 payable in ESA"
FRA_R06_H_strict,FRA,ESA_REV,R06_H,2,Households' actual social contributions,1994,1994,CY,85979.60302113778,EUR,1172960.4,EUROSTAT_NAMA10_GDP,7.330137,,,,strict,stitched_actual,EUROSTAT_GOV10A_MAIN,1995.0,85330.9,OECD_RS,1.0076022053105942,,,,0.9916,2024.0,B,OECD_RS_to_ESA_REV:1.0,OECD_RS,,2026-08-31,current,,,,,,,False,False,False,20260919T115610Z,"OECD 2100 + 2300 Households' actual social contributions: OECD Revenue Statistics heading, growth only (§7.11): historical years cash-basis; payable tax credits net where the anchor is gross (D17); EU own resources treated as revenue reductions in some years vs D.7 payable in ESA"
FRA_R06_H_strict,FRA,ESA_REV,R06_H,2,Households' actual social contributions,1993,1993,CY,85979.60302113778,EUR,1134838.6,EUROSTAT_NAMA10_GDP,7.576373,,,,strict,stitched_actual,EUROSTAT_GOV10A_MAIN,1995.0,85330.9,OECD_RS,1.0,,,,0.9916,2024.0,B,OECD_RS_to_ESA_REV:1.0,OECD_RS,,2026-08-31,current,,,,,,,False,False,False,20260919T115610Z,"OECD 2100 + 2300 Households' actual social contributions: OECD Revenue Statistics heading, growth only (§7.11): historical years cash-basis; payable tax credits net where the anchor is gross (D17); EU own resources treated as revenue reductions in some years vs D.7 payable in ESA"
FRA_R06_H_strict,FRA,ESA_REV,R06_H,2,Households' actual social contributions,1992,1992,CY,78142.42756376769,EUR,1121458.1,EUROSTAT_NAMA10_GDP,6.967931,,,,strict,stitched_actual,EUROSTAT_GOV10A_MAIN,1995.0,85330.9,OECD_RS,0.9088484340240167,,,,0.9916,2024.0,B,OECD_RS_to_ESA_REV:1.0,OECD_RS,,2026-08-31,current,,,,,,,False,False,False,20260919T115610Z,"OECD 2100 + 2300 Households' actual social contributions: OECD Revenue Statistics heading, growth only (§7.11): historical years cash-basis; payable tax credits net where the anchor is gross (D17); EU own resources treated as revenue reductions in some years vs D.7 payable in ESA"
FRA_R06_H_strict,FRA,ESA_REV,R06_H,2,Households' actual social contributions,1991,1991,CY,75945.12531023815,EUR,1082833.0,EUROSTAT_NAMA10_GDP,7.013558,,,,strict,stitched_actual,EUROSTAT_GOV10A_MAIN,1995.0,85330.9,OECD_RS,0.9718808037831119,,,,0.9916,2024.0,B,OECD_RS_to_ESA_REV:1.0,OECD_RS,,2026-08-31,current,,,,,,,False,False,False,20260919T115610Z,"OECD 2100 + 2300 Households' actual social contributions: OECD Revenue Statistics heading, growth only (§7.11): historical years cash-basis; payable tax credits net where the anchor is gross (D17); EU own resources treated as revenue reductions in some years vs D.7 payable in ESA"
FRA_R06_H_strict,FRA,ESA_REV,R06_H,2,Households' actual social contributions,1990,1990,CY,73165.82815833362,EUR,1043974.8,EUROSTAT_NAMA10_GDP,7.00839,,,,strict,stitched_actual,EUROSTAT_GOV10A_MAIN,1995.0,85330.9,OECD_RS,0.9634038769367881,,,,0.9916,2024.0,B,OECD_RS_to_ESA_REV:1.0,OECD_RS,,2026-08-31,current,,,,,,,False,False,False,20260919T115610Z,"OECD 2100 + 2300 Households' actual social contributions: OECD Revenue Statistics heading, growth only (§7.11): historical years cash-basis; payable tax credits net where the anchor is gross (D17); EU own resources treated as revenue reductions in some years vs D.7 payable in ESA"
FRA_R06_H_strict,FRA,ESA_REV,R06_H,2,Households' actual social contributions,1989,1989,CY,68737.42445515111,EUR,988883.5,EUROSTAT_NAMA10_GDP,6.951013,,,,strict,stitched_actual,EUROSTAT_GOV10A_MAIN,1995.0,85330.9,OECD_RS,0.939474426591615,,,,0.9916,2024.0,B,OECD_RS_to_ESA_REV:1.0,OECD_RS,,2026-08-31,current,,,,,,,False,False,False,20260919T115610Z,"OECD 2100 + 2300 Households' actual social contributions: OECD Revenue Statistics heading, growth only (§7.11): historical years cash-basis; payable tax credits net where the anchor is gross (D17); EU own resources treated as revenue reductions in some years vs D.7 payable in ESA"
FRA_R06_H_strict,FRA,ESA_REV,R06_H,2,Households' actual social contributions,1988,1988,CY,61694.29827610091,EUR,917932.6,EUROSTAT_NAMA10_GDP,6.721005,,,,strict,stitched_actual,EUROSTAT_GOV10A_MAIN,1995.0,85330.9,OECD_RS,0.8975357858564281,,,,0.9916,2024.0,B,OECD_RS_to_ESA_REV:1.0,OECD_RS,,2026-08-31,current,,,,,,,False,False,False,20260919T115610Z,"OECD 2100 + 2300 Households' actual social contributions: OECD Revenue Statistics heading, growth only (§7.11): historical years cash-basis; payable tax credits net where the anchor is gross (D17); EU own resources treated as revenue reductions in some years vs D.7 payable in ESA"
FRA_R06_H_strict,FRA,ESA_REV,R06_H,2,Households' actual social contributions,1987,1987,CY,57223.910705824776,EUR,848787.8,EUROSTAT_NAMA10_GDP,6.741839,,,,strict,stitched_actual,EUROSTAT_GOV10A_MAIN,1995.0,85330.9,OECD_RS,0.9275396966139435,,,,0.9916,2024.0,B,OECD_RS_to_ESA_REV:1.0,OECD_RS,,2026-08-31,current,,,,,,,False,False,False,20260919T115610Z,"OECD 2100 + 2300 Households' actual social contributions: OECD Revenue Statistics heading, growth only (§7.11): historical years cash-basis; payable tax credits net where the anchor is gross (D17); EU own resources treated as revenue reductions in some years vs D.7 payable in ESA"
FRA_R06_H_strict,FRA,ESA_REV,R06_H,2,Households' actual social contributions,1986,1986,CY,52371.24702712576,EUR,807707.1,EUROSTAT_NAMA10_GDP,6.48394,,,,strict,stitched_actual,EUROSTAT_GOV10A_MAIN,1995.0,85330.9,OECD_RS,0.9151986709953212,,,,0.9916,2024.0,B,OECD_RS_to_ESA_REV:1.0,OECD_RS,,2026-08-31,current,,,,,,,False,False,False,20260919T115610Z,"OECD 2100 + 2300 Households' actual social contributions: OECD Revenue Statistics heading, growth only (§7.11): historical years cash-basis; payable tax credits net where the anchor is gross (D17); EU own resources treated as revenue reductions in some years vs D.7 payable in ESA"
FRA_R06_H_strict,FRA,ESA_REV,R06_H,2,Households' actual social contributions,1985,1985,CY,48735.48860021982,EUR,749583.3,EUROSTAT_NAMA10_GDP,6.501677,,,,strict,stitched_actual,EUROSTAT_GOV10A_MAIN,1995.0,85330.9,OECD_RS,0.9305772034600819,,,,0.9916,2024.0,B,OECD_RS_to_ESA_REV:1.0,OECD_RS,,2026-08-31,current,,,,,,,False,False,False,20260919T115610Z,"OECD 2100 + 2300 Households' actual social contributions: OECD Revenue Statistics heading, growth only (§7.11): historical years cash-basis; payable tax credits net where the anchor is gross (D17); EU own resources treated as revenue reductions in some years vs D.7 payable in ESA"
FRA_R06_H_strict,FRA,ESA_REV,R06_H,2,Households' actual social contributions,1984,1984,CY,45476.66666768884,EUR,699501.9,EUROSTAT_NAMA10_GDP,6.501293,,,,strict,stitched_actual,EUROSTAT_GOV10A_MAIN,1995.0,85330.9,OECD_RS,0.9331324661734021,,,,0.9916,2024.0,B,OECD_RS_to_ESA_REV:1.0,OECD_RS,,2026-08-31,current,,,,,,,False,False,False,20260919T115610Z,"OECD 2100 + 2300 Households' actual social contributions: OECD Revenue Statistics heading, growth only (§7.11): historical years cash-basis; payable tax credits net where the anchor is gross (D17); EU own resources treated as revenue reductions in some years vs D.7 payable in ESA"
FRA_R06_H_strict,FRA,ESA_REV,R06_H,2,Households' actual social contributions,1983,1983,CY,39626.62977995033,EUR,642944.7,EUROSTAT_NAMA10_GDP,6.163303,,,,strict,stitched_actual,EUROSTAT_GOV10A_MAIN,1995.0,85330.9,OECD_RS,0.8713617924003441,,,,0.9916,2024.0,B,OECD_RS_to_ESA_REV:1.0,OECD_RS,,2026-08-31,current,,,,,,,False,False,False,20260919T115610Z,"OECD 2100 + 2300 Households' actual social contributions: OECD Revenue Statistics heading, growth only (§7.11): historical years cash-basis; payable tax credits net where the anchor is gross (D17); EU own resources treated as revenue reductions in some years vs D.7 payable in ESA"
FRA_R06_H_strict,FRA,ESA_REV,R06_H,2,Households' actual social contributions,1982,1982,CY,34279.936637603605,EUR,579250.8,EUROSTAT_NAMA10_GDP,5.917978,,,,strict,stitched_actual,EUROSTAT_GOV10A_MAIN,1995.0,85330.9,OECD_RS,0.8650732305008699,,,,0.9916,2024.0,B,OECD_RS_to_ESA_REV:1.0,OECD_RS,,2026-08-31,current,,,,,,,False,False,False,20260919T115610Z,"OECD 2100 + 2300 Households' actual social contributions: OECD Revenue Statistics heading, growth only (§7.11): historical years cash-basis; payable tax credits net where the anchor is gross (D17); EU own resources treated as revenue reductions in some years vs D.7 payable in ESA"
FRA_R06_H_strict,FRA,ESA_REV,R06_H,2,Households' actual social contributions,1981,1981,CY,28352.651597497268,EUR,504709.6,EUROSTAT_NAMA10_GDP,5.617617,,,,strict,stitched_actual,EUROSTAT_GOV10A_MAIN,1995.0,85330.9,OECD_RS,0.8270917154028703,,,,0.9916,2024.0,B,OECD_RS_to_ESA_REV:1.0,OECD_RS,,2026-08-31,current,,,,,,,False,False,False,20260919T115610Z,"OECD 2100 + 2300 Households' actual social contributions: OECD Revenue Statistics heading, growth only (§7.11): historical years cash-basis; payable tax credits net where the anchor is gross (D17); EU own resources treated as revenue reductions in some years vs D.7 payable in ESA"
FRA_R06_H_strict,FRA,ESA_REV,R06_H,2,Households' actual social contributions,1980,1980,CY,25529.385748221,EUR,447415.7,EUROSTAT_NAMA10_GDP,5.705966,,,,strict,stitched_actual,EUROSTAT_GOV10A_MAIN,1995.0,85330.9,OECD_RS,0.9004232165175873,,,,0.9916,2024.0,B,OECD_RS_to_ESA_REV:1.0,OECD_RS,,2026-08-31,current,,,,,,,False,False,False,20260919T115610Z,"OECD 2100 + 2300 Households' actual social contributions: OECD Revenue Statistics heading, growth only (§7.11): historical years cash-basis; payable tax credits net where the anchor is gross (D17); EU own resources treated as revenue reductions in some years vs D.7 payable in ESA"
FRA_R06_H_strict,FRA,ESA_REV,R06_H,2,Households' actual social contributions,1979,1979,CY,20855.951642778753,EUR,394490.6,EUROSTAT_NAMA10_GDP,5.286806,,,,strict,stitched_actual,EUROSTAT_GOV10A_MAIN,1995.0,85330.9,OECD_RS,0.8169390305143588,,,,0.9916,2024.0,B,OECD_RS_to_ESA_REV:1.0,OECD_RS,,2026-08-31,current,,,,,,,False,False,False,20260919T115610Z,"OECD 2100 + 2300 Households' actual social contributions: OECD Revenue Statistics heading, growth only (§7.11): historical years cash-basis; payable tax credits net where the anchor is gross (D17); EU own resources treated as revenue reductions in some years vs D.7 payable in ESA"
FRA_R06_H_strict,FRA,ESA_REV,R06_H,2,Households' actual social contributions,1978,1978,CY,15940.846925986481,EUR,345186.4,EUROSTAT_NAMA10_GDP,4.61804,,,,strict,stitched_actual,EUROSTAT_GOV10A_MAIN,1995.0,85330.9,OECD_RS,0.7643308346232143,,,,0.9916,2024.0,B,OECD_RS_to_ESA_REV:1.0,OECD_RS,,2026-08-31,current,,,,,,,False,False,False,20260919T115610Z,"OECD 2100 + 2300 Households' actual social contributions: OECD Revenue Statistics heading, growth only (§7.11): historical years cash-basis; payable tax credits net where the anchor is gross (D17); EU own resources treated as revenue reductions in some years vs D.7 payable in ESA"
FRA_R06_H_strict,FRA,ESA_REV,R06_H,2,Households' actual social contributions,1977,1977,CY,13836.641424209925,EUR,303907.2,EUROSTAT_NAMA10_GDP,4.552917,,,,strict,stitched_actual,EUROSTAT_GOV10A_MAIN,1995.0,85330.9,OECD_RS,0.867999140099243,,,,0.9916,2024.0,B,OECD_RS_to_ESA_REV:1.0,OECD_RS,,2026-08-31,current,,,,,,,False,False,False,20260919T115610Z,"OECD 2100 + 2300 Households' actual social contributions: OECD Revenue Statistics heading, growth only (§7.11): historical years cash-basis; payable tax credits net where the anchor is gross (D17); EU own resources treated as revenue reductions in some years vs D.7 payable in ESA"
FRA_R06_H_strict,FRA,ESA_REV,R06_H,2,Households' actual social contributions,1976,1976,CY,11581.601839860712,EUR,269715.5,EUROSTAT_NAMA10_GDP,4.294007,,,,strict,stitched_actual,EUROSTAT_GOV10A_MAIN,1995.0,85330.9,OECD_RS,0.8370240642065365,,,,0.9916,2024.0,B,OECD_RS_to_ESA_REV:1.0,OECD_RS,,2026-08-31,current,,,,,,,False,False,False,20260919T115610Z,"OECD 2100 + 2300 Households' actual social contributions: OECD Revenue Statistics heading, growth only (§7.11): historical years cash-basis; payable tax credits net where the anchor is gross (D17); EU own resources treated as revenue reductions in some years vs D.7 payable in ESA"
FRA_R06_H_strict,FRA,ESA_REV,R06_H,2,Households' actual social contributions,1975,1975,CY,9285.64691208423,EUR,233582.9,EUROSTAT_NAMA10_GDP,3.975311,,,,strict,stitched_actual,EUROSTAT_GOV10A_MAIN,1995.0,85330.9,OECD_RS,0.8017584303516262,,,,0.9916,2024.0,B,OECD_RS_to_ESA_REV:1.0,OECD_RS,,2026-08-31,current,,,,,,,False,False,False,20260919T115610Z,"OECD 2100 + 2300 Households' actual social contributions: OECD Revenue Statistics heading, growth only (§7.11): historical years cash-basis; payable tax credits net where the anchor is gross (D17); EU own resources treated as revenue reductions in some years vs D.7 payable in ESA"
FRA_R06_H_strict,FRA,ESA_REV,R06_H,2,Households' actual social contributions,1974,1974,CY,7534.255507236057,EUR,,EUROSTAT_NAMA10_GDP,,,,,strict,stitched_actual,EUROSTAT_GOV10A_MAIN,1995.0,85330.9,OECD_RS,0.811387249436662,,,,0.9916,2024.0,B,OECD_RS_to_ESA_REV:1.0,OECD_RS,,2026-08-31,current,,,,,,,False,False,False,20260919T115610Z,"OECD 2100 + 2300 Households' actual social contributions: OECD Revenue Statistics heading, growth only (§7.11): historical years cash-basis; payable tax credits net where the anchor is gross (D17); EU own resources treated as revenue reductions in some years vs D.7 payable in ESA"
FRA_R06_H_strict,FRA,ESA_REV,R06_H,2,Households' actual social contributions,1973,1973,CY,6362.0800380878945,EUR,,EUROSTAT_NAMA10_GDP,,,,,strict,stitched_actual,EUROSTAT_GOV10A_MAIN,1995.0,85330.9,OECD_RS,0.8444205312625274,,,,0.9916,2024.0,B,OECD_RS_to_ESA_REV:1.0,OECD_RS,,2026-08-31,current,,,,,,,False,False,False,20260919T115610Z,"OECD 2100 + 2300 Households' actual social contributions: OECD Revenue Statistics heading, growth only (§7.11): historical years cash-basis; payable tax credits net where the anchor is gross (D17); EU own resources treated as revenue reductions in some years vs D.7 payable in ESA"
FRA_R06_H_strict,FRA,ESA_REV,R06_H,2,Households' actual social contributions,1972,1972,CY,5497.833661884624,EUR,,EUROSTAT_NAMA10_GDP,,,,,strict,stitched_actual,EUROSTAT_GOV10A_MAIN,1995.0,85330.9,OECD_RS,0.8641566325746796,,,,0.9916,2024.0,B,OECD_RS_to_ESA_REV:1.0,OECD_RS,,2026-08-31,current,,,,,,,False,False,False,20260919T115610Z,"OECD 2100 + 2300 Households' actual social contributions: OECD Revenue Statistics heading, growth only (§7.11): historical years cash-basis; payable tax credits net where the anchor is gross (D17); EU own resources treated as revenue reductions in some years vs D.7 payable in ESA"
FRA_R06_H_strict,FRA,ESA_REV,R06_H,2,Households' actual social contributions,1971,1971,CY,4698.470806644613,EUR,,EUROSTAT_NAMA10_GDP,,,,,strict,stitched_actual,EUROSTAT_GOV10A_MAIN,1995.0,85330.9,OECD_RS,0.8546040305326381,,,,0.9916,2024.0,B,OECD_RS_to_ESA_REV:1.0,OECD_RS,,2026-08-31,current,,,,,,,False,False,False,20260919T115610Z,"OECD 2100 + 2300 Households' actual social contributions: OECD Revenue Statistics heading, growth only (§7.11): historical years cash-basis; payable tax credits net where the anchor is gross (D17); EU own resources treated as revenue reductions in some years vs D.7 payable in ESA"
FRA_R06_H_strict,FRA,ESA_REV,R06_H,2,Households' actual social contributions,1970,1970,CY,4129.4824550164285,EUR,,EUROSTAT_NAMA10_GDP,,,,,strict,stitched_actual,EUROSTAT_GOV10A_MAIN,1995.0,85330.9,OECD_RS,0.8788992472138986,,,,0.9916,2024.0,B,OECD_RS_to_ESA_REV:1.0,OECD_RS,,2026-08-31,current,,,,,,,False,False,False,20260919T115610Z,"OECD 2100 + 2300 Households' actual social contributions: OECD Revenue Statistics heading, growth only (§7.11): historical years cash-basis; payable tax credits net where the anchor is gross (D17); EU own resources treated as revenue reductions in some years vs D.7 payable in ESA"
FRA_R06_H_strict,FRA,ESA_REV,R06_H,2,Households' actual social contributions,1969,1969,CY,3790.714387089462,EUR,,EUROSTAT_NAMA10_GDP,,,,,strict,stitched_actual,EUROSTAT_GOV10A_MAIN,1995.0,85330.9,OECD_RS,0.917963553152905,,,,0.9916,2024.0,B,OECD_RS_to_ESA_REV:1.0,OECD_RS,,2026-08-31,current,,,,,,,False,False,False,20260919T115610Z,"OECD 2100 + 2300 Households' actual social contributions: OECD Revenue Statistics heading, growth only (§7.11): historical years cash-basis; payable tax credits net where the anchor is gross (D17); EU own resources treated as revenue reductions in some years vs D.7 payable in ESA"
FRA_R06_H_strict,FRA,ESA_REV,R06_H,2,Households' actual social contributions,1968,1968,CY,3172.4137183296884,EUR,,EUROSTAT_NAMA10_GDP,,,,,strict,stitched_actual,EUROSTAT_GOV10A_MAIN,1995.0,85330.9,OECD_RS,0.8368907267544076,,,,0.9916,2024.0,B,OECD_RS_to_ESA_REV:1.0,OECD_RS,,2026-08-31,current,,,,,,,False,False,False,20260919T115610Z,"OECD 2100 + 2300 Households' actual social contributions: OECD Revenue Statistics heading, growth only (§7.11): historical years cash-basis; payable tax credits net where the anchor is gross (D17); EU own resources treated as revenue reductions in some years vs D.7 payable in ESA"
FRA_R06_H_strict,FRA,ESA_REV,R06_H,2,Households' actual social contributions,1967,1967,CY,2835.0206110343306,EUR,,EUROSTAT_NAMA10_GDP,,,,,strict,stitched_actual,EUROSTAT_GOV10A_MAIN,1995.0,85330.9,OECD_RS,0.8936478223675697,,,,0.9916,2024.0,B,OECD_RS_to_ESA_REV:1.0,OECD_RS,,2026-08-31,current,,,,,,,False,False,False,20260919T115610Z,"OECD 2100 + 2300 Households' actual social contributions: OECD Revenue Statistics heading, growth only (§7.11): historical years cash-basis; payable tax credits net where the anchor is gross (D17); EU own resources treated as revenue reductions in some years vs D.7 payable in ESA"
FRA_R06_H_strict,FRA,ESA_REV,R06_H,2,Households' actual social contributions,1966,1966,CY,2532.7405733865276,EUR,,EUROSTAT_NAMA10_GDP,,,,,strict,stitched_actual,EUROSTAT_GOV10A_MAIN,1995.0,85330.9,OECD_RS,0.8933764232713923,,,,0.9916,2024.0,B,OECD_RS_to_ESA_REV:1.0,OECD_RS,,2026-08-31,current,,,,,,,False,False,False,20260919T115610Z,"OECD 2100 + 2300 Households' actual social contributions: OECD Revenue Statistics heading, growth only (§7.11): historical years cash-basis; payable tax credits net where the anchor is gross (D17); EU own resources treated as revenue reductions in some years vs D.7 payable in ESA"
FRA_R06_H_strict,FRA,ESA_REV,R06_H,2,Households' actual social contributions,1965,1965,CY,2282.36755279493,EUR,,EUROSTAT_NAMA10_GDP,,,,,strict,stitched_actual,EUROSTAT_GOV10A_MAIN,1995.0,85330.9,OECD_RS,0.9011454140931522,,,,0.9916,2024.0,B,OECD_RS_to_ESA_REV:1.0,OECD_RS,,2026-08-31,current,,,,,,,False,False,False,20260919T115610Z,"OECD 2100 + 2300 Households' actual social contributions: OECD Revenue Statistics heading, growth only (§7.11): historical years cash-basis; payable tax credits net where the anchor is gross (D17); EU own resources treated as revenue reductions in some years vs D.7 payable in ESA"
FRA_R06_strict,FRA,ESA_REV,R06,1,Net social contributions,2026,2026,CY,511808.9100000001,EUR,3055843.48,EC_AMECO,16.748532,,,,strict,direct_forecast,EUROSTAT_GOV10A_MAIN,2025.0,498736.0,EC_AMECO,1.026212084148728,,,,1.0,2025.0,A,EC_AMECO_to_ESA_REV:1.0,EC_AMECO,2026-06-03,2026-08-31,current,,,,,,,False,False,True,20260919T115610Z,"AMECO UTSG (Spring 2026): net social contributions received (D.61), general government — the anchor's own ESA aggregate, Commission forecast vintage"
FRA_R06_strict,FRA,ESA_REV,R06,1,Net social contributions,2027,2027,CY,524461.5900000001,EUR,3150693.59,EC_AMECO,16.645909,,,,strict,direct_forecast,EUROSTAT_GOV10A_MAIN,2025.0,498736.0,EC_AMECO,1.0247214922460024,,,,1.0,2025.0,A,EC_AMECO_to_ESA_REV:1.0,EC_AMECO,2026-06-03,2026-08-31,current,,,,,,,False,False,True,20260919T115610Z,"AMECO UTSG (Spring 2026): net social contributions received (D.61), general government — the anchor's own ESA aggregate, Commission forecast vintage"
FRA_R09_strict,FRA,ESA_REV,R09,1,Sales of goods and services,2026,2026,CY,133443.61000000004,EUR,3055843.48,EC_AMECO,4.366834,,,,strict,composite_forecast,EUROSTAT_GOV10A_MAIN,2025.0,129556.9,EC_AMECO,1.0300000231558493,grow_with_proxy,,,1.0,2025.0,B,EC_AMECO_to_ESA_REV:1.0,EC_AMECO,2026-06-03,2026-08-31,current,,,,,,,False,False,True,20260919T115610Z,"AMECO UTOG minus UROG (Spring 2026): other current revenue including sales minus other current revenue = sales of goods and services (P.11+P.12+P.131); complete composite of two official GG aggregates (§6.2(3)); constructed, not an official forecast"
FRA_R09_strict,FRA,ESA_REV,R09,1,Sales of goods and services,2027,2027,CY,137446.92,EUR,3150693.59,EC_AMECO,4.362434,,,,strict,composite_forecast,EUROSTAT_GOV10A_MAIN,2025.0,129556.9,EC_AMECO,1.0300000127394633,grow_with_proxy,,,1.0,2025.0,B,EC_AMECO_to_ESA_REV:1.0,EC_AMECO,2026-06-03,2026-08-31,current,,,,,,,False,False,True,20260919T115610Z,"AMECO UTOG minus UROG (Spring 2026): other current revenue including sales minus other current revenue = sales of goods and services (P.11+P.12+P.131); complete composite of two official GG aggregates (§6.2(3)); constructed, not an official forecast"
DEU_R01_strict,DEU,ESA_REV,R01,1,Value added tax,1995,1995,CY,120216.0,EUR,1899930.0,EUROSTAT_NAMA10_GDP,6.327391,870238.0,EUROSTAT_GOV10A_MAIN,13.814152,strict,anchor_actual,EUROSTAT_GOV10A_MAIN,1995.0,120216.0,,,,,,,,A,,EUROSTAT_GOV10A_MAIN,2026-07-21,2026-09-03,current,,,,,119960.324,-0.2127,False,False,False,20260919T115610Z,
DEU_R01_strict,DEU,ESA_REV,R01,1,Value added tax,1996,1996,CY,121484.0,EUR,1928560.0,EUROSTAT_NAMA10_GDP,6.299208,885563.0,EUROSTAT_GOV10A_MAIN,13.718279,strict,anchor_actual,EUROSTAT_GOV10A_MAIN,1996.0,121484.0,,,,,,,,A,,EUROSTAT_GOV10A_MAIN,2026-07-21,2026-09-03,current,,,,,121282.52500000001,-0.1658,False,False,False,20260919T115610Z,
DEU_R01_strict,DEU,ESA_REV,R01,1,Value added tax,1997,1997,CY,123024.0,EUR,1967180.0,EUROSTAT_NAMA10_GDP,6.253825,899509.0,EUROSTAT_GOV10A_MAIN,13.676795,strict,anchor_actual,EUROSTAT_GOV10A_MAIN,1997.0,123024.0,,,,,,,,A,,EUROSTAT_GOV10A_MAIN,2026-07-21,2026-09-03,current,,,,,123170.725,0.1193,False,False,False,20260919T115610Z,
DEU_R01_strict,DEU,ESA_REV,R01,1,Value added tax,1998,1998,CY,129206.0,EUR,2022310.0,EUROSTAT_NAMA10_GDP,6.38903,923010.0,EUROSTAT_GOV10A_MAIN,13.998332,strict,anchor_actual,EUROSTAT_GOV10A_MAIN,1998.0,129206.0,,,,,,,,A,,EUROSTAT_GOV10A_MAIN,2026-07-21,2026-09-03,current,,,,,127932.387,-0.9857,False,False,False,20260919T115610Z,
DEU_R01_strict,DEU,ESA_REV,R01,1,Value added tax,1999,1999,CY,137707.0,EUR,2077240.0,EUROSTAT_NAMA10_GDP,6.629325,968416.0,EUROSTAT_GOV10A_MAIN,14.219819,strict,anchor_actual,EUROSTAT_GOV10A_MAIN,1999.0,137707.0,,,,,,,,A,,EUROSTAT_GOV10A_MAIN,2026-07-21,2026-09-03,current,,,,,137155.581,-0.4004,False,False,False,20260919T115610Z,
DEU_R01_strict,DEU,ESA_REV,R01,1,Value added tax,2000,2000,CY,140003.0,EUR,2129660.0,EUROSTAT_NAMA10_GDP,6.57396,986936.0,EUROSTAT_GOV10A_MAIN,14.185621,strict,anchor_actual,EUROSTAT_GOV10A_MAIN,2000.0,140003.0,,,,,,,,A,,EUROSTAT_GOV10A_MAIN,2026-07-21,2026-09-03,current,,,,,140871.0,0.62,False,False,False,20260919T115610Z,
DEU_R01_strict,DEU,ESA_REV,R01,1,Value added tax,2001,2001,CY,139088.0,EUR,2195530.0,EUROSTAT_NAMA10_GDP,6.335053,977627.0,EUROSTAT_GOV10A_MAIN,14.227103,strict,anchor_actual,EUROSTAT_GOV10A_MAIN,2001.0,139088.0,,,,,,,,A,,EUROSTAT_GOV10A_MAIN,2026-07-21,2026-09-03,current,,,,,138935.0,-0.11,False,False,False,20260919T115610Z,
DEU_R01_strict,DEU,ESA_REV,R01,1,Value added tax,2002,2002,CY,136779.0,EUR,2223360.0,EUROSTAT_NAMA10_GDP,6.151905,981788.0,EUROSTAT_GOV10A_MAIN,13.931623,strict,anchor_actual,EUROSTAT_GOV10A_MAIN,2002.0,136779.0,,,,,,,,A,,EUROSTAT_GOV10A_MAIN,2026-07-21,2026-09-03,current,,,,,137103.0,0.2369,False,False,False,20260919T115610Z,
DEU_R01_strict,DEU,ESA_REV,R01,1,Value added tax,2003,2003,CY,137196.0,EUR,2240810.0,EUROSTAT_NAMA10_GDP,6.122607,1001289.0,EUROSTAT_GOV10A_MAIN,13.701938,strict,anchor_actual,EUROSTAT_GOV10A_MAIN,2003.0,137196.0,,,,,,,,A,,EUROSTAT_GOV10A_MAIN,2026-07-21,2026-09-03,current,,,,,137568.0,0.2711,False,False,False,20260919T115610Z,
DEU_R01_strict,DEU,ESA_REV,R01,1,Value added tax,2004,2004,CY,137444.0,EUR,2293040.0,EUROSTAT_NAMA10_GDP,5.993964,998635.0,EUROSTAT_GOV10A_MAIN,13.763187,strict,anchor_actual,EUROSTAT_GOV10A_MAIN,2004.0,137444.0,,,,,,,,A,,EUROSTAT_GOV10A_MAIN,2026-07-21,2026-09-03,current,,,,,137774.0,0.2401,False,False,False,20260919T115610Z,
DEU_R01_strict,DEU,ESA_REV,R01,1,Value added tax,2005,2005,CY,139801.0,EUR,2325710.0,EUROSTAT_NAMA10_GDP,6.011111,1011597.0,EUROSTAT_GOV10A_MAIN,13.819831,strict,anchor_actual,EUROSTAT_GOV10A_MAIN,2005.0,139801.0,,,,,,,,A,,EUROSTAT_GOV10A_MAIN,2026-07-21,2026-09-03,current,,,,,140121.0,0.2289,False,False,False,20260919T115610Z,
DEU_R01_strict,DEU,ESA_REV,R01,1,Value added tax,2006,2006,CY,147135.0,EUR,2426180.0,EUROSTAT_NAMA10_GDP,6.064472,1056690.0,EUROSTAT_GOV10A_MAIN,13.92414,strict,anchor_actual,EUROSTAT_GOV10A_MAIN,2006.0,147135.0,,,,,,,,A,,EUROSTAT_GOV10A_MAIN,2026-07-21,2026-09-03,current,,,,,147457.0,0.2188,False,False,False,20260919T115610Z,
DEU_R01_strict,DEU,ESA_REV,R01,1,Value added tax,2007,2007,CY,170066.0,EUR,2542220.0,EUROSTAT_NAMA10_GDP,6.689665,1110816.0,EUROSTAT_GOV10A_MAIN,15.310006,strict,anchor_actual,EUROSTAT_GOV10A_MAIN,2007.0,170066.0,,,,,,,,A,,EUROSTAT_GOV10A_MAIN,2026-07-21,2026-09-03,current,,,,,170387.0,0.1888,False,False,False,20260919T115610Z,
DEU_R01_strict,DEU,ESA_REV,R01,1,Value added tax,2008,2008,CY,175867.0,EUR,2589280.0,EUROSTAT_NAMA10_GDP,6.79212,1143471.0,EUROSTAT_GOV10A_MAIN,15.380101,strict,anchor_actual,EUROSTAT_GOV10A_MAIN,2008.0,175867.0,,,,,,,,A,,EUROSTAT_GOV10A_MAIN,2026-07-21,2026-09-03,current,,,,,176188.0,0.1825,False,False,False,20260919T115610Z,
DEU_R01_strict,DEU,ESA_REV,R01,1,Value added tax,2009,2009,CY,177697.0,EUR,2493970.0,EUROSTAT_NAMA10_GDP,7.125066,1125612.0,EUROSTAT_GOV10A_MAIN,15.786701,strict,anchor_actual,EUROSTAT_GOV10A_MAIN,2009.0,177697.0,,,,,,,,A,,EUROSTAT_GOV10A_MAIN,2026-07-21,2026-09-03,current,,,,,178020.0,0.1818,False,False,False,20260919T115610Z,
DEU_R01_strict,DEU,ESA_REV,R01,1,Value added tax,2010,2010,CY,180213.0,EUR,2615260.0,EUROSTAT_NAMA10_GDP,6.890825,1143087.0,EUROSTAT_GOV10A_MAIN,15.765467,strict,anchor_actual,EUROSTAT_GOV10A_MAIN,2010.0,180213.0,,,,,,,,A,,EUROSTAT_GOV10A_MAIN,2026-07-21,2026-09-03,current,,,,,180533.0,0.1776,False,False,False,20260919T115610Z,
DEU_R01_strict,DEU,ESA_REV,R01,1,Value added tax,2011,2011,CY,189909.0,EUR,2747210.0,EUROSTAT_NAMA10_GDP,6.912795,1220989.0,EUROSTAT_GOV10A_MAIN,15.553703,strict,anchor_actual,EUROSTAT_GOV10A_MAIN,2011.0,189909.0,,,,,,,,A,,EUROSTAT_GOV10A_MAIN,2026-07-21,2026-09-03,current,,,,,190229.0,0.1685,False,False,False,20260919T115610Z,
DEU_R01_strict,DEU,ESA_REV,R01,1,Value added tax,2012,2012,CY,194034.0,EUR,2800680.0,EUROSTAT_NAMA10_GDP,6.928103,1260986.0,EUROSTAT_GOV10A_MAIN,15.387482,strict,anchor_actual,EUROSTAT_GOV10A_MAIN,2012.0,194034.0,,,,,,,,A,,EUROSTAT_GOV10A_MAIN,2026-07-21,2026-09-03,current,,,,,194353.0,0.1644,False,False,False,20260919T115610Z,
DEU_R01_strict,DEU,ESA_REV,R01,1,Value added tax,2013,2013,CY,197006.0,EUR,2869480.0,EUROSTAT_NAMA10_GDP,6.865564,1298112.0,EUROSTAT_GOV10A_MAIN,15.176348,strict,anchor_actual,EUROSTAT_GOV10A_MAIN,2013.0,197006.0,,,,,,,,A,,EUROSTAT_GOV10A_MAIN,2026-07-21,2026-09-03,current,,,,,197326.0,0.1624,False,False,False,20260919T115610Z,
DEU_R01_strict,DEU,ESA_REV,R01,1,Value added tax,2014,2014,CY,203083.0,EUR,2988470.0,EUROSTAT_NAMA10_GDP,6.795551,1350164.0,EUROSTAT_GOV10A_MAIN,15.041358,strict,anchor_actual,EUROSTAT_GOV10A_MAIN,2014.0,203083.0,,,,,,,,A,,EUROSTAT_GOV10A_MAIN,2026-07-21,2026-09-03,current,,,,,203401.0,0.1566,False,False,False,20260919T115610Z,
DEU_R01_strict,DEU,ESA_REV,R01,1,Value added tax,2015,2015,CY,211614.0,EUR,3094190.0,EUROSTAT_NAMA10_GDP,6.839076,1401532.0,EUROSTAT_GOV10A_MAIN,15.098763,strict,anchor_actual,EUROSTAT_GOV10A_MAIN,2015.0,211614.0,,,,,,,,A,,EUROSTAT_GOV10A_MAIN,2026-07-21,2026-09-03,current,,,,,211936.0,0.1522,False,False,False,20260919T115610Z,
DEU_R01_strict,DEU,ESA_REV,R01,1,Value added tax,2016,2016,CY,218781.0,EUR,3204870.0,EUROSTAT_NAMA10_GDP,6.826517,1465493.0,EUROSTAT_GOV10A_MAIN,14.928833,strict,anchor_actual,EUROSTAT_GOV10A_MAIN,2016.0,218781.0,,,,,,,,A,,EUROSTAT_GOV10A_MAIN,2026-07-21,2026-09-03,current,,,,,219100.0,0.1458,False,False,False,20260919T115610Z,
DEU_R01_strict,DEU,ESA_REV,R01,1,Value added tax,2017,2017,CY,226583.0,EUR,3345860.0,EUROSTAT_NAMA10_GDP,6.772041,1529123.0,EUROSTAT_GOV10A_MAIN,14.81784,strict,anchor_actual,EUROSTAT_GOV10A_MAIN,2017.0,226583.0,,,,,,,,A,,EUROSTAT_GOV10A_MAIN,2026-07-21,2026-09-03,current,,,,,226901.0,0.1403,False,False,False,20260919T115610Z,
DEU_R01_strict,DEU,ESA_REV,R01,1,Value added tax,2018,2018,CY,235129.0,EUR,3450580.0,EUROSTAT_NAMA10_GDP,6.814188,1597995.0,EUROSTAT_GOV10A_MAIN,14.714001,strict,anchor_actual,EUROSTAT_GOV10A_MAIN,2018.0,235129.0,,,,,,,,A,,EUROSTAT_GOV10A_MAIN,2026-07-21,2026-09-03,current,,,,,235449.0,0.1361,False,False,False,20260919T115610Z,
DEU_R01_strict,DEU,ESA_REV,R01,1,Value added tax,2019,2019,CY,244112.0,EUR,3557630.0,EUROSTAT_NAMA10_GDP,6.861647,1657564.0,EUROSTAT_GOV10A_MAIN,14.727154,strict,anchor_actual,EUROSTAT_GOV10A_MAIN,2019.0,244112.0,,,,,,,,A,,EUROSTAT_GOV10A_MAIN,2026-07-21,2026-09-03,current,,,,,244433.0,0.1315,False,False,False,20260919T115610Z,
DEU_R01_strict,DEU,ESA_REV,R01,1,Value added tax,2020,2020,CY,221565.0,EUR,3477670.0,EUROSTAT_NAMA10_GDP,6.371076,1612653.0,EUROSTAT_GOV10A_MAIN,13.739161,strict,anchor_actual,EUROSTAT_GOV10A_MAIN,2020.0,221565.0,,,,,,,,A,,EUROSTAT_GOV10A_MAIN,2026-07-21,2026-09-03,current,,,,,221882.0,0.1431,False,False,False,20260919T115610Z,
DEU_R01_strict,DEU,ESA_REV,R01,1,Value added tax,2021,2021,CY,260333.0,EUR,3713090.0,EUROSTAT_NAMA10_GDP,7.011222,1749189.0,EUROSTAT_GOV10A_MAIN,14.883069,strict,anchor_actual,EUROSTAT_GOV10A_MAIN,2021.0,260333.0,,,,,,,,A,,EUROSTAT_GOV10A_MAIN,2026-07-21,2026-09-03,current,,,,,260654.0,0.1233,False,False,False,20260919T115610Z,
DEU_R01_strict,DEU,ESA_REV,R01,1,Value added tax,2022,2022,CY,292231.0,EUR,4010630.0,EUROSTAT_NAMA10_GDP,7.286411,1863070.0,EUROSTAT_GOV10A_MAIN,15.685455,strict,anchor_actual,EUROSTAT_GOV10A_MAIN,2022.0,292231.0,,,,,,,,A,,EUROSTAT_GOV10A_MAIN,2026-07-21,2026-09-03,current,,,,,292552.0,0.1098,False,False,False,20260919T115610Z,
DEU_R01_strict,DEU,ESA_REV,R01,1,Value added tax,2023,2023,CY,291457.0,EUR,4254930.0,EUROSTAT_NAMA10_GDP,6.849866,1926184.0,EUROSTAT_GOV10A_MAIN,15.131317,strict,anchor_actual,EUROSTAT_GOV10A_MAIN,2023.0,291457.0,,,,,,,,A,,EUROSTAT_GOV10A_MAIN,2026-07-21,2026-09-03,current,,,,,291776.0,0.1095,False,False,False,20260919T115610Z,
DEU_R01_strict,DEU,ESA_REV,R01,1,Value added tax,2024,2024,CY,298764.0,EUR,4386940.0,EUROSTAT_NAMA10_GDP,6.810305,2024422.0,EUROSTAT_GOV10A_MAIN,14.75799,strict,anchor_actual,EUROSTAT_GOV10A_MAIN,2024.0,298764.0,,,,,,,,A,,EUROSTAT_GOV10A_MAIN,2026-07-21,2026-09-03,current,,,,,299084.0,0.1071,False,False,False,20260919T115610Z,
DEU_R01_strict,DEU,ESA_REV,R01,1,Value added tax,2025,2025,CY,310642.0,EUR,4529710.0,EUROSTAT_NAMA10_GDP,6.857878,2140194.0,EUROSTAT_GOV10A_MAIN,14.514665,strict,anchor_actual,EUROSTAT_GOV10A_MAIN,2025.0,310642.0,,,,,,,,A,,EUROSTAT_GOV10A_MAIN,2026-07-21,2026-09-03,current,,,,,,,False,False,False,20260919T115610Z,
DEU_R02_strict,DEU,ESA_REV,R02,1,Other taxes on production and imports,1995,1995,CY,76631.0,EUR,1899930.0,EUROSTAT_NAMA10_GDP,4.033359,870238.0,EUROSTAT_GOV10A_MAIN,8.805752,strict,derived_actual,EUROSTAT_GOV10A_MAIN,1995.0,76631.0,,,,,,,,A,,EUROSTAT_GOV10A_MAIN,2026-07-21,2026-09-03,current,,,,,,,False,False,False,20260919T115610Z,derived D.2 - D.211
DEU_R02_strict,DEU,ESA_REV,R02,1,Other taxes on production and imports,1996,1996,CY,76128.0,EUR,1928560.0,EUROSTAT_NAMA10_GDP,3.947401,885563.0,EUROSTAT_GOV10A_MAIN,8.596565,strict,derived_actual,EUROSTAT_GOV10A_MAIN,1996.0,76128.0,,,,,,,,A,,EUROSTAT_GOV10A_MAIN,2026-07-21,2026-09-03,current,,,,,,,False,False,False,20260919T115610Z,derived D.2 - D.211
DEU_R02_strict,DEU,ESA_REV,R02,1,Other taxes on production and imports,1997,1997,CY,77604.0,EUR,1967180.0,EUROSTAT_NAMA10_GDP,3.944936,899509.0,EUROSTAT_GOV10A_MAIN,8.627373,strict,derived_actual,EUROSTAT_GOV10A_MAIN,1997.0,77604.0,,,,,,,,A,,EUROSTAT_GOV10A_MAIN,2026-07-21,2026-09-03,current,,,,,,,False,False,False,20260919T115610Z,derived D.2 - D.211
DEU_R02_strict,DEU,ESA_REV,R02,1,Other taxes on production and imports,1998,1998,CY,78908.0,EUR,2022310.0,EUROSTAT_NAMA10_GDP,3.901875,923010.0,EUROSTAT_GOV10A_MAIN,8.548986,strict,derived_actual,EUROSTAT_GOV10A_MAIN,1998.0,78908.0,,,,,,,,A,,EUROSTAT_GOV10A_MAIN,2026-07-21,2026-09-03,current,,,,,,,False,False,False,20260919T115610Z,derived D.2 - D.211
DEU_R02_strict,DEU,ESA_REV,R02,1,Other taxes on production and imports,1999,1999,CY,85865.0,EUR,2077240.0,EUROSTAT_NAMA10_GDP,4.13361,968416.0,EUROSTAT_GOV10A_MAIN,8.866541,strict,derived_actual,EUROSTAT_GOV10A_MAIN,1999.0,85865.0,,,,,,,,A,,EUROSTAT_GOV10A_MAIN,2026-07-21,2026-09-03,current,,,,,,,False,False,False,20260919T115610Z,derived D.2 - D.211
DEU_R02_strict,DEU,ESA_REV,R02,1,Other taxes on production and imports,2000,2000,CY,89378.0,EUR,2129660.0,EUROSTAT_NAMA10_GDP,4.19682,986936.0,EUROSTAT_GOV10A_MAIN,9.056109,strict,derived_actual,EUROSTAT_GOV10A_MAIN,2000.0,89378.0,,,,,,,,A,,EUROSTAT_GOV10A_MAIN,2026-07-21,2026-09-03,current,,,,,,,False,False,False,20260919T115610Z,derived D.2 - D.211
DEU_R02_strict,DEU,ESA_REV,R02,1,Other taxes on production and imports,2001,2001,CY,94330.0,EUR,2195530.0,EUROSTAT_NAMA10_GDP,4.296457,977627.0,EUROSTAT_GOV10A_MAIN,9.648874,strict,derived_actual,EUROSTAT_GOV10A_MAIN,2001.0,94330.0,,,,,,,,A,,EUROSTAT_GOV10A_MAIN,2026-07-21,2026-09-03,current,,,,,,,False,False,False,20260919T115610Z,derived D.2 - D.211
DEU_R02_strict,DEU,ESA_REV,R02,1,Other taxes on production and imports,2002,2002,CY,98615.0,EUR,2223360.0,EUROSTAT_NAMA10_GDP,4.435404,981788.0,EUROSTAT_GOV10A_MAIN,10.044429,strict,derived_actual,EUROSTAT_GOV10A_MAIN,2002.0,98615.0,,,,,,,,A,,EUROSTAT_GOV10A_MAIN,2026-07-21,2026-09-03,current,,,,,,,False,False,False,20260919T115610Z,derived D.2 - D.211
DEU_R02_strict,DEU,ESA_REV,R02,1,Other taxes on production and imports,2003,2003,CY,103782.0,EUR,2240810.0,EUROSTAT_NAMA10_GDP,4.63145,1001289.0,EUROSTAT_GOV10A_MAIN,10.36484,strict,derived_actual,EUROSTAT_GOV10A_MAIN,2003.0,103782.0,,,,,,,,A,,EUROSTAT_GOV10A_MAIN,2026-07-21,2026-09-03,current,,,,,,,False,False,False,20260919T115610Z,derived D.2 - D.211
DEU_R02_strict,DEU,ESA_REV,R02,1,Other taxes on production and imports,2004,2004,CY,102391.0,EUR,2293040.0,EUROSTAT_NAMA10_GDP,4.465295,998635.0,EUROSTAT_GOV10A_MAIN,10.253095,strict,derived_actual,EUROSTAT_GOV10A_MAIN,2004.0,102391.0,,,,,,,,A,,EUROSTAT_GOV10A_MAIN,2026-07-21,2026-09-03,current,,,,,,,False,False,False,20260919T115610Z,derived D.2 - D.211
DEU_R02_strict,DEU,ESA_REV,R02,1,Other taxes on production and imports,2005,2005,CY,102780.0,EUR,2325710.0,EUROSTAT_NAMA10_GDP,4.419296,1011597.0,EUROSTAT_GOV10A_MAIN,10.160172,strict,derived_actual,EUROSTAT_GOV10A_MAIN,2005.0,102780.0,,,,,,,,A,,EUROSTAT_GOV10A_MAIN,2026-07-21,2026-09-03,current,,,,,,,False,False,False,20260919T115610Z,derived D.2 - D.211
DEU_R02_strict,DEU,ESA_REV,R02,1,Other taxes on production and imports,2006,2006,CY,105711.0,EUR,2426180.0,EUROSTAT_NAMA10_GDP,4.357096,1056690.0,EUROSTAT_GOV10A_MAIN,10.003975,strict,derived_actual,EUROSTAT_GOV10A_MAIN,2006.0,105711.0,,,,,,,,A,,EUROSTAT_GOV10A_MAIN,2026-07-21,2026-09-03,current,,,,,,,False,False,False,20260919T115610Z,derived D.2 - D.211
DEU_R02_strict,DEU,ESA_REV,R02,1,Other taxes on production and imports,2007,2007,CY,108142.0,EUR,2542220.0,EUROSTAT_NAMA10_GDP,4.253841,1110816.0,EUROSTAT_GOV10A_MAIN,9.735366,strict,derived_actual,EUROSTAT_GOV10A_MAIN,2007.0,108142.0,,,,,,,,A,,EUROSTAT_GOV10A_MAIN,2026-07-21,2026-09-03,current,,,,,,,False,False,False,20260919T115610Z,derived D.2 - D.211
DEU_R02_strict,DEU,ESA_REV,R02,1,Other taxes on production and imports,2008,2008,CY,107448.0,EUR,2589280.0,EUROSTAT_NAMA10_GDP,4.149725,1143471.0,EUROSTAT_GOV10A_MAIN,9.396653,strict,derived_actual,EUROSTAT_GOV10A_MAIN,2008.0,107448.0,,,,,,,,A,,EUROSTAT_GOV10A_MAIN,2026-07-21,2026-09-03,current,,,,,,,False,False,False,20260919T115610Z,derived D.2 - D.211
DEU_R02_strict,DEU,ESA_REV,R02,1,Other taxes on production and imports,2009,2009,CY,109225.0,EUR,2493970.0,EUROSTAT_NAMA10_GDP,4.379564,1125612.0,EUROSTAT_GOV10A_MAIN,9.70361,strict,derived_actual,EUROSTAT_GOV10A_MAIN,2009.0,109225.0,,,,,,,,A,,EUROSTAT_GOV10A_MAIN,2026-07-21,2026-09-03,current,,,,,,,False,False,False,20260919T115610Z,derived D.2 - D.211
DEU_R02_strict,DEU,ESA_REV,R02,1,Other taxes on production and imports,2010,2010,CY,106871.0,EUR,2615260.0,EUROSTAT_NAMA10_GDP,4.086439,1143087.0,EUROSTAT_GOV10A_MAIN,9.349332,strict,derived_actual,EUROSTAT_GOV10A_MAIN,2010.0,106871.0,,,,,,,,A,,EUROSTAT_GOV10A_MAIN,2026-07-21,2026-09-03,current,,,,,,,False,False,False,20260919T115610Z,derived D.2 - D.211
DEU_R02_strict,DEU,ESA_REV,R02,1,Other taxes on production and imports,2011,2011,CY,119361.0,EUR,2747210.0,EUROSTAT_NAMA10_GDP,4.344808,1220989.0,EUROSTAT_GOV10A_MAIN,9.775764,strict,derived_actual,EUROSTAT_GOV10A_MAIN,2011.0,119361.0,,,,,,,,A,,EUROSTAT_GOV10A_MAIN,2026-07-21,2026-09-03,current,,,,,,,False,False,False,20260919T115610Z,derived D.2 - D.211
DEU_R02_strict,DEU,ESA_REV,R02,1,Other taxes on production and imports,2012,2012,CY,121589.0,EUR,2800680.0,EUROSTAT_NAMA10_GDP,4.34141,1260986.0,EUROSTAT_GOV10A_MAIN,9.642375,strict,derived_actual,EUROSTAT_GOV10A_MAIN,2012.0,121589.0,,,,,,,,A,,EUROSTAT_GOV10A_MAIN,2026-07-21,2026-09-03,current,,,,,,,False,False,False,20260919T115610Z,derived D.2 - D.211
DEU_R02_strict,DEU,ESA_REV,R02,1,Other taxes on production and imports,2013,2013,CY,128962.0,EUR,2869480.0,EUROSTAT_NAMA10_GDP,4.494264,1298112.0,EUROSTAT_GOV10A_MAIN,9.934582,strict,derived_actual,EUROSTAT_GOV10A_MAIN,2013.0,128962.0,,,,,,,,A,,EUROSTAT_GOV10A_MAIN,2026-07-21,2026-09-03,current,,,,,,,False,False,False,20260919T115610Z,derived D.2 - D.211
DEU_R02_strict,DEU,ESA_REV,R02,1,Other taxes on production and imports,2014,2014,CY,134700.0,EUR,2988470.0,EUROSTAT_NAMA10_GDP,4.507323,1350164.0,EUROSTAT_GOV10A_MAIN,9.976566,strict,derived_actual,EUROSTAT_GOV10A_MAIN,2014.0,134700.0,,,,,,,,A,,EUROSTAT_GOV10A_MAIN,2026-07-21,2026-09-03,current,,,,,,,False,False,False,20260919T115610Z,derived D.2 - D.211
DEU_R02_strict,DEU,ESA_REV,R02,1,Other taxes on production and imports,2015,2015,CY,138204.0,EUR,3094190.0,EUROSTAT_NAMA10_GDP,4.466565,1401532.0,EUROSTAT_GOV10A_MAIN,9.860924,strict,derived_actual,EUROSTAT_GOV10A_MAIN,2015.0,138204.0,,,,,,,,A,,EUROSTAT_GOV10A_MAIN,2026-07-21,2026-09-03,current,,,,,,,False,False,False,20260919T115610Z,derived D.2 - D.211
DEU_R02_strict,DEU,ESA_REV,R02,1,Other taxes on production and imports,2016,2016,CY,140379.0,EUR,3204870.0,EUROSTAT_NAMA10_GDP,4.380178,1465493.0,EUROSTAT_GOV10A_MAIN,9.578961,strict,derived_actual,EUROSTAT_GOV10A_MAIN,2016.0,140379.0,,,,,,,,A,,EUROSTAT_GOV10A_MAIN,2026-07-21,2026-09-03,current,,,,,,,False,False,False,20260919T115610Z,derived D.2 - D.211
DEU_R02_strict,DEU,ESA_REV,R02,1,Other taxes on production and imports,2017,2017,CY,145195.0,EUR,3345860.0,EUROSTAT_NAMA10_GDP,4.339542,1529123.0,EUROSTAT_GOV10A_MAIN,9.495312,strict,derived_actual,EUROSTAT_GOV10A_MAIN,2017.0,145195.0,,,,,,,,A,,EUROSTAT_GOV10A_MAIN,2026-07-21,2026-09-03,current,,,,,,,False,False,False,20260919T115610Z,derived D.2 - D.211
DEU_R02_strict,DEU,ESA_REV,R02,1,Other taxes on production and imports,2018,2018,CY,146271.0,EUR,3450580.0,EUROSTAT_NAMA10_GDP,4.239026,1597995.0,EUROSTAT_GOV10A_MAIN,9.153408,strict,derived_actual,EUROSTAT_GOV10A_MAIN,2018.0,146271.0,,,,,,,,A,,EUROSTAT_GOV10A_MAIN,2026-07-21,2026-09-03,current,,,,,,,False,False,False,20260919T115610Z,derived D.2 - D.211
DEU_R02_strict,DEU,ESA_REV,R02,1,Other taxes on production and imports,2019,2019,CY,150272.0,EUR,3557630.0,EUROSTAT_NAMA10_GDP,4.223936,1657564.0,EUROSTAT_GOV10A_MAIN,9.065834,strict,derived_actual,EUROSTAT_GOV10A_MAIN,2019.0,150272.0,,,,,,,,A,,EUROSTAT_GOV10A_MAIN,2026-07-21,2026-09-03,current,,,,,,,False,False,False,20260919T115610Z,derived D.2 - D.211
DEU_R02_strict,DEU,ESA_REV,R02,1,Other taxes on production and imports,2020,2020,CY,149709.0,EUR,3477670.0,EUROSTAT_NAMA10_GDP,4.304865,1612653.0,EUROSTAT_GOV10A_MAIN,9.283398,strict,derived_actual,EUROSTAT_GOV10A_MAIN,2020.0,149709.0,,,,,,,,A,,EUROSTAT_GOV10A_MAIN,2026-07-21,2026-09-03,current,,,,,,,False,False,False,20260919T115610Z,derived D.2 - D.211
DEU_R02_strict,DEU,ESA_REV,R02,1,Other taxes on production and imports,2021,2021,CY,150340.0,EUR,3713090.0,EUROSTAT_NAMA10_GDP,4.048919,1749189.0,EUROSTAT_GOV10A_MAIN,8.59484,strict,derived_actual,EUROSTAT_GOV10A_MAIN,2021.0,150340.0,,,,,,,,A,,EUROSTAT_GOV10A_MAIN,2026-07-21,2026-09-03,current,,,,,,,False,False,False,20260919T115610Z,derived D.2 - D.211
DEU_R02_strict,DEU,ESA_REV,R02,1,Other taxes on production and imports,2022,2022,CY,142078.0,EUR,4010630.0,EUROSTAT_NAMA10_GDP,3.542536,1863070.0,EUROSTAT_GOV10A_MAIN,7.626015,strict,derived_actual,EUROSTAT_GOV10A_MAIN,2022.0,142078.0,,,,,,,,A,,EUROSTAT_GOV10A_MAIN,2026-07-21,2026-09-03,current,,,,,,,False,False,False,20260919T115610Z,derived D.2 - D.211
DEU_R02_strict,DEU,ESA_REV,R02,1,Other taxes on production and imports,2023,2023,CY,137253.0,EUR,4254930.0,EUROSTAT_NAMA10_GDP,3.22574,1926184.0,EUROSTAT_GOV10A_MAIN,7.125643,strict,derived_actual,EUROSTAT_GOV10A_MAIN,2023.0,137253.0,,,,,,,,A,,EUROSTAT_GOV10A_MAIN,2026-07-21,2026-09-03,current,,,,,,,False,False,False,20260919T115610Z,derived D.2 - D.211
DEU_R02_strict,DEU,ESA_REV,R02,1,Other taxes on production and imports,2024,2024,CY,145015.0,EUR,4386940.0,EUROSTAT_NAMA10_GDP,3.305607,2024422.0,EUROSTAT_GOV10A_MAIN,7.163279,strict,derived_actual,EUROSTAT_GOV10A_MAIN,2024.0,145015.0,,,,,,,,A,,EUROSTAT_GOV10A_MAIN,2026-07-21,2026-09-03,current,,,,,,,False,False,False,20260919T115610Z,derived D.2 - D.211
DEU_R02_strict,DEU,ESA_REV,R02,1,Other taxes on production and imports,2025,2025,CY,149489.0,EUR,4529710.0,EUROSTAT_NAMA10_GDP,3.300189,2140194.0,EUROSTAT_GOV10A_MAIN,6.984834,strict,derived_actual,EUROSTAT_GOV10A_MAIN,2025.0,149489.0,,,,,,,,A,,EUROSTAT_GOV10A_MAIN,2026-07-21,2026-09-03,current,,,,,,,False,False,False,20260919T115610Z,derived D.2 - D.211
DEU_R03_strict,DEU,ESA_REV,R03,1,Taxes on household income,1995,1995,CY,174890.0,EUR,1899930.0,EUROSTAT_NAMA10_GDP,9.205076,870238.0,EUROSTAT_GOV10A_MAIN,20.096801,strict,anchor_actual,EUROSTAT_GOV10A_MAIN,1995.0,174890.0,,,,,,,,A,,EUROSTAT_GOV10A_MAIN,2026-07-21,2026-09-03,current,,,,,189069.091,8.1074,False,False,False,20260919T115610Z,
DEU_R03_strict,DEU,ESA_REV,R03,1,Taxes on household income,1996,1996,CY,167691.0,EUR,1928560.0,EUROSTAT_NAMA10_GDP,8.69514,885563.0,EUROSTAT_GOV10A_MAIN,18.936089,strict,anchor_actual,EUROSTAT_GOV10A_MAIN,1996.0,167691.0,,,,,,,,A,,EUROSTAT_GOV10A_MAIN,2026-07-21,2026-09-03,current,,,,,170046.47600000002,1.4047,False,False,False,20260919T115610Z,
DEU_R03_strict,DEU,ESA_REV,R03,1,Taxes on household income,1997,1997,CY,167553.0,EUR,1967180.0,EUROSTAT_NAMA10_GDP,8.517421,899509.0,EUROSTAT_GOV10A_MAIN,18.627162,strict,anchor_actual,EUROSTAT_GOV10A_MAIN,1997.0,167553.0,,,,,,,,A,,EUROSTAT_GOV10A_MAIN,2026-07-21,2026-09-03,current,,,,,167012.982,-0.3223,False,False,False,20260919T115610Z,
DEU_R03_strict,DEU,ESA_REV,R03,1,Taxes on household income,1998,1998,CY,176250.0,EUR,2022310.0,EUROSTAT_NAMA10_GDP,8.715281,923010.0,EUROSTAT_GOV10A_MAIN,19.095134,strict,anchor_actual,EUROSTAT_GOV10A_MAIN,1998.0,176250.0,,,,,,,,A,,EUROSTAT_GOV10A_MAIN,2026-07-21,2026-09-03,current,,,,,179104.523,1.6196,False,False,False,20260919T115610Z,
DEU_R03_strict,DEU,ESA_REV,R03,1,Taxes on household income,1999,1999,CY,188056.0,EUR,2077240.0,EUROSTAT_NAMA10_GDP,9.053167,968416.0,EUROSTAT_GOV10A_MAIN,19.418927,strict,anchor_actual,EUROSTAT_GOV10A_MAIN,1999.0,188056.0,,,,,,,,A,,EUROSTAT_GOV10A_MAIN,2026-07-21,2026-09-03,current,,,,,187124.137,-0.4955,False,False,False,20260919T115610Z,
DEU_R03_strict,DEU,ESA_REV,R03,1,Taxes on household income,2000,2000,CY,195839.0,EUR,2129660.0,EUROSTAT_NAMA10_GDP,9.195787,986936.0,EUROSTAT_GOV10A_MAIN,19.843131,strict,anchor_actual,EUROSTAT_GOV10A_MAIN,2000.0,195839.0,,,,,,,,A,,EUROSTAT_GOV10A_MAIN,2026-07-21,2026-09-03,current,,,,,194173.06,-0.8507,False,False,False,20260919T115610Z,
DEU_R03_strict,DEU,ESA_REV,R03,1,Taxes on household income,2001,2001,CY,193844.0,EUR,2195530.0,EUROSTAT_NAMA10_GDP,8.82903,977627.0,EUROSTAT_GOV10A_MAIN,19.828012,strict,anchor_actual,EUROSTAT_GOV10A_MAIN,2001.0,193844.0,,,,,,,,A,,EUROSTAT_GOV10A_MAIN,2026-07-21,2026-09-03,current,,,,,207024.54,6.7996,False,False,False,20260919T115610Z,
DEU_R03_strict,DEU,ESA_REV,R03,1,Taxes on household income,2002,2002,CY,189687.0,EUR,2223360.0,EUROSTAT_NAMA10_GDP,8.531547,981788.0,EUROSTAT_GOV10A_MAIN,19.320566,strict,anchor_actual,EUROSTAT_GOV10A_MAIN,2002.0,189687.0,,,,,,,,A,,EUROSTAT_GOV10A_MAIN,2026-07-21,2026-09-03,current,,,,,190745.0,0.5578,False,False,False,20260919T115610Z,
DEU_R03_strict,DEU,ESA_REV,R03,1,Taxes on household income,2003,2003,CY,186249.0,EUR,2240810.0,EUROSTAT_NAMA10_GDP,8.311682,1001289.0,EUROSTAT_GOV10A_MAIN,18.600923,strict,anchor_actual,EUROSTAT_GOV10A_MAIN,2003.0,186249.0,,,,,,,,A,,EUROSTAT_GOV10A_MAIN,2026-07-21,2026-09-03,current,,,,,183565.0,-1.4411,False,False,False,20260919T115610Z,
DEU_R03_strict,DEU,ESA_REV,R03,1,Taxes on household income,2004,2004,CY,177082.0,EUR,2293040.0,EUROSTAT_NAMA10_GDP,7.722587,998635.0,EUROSTAT_GOV10A_MAIN,17.732405,strict,anchor_actual,EUROSTAT_GOV10A_MAIN,2004.0,177082.0,,,,,,,,A,,EUROSTAT_GOV10A_MAIN,2026-07-21,2026-09-03,current,,,,,176104.0,-0.5523,False,False,False,20260919T115610Z,
DEU_R03_strict,DEU,ESA_REV,R03,1,Taxes on household income,2005,2005,CY,178538.0,EUR,2325710.0,EUROSTAT_NAMA10_GDP,7.676709,1011597.0,EUROSTAT_GOV10A_MAIN,17.649123,strict,anchor_actual,EUROSTAT_GOV10A_MAIN,2005.0,178538.0,,,,,,,,A,,EUROSTAT_GOV10A_MAIN,2026-07-21,2026-09-03,current,,,,,179645.0,0.62,False,False,False,20260919T115610Z,
DEU_R03_strict,DEU,ESA_REV,R03,1,Taxes on household income,2006,2006,CY,192262.0,EUR,2426180.0,EUROSTAT_NAMA10_GDP,7.924474,1056690.0,EUROSTAT_GOV10A_MAIN,18.19474,strict,anchor_actual,EUROSTAT_GOV10A_MAIN,2006.0,192262.0,,,,,,,,A,,EUROSTAT_GOV10A_MAIN,2026-07-21,2026-09-03,current,,,,,198519.0,3.2544,False,False,False,20260919T115610Z,
DEU_R03_strict,DEU,ESA_REV,R03,1,Taxes on household income,2007,2007,CY,210664.0,EUR,2542220.0,EUROSTAT_NAMA10_GDP,8.286616,1110816.0,EUROSTAT_GOV10A_MAIN,18.964797,strict,anchor_actual,EUROSTAT_GOV10A_MAIN,2007.0,210664.0,,,,,,,,A,,EUROSTAT_GOV10A_MAIN,2026-07-21,2026-09-03,current,,,,,218848.0,3.8849,False,False,False,20260919T115610Z,
DEU_R03_strict,DEU,ESA_REV,R03,1,Taxes on household income,2008,2008,CY,230126.0,EUR,2589280.0,EUROSTAT_NAMA10_GDP,8.887644,1143471.0,EUROSTAT_GOV10A_MAIN,20.125215,strict,anchor_actual,EUROSTAT_GOV10A_MAIN,2008.0,230126.0,,,,,,,,A,,EUROSTAT_GOV10A_MAIN,2026-07-21,2026-09-03,current,,,,,240509.0,4.5119,False,False,False,20260919T115610Z,
DEU_R03_strict,DEU,ESA_REV,R03,1,Taxes on household income,2009,2009,CY,218084.0,EUR,2493970.0,EUROSTAT_NAMA10_GDP,8.744452,1125612.0,EUROSTAT_GOV10A_MAIN,19.374705,strict,anchor_actual,EUROSTAT_GOV10A_MAIN,2009.0,218084.0,,,,,,,,A,,EUROSTAT_GOV10A_MAIN,2026-07-21,2026-09-03,current,,,,,223947.0,2.6884,False,False,False,20260919T115610Z,
DEU_R03_strict,DEU,ESA_REV,R03,1,Taxes on household income,2010,2010,CY,210447.0,EUR,2615260.0,EUROSTAT_NAMA10_GDP,8.046886,1143087.0,EUROSTAT_GOV10A_MAIN,18.41041,strict,anchor_actual,EUROSTAT_GOV10A_MAIN,2010.0,210447.0,,,,,,,,A,,EUROSTAT_GOV10A_MAIN,2026-07-21,2026-09-03,current,,,,,219387.0,4.2481,False,False,False,20260919T115610Z,
DEU_R03_strict,DEU,ESA_REV,R03,1,Taxes on household income,2011,2011,CY,221213.0,EUR,2747210.0,EUROSTAT_NAMA10_GDP,8.052278,1220989.0,EUROSTAT_GOV10A_MAIN,18.117526,strict,anchor_actual,EUROSTAT_GOV10A_MAIN,2011.0,221213.0,,,,,,,,A,,EUROSTAT_GOV10A_MAIN,2026-07-21,2026-09-03,current,,,,,238568.0,7.8454,False,False,False,20260919T115610Z,
DEU_R03_strict,DEU,ESA_REV,R03,1,Taxes on household income,2012,2012,CY,238405.0,EUR,2800680.0,EUROSTAT_NAMA10_GDP,8.512397,1260986.0,EUROSTAT_GOV10A_MAIN,18.906237,strict,anchor_actual,EUROSTAT_GOV10A_MAIN,2012.0,238405.0,,,,,,,,A,,EUROSTAT_GOV10A_MAIN,2026-07-21,2026-09-03,current,,,,,258564.00000000003,8.4558,False,False,False,20260919T115610Z,
DEU_R03_strict,DEU,ESA_REV,R03,1,Taxes on household income,2013,2013,CY,252769.0,EUR,2869480.0,EUROSTAT_NAMA10_GDP,8.808878,1298112.0,EUROSTAT_GOV10A_MAIN,19.472049,strict,anchor_actual,EUROSTAT_GOV10A_MAIN,2013.0,252769.0,,,,,,,,A,,EUROSTAT_GOV10A_MAIN,2026-07-21,2026-09-03,current,,,,,270179.0,6.8877,False,False,False,20260919T115610Z,
DEU_R03_strict,DEU,ESA_REV,R03,1,Taxes on household income,2014,2014,CY,262721.0,EUR,2988470.0,EUROSTAT_NAMA10_GDP,8.791154,1350164.0,EUROSTAT_GOV10A_MAIN,19.458451,strict,anchor_actual,EUROSTAT_GOV10A_MAIN,2014.0,262721.0,,,,,,,,A,,EUROSTAT_GOV10A_MAIN,2026-07-21,2026-09-03,current,,,,,282458.0,7.5125,False,False,False,20260919T115610Z,
DEU_R03_strict,DEU,ESA_REV,R03,1,Taxes on household income,2015,2015,CY,276495.0,EUR,3094190.0,EUROSTAT_NAMA10_GDP,8.935941,1401532.0,EUROSTAT_GOV10A_MAIN,19.728055,strict,anchor_actual,EUROSTAT_GOV10A_MAIN,2015.0,276495.0,,,,,,,,A,,EUROSTAT_GOV10A_MAIN,2026-07-21,2026-09-03,current,,,,,299362.0,8.2703,False,False,False,20260919T115610Z,
DEU_R03_strict,DEU,ESA_REV,R03,1,Taxes on household income,2016,2016,CY,290097.0,EUR,3204870.0,EUROSTAT_NAMA10_GDP,9.051756,1465493.0,EUROSTAT_GOV10A_MAIN,19.795182,strict,anchor_actual,EUROSTAT_GOV10A_MAIN,2016.0,290097.0,,,,,,,,A,,EUROSTAT_GOV10A_MAIN,2026-07-21,2026-09-03,current,,,,,314751.0,8.4985,False,False,False,20260919T115610Z,
DEU_R03_strict,DEU,ESA_REV,R03,1,Taxes on household income,2017,2017,CY,309989.0,EUR,3345860.0,EUROSTAT_NAMA10_GDP,9.264853,1529123.0,EUROSTAT_GOV10A_MAIN,20.272339,strict,anchor_actual,EUROSTAT_GOV10A_MAIN,2017.0,309989.0,,,,,,,,A,,EUROSTAT_GOV10A_MAIN,2026-07-21,2026-09-03,current,,,,,334851.0,8.0203,False,False,False,20260919T115610Z,
DEU_R03_strict,DEU,ESA_REV,R03,1,Taxes on household income,2018,2018,CY,325048.0,EUR,3450580.0,EUROSTAT_NAMA10_GDP,9.420097,1597995.0,EUROSTAT_GOV10A_MAIN,20.34099,strict,anchor_actual,EUROSTAT_GOV10A_MAIN,2018.0,325048.0,,,,,,,,A,,EUROSTAT_GOV10A_MAIN,2026-07-21,2026-09-03,current,,,,,351771.0,8.2212,False,False,False,20260919T115610Z,
DEU_R03_strict,DEU,ESA_REV,R03,1,Taxes on household income,2019,2019,CY,339193.0,EUR,3557630.0,EUROSTAT_NAMA10_GDP,9.53424,1657564.0,EUROSTAT_GOV10A_MAIN,20.463343,strict,anchor_actual,EUROSTAT_GOV10A_MAIN,2019.0,339193.0,,,,,,,,A,,EUROSTAT_GOV10A_MAIN,2026-07-21,2026-09-03,current,,,,,368458.0,8.6278,False,False,False,20260919T115610Z,
DEU_R03_strict,DEU,ESA_REV,R03,1,Taxes on household income,2020,2020,CY,327965.0,EUR,3477670.0,EUROSTAT_NAMA10_GDP,9.430596,1612653.0,EUROSTAT_GOV10A_MAIN,20.336985,strict,anchor_actual,EUROSTAT_GOV10A_MAIN,2020.0,327965.0,,,,,,,,A,,EUROSTAT_GOV10A_MAIN,2026-07-21,2026-09-03,current,,,,,348846.0,6.3668,False,False,False,20260919T115610Z,
DEU_R03_strict,DEU,ESA_REV,R03,1,Taxes on household income,2021,2021,CY,349043.0,EUR,3713090.0,EUROSTAT_NAMA10_GDP,9.400338,1749189.0,EUROSTAT_GOV10A_MAIN,19.954562,strict,anchor_actual,EUROSTAT_GOV10A_MAIN,2021.0,349043.0,,,,,,,,A,,EUROSTAT_GOV10A_MAIN,2026-07-21,2026-09-03,current,,,,,379564.0,8.7442,False,False,False,20260919T115610Z,
DEU_R03_strict,DEU,ESA_REV,R03,1,Taxes on household income,2022,2022,CY,378558.0,EUR,4010630.0,EUROSTAT_NAMA10_GDP,9.438866,1863070.0,EUROSTAT_GOV10A_MAIN,20.319043,strict,anchor_actual,EUROSTAT_GOV10A_MAIN,2022.0,378558.0,,,,,,,,A,,EUROSTAT_GOV10A_MAIN,2026-07-21,2026-09-03,current,,,,,415921.0,9.8698,False,False,False,20260919T115610Z,
DEU_R03_strict,DEU,ESA_REV,R03,1,Taxes on household income,2023,2023,CY,376859.0,EUR,4254930.0,EUROSTAT_NAMA10_GDP,8.856996,1926184.0,EUROSTAT_GOV10A_MAIN,19.565057,strict,anchor_actual,EUROSTAT_GOV10A_MAIN,2023.0,376859.0,,,,,,,,A,,EUROSTAT_GOV10A_MAIN,2026-07-21,2026-09-03,current,,,,,415558.0,10.2688,False,False,False,20260919T115610Z,
DEU_R03_strict,DEU,ESA_REV,R03,1,Taxes on household income,2024,2024,CY,396586.0,EUR,4386940.0,EUROSTAT_NAMA10_GDP,9.040151,2024422.0,EUROSTAT_GOV10A_MAIN,19.590085,strict,anchor_actual,EUROSTAT_GOV10A_MAIN,2024.0,396586.0,,,,,,,,A,,EUROSTAT_GOV10A_MAIN,2026-07-21,2026-09-03,current,,,,,435585.0,9.8337,False,False,False,20260919T115610Z,
DEU_R03_strict,DEU,ESA_REV,R03,1,Taxes on household income,2025,2025,CY,416392.0,EUR,4529710.0,EUROSTAT_NAMA10_GDP,9.192465,2140194.0,EUROSTAT_GOV10A_MAIN,19.455806,strict,anchor_actual,EUROSTAT_GOV10A_MAIN,2025.0,416392.0,,,,,,,,A,,EUROSTAT_GOV10A_MAIN,2026-07-21,2026-09-03,current,,,,,,,False,False,False,20260919T115610Z,
DEU_R04_strict,DEU,ESA_REV,R04,1,Taxes on corporate income,1995,1995,CY,35288.0,EUR,1899930.0,EUROSTAT_NAMA10_GDP,1.857332,870238.0,EUROSTAT_GOV10A_MAIN,4.054983,strict,anchor_actual,EUROSTAT_GOV10A_MAIN,1995.0,35288.0,,,,,,,,A,,EUROSTAT_GOV10A_MAIN,2026-07-21,2026-09-03,current,,,,,19171.399999999998,-45.6716,False,False,False,20260919T115610Z,
DEU_R04_strict,DEU,ESA_REV,R04,1,Taxes on corporate income,1996,1996,CY,42589.0,EUR,1928560.0,EUROSTAT_NAMA10_GDP,2.208332,885563.0,EUROSTAT_GOV10A_MAIN,4.809257,strict,anchor_actual,EUROSTAT_GOV10A_MAIN,1996.0,42589.0,,,,,,,,A,,EUROSTAT_GOV10A_MAIN,2026-07-21,2026-09-03,current,,,,,26067.705,-38.7924,False,False,False,20260919T115610Z,
DEU_R04_strict,DEU,ESA_REV,R04,1,Taxes on corporate income,1997,1997,CY,46004.0,EUR,1967180.0,EUROSTAT_NAMA10_GDP,2.338576,899509.0,EUROSTAT_GOV10A_MAIN,5.114346,strict,anchor_actual,EUROSTAT_GOV10A_MAIN,1997.0,46004.0,,,,,,,,A,,EUROSTAT_GOV10A_MAIN,2026-07-21,2026-09-03,current,,,,,28159.912,-38.7881,False,False,False,20260919T115610Z,
DEU_R04_strict,DEU,ESA_REV,R04,1,Taxes on corporate income,1998,1998,CY,49205.0,EUR,2022310.0,EUROSTAT_NAMA10_GDP,2.433109,923010.0,EUROSTAT_GOV10A_MAIN,5.330928,strict,anchor_actual,EUROSTAT_GOV10A_MAIN,1998.0,49205.0,,,,,,,,A,,EUROSTAT_GOV10A_MAIN,2026-07-21,2026-09-03,current,,,,,31187.782,-36.6166,False,False,False,20260919T115610Z,
DEU_R04_strict,DEU,ESA_REV,R04,1,Taxes on corporate income,1999,1999,CY,53665.0,EUR,2077240.0,EUROSTAT_NAMA10_GDP,2.583476,968416.0,EUROSTAT_GOV10A_MAIN,5.541523,strict,anchor_actual,EUROSTAT_GOV10A_MAIN,1999.0,53665.0,,,,,,,,A,,EUROSTAT_GOV10A_MAIN,2026-07-21,2026-09-03,current,,,,,35615.57,-33.6335,False,False,False,20260919T115610Z,
DEU_R04_strict,DEU,ESA_REV,R04,1,Taxes on corporate income,2000,2000,CY,57904.0,EUR,2129660.0,EUROSTAT_NAMA10_GDP,2.718932,986936.0,EUROSTAT_GOV10A_MAIN,5.867047,strict,anchor_actual,EUROSTAT_GOV10A_MAIN,2000.0,57904.0,,,,,,,,A,,EUROSTAT_GOV10A_MAIN,2026-07-21,2026-09-03,current,,,,,37075.94,-35.97,False,False,False,20260919T115610Z,
DEU_R04_strict,DEU,ESA_REV,R04,1,Taxes on corporate income,2001,2001,CY,33344.0,EUR,2195530.0,EUROSTAT_NAMA10_GDP,1.518722,977627.0,EUROSTAT_GOV10A_MAIN,3.410708,strict,anchor_actual,EUROSTAT_GOV10A_MAIN,2001.0,33344.0,,,,,,,,A,,EUROSTAT_GOV10A_MAIN,2026-07-21,2026-09-03,current,,,,,12669.460000000001,-62.0038,False,False,False,20260919T115610Z,
DEU_R04_strict,DEU,ESA_REV,R04,1,Taxes on corporate income,2002,2002,CY,32921.0,EUR,2223360.0,EUROSTAT_NAMA10_GDP,1.480687,981788.0,EUROSTAT_GOV10A_MAIN,3.353168,strict,anchor_actual,EUROSTAT_GOV10A_MAIN,2002.0,32921.0,,,,,,,,A,,EUROSTAT_GOV10A_MAIN,2026-07-21,2026-09-03,current,,,,,21722.0,-34.0178,False,False,False,20260919T115610Z,
DEU_R04_strict,DEU,ESA_REV,R04,1,Taxes on corporate income,2003,2003,CY,37459.0,EUR,2240810.0,EUROSTAT_NAMA10_GDP,1.671672,1001289.0,EUROSTAT_GOV10A_MAIN,3.741078,strict,anchor_actual,EUROSTAT_GOV10A_MAIN,2003.0,37459.0,,,,,,,,A,,EUROSTAT_GOV10A_MAIN,2026-07-21,2026-09-03,current,,,,,27252.0,-27.2485,False,False,False,20260919T115610Z,
DEU_R04_strict,DEU,ESA_REV,R04,1,Taxes on corporate income,2004,2004,CY,46069.0,EUR,2293040.0,EUROSTAT_NAMA10_GDP,2.00908,998635.0,EUROSTAT_GOV10A_MAIN,4.613197,strict,anchor_actual,EUROSTAT_GOV10A_MAIN,2004.0,46069.0,,,,,,,,A,,EUROSTAT_GOV10A_MAIN,2026-07-21,2026-09-03,current,,,,,34122.0,-25.9328,False,False,False,20260919T115610Z,
DEU_R04_strict,DEU,ESA_REV,R04,1,Taxes on corporate income,2005,2005,CY,53461.0,EUR,2325710.0,EUROSTAT_NAMA10_GDP,2.298696,1011597.0,EUROSTAT_GOV10A_MAIN,5.284812,strict,anchor_actual,EUROSTAT_GOV10A_MAIN,2005.0,53461.0,,,,,,,,A,,EUROSTAT_GOV10A_MAIN,2026-07-21,2026-09-03,current,,,,,39966.0,-25.2427,False,False,False,20260919T115610Z,
DEU_R04_strict,DEU,ESA_REV,R04,1,Taxes on corporate income,2006,2006,CY,66297.0,EUR,2426180.0,EUROSTAT_NAMA10_GDP,2.732567,1056690.0,EUROSTAT_GOV10A_MAIN,6.274025,strict,anchor_actual,EUROSTAT_GOV10A_MAIN,2006.0,66297.0,,,,,,,,A,,EUROSTAT_GOV10A_MAIN,2026-07-21,2026-09-03,current,,,,,51984.0,-21.5892,False,False,False,20260919T115610Z,
DEU_R04_strict,DEU,ESA_REV,R04,1,Taxes on corporate income,2007,2007,CY,69549.0,EUR,2542220.0,EUROSTAT_NAMA10_GDP,2.735759,1110816.0,EUROSTAT_GOV10A_MAIN,6.261073,strict,anchor_actual,EUROSTAT_GOV10A_MAIN,2007.0,69549.0,,,,,,,,A,,EUROSTAT_GOV10A_MAIN,2026-07-21,2026-09-03,current,,,,,54748.0,-21.2814,False,False,False,20260919T115610Z,
DEU_R04_strict,DEU,ESA_REV,R04,1,Taxes on corporate income,2008,2008,CY,64096.0,EUR,2589280.0,EUROSTAT_NAMA10_GDP,2.475437,1143471.0,EUROSTAT_GOV10A_MAIN,5.605389,strict,anchor_actual,EUROSTAT_GOV10A_MAIN,2008.0,64096.0,,,,,,,,A,,EUROSTAT_GOV10A_MAIN,2026-07-21,2026-09-03,current,,,,,48514.0,-24.3104,False,False,False,20260919T115610Z,
DEU_R04_strict,DEU,ESA_REV,R04,1,Taxes on corporate income,2009,2009,CY,45290.0,EUR,2493970.0,EUROSTAT_NAMA10_GDP,1.81598,1125612.0,EUROSTAT_GOV10A_MAIN,4.023589,strict,anchor_actual,EUROSTAT_GOV10A_MAIN,2009.0,45290.0,,,,,,,,A,,EUROSTAT_GOV10A_MAIN,2026-07-21,2026-09-03,current,,,,,32530.0,-28.174,False,False,False,20260919T115610Z,
DEU_R04_strict,DEU,ESA_REV,R04,1,Taxes on corporate income,2010,2010,CY,52364.0,EUR,2615260.0,EUROSTAT_NAMA10_GDP,2.002248,1143087.0,EUROSTAT_GOV10A_MAIN,4.580929,strict,anchor_actual,EUROSTAT_GOV10A_MAIN,2010.0,52364.0,,,,,,,,A,,EUROSTAT_GOV10A_MAIN,2026-07-21,2026-09-03,current,,,,,38430.0,-26.6099,False,False,False,20260919T115610Z,
DEU_R04_strict,DEU,ESA_REV,R04,1,Taxes on corporate income,2011,2011,CY,64201.0,EUR,2747210.0,EUROSTAT_NAMA10_GDP,2.336953,1220989.0,EUROSTAT_GOV10A_MAIN,5.258115,strict,anchor_actual,EUROSTAT_GOV10A_MAIN,2011.0,64201.0,,,,,,,,A,,EUROSTAT_GOV10A_MAIN,2026-07-21,2026-09-03,current,,,,,45501.0,-29.1273,False,False,False,20260919T115610Z,
DEU_R04_strict,DEU,ESA_REV,R04,1,Taxes on corporate income,2012,2012,CY,68844.0,EUR,2800680.0,EUROSTAT_NAMA10_GDP,2.458117,1260986.0,EUROSTAT_GOV10A_MAIN,5.459537,strict,anchor_actual,EUROSTAT_GOV10A_MAIN,2012.0,68844.0,,,,,,,,A,,EUROSTAT_GOV10A_MAIN,2026-07-21,2026-09-03,current,,,,,47259.0,-31.3535,False,False,False,20260919T115610Z,
DEU_R04_strict,DEU,ESA_REV,R04,1,Taxes on corporate income,2013,2013,CY,67188.0,EUR,2869480.0,EUROSTAT_NAMA10_GDP,2.34147,1298112.0,EUROSTAT_GOV10A_MAIN,5.175825,strict,anchor_actual,EUROSTAT_GOV10A_MAIN,2013.0,67188.0,,,,,,,,A,,EUROSTAT_GOV10A_MAIN,2026-07-21,2026-09-03,current,,,,,49747.0,-25.9585,False,False,False,20260919T115610Z,
DEU_R04_strict,DEU,ESA_REV,R04,1,Taxes on corporate income,2014,2014,CY,67985.0,EUR,2988470.0,EUROSTAT_NAMA10_GDP,2.27491,1350164.0,EUROSTAT_GOV10A_MAIN,5.035314,strict,anchor_actual,EUROSTAT_GOV10A_MAIN,2014.0,67985.0,,,,,,,,A,,EUROSTAT_GOV10A_MAIN,2026-07-21,2026-09-03,current,,,,,50683.0,-25.4497,False,False,False,20260919T115610Z,
DEU_R04_strict,DEU,ESA_REV,R04,1,Taxes on corporate income,2015,2015,CY,69941.0,EUR,3094190.0,EUROSTAT_NAMA10_GDP,2.260398,1401532.0,EUROSTAT_GOV10A_MAIN,4.990325,strict,anchor_actual,EUROSTAT_GOV10A_MAIN,2015.0,69941.0,,,,,,,,A,,EUROSTAT_GOV10A_MAIN,2026-07-21,2026-09-03,current,,,,,52024.0,-25.6173,False,False,False,20260919T115610Z,
DEU_R04_strict,DEU,ESA_REV,R04,1,Taxes on corporate income,2016,2016,CY,81454.0,EUR,3204870.0,EUROSTAT_NAMA10_GDP,2.54157,1465493.0,EUROSTAT_GOV10A_MAIN,5.55813,strict,anchor_actual,EUROSTAT_GOV10A_MAIN,2016.0,81454.0,,,,,,,,A,,EUROSTAT_GOV10A_MAIN,2026-07-21,2026-09-03,current,,,,,61887.0,-24.0221,False,False,False,20260919T115610Z,
DEU_R04_strict,DEU,ESA_REV,R04,1,Taxes on corporate income,2017,2017,CY,86957.0,EUR,3345860.0,EUROSTAT_NAMA10_GDP,2.598943,1529123.0,EUROSTAT_GOV10A_MAIN,5.686724,strict,anchor_actual,EUROSTAT_GOV10A_MAIN,2017.0,86957.0,,,,,,,,A,,EUROSTAT_GOV10A_MAIN,2026-07-21,2026-09-03,current,,,,,66105.0,-23.9797,False,False,False,20260919T115610Z,
DEU_R04_strict,DEU,ESA_REV,R04,1,Taxes on corporate income,2018,2018,CY,94642.0,EUR,3450580.0,EUROSTAT_NAMA10_GDP,2.742785,1597995.0,EUROSTAT_GOV10A_MAIN,5.922547,strict,anchor_actual,EUROSTAT_GOV10A_MAIN,2018.0,94642.0,,,,,,,,A,,EUROSTAT_GOV10A_MAIN,2026-07-21,2026-09-03,current,,,,,72066.0,-23.8541,False,False,False,20260919T115610Z,
DEU_R04_strict,DEU,ESA_REV,R04,1,Taxes on corporate income,2019,2019,CY,91913.0,EUR,3557630.0,EUROSTAT_NAMA10_GDP,2.583546,1657564.0,EUROSTAT_GOV10A_MAIN,5.545065,strict,anchor_actual,EUROSTAT_GOV10A_MAIN,2019.0,91913.0,,,,,,,,A,,EUROSTAT_GOV10A_MAIN,2026-07-21,2026-09-03,current,,,,,68600.0,-25.3642,False,False,False,20260919T115610Z,
DEU_R04_strict,DEU,ESA_REV,R04,1,Taxes on corporate income,2020,2020,CY,74949.0,EUR,3477670.0,EUROSTAT_NAMA10_GDP,2.15515,1612653.0,EUROSTAT_GOV10A_MAIN,4.647559,strict,anchor_actual,EUROSTAT_GOV10A_MAIN,2020.0,74949.0,,,,,,,,A,,EUROSTAT_GOV10A_MAIN,2026-07-21,2026-09-03,current,,,,,54867.0,-26.7942,False,False,False,20260919T115610Z,
DEU_R04_strict,DEU,ESA_REV,R04,1,Taxes on corporate income,2021,2021,CY,109191.0,EUR,3713090.0,EUROSTAT_NAMA10_GDP,2.940704,1749189.0,EUROSTAT_GOV10A_MAIN,6.242379,strict,anchor_actual,EUROSTAT_GOV10A_MAIN,2021.0,109191.0,,,,,,,,A,,EUROSTAT_GOV10A_MAIN,2026-07-21,2026-09-03,current,,,,,82686.0,-24.274,False,False,False,20260919T115610Z,
DEU_R04_strict,DEU,ESA_REV,R04,1,Taxes on corporate income,2022,2022,CY,122395.0,EUR,4010630.0,EUROSTAT_NAMA10_GDP,3.051765,1863070.0,EUROSTAT_GOV10A_MAIN,6.569533,strict,anchor_actual,EUROSTAT_GOV10A_MAIN,2022.0,122395.0,,,,,,,,A,,EUROSTAT_GOV10A_MAIN,2026-07-21,2026-09-03,current,,,,,92453.0,-24.4634,False,False,False,20260919T115610Z,
DEU_R04_strict,DEU,ESA_REV,R04,1,Taxes on corporate income,2023,2023,CY,125861.0,EUR,4254930.0,EUROSTAT_NAMA10_GDP,2.958004,1926184.0,EUROSTAT_GOV10A_MAIN,6.534215,strict,anchor_actual,EUROSTAT_GOV10A_MAIN,2023.0,125861.0,,,,,,,,A,,EUROSTAT_GOV10A_MAIN,2026-07-21,2026-09-03,current,,,,,94537.0,-24.8878,False,False,False,20260919T115610Z,
DEU_R04_strict,DEU,ESA_REV,R04,1,Taxes on corporate income,2024,2024,CY,125073.0,EUR,4386940.0,EUROSTAT_NAMA10_GDP,2.851031,2024422.0,EUROSTAT_GOV10A_MAIN,6.178208,strict,anchor_actual,EUROSTAT_GOV10A_MAIN,2024.0,125073.0,,,,,,,,A,,EUROSTAT_GOV10A_MAIN,2026-07-21,2026-09-03,current,,,,,94547.0,-24.4065,False,False,False,20260919T115610Z,
DEU_R04_strict,DEU,ESA_REV,R04,1,Taxes on corporate income,2025,2025,CY,124542.0,EUR,4529710.0,EUROSTAT_NAMA10_GDP,2.749448,2140194.0,EUROSTAT_GOV10A_MAIN,5.819192,strict,anchor_actual,EUROSTAT_GOV10A_MAIN,2025.0,124542.0,,,,,,,,A,,EUROSTAT_GOV10A_MAIN,2026-07-21,2026-09-03,current,,,,,,,False,False,False,20260919T115610Z,
DEU_R05_strict,DEU,ESA_REV,R05,1,Other current taxes and capital taxes,1995,1995,CY,17834.0,EUR,1899930.0,EUROSTAT_NAMA10_GDP,0.938666,870238.0,EUROSTAT_GOV10A_MAIN,2.049324,strict,derived_actual,EUROSTAT_GOV10A_MAIN,1995.0,17834.0,,,,,,,,A,,EUROSTAT_GOV10A_MAIN,2026-07-21,2026-09-03,current,,,,,,,False,False,False,20260919T115610Z,derived D.5 - R03 - R04 + D.91 (D.59 inside D.5)
DEU_R05_strict,DEU,ESA_REV,R05,1,Other current taxes and capital taxes,1996,1996,CY,19155.0,EUR,1928560.0,EUROSTAT_NAMA10_GDP,0.993228,885563.0,EUROSTAT_GOV10A_MAIN,2.163031,strict,derived_actual,EUROSTAT_GOV10A_MAIN,1996.0,19155.0,,,,,,,,A,,EUROSTAT_GOV10A_MAIN,2026-07-21,2026-09-03,current,,,,,,,False,False,False,20260919T115610Z,derived D.5 - R03 - R04 + D.91 (D.59 inside D.5)
DEU_R05_strict,DEU,ESA_REV,R05,1,Other current taxes and capital taxes,1997,1997,CY,15903.0,EUR,1967180.0,EUROSTAT_NAMA10_GDP,0.808416,899509.0,EUROSTAT_GOV10A_MAIN,1.767965,strict,derived_actual,EUROSTAT_GOV10A_MAIN,1997.0,15903.0,,,,,,,,A,,EUROSTAT_GOV10A_MAIN,2026-07-21,2026-09-03,current,,,,,,,False,False,False,20260919T115610Z,derived D.5 - R03 - R04 + D.91 (D.59 inside D.5)
DEU_R05_strict,DEU,ESA_REV,R05,1,Other current taxes and capital taxes,1998,1998,CY,17043.0,EUR,2022310.0,EUROSTAT_NAMA10_GDP,0.842749,923010.0,EUROSTAT_GOV10A_MAIN,1.846459,strict,derived_actual,EUROSTAT_GOV10A_MAIN,1998.0,17043.0,,,,,,,,A,,EUROSTAT_GOV10A_MAIN,2026-07-21,2026-09-03,current,,,,,,,False,False,False,20260919T115610Z,derived D.5 - R03 - R04 + D.91 (D.59 inside D.5)
DEU_R05_strict,DEU,ESA_REV,R05,1,Other current taxes and capital taxes,1999,1999,CY,17265.0,EUR,2077240.0,EUROSTAT_NAMA10_GDP,0.831151,968416.0,EUROSTAT_GOV10A_MAIN,1.782808,strict,derived_actual,EUROSTAT_GOV10A_MAIN,1999.0,17265.0,,,,,,,,A,,EUROSTAT_GOV10A_MAIN,2026-07-21,2026-09-03,current,,,,,,,False,False,False,20260919T115610Z,derived D.5 - R03 - R04 + D.91 (D.59 inside D.5)
DEU_R05_strict,DEU,ESA_REV,R05,1,Other current taxes and capital taxes,2000,2000,CY,17249.0,EUR,2129660.0,EUROSTAT_NAMA10_GDP,0.809941,986936.0,EUROSTAT_GOV10A_MAIN,1.747732,strict,derived_actual,EUROSTAT_GOV10A_MAIN,2000.0,17249.0,,,,,,,,A,,EUROSTAT_GOV10A_MAIN,2026-07-21,2026-09-03,current,,,,,,,False,False,False,20260919T115610Z,derived D.5 - R03 - R04 + D.91 (D.59 inside D.5)
DEU_R05_strict,DEU,ESA_REV,R05,1,Other current taxes and capital taxes,2001,2001,CY,18583.0,EUR,2195530.0,EUROSTAT_NAMA10_GDP,0.846402,977627.0,EUROSTAT_GOV10A_MAIN,1.900827,strict,derived_actual,EUROSTAT_GOV10A_MAIN,2001.0,18583.0,,,,,,,,A,,EUROSTAT_GOV10A_MAIN,2026-07-21,2026-09-03,current,,,,,,,False,False,False,20260919T115610Z,derived D.5 - R03 - R04 + D.91 (D.59 inside D.5)
DEU_R05_strict,DEU,ESA_REV,R05,1,Other current taxes and capital taxes,2002,2002,CY,17685.0,EUR,2223360.0,EUROSTAT_NAMA10_GDP,0.795418,981788.0,EUROSTAT_GOV10A_MAIN,1.801305,strict,derived_actual,EUROSTAT_GOV10A_MAIN,2002.0,17685.0,,,,,,,,A,,EUROSTAT_GOV10A_MAIN,2026-07-21,2026-09-03,current,,,,,,,False,False,False,20260919T115610Z,derived D.5 - R03 - R04 + D.91 (D.59 inside D.5)
DEU_R05_strict,DEU,ESA_REV,R05,1,Other current taxes and capital taxes,2003,2003,CY,17461.0,EUR,2240810.0,EUROSTAT_NAMA10_GDP,0.779227,1001289.0,EUROSTAT_GOV10A_MAIN,1.743852,strict,derived_actual,EUROSTAT_GOV10A_MAIN,2003.0,17461.0,,,,,,,,A,,EUROSTAT_GOV10A_MAIN,2026-07-21,2026-09-03,current,,,,,,,False,False,False,20260919T115610Z,derived D.5 - R03 - R04 + D.91 (D.59 inside D.5)
DEU_R05_strict,DEU,ESA_REV,R05,1,Other current taxes and capital taxes,2004,2004,CY,19302.0,EUR,2293040.0,EUROSTAT_NAMA10_GDP,0.841765,998635.0,EUROSTAT_GOV10A_MAIN,1.932838,strict,derived_actual,EUROSTAT_GOV10A_MAIN,2004.0,19302.0,,,,,,,,A,,EUROSTAT_GOV10A_MAIN,2026-07-21,2026-09-03,current,,,,,,,False,False,False,20260919T115610Z,derived D.5 - R03 - R04 + D.91 (D.59 inside D.5)
DEU_R05_strict,DEU,ESA_REV,R05,1,Other current taxes and capital taxes,2005,2005,CY,20632.0,EUR,2325710.0,EUROSTAT_NAMA10_GDP,0.887127,1011597.0,EUROSTAT_GOV10A_MAIN,2.039547,strict,derived_actual,EUROSTAT_GOV10A_MAIN,2005.0,20632.0,,,,,,,,A,,EUROSTAT_GOV10A_MAIN,2026-07-21,2026-09-03,current,,,,,,,False,False,False,20260919T115610Z,derived D.5 - R03 - R04 + D.91 (D.59 inside D.5)
DEU_R05_strict,DEU,ESA_REV,R05,1,Other current taxes and capital taxes,2006,2006,CY,22040.0,EUR,2426180.0,EUROSTAT_NAMA10_GDP,0.908424,1056690.0,EUROSTAT_GOV10A_MAIN,2.085758,strict,derived_actual,EUROSTAT_GOV10A_MAIN,2006.0,22040.0,,,,,,,,A,,EUROSTAT_GOV10A_MAIN,2026-07-21,2026-09-03,current,,,,,,,False,False,False,20260919T115610Z,derived D.5 - R03 - R04 + D.91 (D.59 inside D.5)
DEU_R05_strict,DEU,ESA_REV,R05,1,Other current taxes and capital taxes,2007,2007,CY,24049.0,EUR,2542220.0,EUROSTAT_NAMA10_GDP,0.945984,1110816.0,EUROSTAT_GOV10A_MAIN,2.164985,strict,derived_actual,EUROSTAT_GOV10A_MAIN,2007.0,24049.0,,,,,,,,A,,EUROSTAT_GOV10A_MAIN,2026-07-21,2026-09-03,current,,,,,,,False,False,False,20260919T115610Z,derived D.5 - R03 - R04 + D.91 (D.59 inside D.5)
DEU_R05_strict,DEU,ESA_REV,R05,1,Other current taxes and capital taxes,2008,2008,CY,24579.0,EUR,2589280.0,EUROSTAT_NAMA10_GDP,0.94926,1143471.0,EUROSTAT_GOV10A_MAIN,2.149508,strict,derived_actual,EUROSTAT_GOV10A_MAIN,2008.0,24579.0,,,,,,,,A,,EUROSTAT_GOV10A_MAIN,2026-07-21,2026-09-03,current,,,,,,,False,False,False,20260919T115610Z,derived D.5 - R03 - R04 + D.91 (D.59 inside D.5)
DEU_R05_strict,DEU,ESA_REV,R05,1,Other current taxes and capital taxes,2009,2009,CY,22517.0,EUR,2493970.0,EUROSTAT_NAMA10_GDP,0.902858,1125612.0,EUROSTAT_GOV10A_MAIN,2.000423,strict,derived_actual,EUROSTAT_GOV10A_MAIN,2009.0,22517.0,,,,,,,,A,,EUROSTAT_GOV10A_MAIN,2026-07-21,2026-09-03,current,,,,,,,False,False,False,20260919T115610Z,derived D.5 - R03 - R04 + D.91 (D.59 inside D.5)
DEU_R05_strict,DEU,ESA_REV,R05,1,Other current taxes and capital taxes,2010,2010,CY,22372.0,EUR,2615260.0,EUROSTAT_NAMA10_GDP,0.855441,1143087.0,EUROSTAT_GOV10A_MAIN,1.957156,strict,derived_actual,EUROSTAT_GOV10A_MAIN,2010.0,22372.0,,,,,,,,A,,EUROSTAT_GOV10A_MAIN,2026-07-21,2026-09-03,current,,,,,,,False,False,False,20260919T115610Z,derived D.5 - R03 - R04 + D.91 (D.59 inside D.5)
DEU_R05_strict,DEU,ESA_REV,R05,1,Other current taxes and capital taxes,2011,2011,CY,24844.0,EUR,2747210.0,EUROSTAT_NAMA10_GDP,0.904336,1220989.0,EUROSTAT_GOV10A_MAIN,2.034744,strict,derived_actual,EUROSTAT_GOV10A_MAIN,2011.0,24844.0,,,,,,,,A,,EUROSTAT_GOV10A_MAIN,2026-07-21,2026-09-03,current,,,,,,,False,False,False,20260919T115610Z,derived D.5 - R03 - R04 + D.91 (D.59 inside D.5)
DEU_R05_strict,DEU,ESA_REV,R05,1,Other current taxes and capital taxes,2012,2012,CY,23449.0,EUR,2800680.0,EUROSTAT_NAMA10_GDP,0.837261,1260986.0,EUROSTAT_GOV10A_MAIN,1.859577,strict,derived_actual,EUROSTAT_GOV10A_MAIN,2012.0,23449.0,,,,,,,,A,,EUROSTAT_GOV10A_MAIN,2026-07-21,2026-09-03,current,,,,,,,False,False,False,20260919T115610Z,derived D.5 - R03 - R04 + D.91 (D.59 inside D.5)
DEU_R05_strict,DEU,ESA_REV,R05,1,Other current taxes and capital taxes,2013,2013,CY,25066.0,EUR,2869480.0,EUROSTAT_NAMA10_GDP,0.873538,1298112.0,EUROSTAT_GOV10A_MAIN,1.930958,strict,derived_actual,EUROSTAT_GOV10A_MAIN,2013.0,25066.0,,,,,,,,A,,EUROSTAT_GOV10A_MAIN,2026-07-21,2026-09-03,current,,,,,,,False,False,False,20260919T115610Z,derived D.5 - R03 - R04 + D.91 (D.59 inside D.5)
DEU_R05_strict,DEU,ESA_REV,R05,1,Other current taxes and capital taxes,2014,2014,CY,28289.0,EUR,2988470.0,EUROSTAT_NAMA10_GDP,0.946605,1350164.0,EUROSTAT_GOV10A_MAIN,2.095227,strict,derived_actual,EUROSTAT_GOV10A_MAIN,2014.0,28289.0,,,,,,,,A,,EUROSTAT_GOV10A_MAIN,2026-07-21,2026-09-03,current,,,,,,,False,False,False,20260919T115610Z,derived D.5 - R03 - R04 + D.91 (D.59 inside D.5)
DEU_R05_strict,DEU,ESA_REV,R05,1,Other current taxes and capital taxes,2015,2015,CY,31508.0,EUR,3094190.0,EUROSTAT_NAMA10_GDP,1.018296,1401532.0,EUROSTAT_GOV10A_MAIN,2.248111,strict,derived_actual,EUROSTAT_GOV10A_MAIN,2015.0,31508.0,,,,,,,,A,,EUROSTAT_GOV10A_MAIN,2026-07-21,2026-09-03,current,,,,,,,False,False,False,20260919T115610Z,derived D.5 - R03 - R04 + D.91 (D.59 inside D.5)
DEU_R05_strict,DEU,ESA_REV,R05,1,Other current taxes and capital taxes,2016,2016,CY,32512.0,EUR,3204870.0,EUROSTAT_NAMA10_GDP,1.014456,1465493.0,EUROSTAT_GOV10A_MAIN,2.218503,strict,derived_actual,EUROSTAT_GOV10A_MAIN,2016.0,32512.0,,,,,,,,A,,EUROSTAT_GOV10A_MAIN,2026-07-21,2026-09-03,current,,,,,,,False,False,False,20260919T115610Z,derived D.5 - R03 - R04 + D.91 (D.59 inside D.5)
DEU_R05_strict,DEU,ESA_REV,R05,1,Other current taxes and capital taxes,2017,2017,CY,30569.0,EUR,3345860.0,EUROSTAT_NAMA10_GDP,0.913637,1529123.0,EUROSTAT_GOV10A_MAIN,1.99912,strict,derived_actual,EUROSTAT_GOV10A_MAIN,2017.0,30569.0,,,,,,,,A,,EUROSTAT_GOV10A_MAIN,2026-07-21,2026-09-03,current,,,,,,,False,False,False,20260919T115610Z,derived D.5 - R03 - R04 + D.91 (D.59 inside D.5)
DEU_R05_strict,DEU,ESA_REV,R05,1,Other current taxes and capital taxes,2018,2018,CY,31788.0,EUR,3450580.0,EUROSTAT_NAMA10_GDP,0.921236,1597995.0,EUROSTAT_GOV10A_MAIN,1.989243,strict,derived_actual,EUROSTAT_GOV10A_MAIN,2018.0,31788.0,,,,,,,,A,,EUROSTAT_GOV10A_MAIN,2026-07-21,2026-09-03,current,,,,,,,False,False,False,20260919T115610Z,derived D.5 - R03 - R04 + D.91 (D.59 inside D.5)
DEU_R05_strict,DEU,ESA_REV,R05,1,Other current taxes and capital taxes,2019,2019,CY,33783.0,EUR,3557630.0,EUROSTAT_NAMA10_GDP,0.949593,1657564.0,EUROSTAT_GOV10A_MAIN,2.038111,strict,derived_actual,EUROSTAT_GOV10A_MAIN,2019.0,33783.0,,,,,,,,A,,EUROSTAT_GOV10A_MAIN,2026-07-21,2026-09-03,current,,,,,,,False,False,False,20260919T115610Z,derived D.5 - R03 - R04 + D.91 (D.59 inside D.5)
DEU_R05_strict,DEU,ESA_REV,R05,1,Other current taxes and capital taxes,2020,2020,CY,34716.0,EUR,3477670.0,EUROSTAT_NAMA10_GDP,0.998255,1612653.0,EUROSTAT_GOV10A_MAIN,2.152726,strict,derived_actual,EUROSTAT_GOV10A_MAIN,2020.0,34716.0,,,,,,,,A,,EUROSTAT_GOV10A_MAIN,2026-07-21,2026-09-03,current,,,,,,,False,False,False,20260919T115610Z,derived D.5 - R03 - R04 + D.91 (D.59 inside D.5)
DEU_R05_strict,DEU,ESA_REV,R05,1,Other current taxes and capital taxes,2021,2021,CY,37612.0,EUR,3713090.0,EUROSTAT_NAMA10_GDP,1.012957,1749189.0,EUROSTAT_GOV10A_MAIN,2.150254,strict,derived_actual,EUROSTAT_GOV10A_MAIN,2021.0,37612.0,,,,,,,,A,,EUROSTAT_GOV10A_MAIN,2026-07-21,2026-09-03,current,,,,,,,False,False,False,20260919T115610Z,derived D.5 - R03 - R04 + D.91 (D.59 inside D.5)
DEU_R05_strict,DEU,ESA_REV,R05,1,Other current taxes and capital taxes,2022,2022,CY,39338.0,EUR,4010630.0,EUROSTAT_NAMA10_GDP,0.980843,1863070.0,EUROSTAT_GOV10A_MAIN,2.111461,strict,derived_actual,EUROSTAT_GOV10A_MAIN,2022.0,39338.0,,,,,,,,A,,EUROSTAT_GOV10A_MAIN,2026-07-21,2026-09-03,current,,,,,,,False,False,False,20260919T115610Z,derived D.5 - R03 - R04 + D.91 (D.59 inside D.5)
DEU_R05_strict,DEU,ESA_REV,R05,1,Other current taxes and capital taxes,2023,2023,CY,39896.0,EUR,4254930.0,EUROSTAT_NAMA10_GDP,0.937642,1926184.0,EUROSTAT_GOV10A_MAIN,2.071246,strict,derived_actual,EUROSTAT_GOV10A_MAIN,2023.0,39896.0,,,,,,,,A,,EUROSTAT_GOV10A_MAIN,2026-07-21,2026-09-03,current,,,,,,,False,False,False,20260919T115610Z,derived D.5 - R03 - R04 + D.91 (D.59 inside D.5)
DEU_R05_strict,DEU,ESA_REV,R05,1,Other current taxes and capital taxes,2024,2024,CY,41165.0,EUR,4386940.0,EUROSTAT_NAMA10_GDP,0.938353,2024422.0,EUROSTAT_GOV10A_MAIN,2.03342,strict,derived_actual,EUROSTAT_GOV10A_MAIN,2024.0,41165.0,,,,,,,,A,,EUROSTAT_GOV10A_MAIN,2026-07-21,2026-09-03,current,,,,,,,False,False,False,20260919T115610Z,derived D.5 - R03 - R04 + D.91 (D.59 inside D.5)
DEU_R05_strict,DEU,ESA_REV,R05,1,Other current taxes and capital taxes,2025,2025,CY,45889.0,EUR,4529710.0,EUROSTAT_NAMA10_GDP,1.013067,2140194.0,EUROSTAT_GOV10A_MAIN,2.144151,strict,derived_actual,EUROSTAT_GOV10A_MAIN,2025.0,45889.0,,,,,,,,A,,EUROSTAT_GOV10A_MAIN,2026-07-21,2026-09-03,current,,,,,,,False,False,False,20260919T115610Z,derived D.5 - R03 - R04 + D.91 (D.59 inside D.5)
DEU_R06_strict,DEU,ESA_REV,R06,1,Net social contributions,1995,1995,CY,344172.0,EUR,1899930.0,EUROSTAT_NAMA10_GDP,18.114983,870238.0,EUROSTAT_GOV10A_MAIN,39.549181,strict,anchor_actual,EUROSTAT_GOV10A_MAIN,1995.0,344172.0,,,,,,,,A,,EUROSTAT_GOV10A_MAIN,2026-07-21,2026-09-03,current,,,,,268051.92699999997,-22.1169,False,False,False,20260919T115610Z,
DEU_R06_strict,DEU,ESA_REV,R06,1,Net social contributions,1996,1996,CY,360450.0,EUR,1928560.0,EUROSTAT_NAMA10_GDP,18.690111,885563.0,EUROSTAT_GOV10A_MAIN,40.70292,strict,anchor_actual,EUROSTAT_GOV10A_MAIN,1996.0,360450.0,,,,,,,,A,,EUROSTAT_GOV10A_MAIN,2026-07-21,2026-09-03,current,,,,,275834.812,-23.4749,False,False,False,20260919T115610Z,
DEU_R06_strict,DEU,ESA_REV,R06,1,Net social contributions,1997,1997,CY,373386.0,EUR,1967180.0,EUROSTAT_NAMA10_GDP,18.980775,899509.0,EUROSTAT_GOV10A_MAIN,41.509979,strict,anchor_actual,EUROSTAT_GOV10A_MAIN,1997.0,373386.0,,,,,,,,A,,EUROSTAT_GOV10A_MAIN,2026-07-21,2026-09-03,current,,,,,285362.736,-23.5743,False,False,False,20260919T115610Z,
DEU_R06_strict,DEU,ESA_REV,R06,1,Net social contributions,1998,1998,CY,376953.0,EUR,2022310.0,EUROSTAT_NAMA10_GDP,18.639724,923010.0,EUROSTAT_GOV10A_MAIN,40.839536,strict,anchor_actual,EUROSTAT_GOV10A_MAIN,1998.0,376953.0,,,,,,,,A,,EUROSTAT_GOV10A_MAIN,2026-07-21,2026-09-03,current,,,,,289677.528,-23.1529,False,False,False,20260919T115610Z,
DEU_R06_strict,DEU,ESA_REV,R06,1,Net social contributions,1999,1999,CY,382338.0,EUR,2077240.0,EUROSTAT_NAMA10_GDP,18.406058,968416.0,EUROSTAT_GOV10A_MAIN,39.48076,strict,anchor_actual,EUROSTAT_GOV10A_MAIN,1999.0,382338.0,,,,,,,,A,,EUROSTAT_GOV10A_MAIN,2026-07-21,2026-09-03,current,,,,,293210.555,-23.3112,False,False,False,20260919T115610Z,
DEU_R06_strict,DEU,ESA_REV,R06,1,Net social contributions,2000,2000,CY,382754.0,EUR,2129660.0,EUROSTAT_NAMA10_GDP,17.97254,986936.0,EUROSTAT_GOV10A_MAIN,38.782049,strict,anchor_actual,EUROSTAT_GOV10A_MAIN,2000.0,382754.0,,,,,,,,A,,EUROSTAT_GOV10A_MAIN,2026-07-21,2026-09-03,current,,,,,299440.0,-21.767,False,False,False,20260919T115610Z,
DEU_R06_strict,DEU,ESA_REV,R06,1,Net social contributions,2001,2001,CY,388615.0,EUR,2195530.0,EUROSTAT_NAMA10_GDP,17.700282,977627.0,EUROSTAT_GOV10A_MAIN,39.750846,strict,anchor_actual,EUROSTAT_GOV10A_MAIN,2001.0,388615.0,,,,,,,,A,,EUROSTAT_GOV10A_MAIN,2026-07-21,2026-09-03,current,,,,,303400.0,-21.9279,False,False,False,20260919T115610Z,
DEU_R06_strict,DEU,ESA_REV,R06,1,Net social contributions,2002,2002,CY,394307.0,EUR,2223360.0,EUROSTAT_NAMA10_GDP,17.734735,981788.0,EUROSTAT_GOV10A_MAIN,40.162133,strict,anchor_actual,EUROSTAT_GOV10A_MAIN,2002.0,394307.0,,,,,,,,A,,EUROSTAT_GOV10A_MAIN,2026-07-21,2026-09-03,current,,,,,305940.0,-22.4107,False,False,False,20260919T115610Z,
DEU_R06_strict,DEU,ESA_REV,R06,1,Net social contributions,2003,2003,CY,401896.0,EUR,2240810.0,EUROSTAT_NAMA10_GDP,17.9353,1001289.0,EUROSTAT_GOV10A_MAIN,40.137862,strict,anchor_actual,EUROSTAT_GOV10A_MAIN,2003.0,401896.0,,,,,,,,A,,EUROSTAT_GOV10A_MAIN,2026-07-21,2026-09-03,current,,,,,311270.0,-22.5496,False,False,False,20260919T115610Z,
DEU_R06_strict,DEU,ESA_REV,R06,1,Net social contributions,2004,2004,CY,401602.0,EUR,2293040.0,EUROSTAT_NAMA10_GDP,17.513955,998635.0,EUROSTAT_GOV10A_MAIN,40.215094,strict,anchor_actual,EUROSTAT_GOV10A_MAIN,2004.0,401602.0,,,,,,,,A,,EUROSTAT_GOV10A_MAIN,2026-07-21,2026-09-03,current,,,,,313074.0,-22.0437,False,False,False,20260919T115610Z,
DEU_R06_strict,DEU,ESA_REV,R06,1,Net social contributions,2005,2005,CY,401237.0,EUR,2325710.0,EUROSTAT_NAMA10_GDP,17.252237,1011597.0,EUROSTAT_GOV10A_MAIN,39.66372,strict,anchor_actual,EUROSTAT_GOV10A_MAIN,2005.0,401237.0,,,,,,,,A,,EUROSTAT_GOV10A_MAIN,2026-07-21,2026-09-03,current,,,,,311530.0,-22.3576,False,False,False,20260919T115610Z,
DEU_R06_strict,DEU,ESA_REV,R06,1,Net social contributions,2006,2006,CY,405332.0,EUR,2426180.0,EUROSTAT_NAMA10_GDP,16.706592,1056690.0,EUROSTAT_GOV10A_MAIN,38.358648,strict,anchor_actual,EUROSTAT_GOV10A_MAIN,2006.0,405332.0,,,,,,,,A,,EUROSTAT_GOV10A_MAIN,2026-07-21,2026-09-03,current,,,,,316964.0,-21.8014,False,False,False,20260919T115610Z,
DEU_R06_strict,DEU,ESA_REV,R06,1,Net social contributions,2007,2007,CY,404635.0,EUR,2542220.0,EUROSTAT_NAMA10_GDP,15.9166,1110816.0,EUROSTAT_GOV10A_MAIN,36.426825,strict,anchor_actual,EUROSTAT_GOV10A_MAIN,2007.0,404635.0,,,,,,,,A,,EUROSTAT_GOV10A_MAIN,2026-07-21,2026-09-03,current,,,,,320750.0,-20.731,False,False,False,20260919T115610Z,
DEU_R06_strict,DEU,ESA_REV,R06,1,Net social contributions,2008,2008,CY,412551.0,EUR,2589280.0,EUROSTAT_NAMA10_GDP,15.933039,1143471.0,EUROSTAT_GOV10A_MAIN,36.078834,strict,anchor_actual,EUROSTAT_GOV10A_MAIN,2008.0,412551.0,,,,,,,,A,,EUROSTAT_GOV10A_MAIN,2026-07-21,2026-09-03,current,,,,,328421.0,-20.3926,False,False,False,20260919T115610Z,
DEU_R06_strict,DEU,ESA_REV,R06,1,Net social contributions,2009,2009,CY,415558.0,EUR,2493970.0,EUROSTAT_NAMA10_GDP,16.66251,1125612.0,EUROSTAT_GOV10A_MAIN,36.918405,strict,anchor_actual,EUROSTAT_GOV10A_MAIN,2009.0,415558.0,,,,,,,,A,,EUROSTAT_GOV10A_MAIN,2026-07-21,2026-09-03,current,,,,,344651.0,-17.0631,False,False,False,20260919T115610Z,
DEU_R06_strict,DEU,ESA_REV,R06,1,Net social contributions,2010,2010,CY,426490.0,EUR,2615260.0,EUROSTAT_NAMA10_GDP,16.307748,1143087.0,EUROSTAT_GOV10A_MAIN,37.310371,strict,anchor_actual,EUROSTAT_GOV10A_MAIN,2010.0,426490.0,,,,,,,,A,,EUROSTAT_GOV10A_MAIN,2026-07-21,2026-09-03,current,,,,,354320.0,-16.9219,False,False,False,20260919T115610Z,
DEU_R06_strict,DEU,ESA_REV,R06,1,Net social contributions,2011,2011,CY,442622.0,EUR,2747210.0,EUROSTAT_NAMA10_GDP,16.111691,1220989.0,EUROSTAT_GOV10A_MAIN,36.251105,strict,anchor_actual,EUROSTAT_GOV10A_MAIN,2011.0,442622.0,,,,,,,,A,,EUROSTAT_GOV10A_MAIN,2026-07-21,2026-09-03,current,,,,,371574.0,-16.0516,False,False,False,20260919T115610Z,
DEU_R06_strict,DEU,ESA_REV,R06,1,Net social contributions,2012,2012,CY,454584.0,EUR,2800680.0,EUROSTAT_NAMA10_GDP,16.231201,1260986.0,EUROSTAT_GOV10A_MAIN,36.049885,strict,anchor_actual,EUROSTAT_GOV10A_MAIN,2012.0,454584.0,,,,,,,,A,,EUROSTAT_GOV10A_MAIN,2026-07-21,2026-09-03,current,,,,,383205.0,-15.702,False,False,False,20260919T115610Z,
DEU_R06_strict,DEU,ESA_REV,R06,1,Net social contributions,2013,2013,CY,465363.0,EUR,2869480.0,EUROSTAT_NAMA10_GDP,16.217677,1298112.0,EUROSTAT_GOV10A_MAIN,35.849218,strict,anchor_actual,EUROSTAT_GOV10A_MAIN,2013.0,465363.0,,,,,,,,A,,EUROSTAT_GOV10A_MAIN,2026-07-21,2026-09-03,current,,,,,392377.0,-15.6837,False,False,False,20260919T115610Z,
DEU_R06_strict,DEU,ESA_REV,R06,1,Net social contributions,2014,2014,CY,482336.0,EUR,2988470.0,EUROSTAT_NAMA10_GDP,16.139898,1350164.0,EUROSTAT_GOV10A_MAIN,35.724253,strict,anchor_actual,EUROSTAT_GOV10A_MAIN,2014.0,482336.0,,,,,,,,A,,EUROSTAT_GOV10A_MAIN,2026-07-21,2026-09-03,current,,,,,407683.0,-15.4774,False,False,False,20260919T115610Z,
DEU_R06_strict,DEU,ESA_REV,R06,1,Net social contributions,2015,2015,CY,501157.0,EUR,3094190.0,EUROSTAT_NAMA10_GDP,16.196711,1401532.0,EUROSTAT_GOV10A_MAIN,35.757799,strict,anchor_actual,EUROSTAT_GOV10A_MAIN,2015.0,501157.0,,,,,,,,A,,EUROSTAT_GOV10A_MAIN,2026-07-21,2026-09-03,current,,,,,424842.0,-15.2278,False,False,False,20260919T115610Z,
DEU_R06_strict,DEU,ESA_REV,R06,1,Net social contributions,2016,2016,CY,524258.0,EUR,3204870.0,EUROSTAT_NAMA10_GDP,16.358167,1465493.0,EUROSTAT_GOV10A_MAIN,35.773491,strict,anchor_actual,EUROSTAT_GOV10A_MAIN,2016.0,524258.0,,,,,,,,A,,EUROSTAT_GOV10A_MAIN,2026-07-21,2026-09-03,current,,,,,445364.0,-15.0487,False,False,False,20260919T115610Z,
DEU_R06_strict,DEU,ESA_REV,R06,1,Net social contributions,2017,2017,CY,549481.0,EUR,3345860.0,EUROSTAT_NAMA10_GDP,16.422713,1529123.0,EUROSTAT_GOV10A_MAIN,35.934389,strict,anchor_actual,EUROSTAT_GOV10A_MAIN,2017.0,549481.0,,,,,,,,A,,EUROSTAT_GOV10A_MAIN,2026-07-21,2026-09-03,current,,,,,467160.0,-14.9816,False,False,False,20260919T115610Z,
DEU_R06_strict,DEU,ESA_REV,R06,1,Net social contributions,2018,2018,CY,572583.0,EUR,3450580.0,EUROSTAT_NAMA10_GDP,16.593819,1597995.0,EUROSTAT_GOV10A_MAIN,35.831339,strict,anchor_actual,EUROSTAT_GOV10A_MAIN,2018.0,572583.0,,,,,,,,A,,EUROSTAT_GOV10A_MAIN,2026-07-21,2026-09-03,current,,,,,487654.0,-14.8326,False,False,False,20260919T115610Z,
DEU_R06_strict,DEU,ESA_REV,R06,1,Net social contributions,2019,2019,CY,598227.0,EUR,3557630.0,EUROSTAT_NAMA10_GDP,16.815324,1657564.0,EUROSTAT_GOV10A_MAIN,36.090733,strict,anchor_actual,EUROSTAT_GOV10A_MAIN,2019.0,598227.0,,,,,,,,A,,EUROSTAT_GOV10A_MAIN,2026-07-21,2026-09-03,current,,,,,508121.0,-15.0622,False,False,False,20260919T115610Z,
DEU_R06_strict,DEU,ESA_REV,R06,1,Net social contributions,2020,2020,CY,608093.0,EUR,3477670.0,EUROSTAT_NAMA10_GDP,17.485644,1612653.0,EUROSTAT_GOV10A_MAIN,37.707616,strict,anchor_actual,EUROSTAT_GOV10A_MAIN,2020.0,608093.0,,,,,,,,A,,EUROSTAT_GOV10A_MAIN,2026-07-21,2026-09-03,current,,,,,512279.0,-15.7565,False,False,False,20260919T115610Z,
DEU_R06_strict,DEU,ESA_REV,R06,1,Net social contributions,2021,2021,CY,632317.0,EUR,3713090.0,EUROSTAT_NAMA10_GDP,17.029401,1749189.0,EUROSTAT_GOV10A_MAIN,36.149153,strict,anchor_actual,EUROSTAT_GOV10A_MAIN,2021.0,632317.0,,,,,,,,A,,EUROSTAT_GOV10A_MAIN,2026-07-21,2026-09-03,current,,,,,534374.0,-15.4895,False,False,False,20260919T115610Z,
DEU_R06_strict,DEU,ESA_REV,R06,1,Net social contributions,2022,2022,CY,667261.0,EUR,4010630.0,EUROSTAT_NAMA10_GDP,16.637311,1863070.0,EUROSTAT_GOV10A_MAIN,35.815133,strict,anchor_actual,EUROSTAT_GOV10A_MAIN,2022.0,667261.0,,,,,,,,A,,EUROSTAT_GOV10A_MAIN,2026-07-21,2026-09-03,current,,,,,567082.0,-15.0135,False,False,False,20260919T115610Z,
DEU_R06_strict,DEU,ESA_REV,R06,1,Net social contributions,2023,2023,CY,710828.0,EUR,4254930.0,EUROSTAT_NAMA10_GDP,16.705986,1926184.0,EUROSTAT_GOV10A_MAIN,36.903432,strict,anchor_actual,EUROSTAT_GOV10A_MAIN,2023.0,710828.0,,,,,,,,A,,EUROSTAT_GOV10A_MAIN,2026-07-21,2026-09-03,current,,,,,604323.0,-14.9832,False,False,False,20260919T115610Z,
DEU_R06_strict,DEU,ESA_REV,R06,1,Net social contributions,2024,2024,CY,756551.0,EUR,4386940.0,EUROSTAT_NAMA10_GDP,17.245529,2024422.0,EUROSTAT_GOV10A_MAIN,37.37121,strict,anchor_actual,EUROSTAT_GOV10A_MAIN,2024.0,756551.0,,,,,,,,A,,EUROSTAT_GOV10A_MAIN,2026-07-21,2026-09-03,current,,,,,643305.0,-14.9687,False,False,False,20260919T115610Z,
DEU_R06_strict,DEU,ESA_REV,R06,1,Net social contributions,2025,2025,CY,822890.0,EUR,4529710.0,EUROSTAT_NAMA10_GDP,18.166505,2140194.0,EUROSTAT_GOV10A_MAIN,38.449318,strict,anchor_actual,EUROSTAT_GOV10A_MAIN,2025.0,822890.0,,,,,,,,A,,EUROSTAT_GOV10A_MAIN,2026-07-21,2026-09-03,current,,,,,,,False,False,False,20260919T115610Z,
DEU_R07_strict,DEU,ESA_REV,R07,1,Interest receivable,1995,1995,CY,11181.0,EUR,1899930.0,EUROSTAT_NAMA10_GDP,0.588495,870238.0,EUROSTAT_GOV10A_MAIN,1.284821,strict,anchor_actual,EUROSTAT_GOV10A_MAIN,1995.0,11181.0,,,,,,,,A,,EUROSTAT_GOV10A_MAIN,2026-07-21,2026-09-03,current,,d41_gross_accrued,,,,,False,False,False,20260919T115610Z,
DEU_R07_strict,DEU,ESA_REV,R07,1,Interest receivable,1996,1996,CY,10657.0,EUR,1928560.0,EUROSTAT_NAMA10_GDP,0.552588,885563.0,EUROSTAT_GOV10A_MAIN,1.203415,strict,anchor_actual,EUROSTAT_GOV10A_MAIN,1996.0,10657.0,,,,,,,,A,,EUROSTAT_GOV10A_MAIN,2026-07-21,2026-09-03,current,,d41_gross_accrued,,,,,False,False,False,20260919T115610Z,
DEU_R07_strict,DEU,ESA_REV,R07,1,Interest receivable,1997,1997,CY,9434.0,EUR,1967180.0,EUROSTAT_NAMA10_GDP,0.47957,899509.0,EUROSTAT_GOV10A_MAIN,1.048794,strict,anchor_actual,EUROSTAT_GOV10A_MAIN,1997.0,9434.0,,,,,,,,A,,EUROSTAT_GOV10A_MAIN,2026-07-21,2026-09-03,current,,d41_gross_accrued,,,,,False,False,False,20260919T115610Z,
DEU_R07_strict,DEU,ESA_REV,R07,1,Interest receivable,1998,1998,CY,8028.0,EUR,2022310.0,EUROSTAT_NAMA10_GDP,0.396972,923010.0,EUROSTAT_GOV10A_MAIN,0.869763,strict,anchor_actual,EUROSTAT_GOV10A_MAIN,1998.0,8028.0,,,,,,,,A,,EUROSTAT_GOV10A_MAIN,2026-07-21,2026-09-03,current,,d41_gross_accrued,,,,,False,False,False,20260919T115610Z,
DEU_R07_strict,DEU,ESA_REV,R07,1,Interest receivable,1999,1999,CY,8014.0,EUR,2077240.0,EUROSTAT_NAMA10_GDP,0.3858,968416.0,EUROSTAT_GOV10A_MAIN,0.827537,strict,anchor_actual,EUROSTAT_GOV10A_MAIN,1999.0,8014.0,,,,,,,,A,,EUROSTAT_GOV10A_MAIN,2026-07-21,2026-09-03,current,,d41_gross_accrued,,,,,False,False,False,20260919T115610Z,
DEU_R07_strict,DEU,ESA_REV,R07,1,Interest receivable,2000,2000,CY,9548.0,EUR,2129660.0,EUROSTAT_NAMA10_GDP,0.448334,986936.0,EUROSTAT_GOV10A_MAIN,0.967439,strict,anchor_actual,EUROSTAT_GOV10A_MAIN,2000.0,9548.0,,,,,,,,A,,EUROSTAT_GOV10A_MAIN,2026-07-21,2026-09-03,current,,d41_gross_accrued,,,,,False,False,False,20260919T115610Z,
DEU_R07_strict,DEU,ESA_REV,R07,1,Interest receivable,2001,2001,CY,10219.0,EUR,2195530.0,EUROSTAT_NAMA10_GDP,0.465446,977627.0,EUROSTAT_GOV10A_MAIN,1.045286,strict,anchor_actual,EUROSTAT_GOV10A_MAIN,2001.0,10219.0,,,,,,,,A,,EUROSTAT_GOV10A_MAIN,2026-07-21,2026-09-03,current,,d41_gross_accrued,,,,,False,False,False,20260919T115610Z,
DEU_R07_strict,DEU,ESA_REV,R07,1,Interest receivable,2002,2002,CY,9093.0,EUR,2223360.0,EUROSTAT_NAMA10_GDP,0.408976,981788.0,EUROSTAT_GOV10A_MAIN,0.926167,strict,anchor_actual,EUROSTAT_GOV10A_MAIN,2002.0,9093.0,,,,,,,,A,,EUROSTAT_GOV10A_MAIN,2026-07-21,2026-09-03,current,,d41_gross_accrued,,,,,False,False,False,20260919T115610Z,
DEU_R07_strict,DEU,ESA_REV,R07,1,Interest receivable,2003,2003,CY,7324.0,EUR,2240810.0,EUROSTAT_NAMA10_GDP,0.326846,1001289.0,EUROSTAT_GOV10A_MAIN,0.731457,strict,anchor_actual,EUROSTAT_GOV10A_MAIN,2003.0,7324.0,,,,,,,,A,,EUROSTAT_GOV10A_MAIN,2026-07-21,2026-09-03,current,,d41_gross_accrued,,,,,False,False,False,20260919T115610Z,
DEU_R07_strict,DEU,ESA_REV,R07,1,Interest receivable,2004,2004,CY,6963.0,EUR,2293040.0,EUROSTAT_NAMA10_GDP,0.303658,998635.0,EUROSTAT_GOV10A_MAIN,0.697252,strict,anchor_actual,EUROSTAT_GOV10A_MAIN,2004.0,6963.0,,,,,,,,A,,EUROSTAT_GOV10A_MAIN,2026-07-21,2026-09-03,current,,d41_gross_accrued,,,,,False,False,False,20260919T115610Z,
DEU_R07_strict,DEU,ESA_REV,R07,1,Interest receivable,2005,2005,CY,7646.0,EUR,2325710.0,EUROSTAT_NAMA10_GDP,0.32876,1011597.0,EUROSTAT_GOV10A_MAIN,0.755835,strict,anchor_actual,EUROSTAT_GOV10A_MAIN,2005.0,7646.0,,,,,,,,A,,EUROSTAT_GOV10A_MAIN,2026-07-21,2026-09-03,current,,d41_gross_accrued,,,,,False,False,False,20260919T115610Z,
DEU_R07_strict,DEU,ESA_REV,R07,1,Interest receivable,2006,2006,CY,8371.0,EUR,2426180.0,EUROSTAT_NAMA10_GDP,0.345028,1056690.0,EUROSTAT_GOV10A_MAIN,0.792191,strict,anchor_actual,EUROSTAT_GOV10A_MAIN,2006.0,8371.0,,,,,,,,A,,EUROSTAT_GOV10A_MAIN,2026-07-21,2026-09-03,current,,d41_gross_accrued,,,,,False,False,False,20260919T115610Z,
DEU_R07_strict,DEU,ESA_REV,R07,1,Interest receivable,2007,2007,CY,7356.0,EUR,2542220.0,EUROSTAT_NAMA10_GDP,0.289353,1110816.0,EUROSTAT_GOV10A_MAIN,0.662216,strict,anchor_actual,EUROSTAT_GOV10A_MAIN,2007.0,7356.0,,,,,,,,A,,EUROSTAT_GOV10A_MAIN,2026-07-21,2026-09-03,current,,d41_gross_accrued,,,,,False,False,False,20260919T115610Z,
DEU_R07_strict,DEU,ESA_REV,R07,1,Interest receivable,2008,2008,CY,9282.0,EUR,2589280.0,EUROSTAT_NAMA10_GDP,0.358478,1143471.0,EUROSTAT_GOV10A_MAIN,0.811739,strict,anchor_actual,EUROSTAT_GOV10A_MAIN,2008.0,9282.0,,,,,,,,A,,EUROSTAT_GOV10A_MAIN,2026-07-21,2026-09-03,current,,d41_gross_accrued,,,,,False,False,False,20260919T115610Z,
DEU_R07_strict,DEU,ESA_REV,R07,1,Interest receivable,2009,2009,CY,8545.0,EUR,2493970.0,EUROSTAT_NAMA10_GDP,0.342626,1125612.0,EUROSTAT_GOV10A_MAIN,0.759143,strict,anchor_actual,EUROSTAT_GOV10A_MAIN,2009.0,8545.0,,,,,,,,A,,EUROSTAT_GOV10A_MAIN,2026-07-21,2026-09-03,current,,d41_gross_accrued,,,,,False,False,False,20260919T115610Z,
DEU_R07_strict,DEU,ESA_REV,R07,1,Interest receivable,2010,2010,CY,10060.0,EUR,2615260.0,EUROSTAT_NAMA10_GDP,0.384665,1143087.0,EUROSTAT_GOV10A_MAIN,0.880073,strict,anchor_actual,EUROSTAT_GOV10A_MAIN,2010.0,10060.0,,,,,,,,A,,EUROSTAT_GOV10A_MAIN,2026-07-21,2026-09-03,current,,d41_gross_accrued,,,,,False,False,False,20260919T115610Z,
DEU_R07_strict,DEU,ESA_REV,R07,1,Interest receivable,2011,2011,CY,15368.0,EUR,2747210.0,EUROSTAT_NAMA10_GDP,0.559404,1220989.0,EUROSTAT_GOV10A_MAIN,1.258652,strict,anchor_actual,EUROSTAT_GOV10A_MAIN,2011.0,15368.0,,,,,,,,A,,EUROSTAT_GOV10A_MAIN,2026-07-21,2026-09-03,current,,d41_gross_accrued,,,,,False,False,False,20260919T115610Z,
DEU_R07_strict,DEU,ESA_REV,R07,1,Interest receivable,2012,2012,CY,15494.0,EUR,2800680.0,EUROSTAT_NAMA10_GDP,0.553223,1260986.0,EUROSTAT_GOV10A_MAIN,1.228721,strict,anchor_actual,EUROSTAT_GOV10A_MAIN,2012.0,15494.0,,,,,,,,A,,EUROSTAT_GOV10A_MAIN,2026-07-21,2026-09-03,current,,d41_gross_accrued,,,,,False,False,False,20260919T115610Z,
DEU_R07_strict,DEU,ESA_REV,R07,1,Interest receivable,2013,2013,CY,13277.0,EUR,2869480.0,EUROSTAT_NAMA10_GDP,0.462697,1298112.0,EUROSTAT_GOV10A_MAIN,1.022793,strict,anchor_actual,EUROSTAT_GOV10A_MAIN,2013.0,13277.0,,,,,,,,A,,EUROSTAT_GOV10A_MAIN,2026-07-21,2026-09-03,current,,d41_gross_accrued,,,,,False,False,False,20260919T115610Z,
DEU_R07_strict,DEU,ESA_REV,R07,1,Interest receivable,2014,2014,CY,13238.0,EUR,2988470.0,EUROSTAT_NAMA10_GDP,0.442969,1350164.0,EUROSTAT_GOV10A_MAIN,0.980473,strict,anchor_actual,EUROSTAT_GOV10A_MAIN,2014.0,13238.0,,,,,,,,A,,EUROSTAT_GOV10A_MAIN,2026-07-21,2026-09-03,current,,d41_gross_accrued,,,,,False,False,False,20260919T115610Z,
DEU_R07_strict,DEU,ESA_REV,R07,1,Interest receivable,2015,2015,CY,11920.0,EUR,3094190.0,EUROSTAT_NAMA10_GDP,0.385238,1401532.0,EUROSTAT_GOV10A_MAIN,0.850498,strict,anchor_actual,EUROSTAT_GOV10A_MAIN,2015.0,11920.0,,,,,,,,A,,EUROSTAT_GOV10A_MAIN,2026-07-21,2026-09-03,current,,d41_gross_accrued,,,,,False,False,False,20260919T115610Z,
DEU_R07_strict,DEU,ESA_REV,R07,1,Interest receivable,2016,2016,CY,10389.0,EUR,3204870.0,EUROSTAT_NAMA10_GDP,0.324163,1465493.0,EUROSTAT_GOV10A_MAIN,0.708908,strict,anchor_actual,EUROSTAT_GOV10A_MAIN,2016.0,10389.0,,,,,,,,A,,EUROSTAT_GOV10A_MAIN,2026-07-21,2026-09-03,current,,d41_gross_accrued,,,,,False,False,False,20260919T115610Z,
DEU_R07_strict,DEU,ESA_REV,R07,1,Interest receivable,2017,2017,CY,8723.0,EUR,3345860.0,EUROSTAT_NAMA10_GDP,0.26071,1529123.0,EUROSTAT_GOV10A_MAIN,0.570458,strict,anchor_actual,EUROSTAT_GOV10A_MAIN,2017.0,8723.0,,,,,,,,A,,EUROSTAT_GOV10A_MAIN,2026-07-21,2026-09-03,current,,d41_gross_accrued,,,,,False,False,False,20260919T115610Z,
DEU_R07_strict,DEU,ESA_REV,R07,1,Interest receivable,2018,2018,CY,8732.0,EUR,3450580.0,EUROSTAT_NAMA10_GDP,0.253059,1597995.0,EUROSTAT_GOV10A_MAIN,0.546435,strict,anchor_actual,EUROSTAT_GOV10A_MAIN,2018.0,8732.0,,,,,,,,A,,EUROSTAT_GOV10A_MAIN,2026-07-21,2026-09-03,current,,d41_gross_accrued,,,,,False,False,False,20260919T115610Z,
DEU_R07_strict,DEU,ESA_REV,R07,1,Interest receivable,2019,2019,CY,8846.0,EUR,3557630.0,EUROSTAT_NAMA10_GDP,0.248649,1657564.0,EUROSTAT_GOV10A_MAIN,0.533675,strict,anchor_actual,EUROSTAT_GOV10A_MAIN,2019.0,8846.0,,,,,,,,A,,EUROSTAT_GOV10A_MAIN,2026-07-21,2026-09-03,current,,d41_gross_accrued,,,,,False,False,False,20260919T115610Z,
DEU_R07_strict,DEU,ESA_REV,R07,1,Interest receivable,2020,2020,CY,6601.0,EUR,3477670.0,EUROSTAT_NAMA10_GDP,0.189811,1612653.0,EUROSTAT_GOV10A_MAIN,0.409326,strict,anchor_actual,EUROSTAT_GOV10A_MAIN,2020.0,6601.0,,,,,,,,A,,EUROSTAT_GOV10A_MAIN,2026-07-21,2026-09-03,current,,d41_gross_accrued,,,,,False,False,False,20260919T115610Z,
DEU_R07_strict,DEU,ESA_REV,R07,1,Interest receivable,2021,2021,CY,6138.0,EUR,3713090.0,EUROSTAT_NAMA10_GDP,0.165307,1749189.0,EUROSTAT_GOV10A_MAIN,0.350905,strict,anchor_actual,EUROSTAT_GOV10A_MAIN,2021.0,6138.0,,,,,,,,A,,EUROSTAT_GOV10A_MAIN,2026-07-21,2026-09-03,current,,d41_gross_accrued,,,,,False,False,False,20260919T115610Z,
DEU_R07_strict,DEU,ESA_REV,R07,1,Interest receivable,2022,2022,CY,7818.0,EUR,4010630.0,EUROSTAT_NAMA10_GDP,0.194932,1863070.0,EUROSTAT_GOV10A_MAIN,0.41963,strict,anchor_actual,EUROSTAT_GOV10A_MAIN,2022.0,7818.0,,,,,,,,A,,EUROSTAT_GOV10A_MAIN,2026-07-21,2026-09-03,current,,d41_gross_accrued,,,,,False,False,False,20260919T115610Z,
DEU_R07_strict,DEU,ESA_REV,R07,1,Interest receivable,2023,2023,CY,19589.0,EUR,4254930.0,EUROSTAT_NAMA10_GDP,0.460384,1926184.0,EUROSTAT_GOV10A_MAIN,1.016985,strict,anchor_actual,EUROSTAT_GOV10A_MAIN,2023.0,19589.0,,,,,,,,A,,EUROSTAT_GOV10A_MAIN,2026-07-21,2026-09-03,current,,d41_gross_accrued,,,,,False,False,False,20260919T115610Z,
DEU_R07_strict,DEU,ESA_REV,R07,1,Interest receivable,2024,2024,CY,21548.0,EUR,4386940.0,EUROSTAT_NAMA10_GDP,0.491185,2024422.0,EUROSTAT_GOV10A_MAIN,1.064403,strict,anchor_actual,EUROSTAT_GOV10A_MAIN,2024.0,21548.0,,,,,,,,A,,EUROSTAT_GOV10A_MAIN,2026-07-21,2026-09-03,current,,d41_gross_accrued,,,,,False,False,False,20260919T115610Z,
DEU_R07_strict,DEU,ESA_REV,R07,1,Interest receivable,2025,2025,CY,17675.0,EUR,4529710.0,EUROSTAT_NAMA10_GDP,0.390202,2140194.0,EUROSTAT_GOV10A_MAIN,0.82586,strict,anchor_actual,EUROSTAT_GOV10A_MAIN,2025.0,17675.0,,,,,,,,A,,EUROSTAT_GOV10A_MAIN,2026-07-21,2026-09-03,current,,d41_gross_accrued,,,,,False,False,False,20260919T115610Z,
DEU_R08_strict,DEU,ESA_REV,R08,1,Other property income,1995,1995,CY,8692.0,EUR,1899930.0,EUROSTAT_NAMA10_GDP,0.457491,870238.0,EUROSTAT_GOV10A_MAIN,0.998807,strict,derived_actual,EUROSTAT_GOV10A_MAIN,1995.0,8692.0,,,,,,,,A,,EUROSTAT_GOV10A_MAIN,2026-07-21,2026-09-03,current,,,,,,,False,False,False,20260919T115610Z,derived D.4 - D.41 resources
DEU_R08_strict,DEU,ESA_REV,R08,1,Other property income,1996,1996,CY,7862.0,EUR,1928560.0,EUROSTAT_NAMA10_GDP,0.407662,885563.0,EUROSTAT_GOV10A_MAIN,0.887797,strict,derived_actual,EUROSTAT_GOV10A_MAIN,1996.0,7862.0,,,,,,,,A,,EUROSTAT_GOV10A_MAIN,2026-07-21,2026-09-03,current,,,,,,,False,False,False,20260919T115610Z,derived D.4 - D.41 resources
DEU_R08_strict,DEU,ESA_REV,R08,1,Other property income,1997,1997,CY,7377.0,EUR,1967180.0,EUROSTAT_NAMA10_GDP,0.375004,899509.0,EUROSTAT_GOV10A_MAIN,0.820114,strict,derived_actual,EUROSTAT_GOV10A_MAIN,1997.0,7377.0,,,,,,,,A,,EUROSTAT_GOV10A_MAIN,2026-07-21,2026-09-03,current,,,,,,,False,False,False,20260919T115610Z,derived D.4 - D.41 resources
DEU_R08_strict,DEU,ESA_REV,R08,1,Other property income,1998,1998,CY,8534.0,EUR,2022310.0,EUROSTAT_NAMA10_GDP,0.421993,923010.0,EUROSTAT_GOV10A_MAIN,0.924584,strict,derived_actual,EUROSTAT_GOV10A_MAIN,1998.0,8534.0,,,,,,,,A,,EUROSTAT_GOV10A_MAIN,2026-07-21,2026-09-03,current,,,,,,,False,False,False,20260919T115610Z,derived D.4 - D.41 resources
DEU_R08_strict,DEU,ESA_REV,R08,1,Other property income,1999,1999,CY,9636.0,EUR,2077240.0,EUROSTAT_NAMA10_GDP,0.463885,968416.0,EUROSTAT_GOV10A_MAIN,0.995027,strict,derived_actual,EUROSTAT_GOV10A_MAIN,1999.0,9636.0,,,,,,,,A,,EUROSTAT_GOV10A_MAIN,2026-07-21,2026-09-03,current,,,,,,,False,False,False,20260919T115610Z,derived D.4 - D.41 resources
DEU_R08_strict,DEU,ESA_REV,R08,1,Other property income,2000,2000,CY,8931.0,EUR,2129660.0,EUROSTAT_NAMA10_GDP,0.419363,986936.0,EUROSTAT_GOV10A_MAIN,0.904922,strict,derived_actual,EUROSTAT_GOV10A_MAIN,2000.0,8931.0,,,,,,,,A,,EUROSTAT_GOV10A_MAIN,2026-07-21,2026-09-03,current,,,,,,,False,False,False,20260919T115610Z,derived D.4 - D.41 resources
DEU_R08_strict,DEU,ESA_REV,R08,1,Other property income,2001,2001,CY,12061.0,EUR,2195530.0,EUROSTAT_NAMA10_GDP,0.549343,977627.0,EUROSTAT_GOV10A_MAIN,1.233702,strict,derived_actual,EUROSTAT_GOV10A_MAIN,2001.0,12061.0,,,,,,,,A,,EUROSTAT_GOV10A_MAIN,2026-07-21,2026-09-03,current,,,,,,,False,False,False,20260919T115610Z,derived D.4 - D.41 resources
DEU_R08_strict,DEU,ESA_REV,R08,1,Other property income,2002,2002,CY,11609.0,EUR,2223360.0,EUROSTAT_NAMA10_GDP,0.522138,981788.0,EUROSTAT_GOV10A_MAIN,1.182434,strict,derived_actual,EUROSTAT_GOV10A_MAIN,2002.0,11609.0,,,,,,,,A,,EUROSTAT_GOV10A_MAIN,2026-07-21,2026-09-03,current,,,,,,,False,False,False,20260919T115610Z,derived D.4 - D.41 resources
DEU_R08_strict,DEU,ESA_REV,R08,1,Other property income,2003,2003,CY,9155.0,EUR,2240810.0,EUROSTAT_NAMA10_GDP,0.408558,1001289.0,EUROSTAT_GOV10A_MAIN,0.914321,strict,derived_actual,EUROSTAT_GOV10A_MAIN,2003.0,9155.0,,,,,,,,A,,EUROSTAT_GOV10A_MAIN,2026-07-21,2026-09-03,current,,,,,,,False,False,False,20260919T115610Z,derived D.4 - D.41 resources
DEU_R08_strict,DEU,ESA_REV,R08,1,Other property income,2004,2004,CY,6011.0,EUR,2293040.0,EUROSTAT_NAMA10_GDP,0.262141,998635.0,EUROSTAT_GOV10A_MAIN,0.601922,strict,derived_actual,EUROSTAT_GOV10A_MAIN,2004.0,6011.0,,,,,,,,A,,EUROSTAT_GOV10A_MAIN,2026-07-21,2026-09-03,current,,,,,,,False,False,False,20260919T115610Z,derived D.4 - D.41 resources
DEU_R08_strict,DEU,ESA_REV,R08,1,Other property income,2005,2005,CY,6800.0,EUR,2325710.0,EUROSTAT_NAMA10_GDP,0.292384,1011597.0,EUROSTAT_GOV10A_MAIN,0.672204,strict,derived_actual,EUROSTAT_GOV10A_MAIN,2005.0,6800.0,,,,,,,,A,,EUROSTAT_GOV10A_MAIN,2026-07-21,2026-09-03,current,,,,,,,False,False,False,20260919T115610Z,derived D.4 - D.41 resources
DEU_R08_strict,DEU,ESA_REV,R08,1,Other property income,2006,2006,CY,9646.0,EUR,2426180.0,EUROSTAT_NAMA10_GDP,0.39758,1056690.0,EUROSTAT_GOV10A_MAIN,0.912851,strict,derived_actual,EUROSTAT_GOV10A_MAIN,2006.0,9646.0,,,,,,,,A,,EUROSTAT_GOV10A_MAIN,2026-07-21,2026-09-03,current,,,,,,,False,False,False,20260919T115610Z,derived D.4 - D.41 resources
DEU_R08_strict,DEU,ESA_REV,R08,1,Other property income,2007,2007,CY,12021.0,EUR,2542220.0,EUROSTAT_NAMA10_GDP,0.472854,1110816.0,EUROSTAT_GOV10A_MAIN,1.082177,strict,derived_actual,EUROSTAT_GOV10A_MAIN,2007.0,12021.0,,,,,,,,A,,EUROSTAT_GOV10A_MAIN,2026-07-21,2026-09-03,current,,,,,,,False,False,False,20260919T115610Z,derived D.4 - D.41 resources
DEU_R08_strict,DEU,ESA_REV,R08,1,Other property income,2008,2008,CY,11753.0,EUR,2589280.0,EUROSTAT_NAMA10_GDP,0.45391,1143471.0,EUROSTAT_GOV10A_MAIN,1.027835,strict,derived_actual,EUROSTAT_GOV10A_MAIN,2008.0,11753.0,,,,,,,,A,,EUROSTAT_GOV10A_MAIN,2026-07-21,2026-09-03,current,,,,,,,False,False,False,20260919T115610Z,derived D.4 - D.41 resources
DEU_R08_strict,DEU,ESA_REV,R08,1,Other property income,2009,2009,CY,14625.0,EUR,2493970.0,EUROSTAT_NAMA10_GDP,0.586414,1125612.0,EUROSTAT_GOV10A_MAIN,1.299293,strict,derived_actual,EUROSTAT_GOV10A_MAIN,2009.0,14625.0,,,,,,,,A,,EUROSTAT_GOV10A_MAIN,2026-07-21,2026-09-03,current,,,,,,,False,False,False,20260919T115610Z,derived D.4 - D.41 resources
DEU_R08_strict,DEU,ESA_REV,R08,1,Other property income,2010,2010,CY,11367.0,EUR,2615260.0,EUROSTAT_NAMA10_GDP,0.434641,1143087.0,EUROSTAT_GOV10A_MAIN,0.994412,strict,derived_actual,EUROSTAT_GOV10A_MAIN,2010.0,11367.0,,,,,,,,A,,EUROSTAT_GOV10A_MAIN,2026-07-21,2026-09-03,current,,,,,,,False,False,False,20260919T115610Z,derived D.4 - D.41 resources
DEU_R08_strict,DEU,ESA_REV,R08,1,Other property income,2011,2011,CY,12405.0,EUR,2747210.0,EUROSTAT_NAMA10_GDP,0.451549,1220989.0,EUROSTAT_GOV10A_MAIN,1.01598,strict,derived_actual,EUROSTAT_GOV10A_MAIN,2011.0,12405.0,,,,,,,,A,,EUROSTAT_GOV10A_MAIN,2026-07-21,2026-09-03,current,,,,,,,False,False,False,20260919T115610Z,derived D.4 - D.41 resources
DEU_R08_strict,DEU,ESA_REV,R08,1,Other property income,2012,2012,CY,10845.0,EUR,2800680.0,EUROSTAT_NAMA10_GDP,0.387227,1260986.0,EUROSTAT_GOV10A_MAIN,0.860041,strict,derived_actual,EUROSTAT_GOV10A_MAIN,2012.0,10845.0,,,,,,,,A,,EUROSTAT_GOV10A_MAIN,2026-07-21,2026-09-03,current,,,,,,,False,False,False,20260919T115610Z,derived D.4 - D.41 resources
DEU_R08_strict,DEU,ESA_REV,R08,1,Other property income,2013,2013,CY,10823.0,EUR,2869480.0,EUROSTAT_NAMA10_GDP,0.377176,1298112.0,EUROSTAT_GOV10A_MAIN,0.833749,strict,derived_actual,EUROSTAT_GOV10A_MAIN,2013.0,10823.0,,,,,,,,A,,EUROSTAT_GOV10A_MAIN,2026-07-21,2026-09-03,current,,,,,,,False,False,False,20260919T115610Z,derived D.4 - D.41 resources
DEU_R08_strict,DEU,ESA_REV,R08,1,Other property income,2014,2014,CY,13996.0,EUR,2988470.0,EUROSTAT_NAMA10_GDP,0.468333,1350164.0,EUROSTAT_GOV10A_MAIN,1.036615,strict,derived_actual,EUROSTAT_GOV10A_MAIN,2014.0,13996.0,,,,,,,,A,,EUROSTAT_GOV10A_MAIN,2026-07-21,2026-09-03,current,,,,,,,False,False,False,20260919T115610Z,derived D.4 - D.41 resources
DEU_R08_strict,DEU,ESA_REV,R08,1,Other property income,2015,2015,CY,12650.0,EUR,3094190.0,EUROSTAT_NAMA10_GDP,0.408831,1401532.0,EUROSTAT_GOV10A_MAIN,0.902584,strict,derived_actual,EUROSTAT_GOV10A_MAIN,2015.0,12650.0,,,,,,,,A,,EUROSTAT_GOV10A_MAIN,2026-07-21,2026-09-03,current,,,,,,,False,False,False,20260919T115610Z,derived D.4 - D.41 resources
DEU_R08_strict,DEU,ESA_REV,R08,1,Other property income,2016,2016,CY,10679.0,EUR,3204870.0,EUROSTAT_NAMA10_GDP,0.333212,1465493.0,EUROSTAT_GOV10A_MAIN,0.728697,strict,derived_actual,EUROSTAT_GOV10A_MAIN,2016.0,10679.0,,,,,,,,A,,EUROSTAT_GOV10A_MAIN,2026-07-21,2026-09-03,current,,,,,,,False,False,False,20260919T115610Z,derived D.4 - D.41 resources
DEU_R08_strict,DEU,ESA_REV,R08,1,Other property income,2017,2017,CY,10260.0,EUR,3345860.0,EUROSTAT_NAMA10_GDP,0.306648,1529123.0,EUROSTAT_GOV10A_MAIN,0.670973,strict,derived_actual,EUROSTAT_GOV10A_MAIN,2017.0,10260.0,,,,,,,,A,,EUROSTAT_GOV10A_MAIN,2026-07-21,2026-09-03,current,,,,,,,False,False,False,20260919T115610Z,derived D.4 - D.41 resources
DEU_R08_strict,DEU,ESA_REV,R08,1,Other property income,2018,2018,CY,12561.0,EUR,3450580.0,EUROSTAT_NAMA10_GDP,0.364026,1597995.0,EUROSTAT_GOV10A_MAIN,0.786048,strict,derived_actual,EUROSTAT_GOV10A_MAIN,2018.0,12561.0,,,,,,,,A,,EUROSTAT_GOV10A_MAIN,2026-07-21,2026-09-03,current,,,,,,,False,False,False,20260919T115610Z,derived D.4 - D.41 resources
DEU_R08_strict,DEU,ESA_REV,R08,1,Other property income,2019,2019,CY,13826.0,EUR,3557630.0,EUROSTAT_NAMA10_GDP,0.38863,1657564.0,EUROSTAT_GOV10A_MAIN,0.834116,strict,derived_actual,EUROSTAT_GOV10A_MAIN,2019.0,13826.0,,,,,,,,A,,EUROSTAT_GOV10A_MAIN,2026-07-21,2026-09-03,current,,,,,,,False,False,False,20260919T115610Z,derived D.4 - D.41 resources
DEU_R08_strict,DEU,ESA_REV,R08,1,Other property income,2020,2020,CY,13657.0,EUR,3477670.0,EUROSTAT_NAMA10_GDP,0.392705,1612653.0,EUROSTAT_GOV10A_MAIN,0.846865,strict,derived_actual,EUROSTAT_GOV10A_MAIN,2020.0,13657.0,,,,,,,,A,,EUROSTAT_GOV10A_MAIN,2026-07-21,2026-09-03,current,,,,,,,False,False,False,20260919T115610Z,derived D.4 - D.41 resources
DEU_R08_strict,DEU,ESA_REV,R08,1,Other property income,2021,2021,CY,9937.0,EUR,3713090.0,EUROSTAT_NAMA10_GDP,0.267621,1749189.0,EUROSTAT_GOV10A_MAIN,0.568092,strict,derived_actual,EUROSTAT_GOV10A_MAIN,2021.0,9937.0,,,,,,,,A,,EUROSTAT_GOV10A_MAIN,2026-07-21,2026-09-03,current,,,,,,,False,False,False,20260919T115610Z,derived D.4 - D.41 resources
DEU_R08_strict,DEU,ESA_REV,R08,1,Other property income,2022,2022,CY,12064.0,EUR,4010630.0,EUROSTAT_NAMA10_GDP,0.300801,1863070.0,EUROSTAT_GOV10A_MAIN,0.647533,strict,derived_actual,EUROSTAT_GOV10A_MAIN,2022.0,12064.0,,,,,,,,A,,EUROSTAT_GOV10A_MAIN,2026-07-21,2026-09-03,current,,,,,,,False,False,False,20260919T115610Z,derived D.4 - D.41 resources
DEU_R08_strict,DEU,ESA_REV,R08,1,Other property income,2023,2023,CY,12229.0,EUR,4254930.0,EUROSTAT_NAMA10_GDP,0.287408,1926184.0,EUROSTAT_GOV10A_MAIN,0.634882,strict,derived_actual,EUROSTAT_GOV10A_MAIN,2023.0,12229.0,,,,,,,,A,,EUROSTAT_GOV10A_MAIN,2026-07-21,2026-09-03,current,,,,,,,False,False,False,20260919T115610Z,derived D.4 - D.41 resources
DEU_R08_strict,DEU,ESA_REV,R08,1,Other property income,2024,2024,CY,12558.0,EUR,4386940.0,EUROSTAT_NAMA10_GDP,0.286259,2024422.0,EUROSTAT_GOV10A_MAIN,0.620325,strict,derived_actual,EUROSTAT_GOV10A_MAIN,2024.0,12558.0,,,,,,,,A,,EUROSTAT_GOV10A_MAIN,2026-07-21,2026-09-03,current,,,,,,,False,False,False,20260919T115610Z,derived D.4 - D.41 resources
DEU_R08_strict,DEU,ESA_REV,R08,1,Other property income,2025,2025,CY,13147.0,EUR,4529710.0,EUROSTAT_NAMA10_GDP,0.290239,2140194.0,EUROSTAT_GOV10A_MAIN,0.61429,strict,derived_actual,EUROSTAT_GOV10A_MAIN,2025.0,13147.0,,,,,,,,A,,EUROSTAT_GOV10A_MAIN,2026-07-21,2026-09-03,current,,,,,,,False,False,False,20260919T115610Z,derived D.4 - D.41 resources
DEU_R09_strict,DEU,ESA_REV,R09,1,Sales of goods and services,1995,1995,CY,55859.0,EUR,1899930.0,EUROSTAT_NAMA10_GDP,2.940056,870238.0,EUROSTAT_GOV10A_MAIN,6.418819,strict,anchor_actual,EUROSTAT_GOV10A_MAIN,1995.0,55859.0,,,,,,,,A,,EUROSTAT_GOV10A_MAIN,2026-07-21,2026-09-03,current,,,,,,,False,False,False,20260919T115610Z,
DEU_R09_strict,DEU,ESA_REV,R09,1,Sales of goods and services,1996,1996,CY,56027.0,EUR,1928560.0,EUROSTAT_NAMA10_GDP,2.905121,885563.0,EUROSTAT_GOV10A_MAIN,6.32671,strict,anchor_actual,EUROSTAT_GOV10A_MAIN,1996.0,56027.0,,,,,,,,A,,EUROSTAT_GOV10A_MAIN,2026-07-21,2026-09-03,current,,,,,,,False,False,False,20260919T115610Z,
DEU_R09_strict,DEU,ESA_REV,R09,1,Sales of goods and services,1997,1997,CY,55997.0,EUR,1967180.0,EUROSTAT_NAMA10_GDP,2.846562,899509.0,EUROSTAT_GOV10A_MAIN,6.225285,strict,anchor_actual,EUROSTAT_GOV10A_MAIN,1997.0,55997.0,,,,,,,,A,,EUROSTAT_GOV10A_MAIN,2026-07-21,2026-09-03,current,,,,,,,False,False,False,20260919T115610Z,
DEU_R09_strict,DEU,ESA_REV,R09,1,Sales of goods and services,1998,1998,CY,55919.0,EUR,2022310.0,EUROSTAT_NAMA10_GDP,2.765105,923010.0,EUROSTAT_GOV10A_MAIN,6.058331,strict,anchor_actual,EUROSTAT_GOV10A_MAIN,1998.0,55919.0,,,,,,,,A,,EUROSTAT_GOV10A_MAIN,2026-07-21,2026-09-03,current,,,,,,,False,False,False,20260919T115610Z,
DEU_R09_strict,DEU,ESA_REV,R09,1,Sales of goods and services,1999,1999,CY,63107.0,EUR,2077240.0,EUROSTAT_NAMA10_GDP,3.038022,968416.0,EUROSTAT_GOV10A_MAIN,6.516518,strict,anchor_actual,EUROSTAT_GOV10A_MAIN,1999.0,63107.0,,,,,,,,A,,EUROSTAT_GOV10A_MAIN,2026-07-21,2026-09-03,current,,,,,,,False,False,False,20260919T115610Z,
DEU_R09_strict,DEU,ESA_REV,R09,1,Sales of goods and services,2000,2000,CY,63160.0,EUR,2129660.0,EUROSTAT_NAMA10_GDP,2.965732,986936.0,EUROSTAT_GOV10A_MAIN,6.399604,strict,anchor_actual,EUROSTAT_GOV10A_MAIN,2000.0,63160.0,,,,,,,,A,,EUROSTAT_GOV10A_MAIN,2026-07-21,2026-09-03,current,,,,,,,False,False,False,20260919T115610Z,
DEU_R09_strict,DEU,ESA_REV,R09,1,Sales of goods and services,2001,2001,CY,65966.0,EUR,2195530.0,EUROSTAT_NAMA10_GDP,3.004559,977627.0,EUROSTAT_GOV10A_MAIN,6.747563,strict,anchor_actual,EUROSTAT_GOV10A_MAIN,2001.0,65966.0,,,,,,,,A,,EUROSTAT_GOV10A_MAIN,2026-07-21,2026-09-03,current,,,,,,,False,False,False,20260919T115610Z,
DEU_R09_strict,DEU,ESA_REV,R09,1,Sales of goods and services,2002,2002,CY,67161.0,EUR,2223360.0,EUROSTAT_NAMA10_GDP,3.020698,981788.0,EUROSTAT_GOV10A_MAIN,6.840683,strict,anchor_actual,EUROSTAT_GOV10A_MAIN,2002.0,67161.0,,,,,,,,A,,EUROSTAT_GOV10A_MAIN,2026-07-21,2026-09-03,current,,,,,,,False,False,False,20260919T115610Z,
DEU_R09_strict,DEU,ESA_REV,R09,1,Sales of goods and services,2003,2003,CY,69244.0,EUR,2240810.0,EUROSTAT_NAMA10_GDP,3.090133,1001289.0,EUROSTAT_GOV10A_MAIN,6.915486,strict,anchor_actual,EUROSTAT_GOV10A_MAIN,2003.0,69244.0,,,,,,,,A,,EUROSTAT_GOV10A_MAIN,2026-07-21,2026-09-03,current,,,,,,,False,False,False,20260919T115610Z,
DEU_R09_strict,DEU,ESA_REV,R09,1,Sales of goods and services,2004,2004,CY,69457.0,EUR,2293040.0,EUROSTAT_NAMA10_GDP,3.029036,998635.0,EUROSTAT_GOV10A_MAIN,6.955194,strict,anchor_actual,EUROSTAT_GOV10A_MAIN,2004.0,69457.0,,,,,,,,A,,EUROSTAT_GOV10A_MAIN,2026-07-21,2026-09-03,current,,,,,,,False,False,False,20260919T115610Z,
DEU_R09_strict,DEU,ESA_REV,R09,1,Sales of goods and services,2005,2005,CY,73912.0,EUR,2325710.0,EUROSTAT_NAMA10_GDP,3.17804,1011597.0,EUROSTAT_GOV10A_MAIN,7.306467,strict,anchor_actual,EUROSTAT_GOV10A_MAIN,2005.0,73912.0,,,,,,,,A,,EUROSTAT_GOV10A_MAIN,2026-07-21,2026-09-03,current,,,,,,,False,False,False,20260919T115610Z,
DEU_R09_strict,DEU,ESA_REV,R09,1,Sales of goods and services,2006,2006,CY,76667.0,EUR,2426180.0,EUROSTAT_NAMA10_GDP,3.159988,1056690.0,EUROSTAT_GOV10A_MAIN,7.255392,strict,anchor_actual,EUROSTAT_GOV10A_MAIN,2006.0,76667.0,,,,,,,,A,,EUROSTAT_GOV10A_MAIN,2026-07-21,2026-09-03,current,,,,,,,False,False,False,20260919T115610Z,
DEU_R09_strict,DEU,ESA_REV,R09,1,Sales of goods and services,2007,2007,CY,81168.0,EUR,2542220.0,EUROSTAT_NAMA10_GDP,3.1928,1110816.0,EUROSTAT_GOV10A_MAIN,7.307061,strict,anchor_actual,EUROSTAT_GOV10A_MAIN,2007.0,81168.0,,,,,,,,A,,EUROSTAT_GOV10A_MAIN,2026-07-21,2026-09-03,current,,,,,,,False,False,False,20260919T115610Z,
DEU_R09_strict,DEU,ESA_REV,R09,1,Sales of goods and services,2008,2008,CY,85099.0,EUR,2589280.0,EUROSTAT_NAMA10_GDP,3.286589,1143471.0,EUROSTAT_GOV10A_MAIN,7.442165,strict,anchor_actual,EUROSTAT_GOV10A_MAIN,2008.0,85099.0,,,,,,,,A,,EUROSTAT_GOV10A_MAIN,2026-07-21,2026-09-03,current,,,,,,,False,False,False,20260919T115610Z,
DEU_R09_strict,DEU,ESA_REV,R09,1,Sales of goods and services,2009,2009,CY,90149.0,EUR,2493970.0,EUROSTAT_NAMA10_GDP,3.614679,1125612.0,EUROSTAT_GOV10A_MAIN,8.008888,strict,anchor_actual,EUROSTAT_GOV10A_MAIN,2009.0,90149.0,,,,,,,,A,,EUROSTAT_GOV10A_MAIN,2026-07-21,2026-09-03,current,,,,,,,False,False,False,20260919T115610Z,
DEU_R09_strict,DEU,ESA_REV,R09,1,Sales of goods and services,2010,2010,CY,96662.0,EUR,2615260.0,EUROSTAT_NAMA10_GDP,3.696076,1143087.0,EUROSTAT_GOV10A_MAIN,8.456224,strict,anchor_actual,EUROSTAT_GOV10A_MAIN,2010.0,96662.0,,,,,,,,A,,EUROSTAT_GOV10A_MAIN,2026-07-21,2026-09-03,current,,,,,,,False,False,False,20260919T115610Z,
DEU_R09_strict,DEU,ESA_REV,R09,1,Sales of goods and services,2011,2011,CY,104745.0,EUR,2747210.0,EUROSTAT_NAMA10_GDP,3.812777,1220989.0,EUROSTAT_GOV10A_MAIN,8.578701,strict,anchor_actual,EUROSTAT_GOV10A_MAIN,2011.0,104745.0,,,,,,,,A,,EUROSTAT_GOV10A_MAIN,2026-07-21,2026-09-03,current,,,,,,,False,False,False,20260919T115610Z,
DEU_R09_strict,DEU,ESA_REV,R09,1,Sales of goods and services,2012,2012,CY,105968.0,EUR,2800680.0,EUROSTAT_NAMA10_GDP,3.783653,1260986.0,EUROSTAT_GOV10A_MAIN,8.403583,strict,anchor_actual,EUROSTAT_GOV10A_MAIN,2012.0,105968.0,,,,,,,,A,,EUROSTAT_GOV10A_MAIN,2026-07-21,2026-09-03,current,,,,,,,False,False,False,20260919T115610Z,
DEU_R09_strict,DEU,ESA_REV,R09,1,Sales of goods and services,2013,2013,CY,109850.0,EUR,2869480.0,EUROSTAT_NAMA10_GDP,3.82822,1298112.0,EUROSTAT_GOV10A_MAIN,8.46229,strict,anchor_actual,EUROSTAT_GOV10A_MAIN,2013.0,109850.0,,,,,,,,A,,EUROSTAT_GOV10A_MAIN,2026-07-21,2026-09-03,current,,,,,,,False,False,False,20260919T115610Z,
DEU_R09_strict,DEU,ESA_REV,R09,1,Sales of goods and services,2014,2014,CY,113967.0,EUR,2988470.0,EUROSTAT_NAMA10_GDP,3.813557,1350164.0,EUROSTAT_GOV10A_MAIN,8.440975,strict,anchor_actual,EUROSTAT_GOV10A_MAIN,2014.0,113967.0,,,,,,,,A,,EUROSTAT_GOV10A_MAIN,2026-07-21,2026-09-03,current,,,,,,,False,False,False,20260919T115610Z,
DEU_R09_strict,DEU,ESA_REV,R09,1,Sales of goods and services,2015,2015,CY,118484.0,EUR,3094190.0,EUROSTAT_NAMA10_GDP,3.829241,1401532.0,EUROSTAT_GOV10A_MAIN,8.453892,strict,anchor_actual,EUROSTAT_GOV10A_MAIN,2015.0,118484.0,,,,,,,,A,,EUROSTAT_GOV10A_MAIN,2026-07-21,2026-09-03,current,,,,,,,False,False,False,20260919T115610Z,
DEU_R09_strict,DEU,ESA_REV,R09,1,Sales of goods and services,2016,2016,CY,124948.0,EUR,3204870.0,EUROSTAT_NAMA10_GDP,3.898692,1465493.0,EUROSTAT_GOV10A_MAIN,8.526005,strict,anchor_actual,EUROSTAT_GOV10A_MAIN,2016.0,124948.0,,,,,,,,A,,EUROSTAT_GOV10A_MAIN,2026-07-21,2026-09-03,current,,,,,,,False,False,False,20260919T115610Z,
DEU_R09_strict,DEU,ESA_REV,R09,1,Sales of goods and services,2017,2017,CY,131268.0,EUR,3345860.0,EUROSTAT_NAMA10_GDP,3.923296,1529123.0,EUROSTAT_GOV10A_MAIN,8.584529,strict,anchor_actual,EUROSTAT_GOV10A_MAIN,2017.0,131268.0,,,,,,,,A,,EUROSTAT_GOV10A_MAIN,2026-07-21,2026-09-03,current,,,,,,,False,False,False,20260919T115610Z,
DEU_R09_strict,DEU,ESA_REV,R09,1,Sales of goods and services,2018,2018,CY,136414.0,EUR,3450580.0,EUROSTAT_NAMA10_GDP,3.953364,1597995.0,EUROSTAT_GOV10A_MAIN,8.536572,strict,anchor_actual,EUROSTAT_GOV10A_MAIN,2018.0,136414.0,,,,,,,,A,,EUROSTAT_GOV10A_MAIN,2026-07-21,2026-09-03,current,,,,,,,False,False,False,20260919T115610Z,
DEU_R09_strict,DEU,ESA_REV,R09,1,Sales of goods and services,2019,2019,CY,143135.0,EUR,3557630.0,EUROSTAT_NAMA10_GDP,4.023325,1657564.0,EUROSTAT_GOV10A_MAIN,8.635262,strict,anchor_actual,EUROSTAT_GOV10A_MAIN,2019.0,143135.0,,,,,,,,A,,EUROSTAT_GOV10A_MAIN,2026-07-21,2026-09-03,current,,,,,,,False,False,False,20260919T115610Z,
DEU_R09_strict,DEU,ESA_REV,R09,1,Sales of goods and services,2020,2020,CY,142024.0,EUR,3477670.0,EUROSTAT_NAMA10_GDP,4.083884,1612653.0,EUROSTAT_GOV10A_MAIN,8.806854,strict,anchor_actual,EUROSTAT_GOV10A_MAIN,2020.0,142024.0,,,,,,,,A,,EUROSTAT_GOV10A_MAIN,2026-07-21,2026-09-03,current,,,,,,,False,False,False,20260919T115610Z,
DEU_R09_strict,DEU,ESA_REV,R09,1,Sales of goods and services,2021,2021,CY,150862.0,EUR,3713090.0,EUROSTAT_NAMA10_GDP,4.062977,1749189.0,EUROSTAT_GOV10A_MAIN,8.624683,strict,anchor_actual,EUROSTAT_GOV10A_MAIN,2021.0,150862.0,,,,,,,,A,,EUROSTAT_GOV10A_MAIN,2026-07-21,2026-09-03,current,,,,,,,False,False,False,20260919T115610Z,
DEU_R09_strict,DEU,ESA_REV,R09,1,Sales of goods and services,2022,2022,CY,161276.0,EUR,4010630.0,EUROSTAT_NAMA10_GDP,4.021214,1863070.0,EUROSTAT_GOV10A_MAIN,8.656465,strict,anchor_actual,EUROSTAT_GOV10A_MAIN,2022.0,161276.0,,,,,,,,A,,EUROSTAT_GOV10A_MAIN,2026-07-21,2026-09-03,current,,,,,,,False,False,False,20260919T115610Z,
DEU_R09_strict,DEU,ESA_REV,R09,1,Sales of goods and services,2023,2023,CY,166994.0,EUR,4254930.0,EUROSTAT_NAMA10_GDP,3.924718,1926184.0,EUROSTAT_GOV10A_MAIN,8.669681,strict,anchor_actual,EUROSTAT_GOV10A_MAIN,2023.0,166994.0,,,,,,,,A,,EUROSTAT_GOV10A_MAIN,2026-07-21,2026-09-03,current,,,,,,,False,False,False,20260919T115610Z,
DEU_R09_strict,DEU,ESA_REV,R09,1,Sales of goods and services,2024,2024,CY,185249.0,EUR,4386940.0,EUROSTAT_NAMA10_GDP,4.222738,2024422.0,EUROSTAT_GOV10A_MAIN,9.150711,strict,anchor_actual,EUROSTAT_GOV10A_MAIN,2024.0,185249.0,,,,,,,,A,,EUROSTAT_GOV10A_MAIN,2026-07-21,2026-09-03,current,,,,,,,False,False,False,20260919T115610Z,
DEU_R09_strict,DEU,ESA_REV,R09,1,Sales of goods and services,2025,2025,CY,199655.0,EUR,4529710.0,EUROSTAT_NAMA10_GDP,4.407677,2140194.0,EUROSTAT_GOV10A_MAIN,9.328827,strict,anchor_actual,EUROSTAT_GOV10A_MAIN,2025.0,199655.0,,,,,,,,A,,EUROSTAT_GOV10A_MAIN,2026-07-21,2026-09-03,current,,,,,,,False,False,False,20260919T115610Z,
DEU_R10_strict,DEU,ESA_REV,R10,1,Other current and capital transfers receivable,1995,1995,CY,25475.0,EUR,1899930.0,EUROSTAT_NAMA10_GDP,1.340839,870238.0,EUROSTAT_GOV10A_MAIN,2.92736,strict,derived_actual,EUROSTAT_GOV10A_MAIN,1995.0,25475.0,,,,,,,,A,,EUROSTAT_GOV10A_MAIN,2026-07-21,2026-09-03,current,,,,,,,False,False,False,20260919T115610Z,derived D.39 + D.7 + D.92 + D.99 resources
DEU_R10_strict,DEU,ESA_REV,R10,1,Other current and capital transfers receivable,1996,1996,CY,23520.0,EUR,1928560.0,EUROSTAT_NAMA10_GDP,1.219563,885563.0,EUROSTAT_GOV10A_MAIN,2.655938,strict,derived_actual,EUROSTAT_GOV10A_MAIN,1996.0,23520.0,,,,,,,,A,,EUROSTAT_GOV10A_MAIN,2026-07-21,2026-09-03,current,,,,,,,False,False,False,20260919T115610Z,derived D.39 + D.7 + D.92 + D.99 resources
DEU_R10_strict,DEU,ESA_REV,R10,1,Other current and capital transfers receivable,1997,1997,CY,23227.0,EUR,1967180.0,EUROSTAT_NAMA10_GDP,1.180726,899509.0,EUROSTAT_GOV10A_MAIN,2.582187,strict,derived_actual,EUROSTAT_GOV10A_MAIN,1997.0,23227.0,,,,,,,,A,,EUROSTAT_GOV10A_MAIN,2026-07-21,2026-09-03,current,,,,,,,False,False,False,20260919T115610Z,derived D.39 + D.7 + D.92 + D.99 resources
DEU_R10_strict,DEU,ESA_REV,R10,1,Other current and capital transfers receivable,1998,1998,CY,22964.0,EUR,2022310.0,EUROSTAT_NAMA10_GDP,1.135533,923010.0,EUROSTAT_GOV10A_MAIN,2.487947,strict,derived_actual,EUROSTAT_GOV10A_MAIN,1998.0,22964.0,,,,,,,,A,,EUROSTAT_GOV10A_MAIN,2026-07-21,2026-09-03,current,,,,,,,False,False,False,20260919T115610Z,derived D.39 + D.7 + D.92 + D.99 resources
DEU_R10_strict,DEU,ESA_REV,R10,1,Other current and capital transfers receivable,1999,1999,CY,22763.0,EUR,2077240.0,EUROSTAT_NAMA10_GDP,1.095829,968416.0,EUROSTAT_GOV10A_MAIN,2.350539,strict,derived_actual,EUROSTAT_GOV10A_MAIN,1999.0,22763.0,,,,,,,,A,,EUROSTAT_GOV10A_MAIN,2026-07-21,2026-09-03,current,,,,,,,False,False,False,20260919T115610Z,derived D.39 + D.7 + D.92 + D.99 resources
DEU_R10_strict,DEU,ESA_REV,R10,1,Other current and capital transfers receivable,2000,2000,CY,22170.0,EUR,2129660.0,EUROSTAT_NAMA10_GDP,1.041011,986936.0,EUROSTAT_GOV10A_MAIN,2.246346,strict,derived_actual,EUROSTAT_GOV10A_MAIN,2000.0,22170.0,,,,,,,,A,,EUROSTAT_GOV10A_MAIN,2026-07-21,2026-09-03,current,,,,,,,False,False,False,20260919T115610Z,derived D.39 + D.7 + D.92 + D.99 resources
DEU_R10_strict,DEU,ESA_REV,R10,1,Other current and capital transfers receivable,2001,2001,CY,21577.0,EUR,2195530.0,EUROSTAT_NAMA10_GDP,0.98277,977627.0,EUROSTAT_GOV10A_MAIN,2.207079,strict,derived_actual,EUROSTAT_GOV10A_MAIN,2001.0,21577.0,,,,,,,,A,,EUROSTAT_GOV10A_MAIN,2026-07-21,2026-09-03,current,,,,,,,False,False,False,20260919T115610Z,derived D.39 + D.7 + D.92 + D.99 resources
DEU_R10_strict,DEU,ESA_REV,R10,1,Other current and capital transfers receivable,2002,2002,CY,23931.0,EUR,2223360.0,EUROSTAT_NAMA10_GDP,1.076344,981788.0,EUROSTAT_GOV10A_MAIN,2.437492,strict,derived_actual,EUROSTAT_GOV10A_MAIN,2002.0,23931.0,,,,,,,,A,,EUROSTAT_GOV10A_MAIN,2026-07-21,2026-09-03,current,,,,,,,False,False,False,20260919T115610Z,derived D.39 + D.7 + D.92 + D.99 resources
DEU_R10_strict,DEU,ESA_REV,R10,1,Other current and capital transfers receivable,2003,2003,CY,31523.0,EUR,2240810.0,EUROSTAT_NAMA10_GDP,1.406768,1001289.0,EUROSTAT_GOV10A_MAIN,3.148242,strict,derived_actual,EUROSTAT_GOV10A_MAIN,2003.0,31523.0,,,,,,,,A,,EUROSTAT_GOV10A_MAIN,2026-07-21,2026-09-03,current,,,,,,,False,False,False,20260919T115610Z,derived D.39 + D.7 + D.92 + D.99 resources
DEU_R10_strict,DEU,ESA_REV,R10,1,Other current and capital transfers receivable,2004,2004,CY,32314.0,EUR,2293040.0,EUROSTAT_NAMA10_GDP,1.409221,998635.0,EUROSTAT_GOV10A_MAIN,3.235817,strict,derived_actual,EUROSTAT_GOV10A_MAIN,2004.0,32314.0,,,,,,,,A,,EUROSTAT_GOV10A_MAIN,2026-07-21,2026-09-03,current,,,,,,,False,False,False,20260919T115610Z,derived D.39 + D.7 + D.92 + D.99 resources
DEU_R10_strict,DEU,ESA_REV,R10,1,Other current and capital transfers receivable,2005,2005,CY,26790.0,EUR,2325710.0,EUROSTAT_NAMA10_GDP,1.151906,1011597.0,EUROSTAT_GOV10A_MAIN,2.648288,strict,derived_actual,EUROSTAT_GOV10A_MAIN,2005.0,26790.0,,,,,,,,A,,EUROSTAT_GOV10A_MAIN,2026-07-21,2026-09-03,current,,,,,,,False,False,False,20260919T115610Z,derived D.39 + D.7 + D.92 + D.99 resources
DEU_R10_strict,DEU,ESA_REV,R10,1,Other current and capital transfers receivable,2006,2006,CY,23229.0,EUR,2426180.0,EUROSTAT_NAMA10_GDP,0.957431,1056690.0,EUROSTAT_GOV10A_MAIN,2.19828,strict,derived_actual,EUROSTAT_GOV10A_MAIN,2006.0,23229.0,,,,,,,,A,,EUROSTAT_GOV10A_MAIN,2026-07-21,2026-09-03,current,,,,,,,False,False,False,20260919T115610Z,derived D.39 + D.7 + D.92 + D.99 resources
DEU_R10_strict,DEU,ESA_REV,R10,1,Other current and capital transfers receivable,2007,2007,CY,23166.0,EUR,2542220.0,EUROSTAT_NAMA10_GDP,0.911251,1110816.0,EUROSTAT_GOV10A_MAIN,2.085494,strict,derived_actual,EUROSTAT_GOV10A_MAIN,2007.0,23166.0,,,,,,,,A,,EUROSTAT_GOV10A_MAIN,2026-07-21,2026-09-03,current,,,,,,,False,False,False,20260919T115610Z,derived D.39 + D.7 + D.92 + D.99 resources
DEU_R10_strict,DEU,ESA_REV,R10,1,Other current and capital transfers receivable,2008,2008,CY,22670.0,EUR,2589280.0,EUROSTAT_NAMA10_GDP,0.875533,1143471.0,EUROSTAT_GOV10A_MAIN,1.98256,strict,derived_actual,EUROSTAT_GOV10A_MAIN,2008.0,22670.0,,,,,,,,A,,EUROSTAT_GOV10A_MAIN,2026-07-21,2026-09-03,current,,,,,,,False,False,False,20260919T115610Z,derived D.39 + D.7 + D.92 + D.99 resources
DEU_R10_strict,DEU,ESA_REV,R10,1,Other current and capital transfers receivable,2009,2009,CY,23922.0,EUR,2493970.0,EUROSTAT_NAMA10_GDP,0.959194,1125612.0,EUROSTAT_GOV10A_MAIN,2.125244,strict,derived_actual,EUROSTAT_GOV10A_MAIN,2009.0,23922.0,,,,,,,,A,,EUROSTAT_GOV10A_MAIN,2026-07-21,2026-09-03,current,,,,,,,False,False,False,20260919T115610Z,derived D.39 + D.7 + D.92 + D.99 resources
DEU_R10_strict,DEU,ESA_REV,R10,1,Other current and capital transfers receivable,2010,2010,CY,26241.0,EUR,2615260.0,EUROSTAT_NAMA10_GDP,1.00338,1143087.0,EUROSTAT_GOV10A_MAIN,2.295626,strict,derived_actual,EUROSTAT_GOV10A_MAIN,2010.0,26241.0,,,,,,,,A,,EUROSTAT_GOV10A_MAIN,2026-07-21,2026-09-03,current,,,,,,,False,False,False,20260919T115610Z,derived D.39 + D.7 + D.92 + D.99 resources
DEU_R10_strict,DEU,ESA_REV,R10,1,Other current and capital transfers receivable,2011,2011,CY,26321.0,EUR,2747210.0,EUROSTAT_NAMA10_GDP,0.958099,1220989.0,EUROSTAT_GOV10A_MAIN,2.155711,strict,derived_actual,EUROSTAT_GOV10A_MAIN,2011.0,26321.0,,,,,,,,A,,EUROSTAT_GOV10A_MAIN,2026-07-21,2026-09-03,current,,,,,,,False,False,False,20260919T115610Z,derived D.39 + D.7 + D.92 + D.99 resources
DEU_R10_strict,DEU,ESA_REV,R10,1,Other current and capital transfers receivable,2012,2012,CY,27774.0,EUR,2800680.0,EUROSTAT_NAMA10_GDP,0.991688,1260986.0,EUROSTAT_GOV10A_MAIN,2.202562,strict,derived_actual,EUROSTAT_GOV10A_MAIN,2012.0,27774.0,,,,,,,,A,,EUROSTAT_GOV10A_MAIN,2026-07-21,2026-09-03,current,,,,,,,False,False,False,20260919T115610Z,derived D.39 + D.7 + D.92 + D.99 resources
DEU_R10_strict,DEU,ESA_REV,R10,1,Other current and capital transfers receivable,2013,2013,CY,27808.0,EUR,2869480.0,EUROSTAT_NAMA10_GDP,0.969095,1298112.0,EUROSTAT_GOV10A_MAIN,2.142188,strict,derived_actual,EUROSTAT_GOV10A_MAIN,2013.0,27808.0,,,,,,,,A,,EUROSTAT_GOV10A_MAIN,2026-07-21,2026-09-03,current,,,,,,,False,False,False,20260919T115610Z,derived D.39 + D.7 + D.92 + D.99 resources
DEU_R10_strict,DEU,ESA_REV,R10,1,Other current and capital transfers receivable,2014,2014,CY,29849.0,EUR,2988470.0,EUROSTAT_NAMA10_GDP,0.998805,1350164.0,EUROSTAT_GOV10A_MAIN,2.210768,strict,derived_actual,EUROSTAT_GOV10A_MAIN,2014.0,29849.0,,,,,,,,A,,EUROSTAT_GOV10A_MAIN,2026-07-21,2026-09-03,current,,,,,,,False,False,False,20260919T115610Z,derived D.39 + D.7 + D.92 + D.99 resources
DEU_R10_strict,DEU,ESA_REV,R10,1,Other current and capital transfers receivable,2015,2015,CY,29559.0,EUR,3094190.0,EUROSTAT_NAMA10_GDP,0.955307,1401532.0,EUROSTAT_GOV10A_MAIN,2.109049,strict,derived_actual,EUROSTAT_GOV10A_MAIN,2015.0,29559.0,,,,,,,,A,,EUROSTAT_GOV10A_MAIN,2026-07-21,2026-09-03,current,,,,,,,False,False,False,20260919T115610Z,derived D.39 + D.7 + D.92 + D.99 resources
DEU_R10_strict,DEU,ESA_REV,R10,1,Other current and capital transfers receivable,2016,2016,CY,31996.0,EUR,3204870.0,EUROSTAT_NAMA10_GDP,0.998356,1465493.0,EUROSTAT_GOV10A_MAIN,2.183293,strict,derived_actual,EUROSTAT_GOV10A_MAIN,2016.0,31996.0,,,,,,,,A,,EUROSTAT_GOV10A_MAIN,2026-07-21,2026-09-03,current,,,,,,,False,False,False,20260919T115610Z,derived D.39 + D.7 + D.92 + D.99 resources
DEU_R10_strict,DEU,ESA_REV,R10,1,Other current and capital transfers receivable,2017,2017,CY,30098.0,EUR,3345860.0,EUROSTAT_NAMA10_GDP,0.899559,1529123.0,EUROSTAT_GOV10A_MAIN,1.968318,strict,derived_actual,EUROSTAT_GOV10A_MAIN,2017.0,30098.0,,,,,,,,A,,EUROSTAT_GOV10A_MAIN,2026-07-21,2026-09-03,current,,,,,,,False,False,False,20260919T115610Z,derived D.39 + D.7 + D.92 + D.99 resources
DEU_R10_strict,DEU,ESA_REV,R10,1,Other current and capital transfers receivable,2018,2018,CY,34827.0,EUR,3450580.0,EUROSTAT_NAMA10_GDP,1.009309,1597995.0,EUROSTAT_GOV10A_MAIN,2.179419,strict,derived_actual,EUROSTAT_GOV10A_MAIN,2018.0,34827.0,,,,,,,,A,,EUROSTAT_GOV10A_MAIN,2026-07-21,2026-09-03,current,,,,,,,False,False,False,20260919T115610Z,derived D.39 + D.7 + D.92 + D.99 resources
DEU_R10_strict,DEU,ESA_REV,R10,1,Other current and capital transfers receivable,2019,2019,CY,34257.0,EUR,3557630.0,EUROSTAT_NAMA10_GDP,0.962916,1657564.0,EUROSTAT_GOV10A_MAIN,2.066708,strict,derived_actual,EUROSTAT_GOV10A_MAIN,2019.0,34257.0,,,,,,,,A,,EUROSTAT_GOV10A_MAIN,2026-07-21,2026-09-03,current,,,,,,,False,False,False,20260919T115610Z,derived D.39 + D.7 + D.92 + D.99 resources
DEU_R10_strict,DEU,ESA_REV,R10,1,Other current and capital transfers receivable,2020,2020,CY,33374.0,EUR,3477670.0,EUROSTAT_NAMA10_GDP,0.959666,1612653.0,EUROSTAT_GOV10A_MAIN,2.069509,strict,derived_actual,EUROSTAT_GOV10A_MAIN,2020.0,33374.0,,,,,,,,A,,EUROSTAT_GOV10A_MAIN,2026-07-21,2026-09-03,current,,,,,,,False,False,False,20260919T115610Z,derived D.39 + D.7 + D.92 + D.99 resources
DEU_R10_strict,DEU,ESA_REV,R10,1,Other current and capital transfers receivable,2021,2021,CY,43416.0,EUR,3713090.0,EUROSTAT_NAMA10_GDP,1.169269,1749189.0,EUROSTAT_GOV10A_MAIN,2.482065,strict,derived_actual,EUROSTAT_GOV10A_MAIN,2021.0,43416.0,,,,,,,,A,,EUROSTAT_GOV10A_MAIN,2026-07-21,2026-09-03,current,,,,,,,False,False,False,20260919T115610Z,derived D.39 + D.7 + D.92 + D.99 resources
DEU_R10_strict,DEU,ESA_REV,R10,1,Other current and capital transfers receivable,2022,2022,CY,40051.0,EUR,4010630.0,EUROSTAT_NAMA10_GDP,0.998621,1863070.0,EUROSTAT_GOV10A_MAIN,2.149731,strict,derived_actual,EUROSTAT_GOV10A_MAIN,2022.0,40051.0,,,,,,,,A,,EUROSTAT_GOV10A_MAIN,2026-07-21,2026-09-03,current,,,,,,,False,False,False,20260919T115610Z,derived D.39 + D.7 + D.92 + D.99 resources
DEU_R10_strict,DEU,ESA_REV,R10,1,Other current and capital transfers receivable,2023,2023,CY,45218.0,EUR,4254930.0,EUROSTAT_NAMA10_GDP,1.06272,1926184.0,EUROSTAT_GOV10A_MAIN,2.347543,strict,derived_actual,EUROSTAT_GOV10A_MAIN,2023.0,45218.0,,,,,,,,A,,EUROSTAT_GOV10A_MAIN,2026-07-21,2026-09-03,current,,,,,,,False,False,False,20260919T115610Z,derived D.39 + D.7 + D.92 + D.99 resources
DEU_R10_strict,DEU,ESA_REV,R10,1,Other current and capital transfers receivable,2024,2024,CY,41913.0,EUR,4386940.0,EUROSTAT_NAMA10_GDP,0.955404,2024422.0,EUROSTAT_GOV10A_MAIN,2.070369,strict,derived_actual,EUROSTAT_GOV10A_MAIN,2024.0,41913.0,,,,,,,,A,,EUROSTAT_GOV10A_MAIN,2026-07-21,2026-09-03,current,,,,,,,False,False,False,20260919T115610Z,derived D.39 + D.7 + D.92 + D.99 resources
DEU_R10_strict,DEU,ESA_REV,R10,1,Other current and capital transfers receivable,2025,2025,CY,39873.0,EUR,4529710.0,EUROSTAT_NAMA10_GDP,0.880255,2140194.0,EUROSTAT_GOV10A_MAIN,1.863055,strict,derived_actual,EUROSTAT_GOV10A_MAIN,2025.0,39873.0,,,,,,,,A,,EUROSTAT_GOV10A_MAIN,2026-07-21,2026-09-03,current,,,,,,,False,False,False,20260919T115610Z,derived D.39 + D.7 + D.92 + D.99 resources
DEU_TR_strict,DEU,ESA_REV,TR,total,Total revenue,1995,1995,CY,870238.0,EUR,1899930.0,EUROSTAT_NAMA10_GDP,45.803688,,EUROSTAT_GOV10A_MAIN,,strict,anchor_actual,EUROSTAT_GOV10A_MAIN,1995.0,870238.0,,,,,,,,A,,EUROSTAT_GOV10A_MAIN,2026-07-21,2026-09-03,current,,,,,,,False,False,False,20260919T115610Z,
DEU_TR_strict,DEU,ESA_REV,TR,total,Total revenue,1996,1996,CY,885563.0,EUR,1928560.0,EUROSTAT_NAMA10_GDP,45.918354,,EUROSTAT_GOV10A_MAIN,,strict,anchor_actual,EUROSTAT_GOV10A_MAIN,1996.0,885563.0,,,,,,,,A,,EUROSTAT_GOV10A_MAIN,2026-07-21,2026-09-03,current,,,,,,,False,False,False,20260919T115610Z,
DEU_TR_strict,DEU,ESA_REV,TR,total,Total revenue,1997,1997,CY,899509.0,EUR,1967180.0,EUROSTAT_NAMA10_GDP,45.725811,,EUROSTAT_GOV10A_MAIN,,strict,anchor_actual,EUROSTAT_GOV10A_MAIN,1997.0,899509.0,,,,,,,,A,,EUROSTAT_GOV10A_MAIN,2026-07-21,2026-09-03,current,,,,,,,False,False,False,20260919T115610Z,
DEU_TR_strict,DEU,ESA_REV,TR,total,Total revenue,1998,1998,CY,923010.0,EUR,2022310.0,EUROSTAT_NAMA10_GDP,45.641371,,EUROSTAT_GOV10A_MAIN,,strict,anchor_actual,EUROSTAT_GOV10A_MAIN,1998.0,923010.0,,,,,,,,A,,EUROSTAT_GOV10A_MAIN,2026-07-21,2026-09-03,current,,,,,,,False,False,False,20260919T115610Z,
DEU_TR_strict,DEU,ESA_REV,TR,total,Total revenue,1999,1999,CY,968416.0,EUR,2077240.0,EUROSTAT_NAMA10_GDP,46.620323,,EUROSTAT_GOV10A_MAIN,,strict,anchor_actual,EUROSTAT_GOV10A_MAIN,1999.0,968416.0,,,,,,,,A,,EUROSTAT_GOV10A_MAIN,2026-07-21,2026-09-03,current,,,,,,,False,False,False,20260919T115610Z,
DEU_TR_strict,DEU,ESA_REV,TR,total,Total revenue,2000,2000,CY,986936.0,EUR,2129660.0,EUROSTAT_NAMA10_GDP,46.342421,,EUROSTAT_GOV10A_MAIN,,strict,anchor_actual,EUROSTAT_GOV10A_MAIN,2000.0,986936.0,,,,,,,,A,,EUROSTAT_GOV10A_MAIN,2026-07-21,2026-09-03,current,,,,,,,False,False,False,20260919T115610Z,
DEU_TR_strict,DEU,ESA_REV,TR,total,Total revenue,2001,2001,CY,977627.0,EUR,2195530.0,EUROSTAT_NAMA10_GDP,44.528064,,EUROSTAT_GOV10A_MAIN,,strict,anchor_actual,EUROSTAT_GOV10A_MAIN,2001.0,977627.0,,,,,,,,A,,EUROSTAT_GOV10A_MAIN,2026-07-21,2026-09-03,current,,,,,,,False,False,False,20260919T115610Z,
DEU_TR_strict,DEU,ESA_REV,TR,total,Total revenue,2002,2002,CY,981788.0,EUR,2223360.0,EUROSTAT_NAMA10_GDP,44.157851,,EUROSTAT_GOV10A_MAIN,,strict,anchor_actual,EUROSTAT_GOV10A_MAIN,2002.0,981788.0,,,,,,,,A,,EUROSTAT_GOV10A_MAIN,2026-07-21,2026-09-03,current,,,,,,,False,False,False,20260919T115610Z,
DEU_TR_strict,DEU,ESA_REV,TR,total,Total revenue,2003,2003,CY,1001289.0,EUR,2240810.0,EUROSTAT_NAMA10_GDP,44.684244,,EUROSTAT_GOV10A_MAIN,,strict,anchor_actual,EUROSTAT_GOV10A_MAIN,2003.0,1001289.0,,,,,,,,A,,EUROSTAT_GOV10A_MAIN,2026-07-21,2026-09-03,current,,,,,,,False,False,False,20260919T115610Z,
DEU_TR_strict,DEU,ESA_REV,TR,total,Total revenue,2004,2004,CY,998635.0,EUR,2293040.0,EUROSTAT_NAMA10_GDP,43.550701,,EUROSTAT_GOV10A_MAIN,,strict,anchor_actual,EUROSTAT_GOV10A_MAIN,2004.0,998635.0,,,,,,,,A,,EUROSTAT_GOV10A_MAIN,2026-07-21,2026-09-03,current,,,,,,,False,False,False,20260919T115610Z,
DEU_TR_strict,DEU,ESA_REV,TR,total,Total revenue,2005,2005,CY,1011597.0,EUR,2325710.0,EUROSTAT_NAMA10_GDP,43.496266,,EUROSTAT_GOV10A_MAIN,,strict,anchor_actual,EUROSTAT_GOV10A_MAIN,2005.0,1011597.0,,,,,,,,A,,EUROSTAT_GOV10A_MAIN,2026-07-21,2026-09-03,current,,,,,,,False,False,False,20260919T115610Z,
DEU_TR_strict,DEU,ESA_REV,TR,total,Total revenue,2006,2006,CY,1056690.0,EUR,2426180.0,EUROSTAT_NAMA10_GDP,43.553652,,EUROSTAT_GOV10A_MAIN,,strict,anchor_actual,EUROSTAT_GOV10A_MAIN,2006.0,1056690.0,,,,,,,,A,,EUROSTAT_GOV10A_MAIN,2026-07-21,2026-09-03,current,,,,,,,False,False,False,20260919T115610Z,
DEU_TR_strict,DEU,ESA_REV,TR,total,Total revenue,2007,2007,CY,1110816.0,EUR,2542220.0,EUROSTAT_NAMA10_GDP,43.694724,,EUROSTAT_GOV10A_MAIN,,strict,anchor_actual,EUROSTAT_GOV10A_MAIN,2007.0,1110816.0,,,,,,,,A,,EUROSTAT_GOV10A_MAIN,2026-07-21,2026-09-03,current,,,,,,,False,False,False,20260919T115610Z,
DEU_TR_strict,DEU,ESA_REV,TR,total,Total revenue,2008,2008,CY,1143471.0,EUR,2589280.0,EUROSTAT_NAMA10_GDP,44.161736,,EUROSTAT_GOV10A_MAIN,,strict,anchor_actual,EUROSTAT_GOV10A_MAIN,2008.0,1143471.0,,,,,,,,A,,EUROSTAT_GOV10A_MAIN,2026-07-21,2026-09-03,current,,,,,,,False,False,False,20260919T115610Z,
DEU_TR_strict,DEU,ESA_REV,TR,total,Total revenue,2009,2009,CY,1125612.0,EUR,2493970.0,EUROSTAT_NAMA10_GDP,45.133342,,EUROSTAT_GOV10A_MAIN,,strict,anchor_actual,EUROSTAT_GOV10A_MAIN,2009.0,1125612.0,,,,,,,,A,,EUROSTAT_GOV10A_MAIN,2026-07-21,2026-09-03,current,,,,,,,False,False,False,20260919T115610Z,
DEU_TR_strict,DEU,ESA_REV,TR,total,Total revenue,2010,2010,CY,1143087.0,EUR,2615260.0,EUROSTAT_NAMA10_GDP,43.70835,,EUROSTAT_GOV10A_MAIN,,strict,anchor_actual,EUROSTAT_GOV10A_MAIN,2010.0,1143087.0,,,,,,,,A,,EUROSTAT_GOV10A_MAIN,2026-07-21,2026-09-03,current,,,,,,,False,False,False,20260919T115610Z,
DEU_TR_strict,DEU,ESA_REV,TR,total,Total revenue,2011,2011,CY,1220989.0,EUR,2747210.0,EUROSTAT_NAMA10_GDP,44.444691,,EUROSTAT_GOV10A_MAIN,,strict,anchor_actual,EUROSTAT_GOV10A_MAIN,2011.0,1220989.0,,,,,,,,A,,EUROSTAT_GOV10A_MAIN,2026-07-21,2026-09-03,current,,,,,,,False,False,False,20260919T115610Z,
DEU_TR_strict,DEU,ESA_REV,TR,total,Total revenue,2012,2012,CY,1260986.0,EUR,2800680.0,EUROSTAT_NAMA10_GDP,45.02428,,EUROSTAT_GOV10A_MAIN,,strict,anchor_actual,EUROSTAT_GOV10A_MAIN,2012.0,1260986.0,,,,,,,,A,,EUROSTAT_GOV10A_MAIN,2026-07-21,2026-09-03,current,,,,,,,False,False,False,20260919T115610Z,
DEU_TR_strict,DEU,ESA_REV,TR,total,Total revenue,2013,2013,CY,1298112.0,EUR,2869480.0,EUROSTAT_NAMA10_GDP,45.23858,,EUROSTAT_GOV10A_MAIN,,strict,anchor_actual,EUROSTAT_GOV10A_MAIN,2013.0,1298112.0,,,,,,,,A,,EUROSTAT_GOV10A_MAIN,2026-07-21,2026-09-03,current,,,,,,,False,False,False,20260919T115610Z,
DEU_TR_strict,DEU,ESA_REV,TR,total,Total revenue,2014,2014,CY,1350164.0,EUR,2988470.0,EUROSTAT_NAMA10_GDP,45.179105,,EUROSTAT_GOV10A_MAIN,,strict,anchor_actual,EUROSTAT_GOV10A_MAIN,2014.0,1350164.0,,,,,,,,A,,EUROSTAT_GOV10A_MAIN,2026-07-21,2026-09-03,current,,,,,,,False,False,False,20260919T115610Z,
DEU_TR_strict,DEU,ESA_REV,TR,total,Total revenue,2015,2015,CY,1401532.0,EUR,3094190.0,EUROSTAT_NAMA10_GDP,45.295602,,EUROSTAT_GOV10A_MAIN,,strict,anchor_actual,EUROSTAT_GOV10A_MAIN,2015.0,1401532.0,,,,,,,,A,,EUROSTAT_GOV10A_MAIN,2026-07-21,2026-09-03,current,,,,,,,False,False,False,20260919T115610Z,
DEU_TR_strict,DEU,ESA_REV,TR,total,Total revenue,2016,2016,CY,1465493.0,EUR,3204870.0,EUROSTAT_NAMA10_GDP,45.727065,,EUROSTAT_GOV10A_MAIN,,strict,anchor_actual,EUROSTAT_GOV10A_MAIN,2016.0,1465493.0,,,,,,,,A,,EUROSTAT_GOV10A_MAIN,2026-07-21,2026-09-03,current,,,,,,,False,False,False,20260919T115610Z,
DEU_TR_strict,DEU,ESA_REV,TR,total,Total revenue,2017,2017,CY,1529123.0,EUR,3345860.0,EUROSTAT_NAMA10_GDP,45.701942,,EUROSTAT_GOV10A_MAIN,,strict,anchor_actual,EUROSTAT_GOV10A_MAIN,2017.0,1529123.0,,,,,,,,A,,EUROSTAT_GOV10A_MAIN,2026-07-21,2026-09-03,current,,,,,,,False,False,False,20260919T115610Z,
DEU_TR_strict,DEU,ESA_REV,TR,total,Total revenue,2018,2018,CY,1597995.0,EUR,3450580.0,EUROSTAT_NAMA10_GDP,46.31091,,EUROSTAT_GOV10A_MAIN,,strict,anchor_actual,EUROSTAT_GOV10A_MAIN,2018.0,1597995.0,,,,,,,,A,,EUROSTAT_GOV10A_MAIN,2026-07-21,2026-09-03,current,,,,,,,False,False,False,20260919T115610Z,
DEU_TR_strict,DEU,ESA_REV,TR,total,Total revenue,2019,2019,CY,1657564.0,EUR,3557630.0,EUROSTAT_NAMA10_GDP,46.591804,,EUROSTAT_GOV10A_MAIN,,strict,anchor_actual,EUROSTAT_GOV10A_MAIN,2019.0,1657564.0,,,,,,,,A,,EUROSTAT_GOV10A_MAIN,2026-07-21,2026-09-03,current,,,,,,,False,False,False,20260919T115610Z,
DEU_TR_strict,DEU,ESA_REV,TR,total,Total revenue,2020,2020,CY,1612653.0,EUR,3477670.0,EUROSTAT_NAMA10_GDP,46.371651,,EUROSTAT_GOV10A_MAIN,,strict,anchor_actual,EUROSTAT_GOV10A_MAIN,2020.0,1612653.0,,,,,,,,A,,EUROSTAT_GOV10A_MAIN,2026-07-21,2026-09-03,current,,,,,,,False,False,False,20260919T115610Z,
DEU_TR_strict,DEU,ESA_REV,TR,total,Total revenue,2021,2021,CY,1749189.0,EUR,3713090.0,EUROSTAT_NAMA10_GDP,47.108715,,EUROSTAT_GOV10A_MAIN,,strict,anchor_actual,EUROSTAT_GOV10A_MAIN,2021.0,1749189.0,,,,,,,,A,,EUROSTAT_GOV10A_MAIN,2026-07-21,2026-09-03,current,,,,,,,False,False,False,20260919T115610Z,
DEU_TR_strict,DEU,ESA_REV,TR,total,Total revenue,2022,2022,CY,1863070.0,EUR,4010630.0,EUROSTAT_NAMA10_GDP,46.4533,,EUROSTAT_GOV10A_MAIN,,strict,anchor_actual,EUROSTAT_GOV10A_MAIN,2022.0,1863070.0,,,,,,,,A,,EUROSTAT_GOV10A_MAIN,2026-07-21,2026-09-03,current,,,,,,,False,False,False,20260919T115610Z,
DEU_TR_strict,DEU,ESA_REV,TR,total,Total revenue,2023,2023,CY,1926184.0,EUR,4254930.0,EUROSTAT_NAMA10_GDP,45.269464,,EUROSTAT_GOV10A_MAIN,,strict,anchor_actual,EUROSTAT_GOV10A_MAIN,2023.0,1926184.0,,,,,,,,A,,EUROSTAT_GOV10A_MAIN,2026-07-21,2026-09-03,current,,,,,,,False,False,False,20260919T115610Z,
DEU_TR_strict,DEU,ESA_REV,TR,total,Total revenue,2024,2024,CY,2024422.0,EUR,4386940.0,EUROSTAT_NAMA10_GDP,46.146562,,EUROSTAT_GOV10A_MAIN,,strict,anchor_actual,EUROSTAT_GOV10A_MAIN,2024.0,2024422.0,,,,,,,,A,,EUROSTAT_GOV10A_MAIN,2026-07-21,2026-09-03,current,,,,,,,False,False,False,20260919T115610Z,
DEU_TR_strict,DEU,ESA_REV,TR,total,Total revenue,2025,2025,CY,2140194.0,EUR,4529710.0,EUROSTAT_NAMA10_GDP,47.247925,,EUROSTAT_GOV10A_MAIN,,strict,anchor_actual,EUROSTAT_GOV10A_MAIN,2025.0,2140194.0,,,,,,,,A,,EUROSTAT_GOV10A_MAIN,2026-07-21,2026-09-03,current,,,,,,,False,False,False,20260919T115610Z,
DEU_R02_A_strict,DEU,ESA_REV,R02_A,2,Excise duties,1995,1995,CY,48227.0,EUR,1899930.0,EUROSTAT_NAMA10_GDP,2.538357,870238.0,EUROSTAT_GOV10A_MAIN,5.541817,strict,anchor_actual,EUROSTAT_GOV10A_TAXAG,1995.0,48227.0,,,,,,,,A,,EUROSTAT_GOV10A_TAXAG,2026-07-21,2026-09-03,current,,,,,48800.254,1.1887,False,False,False,20260919T115610Z,"gov_10a_taxag D214A + D2122C (detail table; the parent comes from gov_10a_main, so any drift lands in the remainder, D-S1-002)"
DEU_R02_A_strict,DEU,ESA_REV,R02_A,2,Excise duties,1996,1996,CY,49688.0,EUR,1928560.0,EUROSTAT_NAMA10_GDP,2.57643,885563.0,EUROSTAT_GOV10A_MAIN,5.610894,strict,anchor_actual,EUROSTAT_GOV10A_TAXAG,1996.0,49688.0,,,,,,,,A,,EUROSTAT_GOV10A_TAXAG,2026-07-21,2026-09-03,current,,,,,50686.409,2.0094,False,False,False,20260919T115610Z,"gov_10a_taxag D214A + D2122C (detail table; the parent comes from gov_10a_main, so any drift lands in the remainder, D-S1-002)"
DEU_R02_A_strict,DEU,ESA_REV,R02_A,2,Excise duties,1997,1997,CY,49733.0,EUR,1967180.0,EUROSTAT_NAMA10_GDP,2.528137,899509.0,EUROSTAT_GOV10A_MAIN,5.528905,strict,anchor_actual,EUROSTAT_GOV10A_TAXAG,1997.0,49733.0,,,,,,,,A,,EUROSTAT_GOV10A_TAXAG,2026-07-21,2026-09-03,current,,,,,49567.703,-0.3324,False,False,False,20260919T115610Z,"gov_10a_taxag D214A + D2122C (detail table; the parent comes from gov_10a_main, so any drift lands in the remainder, D-S1-002)"
DEU_R02_A_strict,DEU,ESA_REV,R02_A,2,Excise duties,1998,1998,CY,49688.0,EUR,2022310.0,EUROSTAT_NAMA10_GDP,2.456992,923010.0,EUROSTAT_GOV10A_MAIN,5.383257,strict,anchor_actual,EUROSTAT_GOV10A_TAXAG,1998.0,49688.0,,,,,,,,A,,EUROSTAT_GOV10A_TAXAG,2026-07-21,2026-09-03,current,,,,,49924.584,0.4761,False,False,False,20260919T115610Z,"gov_10a_taxag D214A + D2122C (detail table; the parent comes from gov_10a_main, so any drift lands in the remainder, D-S1-002)"
DEU_R02_A_strict,DEU,ESA_REV,R02_A,2,Excise duties,1999,1999,CY,55267.0,EUR,2077240.0,EUROSTAT_NAMA10_GDP,2.660598,968416.0,EUROSTAT_GOV10A_MAIN,5.706948,strict,anchor_actual,EUROSTAT_GOV10A_TAXAG,1999.0,55267.0,,,,,,,,A,,EUROSTAT_GOV10A_TAXAG,2026-07-21,2026-09-03,current,,,,,54693.404,-1.0379,False,False,False,20260919T115610Z,"gov_10a_taxag D214A + D2122C (detail table; the parent comes from gov_10a_main, so any drift lands in the remainder, D-S1-002)"
DEU_R02_A_strict,DEU,ESA_REV,R02_A,2,Excise duties,2000,2000,CY,59425.0,EUR,2129660.0,EUROSTAT_NAMA10_GDP,2.790352,986936.0,EUROSTAT_GOV10A_MAIN,6.02116,strict,anchor_actual,EUROSTAT_GOV10A_TAXAG,2000.0,59425.0,,,,,,,,A,,EUROSTAT_GOV10A_TAXAG,2026-07-21,2026-09-03,current,,,,,57224.0,-3.7038,False,False,False,20260919T115610Z,"gov_10a_taxag D214A + D2122C (detail table; the parent comes from gov_10a_main, so any drift lands in the remainder, D-S1-002)"
DEU_R02_A_strict,DEU,ESA_REV,R02_A,2,Excise duties,2001,2001,CY,63977.0,EUR,2195530.0,EUROSTAT_NAMA10_GDP,2.913966,977627.0,EUROSTAT_GOV10A_MAIN,6.544111,strict,anchor_actual,EUROSTAT_GOV10A_TAXAG,2001.0,63977.0,,,,,,,,A,,EUROSTAT_GOV10A_TAXAG,2026-07-21,2026-09-03,current,,,,,61586.0,-3.7373,False,False,False,20260919T115610Z,"gov_10a_taxag D214A + D2122C (detail table; the parent comes from gov_10a_main, so any drift lands in the remainder, D-S1-002)"
DEU_R02_A_strict,DEU,ESA_REV,R02_A,2,Excise duties,2002,2002,CY,67354.0,EUR,2223360.0,EUROSTAT_NAMA10_GDP,3.029379,981788.0,EUROSTAT_GOV10A_MAIN,6.860341,strict,anchor_actual,EUROSTAT_GOV10A_TAXAG,2002.0,67354.0,,,,,,,,A,,EUROSTAT_GOV10A_TAXAG,2026-07-21,2026-09-03,current,,,,,64641.00000000001,-4.028,False,False,False,20260919T115610Z,"gov_10a_taxag D214A + D2122C (detail table; the parent comes from gov_10a_main, so any drift lands in the remainder, D-S1-002)"
DEU_R02_A_strict,DEU,ESA_REV,R02_A,2,Excise duties,2003,2003,CY,72200.0,EUR,2240810.0,EUROSTAT_NAMA10_GDP,3.222049,1001289.0,EUROSTAT_GOV10A_MAIN,7.210705,strict,anchor_actual,EUROSTAT_GOV10A_TAXAG,2003.0,72200.0,,,,,,,,A,,EUROSTAT_GOV10A_TAXAG,2026-07-21,2026-09-03,current,,,,,68785.0,-4.7299,False,False,False,20260919T115610Z,"gov_10a_taxag D214A + D2122C (detail table; the parent comes from gov_10a_main, so any drift lands in the remainder, D-S1-002)"
DEU_R02_A_strict,DEU,ESA_REV,R02_A,2,Excise duties,2004,2004,CY,70691.0,EUR,2293040.0,EUROSTAT_NAMA10_GDP,3.082851,998635.0,EUROSTAT_GOV10A_MAIN,7.078763,strict,anchor_actual,EUROSTAT_GOV10A_TAXAG,2004.0,70691.0,,,,,,,,A,,EUROSTAT_GOV10A_TAXAG,2026-07-21,2026-09-03,current,,,,,70686.0,-0.0071,False,False,False,20260919T115610Z,"gov_10a_taxag D214A + D2122C (detail table; the parent comes from gov_10a_main, so any drift lands in the remainder, D-S1-002)"
DEU_R02_A_strict,DEU,ESA_REV,R02_A,2,Excise duties,2005,2005,CY,70460.0,EUR,2325710.0,EUROSTAT_NAMA10_GDP,3.029612,1011597.0,EUROSTAT_GOV10A_MAIN,6.965224,strict,anchor_actual,EUROSTAT_GOV10A_TAXAG,2005.0,70460.0,,,,,,,,A,,EUROSTAT_GOV10A_TAXAG,2026-07-21,2026-09-03,current,,,,,70458.0,-0.0028,False,False,False,20260919T115610Z,"gov_10a_taxag D214A + D2122C (detail table; the parent comes from gov_10a_main, so any drift lands in the remainder, D-S1-002)"
DEU_R02_A_strict,DEU,ESA_REV,R02_A,2,Excise duties,2006,2006,CY,72057.0,EUR,2426180.0,EUROSTAT_NAMA10_GDP,2.969977,1056690.0,EUROSTAT_GOV10A_MAIN,6.819124,strict,anchor_actual,EUROSTAT_GOV10A_TAXAG,2006.0,72057.0,,,,,,,,A,,EUROSTAT_GOV10A_TAXAG,2026-07-21,2026-09-03,current,,,,,72019.0,-0.0527,False,False,False,20260919T115610Z,"gov_10a_taxag D214A + D2122C (detail table; the parent comes from gov_10a_main, so any drift lands in the remainder, D-S1-002)"
DEU_R02_A_strict,DEU,ESA_REV,R02_A,2,Excise duties,2007,2007,CY,71980.0,EUR,2542220.0,EUROSTAT_NAMA10_GDP,2.831384,1110816.0,EUROSTAT_GOV10A_MAIN,6.479921,strict,anchor_actual,EUROSTAT_GOV10A_TAXAG,2007.0,71980.0,,,,,,,,A,,EUROSTAT_GOV10A_TAXAG,2026-07-21,2026-09-03,current,,,,,72018.0,0.0528,False,False,False,20260919T115610Z,"gov_10a_taxag D214A + D2122C (detail table; the parent comes from gov_10a_main, so any drift lands in the remainder, D-S1-002)"
DEU_R02_A_strict,DEU,ESA_REV,R02_A,2,Excise duties,2008,2008,CY,72838.0,EUR,2589280.0,EUROSTAT_NAMA10_GDP,2.81306,1143471.0,EUROSTAT_GOV10A_MAIN,6.369904,strict,anchor_actual,EUROSTAT_GOV10A_TAXAG,2008.0,72838.0,,,,,,,,A,,EUROSTAT_GOV10A_TAXAG,2026-07-21,2026-09-03,current,,,,,72834.0,-0.0055,False,False,False,20260919T115610Z,"gov_10a_taxag D214A + D2122C (detail table; the parent comes from gov_10a_main, so any drift lands in the remainder, D-S1-002)"
DEU_R02_A_strict,DEU,ESA_REV,R02_A,2,Excise duties,2009,2009,CY,74633.0,EUR,2493970.0,EUROSTAT_NAMA10_GDP,2.992538,1125612.0,EUROSTAT_GOV10A_MAIN,6.630437,strict,anchor_actual,EUROSTAT_GOV10A_TAXAG,2009.0,74633.0,,,,,,,,A,,EUROSTAT_GOV10A_TAXAG,2026-07-21,2026-09-03,current,,,,,74628.0,-0.0067,False,False,False,20260919T115610Z,"gov_10a_taxag D214A + D2122C (detail table; the parent comes from gov_10a_main, so any drift lands in the remainder, D-S1-002)"
DEU_R02_A_strict,DEU,ESA_REV,R02_A,2,Excise duties,2010,2010,CY,72167.0,EUR,2615260.0,EUROSTAT_NAMA10_GDP,2.759458,1143087.0,EUROSTAT_GOV10A_MAIN,6.313343,strict,anchor_actual,EUROSTAT_GOV10A_TAXAG,2010.0,72167.0,,,,,,,,A,,EUROSTAT_GOV10A_TAXAG,2026-07-21,2026-09-03,current,,,,,72163.0,-0.0055,False,False,False,20260919T115610Z,"gov_10a_taxag D214A + D2122C (detail table; the parent comes from gov_10a_main, so any drift lands in the remainder, D-S1-002)"
DEU_R02_A_strict,DEU,ESA_REV,R02_A,2,Excise duties,2011,2011,CY,79925.0,EUR,2747210.0,EUROSTAT_NAMA10_GDP,2.909315,1220989.0,EUROSTAT_GOV10A_MAIN,6.545923,strict,anchor_actual,EUROSTAT_GOV10A_TAXAG,2011.0,79925.0,,,,,,,,A,,EUROSTAT_GOV10A_TAXAG,2026-07-21,2026-09-03,current,,,,,79923.0,-0.0025,False,False,False,20260919T115610Z,"gov_10a_taxag D214A + D2122C (detail table; the parent comes from gov_10a_main, so any drift lands in the remainder, D-S1-002)"
DEU_R02_A_strict,DEU,ESA_REV,R02_A,2,Excise duties,2012,2012,CY,79201.0,EUR,2800680.0,EUROSTAT_NAMA10_GDP,2.82792,1260986.0,EUROSTAT_GOV10A_MAIN,6.280879,strict,anchor_actual,EUROSTAT_GOV10A_TAXAG,2012.0,79201.0,,,,,,,,A,,EUROSTAT_GOV10A_TAXAG,2026-07-21,2026-09-03,current,,,,,79200.0,-0.0013,False,False,False,20260919T115610Z,"gov_10a_taxag D214A + D2122C (detail table; the parent comes from gov_10a_main, so any drift lands in the remainder, D-S1-002)"
DEU_R02_A_strict,DEU,ESA_REV,R02_A,2,Excise duties,2013,2013,CY,85027.0,EUR,2869480.0,EUROSTAT_NAMA10_GDP,2.96315,1298112.0,EUROSTAT_GOV10A_MAIN,6.550051,strict,anchor_actual,EUROSTAT_GOV10A_TAXAG,2013.0,85027.0,,,,,,,,A,,EUROSTAT_GOV10A_TAXAG,2026-07-21,2026-09-03,current,,,,,85025.0,-0.0024,False,False,False,20260919T115610Z,"gov_10a_taxag D214A + D2122C (detail table; the parent comes from gov_10a_main, so any drift lands in the remainder, D-S1-002)"
DEU_R02_A_strict,DEU,ESA_REV,R02_A,2,Excise duties,2014,2014,CY,88686.0,EUR,2988470.0,EUROSTAT_NAMA10_GDP,2.967605,1350164.0,EUROSTAT_GOV10A_MAIN,6.568535,strict,anchor_actual,EUROSTAT_GOV10A_TAXAG,2014.0,88686.0,,,,,,,,A,,EUROSTAT_GOV10A_TAXAG,2026-07-21,2026-09-03,current,,,,,88682.0,-0.0045,False,False,False,20260919T115610Z,"gov_10a_taxag D214A + D2122C (detail table; the parent comes from gov_10a_main, so any drift lands in the remainder, D-S1-002)"
DEU_R02_A_strict,DEU,ESA_REV,R02_A,2,Excise duties,2015,2015,CY,88111.0,EUR,3094190.0,EUROSTAT_NAMA10_GDP,2.847627,1401532.0,EUROSTAT_GOV10A_MAIN,6.286763,strict,anchor_actual,EUROSTAT_GOV10A_TAXAG,2015.0,88111.0,,,,,,,,A,,EUROSTAT_GOV10A_TAXAG,2026-07-21,2026-09-03,current,,,,,88111.0,0.0,False,False,False,20260919T115610Z,"gov_10a_taxag D214A + D2122C (detail table; the parent comes from gov_10a_main, so any drift lands in the remainder, D-S1-002)"
DEU_R02_A_strict,DEU,ESA_REV,R02_A,2,Excise duties,2016,2016,CY,88899.0,EUR,3204870.0,EUROSTAT_NAMA10_GDP,2.773872,1465493.0,EUROSTAT_GOV10A_MAIN,6.06615,strict,anchor_actual,EUROSTAT_GOV10A_TAXAG,2016.0,88899.0,,,,,,,,A,,EUROSTAT_GOV10A_TAXAG,2026-07-21,2026-09-03,current,,,,,88897.0,-0.0022,False,False,False,20260919T115610Z,"gov_10a_taxag D214A + D2122C (detail table; the parent comes from gov_10a_main, so any drift lands in the remainder, D-S1-002)"
DEU_R02_A_strict,DEU,ESA_REV,R02_A,2,Excise duties,2017,2017,CY,92566.0,EUR,3345860.0,EUROSTAT_NAMA10_GDP,2.766583,1529123.0,EUROSTAT_GOV10A_MAIN,6.053535,strict,anchor_actual,EUROSTAT_GOV10A_TAXAG,2017.0,92566.0,,,,,,,,A,,EUROSTAT_GOV10A_TAXAG,2026-07-21,2026-09-03,current,,,,,92565.0,-0.0011,False,False,False,20260919T115610Z,"gov_10a_taxag D214A + D2122C (detail table; the parent comes from gov_10a_main, so any drift lands in the remainder, D-S1-002)"
DEU_R02_A_strict,DEU,ESA_REV,R02_A,2,Excise duties,2018,2018,CY,91333.0,EUR,3450580.0,EUROSTAT_NAMA10_GDP,2.646888,1597995.0,EUROSTAT_GOV10A_MAIN,5.715475,strict,anchor_actual,EUROSTAT_GOV10A_TAXAG,2018.0,91333.0,,,,,,,,A,,EUROSTAT_GOV10A_TAXAG,2026-07-21,2026-09-03,current,,,,,91332.0,-0.0011,False,False,False,20260919T115610Z,"gov_10a_taxag D214A + D2122C (detail table; the parent comes from gov_10a_main, so any drift lands in the remainder, D-S1-002)"
DEU_R02_A_strict,DEU,ESA_REV,R02_A,2,Excise duties,2019,2019,CY,90973.0,EUR,3557630.0,EUROSTAT_NAMA10_GDP,2.557124,1657564.0,EUROSTAT_GOV10A_MAIN,5.488355,strict,anchor_actual,EUROSTAT_GOV10A_TAXAG,2019.0,90973.0,,,,,,,,A,,EUROSTAT_GOV10A_TAXAG,2026-07-21,2026-09-03,current,,,,,90969.0,-0.0044,False,False,False,20260919T115610Z,"gov_10a_taxag D214A + D2122C (detail table; the parent comes from gov_10a_main, so any drift lands in the remainder, D-S1-002)"
DEU_R02_A_strict,DEU,ESA_REV,R02_A,2,Excise duties,2020,2020,CY,88503.0,EUR,3477670.0,EUROSTAT_NAMA10_GDP,2.544894,1612653.0,EUROSTAT_GOV10A_MAIN,5.488037,strict,anchor_actual,EUROSTAT_GOV10A_TAXAG,2020.0,88503.0,,,,,,,,A,,EUROSTAT_GOV10A_TAXAG,2026-07-21,2026-09-03,current,,,,,88504.0,0.0011,False,False,False,20260919T115610Z,"gov_10a_taxag D214A + D2122C (detail table; the parent comes from gov_10a_main, so any drift lands in the remainder, D-S1-002)"
DEU_R02_A_strict,DEU,ESA_REV,R02_A,2,Excise duties,2021,2021,CY,87907.0,EUR,3713090.0,EUROSTAT_NAMA10_GDP,2.367489,1749189.0,EUROSTAT_GOV10A_MAIN,5.025586,strict,anchor_actual,EUROSTAT_GOV10A_TAXAG,2021.0,87907.0,,,,,,,,A,,EUROSTAT_GOV10A_TAXAG,2026-07-21,2026-09-03,current,,,,,87903.0,-0.0046,False,False,False,20260919T115610Z,"gov_10a_taxag D214A + D2122C (detail table; the parent comes from gov_10a_main, so any drift lands in the remainder, D-S1-002)"
DEU_R02_A_strict,DEU,ESA_REV,R02_A,2,Excise duties,2022,2022,CY,67876.0,EUR,4010630.0,EUROSTAT_NAMA10_GDP,1.692402,1863070.0,EUROSTAT_GOV10A_MAIN,3.643234,strict,anchor_actual,EUROSTAT_GOV10A_TAXAG,2022.0,67876.0,,,,,,,,A,,EUROSTAT_GOV10A_TAXAG,2026-07-21,2026-09-03,current,,,,,67873.0,-0.0044,False,False,False,20260919T115610Z,"gov_10a_taxag D214A + D2122C (detail table; the parent comes from gov_10a_main, so any drift lands in the remainder, D-S1-002)"
DEU_R02_A_strict,DEU,ESA_REV,R02_A,2,Excise duties,2023,2023,CY,65653.0,EUR,4254930.0,EUROSTAT_NAMA10_GDP,1.542987,1926184.0,EUROSTAT_GOV10A_MAIN,3.408449,strict,anchor_actual,EUROSTAT_GOV10A_TAXAG,2023.0,65653.0,,,,,,,,A,,EUROSTAT_GOV10A_TAXAG,2026-07-21,2026-09-03,current,,,,,65651.0,-0.003,False,False,False,20260919T115610Z,"gov_10a_taxag D214A + D2122C (detail table; the parent comes from gov_10a_main, so any drift lands in the remainder, D-S1-002)"
DEU_R02_A_strict,DEU,ESA_REV,R02_A,2,Excise duties,2024,2024,CY,65076.0,EUR,4386940.0,EUROSTAT_NAMA10_GDP,1.483403,2024422.0,EUROSTAT_GOV10A_MAIN,3.214547,strict,anchor_actual,EUROSTAT_GOV10A_TAXAG,2024.0,65076.0,,,,,,,,A,,EUROSTAT_GOV10A_TAXAG,2026-07-21,2026-09-03,current,,,,,65066.0,-0.0154,False,False,False,20260919T115610Z,"gov_10a_taxag D214A + D2122C (detail table; the parent comes from gov_10a_main, so any drift lands in the remainder, D-S1-002)"
DEU_R02_X_strict,DEU,ESA_REV,R02_X,derived,Other taxes on production and imports excluding excise duties,1995,1995,CY,28404.0,EUR,1899930.0,EUROSTAT_NAMA10_GDP,1.495002,870238.0,EUROSTAT_GOV10A_MAIN,3.263935,strict,derived_actual,EUROSTAT_GOV10A_MAIN,1995.0,28404.0,,,,,,,,A,,EUROSTAT_GOV10A_MAIN,2026-07-21,2026-09-03,current,,,,,,,False,False,False,20260919T115610Z,derived R02 - R02_A; never forecast
DEU_R02_X_strict,DEU,ESA_REV,R02_X,derived,Other taxes on production and imports excluding excise duties,1996,1996,CY,26440.0,EUR,1928560.0,EUROSTAT_NAMA10_GDP,1.370971,885563.0,EUROSTAT_GOV10A_MAIN,2.985671,strict,derived_actual,EUROSTAT_GOV10A_MAIN,1996.0,26440.0,,,,,,,,A,,EUROSTAT_GOV10A_MAIN,2026-07-21,2026-09-03,current,,,,,,,False,False,False,20260919T115610Z,derived R02 - R02_A; never forecast
DEU_R02_X_strict,DEU,ESA_REV,R02_X,derived,Other taxes on production and imports excluding excise duties,1997,1997,CY,27871.0,EUR,1967180.0,EUROSTAT_NAMA10_GDP,1.4168,899509.0,EUROSTAT_GOV10A_MAIN,3.098468,strict,derived_actual,EUROSTAT_GOV10A_MAIN,1997.0,27871.0,,,,,,,,A,,EUROSTAT_GOV10A_MAIN,2026-07-21,2026-09-03,current,,,,,,,False,False,False,20260919T115610Z,derived R02 - R02_A; never forecast
DEU_R02_X_strict,DEU,ESA_REV,R02_X,derived,Other taxes on production and imports excluding excise duties,1998,1998,CY,29220.0,EUR,2022310.0,EUROSTAT_NAMA10_GDP,1.444882,923010.0,EUROSTAT_GOV10A_MAIN,3.16573,strict,derived_actual,EUROSTAT_GOV10A_MAIN,1998.0,29220.0,,,,,,,,A,,EUROSTAT_GOV10A_MAIN,2026-07-21,2026-09-03,current,,,,,,,False,False,False,20260919T115610Z,derived R02 - R02_A; never forecast
DEU_R02_X_strict,DEU,ESA_REV,R02_X,derived,Other taxes on production and imports excluding excise duties,1999,1999,CY,30598.0,EUR,2077240.0,EUROSTAT_NAMA10_GDP,1.473012,968416.0,EUROSTAT_GOV10A_MAIN,3.159593,strict,derived_actual,EUROSTAT_GOV10A_MAIN,1999.0,30598.0,,,,,,,,A,,EUROSTAT_GOV10A_MAIN,2026-07-21,2026-09-03,current,,,,,,,False,False,False,20260919T115610Z,derived R02 - R02_A; never forecast
DEU_R02_X_strict,DEU,ESA_REV,R02_X,derived,Other taxes on production and imports excluding excise duties,2000,2000,CY,29953.0,EUR,2129660.0,EUROSTAT_NAMA10_GDP,1.406469,986936.0,EUROSTAT_GOV10A_MAIN,3.034949,strict,derived_actual,EUROSTAT_GOV10A_MAIN,2000.0,29953.0,,,,,,,,A,,EUROSTAT_GOV10A_MAIN,2026-07-21,2026-09-03,current,,,,,,,False,False,False,20260919T115610Z,derived R02 - R02_A; never forecast
DEU_R02_X_strict,DEU,ESA_REV,R02_X,derived,Other taxes on production and imports excluding excise duties,2001,2001,CY,30353.0,EUR,2195530.0,EUROSTAT_NAMA10_GDP,1.382491,977627.0,EUROSTAT_GOV10A_MAIN,3.104763,strict,derived_actual,EUROSTAT_GOV10A_MAIN,2001.0,30353.0,,,,,,,,A,,EUROSTAT_GOV10A_MAIN,2026-07-21,2026-09-03,current,,,,,,,False,False,False,20260919T115610Z,derived R02 - R02_A; never forecast
DEU_R02_X_strict,DEU,ESA_REV,R02_X,derived,Other taxes on production and imports excluding excise duties,2002,2002,CY,31261.0,EUR,2223360.0,EUROSTAT_NAMA10_GDP,1.406025,981788.0,EUROSTAT_GOV10A_MAIN,3.184089,strict,derived_actual,EUROSTAT_GOV10A_MAIN,2002.0,31261.0,,,,,,,,A,,EUROSTAT_GOV10A_MAIN,2026-07-21,2026-09-03,current,,,,,,,False,False,False,20260919T115610Z,derived R02 - R02_A; never forecast
DEU_R02_X_strict,DEU,ESA_REV,R02_X,derived,Other taxes on production and imports excluding excise duties,2003,2003,CY,31582.0,EUR,2240810.0,EUROSTAT_NAMA10_GDP,1.409401,1001289.0,EUROSTAT_GOV10A_MAIN,3.154134,strict,derived_actual,EUROSTAT_GOV10A_MAIN,2003.0,31582.0,,,,,,,,A,,EUROSTAT_GOV10A_MAIN,2026-07-21,2026-09-03,current,,,,,,,False,False,False,20260919T115610Z,derived R02 - R02_A; never forecast
DEU_R02_X_strict,DEU,ESA_REV,R02_X,derived,Other taxes on production and imports excluding excise duties,2004,2004,CY,31700.0,EUR,2293040.0,EUROSTAT_NAMA10_GDP,1.382444,998635.0,EUROSTAT_GOV10A_MAIN,3.174333,strict,derived_actual,EUROSTAT_GOV10A_MAIN,2004.0,31700.0,,,,,,,,A,,EUROSTAT_GOV10A_MAIN,2026-07-21,2026-09-03,current,,,,,,,False,False,False,20260919T115610Z,derived R02 - R02_A; never forecast
DEU_R02_X_strict,DEU,ESA_REV,R02_X,derived,Other taxes on production and imports excluding excise duties,2005,2005,CY,32320.0,EUR,2325710.0,EUROSTAT_NAMA10_GDP,1.389683,1011597.0,EUROSTAT_GOV10A_MAIN,3.194948,strict,derived_actual,EUROSTAT_GOV10A_MAIN,2005.0,32320.0,,,,,,,,A,,EUROSTAT_GOV10A_MAIN,2026-07-21,2026-09-03,current,,,,,,,False,False,False,20260919T115610Z,derived R02 - R02_A; never forecast
DEU_R02_X_strict,DEU,ESA_REV,R02_X,derived,Other taxes on production and imports excluding excise duties,2006,2006,CY,33654.0,EUR,2426180.0,EUROSTAT_NAMA10_GDP,1.387119,1056690.0,EUROSTAT_GOV10A_MAIN,3.184851,strict,derived_actual,EUROSTAT_GOV10A_MAIN,2006.0,33654.0,,,,,,,,A,,EUROSTAT_GOV10A_MAIN,2026-07-21,2026-09-03,current,,,,,,,False,False,False,20260919T115610Z,derived R02 - R02_A; never forecast
DEU_R02_X_strict,DEU,ESA_REV,R02_X,derived,Other taxes on production and imports excluding excise duties,2007,2007,CY,36162.0,EUR,2542220.0,EUROSTAT_NAMA10_GDP,1.422458,1110816.0,EUROSTAT_GOV10A_MAIN,3.255445,strict,derived_actual,EUROSTAT_GOV10A_MAIN,2007.0,36162.0,,,,,,,,A,,EUROSTAT_GOV10A_MAIN,2026-07-21,2026-09-03,current,,,,,,,False,False,False,20260919T115610Z,derived R02 - R02_A; never forecast
DEU_R02_X_strict,DEU,ESA_REV,R02_X,derived,Other taxes on production and imports excluding excise duties,2008,2008,CY,34610.0,EUR,2589280.0,EUROSTAT_NAMA10_GDP,1.336665,1143471.0,EUROSTAT_GOV10A_MAIN,3.026749,strict,derived_actual,EUROSTAT_GOV10A_MAIN,2008.0,34610.0,,,,,,,,A,,EUROSTAT_GOV10A_MAIN,2026-07-21,2026-09-03,current,,,,,,,False,False,False,20260919T115610Z,derived R02 - R02_A; never forecast
DEU_R02_X_strict,DEU,ESA_REV,R02_X,derived,Other taxes on production and imports excluding excise duties,2009,2009,CY,34592.0,EUR,2493970.0,EUROSTAT_NAMA10_GDP,1.387026,1125612.0,EUROSTAT_GOV10A_MAIN,3.073173,strict,derived_actual,EUROSTAT_GOV10A_MAIN,2009.0,34592.0,,,,,,,,A,,EUROSTAT_GOV10A_MAIN,2026-07-21,2026-09-03,current,,,,,,,False,False,False,20260919T115610Z,derived R02 - R02_A; never forecast
DEU_R02_X_strict,DEU,ESA_REV,R02_X,derived,Other taxes on production and imports excluding excise duties,2010,2010,CY,34704.0,EUR,2615260.0,EUROSTAT_NAMA10_GDP,1.326981,1143087.0,EUROSTAT_GOV10A_MAIN,3.035989,strict,derived_actual,EUROSTAT_GOV10A_MAIN,2010.0,34704.0,,,,,,,,A,,EUROSTAT_GOV10A_MAIN,2026-07-21,2026-09-03,current,,,,,,,False,False,False,20260919T115610Z,derived R02 - R02_A; never forecast
DEU_R02_X_strict,DEU,ESA_REV,R02_X,derived,Other taxes on production and imports excluding excise duties,2011,2011,CY,39436.0,EUR,2747210.0,EUROSTAT_NAMA10_GDP,1.435493,1220989.0,EUROSTAT_GOV10A_MAIN,3.229841,strict,derived_actual,EUROSTAT_GOV10A_MAIN,2011.0,39436.0,,,,,,,,A,,EUROSTAT_GOV10A_MAIN,2026-07-21,2026-09-03,current,,,,,,,False,False,False,20260919T115610Z,derived R02 - R02_A; never forecast
DEU_R02_X_strict,DEU,ESA_REV,R02_X,derived,Other taxes on production and imports excluding excise duties,2012,2012,CY,42388.0,EUR,2800680.0,EUROSTAT_NAMA10_GDP,1.51349,1260986.0,EUROSTAT_GOV10A_MAIN,3.361496,strict,derived_actual,EUROSTAT_GOV10A_MAIN,2012.0,42388.0,,,,,,,,A,,EUROSTAT_GOV10A_MAIN,2026-07-21,2026-09-03,current,,,,,,,False,False,False,20260919T115610Z,derived R02 - R02_A; never forecast
DEU_R02_X_strict,DEU,ESA_REV,R02_X,derived,Other taxes on production and imports excluding excise duties,2013,2013,CY,43935.0,EUR,2869480.0,EUROSTAT_NAMA10_GDP,1.531114,1298112.0,EUROSTAT_GOV10A_MAIN,3.384531,strict,derived_actual,EUROSTAT_GOV10A_MAIN,2013.0,43935.0,,,,,,,,A,,EUROSTAT_GOV10A_MAIN,2026-07-21,2026-09-03,current,,,,,,,False,False,False,20260919T115610Z,derived R02 - R02_A; never forecast
DEU_R02_X_strict,DEU,ESA_REV,R02_X,derived,Other taxes on production and imports excluding excise duties,2014,2014,CY,46014.0,EUR,2988470.0,EUROSTAT_NAMA10_GDP,1.539718,1350164.0,EUROSTAT_GOV10A_MAIN,3.40803,strict,derived_actual,EUROSTAT_GOV10A_MAIN,2014.0,46014.0,,,,,,,,A,,EUROSTAT_GOV10A_MAIN,2026-07-21,2026-09-03,current,,,,,,,False,False,False,20260919T115610Z,derived R02 - R02_A; never forecast
DEU_R02_X_strict,DEU,ESA_REV,R02_X,derived,Other taxes on production and imports excluding excise duties,2015,2015,CY,50093.0,EUR,3094190.0,EUROSTAT_NAMA10_GDP,1.618937,1401532.0,EUROSTAT_GOV10A_MAIN,3.57416,strict,derived_actual,EUROSTAT_GOV10A_MAIN,2015.0,50093.0,,,,,,,,A,,EUROSTAT_GOV10A_MAIN,2026-07-21,2026-09-03,current,,,,,,,False,False,False,20260919T115610Z,derived R02 - R02_A; never forecast
DEU_R02_X_strict,DEU,ESA_REV,R02_X,derived,Other taxes on production and imports excluding excise duties,2016,2016,CY,51480.0,EUR,3204870.0,EUROSTAT_NAMA10_GDP,1.606305,1465493.0,EUROSTAT_GOV10A_MAIN,3.512811,strict,derived_actual,EUROSTAT_GOV10A_MAIN,2016.0,51480.0,,,,,,,,A,,EUROSTAT_GOV10A_MAIN,2026-07-21,2026-09-03,current,,,,,,,False,False,False,20260919T115610Z,derived R02 - R02_A; never forecast
DEU_R02_X_strict,DEU,ESA_REV,R02_X,derived,Other taxes on production and imports excluding excise duties,2017,2017,CY,52629.0,EUR,3345860.0,EUROSTAT_NAMA10_GDP,1.572959,1529123.0,EUROSTAT_GOV10A_MAIN,3.441777,strict,derived_actual,EUROSTAT_GOV10A_MAIN,2017.0,52629.0,,,,,,,,A,,EUROSTAT_GOV10A_MAIN,2026-07-21,2026-09-03,current,,,,,,,False,False,False,20260919T115610Z,derived R02 - R02_A; never forecast
DEU_R02_X_strict,DEU,ESA_REV,R02_X,derived,Other taxes on production and imports excluding excise duties,2018,2018,CY,54938.0,EUR,3450580.0,EUROSTAT_NAMA10_GDP,1.592138,1597995.0,EUROSTAT_GOV10A_MAIN,3.437933,strict,derived_actual,EUROSTAT_GOV10A_MAIN,2018.0,54938.0,,,,,,,,A,,EUROSTAT_GOV10A_MAIN,2026-07-21,2026-09-03,current,,,,,,,False,False,False,20260919T115610Z,derived R02 - R02_A; never forecast
DEU_R02_X_strict,DEU,ESA_REV,R02_X,derived,Other taxes on production and imports excluding excise duties,2019,2019,CY,59299.0,EUR,3557630.0,EUROSTAT_NAMA10_GDP,1.666812,1657564.0,EUROSTAT_GOV10A_MAIN,3.577479,strict,derived_actual,EUROSTAT_GOV10A_MAIN,2019.0,59299.0,,,,,,,,A,,EUROSTAT_GOV10A_MAIN,2026-07-21,2026-09-03,current,,,,,,,False,False,False,20260919T115610Z,derived R02 - R02_A; never forecast
DEU_R02_X_strict,DEU,ESA_REV,R02_X,derived,Other taxes on production and imports excluding excise duties,2020,2020,CY,61206.0,EUR,3477670.0,EUROSTAT_NAMA10_GDP,1.759971,1612653.0,EUROSTAT_GOV10A_MAIN,3.795361,strict,derived_actual,EUROSTAT_GOV10A_MAIN,2020.0,61206.0,,,,,,,,A,,EUROSTAT_GOV10A_MAIN,2026-07-21,2026-09-03,current,,,,,,,False,False,False,20260919T115610Z,derived R02 - R02_A; never forecast
DEU_R02_X_strict,DEU,ESA_REV,R02_X,derived,Other taxes on production and imports excluding excise duties,2021,2021,CY,62433.0,EUR,3713090.0,EUROSTAT_NAMA10_GDP,1.68143,1749189.0,EUROSTAT_GOV10A_MAIN,3.569254,strict,derived_actual,EUROSTAT_GOV10A_MAIN,2021.0,62433.0,,,,,,,,A,,EUROSTAT_GOV10A_MAIN,2026-07-21,2026-09-03,current,,,,,,,False,False,False,20260919T115610Z,derived R02 - R02_A; never forecast
DEU_R02_X_strict,DEU,ESA_REV,R02_X,derived,Other taxes on production and imports excluding excise duties,2022,2022,CY,74202.0,EUR,4010630.0,EUROSTAT_NAMA10_GDP,1.850133,1863070.0,EUROSTAT_GOV10A_MAIN,3.982781,strict,derived_actual,EUROSTAT_GOV10A_MAIN,2022.0,74202.0,,,,,,,,A,,EUROSTAT_GOV10A_MAIN,2026-07-21,2026-09-03,current,,,,,,,False,False,False,20260919T115610Z,derived R02 - R02_A; never forecast
DEU_R02_X_strict,DEU,ESA_REV,R02_X,derived,Other taxes on production and imports excluding excise duties,2023,2023,CY,71600.0,EUR,4254930.0,EUROSTAT_NAMA10_GDP,1.682754,1926184.0,EUROSTAT_GOV10A_MAIN,3.717194,strict,derived_actual,EUROSTAT_GOV10A_MAIN,2023.0,71600.0,,,,,,,,A,,EUROSTAT_GOV10A_MAIN,2026-07-21,2026-09-03,current,,,,,,,False,False,False,20260919T115610Z,derived R02 - R02_A; never forecast
DEU_R02_X_strict,DEU,ESA_REV,R02_X,derived,Other taxes on production and imports excluding excise duties,2024,2024,CY,79939.0,EUR,4386940.0,EUROSTAT_NAMA10_GDP,1.822204,2024422.0,EUROSTAT_GOV10A_MAIN,3.948732,strict,derived_actual,EUROSTAT_GOV10A_MAIN,2024.0,79939.0,,,,,,,,A,,EUROSTAT_GOV10A_MAIN,2026-07-21,2026-09-03,current,,,,,,,False,False,False,20260919T115610Z,derived R02 - R02_A; never forecast
DEU_R06_E_strict,DEU,ESA_REV,R06_E,2,Employers' actual social contributions,1995,1995,CY,137287.0,EUR,1899930.0,EUROSTAT_NAMA10_GDP,7.225898,870238.0,EUROSTAT_GOV10A_MAIN,15.775799,strict,anchor_actual,EUROSTAT_GOV10A_MAIN,1995.0,137287.0,,,,,,,,A,,EUROSTAT_GOV10A_MAIN,2026-07-21,2026-09-03,current,,,,,133120.465,-3.0349,False,False,False,20260919T115610Z,gov_10a_main D611REC
DEU_R06_E_strict,DEU,ESA_REV,R06_E,2,Employers' actual social contributions,1996,1996,CY,140739.0,EUR,1928560.0,EUROSTAT_NAMA10_GDP,7.297621,885563.0,EUROSTAT_GOV10A_MAIN,15.892602,strict,anchor_actual,EUROSTAT_GOV10A_MAIN,1996.0,140739.0,,,,,,,,A,,EUROSTAT_GOV10A_MAIN,2026-07-21,2026-09-03,current,,,,,135976.542,-3.3839,False,False,False,20260919T115610Z,gov_10a_main D611REC
DEU_R06_E_strict,DEU,ESA_REV,R06_E,2,Employers' actual social contributions,1997,1997,CY,144658.0,EUR,1967180.0,EUROSTAT_NAMA10_GDP,7.353572,899509.0,EUROSTAT_GOV10A_MAIN,16.081885,strict,anchor_actual,EUROSTAT_GOV10A_MAIN,1997.0,144658.0,,,,,,,,A,,EUROSTAT_GOV10A_MAIN,2026-07-21,2026-09-03,current,,,,,140093.464,-3.1554,False,False,False,20260919T115610Z,gov_10a_main D611REC
DEU_R06_E_strict,DEU,ESA_REV,R06_E,2,Employers' actual social contributions,1998,1998,CY,146302.0,EUR,2022310.0,EUROSTAT_NAMA10_GDP,7.2344,923010.0,EUROSTAT_GOV10A_MAIN,15.850532,strict,anchor_actual,EUROSTAT_GOV10A_MAIN,1998.0,146302.0,,,,,,,,A,,EUROSTAT_GOV10A_MAIN,2026-07-21,2026-09-03,current,,,,,142052.223,-2.9048,False,False,False,20260919T115610Z,gov_10a_main D611REC
DEU_R06_E_strict,DEU,ESA_REV,R06_E,2,Employers' actual social contributions,1999,1999,CY,149465.0,EUR,2077240.0,EUROSTAT_NAMA10_GDP,7.195365,968416.0,EUROSTAT_GOV10A_MAIN,15.433966,strict,anchor_actual,EUROSTAT_GOV10A_MAIN,1999.0,149465.0,,,,,,,,A,,EUROSTAT_GOV10A_MAIN,2026-07-21,2026-09-03,current,,,,,144399.053,-3.3894,False,False,False,20260919T115610Z,gov_10a_main D611REC
DEU_R06_E_strict,DEU,ESA_REV,R06_E,2,Employers' actual social contributions,2000,2000,CY,152049.0,EUR,2129660.0,EUROSTAT_NAMA10_GDP,7.13959,986936.0,EUROSTAT_GOV10A_MAIN,15.406166,strict,anchor_actual,EUROSTAT_GOV10A_MAIN,2000.0,152049.0,,,,,,,,A,,EUROSTAT_GOV10A_MAIN,2026-07-21,2026-09-03,current,,,,,147410.0,-3.051,False,False,False,20260919T115610Z,gov_10a_main D611REC
DEU_R06_E_strict,DEU,ESA_REV,R06_E,2,Employers' actual social contributions,2001,2001,CY,154589.0,EUR,2195530.0,EUROSTAT_NAMA10_GDP,7.041079,977627.0,EUROSTAT_GOV10A_MAIN,15.812677,strict,anchor_actual,EUROSTAT_GOV10A_MAIN,2001.0,154589.0,,,,,,,,A,,EUROSTAT_GOV10A_MAIN,2026-07-21,2026-09-03,current,,,,,149100.0,-3.5507,False,False,False,20260919T115610Z,gov_10a_main D611REC
DEU_R06_E_strict,DEU,ESA_REV,R06_E,2,Employers' actual social contributions,2002,2002,CY,154715.0,EUR,2223360.0,EUROSTAT_NAMA10_GDP,6.958612,981788.0,EUROSTAT_GOV10A_MAIN,15.758494,strict,anchor_actual,EUROSTAT_GOV10A_MAIN,2002.0,154715.0,,,,,,,,A,,EUROSTAT_GOV10A_MAIN,2026-07-21,2026-09-03,current,,,,,150221.0,-2.9047,False,False,False,20260919T115610Z,gov_10a_main D611REC
DEU_R06_E_strict,DEU,ESA_REV,R06_E,2,Employers' actual social contributions,2003,2003,CY,158446.0,EUR,2240810.0,EUROSTAT_NAMA10_GDP,7.070925,1001289.0,EUROSTAT_GOV10A_MAIN,15.824203,strict,anchor_actual,EUROSTAT_GOV10A_MAIN,2003.0,158446.0,,,,,,,,A,,EUROSTAT_GOV10A_MAIN,2026-07-21,2026-09-03,current,,,,,152680.0,-3.6391,False,False,False,20260919T115610Z,gov_10a_main D611REC
DEU_R06_E_strict,DEU,ESA_REV,R06_E,2,Employers' actual social contributions,2004,2004,CY,157031.0,EUR,2293040.0,EUROSTAT_NAMA10_GDP,6.848158,998635.0,EUROSTAT_GOV10A_MAIN,15.724564,strict,anchor_actual,EUROSTAT_GOV10A_MAIN,2004.0,157031.0,,,,,,,,A,,EUROSTAT_GOV10A_MAIN,2026-07-21,2026-09-03,current,,,,,151436.0,-3.563,False,False,False,20260919T115610Z,gov_10a_main D611REC
DEU_R06_E_strict,DEU,ESA_REV,R06_E,2,Employers' actual social contributions,2005,2005,CY,153757.0,EUR,2325710.0,EUROSTAT_NAMA10_GDP,6.611185,1011597.0,EUROSTAT_GOV10A_MAIN,15.199432,strict,anchor_actual,EUROSTAT_GOV10A_MAIN,2005.0,153757.0,,,,,,,,A,,EUROSTAT_GOV10A_MAIN,2026-07-21,2026-09-03,current,,,,,148507.0,-3.4145,False,False,False,20260919T115610Z,gov_10a_main D611REC
DEU_R06_E_strict,DEU,ESA_REV,R06_E,2,Employers' actual social contributions,2006,2006,CY,154991.0,EUR,2426180.0,EUROSTAT_NAMA10_GDP,6.388273,1056690.0,EUROSTAT_GOV10A_MAIN,14.667594,strict,anchor_actual,EUROSTAT_GOV10A_MAIN,2006.0,154991.0,,,,,,,,A,,EUROSTAT_GOV10A_MAIN,2026-07-21,2026-09-03,current,,,,,149879.0,-3.2983,False,False,False,20260919T115610Z,gov_10a_main D611REC
DEU_R06_E_strict,DEU,ESA_REV,R06_E,2,Employers' actual social contributions,2007,2007,CY,156684.0,EUR,2542220.0,EUROSTAT_NAMA10_GDP,6.163275,1110816.0,EUROSTAT_GOV10A_MAIN,14.105306,strict,anchor_actual,EUROSTAT_GOV10A_MAIN,2007.0,156684.0,,,,,,,,A,,EUROSTAT_GOV10A_MAIN,2026-07-21,2026-09-03,current,,,,,151094.0,-3.5677,False,False,False,20260919T115610Z,gov_10a_main D611REC
DEU_R06_E_strict,DEU,ESA_REV,R06_E,2,Employers' actual social contributions,2008,2008,CY,160170.0,EUR,2589280.0,EUROSTAT_NAMA10_GDP,6.18589,1143471.0,EUROSTAT_GOV10A_MAIN,14.007351,strict,anchor_actual,EUROSTAT_GOV10A_MAIN,2008.0,160170.0,,,,,,,,A,,EUROSTAT_GOV10A_MAIN,2026-07-21,2026-09-03,current,,,,,154647.0,-3.4482,False,False,False,20260919T115610Z,gov_10a_main D611REC
DEU_R06_E_strict,DEU,ESA_REV,R06_E,2,Employers' actual social contributions,2009,2009,CY,160129.0,EUR,2493970.0,EUROSTAT_NAMA10_GDP,6.420647,1125612.0,EUROSTAT_GOV10A_MAIN,14.22595,strict,anchor_actual,EUROSTAT_GOV10A_MAIN,2009.0,160129.0,,,,,,,,A,,EUROSTAT_GOV10A_MAIN,2026-07-21,2026-09-03,current,,,,,160129.0,0.0,False,False,False,20260919T115610Z,gov_10a_main D611REC
DEU_R06_E_strict,DEU,ESA_REV,R06_E,2,Employers' actual social contributions,2010,2010,CY,165469.0,EUR,2615260.0,EUROSTAT_NAMA10_GDP,6.327057,1143087.0,EUROSTAT_GOV10A_MAIN,14.475626,strict,anchor_actual,EUROSTAT_GOV10A_MAIN,2010.0,165469.0,,,,,,,,A,,EUROSTAT_GOV10A_MAIN,2026-07-21,2026-09-03,current,,,,,165469.0,0.0,False,False,False,20260919T115610Z,gov_10a_main D611REC
DEU_R06_E_strict,DEU,ESA_REV,R06_E,2,Employers' actual social contributions,2011,2011,CY,171557.0,EUR,2747210.0,EUROSTAT_NAMA10_GDP,6.244772,1220989.0,EUROSTAT_GOV10A_MAIN,14.050659,strict,anchor_actual,EUROSTAT_GOV10A_MAIN,2011.0,171557.0,,,,,,,,A,,EUROSTAT_GOV10A_MAIN,2026-07-21,2026-09-03,current,,,,,171557.0,0.0,False,False,False,20260919T115610Z,gov_10a_main D611REC
DEU_R06_E_strict,DEU,ESA_REV,R06_E,2,Employers' actual social contributions,2012,2012,CY,177271.0,EUR,2800680.0,EUROSTAT_NAMA10_GDP,6.32957,1260986.0,EUROSTAT_GOV10A_MAIN,14.058126,strict,anchor_actual,EUROSTAT_GOV10A_MAIN,2012.0,177271.0,,,,,,,,A,,EUROSTAT_GOV10A_MAIN,2026-07-21,2026-09-03,current,,,,,177271.0,0.0,False,False,False,20260919T115610Z,gov_10a_main D611REC
DEU_R06_E_strict,DEU,ESA_REV,R06_E,2,Employers' actual social contributions,2013,2013,CY,181765.0,EUR,2869480.0,EUROSTAT_NAMA10_GDP,6.334423,1298112.0,EUROSTAT_GOV10A_MAIN,14.002259,strict,anchor_actual,EUROSTAT_GOV10A_MAIN,2013.0,181765.0,,,,,,,,A,,EUROSTAT_GOV10A_MAIN,2026-07-21,2026-09-03,current,,,,,181765.0,0.0,False,False,False,20260919T115610Z,gov_10a_main D611REC
DEU_R06_E_strict,DEU,ESA_REV,R06_E,2,Employers' actual social contributions,2014,2014,CY,188861.0,EUR,2988470.0,EUROSTAT_NAMA10_GDP,6.319655,1350164.0,EUROSTAT_GOV10A_MAIN,13.988004,strict,anchor_actual,EUROSTAT_GOV10A_MAIN,2014.0,188861.0,,,,,,,,A,,EUROSTAT_GOV10A_MAIN,2026-07-21,2026-09-03,current,,,,,188861.0,0.0,False,False,False,20260919T115610Z,gov_10a_main D611REC
DEU_R06_E_strict,DEU,ESA_REV,R06_E,2,Employers' actual social contributions,2015,2015,CY,196665.0,EUR,3094190.0,EUROSTAT_NAMA10_GDP,6.355945,1401532.0,EUROSTAT_GOV10A_MAIN,14.032145,strict,anchor_actual,EUROSTAT_GOV10A_MAIN,2015.0,196665.0,,,,,,,,A,,EUROSTAT_GOV10A_MAIN,2026-07-21,2026-09-03,current,,,,,196665.0,0.0,False,False,False,20260919T115610Z,gov_10a_main D611REC
DEU_R06_E_strict,DEU,ESA_REV,R06_E,2,Employers' actual social contributions,2016,2016,CY,204558.0,EUR,3204870.0,EUROSTAT_NAMA10_GDP,6.382724,1465493.0,EUROSTAT_GOV10A_MAIN,13.958306,strict,anchor_actual,EUROSTAT_GOV10A_MAIN,2016.0,204558.0,,,,,,,,A,,EUROSTAT_GOV10A_MAIN,2026-07-21,2026-09-03,current,,,,,204558.0,0.0,False,False,False,20260919T115610Z,gov_10a_main D611REC
DEU_R06_E_strict,DEU,ESA_REV,R06_E,2,Employers' actual social contributions,2017,2017,CY,214095.0,EUR,3345860.0,EUROSTAT_NAMA10_GDP,6.398803,1529123.0,EUROSTAT_GOV10A_MAIN,14.001163,strict,anchor_actual,EUROSTAT_GOV10A_MAIN,2017.0,214095.0,,,,,,,,A,,EUROSTAT_GOV10A_MAIN,2026-07-21,2026-09-03,current,,,,,214095.0,0.0,False,False,False,20260919T115610Z,gov_10a_main D611REC
DEU_R06_E_strict,DEU,ESA_REV,R06_E,2,Employers' actual social contributions,2018,2018,CY,223521.0,EUR,3450580.0,EUROSTAT_NAMA10_GDP,6.477781,1597995.0,EUROSTAT_GOV10A_MAIN,13.987591,strict,anchor_actual,EUROSTAT_GOV10A_MAIN,2018.0,223521.0,,,,,,,,A,,EUROSTAT_GOV10A_MAIN,2026-07-21,2026-09-03,current,,,,,223521.0,0.0,False,False,False,20260919T115610Z,gov_10a_main D611REC
DEU_R06_E_strict,DEU,ESA_REV,R06_E,2,Employers' actual social contributions,2019,2019,CY,238336.0,EUR,3557630.0,EUROSTAT_NAMA10_GDP,6.699291,1657564.0,EUROSTAT_GOV10A_MAIN,14.378691,strict,anchor_actual,EUROSTAT_GOV10A_MAIN,2019.0,238336.0,,,,,,,,A,,EUROSTAT_GOV10A_MAIN,2026-07-21,2026-09-03,current,,,,,238336.0,0.0,False,False,False,20260919T115610Z,gov_10a_main D611REC
DEU_R06_E_strict,DEU,ESA_REV,R06_E,2,Employers' actual social contributions,2020,2020,CY,244759.0,EUR,3477670.0,EUROSTAT_NAMA10_GDP,7.038017,1612653.0,EUROSTAT_GOV10A_MAIN,15.177413,strict,anchor_actual,EUROSTAT_GOV10A_MAIN,2020.0,244759.0,,,,,,,,A,,EUROSTAT_GOV10A_MAIN,2026-07-21,2026-09-03,current,,,,,244759.0,0.0,False,False,False,20260919T115610Z,gov_10a_main D611REC
DEU_R06_E_strict,DEU,ESA_REV,R06_E,2,Employers' actual social contributions,2021,2021,CY,253479.0,EUR,3713090.0,EUROSTAT_NAMA10_GDP,6.826632,1749189.0,EUROSTAT_GOV10A_MAIN,14.49123,strict,anchor_actual,EUROSTAT_GOV10A_MAIN,2021.0,253479.0,,,,,,,,A,,EUROSTAT_GOV10A_MAIN,2026-07-21,2026-09-03,current,,,,,253479.0,0.0,False,False,False,20260919T115610Z,gov_10a_main D611REC
DEU_R06_E_strict,DEU,ESA_REV,R06_E,2,Employers' actual social contributions,2022,2022,CY,266761.0,EUR,4010630.0,EUROSTAT_NAMA10_GDP,6.651349,1863070.0,EUROSTAT_GOV10A_MAIN,14.318356,strict,anchor_actual,EUROSTAT_GOV10A_MAIN,2022.0,266761.0,,,,,,,,A,,EUROSTAT_GOV10A_MAIN,2026-07-21,2026-09-03,current,,,,,266761.0,0.0,False,False,False,20260919T115610Z,gov_10a_main D611REC
DEU_R06_E_strict,DEU,ESA_REV,R06_E,2,Employers' actual social contributions,2023,2023,CY,284263.0,EUR,4254930.0,EUROSTAT_NAMA10_GDP,6.680791,1926184.0,EUROSTAT_GOV10A_MAIN,14.757832,strict,anchor_actual,EUROSTAT_GOV10A_MAIN,2023.0,284263.0,,,,,,,,A,,EUROSTAT_GOV10A_MAIN,2026-07-21,2026-09-03,current,,,,,284263.0,0.0,False,False,False,20260919T115610Z,gov_10a_main D611REC
DEU_R06_E_strict,DEU,ESA_REV,R06_E,2,Employers' actual social contributions,2024,2024,CY,302299.0,EUR,4386940.0,EUROSTAT_NAMA10_GDP,6.890885,2024422.0,EUROSTAT_GOV10A_MAIN,14.932608,strict,anchor_actual,EUROSTAT_GOV10A_MAIN,2024.0,302299.0,,,,,,,,A,,EUROSTAT_GOV10A_MAIN,2026-07-21,2026-09-03,current,,,,,302299.0,0.0,False,False,False,20260919T115610Z,gov_10a_main D611REC
DEU_R06_E_strict,DEU,ESA_REV,R06_E,2,Employers' actual social contributions,2025,2025,CY,327752.0,EUR,4529710.0,EUROSTAT_NAMA10_GDP,7.235607,2140194.0,EUROSTAT_GOV10A_MAIN,15.314126,strict,anchor_actual,EUROSTAT_GOV10A_MAIN,2025.0,327752.0,,,,,,,,A,,EUROSTAT_GOV10A_MAIN,2026-07-21,2026-09-03,current,,,,,,,False,False,False,20260919T115610Z,gov_10a_main D611REC
DEU_R06_H_strict,DEU,ESA_REV,R06_H,2,Households' actual social contributions,1995,1995,CY,183076.0,EUR,1899930.0,EUROSTAT_NAMA10_GDP,9.635934,870238.0,EUROSTAT_GOV10A_MAIN,21.037463,strict,anchor_actual,EUROSTAT_GOV10A_MAIN,1995.0,183076.0,,,,,,,,A,,EUROSTAT_GOV10A_MAIN,2026-07-21,2026-09-03,current,,,,,117915.66799999999,-35.592,False,False,False,20260919T115610Z,gov_10a_main D613REC
DEU_R06_H_strict,DEU,ESA_REV,R06_H,2,Households' actual social contributions,1996,1996,CY,194947.0,EUR,1928560.0,EUROSTAT_NAMA10_GDP,10.108423,885563.0,EUROSTAT_GOV10A_MAIN,22.013905,strict,anchor_actual,EUROSTAT_GOV10A_MAIN,1996.0,194947.0,,,,,,,,A,,EUROSTAT_GOV10A_MAIN,2026-07-21,2026-09-03,current,,,,,121323.939,-37.7657,False,False,False,20260919T115610Z,gov_10a_main D613REC
DEU_R06_H_strict,DEU,ESA_REV,R06_H,2,Households' actual social contributions,1997,1997,CY,202480.0,EUR,1967180.0,EUROSTAT_NAMA10_GDP,10.292907,899509.0,EUROSTAT_GOV10A_MAIN,22.510058,strict,anchor_actual,EUROSTAT_GOV10A_MAIN,1997.0,202480.0,,,,,,,,A,,EUROSTAT_GOV10A_MAIN,2026-07-21,2026-09-03,current,,,,,126504.86,-37.5223,False,False,False,20260919T115610Z,gov_10a_main D613REC
DEU_R06_H_strict,DEU,ESA_REV,R06_H,2,Households' actual social contributions,1998,1998,CY,203779.0,EUR,2022310.0,EUROSTAT_NAMA10_GDP,10.076546,923010.0,EUROSTAT_GOV10A_MAIN,22.077659,strict,anchor_actual,EUROSTAT_GOV10A_MAIN,1998.0,203779.0,,,,,,,,A,,EUROSTAT_GOV10A_MAIN,2026-07-21,2026-09-03,current,,,,,128293.35900000001,-37.0429,False,False,False,20260919T115610Z,gov_10a_main D613REC
DEU_R06_H_strict,DEU,ESA_REV,R06_H,2,Households' actual social contributions,1999,1999,CY,204726.0,EUR,2077240.0,EUROSTAT_NAMA10_GDP,9.855674,968416.0,EUROSTAT_GOV10A_MAIN,21.140295,strict,anchor_actual,EUROSTAT_GOV10A_MAIN,1999.0,204726.0,,,,,,,,A,,EUROSTAT_GOV10A_MAIN,2026-07-21,2026-09-03,current,,,,,128942.7,-37.0169,False,False,False,20260919T115610Z,gov_10a_main D613REC
DEU_R06_H_strict,DEU,ESA_REV,R06_H,2,Households' actual social contributions,2000,2000,CY,204940.0,EUR,2129660.0,EUROSTAT_NAMA10_GDP,9.623132,986936.0,EUROSTAT_GOV10A_MAIN,20.765278,strict,anchor_actual,EUROSTAT_GOV10A_MAIN,2000.0,204940.0,,,,,,,,A,,EUROSTAT_GOV10A_MAIN,2026-07-21,2026-09-03,current,,,,,131610.0,-35.7812,False,False,False,20260919T115610Z,gov_10a_main D613REC
DEU_R06_H_strict,DEU,ESA_REV,R06_H,2,Households' actual social contributions,2001,2001,CY,207294.0,EUR,2195530.0,EUROSTAT_NAMA10_GDP,9.441638,977627.0,EUROSTAT_GOV10A_MAIN,21.203792,strict,anchor_actual,EUROSTAT_GOV10A_MAIN,2001.0,207294.0,,,,,,,,A,,EUROSTAT_GOV10A_MAIN,2026-07-21,2026-09-03,current,,,,,133540.0,-35.5794,False,False,False,20260919T115610Z,gov_10a_main D613REC
DEU_R06_H_strict,DEU,ESA_REV,R06_H,2,Households' actual social contributions,2002,2002,CY,212300.0,EUR,2223360.0,EUROSTAT_NAMA10_GDP,9.548611,981788.0,EUROSTAT_GOV10A_MAIN,21.623813,strict,anchor_actual,EUROSTAT_GOV10A_MAIN,2002.0,212300.0,,,,,,,,A,,EUROSTAT_GOV10A_MAIN,2026-07-21,2026-09-03,current,,,,,133939.0,-36.9105,False,False,False,20260919T115610Z,gov_10a_main D613REC
DEU_R06_H_strict,DEU,ESA_REV,R06_H,2,Households' actual social contributions,2003,2003,CY,215532.0,EUR,2240810.0,EUROSTAT_NAMA10_GDP,9.618486,1001289.0,EUROSTAT_GOV10A_MAIN,21.525454,strict,anchor_actual,EUROSTAT_GOV10A_MAIN,2003.0,215532.0,,,,,,,,A,,EUROSTAT_GOV10A_MAIN,2026-07-21,2026-09-03,current,,,,,136040.0,-36.8818,False,False,False,20260919T115610Z,gov_10a_main D613REC
DEU_R06_H_strict,DEU,ESA_REV,R06_H,2,Households' actual social contributions,2004,2004,CY,216667.0,EUR,2293040.0,EUROSTAT_NAMA10_GDP,9.448898,998635.0,EUROSTAT_GOV10A_MAIN,21.696315,strict,anchor_actual,EUROSTAT_GOV10A_MAIN,2004.0,216667.0,,,,,,,,A,,EUROSTAT_GOV10A_MAIN,2026-07-21,2026-09-03,current,,,,,134562.0,-37.8946,False,False,False,20260919T115610Z,gov_10a_main D613REC
DEU_R06_H_strict,DEU,ESA_REV,R06_H,2,Households' actual social contributions,2005,2005,CY,219132.0,EUR,2325710.0,EUROSTAT_NAMA10_GDP,9.422155,1011597.0,EUROSTAT_GOV10A_MAIN,21.661986,strict,anchor_actual,EUROSTAT_GOV10A_MAIN,2005.0,219132.0,,,,,,,,A,,EUROSTAT_GOV10A_MAIN,2026-07-21,2026-09-03,current,,,,,134939.0,-38.4211,False,False,False,20260919T115610Z,gov_10a_main D613REC
DEU_R06_H_strict,DEU,ESA_REV,R06_H,2,Households' actual social contributions,2006,2006,CY,221516.0,EUR,2426180.0,EUROSTAT_NAMA10_GDP,9.130238,1056690.0,EUROSTAT_GOV10A_MAIN,20.963196,strict,anchor_actual,EUROSTAT_GOV10A_MAIN,2006.0,221516.0,,,,,,,,A,,EUROSTAT_GOV10A_MAIN,2026-07-21,2026-09-03,current,,,,,138258.0,-37.5855,False,False,False,20260919T115610Z,gov_10a_main D613REC
DEU_R06_H_strict,DEU,ESA_REV,R06_H,2,Households' actual social contributions,2007,2007,CY,218440.0,EUR,2542220.0,EUROSTAT_NAMA10_GDP,8.59249,1110816.0,EUROSTAT_GOV10A_MAIN,19.664823,strict,anchor_actual,EUROSTAT_GOV10A_MAIN,2007.0,218440.0,,,,,,,,A,,EUROSTAT_GOV10A_MAIN,2026-07-21,2026-09-03,current,,,,,139927.0,-35.9426,False,False,False,20260919T115610Z,gov_10a_main D613REC
DEU_R06_H_strict,DEU,ESA_REV,R06_H,2,Households' actual social contributions,2008,2008,CY,222104.0,EUR,2589280.0,EUROSTAT_NAMA10_GDP,8.577829,1143471.0,EUROSTAT_GOV10A_MAIN,19.423667,strict,anchor_actual,EUROSTAT_GOV10A_MAIN,2008.0,222104.0,,,,,,,,A,,EUROSTAT_GOV10A_MAIN,2026-07-21,2026-09-03,current,,,,,142938.0,-35.6437,False,False,False,20260919T115610Z,gov_10a_main D613REC
DEU_R06_H_strict,DEU,ESA_REV,R06_H,2,Households' actual social contributions,2009,2009,CY,223930.0,EUR,2493970.0,EUROSTAT_NAMA10_GDP,8.978857,1125612.0,EUROSTAT_GOV10A_MAIN,19.894067,strict,anchor_actual,EUROSTAT_GOV10A_MAIN,2009.0,223930.0,,,,,,,,A,,EUROSTAT_GOV10A_MAIN,2026-07-21,2026-09-03,current,,,,,148636.0,-33.6239,False,False,False,20260919T115610Z,gov_10a_main D613REC
DEU_R06_H_strict,DEU,ESA_REV,R06_H,2,Households' actual social contributions,2010,2010,CY,228316.0,EUR,2615260.0,EUROSTAT_NAMA10_GDP,8.730145,1143087.0,EUROSTAT_GOV10A_MAIN,19.973633,strict,anchor_actual,EUROSTAT_GOV10A_MAIN,2010.0,228316.0,,,,,,,,A,,EUROSTAT_GOV10A_MAIN,2026-07-21,2026-09-03,current,,,,,152843.0,-33.0564,False,False,False,20260919T115610Z,gov_10a_main D613REC
DEU_R06_H_strict,DEU,ESA_REV,R06_H,2,Households' actual social contributions,2011,2011,CY,238089.0,EUR,2747210.0,EUROSTAT_NAMA10_GDP,8.666574,1220989.0,EUROSTAT_GOV10A_MAIN,19.499684,strict,anchor_actual,EUROSTAT_GOV10A_MAIN,2011.0,238089.0,,,,,,,,A,,EUROSTAT_GOV10A_MAIN,2026-07-21,2026-09-03,current,,,,,162360.0,-31.807,False,False,False,20260919T115610Z,gov_10a_main D613REC
DEU_R06_H_strict,DEU,ESA_REV,R06_H,2,Households' actual social contributions,2012,2012,CY,244382.0,EUR,2800680.0,EUROSTAT_NAMA10_GDP,8.725809,1260986.0,EUROSTAT_GOV10A_MAIN,19.380231,strict,anchor_actual,EUROSTAT_GOV10A_MAIN,2012.0,244382.0,,,,,,,,A,,EUROSTAT_GOV10A_MAIN,2026-07-21,2026-09-03,current,,,,,167683.0,-31.3849,False,False,False,20260919T115610Z,gov_10a_main D613REC
DEU_R06_H_strict,DEU,ESA_REV,R06_H,2,Households' actual social contributions,2013,2013,CY,250095.0,EUR,2869480.0,EUROSTAT_NAMA10_GDP,8.715691,1298112.0,EUROSTAT_GOV10A_MAIN,19.266057,strict,anchor_actual,EUROSTAT_GOV10A_MAIN,2013.0,250095.0,,,,,,,,A,,EUROSTAT_GOV10A_MAIN,2026-07-21,2026-09-03,current,,,,,171664.0,-31.3605,False,False,False,20260919T115610Z,gov_10a_main D613REC
DEU_R06_H_strict,DEU,ESA_REV,R06_H,2,Households' actual social contributions,2014,2014,CY,259375.0,EUR,2988470.0,EUROSTAT_NAMA10_GDP,8.67919,1350164.0,EUROSTAT_GOV10A_MAIN,19.210629,strict,anchor_actual,EUROSTAT_GOV10A_MAIN,2014.0,259375.0,,,,,,,,A,,EUROSTAT_GOV10A_MAIN,2026-07-21,2026-09-03,current,,,,,178939.0,-31.0115,False,False,False,20260919T115610Z,gov_10a_main D613REC
DEU_R06_H_strict,DEU,ESA_REV,R06_H,2,Households' actual social contributions,2015,2015,CY,269959.0,EUR,3094190.0,EUROSTAT_NAMA10_GDP,8.724707,1401532.0,EUROSTAT_GOV10A_MAIN,19.261708,strict,anchor_actual,EUROSTAT_GOV10A_MAIN,2015.0,269959.0,,,,,,,,A,,EUROSTAT_GOV10A_MAIN,2026-07-21,2026-09-03,current,,,,,186307.0,-30.9869,False,False,False,20260919T115610Z,gov_10a_main D613REC
DEU_R06_H_strict,DEU,ESA_REV,R06_H,2,Households' actual social contributions,2016,2016,CY,283653.0,EUR,3204870.0,EUROSTAT_NAMA10_GDP,8.850687,1465493.0,EUROSTAT_GOV10A_MAIN,19.355466,strict,anchor_actual,EUROSTAT_GOV10A_MAIN,2016.0,283653.0,,,,,,,,A,,EUROSTAT_GOV10A_MAIN,2026-07-21,2026-09-03,current,,,,,196624.0,-30.6815,False,False,False,20260919T115610Z,gov_10a_main D613REC
DEU_R06_H_strict,DEU,ESA_REV,R06_H,2,Households' actual social contributions,2017,2017,CY,298332.0,EUR,3345860.0,EUROSTAT_NAMA10_GDP,8.916452,1529123.0,EUROSTAT_GOV10A_MAIN,19.510007,strict,anchor_actual,EUROSTAT_GOV10A_MAIN,2017.0,298332.0,,,,,,,,A,,EUROSTAT_GOV10A_MAIN,2026-07-21,2026-09-03,current,,,,,206829.0,-30.6715,False,False,False,20260919T115610Z,gov_10a_main D613REC
DEU_R06_H_strict,DEU,ESA_REV,R06_H,2,Households' actual social contributions,2018,2018,CY,310885.0,EUR,3450580.0,EUROSTAT_NAMA10_GDP,9.009645,1597995.0,EUROSTAT_GOV10A_MAIN,19.454692,strict,anchor_actual,EUROSTAT_GOV10A_MAIN,2018.0,310885.0,,,,,,,,A,,EUROSTAT_GOV10A_MAIN,2026-07-21,2026-09-03,current,,,,,216775.0,-30.2716,False,False,False,20260919T115610Z,gov_10a_main D613REC
DEU_R06_H_strict,DEU,ESA_REV,R06_H,2,Households' actual social contributions,2019,2019,CY,319830.0,EUR,3557630.0,EUROSTAT_NAMA10_GDP,8.989974,1657564.0,EUROSTAT_GOV10A_MAIN,19.295183,strict,anchor_actual,EUROSTAT_GOV10A_MAIN,2019.0,319830.0,,,,,,,,A,,EUROSTAT_GOV10A_MAIN,2026-07-21,2026-09-03,current,,,,,220226.0,-31.1428,False,False,False,20260919T115610Z,gov_10a_main D613REC
DEU_R06_H_strict,DEU,ESA_REV,R06_H,2,Households' actual social contributions,2020,2020,CY,321954.0,EUR,3477670.0,EUROSTAT_NAMA10_GDP,9.25775,1612653.0,EUROSTAT_GOV10A_MAIN,19.964245,strict,anchor_actual,EUROSTAT_GOV10A_MAIN,2020.0,321954.0,,,,,,,,A,,EUROSTAT_GOV10A_MAIN,2026-07-21,2026-09-03,current,,,,,217264.0,-32.5171,False,False,False,20260919T115610Z,gov_10a_main D613REC
DEU_R06_H_strict,DEU,ESA_REV,R06_H,2,Households' actual social contributions,2021,2021,CY,336341.0,EUR,3713090.0,EUROSTAT_NAMA10_GDP,9.058251,1749189.0,EUROSTAT_GOV10A_MAIN,19.228397,strict,anchor_actual,EUROSTAT_GOV10A_MAIN,2021.0,336341.0,,,,,,,,A,,EUROSTAT_GOV10A_MAIN,2026-07-21,2026-09-03,current,,,,,229146.0,-31.8709,False,False,False,20260919T115610Z,gov_10a_main D613REC
DEU_R06_H_strict,DEU,ESA_REV,R06_H,2,Households' actual social contributions,2022,2022,CY,356407.0,EUR,4010630.0,EUROSTAT_NAMA10_GDP,8.886559,1863070.0,EUROSTAT_GOV10A_MAIN,19.130092,strict,anchor_actual,EUROSTAT_GOV10A_MAIN,2022.0,356407.0,,,,,,,,A,,EUROSTAT_GOV10A_MAIN,2026-07-21,2026-09-03,current,,,,,246434.0,-30.856,False,False,False,20260919T115610Z,gov_10a_main D613REC
DEU_R06_H_strict,DEU,ESA_REV,R06_H,2,Households' actual social contributions,2023,2023,CY,380259.0,EUR,4254930.0,EUROSTAT_NAMA10_GDP,8.936904,1926184.0,EUROSTAT_GOV10A_MAIN,19.741572,strict,anchor_actual,EUROSTAT_GOV10A_MAIN,2023.0,380259.0,,,,,,,,A,,EUROSTAT_GOV10A_MAIN,2026-07-21,2026-09-03,current,,,,,262722.0,-30.9097,False,False,False,20260919T115610Z,gov_10a_main D613REC
DEU_R06_H_strict,DEU,ESA_REV,R06_H,2,Households' actual social contributions,2024,2024,CY,406110.0,EUR,4386940.0,EUROSTAT_NAMA10_GDP,9.25725,2024422.0,EUROSTAT_GOV10A_MAIN,20.060541,strict,anchor_actual,EUROSTAT_GOV10A_MAIN,2024.0,406110.0,,,,,,,,A,,EUROSTAT_GOV10A_MAIN,2026-07-21,2026-09-03,current,,,,,280081.0,-31.0332,False,False,False,20260919T115610Z,gov_10a_main D613REC
DEU_R06_H_strict,DEU,ESA_REV,R06_H,2,Households' actual social contributions,2025,2025,CY,443829.0,EUR,4529710.0,EUROSTAT_NAMA10_GDP,9.798177,2140194.0,EUROSTAT_GOV10A_MAIN,20.737793,strict,anchor_actual,EUROSTAT_GOV10A_MAIN,2025.0,443829.0,,,,,,,,A,,EUROSTAT_GOV10A_MAIN,2026-07-21,2026-09-03,current,,,,,,,False,False,False,20260919T115610Z,gov_10a_main D613REC
DEU_R06_X_strict,DEU,ESA_REV,R06_X,derived,Imputed and supplementary social contributions (D.612 + D.614 - D.61SC),1995,1995,CY,23809.0,EUR,1899930.0,EUROSTAT_NAMA10_GDP,1.253151,870238.0,EUROSTAT_GOV10A_MAIN,2.735918,strict,derived_actual,EUROSTAT_GOV10A_MAIN,1995.0,23809.0,,,,,,,,A,,EUROSTAT_GOV10A_MAIN,2026-07-21,2026-09-03,current,,,,,,,False,False,False,20260919T115610Z,derived R06 - R06_E - R06_H; never forecast
DEU_R06_X_strict,DEU,ESA_REV,R06_X,derived,Imputed and supplementary social contributions (D.612 + D.614 - D.61SC),1996,1996,CY,24764.0,EUR,1928560.0,EUROSTAT_NAMA10_GDP,1.284067,885563.0,EUROSTAT_GOV10A_MAIN,2.796413,strict,derived_actual,EUROSTAT_GOV10A_MAIN,1996.0,24764.0,,,,,,,,A,,EUROSTAT_GOV10A_MAIN,2026-07-21,2026-09-03,current,,,,,,,False,False,False,20260919T115610Z,derived R06 - R06_E - R06_H; never forecast
DEU_R06_X_strict,DEU,ESA_REV,R06_X,derived,Imputed and supplementary social contributions (D.612 + D.614 - D.61SC),1997,1997,CY,26248.0,EUR,1967180.0,EUROSTAT_NAMA10_GDP,1.334296,899509.0,EUROSTAT_GOV10A_MAIN,2.918036,strict,derived_actual,EUROSTAT_GOV10A_MAIN,1997.0,26248.0,,,,,,,,A,,EUROSTAT_GOV10A_MAIN,2026-07-21,2026-09-03,current,,,,,,,False,False,False,20260919T115610Z,derived R06 - R06_E - R06_H; never forecast
DEU_R06_X_strict,DEU,ESA_REV,R06_X,derived,Imputed and supplementary social contributions (D.612 + D.614 - D.61SC),1998,1998,CY,26872.0,EUR,2022310.0,EUROSTAT_NAMA10_GDP,1.328777,923010.0,EUROSTAT_GOV10A_MAIN,2.911344,strict,derived_actual,EUROSTAT_GOV10A_MAIN,1998.0,26872.0,,,,,,,,A,,EUROSTAT_GOV10A_MAIN,2026-07-21,2026-09-03,current,,,,,,,False,False,False,20260919T115610Z,derived R06 - R06_E - R06_H; never forecast
DEU_R06_X_strict,DEU,ESA_REV,R06_X,derived,Imputed and supplementary social contributions (D.612 + D.614 - D.61SC),1999,1999,CY,28147.0,EUR,2077240.0,EUROSTAT_NAMA10_GDP,1.355019,968416.0,EUROSTAT_GOV10A_MAIN,2.906499,strict,derived_actual,EUROSTAT_GOV10A_MAIN,1999.0,28147.0,,,,,,,,A,,EUROSTAT_GOV10A_MAIN,2026-07-21,2026-09-03,current,,,,,,,False,False,False,20260919T115610Z,derived R06 - R06_E - R06_H; never forecast
DEU_R06_X_strict,DEU,ESA_REV,R06_X,derived,Imputed and supplementary social contributions (D.612 + D.614 - D.61SC),2000,2000,CY,25765.0,EUR,2129660.0,EUROSTAT_NAMA10_GDP,1.209818,986936.0,EUROSTAT_GOV10A_MAIN,2.610605,strict,derived_actual,EUROSTAT_GOV10A_MAIN,2000.0,25765.0,,,,,,,,A,,EUROSTAT_GOV10A_MAIN,2026-07-21,2026-09-03,current,,,,,,,False,False,False,20260919T115610Z,derived R06 - R06_E - R06_H; never forecast
DEU_R06_X_strict,DEU,ESA_REV,R06_X,derived,Imputed and supplementary social contributions (D.612 + D.614 - D.61SC),2001,2001,CY,26732.0,EUR,2195530.0,EUROSTAT_NAMA10_GDP,1.217565,977627.0,EUROSTAT_GOV10A_MAIN,2.734376,strict,derived_actual,EUROSTAT_GOV10A_MAIN,2001.0,26732.0,,,,,,,,A,,EUROSTAT_GOV10A_MAIN,2026-07-21,2026-09-03,current,,,,,,,False,False,False,20260919T115610Z,derived R06 - R06_E - R06_H; never forecast
DEU_R06_X_strict,DEU,ESA_REV,R06_X,derived,Imputed and supplementary social contributions (D.612 + D.614 - D.61SC),2002,2002,CY,27292.0,EUR,2223360.0,EUROSTAT_NAMA10_GDP,1.227512,981788.0,EUROSTAT_GOV10A_MAIN,2.779826,strict,derived_actual,EUROSTAT_GOV10A_MAIN,2002.0,27292.0,,,,,,,,A,,EUROSTAT_GOV10A_MAIN,2026-07-21,2026-09-03,current,,,,,,,False,False,False,20260919T115610Z,derived R06 - R06_E - R06_H; never forecast
DEU_R06_X_strict,DEU,ESA_REV,R06_X,derived,Imputed and supplementary social contributions (D.612 + D.614 - D.61SC),2003,2003,CY,27918.0,EUR,2240810.0,EUROSTAT_NAMA10_GDP,1.245889,1001289.0,EUROSTAT_GOV10A_MAIN,2.788206,strict,derived_actual,EUROSTAT_GOV10A_MAIN,2003.0,27918.0,,,,,,,,A,,EUROSTAT_GOV10A_MAIN,2026-07-21,2026-09-03,current,,,,,,,False,False,False,20260919T115610Z,derived R06 - R06_E - R06_H; never forecast
DEU_R06_X_strict,DEU,ESA_REV,R06_X,derived,Imputed and supplementary social contributions (D.612 + D.614 - D.61SC),2004,2004,CY,27904.0,EUR,2293040.0,EUROSTAT_NAMA10_GDP,1.2169,998635.0,EUROSTAT_GOV10A_MAIN,2.794214,strict,derived_actual,EUROSTAT_GOV10A_MAIN,2004.0,27904.0,,,,,,,,A,,EUROSTAT_GOV10A_MAIN,2026-07-21,2026-09-03,current,,,,,,,False,False,False,20260919T115610Z,derived R06 - R06_E - R06_H; never forecast
DEU_R06_X_strict,DEU,ESA_REV,R06_X,derived,Imputed and supplementary social contributions (D.612 + D.614 - D.61SC),2005,2005,CY,28348.0,EUR,2325710.0,EUROSTAT_NAMA10_GDP,1.218897,1011597.0,EUROSTAT_GOV10A_MAIN,2.802302,strict,derived_actual,EUROSTAT_GOV10A_MAIN,2005.0,28348.0,,,,,,,,A,,EUROSTAT_GOV10A_MAIN,2026-07-21,2026-09-03,current,,,,,,,False,False,False,20260919T115610Z,derived R06 - R06_E - R06_H; never forecast
DEU_R06_X_strict,DEU,ESA_REV,R06_X,derived,Imputed and supplementary social contributions (D.612 + D.614 - D.61SC),2006,2006,CY,28825.0,EUR,2426180.0,EUROSTAT_NAMA10_GDP,1.188082,1056690.0,EUROSTAT_GOV10A_MAIN,2.727858,strict,derived_actual,EUROSTAT_GOV10A_MAIN,2006.0,28825.0,,,,,,,,A,,EUROSTAT_GOV10A_MAIN,2026-07-21,2026-09-03,current,,,,,,,False,False,False,20260919T115610Z,derived R06 - R06_E - R06_H; never forecast
DEU_R06_X_strict,DEU,ESA_REV,R06_X,derived,Imputed and supplementary social contributions (D.612 + D.614 - D.61SC),2007,2007,CY,29511.0,EUR,2542220.0,EUROSTAT_NAMA10_GDP,1.160836,1110816.0,EUROSTAT_GOV10A_MAIN,2.656696,strict,derived_actual,EUROSTAT_GOV10A_MAIN,2007.0,29511.0,,,,,,,,A,,EUROSTAT_GOV10A_MAIN,2026-07-21,2026-09-03,current,,,,,,,False,False,False,20260919T115610Z,derived R06 - R06_E - R06_H; never forecast
DEU_R06_X_strict,DEU,ESA_REV,R06_X,derived,Imputed and supplementary social contributions (D.612 + D.614 - D.61SC),2008,2008,CY,30277.0,EUR,2589280.0,EUROSTAT_NAMA10_GDP,1.169321,1143471.0,EUROSTAT_GOV10A_MAIN,2.647815,strict,derived_actual,EUROSTAT_GOV10A_MAIN,2008.0,30277.0,,,,,,,,A,,EUROSTAT_GOV10A_MAIN,2026-07-21,2026-09-03,current,,,,,,,False,False,False,20260919T115610Z,derived R06 - R06_E - R06_H; never forecast
DEU_R06_X_strict,DEU,ESA_REV,R06_X,derived,Imputed and supplementary social contributions (D.612 + D.614 - D.61SC),2009,2009,CY,31499.0,EUR,2493970.0,EUROSTAT_NAMA10_GDP,1.263006,1125612.0,EUROSTAT_GOV10A_MAIN,2.798389,strict,derived_actual,EUROSTAT_GOV10A_MAIN,2009.0,31499.0,,,,,,,,A,,EUROSTAT_GOV10A_MAIN,2026-07-21,2026-09-03,current,,,,,,,False,False,False,20260919T115610Z,derived R06 - R06_E - R06_H; never forecast
DEU_R06_X_strict,DEU,ESA_REV,R06_X,derived,Imputed and supplementary social contributions (D.612 + D.614 - D.61SC),2010,2010,CY,32705.0,EUR,2615260.0,EUROSTAT_NAMA10_GDP,1.250545,1143087.0,EUROSTAT_GOV10A_MAIN,2.861112,strict,derived_actual,EUROSTAT_GOV10A_MAIN,2010.0,32705.0,,,,,,,,A,,EUROSTAT_GOV10A_MAIN,2026-07-21,2026-09-03,current,,,,,,,False,False,False,20260919T115610Z,derived R06 - R06_E - R06_H; never forecast
DEU_R06_X_strict,DEU,ESA_REV,R06_X,derived,Imputed and supplementary social contributions (D.612 + D.614 - D.61SC),2011,2011,CY,32976.0,EUR,2747210.0,EUROSTAT_NAMA10_GDP,1.200345,1220989.0,EUROSTAT_GOV10A_MAIN,2.700761,strict,derived_actual,EUROSTAT_GOV10A_MAIN,2011.0,32976.0,,,,,,,,A,,EUROSTAT_GOV10A_MAIN,2026-07-21,2026-09-03,current,,,,,,,False,False,False,20260919T115610Z,derived R06 - R06_E - R06_H; never forecast
DEU_R06_X_strict,DEU,ESA_REV,R06_X,derived,Imputed and supplementary social contributions (D.612 + D.614 - D.61SC),2012,2012,CY,32931.0,EUR,2800680.0,EUROSTAT_NAMA10_GDP,1.175822,1260986.0,EUROSTAT_GOV10A_MAIN,2.611528,strict,derived_actual,EUROSTAT_GOV10A_MAIN,2012.0,32931.0,,,,,,,,A,,EUROSTAT_GOV10A_MAIN,2026-07-21,2026-09-03,current,,,,,,,False,False,False,20260919T115610Z,derived R06 - R06_E - R06_H; never forecast
DEU_R06_X_strict,DEU,ESA_REV,R06_X,derived,Imputed and supplementary social contributions (D.612 + D.614 - D.61SC),2013,2013,CY,33503.0,EUR,2869480.0,EUROSTAT_NAMA10_GDP,1.167563,1298112.0,EUROSTAT_GOV10A_MAIN,2.580902,strict,derived_actual,EUROSTAT_GOV10A_MAIN,2013.0,33503.0,,,,,,,,A,,EUROSTAT_GOV10A_MAIN,2026-07-21,2026-09-03,current,,,,,,,False,False,False,20260919T115610Z,derived R06 - R06_E - R06_H; never forecast
DEU_R06_X_strict,DEU,ESA_REV,R06_X,derived,Imputed and supplementary social contributions (D.612 + D.614 - D.61SC),2014,2014,CY,34100.0,EUR,2988470.0,EUROSTAT_NAMA10_GDP,1.141052,1350164.0,EUROSTAT_GOV10A_MAIN,2.525619,strict,derived_actual,EUROSTAT_GOV10A_MAIN,2014.0,34100.0,,,,,,,,A,,EUROSTAT_GOV10A_MAIN,2026-07-21,2026-09-03,current,,,,,,,False,False,False,20260919T115610Z,derived R06 - R06_E - R06_H; never forecast
DEU_R06_X_strict,DEU,ESA_REV,R06_X,derived,Imputed and supplementary social contributions (D.612 + D.614 - D.61SC),2015,2015,CY,34533.0,EUR,3094190.0,EUROSTAT_NAMA10_GDP,1.116059,1401532.0,EUROSTAT_GOV10A_MAIN,2.463947,strict,derived_actual,EUROSTAT_GOV10A_MAIN,2015.0,34533.0,,,,,,,,A,,EUROSTAT_GOV10A_MAIN,2026-07-21,2026-09-03,current,,,,,,,False,False,False,20260919T115610Z,derived R06 - R06_E - R06_H; never forecast
DEU_R06_X_strict,DEU,ESA_REV,R06_X,derived,Imputed and supplementary social contributions (D.612 + D.614 - D.61SC),2016,2016,CY,36047.0,EUR,3204870.0,EUROSTAT_NAMA10_GDP,1.124757,1465493.0,EUROSTAT_GOV10A_MAIN,2.459718,strict,derived_actual,EUROSTAT_GOV10A_MAIN,2016.0,36047.0,,,,,,,,A,,EUROSTAT_GOV10A_MAIN,2026-07-21,2026-09-03,current,,,,,,,False,False,False,20260919T115610Z,derived R06 - R06_E - R06_H; never forecast
DEU_R06_X_strict,DEU,ESA_REV,R06_X,derived,Imputed and supplementary social contributions (D.612 + D.614 - D.61SC),2017,2017,CY,37054.0,EUR,3345860.0,EUROSTAT_NAMA10_GDP,1.107458,1529123.0,EUROSTAT_GOV10A_MAIN,2.423219,strict,derived_actual,EUROSTAT_GOV10A_MAIN,2017.0,37054.0,,,,,,,,A,,EUROSTAT_GOV10A_MAIN,2026-07-21,2026-09-03,current,,,,,,,False,False,False,20260919T115610Z,derived R06 - R06_E - R06_H; never forecast
DEU_R06_X_strict,DEU,ESA_REV,R06_X,derived,Imputed and supplementary social contributions (D.612 + D.614 - D.61SC),2018,2018,CY,38177.0,EUR,3450580.0,EUROSTAT_NAMA10_GDP,1.106394,1597995.0,EUROSTAT_GOV10A_MAIN,2.389056,strict,derived_actual,EUROSTAT_GOV10A_MAIN,2018.0,38177.0,,,,,,,,A,,EUROSTAT_GOV10A_MAIN,2026-07-21,2026-09-03,current,,,,,,,False,False,False,20260919T115610Z,derived R06 - R06_E - R06_H; never forecast
DEU_R06_X_strict,DEU,ESA_REV,R06_X,derived,Imputed and supplementary social contributions (D.612 + D.614 - D.61SC),2019,2019,CY,40061.0,EUR,3557630.0,EUROSTAT_NAMA10_GDP,1.126059,1657564.0,EUROSTAT_GOV10A_MAIN,2.41686,strict,derived_actual,EUROSTAT_GOV10A_MAIN,2019.0,40061.0,,,,,,,,A,,EUROSTAT_GOV10A_MAIN,2026-07-21,2026-09-03,current,,,,,,,False,False,False,20260919T115610Z,derived R06 - R06_E - R06_H; never forecast
DEU_R06_X_strict,DEU,ESA_REV,R06_X,derived,Imputed and supplementary social contributions (D.612 + D.614 - D.61SC),2020,2020,CY,41380.0,EUR,3477670.0,EUROSTAT_NAMA10_GDP,1.189877,1612653.0,EUROSTAT_GOV10A_MAIN,2.565958,strict,derived_actual,EUROSTAT_GOV10A_MAIN,2020.0,41380.0,,,,,,,,A,,EUROSTAT_GOV10A_MAIN,2026-07-21,2026-09-03,current,,,,,,,False,False,False,20260919T115610Z,derived R06 - R06_E - R06_H; never forecast
DEU_R06_X_strict,DEU,ESA_REV,R06_X,derived,Imputed and supplementary social contributions (D.612 + D.614 - D.61SC),2021,2021,CY,42497.0,EUR,3713090.0,EUROSTAT_NAMA10_GDP,1.144518,1749189.0,EUROSTAT_GOV10A_MAIN,2.429526,strict,derived_actual,EUROSTAT_GOV10A_MAIN,2021.0,42497.0,,,,,,,,A,,EUROSTAT_GOV10A_MAIN,2026-07-21,2026-09-03,current,,,,,,,False,False,False,20260919T115610Z,derived R06 - R06_E - R06_H; never forecast
DEU_R06_X_strict,DEU,ESA_REV,R06_X,derived,Imputed and supplementary social contributions (D.612 + D.614 - D.61SC),2022,2022,CY,44093.0,EUR,4010630.0,EUROSTAT_NAMA10_GDP,1.099403,1863070.0,EUROSTAT_GOV10A_MAIN,2.366685,strict,derived_actual,EUROSTAT_GOV10A_MAIN,2022.0,44093.0,,,,,,,,A,,EUROSTAT_GOV10A_MAIN,2026-07-21,2026-09-03,current,,,,,,,False,False,False,20260919T115610Z,derived R06 - R06_E - R06_H; never forecast
DEU_R06_X_strict,DEU,ESA_REV,R06_X,derived,Imputed and supplementary social contributions (D.612 + D.614 - D.61SC),2023,2023,CY,46306.0,EUR,4254930.0,EUROSTAT_NAMA10_GDP,1.088291,1926184.0,EUROSTAT_GOV10A_MAIN,2.404028,strict,derived_actual,EUROSTAT_GOV10A_MAIN,2023.0,46306.0,,,,,,,,A,,EUROSTAT_GOV10A_MAIN,2026-07-21,2026-09-03,current,,,,,,,False,False,False,20260919T115610Z,derived R06 - R06_E - R06_H; never forecast
DEU_R06_X_strict,DEU,ESA_REV,R06_X,derived,Imputed and supplementary social contributions (D.612 + D.614 - D.61SC),2024,2024,CY,48142.0,EUR,4386940.0,EUROSTAT_NAMA10_GDP,1.097394,2024422.0,EUROSTAT_GOV10A_MAIN,2.378061,strict,derived_actual,EUROSTAT_GOV10A_MAIN,2024.0,48142.0,,,,,,,,A,,EUROSTAT_GOV10A_MAIN,2026-07-21,2026-09-03,current,,,,,,,False,False,False,20260919T115610Z,derived R06 - R06_E - R06_H; never forecast
DEU_R06_X_strict,DEU,ESA_REV,R06_X,derived,Imputed and supplementary social contributions (D.612 + D.614 - D.61SC),2025,2025,CY,51309.0,EUR,4529710.0,EUROSTAT_NAMA10_GDP,1.132722,2140194.0,EUROSTAT_GOV10A_MAIN,2.397399,strict,derived_actual,EUROSTAT_GOV10A_MAIN,2025.0,51309.0,,,,,,,,A,,EUROSTAT_GOV10A_MAIN,2026-07-21,2026-09-03,current,,,,,,,False,False,False,20260919T115610Z,derived R06 - R06_E - R06_H; never forecast
DEU_R01_strict,DEU,ESA_REV,R01,1,Value added tax,1994,1994,CY,120767.3225556143,EUR,1838020.0,EUROSTAT_NAMA10_GDP,6.570512,,,,strict,stitched_actual,EUROSTAT_GOV10A_MAIN,1995.0,120216.0,OECD_RS,1.0045860996507479,,,,1.0011,2024.0,B,OECD_RS_to_ESA_REV:1.0,OECD_RS,,2026-08-31,current,,,,,,,False,False,False,20260919T115610Z,"OECD 5111 VAT: OECD Revenue Statistics heading, growth only (§7.11): historical years cash-basis; payable tax credits net where the anchor is gross (D17); EU own resources treated as revenue reductions in some years vs D.7 payable in ESA"
DEU_R01_strict,DEU,ESA_REV,R01,1,Value added tax,1993,1993,CY,110830.7053075315,EUR,1757340.0,EUROSTAT_NAMA10_GDP,6.306731,,,,strict,stitched_actual,EUROSTAT_GOV10A_MAIN,1995.0,120216.0,OECD_RS,0.9177209775143693,,,,1.0011,2024.0,B,OECD_RS_to_ESA_REV:1.0,OECD_RS,,2026-08-31,current,,,,,,,False,False,False,20260919T115610Z,"OECD 5111 VAT: OECD Revenue Statistics heading, growth only (§7.11): historical years cash-basis; payable tax credits net where the anchor is gross (D17); EU own resources treated as revenue reductions in some years vs D.7 payable in ESA"
DEU_R01_strict,DEU,ESA_REV,R01,1,Value added tax,1992,1992,CY,101303.99384916632,EUR,1709890.0,EUROSTAT_NAMA10_GDP,5.924591,,,,strict,stitched_actual,EUROSTAT_GOV10A_MAIN,1995.0,120216.0,OECD_RS,0.914042670468165,,,,1.0011,2024.0,B,OECD_RS_to_ESA_REV:1.0,OECD_RS,,2026-08-31,current,,,,,,,False,False,False,20260919T115610Z,"OECD 5111 VAT: OECD Revenue Statistics heading, growth only (§7.11): historical years cash-basis; payable tax credits net where the anchor is gross (D17); EU own resources treated as revenue reductions in some years vs D.7 payable in ESA"
DEU_R01_strict,DEU,ESA_REV,R01,1,Value added tax,1991,1991,CY,92060.63001597095,EUR,1591610.0,EUROSTAT_NAMA10_GDP,5.78412,,,,strict,stitched_actual,EUROSTAT_GOV10A_MAIN,1995.0,120216.0,OECD_RS,0.9087561755269193,,,,1.0011,2024.0,B,OECD_RS_to_ESA_REV:1.0,OECD_RS,,2026-08-31,current,,,,,,,False,False,False,20260919T115610Z,"OECD 5111 VAT: OECD Revenue Statistics heading, growth only (§7.11): historical years cash-basis; payable tax credits net where the anchor is gross (D17); EU own resources treated as revenue reductions in some years vs D.7 payable in ESA"
DEU_R02_strict,DEU,ESA_REV,R02,1,Other taxes on production and imports,1994,1994,CY,74670.79795439236,EUR,1838020.0,EUROSTAT_NAMA10_GDP,4.062567,,,,strict,stitched_actual,EUROSTAT_GOV10A_MAIN,1995.0,76631.0,OECD_RS,0.9744202470852834,,,,0.9161,2024.0,B,OECD_RS_to_ESA_REV:1.0,OECD_RS,,2026-08-31,current,,,,,,,False,False,False,20260919T115610Z,"OECD 5000 minus 5111 (goods & services taxes excl. VAT): OECD Revenue Statistics heading, growth only (§7.11): historical years cash-basis; payable tax credits net where the anchor is gross (D17); EU own resources treated as revenue reductions in some years vs D.7 payable in ESA; excludes D.29-type recurrent property taxes on producers (OECD 4000) — coverage measured"
DEU_R02_strict,DEU,ESA_REV,R02,1,Other taxes on production and imports,1993,1993,CY,68403.44480905391,EUR,1757340.0,EUROSTAT_NAMA10_GDP,3.892442,,,,strict,stitched_actual,EUROSTAT_GOV10A_MAIN,1995.0,76631.0,OECD_RS,0.916066878658958,,,,0.9161,2024.0,B,OECD_RS_to_ESA_REV:1.0,OECD_RS,,2026-08-31,current,,,,,,,False,False,False,20260919T115610Z,"OECD 5000 minus 5111 (goods & services taxes excl. VAT): OECD Revenue Statistics heading, growth only (§7.11): historical years cash-basis; payable tax credits net where the anchor is gross (D17); EU own resources treated as revenue reductions in some years vs D.7 payable in ESA; excludes D.29-type recurrent property taxes on producers (OECD 4000) — coverage measured"
DEU_R02_strict,DEU,ESA_REV,R02,1,Other taxes on production and imports,1992,1992,CY,67383.10185596508,EUR,1709890.0,EUROSTAT_NAMA10_GDP,3.940786,,,,strict,stitched_actual,EUROSTAT_GOV10A_MAIN,1995.0,76631.0,OECD_RS,0.9850834566016803,,,,0.9161,2024.0,B,OECD_RS_to_ESA_REV:1.0,OECD_RS,,2026-08-31,current,,,,,,,False,False,False,20260919T115610Z,"OECD 5000 minus 5111 (goods & services taxes excl. VAT): OECD Revenue Statistics heading, growth only (§7.11): historical years cash-basis; payable tax credits net where the anchor is gross (D17); EU own resources treated as revenue reductions in some years vs D.7 payable in ESA; excludes D.29-type recurrent property taxes on producers (OECD 4000) — coverage measured"
DEU_R02_strict,DEU,ESA_REV,R02,1,Other taxes on production and imports,1991,1991,CY,60979.08968464209,EUR,1591610.0,EUROSTAT_NAMA10_GDP,3.831283,,,,strict,stitched_actual,EUROSTAT_GOV10A_MAIN,1995.0,76631.0,OECD_RS,0.9049611550235264,,,,0.9161,2024.0,B,OECD_RS_to_ESA_REV:1.0,OECD_RS,,2026-08-31,current,,,,,,,False,False,False,20260919T115610Z,"OECD 5000 minus 5111 (goods & services taxes excl. VAT): OECD Revenue Statistics heading, growth only (§7.11): historical years cash-basis; payable tax credits net where the anchor is gross (D17); EU own resources treated as revenue reductions in some years vs D.7 payable in ESA; excludes D.29-type recurrent property taxes on producers (OECD 4000) — coverage measured"
DEU_R03_strict,DEU,ESA_REV,R03,1,Taxes on household income,1994,1994,CY,163177.91734932497,EUR,1838020.0,EUROSTAT_NAMA10_GDP,8.877918,,,,strict,stitched_actual,EUROSTAT_GOV10A_MAIN,1995.0,174890.0,OECD_RS,0.9330317190767052,,,,1.0983,2024.0,B,OECD_RS_to_ESA_REV:1.0,OECD_RS,,2026-08-31,current,,,,,,,False,False,False,20260919T115610Z,"OECD 1100 personal income taxes: OECD Revenue Statistics heading, growth only (§7.11): historical years cash-basis; payable tax credits net where the anchor is gross (D17); EU own resources treated as revenue reductions in some years vs D.7 payable in ESA"
DEU_R03_strict,DEU,ESA_REV,R03,1,Taxes on household income,1993,1993,CY,158015.21779850312,EUR,1757340.0,EUROSTAT_NAMA10_GDP,8.991727,,,,strict,stitched_actual,EUROSTAT_GOV10A_MAIN,1995.0,174890.0,OECD_RS,0.968361530563172,,,,1.0983,2024.0,B,OECD_RS_to_ESA_REV:1.0,OECD_RS,,2026-08-31,current,,,,,,,False,False,False,20260919T115610Z,"OECD 1100 personal income taxes: OECD Revenue Statistics heading, growth only (§7.11): historical years cash-basis; payable tax credits net where the anchor is gross (D17); EU own resources treated as revenue reductions in some years vs D.7 payable in ESA"
DEU_R03_strict,DEU,ESA_REV,R03,1,Taxes on household income,1992,1992,CY,158631.46866718685,EUR,1709890.0,EUROSTAT_NAMA10_GDP,9.277291,,,,strict,stitched_actual,EUROSTAT_GOV10A_MAIN,1995.0,174890.0,OECD_RS,1.0038999463296603,,,,1.0983,2024.0,B,OECD_RS_to_ESA_REV:1.0,OECD_RS,,2026-08-31,current,,,,,,,False,False,False,20260919T115610Z,"OECD 1100 personal income taxes: OECD Revenue Statistics heading, growth only (§7.11): historical years cash-basis; payable tax credits net where the anchor is gross (D17); EU own resources treated as revenue reductions in some years vs D.7 payable in ESA"
DEU_R03_strict,DEU,ESA_REV,R03,1,Taxes on household income,1991,1991,CY,140682.1479635717,EUR,1591610.0,EUROSTAT_NAMA10_GDP,8.838984,,,,strict,stitched_actual,EUROSTAT_GOV10A_MAIN,1995.0,174890.0,OECD_RS,0.8868489281828859,,,,1.0983,2024.0,B,OECD_RS_to_ESA_REV:1.0,OECD_RS,,2026-08-31,current,,,,,,,False,False,False,20260919T115610Z,"OECD 1100 personal income taxes: OECD Revenue Statistics heading, growth only (§7.11): historical years cash-basis; payable tax credits net where the anchor is gross (D17); EU own resources treated as revenue reductions in some years vs D.7 payable in ESA"
DEU_R05_strict,DEU,ESA_REV,R05,1,Other current taxes and capital taxes,1994,1994,CY,17320.846362138287,EUR,1838020.0,EUROSTAT_NAMA10_GDP,0.942364,,,,strict,stitched_actual,EUROSTAT_GOV10A_MAIN,1995.0,17834.0,OECD_RS,0.9712261053122286,,,,0.9721,2024.0,B,OECD_RS_to_ESA_REV:1.0,OECD_RS,,2026-08-31,current,,,,,,,False,False,False,20260919T115610Z,"OECD 4000 property taxes (recurrent, estate/gift, transaction) as proxy for other current + capital taxes: OECD Revenue Statistics heading, growth only (§7.11): historical years cash-basis; payable tax credits net where the anchor is gross (D17); EU own resources treated as revenue reductions in some years vs D.7 payable in ESA"
DEU_R05_strict,DEU,ESA_REV,R05,1,Other current taxes and capital taxes,1993,1993,CY,16037.48432086406,EUR,1757340.0,EUROSTAT_NAMA10_GDP,0.9126,,,,strict,stitched_actual,EUROSTAT_GOV10A_MAIN,1995.0,17834.0,OECD_RS,0.925906505118622,,,,0.9721,2024.0,B,OECD_RS_to_ESA_REV:1.0,OECD_RS,,2026-08-31,current,,,,,,,False,False,False,20260919T115610Z,"OECD 4000 property taxes (recurrent, estate/gift, transaction) as proxy for other current + capital taxes: OECD Revenue Statistics heading, growth only (§7.11): historical years cash-basis; payable tax credits net where the anchor is gross (D17); EU own resources treated as revenue reductions in some years vs D.7 payable in ESA"
DEU_R05_strict,DEU,ESA_REV,R05,1,Other current taxes and capital taxes,1992,1992,CY,15487.472151208296,EUR,1709890.0,EUROSTAT_NAMA10_GDP,0.905758,,,,strict,stitched_actual,EUROSTAT_GOV10A_MAIN,1995.0,17834.0,OECD_RS,0.9657045856662057,,,,0.9721,2024.0,B,OECD_RS_to_ESA_REV:1.0,OECD_RS,,2026-08-31,current,,,,,,,False,False,False,20260919T115610Z,"OECD 4000 property taxes (recurrent, estate/gift, transaction) as proxy for other current + capital taxes: OECD Revenue Statistics heading, growth only (§7.11): historical years cash-basis; payable tax credits net where the anchor is gross (D17); EU own resources treated as revenue reductions in some years vs D.7 payable in ESA"
DEU_R05_strict,DEU,ESA_REV,R05,1,Other current taxes and capital taxes,1991,1991,CY,14861.348035586698,EUR,1591610.0,EUROSTAT_NAMA10_GDP,0.933731,,,,strict,stitched_actual,EUROSTAT_GOV10A_MAIN,1995.0,17834.0,OECD_RS,0.959572220081587,,,,0.9721,2024.0,B,OECD_RS_to_ESA_REV:1.0,OECD_RS,,2026-08-31,current,,,,,,,False,False,False,20260919T115610Z,"OECD 4000 property taxes (recurrent, estate/gift, transaction) as proxy for other current + capital taxes: OECD Revenue Statistics heading, growth only (§7.11): historical years cash-basis; payable tax credits net where the anchor is gross (D17); EU own resources treated as revenue reductions in some years vs D.7 payable in ESA"
DEU_R02_A_strict,DEU,ESA_REV,R02_A,2,Excise duties,1994,1994,CY,47622.17233129565,EUR,1838020.0,EUROSTAT_NAMA10_GDP,2.59095,,,,strict,stitched_actual,EUROSTAT_GOV10A_TAXAG,1995.0,48227.0,OECD_RS,0.9874587333090521,,,,0.9998,2024.0,B,OECD_RS_to_ESA_REV:1.0,OECD_RS,,2026-08-31,current,,,,,,,False,False,False,20260919T115610Z,"OECD 5121 Excise duties: OECD Revenue Statistics heading, growth only (§7.11): historical years cash-basis; payable tax credits net where the anchor is gross (D17); EU own resources treated as revenue reductions in some years vs D.7 payable in ESA"
DEU_R02_A_strict,DEU,ESA_REV,R02_A,2,Excise duties,1993,1993,CY,43485.398417332006,EUR,1757340.0,EUROSTAT_NAMA10_GDP,2.474501,,,,strict,stitched_actual,EUROSTAT_GOV10A_TAXAG,1995.0,48227.0,OECD_RS,0.9131334478993286,,,,0.9998,2024.0,B,OECD_RS_to_ESA_REV:1.0,OECD_RS,,2026-08-31,current,,,,,,,False,False,False,20260919T115610Z,"OECD 5121 Excise duties: OECD Revenue Statistics heading, growth only (§7.11): historical years cash-basis; payable tax credits net where the anchor is gross (D17); EU own resources treated as revenue reductions in some years vs D.7 payable in ESA"
DEU_R02_A_strict,DEU,ESA_REV,R02_A,2,Excise duties,1992,1992,CY,43116.03389752848,EUR,1709890.0,EUROSTAT_NAMA10_GDP,2.521568,,,,strict,stitched_actual,EUROSTAT_GOV10A_TAXAG,1995.0,48227.0,OECD_RS,0.9915060104484106,,,,0.9998,2024.0,B,OECD_RS_to_ESA_REV:1.0,OECD_RS,,2026-08-31,current,,,,,,,False,False,False,20260919T115610Z,"OECD 5121 Excise duties: OECD Revenue Statistics heading, growth only (§7.11): historical years cash-basis; payable tax credits net where the anchor is gross (D17); EU own resources treated as revenue reductions in some years vs D.7 payable in ESA"
DEU_R02_A_strict,DEU,ESA_REV,R02_A,2,Excise duties,1991,1991,CY,39353.67645297502,EUR,1591610.0,EUROSTAT_NAMA10_GDP,2.47257,,,,strict,stitched_actual,EUROSTAT_GOV10A_TAXAG,1995.0,48227.0,OECD_RS,0.9127387863759628,,,,0.9998,2024.0,B,OECD_RS_to_ESA_REV:1.0,OECD_RS,,2026-08-31,current,,,,,,,False,False,False,20260919T115610Z,"OECD 5121 Excise duties: OECD Revenue Statistics heading, growth only (§7.11): historical years cash-basis; payable tax credits net where the anchor is gross (D17); EU own resources treated as revenue reductions in some years vs D.7 payable in ESA"
DEU_R06_E_strict,DEU,ESA_REV,R06_E,2,Employers' actual social contributions,1994,1994,CY,132335.17462473558,EUR,1838020.0,EUROSTAT_NAMA10_GDP,7.199877,,,,strict,stitched_actual,EUROSTAT_GOV10A_MAIN,1995.0,137287.0,OECD_RS,0.9639308501514025,,,,1.0,2024.0,B,OECD_RS_to_ESA_REV:1.0,OECD_RS,,2026-08-31,current,,,,,,,False,False,False,20260919T115610Z,"OECD 2200 Employers' actual social contributions: OECD Revenue Statistics heading, growth only (§7.11): historical years cash-basis; payable tax credits net where the anchor is gross (D17); EU own resources treated as revenue reductions in some years vs D.7 payable in ESA"
DEU_R06_E_strict,DEU,ESA_REV,R06_E,2,Employers' actual social contributions,1993,1993,CY,123840.45566665499,EUR,1757340.0,EUROSTAT_NAMA10_GDP,7.04704,,,,strict,stitched_actual,EUROSTAT_GOV10A_MAIN,1995.0,137287.0,OECD_RS,0.935809062237843,,,,1.0,2024.0,B,OECD_RS_to_ESA_REV:1.0,OECD_RS,,2026-08-31,current,,,,,,,False,False,False,20260919T115610Z,"OECD 2200 Employers' actual social contributions: OECD Revenue Statistics heading, growth only (§7.11): historical years cash-basis; payable tax credits net where the anchor is gross (D17); EU own resources treated as revenue reductions in some years vs D.7 payable in ESA"
DEU_R06_E_strict,DEU,ESA_REV,R06_E,2,Employers' actual social contributions,1992,1992,CY,119258.26434722112,EUR,1709890.0,EUROSTAT_NAMA10_GDP,6.974616,,,,strict,stitched_actual,EUROSTAT_GOV10A_MAIN,1995.0,137287.0,OECD_RS,0.9629992372462849,,,,1.0,2024.0,B,OECD_RS_to_ESA_REV:1.0,OECD_RS,,2026-08-31,current,,,,,,,False,False,False,20260919T115610Z,"OECD 2200 Employers' actual social contributions: OECD Revenue Statistics heading, growth only (§7.11): historical years cash-basis; payable tax credits net where the anchor is gross (D17); EU own resources treated as revenue reductions in some years vs D.7 payable in ESA"
DEU_R06_E_strict,DEU,ESA_REV,R06_E,2,Employers' actual social contributions,1991,1991,CY,110035.87835972477,EUR,1591610.0,EUROSTAT_NAMA10_GDP,6.913495,,,,strict,stitched_actual,EUROSTAT_GOV10A_MAIN,1995.0,137287.0,OECD_RS,0.9226687891361112,,,,1.0,2024.0,B,OECD_RS_to_ESA_REV:1.0,OECD_RS,,2026-08-31,current,,,,,,,False,False,False,20260919T115610Z,"OECD 2200 Employers' actual social contributions: OECD Revenue Statistics heading, growth only (§7.11): historical years cash-basis; payable tax credits net where the anchor is gross (D17); EU own resources treated as revenue reductions in some years vs D.7 payable in ESA"
DEU_R06_strict,DEU,ESA_REV,R06,1,Net social contributions,2026,2026,CY,861975.41,EUR,4606288.02,EC_AMECO,18.713016,,,,strict,direct_forecast,EUROSTAT_GOV10A_MAIN,2025.0,822890.0,EC_AMECO,1.0474977335974431,,,,1.0,2025.0,A,EC_AMECO_to_ESA_REV:1.0,EC_AMECO,2026-06-03,2026-08-31,current,,,,,,,False,False,True,20260919T115610Z,"AMECO UTSG (Spring 2026): net social contributions received (D.61), general government — the anchor's own ESA aggregate, Commission forecast vintage"
DEU_R06_strict,DEU,ESA_REV,R06,1,Net social contributions,2027,2027,CY,901727.79,EUR,4786033.36,EC_AMECO,18.840817,,,,strict,direct_forecast,EUROSTAT_GOV10A_MAIN,2025.0,822890.0,EC_AMECO,1.0461177657028522,,,,1.0,2025.0,A,EC_AMECO_to_ESA_REV:1.0,EC_AMECO,2026-06-03,2026-08-31,current,,,,,,,False,False,True,20260919T115610Z,"AMECO UTSG (Spring 2026): net social contributions received (D.61), general government — the anchor's own ESA aggregate, Commission forecast vintage"
DEU_R09_strict,DEU,ESA_REV,R09,1,Sales of goods and services,2026,2026,CY,208931.33,EUR,4606288.02,EC_AMECO,4.535785,,,,strict,composite_forecast,EUROSTAT_GOV10A_MAIN,2025.0,199655.0,EC_AMECO,1.0464617965991334,grow_with_proxy,,,1.0,2025.0,B,EC_AMECO_to_ESA_REV:1.0,EC_AMECO,2026-06-03,2026-08-31,current,,,,,,,False,False,True,20260919T115610Z,"AMECO UTOG minus UROG (Spring 2026): other current revenue including sales minus other current revenue = sales of goods and services (P.11+P.12+P.131); complete composite of two official GG aggregates (§6.2(3)); constructed, not an official forecast"
DEU_R09_strict,DEU,ESA_REV,R09,1,Sales of goods and services,2027,2027,CY,220180.40999999997,EUR,4786033.36,EC_AMECO,4.600478,,,,strict,composite_forecast,EUROSTAT_GOV10A_MAIN,2025.0,199655.0,EC_AMECO,1.0538410395415565,grow_with_proxy,,,1.0,2025.0,B,EC_AMECO_to_ESA_REV:1.0,EC_AMECO,2026-06-03,2026-08-31,current,,,,,,,False,False,True,20260919T115610Z,"AMECO UTOG minus UROG (Spring 2026): other current revenue including sales minus other current revenue = sales of goods and services (P.11+P.12+P.131); complete composite of two official GG aggregates (§6.2(3)); constructed, not an official forecast"
DEU_R01_strict,DEU,ESA_REV,R01,1,Value added tax,2026,2026,CY,321551.479692627,EUR,4596401.586906554,DEU_STEUERSCHAETZUNG,6.995722,,,,strict,direct_forecast,EUROSTAT_GOV10A_MAIN,2025.0,310642.0,DEU_STEUERSCHAETZUNG,1.0351191393714532,,,,0.9986,2025.0,B,DEU_STEUERSCHAETZUNG_to_ESA_REV:1.0,DEU_STEUERSCHAETZUNG,2026-05-07,2026-08-31,current,,,,,,,False,False,True,20260919T115610Z,"Arbeitskreis Steuerschätzungen (170th, May 2026), cash Finanzstatistik by tax, all government levels; growth only (§7.11); cash timing and Kindergeld/Zulagen netting differ from the anchor's accrued gross ESA treatment (D17); EU own resources are financing items outside the tax lines used; components: Steuern vom Umsatz; Steuern vom Umsatz = Umsatzsteuer + Einfuhrumsatzsteuer -> D.211"
DEU_R01_strict,DEU,ESA_REV,R01,1,Value added tax,2027,2027,CY,332967.508557454,EUR,4768904.343939314,DEU_STEUERSCHAETZUNG,6.982055,,,,strict,direct_forecast,EUROSTAT_GOV10A_MAIN,2025.0,310642.0,DEU_STEUERSCHAETZUNG,1.0355029585798816,,,,0.9986,2025.0,B,DEU_STEUERSCHAETZUNG_to_ESA_REV:1.0,DEU_STEUERSCHAETZUNG,2026-05-07,2026-08-31,current,,,,,,,False,False,True,20260919T115610Z,"Arbeitskreis Steuerschätzungen (170th, May 2026), cash Finanzstatistik by tax, all government levels; growth only (§7.11); cash timing and Kindergeld/Zulagen netting differ from the anchor's accrued gross ESA treatment (D17); EU own resources are financing items outside the tax lines used; components: Steuern vom Umsatz; Steuern vom Umsatz = Umsatzsteuer + Einfuhrumsatzsteuer -> D.211"
DEU_R01_strict,DEU,ESA_REV,R01,1,Value added tax,2028,2028,CY,343832.7640998551,EUR,4910174.0313279545,DEU_STEUERSCHAETZUNG,7.002456,,,,strict,direct_forecast,EUROSTAT_GOV10A_MAIN,2025.0,310642.0,DEU_STEUERSCHAETZUNG,1.0326315789473683,,,,0.9986,2025.0,B,DEU_STEUERSCHAETZUNG_to_ESA_REV:1.0,DEU_STEUERSCHAETZUNG,2026-05-07,2026-08-31,current,,,,,,,False,False,True,20260919T115610Z,"Arbeitskreis Steuerschätzungen (170th, May 2026), cash Finanzstatistik by tax, all government levels; growth only (§7.11); cash timing and Kindergeld/Zulagen netting differ from the anchor's accrued gross ESA treatment (D17); EU own resources are financing items outside the tax lines used; components: Steuern vom Umsatz; Steuern vom Umsatz = Umsatzsteuer + Einfuhrumsatzsteuer -> D.211"
DEU_R01_strict,DEU,ESA_REV,R01,1,Value added tax,2029,2029,CY,353296.0511851722,EUR,5055628.563522771,DEU_STEUERSCHAETZUNG,6.988173,,,,strict,direct_forecast,EUROSTAT_GOV10A_MAIN,2025.0,310642.0,DEU_STEUERSCHAETZUNG,1.0275229357798166,,,,0.9986,2025.0,B,DEU_STEUERSCHAETZUNG_to_ESA_REV:1.0,DEU_STEUERSCHAETZUNG,2026-05-07,2026-08-31,current,,,,,,,False,False,True,20260919T115610Z,"Arbeitskreis Steuerschätzungen (170th, May 2026), cash Finanzstatistik by tax, all government levels; growth only (§7.11); cash timing and Kindergeld/Zulagen netting differ from the anchor's accrued gross ESA treatment (D17); EU own resources are financing items outside the tax lines used; components: Steuern vom Umsatz; Steuern vom Umsatz = Umsatzsteuer + Einfuhrumsatzsteuer -> D.211"
DEU_R01_strict,DEU,ESA_REV,R01,1,Value added tax,2030,2030,CY,363860.8849153411,EUR,5205391.908562313,DEU_STEUERSCHAETZUNG,6.990077,,,,strict,direct_forecast,EUROSTAT_GOV10A_MAIN,2025.0,310642.0,DEU_STEUERSCHAETZUNG,1.029903628117914,,,,0.9986,2025.0,B,DEU_STEUERSCHAETZUNG_to_ESA_REV:1.0,DEU_STEUERSCHAETZUNG,2026-05-07,2026-08-31,current,,,,,,,False,False,True,20260919T115610Z,"Arbeitskreis Steuerschätzungen (170th, May 2026), cash Finanzstatistik by tax, all government levels; growth only (§7.11); cash timing and Kindergeld/Zulagen netting differ from the anchor's accrued gross ESA treatment (D17); EU own resources are financing items outside the tax lines used; components: Steuern vom Umsatz; Steuern vom Umsatz = Umsatzsteuer + Einfuhrumsatzsteuer -> D.211"
DEU_R03_strict,DEU,ESA_REV,R03,1,Taxes on household income,2026,2026,CY,426064.87720781704,EUR,4596401.586906554,DEU_STEUERSCHAETZUNG,9.269531,,,,strict,composite_forecast,EUROSTAT_GOV10A_MAIN,2025.0,416392.0,DEU_STEUERSCHAETZUNG,1.0232302186589008,grow_with_proxy,,,0.9789,2025.0,B,DEU_STEUERSCHAETZUNG_to_ESA_REV:1.0,DEU_STEUERSCHAETZUNG,2026-05-07,2026-08-31,current,,,,,,,False,False,True,20260919T115610Z,"Arbeitskreis Steuerschätzungen (170th, May 2026), cash Finanzstatistik by tax, all government levels; growth only (§7.11); cash timing and Kindergeld/Zulagen netting differ from the anchor's accrued gross ESA treatment (D17); EU own resources are financing items outside the tax lines used; components: Lohnsteuer, veranl. Einkommensteuer, nicht veranl. St. v. Ertrag*, AbgSt. a. Zins- u. V.-ertr., - Lohnsteuer, - veranl. Einkommensteuer, - AbgSt. a. Zins- u. Veräuß.-ertr., - nicht veranl. Steuern v. Ertrag; household income taxes incl. the Solidaritätszuschlag parts levied on them (payer-type split per Tab 8.2, §14); constructed, not an official forecast"
DEU_R03_strict,DEU,ESA_REV,R03,1,Taxes on household income,2027,2027,CY,444687.59398037504,EUR,4768904.343939314,DEU_STEUERSCHAETZUNG,9.324733,,,,strict,composite_forecast,EUROSTAT_GOV10A_MAIN,2025.0,416392.0,DEU_STEUERSCHAETZUNG,1.0437086410281,grow_with_proxy,,,0.9789,2025.0,B,DEU_STEUERSCHAETZUNG_to_ESA_REV:1.0,DEU_STEUERSCHAETZUNG,2026-05-07,2026-08-31,current,,,,,,,False,False,True,20260919T115610Z,"Arbeitskreis Steuerschätzungen (170th, May 2026), cash Finanzstatistik by tax, all government levels; growth only (§7.11); cash timing and Kindergeld/Zulagen netting differ from the anchor's accrued gross ESA treatment (D17); EU own resources are financing items outside the tax lines used; components: Lohnsteuer, veranl. Einkommensteuer, nicht veranl. St. v. Ertrag*, AbgSt. a. Zins- u. V.-ertr., - Lohnsteuer, - veranl. Einkommensteuer, - AbgSt. a. Zins- u. Veräuß.-ertr., - nicht veranl. Steuern v. Ertrag; household income taxes incl. the Solidaritätszuschlag parts levied on them (payer-type split per Tab 8.2, §14); constructed, not an official forecast"
DEU_R03_strict,DEU,ESA_REV,R03,1,Taxes on household income,2028,2028,CY,462876.15526042966,EUR,4910174.0313279545,DEU_STEUERSCHAETZUNG,9.426879,,,,strict,composite_forecast,EUROSTAT_GOV10A_MAIN,2025.0,416392.0,DEU_STEUERSCHAETZUNG,1.0409018860122672,grow_with_proxy,,,0.9789,2025.0,B,DEU_STEUERSCHAETZUNG_to_ESA_REV:1.0,DEU_STEUERSCHAETZUNG,2026-05-07,2026-08-31,current,,,,,,,False,False,True,20260919T115610Z,"Arbeitskreis Steuerschätzungen (170th, May 2026), cash Finanzstatistik by tax, all government levels; growth only (§7.11); cash timing and Kindergeld/Zulagen netting differ from the anchor's accrued gross ESA treatment (D17); EU own resources are financing items outside the tax lines used; components: Lohnsteuer, veranl. Einkommensteuer, nicht veranl. St. v. Ertrag*, AbgSt. a. Zins- u. V.-ertr., - Lohnsteuer, - veranl. Einkommensteuer, - AbgSt. a. Zins- u. Veräuß.-ertr., - nicht veranl. Steuern v. Ertrag; household income taxes incl. the Solidaritätszuschlag parts levied on them (payer-type split per Tab 8.2, §14); constructed, not an official forecast"
DEU_R03_strict,DEU,ESA_REV,R03,1,Taxes on household income,2029,2029,CY,486463.5677825561,EUR,5055628.563522771,DEU_STEUERSCHAETZUNG,9.622217,,,,strict,composite_forecast,EUROSTAT_GOV10A_MAIN,2025.0,416392.0,DEU_STEUERSCHAETZUNG,1.050958365977732,grow_with_proxy,,,0.9789,2025.0,B,DEU_STEUERSCHAETZUNG_to_ESA_REV:1.0,DEU_STEUERSCHAETZUNG,2026-05-07,2026-08-31,current,,,,,,,False,False,True,20260919T115610Z,"Arbeitskreis Steuerschätzungen (170th, May 2026), cash Finanzstatistik by tax, all government levels; growth only (§7.11); cash timing and Kindergeld/Zulagen netting differ from the anchor's accrued gross ESA treatment (D17); EU own resources are financing items outside the tax lines used; components: Lohnsteuer, veranl. Einkommensteuer, nicht veranl. St. v. Ertrag*, AbgSt. a. Zins- u. V.-ertr., - Lohnsteuer, - veranl. Einkommensteuer, - AbgSt. a. Zins- u. Veräuß.-ertr., - nicht veranl. Steuern v. Ertrag; household income taxes incl. the Solidaritätszuschlag parts levied on them (payer-type split per Tab 8.2, §14); constructed, not an official forecast"
DEU_R03_strict,DEU,ESA_REV,R03,1,Taxes on household income,2030,2030,CY,511639.4786360774,EUR,5205391.908562313,DEU_STEUERSCHAETZUNG,9.829029,,,,strict,composite_forecast,EUROSTAT_GOV10A_MAIN,2025.0,416392.0,DEU_STEUERSCHAETZUNG,1.0517529215358932,grow_with_proxy,,,0.9789,2025.0,B,DEU_STEUERSCHAETZUNG_to_ESA_REV:1.0,DEU_STEUERSCHAETZUNG,2026-05-07,2026-08-31,current,,,,,,,False,False,True,20260919T115610Z,"Arbeitskreis Steuerschätzungen (170th, May 2026), cash Finanzstatistik by tax, all government levels; growth only (§7.11); cash timing and Kindergeld/Zulagen netting differ from the anchor's accrued gross ESA treatment (D17); EU own resources are financing items outside the tax lines used; components: Lohnsteuer, veranl. Einkommensteuer, nicht veranl. St. v. Ertrag*, AbgSt. a. Zins- u. V.-ertr., - Lohnsteuer, - veranl. Einkommensteuer, - AbgSt. a. Zins- u. Veräuß.-ertr., - nicht veranl. Steuern v. Ertrag; household income taxes incl. the Solidaritätszuschlag parts levied on them (payer-type split per Tab 8.2, §14); constructed, not an official forecast"
DEU_R04_strict,DEU,ESA_REV,R04,1,Taxes on corporate income,2026,2026,CY,119231.9925595128,EUR,4596401.586906554,DEU_STEUERSCHAETZUNG,2.594029,,,,strict,composite_forecast,EUROSTAT_GOV10A_MAIN,2025.0,124542.0,DEU_STEUERSCHAETZUNG,0.9573637211503975,grow_with_proxy,,,0.9462,2025.0,B,DEU_STEUERSCHAETZUNG_to_ESA_REV:1.0,DEU_STEUERSCHAETZUNG,2026-05-07,2026-08-31,current,,,,,,,False,False,True,20260919T115610Z,"Arbeitskreis Steuerschätzungen (170th, May 2026), cash Finanzstatistik by tax, all government levels; growth only (§7.11); cash timing and Kindergeld/Zulagen netting differ from the anchor's accrued gross ESA treatment (D17); EU own resources are financing items outside the tax lines used; components: Körperschaftsteuer, Mindeststeuer, Gewerbesteuer brutto, - Körperschaftsteuer; corporate income taxes: KSt + Mindeststeuer + Gewerbesteuer (gross, D.51 corporations per the national tax list) + Soli on KSt (payer-type split per Tab 8.2, §14); constructed, not an official forecast"
DEU_R04_strict,DEU,ESA_REV,R04,1,Taxes on corporate income,2027,2027,CY,120838.37997921197,EUR,4768904.343939314,DEU_STEUERSCHAETZUNG,2.533881,,,,strict,composite_forecast,EUROSTAT_GOV10A_MAIN,2025.0,124542.0,DEU_STEUERSCHAETZUNG,1.013472788512675,grow_with_proxy,,,0.9462,2025.0,B,DEU_STEUERSCHAETZUNG_to_ESA_REV:1.0,DEU_STEUERSCHAETZUNG,2026-05-07,2026-08-31,current,,,,,,,False,False,True,20260919T115610Z,"Arbeitskreis Steuerschätzungen (170th, May 2026), cash Finanzstatistik by tax, all government levels; growth only (§7.11); cash timing and Kindergeld/Zulagen netting differ from the anchor's accrued gross ESA treatment (D17); EU own resources are financing items outside the tax lines used; components: Körperschaftsteuer, Mindeststeuer, Gewerbesteuer brutto, - Körperschaftsteuer; corporate income taxes: KSt + Mindeststeuer + Gewerbesteuer (gross, D.51 corporations per the national tax list) + Soli on KSt (payer-type split per Tab 8.2, §14); constructed, not an official forecast"
DEU_R04_strict,DEU,ESA_REV,R04,1,Taxes on corporate income,2028,2028,CY,119089.31999263163,EUR,4910174.0313279545,DEU_STEUERSCHAETZUNG,2.425358,,,,strict,composite_forecast,EUROSTAT_GOV10A_MAIN,2025.0,124542.0,DEU_STEUERSCHAETZUNG,0.9855256253279692,grow_with_proxy,,,0.9462,2025.0,B,DEU_STEUERSCHAETZUNG_to_ESA_REV:1.0,DEU_STEUERSCHAETZUNG,2026-05-07,2026-08-31,current,,,,,,,False,False,True,20260919T115610Z,"Arbeitskreis Steuerschätzungen (170th, May 2026), cash Finanzstatistik by tax, all government levels; growth only (§7.11); cash timing and Kindergeld/Zulagen netting differ from the anchor's accrued gross ESA treatment (D17); EU own resources are financing items outside the tax lines used; components: Körperschaftsteuer, Mindeststeuer, Gewerbesteuer brutto, - Körperschaftsteuer; corporate income taxes: KSt + Mindeststeuer + Gewerbesteuer (gross, D.51 corporations per the national tax list) + Soli on KSt (payer-type split per Tab 8.2, §14); constructed, not an official forecast"
DEU_R04_strict,DEU,ESA_REV,R04,1,Taxes on corporate income,2029,2029,CY,121794.81459423022,EUR,5055628.563522771,DEU_STEUERSCHAETZUNG,2.409093,,,,strict,composite_forecast,EUROSTAT_GOV10A_MAIN,2025.0,124542.0,DEU_STEUERSCHAETZUNG,1.0227181967431336,grow_with_proxy,,,0.9462,2025.0,B,DEU_STEUERSCHAETZUNG_to_ESA_REV:1.0,DEU_STEUERSCHAETZUNG,2026-05-07,2026-08-31,current,,,,,,,False,False,True,20260919T115610Z,"Arbeitskreis Steuerschätzungen (170th, May 2026), cash Finanzstatistik by tax, all government levels; growth only (§7.11); cash timing and Kindergeld/Zulagen netting differ from the anchor's accrued gross ESA treatment (D17); EU own resources are financing items outside the tax lines used; components: Körperschaftsteuer, Mindeststeuer, Gewerbesteuer brutto, - Körperschaftsteuer; corporate income taxes: KSt + Mindeststeuer + Gewerbesteuer (gross, D.51 corporations per the national tax list) + Soli on KSt (payer-type split per Tab 8.2, §14); constructed, not an official forecast"
DEU_R04_strict,DEU,ESA_REV,R04,1,Taxes on corporate income,2030,2030,CY,125076.28363249727,EUR,5205391.908562313,DEU_STEUERSCHAETZUNG,2.402822,,,,strict,composite_forecast,EUROSTAT_GOV10A_MAIN,2025.0,124542.0,DEU_STEUERSCHAETZUNG,1.0269426005466615,grow_with_proxy,,,0.9462,2025.0,B,DEU_STEUERSCHAETZUNG_to_ESA_REV:1.0,DEU_STEUERSCHAETZUNG,2026-05-07,2026-08-31,current,,,,,,,False,False,True,20260919T115610Z,"Arbeitskreis Steuerschätzungen (170th, May 2026), cash Finanzstatistik by tax, all government levels; growth only (§7.11); cash timing and Kindergeld/Zulagen netting differ from the anchor's accrued gross ESA treatment (D17); EU own resources are financing items outside the tax lines used; components: Körperschaftsteuer, Mindeststeuer, Gewerbesteuer brutto, - Körperschaftsteuer; corporate income taxes: KSt + Mindeststeuer + Gewerbesteuer (gross, D.51 corporations per the national tax list) + Soli on KSt (payer-type split per Tab 8.2, §14); constructed, not an official forecast"
DEU_R02_A_strict,DEU,ESA_REV,R02_A,2,Excise duties,2025,2025,CY,70820.50276687152,EUR,4469910.0,DEU_STEUERSCHAETZUNG,1.584383,,,,strict,stitched_actual,EUROSTAT_GOV10A_TAXAG,2024.0,65076.0,DEU_STEUERSCHAETZUNG,1.0882737532557551,grow_with_proxy,,,0.9184,2024.0,B,DEU_STEUERSCHAETZUNG_to_ESA_REV:1.0,DEU_STEUERSCHAETZUNG,2026-05-07,2026-08-31,current,,,,,,,False,False,False,20260919T115610Z,"Arbeitskreis Steuerschätzungen (170th, May 2026), cash Finanzstatistik by tax, all government levels; growth only (§7.11); cash timing and Kindergeld/Zulagen netting differ from the anchor's accrued gross ESA treatment (D17); EU own resources are financing items outside the tax lines used; components: Energiesteuer, Tabaksteuer, Alkoholsteuer, Schaumweinsteuer, Kaffeesteuer, Stromsteuer, Biersteuer; excise duties (D.214A): energy, tobacco, spirits, sparkling wine, coffee, electricity and beer duties per the national tax list; constructed, not an official forecast"
DEU_R02_A_strict,DEU,ESA_REV,R02_A,2,Excise duties,2026,2026,CY,65154.82182687696,EUR,4596401.586906554,DEU_STEUERSCHAETZUNG,1.417518,,,,strict,composite_forecast,EUROSTAT_GOV10A_TAXAG,2024.0,65076.0,DEU_STEUERSCHAETZUNG,0.9199994250443976,grow_with_proxy,,,0.9184,2024.0,B,DEU_STEUERSCHAETZUNG_to_ESA_REV:1.0,DEU_STEUERSCHAETZUNG,2026-05-07,2026-08-31,current,,,,,,,False,False,True,20260919T115610Z,"Arbeitskreis Steuerschätzungen (170th, May 2026), cash Finanzstatistik by tax, all government levels; growth only (§7.11); cash timing and Kindergeld/Zulagen netting differ from the anchor's accrued gross ESA treatment (D17); EU own resources are financing items outside the tax lines used; components: Energiesteuer, Tabaksteuer, Alkoholsteuer, Schaumweinsteuer, Kaffeesteuer, Stromsteuer, Biersteuer; excise duties (D.214A): energy, tobacco, spirits, sparkling wine, coffee, electricity and beer duties per the national tax list; constructed, not an official forecast"
DEU_R02_A_strict,DEU,ESA_REV,R02_A,2,Excise duties,2027,2027,CY,66998.18936285462,EUR,4768904.343939314,DEU_STEUERSCHAETZUNG,1.404897,,,,strict,composite_forecast,EUROSTAT_GOV10A_TAXAG,2024.0,65076.0,DEU_STEUERSCHAETZUNG,1.0282921122994653,grow_with_proxy,,,0.9184,2024.0,B,DEU_STEUERSCHAETZUNG_to_ESA_REV:1.0,DEU_STEUERSCHAETZUNG,2026-05-07,2026-08-31,current,,,,,,,False,False,True,20260919T115610Z,"Arbeitskreis Steuerschätzungen (170th, May 2026), cash Finanzstatistik by tax, all government levels; growth only (§7.11); cash timing and Kindergeld/Zulagen netting differ from the anchor's accrued gross ESA treatment (D17); EU own resources are financing items outside the tax lines used; components: Energiesteuer, Tabaksteuer, Alkoholsteuer, Schaumweinsteuer, Kaffeesteuer, Stromsteuer, Biersteuer; excise duties (D.214A): energy, tobacco, spirits, sparkling wine, coffee, electricity and beer duties per the national tax list; constructed, not an official forecast"
DEU_R02_A_strict,DEU,ESA_REV,R02_A,2,Excise duties,2028,2028,CY,66540.88613479165,EUR,4910174.0313279545,DEU_STEUERSCHAETZUNG,1.355163,,,,strict,composite_forecast,EUROSTAT_GOV10A_TAXAG,2024.0,65076.0,DEU_STEUERSCHAETZUNG,0.9931743942274877,grow_with_proxy,,,0.9184,2024.0,B,DEU_STEUERSCHAETZUNG_to_ESA_REV:1.0,DEU_STEUERSCHAETZUNG,2026-05-07,2026-08-31,current,,,,,,,False,False,True,20260919T115610Z,"Arbeitskreis Steuerschätzungen (170th, May 2026), cash Finanzstatistik by tax, all government levels; growth only (§7.11); cash timing and Kindergeld/Zulagen netting differ from the anchor's accrued gross ESA treatment (D17); EU own resources are financing items outside the tax lines used; components: Energiesteuer, Tabaksteuer, Alkoholsteuer, Schaumweinsteuer, Kaffeesteuer, Stromsteuer, Biersteuer; excise duties (D.214A): energy, tobacco, spirits, sparkling wine, coffee, electricity and beer duties per the national tax list; constructed, not an official forecast"
DEU_R02_A_strict,DEU,ESA_REV,R02_A,2,Excise duties,2029,2029,CY,65724.27322753634,EUR,5055628.563522771,DEU_STEUERSCHAETZUNG,1.300022,,,,strict,composite_forecast,EUROSTAT_GOV10A_TAXAG,2024.0,65076.0,DEU_STEUERSCHAETZUNG,0.9877276520543911,grow_with_proxy,,,0.9184,2024.0,B,DEU_STEUERSCHAETZUNG_to_ESA_REV:1.0,DEU_STEUERSCHAETZUNG,2026-05-07,2026-08-31,current,,,,,,,False,False,True,20260919T115610Z,"Arbeitskreis Steuerschätzungen (170th, May 2026), cash Finanzstatistik by tax, all government levels; growth only (§7.11); cash timing and Kindergeld/Zulagen netting differ from the anchor's accrued gross ESA treatment (D17); EU own resources are financing items outside the tax lines used; components: Energiesteuer, Tabaksteuer, Alkoholsteuer, Schaumweinsteuer, Kaffeesteuer, Stromsteuer, Biersteuer; excise duties (D.214A): energy, tobacco, spirits, sparkling wine, coffee, electricity and beer duties per the national tax list; constructed, not an official forecast"
DEU_R02_A_strict,DEU,ESA_REV,R02_A,2,Excise duties,2030,2030,CY,64602.79150157238,EUR,5205391.908562313,DEU_STEUERSCHAETZUNG,1.241074,,,,strict,composite_forecast,EUROSTAT_GOV10A_TAXAG,2024.0,65076.0,DEU_STEUERSCHAETZUNG,0.982936567102364,grow_with_proxy,,,0.9184,2024.0,B,DEU_STEUERSCHAETZUNG_to_ESA_REV:1.0,DEU_STEUERSCHAETZUNG,2026-05-07,2026-08-31,current,,,,,,,False,False,True,20260919T115610Z,"Arbeitskreis Steuerschätzungen (170th, May 2026), cash Finanzstatistik by tax, all government levels; growth only (§7.11); cash timing and Kindergeld/Zulagen netting differ from the anchor's accrued gross ESA treatment (D17); EU own resources are financing items outside the tax lines used; components: Energiesteuer, Tabaksteuer, Alkoholsteuer, Schaumweinsteuer, Kaffeesteuer, Stromsteuer, Biersteuer; excise duties (D.214A): energy, tobacco, spirits, sparkling wine, coffee, electricity and beer duties per the national tax list; constructed, not an official forecast"
DEU_R02_X_strict,DEU,ESA_REV,R02_X,derived,Other taxes on production and imports excluding excise duties,1991,1991,CY,21625.413231667066,EUR,1591610.0,EUROSTAT_NAMA10_GDP,1.358713,,,,strict,derived_actual,EUROSTAT_GOV10A_MAIN,,,,,,,,,,B,,EUROSTAT_GOV10A_MAIN,2026-07-21,2026-09-03,current,,,,,,,False,False,False,20260919T115610Z,derived R02 - R02_A in backward-stitched years (D10 / D-S13-005)
DEU_R02_X_strict,DEU,ESA_REV,R02_X,derived,Other taxes on production and imports excluding excise duties,1992,1992,CY,24267.0679584366,EUR,1709890.0,EUROSTAT_NAMA10_GDP,1.419218,,,,strict,derived_actual,EUROSTAT_GOV10A_MAIN,,,,,,,,,,B,,EUROSTAT_GOV10A_MAIN,2026-07-21,2026-09-03,current,,,,,,,False,False,False,20260919T115610Z,derived R02 - R02_A in backward-stitched years (D10 / D-S13-005)
DEU_R02_X_strict,DEU,ESA_REV,R02_X,derived,Other taxes on production and imports excluding excise duties,1993,1993,CY,24918.046391721902,EUR,1757340.0,EUROSTAT_NAMA10_GDP,1.417941,,,,strict,derived_actual,EUROSTAT_GOV10A_MAIN,,,,,,,,,,B,,EUROSTAT_GOV10A_MAIN,2026-07-21,2026-09-03,current,,,,,,,False,False,False,20260919T115610Z,derived R02 - R02_A in backward-stitched years (D10 / D-S13-005)
DEU_R02_X_strict,DEU,ESA_REV,R02_X,derived,Other taxes on production and imports excluding excise duties,1994,1994,CY,27048.625623096705,EUR,1838020.0,EUROSTAT_NAMA10_GDP,1.471618,,,,strict,derived_actual,EUROSTAT_GOV10A_MAIN,,,,,,,,,,B,,EUROSTAT_GOV10A_MAIN,2026-07-21,2026-09-03,current,,,,,,,False,False,False,20260919T115610Z,derived R02 - R02_A in backward-stitched years (D10 / D-S13-005)
