iso3,weo_vintage,year,is_base_year,tr_anchor_mn,ggr_weo_mn,gap_tr_mn,te_anchor_mn,ggx_weo_mn,gap_te_mn,nlb_anchor_mn,ggxcnl_weo_mn,gap_nlb_mn,ni_ours_mn,ni_weo_mn,gap_ni_mn,gdp_anchor_mn,ngdp_weo_mn,gap_gdp_mn,gap_tr_pct_te,gap_te_pct_te,gap_nlb_pct_te,gap_gdp_pct_gdp,classification,notes
GBR,2026-04,1990,False,227587.0,224545.0,3042.0,237527.0,234842.0,2685.0,-9940.0,-10297.0,357.0,,11366.0,,670331.0,672977.0,-2646.0,1.2807,1.1304,0.1503,-0.3947,perimeter,perimeter gap expected (§14); country mean -0.10% of TE
GBR,2026-04,1991,False,238031.0,233607.0,4424.0,257370.0,253130.0,4240.0,-19339.0,-19523.0,184.0,,9387.0,,705165.0,708072.0,-2907.0,1.7189,1.6474,0.0715,-0.4122,perimeter,perimeter gap expected (§14); country mean -0.10% of TE
GBR,2026-04,1992,False,241577.0,236702.0,4875.0,281615.0,276223.0,5392.0,-40038.0,-39521.0,-517.0,,10064.0,,730156.0,733221.0,-3065.0,1.7311,1.9147,-0.1836,-0.4198,perimeter,perimeter gap expected (§14); country mean -0.10% of TE
GBR,2026-04,1993,False,244677.0,239777.0,4900.0,298094.0,290769.0,7325.0,-53417.0,-50992.0,-2425.0,,11183.0,,769169.0,772390.0,-3221.0,1.6438,2.4573,-0.8135,-0.4188,perimeter,perimeter gap expected (§14); country mean -0.10% of TE
GBR,2026-04,1994,False,262194.0,257336.0,4858.0,311997.0,303886.0,8111.0,-49803.0,-46550.0,-3253.0,,13891.0,,810165.0,813527.0,-3362.0,1.5571,2.5997,-1.0426,-0.415,perimeter,perimeter gap expected (§14); country mean -0.10% of TE
GBR,2026-04,1995,False,282664.0,277869.0,4795.0,328874.0,320359.0,8515.0,-46210.0,-42490.0,-3720.0,22906.0,17349.0,5557.0,851390.0,854921.0,-3531.0,1.458,2.5891,-1.1311,-0.4147,unexplained,perimeter gap expected (§14); country mean -0.10% of TE
GBR,2026-04,1996,False,300002.0,291625.0,8377.0,337467.0,324814.0,12653.0,-37465.0,-33189.0,-4276.0,24263.0,18413.0,5850.0,909894.0,913609.0,-3715.0,2.4823,3.7494,-1.2671,-0.4083,unexplained,perimeter gap expected (§14); country mean -0.10% of TE
GBR,2026-04,1997,False,322933.0,313303.0,9630.0,341776.0,332429.0,9347.0,-18843.0,-19126.0,283.0,24571.0,20283.0,4288.0,954275.0,958539.0,-4264.0,2.8176,2.7348,0.0828,-0.4468,perimeter,perimeter gap expected (§14); country mean -0.10% of TE
GBR,2026-04,1998,False,351490.0,341473.0,10017.0,353573.0,343556.0,10017.0,-2083.0,-2083.0,0.0,25469.0,19730.0,5739.0,998676.0,1002804.0,-4128.0,2.8331,2.8331,0.0,-0.4133,perimeter,perimeter gap expected (§14); country mean -0.10% of TE
GBR,2026-04,1999,False,372689.0,361111.0,11578.0,364712.0,353134.0,11578.0,7977.0,7977.0,0.0,22892.0,17756.0,5136.0,1042219.0,1046727.0,-4508.0,3.1746,3.1746,0.0,-0.4325,perimeter,perimeter gap expected (§14); country mean -0.10% of TE
GBR,2026-04,2000,False,402079.0,388356.0,13723.0,386659.0,372936.0,13723.0,15420.0,15420.0,0.0,23486.0,18260.0,5226.0,1100367.0,1104759.0,-4392.0,3.5491,3.5491,0.0,-0.3991,perimeter,perimeter gap expected (§14); country mean -0.10% of TE
GBR,2026-04,2001,False,417942.0,400586.0,17356.0,414039.0,396683.0,17356.0,3903.0,3903.0,0.0,21385.0,17009.0,4376.0,1145871.0,1150542.0,-4671.0,4.1919,4.1919,0.0,-0.4076,perimeter,perimeter gap expected (§14); country mean -0.10% of TE
GBR,2026-04,2002,False,423991.0,404458.0,19533.0,447236.0,427703.0,19533.0,-23245.0,-23245.0,0.0,19557.0,16354.0,3203.0,1189667.0,1194646.0,-4979.0,4.3675,4.3675,0.0,-0.4185,perimeter,perimeter gap expected (§14); country mean -0.10% of TE
GBR,2026-04,2003,False,447902.0,426883.0,21019.0,488220.0,467201.0,21019.0,-40318.0,-40318.0,0.0,20662.0,17737.0,2925.0,1257397.0,1262502.0,-5105.0,4.3052,4.3052,0.0,-0.406,perimeter,perimeter gap expected (§14); country mean -0.10% of TE
GBR,2026-04,2004,False,488059.0,460724.0,27335.0,529773.0,502438.0,27335.0,-41714.0,-41714.0,0.0,22421.0,19405.0,3016.0,1321889.0,1327143.0,-5254.0,5.1598,5.1598,0.0,-0.3975,perimeter,perimeter gap expected (§14); country mean -0.10% of TE
GBR,2026-04,2005,False,532688.0,492851.0,39837.0,576622.0,536785.0,39837.0,-43934.0,-43934.0,0.0,25562.0,22354.0,3208.0,1397632.0,1403249.0,-5617.0,6.9087,6.9087,0.0,-0.4019,perimeter,perimeter gap expected (§14); country mean -0.10% of TE
GBR,2026-04,2006,False,561010.0,523961.0,37049.0,601477.0,564428.0,37049.0,-40467.0,-40467.0,0.0,26476.0,23729.0,2747.0,1472264.0,1478080.0,-5816.0,6.1597,6.1597,0.0,-0.395,perimeter,perimeter gap expected (§14); country mean -0.10% of TE
GBR,2026-04,2007,False,594042.0,554767.0,39275.0,634877.0,595602.0,39275.0,-40835.0,-40835.0,0.0,29330.0,26119.0,3211.0,1546393.0,1551729.0,-5336.0,6.1862,6.1862,0.0,-0.3451,perimeter,perimeter gap expected (§14); country mean -0.10% of TE
GBR,2026-04,2008,False,625274.0,569851.0,55423.0,706148.0,650725.0,55423.0,-80874.0,-80874.0,0.0,28203.0,24723.0,3480.0,1597786.0,1602217.0,-4431.0,7.8486,7.8486,0.0,-0.2773,perimeter,perimeter gap expected (§14); country mean -0.10% of TE
GBR,2026-04,2009,False,576520.0,533405.0,43115.0,732024.0,688909.0,43115.0,-155504.0,-155504.0,0.0,24825.0,22822.0,2003.0,1556801.0,1559405.0,-2604.0,5.8898,5.8898,0.0,-0.1673,perimeter,perimeter gap expected (§14); country mean -0.10% of TE
GBR,2026-04,2010,False,612140.0,569231.0,42909.0,761564.0,718655.0,42909.0,-149424.0,-149424.0,0.0,42323.0,40831.0,1492.0,1615304.0,1615839.0,-535.0,5.6343,5.6343,0.0,-0.0331,perimeter,perimeter gap expected (§14); country mean -0.10% of TE
GBR,2026-04,2011,False,637367.0,599269.0,38098.0,761359.0,723261.0,38098.0,-123992.0,-123992.0,0.0,48398.0,46689.0,1709.0,1670576.0,1669945.0,631.0,5.0039,5.0039,0.0,0.0378,perimeter,perimeter gap expected (§14); country mean -0.10% of TE
GBR,2026-04,2012,False,643820.0,609066.0,34754.0,780852.0,746098.0,34754.0,-137032.0,-137032.0,0.0,44754.0,40336.0,4418.0,1723202.0,1721708.0,1494.0,4.4508,4.4508,0.0,0.0867,perimeter,perimeter gap expected (§14); country mean -0.10% of TE
GBR,2026-04,2013,False,685641.0,649278.0,36363.0,780359.0,743996.0,36363.0,-94718.0,-94718.0,0.0,45690.0,24896.0,20794.0,1792584.0,1789072.0,3512.0,4.6598,4.6598,0.0,0.1959,perimeter,perimeter gap expected (§14); country mean -0.10% of TE
GBR,2026-04,2014,False,700490.0,662993.0,37497.0,803006.0,765509.0,37497.0,-102516.0,-102516.0,0.0,44668.0,34138.0,10530.0,1877018.0,1875066.0,1952.0,4.6696,4.6696,0.0,0.104,perimeter,perimeter gap expected (§14); country mean -0.10% of TE
GBR,2026-04,2015,False,725144.0,685439.0,39705.0,812579.0,772874.0,39705.0,-87435.0,-87435.0,0.0,39434.0,29008.0,10426.0,1928920.0,1928016.0,904.0,4.8863,4.8863,0.0,0.0469,perimeter,perimeter gap expected (§14); country mean -0.10% of TE
GBR,2026-04,2016,False,763115.0,722092.0,41023.0,828878.0,787855.0,41023.0,-65763.0,-65763.0,0.0,44321.0,32320.0,12001.0,2005533.0,2004755.0,778.0,4.9492,4.9492,0.0,0.0388,perimeter,perimeter gap expected (§14); country mean -0.10% of TE
GBR,2026-04,2017,False,805501.0,762452.0,43049.0,857578.0,814529.0,43049.0,-52077.0,-52077.0,0.0,51080.0,37874.0,13206.0,2102410.0,2097222.0,5188.0,5.0198,5.0198,0.0,0.2468,perimeter,perimeter gap expected (§14); country mean -0.10% of TE
GBR,2026-04,2018,False,832110.0,786776.0,45334.0,880582.0,835248.0,45334.0,-48472.0,-48472.0,0.0,47713.0,36256.0,11457.0,2178105.0,2171559.0,6546.0,5.1482,5.1482,0.0,0.3005,perimeter,perimeter gap expected (§14); country mean -0.10% of TE
GBR,2026-04,2019,False,859047.0,809820.0,49227.0,912674.0,863447.0,49227.0,-53627.0,-53627.0,0.0,43024.0,32178.0,10846.0,2263433.0,2252961.0,10472.0,5.3937,5.3937,0.0,0.4627,perimeter,perimeter gap expected (§14); country mean -0.10% of TE
GBR,2026-04,2020,False,825490.0,773186.0,52304.0,1099852.0,1047548.0,52304.0,-274362.0,-274362.0,0.0,36298.0,23945.0,12353.0,2131729.0,2124720.0,7009.0,4.7555,4.7555,0.0,0.3288,perimeter,perimeter gap expected (§14); country mean -0.10% of TE
GBR,2026-04,2021,False,926020.0,867895.0,58125.0,1101087.0,1042964.0,58123.0,-175067.0,-175069.0,2.0,57676.0,48952.0,8724.0,2332847.0,2322652.0,10195.0,5.2789,5.2787,0.0002,0.437,perimeter,perimeter gap expected (§14); country mean -0.10% of TE
GBR,2026-04,2022,False,1056873.0,997442.0,59431.0,1175592.0,1116147.0,59445.0,-118719.0,-118705.0,-14.0,100283.0,91860.0,8423.0,2590757.0,2580949.0,9808.0,5.0554,5.0566,-0.0012,0.3786,perimeter,perimeter gap expected (§14); country mean -0.10% of TE
GBR,2026-04,2023,False,1114183.0,1049930.0,64253.0,1280766.0,1216331.0,64435.0,-166583.0,-166401.0,-182.0,70508.0,64944.0,5564.0,2766446.0,2752164.0,14282.0,5.0168,5.031,-0.0142,0.5163,perimeter,perimeter gap expected (§14); country mean -0.10% of TE
GBR,2026-04,2024,False,1162812.0,1087651.0,75161.0,1337389.0,1262705.0,74684.0,-174577.0,-175054.0,477.0,64640.0,58756.0,5884.0,2904950.0,2890664.0,14286.0,5.62,5.5843,0.0357,0.4918,perimeter,perimeter gap expected (§14); country mean -0.10% of TE
GBR,2026-04,2025,True,1246259.0,1162402.0,83857.0,1403741.0,1325736.0,78005.0,-157482.0,-163334.0,5852.0,,79337.0,,3044594.0,3037611.0,6983.0,5.9738,5.5569,0.4169,0.2294,perimeter,perimeter gap expected (§14); country mean -0.10% of TE
FRA,2026-04,1995,False,618331.7,618331.7,0.0,680370.4,680300.0,70.40000000002328,-62038.7,-61968.3,-70.39999999999418,36951.6,35010.0,1941.5999999999985,1213802.4,1213802.0,0.39999999990686774,0.0,0.0103,-0.0103,0.0,revision,anchor vintage newer than WEO cut-off
FRA,2026-04,1996,False,649939.5,649939.5,0.0,698523.5,698500.0,23.5,-48584.0,-48560.5,-23.5,40888.1,38819.0,2069.0999999999985,1246973.7,1246974.0,-0.30000000004656613,0.0,0.0034,-0.0034,-0.0,revision,anchor vintage newer than WEO cut-off
FRA,2026-04,1997,False,668781.4,668781.4,0.0,716646.7,716600.0,46.699999999953434,-47865.3,-47818.6,-46.700000000004366,40466.399999999994,38969.0,1497.3999999999942,1289669.2,1289669.0,0.19999999995343387,0.0,0.0065,-0.0065,0.0,revision,anchor vintage newer than WEO cut-off
FRA,2026-04,1998,False,694521.4,694521.4,0.0,726716.1,726700.0,16.099999999976717,-32194.7,-32178.6,-16.100000000002183,40620.600000000006,38909.0,1711.6000000000058,1346317.6,1346318.0,-0.39999999990686774,0.0,0.0022,-0.0022,-0.0,revision,anchor vintage newer than WEO cut-off
FRA,2026-04,1999,False,727044.7,727044.7,0.0,748589.0,748600.0,-11.0,-21544.3,-21555.3,11.0,39721.8,37249.0,2472.800000000003,1395148.0,1395148.0,0.0,0.0,-0.0015,0.0015,0.0,revision,anchor vintage newer than WEO cut-off
FRA,2026-04,2000,False,756006.5,756006.5,0.0,775348.7,775400.0,-51.300000000046566,-19342.2,-19393.5,51.29999999999927,40662.9,38087.0,2575.9000000000015,1473517.3,1473517.0,0.30000000004656613,0.0,-0.0066,0.0066,0.0,revision,anchor vintage newer than WEO cut-off
FRA,2026-04,2001,False,786539.0,786539.0,0.0,808225.6,808200.0,25.599999999976717,-21686.6,-21661.0,-25.599999999998545,42443.6,40022.0,2421.5999999999985,1530070.9,1530071.0,-0.10000000009313226,0.0,0.0032,-0.0032,-0.0,revision,anchor vintage newer than WEO cut-off
FRA,2026-04,2002,False,800986.5,800986.5,0.0,851107.4,851100.0,7.400000000023283,-50120.9,-50113.5,-7.400000000001455,43699.7,41649.0,2050.699999999997,1578330.4,1578330.0,0.39999999990686774,0.0,0.0009,-0.0009,0.0,revision,anchor vintage newer than WEO cut-off
FRA,2026-04,2003,False,815468.6,815468.6,0.0,881785.6,881900.0,-114.40000000002328,-66317.0,-66431.4,114.39999999999418,42494.0,41056.99999999999,1437.0000000000073,1622312.8,1622313.0,-0.19999999995343387,0.0,-0.013,0.013,-0.0,revision,anchor vintage newer than WEO cut-off
FRA,2026-04,2004,False,855606.6,855606.6,0.0,915906.4,915900.0,6.400000000023283,-60299.8,-60293.4,-6.400000000001455,44509.7,42632.0,1877.699999999997,1696107.7,1696108.0,-0.30000000004656613,0.0,0.0007,-0.0007,-0.0,revision,anchor vintage newer than WEO cut-off
FRA,2026-04,2005,False,894341.1,894341.1,0.0,956142.5,956100.0,42.5,-61801.4,-61758.9,-42.5,45167.6,42974.0,2193.5999999999985,1762047.7,1762048.0,-0.30000000004656613,0.0,0.0044,-0.0044,-0.0,revision,anchor vintage newer than WEO cut-off
FRA,2026-04,2006,False,943178.2,943178.2,0.0,992240.8,992200.0,40.800000000046566,-49062.6,-49021.8,-40.799999999995634,45518.799999999996,43816.0,1702.7999999999956,1846020.8,1846021.0,-0.19999999995343387,0.0,0.0041,-0.0041,-0.0,revision,anchor vintage newer than WEO cut-off
FRA,2026-04,2007,False,981351.9,981351.9,0.0,1039287.6,1039300.0,-12.400000000023283,-57935.7,-57948.1,12.400000000001455,48911.6,47844.0,1067.5999999999985,1937876.3,1937876.0,0.30000000004656613,0.0,-0.0012,0.0012,0.0,revision,anchor vintage newer than WEO cut-off
FRA,2026-04,2008,False,1010530.4,1010530.4,0.0,1080220.5,1080200.0,20.5,-69690.1,-69669.6,-20.5,53113.6,52428.00000000001,685.5999999999913,1989999.7,1990000.0,-0.30000000004656613,0.0,0.0019,-0.0019,-0.0,revision,anchor vintage newer than WEO cut-off
FRA,2026-04,2009,False,979773.4,979773.3,0.09999999997671694,1122607.3,1122700.0,-92.69999999995343,-142833.9,-142926.7,92.80000000001746,45463.5,43393.000000000015,2070.4999999999854,1935840.2,1935840.0,0.19999999995343387,0.0,-0.0083,0.0083,0.0,revision,anchor vintage newer than WEO cut-off
FRA,2026-04,2010,False,1009201.3,1009201.3,0.0,1151961.8,1152100.0,-138.19999999995343,-142760.5,-142898.7,138.20000000001164,49455.100000000006,45771.000000000015,3684.0999999999913,1996075.1,1996075.0,0.10000000009313226,0.0,-0.012,0.012,0.0,revision,anchor vintage newer than WEO cut-off
FRA,2026-04,2011,False,1066319.2,1066319.2,0.0,1175704.7,1175600.0,104.69999999995343,-109385.5,-109280.8,-104.69999999999709,54251.8,51246.0,3005.800000000003,2062141.4,2062141.0,0.39999999990686774,0.0,0.0089,-0.0089,0.0,revision,anchor vintage newer than WEO cut-off
FRA,2026-04,2012,False,1100965.9,1100965.9,0.0,1208953.1,1208900.0,53.10000000009313,-107987.2,-107934.1,-53.09999999999127,54340.2,51423.00000000001,2917.19999999999,2088286.7,2088287.0,-0.30000000004656613,0.0,0.0044,-0.0044,-0.0,revision,anchor vintage newer than WEO cut-off
FRA,2026-04,2013,False,1137646.2,1137646.0,0.19999999995343387,1242358.0,1242300.0,58.0,-104711.8,-104654.0,-57.80000000000291,50041.5,46697.0,3344.5,2120351.9,2120352.0,-0.10000000009313226,0.0,0.0047,-0.0047,-0.0,revision,anchor vintage newer than WEO cut-off
FRA,2026-04,2014,False,1159145.1,1159145.2,-0.09999999986030161,1257649.1,1257600.0,49.10000000009313,-98504.0,-98454.8,-49.19999999999709,49398.6,45297.0,4101.5999999999985,2153733.1,2153733.0,0.10000000009313226,-0.0,0.0039,-0.0039,0.0,revision,anchor vintage newer than WEO cut-off
FRA,2026-04,2015,False,1182326.8,1182326.8,0.0,1268007.8,1267900.0,107.80000000004657,-85681.0,-85573.2,-107.80000000000291,46695.2,42555.0,4140.199999999997,2201401.6,2201402.0,-0.39999999990686774,0.0,0.0085,-0.0085,-0.0,revision,anchor vintage newer than WEO cut-off
FRA,2026-04,2016,False,1196622.9,1196623.0,-0.10000000009313226,1280648.1,1280600.0,48.10000000009313,-84025.2,-83977.0,-48.19999999999709,45238.9,40928.0,4310.9000000000015,2231819.2,2231819.0,0.20000000018626451,-0.0,0.0038,-0.0038,0.0,revision,anchor vintage newer than WEO cut-off
FRA,2026-04,2017,False,1244386.9,1244386.9,0.0,1321444.6,1321500.0,-55.39999999990687,-77057.7,-77113.1,55.40000000000873,43611.9,39652.00000000001,3959.899999999994,2291680.5,2291681.0,-0.5,0.0,-0.0042,0.0042,-0.0,revision,anchor vintage newer than WEO cut-off
FRA,2026-04,2018,False,1273016.1,1273016.2,-0.09999999986030161,1327632.3,1327700.0,-67.69999999995343,-54616.2,-54683.8,67.60000000000582,43910.200000000004,33588.0,10322.200000000004,2355362.8,2355363.0,-0.20000000018626451,-0.0,-0.0051,0.0051,-0.0,revision,anchor vintage newer than WEO cut-off
FRA,2026-04,2019,False,1287929.2,1287929.2,0.0,1346154.7,1346100.0,54.699999999953434,-58225.5,-58170.8,-54.69999999999709,38997.4,35838.0,3159.4000000000015,2432206.8,2432207.0,-0.20000000018626451,0.0,0.0041,-0.0041,-0.0,revision,anchor vintage newer than WEO cut-off
FRA,2026-04,2020,False,1223272.6,1223272.6,0.0,1430357.0,1430300.0,57.0,-207084.4,-207027.4,-57.0,32520.8,29332.0,3188.7999999999993,2318276.2,2318276.0,0.20000000018626451,0.0,0.004,-0.004,0.0,revision,anchor vintage newer than WEO cut-off
FRA,2026-04,2021,False,1326231.8,1326274.8,-43.0,1491381.1,1491400.0,-18.899999999906868,-165149.3,-165125.2,-24.099999999976717,37212.8,34273.000000000015,2939.7999999999884,2508102.3,2508102.0,0.2999999998137355,-0.0029,-0.0013,-0.0016,0.0,revision,anchor vintage newer than WEO cut-off
FRA,2026-04,2022,False,1424435.6,1424969.5,-533.8999999999069,1550331.4,1550700.0,-368.60000000009313,-125895.8,-125730.5,-165.3000000000029,51873.6,49804.0,2069.5999999999985,2653997.2,2653997.0,0.20000000018626451,-0.0344,-0.0238,-0.0107,0.0,revision,anchor vintage newer than WEO cut-off
FRA,2026-04,2023,False,1456350.5,1454548.0,1802.5,1608270.8,1608500.0,-229.19999999995343,-151920.3,-153952.0,2031.7000000000116,46532.9,48100.0,-1567.0999999999985,2833826.4,2830205.0,3621.399999999907,0.1121,-0.0143,0.1263,0.1278,revision,anchor vintage newer than WEO cut-off
FRA,2026-04,2024,True,1503590.1,1503612.3,-22.199999999953434,1672708.2,1672700.0,8.199999999953434,-169118.1,-169087.7,-30.39999999999418,53489.399999999994,52600.000000000015,889.3999999999796,2935236.2,2921333.0,13903.200000000186,-0.0013,0.0005,-0.0018,0.4737,revision,anchor vintage newer than WEO cut-off
DEU,2026-04,1995,False,870238.0,870238.0,0.0,1049528.0,1049528.0,0.0,-179290.0,-179290.0,0.0,,58668.0,,1899930.0,1899930.0,0.0,0.0,0.0,0.0,0.0,revision,anchor vintage newer than WEO cut-off
DEU,2026-04,1996,False,885563.0,885563.0,0.0,955732.0,955732.0,0.0,-70169.0,-70169.0,0.0,,58888.0,,1928560.0,1928560.0,0.0,0.0,0.0,0.0,0.0,revision,anchor vintage newer than WEO cut-off
DEU,2026-04,1997,False,899509.0,899509.0,0.0,959060.0,959060.0,0.0,-59551.0,-59551.0,0.0,,59541.0,,1967180.0,1967180.0,0.0,0.0,0.0,0.0,0.0,revision,anchor vintage newer than WEO cut-off
DEU,2026-04,1998,False,923010.0,923010.0,0.0,976592.0,976592.0,0.0,-53582.0,-53582.0,0.0,,61377.0,,2022310.0,2022310.0,0.0,0.0,0.0,0.0,0.0,revision,anchor vintage newer than WEO cut-off
DEU,2026-04,1999,False,968416.0,968416.0,0.0,1007187.0,1007187.0,0.0,-38771.0,-38771.0,0.0,,57994.0,,2077240.0,2077240.0,0.0,0.0,0.0,0.0,0.0,revision,anchor vintage newer than WEO cut-off
DEU,2026-04,2000,False,986936.0,986936.0,0.0,1023445.0,1023445.0,0.0,-36509.0,-36509.0,0.0,61933.0,59091.0,2842.0,2129660.0,2129660.0,0.0,0.0,0.0,0.0,0.0,revision,anchor vintage newer than WEO cut-off
DEU,2026-04,2001,False,977627.0,977627.0,0.0,1046229.0,1046229.0,0.0,-68602.0,-68602.0,0.0,59975.0,57103.0,2872.0,2195530.0,2195530.0,0.0,0.0,0.0,0.0,0.0,revision,anchor vintage newer than WEO cut-off
DEU,2026-04,2002,False,981788.0,981788.0,0.0,1072638.0,1072638.0,0.0,-90850.0,-90850.0,0.0,61344.0,58454.0,2890.0,2223360.0,2223360.0,0.0,0.0,0.0,0.0,0.0,revision,anchor vintage newer than WEO cut-off
DEU,2026-04,2003,False,1001289.0,1001289.0,0.0,1087101.0,1087101.0,0.0,-85812.0,-85812.0,0.0,60854.0,58677.0,2177.0,2240810.0,2240810.0,0.0,0.0,0.0,0.0,0.0,revision,anchor vintage newer than WEO cut-off
DEU,2026-04,2004,False,998635.0,998635.0,0.0,1077080.0,1077080.0,0.0,-78445.0,-78445.0,0.0,60137.0,57805.0,2332.0,2293040.0,2293040.0,0.0,0.0,0.0,0.0,0.0,revision,anchor vintage newer than WEO cut-off
DEU,2026-04,2005,False,1011597.0,1011597.0,0.0,1089993.0,1089993.0,0.0,-78396.0,-78396.0,0.0,58951.0,56796.0,2155.0,2325710.0,2325710.0,0.0,0.0,0.0,0.0,0.0,revision,anchor vintage newer than WEO cut-off
DEU,2026-04,2006,False,1056690.0,1056690.0,0.0,1099274.0,1099274.0,0.0,-42584.0,-42584.0,0.0,58925.0,57809.0,1116.0,2426180.0,2426180.0,0.0,0.0,0.0,0.0,0.0,revision,anchor vintage newer than WEO cut-off
DEU,2026-04,2007,False,1110816.0,1110816.0,0.0,1106879.0,1106879.0,0.0,3937.0,3937.0,0.0,61450.0,60999.0,451.0,2542220.0,2542220.0,0.0,0.0,0.0,0.0,0.0,revision,anchor vintage newer than WEO cut-off
DEU,2026-04,2008,False,1143471.0,1143471.0,0.0,1150280.0,1150280.0,0.0,-6809.0,-6809.0,0.0,60972.0,60396.0,576.0,2589280.0,2589280.0,0.0,0.0,0.0,0.0,0.0,revision,anchor vintage newer than WEO cut-off
DEU,2026-04,2009,False,1125612.0,1125612.0,0.0,1204819.0,1204819.0,0.0,-79207.0,-79207.0,0.0,59349.0,58481.0,868.0,2493970.0,2493970.0,0.0,0.0,0.0,0.0,0.0,revision,anchor vintage newer than WEO cut-off
DEU,2026-04,2010,False,1143087.0,1143087.0,0.0,1258707.0,1258707.0,0.0,-115620.0,-115620.0,0.0,56345.0,55744.0,601.0,2615260.0,2615260.0,0.0,0.0,0.0,0.0,0.0,revision,anchor vintage newer than WEO cut-off
DEU,2026-04,2011,False,1220989.0,1220989.0,0.0,1244063.0,1244063.0,0.0,-23074.0,-23074.0,0.0,55985.0,54815.0,1170.0,2747210.0,2746910.0,300.0,0.0,0.0,0.0,0.0109,revision,anchor vintage newer than WEO cut-off
DEU,2026-04,2012,False,1260986.0,1260986.0,0.0,1262507.0,1262507.0,0.0,-1521.0,-1521.0,0.0,52413.0,51365.0,1048.0,2800680.0,2799280.0,1400.0,0.0,0.0,0.0,0.05,revision,anchor vintage newer than WEO cut-off
DEU,2026-04,2013,False,1298112.0,1298112.0,0.0,1294600.0,1294600.0,0.0,3512.0,3512.0,0.0,42034.0,41060.0,974.0,2869480.0,2866480.0,3000.0,0.0,0.0,0.0,0.1045,revision,anchor vintage newer than WEO cut-off
DEU,2026-04,2014,False,1350164.0,1350164.0,0.0,1328332.0,1328332.0,0.0,21832.0,21832.0,0.0,38178.0,36678.0,1500.0,2988470.0,2984470.0,4000.0,0.0,0.0,0.0,0.1338,revision,anchor vintage newer than WEO cut-off
DEU,2026-04,2015,False,1401532.0,1401532.0,0.0,1373293.0,1373293.0,0.0,28239.0,28239.0,0.0,34709.0,33386.0,1323.0,3094190.0,3087030.0,7160.0,0.0,0.0,0.0,0.2314,revision,anchor vintage newer than WEO cut-off
DEU,2026-04,2016,False,1465493.0,1465493.0,0.0,1429256.0,1429256.0,0.0,36237.0,36237.0,0.0,30823.0,29789.0,1034.0,3204870.0,3195210.0,9660.0,0.0,0.0,0.0,0.3014,revision,anchor vintage newer than WEO cut-off
DEU,2026-04,2017,False,1529123.0,1529123.0,0.0,1484552.0,1484552.0,0.0,44571.0,44571.0,0.0,28577.0,27763.0,814.0,3345860.0,3333110.0,12750.0,0.0,0.0,0.0,0.3811,revision,anchor vintage newer than WEO cut-off
DEU,2026-04,2018,False,1597995.0,1597995.0,0.0,1533328.0,1533328.0,0.0,64667.0,64667.0,0.0,25550.0,24845.0,705.0,3450580.0,3434030.0,16550.0,0.0,0.0,0.0,0.4796,revision,anchor vintage newer than WEO cut-off
DEU,2026-04,2019,False,1657564.0,1657564.0,0.0,1610615.0,1610615.0,0.0,46949.0,46949.0,0.0,21747.0,20899.0,848.0,3557630.0,3537280.0,20350.0,0.0,0.0,0.0,0.572,revision,anchor vintage newer than WEO cut-off
DEU,2026-04,2020,False,1612653.0,1612653.0,0.0,1763784.0,1763784.0,0.0,-151131.0,-151131.0,0.0,18120.0,15991.228999999992,2128.771000000008,3477670.0,3450720.0,26950.0,0.0,0.0,0.0,0.7749,revision,anchor vintage newer than WEO cut-off
DEU,2026-04,2021,False,1749189.0,1749189.0,0.0,1865819.0,1865819.0,0.0,-116630.0,-116630.0,0.0,17377.0,17089.096999999994,287.9030000000057,3713090.0,3682340.0,30750.0,0.0,0.0,0.0,0.8282,revision,anchor vintage newer than WEO cut-off
DEU,2026-04,2022,False,1863070.0,1863070.0,0.0,1939208.0,1939208.0,0.0,-76138.0,-76138.0,0.0,22139.0,22342.932,-203.9320000000007,4010630.0,3989390.0,21240.0,0.0,0.0,0.0,0.5296,revision,anchor vintage newer than WEO cut-off
DEU,2026-04,2023,False,1926184.0,1926184.0,0.0,2031433.0,2031433.0,0.0,-105249.0,-105249.0,0.0,20661.0,26847.496,-6186.495999999999,4254930.0,4219310.0,35620.0,0.0,0.0,0.0,0.8371,revision,anchor vintage newer than WEO cut-off
DEU,2026-04,2024,False,2024422.0,2024422.0,0.0,2139717.0,2139717.0,0.0,-115295.0,-115295.0,0.0,27732.0,35018.47900000001,-7286.479000000007,4386940.0,4328970.0,57970.0,0.0,0.0,0.0,1.3214,revision,anchor vintage newer than WEO cut-off
DEU,2026-04,2025,True,2140194.0,2140194.0,0.0,2259341.0,2259341.0,0.0,-119147.0,-119147.0,0.0,,39362.387,,4529710.0,4469910.0,59800.0,0.0,0.0,0.0,1.3202,revision,anchor vintage newer than WEO cut-off
ITA,2026-04,1995,False,438289.0,438289.0,0.0,509592.0,509592.0,0.0,-71303.0,-71303.0,0.0,,101814.0,,990520.9,990522.0,-1.099999999976717,0.0,0.0,0.0,-0.0001,revision,anchor vintage newer than WEO cut-off
ITA,2026-04,1996,False,468772.0,468772.0,0.0,538010.0,538010.0,0.0,-69238.0,-69238.0,0.0,,108352.0,,1047745.4,1047745.0,0.40000000002328306,0.0,0.0,0.0,0.0,revision,anchor vintage newer than WEO cut-off
ITA,2026-04,1997,False,507513.0,507513.0,0.0,540150.0,540150.0,0.0,-32637.0,-32637.0,0.0,,94486.0,,1095091.6,1095093.0,-1.3999999999068677,0.0,0.0,0.0,-0.0001,revision,anchor vintage newer than WEO cut-off
ITA,2026-04,1998,False,513774.0,513774.0,0.0,547851.0,547851.0,0.0,-34077.0,-34077.0,0.0,,85254.0,,1141256.8,1141257.0,-0.19999999995343387,0.0,0.0,0.0,-0.0,revision,anchor vintage newer than WEO cut-off
ITA,2026-04,1999,False,533453.0,533453.0,0.0,554351.0,554351.0,0.0,-20898.0,-20898.0,0.0,,71852.0,,1177549.7,1177549.0,0.6999999999534339,0.0,0.0,0.0,0.0001,revision,anchor vintage newer than WEO cut-off
ITA,2026-04,2000,False,547045.0,547045.0,0.0,577169.0,577169.0,0.0,-30124.0,-30124.0,0.0,,72565.0,,1244744.2,1244744.0,0.19999999995343387,0.0,0.0,0.0,0.0,revision,anchor vintage newer than WEO cut-off
ITA,2026-04,2001,False,575153.0,575153.0,0.0,616778.0,616778.0,0.0,-41625.0,-41625.0,0.0,76259.0,75131.0,1128.0,1308623.1,1308624.0,-0.8999999999068677,0.0,0.0,0.0,-0.0001,revision,anchor vintage newer than WEO cut-off
ITA,2026-04,2002,False,591190.0,591190.0,0.0,630226.0,630226.0,0.0,-39036.0,-39036.0,0.0,71390.0,70167.0,1223.0,1355522.3,1355522.0,0.30000000004656613,0.0,0.0,0.0,0.0,revision,anchor vintage newer than WEO cut-off
ITA,2026-04,2003,False,612124.0,612124.0,0.0,657271.0,657271.0,0.0,-45147.0,-45147.0,0.0,67051.0,66064.0,987.0,1399386.0,1399386.0,0.0,0.0,0.0,0.0,0.0,revision,anchor vintage newer than WEO cut-off
ITA,2026-04,2004,False,629663.0,629663.0,0.0,680101.0,680101.0,0.0,-50438.0,-50438.0,0.0,67970.0,64462.0,3508.0,1457356.2,1457357.0,-0.8000000000465661,0.0,0.0,0.0,-0.0001,revision,anchor vintage newer than WEO cut-off
ITA,2026-04,2005,False,643925.0,643925.0,0.0,705365.0,705365.0,0.0,-61440.0,-61440.0,0.0,67956.0,64401.0,3555.0,1499073.1,1499073.0,0.10000000009313226,0.0,0.0,0.0,0.0,revision,anchor vintage newer than WEO cut-off
ITA,2026-04,2006,False,685630.0,685630.0,0.0,741870.0,741870.0,0.0,-56240.0,-56240.0,0.0,68296.0,65535.0,2761.0,1559864.2,1559864.0,0.19999999995343387,0.0,0.0,0.0,0.0,revision,anchor vintage newer than WEO cut-off
ITA,2026-04,2007,False,734222.0,734222.0,0.0,755725.0,755725.0,0.0,-21503.0,-21503.0,0.0,74713.0,72893.0,1820.0,1621714.5,1621716.0,-1.5,0.0,0.0,0.0,-0.0001,revision,anchor vintage newer than WEO cut-off
ITA,2026-04,2008,False,742417.0,742417.0,0.0,784890.0,784890.0,0.0,-42473.0,-42473.0,0.0,78124.0,76588.0,1536.0,1643718.8,1643720.0,-1.1999999999534339,0.0,0.0,0.0,-0.0001,revision,anchor vintage newer than WEO cut-off
ITA,2026-04,2009,False,728627.0,728627.0,0.0,808728.0,808728.0,0.0,-80101.0,-80101.0,0.0,69314.0,66268.0,3046.0,1584106.8,1584107.0,-0.19999999995343387,0.0,0.0,0.0,-0.0,revision,anchor vintage newer than WEO cut-off
ITA,2026-04,2010,False,738388.0,738388.0,0.0,805717.0,805717.0,0.0,-67329.0,-67329.0,0.0,69427.0,66193.0,3234.0,1615671.1,1617944.0,-2272.899999999907,0.0,0.0,0.0,-0.1407,revision,anchor vintage newer than WEO cut-off
ITA,2026-04,2011,False,754137.0,754137.0,0.0,812549.0,812549.0,0.0,-58412.0,-58412.0,0.0,75593.0,73166.0,2427.0,1655357.1,1657363.0,-2005.8999999999069,0.0,0.0,0.0,-0.1212,revision,anchor vintage newer than WEO cut-off
ITA,2026-04,2012,False,775551.0,775551.0,0.0,824301.0,824301.0,0.0,-48750.0,-48750.0,0.0,83635.0,80848.0,2787.0,1630709.8,1632899.0,-2189.1999999999534,0.0,0.0,0.0,-0.1342,revision,anchor vintage newer than WEO cut-off
ITA,2026-04,2013,False,778629.0,778629.0,0.0,825233.0,825233.0,0.0,-46604.0,-46604.0,0.0,77945.0,74905.0,3040.0,1618965.0,1621261.0,-2296.0,0.0,0.0,0.0,-0.1418,revision,anchor vintage newer than WEO cut-off
ITA,2026-04,2014,False,783525.0,783525.0,0.0,829632.0,829632.0,0.0,-46107.0,-46107.0,0.0,74683.0,71630.0,3053.0,1633104.1,1635871.0,-2766.899999999907,0.0,0.0,0.0,-0.1694,revision,anchor vintage newer than WEO cut-off
ITA,2026-04,2015,False,794792.0,794792.0,0.0,835694.0,835694.0,0.0,-40902.0,-40902.0,0.0,68702.0,65504.0,3198.0,1660512.5,1663278.0,-2765.5,0.0,0.0,0.0,-0.1665,revision,anchor vintage newer than WEO cut-off
ITA,2026-04,2016,False,794041.0,794041.0,0.0,835037.0,835037.0,0.0,-40996.0,-40996.0,0.0,67287.0,63815.0,3472.0,1701884.8,1704856.0,-2971.1999999999534,0.0,0.0,0.0,-0.1746,revision,anchor vintage newer than WEO cut-off
ITA,2026-04,2017,False,807248.0,807248.0,0.0,851015.0,851015.0,0.0,-43767.0,-43767.0,0.0,66340.0,62890.0,3450.0,1741307.4,1744493.0,-3185.600000000093,0.0,0.0,0.0,-0.1829,revision,anchor vintage newer than WEO cut-off
ITA,2026-04,2018,False,820050.0,820050.0,0.0,859018.0,859018.0,0.0,-38968.0,-38968.0,0.0,65304.0,61892.0,3412.0,1774453.9,1777744.0,-3290.100000000093,0.0,0.0,0.0,-0.1854,revision,anchor vintage newer than WEO cut-off
ITA,2026-04,2019,False,847437.0,847437.0,0.0,873598.0,873598.0,0.0,-26161.0,-26161.0,0.0,61012.0,57514.0,3498.0,1800281.8,1804066.0,-3784.1999999999534,0.0,0.0,0.0,-0.2102,revision,anchor vintage newer than WEO cut-off
ITA,2026-04,2020,False,791669.0,791669.0,0.0,948296.0,948296.0,0.0,-156627.0,-156627.0,0.0,58150.0,54732.0,3418.0,1665979.4,1670013.0,-4033.600000000093,0.0,0.0,0.0,-0.2421,revision,anchor vintage newer than WEO cut-off
ITA,2026-04,2021,False,868994.0,868994.0,0.0,1032529.0,1032529.0,0.0,-163535.0,-163535.0,0.0,64175.0,60506.0,3669.0,1838674.8,1842508.0,-3833.1999999999534,0.0,0.0,0.0,-0.2085,revision,anchor vintage newer than WEO cut-off
ITA,2026-04,2022,False,935758.0,935758.0,0.0,1097627.0,1097627.0,0.0,-161869.0,-161869.0,0.0,82302.0,78629.0,3673.0,1998269.1,1998073.0,196.10000000009313,0.0,0.0,0.0,0.0098,revision,anchor vintage newer than WEO cut-off
ITA,2026-04,2023,False,996217.0,996217.0,0.0,1149084.0,1149084.0,0.0,-152867.0,-152867.0,0.0,75167.0,72698.0,2469.0,2141760.8,2142744.0,-983.2000000001863,0.0,0.0,0.0,-0.0459,revision,anchor vintage newer than WEO cut-off
ITA,2026-04,2024,False,1036025.0,1036025.0,0.0,1109804.0,1109804.0,0.0,-73779.0,-73779.0,0.0,81845.0,79539.0,2306.0,2210594.7,2202031.0,8563.700000000186,0.0,0.0,0.0,0.3874,revision,anchor vintage newer than WEO cut-off
ITA,2026-04,2025,True,1085928.0,1082573.0,3355.0,1155309.0,1152859.0,2450.0,-69381.0,-70286.0,905.0,,81513.0,,2265002.5,2258049.0,6953.5,0.2904,0.2121,0.0783,0.307,revision,anchor vintage newer than WEO cut-off
ESP,2026-04,1995,False,171795.0,171852.0,-57.0,203062.0,203119.0,-57.0,-31267.0,-31267.0,0.0,21049.0,20299.0,750.0,460259.0,460259.0,0.0,-0.0281,-0.0281,0.0,0.0,perimeter,perimeter gap expected (§14); country mean 0.02% of TE
ESP,2026-04,1996,False,180897.0,180938.0,-41.0,209578.0,209619.0,-41.0,-28681.0,-28681.0,0.0,22858.0,22069.0,789.0,488946.0,488946.0,0.0,-0.0196,-0.0196,0.0,0.0,perimeter,perimeter gap expected (§14); country mean 0.02% of TE
ESP,2026-04,1997,False,195271.0,195317.0,-46.0,215299.0,215345.0,-46.0,-20028.0,-20028.0,0.0,21721.0,21150.0,571.0,518971.0,518971.0,0.0,-0.0214,-0.0214,0.0,0.0,perimeter,perimeter gap expected (§14); country mean 0.02% of TE
ESP,2026-04,1998,False,213003.0,213065.0,-62.0,227597.0,227659.0,-62.0,-14594.0,-14594.0,0.0,20670.0,20204.0,466.0,555559.0,555559.0,0.0,-0.0272,-0.0272,0.0,0.0,perimeter,perimeter gap expected (§14); country mean 0.02% of TE
ESP,2026-04,1999,False,230397.0,230469.0,-72.0,237779.0,237851.0,-72.0,-7382.0,-7382.0,0.0,18840.0,18423.0,417.0,595242.0,595242.0,0.0,-0.0303,-0.0303,0.0,0.0,perimeter,perimeter gap expected (§14); country mean 0.02% of TE
ESP,2026-04,2000,False,245747.0,245833.0,-86.0,253267.0,253353.0,-86.0,-7520.0,-7520.0,0.0,18540.0,18182.0,358.0,647569.0,647569.0,0.0,-0.034,-0.034,0.0,0.0,perimeter,perimeter gap expected (§14); country mean 0.02% of TE
ESP,2026-04,2001,False,266006.0,266085.0,-79.0,269195.0,269274.0,-79.0,-3189.0,-3189.0,0.0,18142.0,17451.0,691.0,700958.0,700958.0,0.0,-0.0293,-0.0293,0.0,0.0,perimeter,perimeter gap expected (§14); country mean 0.02% of TE
ESP,2026-04,2002,False,287171.0,287233.0,-62.0,289527.0,289607.0,-80.0,-2356.0,-2374.0,18.0,17783.0,16964.0,819.0,749744.0,749744.0,0.0,-0.0214,-0.0276,0.0062,0.0,perimeter,perimeter gap expected (§14); country mean 0.02% of TE
ESP,2026-04,2003,False,304787.0,304862.0,-75.0,307796.0,307871.0,-75.0,-3009.0,-3009.0,0.0,16947.0,16154.0,793.0,802683.0,802683.0,0.0,-0.0244,-0.0244,0.0,0.0,perimeter,perimeter gap expected (§14); country mean 0.02% of TE
ESP,2026-04,2004,False,332725.0,332795.0,-70.0,333666.0,333613.0,53.0,-941.0,-818.0,-123.0,15808.0,15060.0,748.0,860059.0,860059.0,0.0,-0.021,0.0159,-0.0369,0.0,perimeter,perimeter gap expected (§14); country mean 0.02% of TE
ESP,2026-04,2005,False,368206.0,368278.0,-72.0,356785.0,356857.0,-72.0,11421.0,11421.0,0.0,14528.0,13783.0,745.0,928122.0,928122.0,0.0,-0.0202,-0.0202,0.0,0.0,perimeter,perimeter gap expected (§14); country mean 0.02% of TE
ESP,2026-04,2006,False,407079.0,407149.0,-70.0,385757.0,385827.0,-70.0,21322.0,21322.0,0.0,13403.0,12597.0,806.0,1004976.0,1004976.0,0.0,-0.0181,-0.0181,0.0,0.0,perimeter,perimeter gap expected (§14); country mean 0.02% of TE
ESP,2026-04,2007,False,442451.0,442491.0,-40.0,422164.0,422204.0,-40.0,20287.0,20287.0,0.0,12750.0,11540.0,1210.0,1077541.0,1077541.0,0.0,-0.0095,-0.0095,0.0,0.0,perimeter,perimeter gap expected (§14); country mean 0.02% of TE
ESP,2026-04,2008,False,409082.0,409092.0,-10.0,459813.0,459823.0,-10.0,-50731.0,-50731.0,0.0,12863.0,11511.0,1352.0,1112432.0,1112432.0,0.0,-0.0022,-0.0022,0.0,0.0,perimeter,perimeter gap expected (§14); country mean 0.02% of TE
ESP,2026-04,2009,False,373777.0,373779.0,-2.0,494353.0,494355.0,-2.0,-120576.0,-120576.0,0.0,15658.0,14100.0,1558.0,1072990.0,1072990.0,0.0,-0.0004,-0.0004,0.0,0.0,perimeter,perimeter gap expected (§14); country mean 0.02% of TE
ESP,2026-04,2010,False,391624.0,391622.0,2.0,493817.0,493815.0,2.0,-102193.0,-102193.0,0.0,17685.0,16374.0,1311.0,1077145.0,1077145.0,0.0,0.0004,0.0004,0.0,0.0,perimeter,perimeter gap expected (§14); country mean 0.02% of TE
ESP,2026-04,2011,False,387333.0,387370.0,-37.0,490908.0,490976.0,-68.0,-103575.0,-103606.0,31.0,22623.0,20915.0,1708.0,1068690.0,1068690.0,0.0,-0.0075,-0.0139,0.0063,0.0,perimeter,perimeter gap expected (§14); country mean 0.02% of TE
ESP,2026-04,2012,False,390842.0,390992.0,-150.0,509936.0,510092.0,-156.0,-119094.0,-119100.0,6.0,29177.0,26252.0,2925.0,1035964.0,1035964.0,0.0,-0.0294,-0.0306,0.0012,0.0,perimeter,perimeter gap expected (§14); country mean 0.02% of TE
ESP,2026-04,2013,False,396593.0,396627.0,-34.0,473398.0,473465.0,-67.0,-76805.0,-76838.0,33.0,32954.0,30425.0,2529.0,1025652.0,1025652.0,0.0,-0.0072,-0.0142,0.007,0.0,perimeter,perimeter gap expected (§14); country mean 0.02% of TE
ESP,2026-04,2014,False,405125.0,405016.0,109.0,467841.0,468113.0,-272.0,-62716.0,-63097.0,381.0,33646.0,30998.0,2648.0,1038949.0,1038949.0,0.0,0.0233,-0.0581,0.0814,0.0,perimeter,perimeter gap expected (§14); country mean 0.02% of TE
ESP,2026-04,2015,False,417645.0,417646.0,-1.0,474893.0,474881.0,12.0,-57248.0,-57235.0,-13.0,30936.0,28152.0,2784.0,1087112.0,1087112.0,0.0,-0.0002,0.0025,-0.0027,0.0,perimeter,perimeter gap expected (§14); country mean 0.02% of TE
ESP,2026-04,2016,False,425316.0,425315.0,1.0,472717.0,473208.0,-491.0,-47401.0,-47893.0,492.0,28873.0,26730.0,2143.0,1122967.0,1122967.0,0.0,0.0002,-0.1039,0.1041,0.0,perimeter,perimeter gap expected (§14); country mean 0.02% of TE
ESP,2026-04,2017,False,444005.0,444037.0,-32.0,479908.0,480265.0,-357.0,-35903.0,-36228.0,325.0,27833.0,26099.0,1734.0,1170024.0,1170024.0,0.0,-0.0067,-0.0744,0.0677,0.0,perimeter,perimeter gap expected (§14); country mean 0.02% of TE
ESP,2026-04,2018,False,472250.0,472140.0,110.0,503193.0,503364.0,-171.0,-30943.0,-31224.0,281.0,27967.0,26381.0,1586.0,1212276.0,1212276.0,0.0,0.0219,-0.034,0.0558,0.0,perimeter,perimeter gap expected (§14); country mean 0.02% of TE
ESP,2026-04,2019,False,488347.0,488536.0,-189.0,526769.0,526652.0,117.0,-38422.0,-38116.0,-306.0,26458.0,25566.0,892.0,1253710.0,1253710.0,0.0,-0.0359,0.0222,-0.0581,0.0,perimeter,perimeter gap expected (§14); country mean 0.02% of TE
ESP,2026-04,2020,False,468267.0,467572.0,695.0,580164.0,580771.0,-607.0,-111897.0,-113199.0,1302.0,23838.0,22874.0,964.0,1129214.0,1129214.0,0.0,0.1198,-0.1046,0.2244,0.0,perimeter,perimeter gap expected (§14); country mean 0.02% of TE
ESP,2026-04,2021,False,528950.0,529208.0,-258.0,611124.0,611470.0,-346.0,-82174.0,-82262.0,88.0,24726.0,23914.0,812.0,1235474.0,1235474.0,0.0,-0.0422,-0.0566,0.0144,0.0,perimeter,perimeter gap expected (§14); country mean 0.02% of TE
ESP,2026-04,2022,False,574012.0,574012.0,0.0,637117.0,637117.0,0.0,-63105.0,-63105.0,0.0,29691.0,28856.0,835.0,1375863.0,1375863.0,0.0,0.0,0.0,0.0,0.0,perimeter,perimeter gap expected (§14); country mean 0.02% of TE
ESP,2026-04,2023,False,630198.0,630198.0,0.0,680225.0,680225.0,0.0,-50027.0,-50027.0,0.0,28122.0,26947.0,1175.0,1496277.0,1497761.0,-1484.0,0.0,0.0,0.0,-0.0992,perimeter,perimeter gap expected (§14); country mean 0.02% of TE
ESP,2026-04,2024,False,673734.0,673734.0,0.0,725001.0,725001.0,0.0,-51267.0,-51267.0,0.0,29726.0,28875.0,851.0,1598588.0,1594330.0,4258.0,0.0,0.0,0.0,0.2664,perimeter,perimeter gap expected (§14); country mean 0.02% of TE
ESP,2026-04,2025,True,724554.0,711425.301,13128.699000000022,764884.0,753499.296,11384.704000000027,-40330.0,-42073.994,1743.9939999999988,,35908.273,,1690012.0,1685783.0,4229.0,1.7164,1.4884,0.228,0.2502,perimeter,perimeter gap expected (§14); country mean 0.02% of TE
BEL,2026-04,1995,False,101322.1,101322.1,0.0,110811.6,110812.0,-0.39999999999417923,-9489.6,-9489.9,0.2999999999992724,,17580.8,,210489.1,210490.0,-0.8999999999941792,0.0,-0.0004,0.0003,-0.0004,revision,anchor vintage newer than WEO cut-off
BEL,2026-04,1996,False,105107.0,105107.0,0.0,113683.9,113684.0,-0.10000000000582077,-8576.9,-8577.0,0.1000000000003638,,17109.4,,214287.1,214288.0,-0.8999999999941792,0.0,-0.0001,0.0001,-0.0004,revision,anchor vintage newer than WEO cut-off
BEL,2026-04,1997,False,110819.1,110819.1,0.0,115640.2,115640.0,0.19999999999708962,-4821.0,-4820.9,-0.1000000000003638,,16379.3,,224101.5,224101.0,0.5,0.0,0.0002,-0.0001,0.0002,revision,anchor vintage newer than WEO cut-off
BEL,2026-04,1998,False,116159.4,116159.3,0.09999999999126885,118543.5,118544.0,-0.5,-2384.1,-2384.7,0.599999999999909,,16270.2,,232623.8,232624.0,-0.20000000001164153,0.0001,-0.0004,0.0005,-0.0001,revision,anchor vintage newer than WEO cut-off
BEL,2026-04,1999,False,120786.4,120786.4,0.0,122357.4,122357.0,0.39999999999417923,-1571.0,-1570.6,-0.40000000000009095,,15701.4,,242307.6,242308.0,-0.39999999999417923,0.0,0.0003,-0.0003,-0.0002,revision,anchor vintage newer than WEO cut-off
BEL,2026-04,2000,False,126442.3,126442.3,0.0,126645.6,126646.0,-0.39999999999417923,-203.3,-203.7,0.39999999999997726,,16044.1,,256376.4,256376.0,0.39999999999417923,0.0,-0.0003,0.0003,0.0002,revision,anchor vintage newer than WEO cut-off
BEL,2026-04,2001,False,131142.4,131142.3,0.10000000000582077,130526.9,130527.0,-0.10000000000582077,615.5,615.3,0.20000000000004547,16085.5,15876.8,208.70000000000073,264334.9,264335.0,-0.09999999997671694,0.0001,-0.0001,0.0002,-0.0,revision,anchor vintage newer than WEO cut-off
BEL,2026-04,2002,False,136245.0,136245.0,0.0,136364.4,136364.0,0.39999999999417923,-119.4,-119.0,-0.4000000000000057,15059.199999999999,14657.9,401.2999999999993,273255.9,273255.0,0.9000000000232831,0.0,0.0003,-0.0003,0.0003,revision,anchor vintage newer than WEO cut-off
BEL,2026-04,2003,False,138303.3,138303.3,0.0,143545.3,143545.0,0.29999999998835847,-5242.0,-5241.7,-0.3000000000001819,14134.699999999999,13920.900000000001,213.79999999999745,281200.2,281201.0,-0.7999999999883585,0.0,0.0002,-0.0002,-0.0003,revision,anchor vintage newer than WEO cut-off
BEL,2026-04,2004,False,145679.7,145679.7,0.0,146388.2,146388.0,0.20000000001164153,-708.5,-708.3,-0.20000000000004547,13466.400000000001,13278.699999999999,187.70000000000255,296819.7,296820.0,-0.29999999998835847,0.0,0.0001,-0.0001,-0.0001,revision,anchor vintage newer than WEO cut-off
BEL,2026-04,2005,False,152374.1,152374.1,0.0,160791.6,160792.0,-0.39999999999417923,-8417.5,-8417.9,0.3999999999996362,12917.6,12525.2,392.39999999999964,310037.6,310037.0,0.5999999999767169,0.0,-0.0002,0.0002,0.0002,revision,anchor vintage newer than WEO cut-off
BEL,2026-04,2006,False,159418.4,159418.4,0.0,158639.4,158639.0,0.39999999999417923,779.0,779.4,-0.39999999999997726,12758.5,12213.2,545.2999999999993,325151.5,325151.0,0.5,0.0,0.0003,-0.0003,0.0002,revision,anchor vintage newer than WEO cut-off
BEL,2026-04,2007,False,167099.7,167099.7,0.0,166871.4,166871.0,0.39999999999417923,228.3,228.7,-0.39999999999997726,12748.900000000001,12367.699999999999,381.20000000000255,343618.9,343619.0,-0.09999999997671694,0.0,0.0002,-0.0002,-0.0,revision,anchor vintage newer than WEO cut-off
BEL,2026-04,2008,False,174745.9,174745.9,0.0,178598.7,178599.0,-0.29999999998835847,-3852.8,-3853.1,0.29999999999972715,12620.6,12404.0,216.60000000000036,351743.1,351743.0,0.09999999997671694,0.0,-0.0002,0.0002,0.0,revision,anchor vintage newer than WEO cut-off
BEL,2026-04,2009,False,170677.7,170677.7,0.0,189621.2,189621.0,0.20000000001164153,-18943.5,-18943.3,-0.2000000000007276,12643.9,12194.3,449.60000000000036,347734.9,347735.0,-0.09999999997671694,0.0,0.0001,-0.0001,-0.0,revision,anchor vintage newer than WEO cut-off
BEL,2026-04,2010,False,180783.3,180783.3,0.0,195796.5,195797.0,-0.5,-15013.3,-15013.7,0.4000000000014552,12458.400000000001,11901.7,556.7000000000007,363242.4,363242.0,0.40000000002328306,0.0,-0.0003,0.0002,0.0001,revision,anchor vintage newer than WEO cut-off
BEL,2026-04,2011,False,191591.2,191591.2,0.0,208413.2,208413.0,0.20000000001164153,-16822.0,-16821.8,-0.2000000000007276,12798.6,12106.5,692.1000000000004,378745.4,378747.0,-1.599999999976717,0.0,0.0001,-0.0001,-0.0004,revision,anchor vintage newer than WEO cut-off
BEL,2026-04,2012,False,201324.9,201324.9,0.0,218194.4,218194.0,0.39999999999417923,-16869.4,-16869.1,-0.3000000000029104,13368.300000000001,12538.599999999999,829.7000000000025,387934.9,387936.0,-1.099999999976717,0.0,0.0002,-0.0001,-0.0003,revision,anchor vintage newer than WEO cut-off
BEL,2026-04,2013,False,208114.7,208114.7,0.0,220598.6,220599.0,-0.39999999999417923,-12483.8,-12484.3,0.5,12693.3,11899.4,793.8999999999996,394616.3,394617.0,-0.7000000000116415,0.0,-0.0002,0.0002,-0.0002,revision,anchor vintage newer than WEO cut-off
BEL,2026-04,2014,False,211555.8,211555.8,0.0,224414.0,224414.0,0.0,-12858.1,-12858.2,0.1000000000003638,12712.0,11990.6,721.3999999999996,404958.3,404959.0,-0.7000000000116415,0.0,0.0,0.0,-0.0002,revision,anchor vintage newer than WEO cut-off
BEL,2026-04,2015,False,213609.7,213609.7,0.0,223895.8,223896.0,-0.20000000001164153,-10286.1,-10286.3,0.1999999999989086,11867.199999999999,11102.8,764.3999999999996,415538.0,415538.0,0.0,0.0,-0.0001,0.0001,0.0,revision,anchor vintage newer than WEO cut-off
BEL,2026-04,2016,False,218293.2,218293.2,0.0,228708.7,228709.0,-0.29999999998835847,-10415.3,-10415.8,0.5,11388.8,10570.9,817.8999999999996,428467.1,428467.0,0.09999999997671694,0.0,-0.0001,0.0002,0.0,revision,anchor vintage newer than WEO cut-off
BEL,2026-04,2017,False,228314.7,228314.7,0.0,231699.4,231699.0,0.39999999999417923,-3384.7,-3384.3,-0.3999999999996362,10290.0,9392.0,898.0,443407.2,443408.0,-0.7999999999883585,0.0,0.0002,-0.0002,-0.0002,revision,anchor vintage newer than WEO cut-off
BEL,2026-04,2018,False,236191.2,236191.2,0.0,241008.2,241008.0,0.20000000001164153,-4817.0,-4816.8,-0.1999999999998181,9577.6,8681.0,896.6000000000004,459491.8,459492.0,-0.20000000001164153,0.0,0.0001,-0.0001,-0.0,revision,anchor vintage newer than WEO cut-off
BEL,2026-04,2019,False,238300.2,238300.2,0.0,248119.3,248119.0,0.29999999998835847,-9819.1,-9818.8,-0.3000000000010914,9264.3,8404.8,859.5,479444.9,479446.0,-1.099999999976717,0.0,0.0001,-0.0001,-0.0002,revision,anchor vintage newer than WEO cut-off
BEL,2026-04,2020,False,229177.7,229177.7,0.0,271076.2,271076.0,0.20000000001164153,-41898.5,-41898.3,-0.19999999999708962,8843.4,7928.600000000006,914.7999999999938,463750.9,463750.0,0.9000000000232831,0.0,0.0001,-0.0001,0.0002,revision,anchor vintage newer than WEO cut-off
BEL,2026-04,2021,False,250681.2,250681.2,0.0,278017.6,278018.0,-0.40000000002328306,-27336.5,-27336.8,0.2999999999992724,8210.1,7326.5,883.6000000000004,506047.2,506047.0,0.20000000001164153,0.0,-0.0001,0.0001,0.0,revision,anchor vintage newer than WEO cut-off
BEL,2026-04,2022,False,274862.7,274494.4,368.29999999998836,294745.9,294711.0,34.90000000002328,-19883.0,-20216.6,333.59999999999854,7977.799999999999,7210.199999999999,767.6000000000004,561678.2,561309.0,369.19999999995343,0.125,0.0118,0.1132,0.0657,revision,anchor vintage newer than WEO cut-off
BEL,2026-04,2023,False,293330.9,293942.8,-611.8999999999651,318050.9,318078.0,-27.099999999976717,-24720.1,-24135.2,-584.8999999999978,9419.3,8766.1,653.1999999999989,601866.5,602376.0,-509.5,-0.1924,-0.0085,-0.1839,-0.0847,revision,anchor vintage newer than WEO cut-off
BEL,2026-04,2024,True,308044.6,308230.2,-185.60000000003492,335100.1,335288.0,-187.90000000002328,-27056.3,-27057.8,1.5,11057.1,10041.3,1015.8000000000011,619914.3,620272.0,-357.69999999995343,-0.0554,-0.0561,0.0004,-0.0577,revision,anchor vintage newer than WEO cut-off
USA,2026-04,2001,False,3572558.054,3413430.0,159128.054,3768842.739,3471021.0,297821.73900000006,-196284.685,-57591.0,-138693.685,348310.265,244704.0,103606.26500000001,10581929.0,10581925.0,4.0,4.2222,7.9022,-3.68,0.0,unexplained,perimeter gap expected (§14); country mean -2.34% of TE
USA,2026-04,2002,False,3435253.773,3265289.0,169964.77300000004,4015593.389,3682918.0,332675.38899999997,-580339.616,-417629.0,-162710.61600000004,353259.88899999997,229967.0,123292.88899999997,10929108.0,10929100.0,8.0,4.2326,8.2846,-4.052,0.0001,unexplained,perimeter gap expected (§14); country mean -2.34% of TE
USA,2026-04,2003,False,3532824.016,3352897.0,179927.01599999983,4268405.593,3899438.0,368967.59300000034,-735581.577,-546541.0,-189040.57700000005,384438.407,224422.0,160016.407,11456450.0,11456450.0,0.0,4.2153,8.6442,-4.4288,0.0,unexplained,perimeter gap expected (§14); country mean -2.34% of TE
USA,2026-04,2004,False,3796621.239,3601074.0,195547.23900000006,4503250.177,4119540.0,383710.17700000014,-706628.938,-518466.0,-188162.93799999997,388394.741,231281.0,157113.74099999998,12217196.0,12217175.0,21.0,4.3424,8.5207,-4.1784,0.0002,unexplained,perimeter gap expected (§14); country mean -2.34% of TE
USA,2026-04,2005,False,4235671.686,4022974.0,212697.68599999975,4817585.229,4423929.0,393656.2290000003,-581913.543,-400955.0,-180958.54299999995,418489.586,259616.0,158873.586,13039197.0,13039200.0,-3.0,4.415,8.1712,-3.7562,-0.0,unexplained,perimeter gap expected (§14); country mean -2.34% of TE
USA,2026-04,2006,False,4602790.633,4373418.0,229372.63300000038,5065366.17,4654711.0,410655.1699999999,-462575.536,-281293.0,-181282.53600000002,437910.171,271087.0,166823.17099999997,13815583.0,13815600.0,-17.0,4.5283,8.1071,-3.5789,-0.0001,unexplained,perimeter gap expected (§14); country mean -2.34% of TE
USA,2026-04,2007,False,4830215.236,4580913.0,249302.23599999957,5408532.177,5002549.0,405983.17700000014,-578316.94,-421636.0,-156680.93999999994,463101.641,299099.0,164002.641,14474228.0,14474250.0,-22.0,4.6094,7.5063,-2.8969,-0.0002,perimeter,perimeter gap expected (§14); country mean -2.34% of TE
USA,2026-04,2008,False,4773133.99,4509472.0,263661.9900000002,5860288.656,5486125.25,374163.4060000004,-1087154.666,-976653.25,-110501.41599999997,470151.502,298842.0,171309.50199999998,14769862.0,14769850.0,12.0,4.4991,6.3847,-1.8856,0.0001,perimeter,perimeter gap expected (§14); country mean -2.34% of TE
USA,2026-04,2009,False,4354776.492,4085971.0,268805.4919999996,6253856.833,5993718.25,260138.58299999963,-1899080.341,-1907747.25,8666.908999999985,511783.598,273466.0,238317.598,14478067.0,14478050.0,17.0,4.2982,4.1597,0.1386,0.0001,unexplained,perimeter gap expected (§14); country mean -2.34% of TE
USA,2026-04,2010,False,4606574.082,4329605.0,276969.0820000004,6472653.579,5983867.5,488786.0789999999,-1866079.497,-1654262.5,-211816.99699999997,540620.918,304973.0,235647.91799999995,15048971.0,15048975.0,-4.0,4.2791,7.5516,-3.2725,-0.0,perimeter,perimeter gap expected (§14); country mean -2.34% of TE
USA,2026-04,2011,False,4822437.856,4536464.0,285973.8559999997,6535058.593,6052056.0,483002.59300000034,-1712620.737,-1515592.0,-197028.73699999996,588388.604,358204.0,230184.60400000005,15599732.0,15599725.0,7.0,4.376,7.3909,-3.0149,0.0,perimeter,perimeter gap expected (§14); country mean -2.34% of TE
USA,2026-04,2012,False,5018346.565,4731356.0,286990.5650000004,6515363.741,6050164.0,465199.7410000004,-1497017.176,-1318808.0,-178209.17599999998,607859.679,359031.0,248828.679,16253970.0,16253950.0,20.0,4.4048,7.14,-2.7352,0.0001,perimeter,perimeter gap expected (§14); country mean -2.34% of TE
USA,2026-04,2013,False,5565372.32,5270418.0,294954.3200000003,6548911.724,6040297.0,508614.7240000004,-983539.404,-769879.0,-213660.40399999998,588068.581,333711.0,254357.581,16880683.0,16880675.0,8.0,4.5039,7.7664,-3.2625,0.0,perimeter,perimeter gap expected (§14); country mean -2.34% of TE
USA,2026-04,2014,False,5809932.5,5510979.0,298953.5,6721068.225,6219883.0,501185.2249999996,-911135.725,-708904.0,-202231.72499999998,599176.5499999999,346896.0,252280.54999999993,17608138.0,17608125.0,13.0,4.448,7.4569,-3.0089,0.0001,perimeter,perimeter gap expected (§14); country mean -2.34% of TE
USA,2026-04,2015,False,6068701.015,5763188.0,305513.01499999966,6910981.379,6408912.0,502069.3789999997,-842280.364,-645724.0,-196556.36399999994,592049.618,336086.0,255963.61800000002,18295019.0,18295000.0,19.0,4.4207,7.2648,-2.8441,0.0001,perimeter,perimeter gap expected (§14); country mean -2.34% of TE
USA,2026-04,2016,False,6142532.039,5825138.0,317394.0389999999,7156461.234,6644348.0,512113.2340000002,-1013929.196,-819210.0,-194719.196,626999.517,372760.0,254239.517,18804913.0,18804900.0,13.0,4.4351,7.156,-2.7209,0.0001,perimeter,perimeter gap expected (§14); country mean -2.34% of TE
USA,2026-04,2017,False,6538636.446,5962055.0,576581.4460000005,7407363.809,6902297.0,505066.80900000036,-868727.362,-940242.0,71514.63800000004,654310.435,394863.0,259447.43500000006,19612102.0,19612100.0,2.0,7.7839,6.8184,0.9655,0.0,unexplained,perimeter gap expected (§14); country mean -2.34% of TE
USA,2026-04,2018,False,6529088.811,6199948.0,329140.81099999975,7792497.79,7301946.0,490551.79000000004,-1263408.979,-1101998.0,-161410.97900000005,703168.234,461421.0,241747.23400000005,20656516.0,20656525.0,-9.0,4.2238,6.2952,-2.0714,-0.0,perimeter,perimeter gap expected (§14); country mean -2.34% of TE
USA,2026-04,2019,False,6795389.475,6464911.0,330478.4749999996,8237124.663,7715392.0,521732.6629999997,-1441735.188,-1250481.0,-191254.18800000008,753260.623,490644.0,262616.623,21539982.0,21539975.0,7.0,4.0121,6.3339,-2.3219,0.0,perimeter,perimeter gap expected (§14); country mean -2.34% of TE
USA,2026-04,2020,False,6897513.366,6542658.0,354855.3660000004,10100928.491,9562270.0,538658.4910000004,-3203415.125,-3019612.0,-183803.125,695185.99,438058.0,257127.99,21375281.0,21375275.0,6.0,3.5131,5.3328,-1.8197,0.0,perimeter,perimeter gap expected (§14); country mean -2.34% of TE
USA,2026-04,2021,False,7920120.488,7535853.0,384267.4879999999,10755588.525,10254975.0,500613.5250000004,-2835468.037,-2719122.0,-116346.03700000001,741270.9569999999,537979.0,203291.95699999994,23725645.0,23725650.0,-5.0,3.5727,4.6545,-1.0817,-0.0,unexplained,perimeter gap expected (§14); country mean -2.34% of TE
USA,2026-04,2022,False,9040456.783,8617650.0,422806.7829999998,10009774.585,9587336.0,422438.5850000009,-969317.802,-969686.0,368.19799999997485,850159.029,711993.0,138166.02899999998,26054614.0,26054600.0,14.0,4.2239,4.2203,0.0037,0.0001,unexplained,perimeter gap expected (§14); country mean -2.34% of TE
USA,2026-04,2023,False,8694077.898,8238459.0,455618.89800000004,10905857.712,10431995.0,473862.71199999936,-2211779.815,-2193536.0,-18243.814999999944,1078589.905,870066.0,208523.90500000003,27811517.0,27811500.0,17.0,4.1777,4.345,-0.1673,0.0001,unexplained,perimeter gap expected (§14); country mean -2.34% of TE
USA,2026-04,2024,True,9236733.593,8753996.0,482737.59300000034,11592173.245,11056368.0,535805.2449999992,-2355439.653,-2302372.0,-53067.65299999993,1230563.333,1021629.0,208934.3330000001,29298013.0,29298025.0,-12.0,4.1643,4.6221,-0.4578,-0.0,unexplained,perimeter gap expected (§14); country mean -2.34% of TE
GBR,2025-10,1990,False,227587.0,224753.0,2834.0,237527.0,235050.0,2477.0,-9940.0,-10297.0,357.0,,11366.0,,670331.0,670797.0,-466.0,1.1931,1.0428,0.1503,-0.0695,perimeter,perimeter gap expected (§14); country mean -0.17% of TE
GBR,2025-10,1991,False,238031.0,233819.0,4212.0,257370.0,253342.0,4028.0,-19339.0,-19523.0,184.0,,9387.0,,705165.0,705884.0,-719.0,1.6366,1.5651,0.0715,-0.102,perimeter,perimeter gap expected (§14); country mean -0.17% of TE
GBR,2025-10,1992,False,241577.0,236919.0,4658.0,281615.0,276440.0,5175.0,-40038.0,-39521.0,-517.0,,10064.0,,730156.0,730874.0,-718.0,1.654,1.8376,-0.1836,-0.0983,perimeter,perimeter gap expected (§14); country mean -0.17% of TE
GBR,2025-10,1993,False,244677.0,239997.0,4680.0,298094.0,290989.0,7105.0,-53417.0,-50992.0,-2425.0,,11183.0,,769169.0,769855.0,-686.0,1.57,2.3835,-0.8135,-0.0892,perimeter,perimeter gap expected (§14); country mean -0.17% of TE
GBR,2025-10,1994,False,262194.0,257564.0,4630.0,311997.0,304114.0,7883.0,-49803.0,-46550.0,-3253.0,,13891.0,,810165.0,810794.0,-629.0,1.484,2.5266,-1.0426,-0.0776,perimeter,perimeter gap expected (§14); country mean -0.17% of TE
GBR,2025-10,1995,False,282664.0,278069.0,4595.0,328874.0,320559.0,8315.0,-46210.0,-42490.0,-3720.0,22906.0,17349.0,5557.0,851390.0,851845.0,-455.0,1.3972,2.5283,-1.1311,-0.0534,perimeter,perimeter gap expected (§14); country mean -0.17% of TE
GBR,2025-10,1996,False,300002.0,291828.0,8174.0,337467.0,325017.0,12450.0,-37465.0,-33189.0,-4276.0,24263.0,18413.0,5850.0,909894.0,909993.0,-99.0,2.4222,3.6892,-1.2671,-0.0109,unexplained,perimeter gap expected (§14); country mean -0.17% of TE
GBR,2025-10,1997,False,322933.0,313483.0,9450.0,341776.0,332649.0,9127.0,-18843.0,-19166.0,323.0,24571.0,20283.0,4288.0,954275.0,953405.0,870.0,2.765,2.6705,0.0945,0.0912,perimeter,perimeter gap expected (§14); country mean -0.17% of TE
GBR,2025-10,1998,False,351490.0,342015.0,9475.0,353573.0,344140.0,9433.0,-2083.0,-2125.0,42.0,25469.0,19730.0,5739.0,998676.0,998501.0,175.0,2.6798,2.6679,0.0119,0.0175,perimeter,perimeter gap expected (§14); country mean -0.17% of TE
GBR,2025-10,1999,False,372689.0,361630.0,11059.0,364712.0,353703.0,11009.0,7977.0,7927.0,50.0,22892.0,17756.0,5136.0,1042219.0,1043248.0,-1029.0,3.0323,3.0185,0.0137,-0.0987,perimeter,perimeter gap expected (§14); country mean -0.17% of TE
GBR,2025-10,2000,False,402079.0,388904.0,13175.0,386659.0,373546.0,13113.0,15420.0,15358.0,62.0,23486.0,18260.0,5226.0,1100367.0,1100752.0,-385.0,3.4074,3.3914,0.016,-0.035,perimeter,perimeter gap expected (§14); country mean -0.17% of TE
GBR,2025-10,2001,False,417942.0,401099.0,16843.0,414039.0,397252.0,16787.0,3903.0,3847.0,56.0,21385.0,17009.0,4376.0,1145871.0,1146135.0,-264.0,4.068,4.0544,0.0135,-0.023,perimeter,perimeter gap expected (§14); country mean -0.17% of TE
GBR,2025-10,2002,False,423991.0,404902.0,19089.0,447236.0,428220.0,19016.0,-23245.0,-23318.0,73.0,19557.0,16354.0,3203.0,1189667.0,1191439.0,-1772.0,4.2682,4.2519,0.0163,-0.1489,perimeter,perimeter gap expected (§14); country mean -0.17% of TE
GBR,2025-10,2003,False,447902.0,427809.0,20093.0,488220.0,468267.0,19953.0,-40318.0,-40458.0,140.0,20662.0,17737.0,2925.0,1257397.0,1258334.0,-937.0,4.1156,4.0869,0.0287,-0.0745,perimeter,perimeter gap expected (§14); country mean -0.17% of TE
GBR,2025-10,2004,False,488059.0,461247.0,26812.0,529773.0,503098.0,26675.0,-41714.0,-41851.0,137.0,22421.0,19405.0,3016.0,1321889.0,1322637.0,-748.0,5.061,5.0352,0.0259,-0.0566,perimeter,perimeter gap expected (§14); country mean -0.17% of TE
GBR,2025-10,2005,False,532688.0,493600.0,39088.0,576622.0,537664.0,38958.0,-43934.0,-44064.0,130.0,25562.0,22354.0,3208.0,1397632.0,1398749.0,-1117.0,6.7788,6.7562,0.0225,-0.0799,perimeter,perimeter gap expected (§14); country mean -0.17% of TE
GBR,2025-10,2006,False,561010.0,524867.0,36143.0,601477.0,565480.0,35997.0,-40467.0,-40613.0,146.0,26476.0,23729.0,2747.0,1472264.0,1472038.0,226.0,6.009,5.9848,0.0243,0.0154,perimeter,perimeter gap expected (§14); country mean -0.17% of TE
GBR,2025-10,2007,False,594042.0,556072.0,37970.0,634877.0,597060.0,37817.0,-40835.0,-40988.0,153.0,29330.0,26119.0,3211.0,1546393.0,1544637.0,1756.0,5.9807,5.9566,0.0241,0.1136,perimeter,perimeter gap expected (§14); country mean -0.17% of TE
GBR,2025-10,2008,False,625274.0,571635.0,53639.0,706148.0,652702.0,53446.0,-80874.0,-81067.0,193.0,28203.0,24723.0,3480.0,1597786.0,1593600.0,4186.0,7.596,7.5687,0.0273,0.262,perimeter,perimeter gap expected (§14); country mean -0.17% of TE
GBR,2025-10,2009,False,576520.0,535449.0,41071.0,732024.0,691209.0,40815.0,-155504.0,-155760.0,256.0,24825.0,22822.0,2003.0,1556801.0,1548802.0,7999.0,5.6106,5.5756,0.035,0.5138,perimeter,perimeter gap expected (§14); country mean -0.17% of TE
GBR,2025-10,2010,False,612140.0,570800.0,41340.0,761564.0,719097.0,42467.0,-149424.0,-148297.0,-1127.0,42323.0,40789.0,1534.0,1615304.0,1608553.0,6751.0,5.4283,5.5763,-0.148,0.4179,perimeter,perimeter gap expected (§14); country mean -0.17% of TE
GBR,2025-10,2011,False,637367.0,600617.0,36750.0,761359.0,723276.0,38083.0,-123992.0,-122659.0,-1333.0,48398.0,46566.0,1832.0,1670576.0,1662590.0,7986.0,4.8269,5.002,-0.1751,0.478,perimeter,perimeter gap expected (§14); country mean -0.17% of TE
GBR,2025-10,2012,False,643820.0,618712.0,25108.0,780852.0,746373.0,34479.0,-137032.0,-127661.0,-9371.0,44754.0,40447.0,4307.0,1723202.0,1713715.0,9487.0,3.2155,4.4156,-1.2001,0.5505,unexplained,perimeter gap expected (§14); country mean -0.17% of TE
GBR,2025-10,2013,False,685641.0,650127.0,35514.0,780359.0,745321.0,35038.0,-94718.0,-95194.0,476.0,45690.0,24945.0,20745.0,1792584.0,1781361.0,11223.0,4.551,4.49,0.061,0.6261,perimeter,perimeter gap expected (§14); country mean -0.17% of TE
GBR,2025-10,2014,False,700490.0,664086.0,36404.0,803006.0,767062.0,35944.0,-102516.0,-102976.0,460.0,44668.0,34163.0,10505.0,1877018.0,1862514.0,14504.0,4.5335,4.4762,0.0573,0.7727,perimeter,perimeter gap expected (§14); country mean -0.17% of TE
GBR,2025-10,2015,False,725144.0,686684.0,38460.0,812579.0,774726.0,37853.0,-87435.0,-88042.0,607.0,39434.0,28995.0,10439.0,1928920.0,1916451.0,12469.0,4.7331,4.6584,0.0747,0.6464,perimeter,perimeter gap expected (§14); country mean -0.17% of TE
GBR,2025-10,2016,False,763115.0,723363.0,39752.0,828878.0,789332.0,39546.0,-65763.0,-65969.0,206.0,44321.0,32373.0,11948.0,2005533.0,1991645.0,13888.0,4.7959,4.771,0.0249,0.6925,perimeter,perimeter gap expected (§14); country mean -0.17% of TE
GBR,2025-10,2017,False,805501.0,763516.0,41985.0,857578.0,815393.0,42185.0,-52077.0,-51877.0,-200.0,51080.0,37992.0,13088.0,2102410.0,2082482.0,19928.0,4.8958,4.9191,-0.0233,0.9479,perimeter,perimeter gap expected (§14); country mean -0.17% of TE
GBR,2025-10,2018,False,832110.0,787767.0,44343.0,880582.0,836626.0,43956.0,-48472.0,-48859.0,387.0,47713.0,36340.0,11373.0,2178105.0,2152304.0,25801.0,5.0356,4.9917,0.0439,1.1846,perimeter,perimeter gap expected (§14); country mean -0.17% of TE
GBR,2025-10,2019,False,859047.0,810711.0,48336.0,912674.0,865939.0,46735.0,-53627.0,-55228.0,1601.0,43024.0,32255.0,10769.0,2263433.0,2233921.0,29512.0,5.2961,5.1207,0.1754,1.3039,perimeter,perimeter gap expected (§14); country mean -0.17% of TE
GBR,2025-10,2020,False,825490.0,774372.0,51118.0,1099852.0,1051463.0,48389.0,-274362.0,-277091.0,2729.0,36298.0,23961.0,12337.0,2131729.0,2103486.0,28243.0,4.6477,4.3996,0.2481,1.3249,perimeter,perimeter gap expected (§14); country mean -0.17% of TE
GBR,2025-10,2021,False,926020.0,869105.0,56915.0,1101087.0,1045648.0,55439.0,-175067.0,-176543.0,1476.0,57676.0,49012.0,8664.0,2332847.0,2285400.0,47447.0,5.169,5.0349,0.134,2.0339,perimeter,perimeter gap expected (§14); country mean -0.17% of TE
GBR,2025-10,2022,False,1056873.0,999023.0,57850.0,1175592.0,1114117.0,61475.0,-118719.0,-115094.0,-3625.0,100283.0,92042.0,8241.0,2590757.0,2526428.0,64329.0,4.9209,5.2293,-0.3084,2.483,perimeter,perimeter gap expected (§14); country mean -0.17% of TE
GBR,2025-10,2023,False,1114183.0,1051265.0,62918.0,1280766.0,1215406.0,65360.0,-166583.0,-164141.0,-2442.0,70508.0,65178.0,5330.0,2766446.0,2711185.0,55261.0,4.9125,5.1032,-0.1907,1.9975,perimeter,perimeter gap expected (§14); country mean -0.17% of TE
GBR,2025-10,2024,True,1162812.0,1091675.0,71137.0,1337389.0,1255571.0,81818.0,-174577.0,-163896.0,-10681.0,64640.0,55959.0,8681.0,2904950.0,2850989.0,53961.0,5.3191,6.1177,-0.7986,1.8576,perimeter,perimeter gap expected (§14); country mean -0.17% of TE
FRA,2025-10,1995,False,618331.7,618332.0,-0.30000000004656613,680370.4,680300.0,70.40000000002328,-62038.7,-61968.0,-70.69999999999709,36951.6,35010.0,1941.5999999999985,1213802.4,1213802.0,0.39999999990686774,-0.0,0.0103,-0.0104,0.0,revision,anchor vintage newer than WEO cut-off
FRA,2025-10,1996,False,649939.5,649940.0,-0.5,698523.5,698500.0,23.5,-48584.0,-48561.0,-23.0,40888.1,38819.0,2069.0999999999985,1246973.7,1246974.0,-0.30000000004656613,-0.0001,0.0034,-0.0033,-0.0,revision,anchor vintage newer than WEO cut-off
FRA,2025-10,1997,False,668781.4,668781.0,0.40000000002328306,716646.7,716600.0,46.699999999953434,-47865.3,-47819.0,-46.30000000000291,40466.399999999994,38969.0,1497.3999999999942,1289669.2,1289669.0,0.19999999995343387,0.0001,0.0065,-0.0065,0.0,revision,anchor vintage newer than WEO cut-off
FRA,2025-10,1998,False,694521.4,694521.0,0.40000000002328306,726716.1,726700.0,16.099999999976717,-32194.7,-32179.0,-15.700000000000728,40620.600000000006,38909.0,1711.6000000000058,1346317.6,1346318.0,-0.39999999990686774,0.0001,0.0022,-0.0022,-0.0,revision,anchor vintage newer than WEO cut-off
FRA,2025-10,1999,False,727044.7,727045.0,-0.30000000004656613,748589.0,748600.0,-11.0,-21544.3,-21555.0,10.700000000000728,39721.8,37249.0,2472.800000000003,1395148.0,1395148.0,0.0,-0.0,-0.0015,0.0014,0.0,revision,anchor vintage newer than WEO cut-off
FRA,2025-10,2000,False,756006.5,756007.0,-0.5,775348.7,775400.0,-51.300000000046566,-19342.2,-19394.0,51.79999999999927,40662.9,38088.0,2574.9000000000015,1473517.3,1473517.0,0.30000000004656613,-0.0001,-0.0066,0.0067,0.0,revision,anchor vintage newer than WEO cut-off
FRA,2025-10,2001,False,786539.0,786539.0,0.0,808225.6,808200.0,25.599999999976717,-21686.6,-21661.0,-25.599999999998545,42443.6,40022.0,2421.5999999999985,1530070.9,1530071.0,-0.10000000009313226,0.0,0.0032,-0.0032,-0.0,revision,anchor vintage newer than WEO cut-off
FRA,2025-10,2002,False,800986.5,800987.0,-0.5,851107.4,851100.0,7.400000000023283,-50120.9,-50114.0,-6.900000000001455,43699.7,41649.0,2050.699999999997,1578330.4,1578330.0,0.39999999990686774,-0.0001,0.0009,-0.0008,0.0,revision,anchor vintage newer than WEO cut-off
FRA,2025-10,2003,False,815468.6,815469.0,-0.40000000002328306,881785.6,881900.0,-114.40000000002328,-66317.0,-66431.0,114.0,42494.0,41057.0,1437.0,1622312.8,1622313.0,-0.19999999995343387,-0.0,-0.013,0.0129,-0.0,revision,anchor vintage newer than WEO cut-off
FRA,2025-10,2004,False,855606.6,855607.0,-0.40000000002328306,915906.4,915900.0,6.400000000023283,-60299.8,-60293.0,-6.80000000000291,44509.7,42632.0,1877.699999999997,1696107.7,1696108.0,-0.30000000004656613,-0.0,0.0007,-0.0007,-0.0,revision,anchor vintage newer than WEO cut-off
FRA,2025-10,2005,False,894341.1,894341.0,0.09999999997671694,956142.5,956100.0,42.5,-61801.4,-61759.0,-42.400000000001455,45167.6,42974.0,2193.5999999999985,1762047.7,1762048.0,-0.30000000004656613,0.0,0.0044,-0.0044,-0.0,revision,anchor vintage newer than WEO cut-off
FRA,2025-10,2006,False,943178.2,943178.0,0.19999999995343387,992240.8,992200.0,40.800000000046566,-49062.6,-49022.0,-40.599999999998545,45518.799999999996,43816.0,1702.7999999999956,1846020.8,1846021.0,-0.19999999995343387,0.0,0.0041,-0.0041,-0.0,revision,anchor vintage newer than WEO cut-off
FRA,2025-10,2007,False,981351.9,981352.0,-0.09999999997671694,1039287.6,1039300.0,-12.400000000023283,-57935.7,-57948.0,12.30000000000291,48911.6,47844.0,1067.5999999999985,1937876.3,1937876.0,0.30000000004656613,-0.0,-0.0012,0.0012,0.0,revision,anchor vintage newer than WEO cut-off
FRA,2025-10,2008,False,1010530.4,1010530.0,0.40000000002328306,1080220.5,1080200.0,20.5,-69690.1,-69670.0,-20.10000000000582,53113.6,52428.0,685.5999999999985,1989999.7,1990000.0,-0.30000000004656613,0.0,0.0019,-0.0019,-0.0,revision,anchor vintage newer than WEO cut-off
FRA,2025-10,2009,False,979773.4,979773.0,0.40000000002328306,1122607.3,1122700.0,-92.69999999995343,-142833.9,-142927.0,93.10000000000582,45463.5,43393.0,2070.5,1935840.2,1935840.0,0.19999999995343387,0.0,-0.0083,0.0083,0.0,revision,anchor vintage newer than WEO cut-off
FRA,2025-10,2010,False,1009201.3,1009201.0,0.30000000004656613,1151961.8,1152100.0,-138.19999999995343,-142760.5,-142899.0,138.5,49455.100000000006,45771.0,3684.100000000006,1996075.1,1996075.0,0.10000000009313226,0.0,-0.012,0.012,0.0,revision,anchor vintage newer than WEO cut-off
FRA,2025-10,2011,False,1066319.2,1066319.0,0.19999999995343387,1175704.7,1175600.0,104.69999999995343,-109385.5,-109281.0,-104.5,54251.8,51246.0,3005.800000000003,2062141.4,2062141.0,0.39999999990686774,0.0,0.0089,-0.0089,0.0,revision,anchor vintage newer than WEO cut-off
FRA,2025-10,2012,False,1100965.9,1100966.0,-0.10000000009313226,1208953.1,1208900.0,53.10000000009313,-107987.2,-107934.0,-53.19999999999709,54340.2,51423.0,2917.199999999997,2088286.7,2088287.0,-0.30000000004656613,-0.0,0.0044,-0.0044,-0.0,revision,anchor vintage newer than WEO cut-off
FRA,2025-10,2013,False,1137646.2,1137646.0,0.19999999995343387,1242358.0,1242300.0,58.0,-104711.8,-104654.0,-57.80000000000291,50041.5,46697.0,3344.5,2120351.9,2120352.0,-0.10000000009313226,0.0,0.0047,-0.0047,-0.0,revision,anchor vintage newer than WEO cut-off
FRA,2025-10,2014,False,1159145.1,1159145.0,0.10000000009313226,1257649.1,1257600.0,49.10000000009313,-98504.0,-98455.0,-49.0,49398.6,45297.0,4101.5999999999985,2153733.1,2153733.0,0.10000000009313226,0.0,0.0039,-0.0039,0.0,revision,anchor vintage newer than WEO cut-off
FRA,2025-10,2015,False,1182326.8,1182327.0,-0.19999999995343387,1268007.8,1267900.0,107.80000000004657,-85681.0,-85573.0,-108.0,46695.2,42555.0,4140.199999999997,2201401.6,2201402.0,-0.39999999990686774,-0.0,0.0085,-0.0085,-0.0,revision,anchor vintage newer than WEO cut-off
FRA,2025-10,2016,False,1196622.9,1196623.0,-0.10000000009313226,1280648.1,1280600.0,48.10000000009313,-84025.2,-83977.0,-48.19999999999709,45238.9,40928.0,4310.9000000000015,2231819.2,2231819.0,0.20000000018626451,-0.0,0.0038,-0.0038,0.0,revision,anchor vintage newer than WEO cut-off
FRA,2025-10,2017,False,1244386.9,1244387.0,-0.10000000009313226,1321444.6,1321500.0,-55.39999999990687,-77057.7,-77113.0,55.30000000000291,43611.9,39652.0,3959.9000000000015,2291680.5,2291681.0,-0.5,-0.0,-0.0042,0.0042,-0.0,revision,anchor vintage newer than WEO cut-off
FRA,2025-10,2018,False,1273016.1,1273016.0,0.10000000009313226,1327632.3,1327700.0,-67.69999999995343,-54616.2,-54684.0,67.80000000000291,43910.200000000004,40388.0,3522.2000000000044,2355362.8,2355363.0,-0.20000000018626451,0.0,-0.0051,0.0051,-0.0,revision,anchor vintage newer than WEO cut-off
FRA,2025-10,2019,False,1287929.2,1287929.0,0.19999999995343387,1346154.7,1346100.0,54.699999999953434,-58225.5,-58171.0,-54.5,38997.4,35838.0,3159.4000000000015,2432206.8,2432207.0,-0.20000000018626451,0.0,0.0041,-0.004,-0.0,revision,anchor vintage newer than WEO cut-off
FRA,2025-10,2020,False,1223272.6,1223273.0,-0.39999999990686774,1430357.0,1430300.0,57.0,-207084.4,-207027.0,-57.39999999999418,32520.8,29332.0,3188.7999999999993,2318276.2,2318276.0,0.20000000018626451,-0.0,0.004,-0.004,0.0,revision,anchor vintage newer than WEO cut-off
FRA,2025-10,2021,False,1326231.8,1326275.0,-43.199999999953434,1491381.1,1491400.0,-18.899999999906868,-165149.3,-165125.0,-24.29999999998836,37212.8,34273.0,2939.800000000003,2508102.3,2508102.0,0.2999999998137355,-0.0029,-0.0013,-0.0016,0.0,revision,anchor vintage newer than WEO cut-off
FRA,2025-10,2022,False,1424435.6,1424970.0,-534.3999999999069,1550331.4,1550700.0,-368.60000000009313,-125895.8,-125731.0,-164.8000000000029,51873.6,49804.0,2069.5999999999985,2653997.2,2653997.0,0.20000000018626451,-0.0345,-0.0238,-0.0106,0.0,revision,anchor vintage newer than WEO cut-off
FRA,2025-10,2023,False,1456350.5,1454548.0,1802.5,1608270.8,1608500.0,-229.19999999995343,-151920.3,-153952.0,2031.7000000000116,46532.9,48100.0,-1567.0999999999985,2833826.4,2830204.0,3622.399999999907,0.1121,-0.0143,0.1263,0.1278,revision,anchor vintage newer than WEO cut-off
FRA,2025-10,2024,True,1503590.1,1501612.0,1978.1000000000931,1672708.2,1670185.0,2523.1999999999534,-169118.1,-168573.0,-545.1000000000058,53489.399999999994,55400.0,-1910.6000000000058,2935236.2,2921204.0,14032.200000000186,0.1183,0.1508,-0.0326,0.4781,revision,anchor vintage newer than WEO cut-off
DEU,2025-10,1995,False,870238.0,870238.0,0.0,1049528.0,1049528.0,0.0,-179290.0,-179290.0,0.0,,58668.0,,1899930.0,1899930.0,0.0,0.0,0.0,0.0,0.0,revision,anchor vintage newer than WEO cut-off
DEU,2025-10,1996,False,885563.0,885563.0,0.0,955732.0,955732.0,0.0,-70169.0,-70169.0,0.0,,58888.0,,1928560.0,1928560.0,0.0,0.0,0.0,0.0,0.0,revision,anchor vintage newer than WEO cut-off
DEU,2025-10,1997,False,899509.0,899509.0,0.0,959060.0,959060.0,0.0,-59551.0,-59551.0,0.0,,59541.0,,1967180.0,1967180.0,0.0,0.0,0.0,0.0,0.0,revision,anchor vintage newer than WEO cut-off
DEU,2025-10,1998,False,923010.0,923010.0,0.0,976592.0,976592.0,0.0,-53582.0,-53582.0,0.0,,61377.0,,2022310.0,2022310.0,0.0,0.0,0.0,0.0,0.0,revision,anchor vintage newer than WEO cut-off
DEU,2025-10,1999,False,968416.0,968416.0,0.0,1007187.0,1007187.0,0.0,-38771.0,-38771.0,0.0,,57994.0,,2077240.0,2077240.0,0.0,0.0,0.0,0.0,0.0,revision,anchor vintage newer than WEO cut-off
DEU,2025-10,2000,False,986936.0,986936.0,0.0,1023445.0,1023445.0,0.0,-36509.0,-36509.0,0.0,61933.0,59091.0,2842.0,2129660.0,2129660.0,0.0,0.0,0.0,0.0,0.0,revision,anchor vintage newer than WEO cut-off
DEU,2025-10,2001,False,977627.0,977627.0,0.0,1046229.0,1046229.0,0.0,-68602.0,-68602.0,0.0,59975.0,57103.0,2872.0,2195530.0,2195530.0,0.0,0.0,0.0,0.0,0.0,revision,anchor vintage newer than WEO cut-off
DEU,2025-10,2002,False,981788.0,981788.0,0.0,1072638.0,1072638.0,0.0,-90850.0,-90850.0,0.0,61344.0,58454.0,2890.0,2223360.0,2223360.0,0.0,0.0,0.0,0.0,0.0,revision,anchor vintage newer than WEO cut-off
DEU,2025-10,2003,False,1001289.0,1001289.0,0.0,1087101.0,1087101.0,0.0,-85812.0,-85812.0,0.0,60854.0,58677.0,2177.0,2240810.0,2240810.0,0.0,0.0,0.0,0.0,0.0,revision,anchor vintage newer than WEO cut-off
DEU,2025-10,2004,False,998635.0,998635.0,0.0,1077080.0,1077080.0,0.0,-78445.0,-78445.0,0.0,60137.0,57805.0,2332.0,2293040.0,2293040.0,0.0,0.0,0.0,0.0,0.0,revision,anchor vintage newer than WEO cut-off
DEU,2025-10,2005,False,1011597.0,1011597.0,0.0,1089993.0,1089993.0,0.0,-78396.0,-78396.0,0.0,58951.0,56796.0,2155.0,2325710.0,2325710.0,0.0,0.0,0.0,0.0,0.0,revision,anchor vintage newer than WEO cut-off
DEU,2025-10,2006,False,1056690.0,1056690.0,0.0,1099274.0,1099274.0,0.0,-42584.0,-42584.0,0.0,58925.0,57809.0,1116.0,2426180.0,2426180.0,0.0,0.0,0.0,0.0,0.0,revision,anchor vintage newer than WEO cut-off
DEU,2025-10,2007,False,1110816.0,1110816.0,0.0,1106879.0,1106879.0,0.0,3937.0,3937.0,0.0,61450.0,60999.0,451.0,2542220.0,2542220.0,0.0,0.0,0.0,0.0,0.0,revision,anchor vintage newer than WEO cut-off
DEU,2025-10,2008,False,1143471.0,1143471.0,0.0,1150280.0,1150280.0,0.0,-6809.0,-6809.0,0.0,60972.0,60396.0,576.0,2589280.0,2589280.0,0.0,0.0,0.0,0.0,0.0,revision,anchor vintage newer than WEO cut-off
DEU,2025-10,2009,False,1125612.0,1125612.0,0.0,1204819.0,1204819.0,0.0,-79207.0,-79207.0,0.0,59349.0,58481.0,868.0,2493970.0,2493970.0,0.0,0.0,0.0,0.0,0.0,revision,anchor vintage newer than WEO cut-off
DEU,2025-10,2010,False,1143087.0,1143087.0,0.0,1258707.0,1258707.0,0.0,-115620.0,-115620.0,0.0,56345.0,55744.0,601.0,2615260.0,2615260.0,0.0,0.0,0.0,0.0,0.0,revision,anchor vintage newer than WEO cut-off
DEU,2025-10,2011,False,1220989.0,1220989.0,0.0,1244063.0,1244063.0,0.0,-23074.0,-23074.0,0.0,55985.0,54815.0,1170.0,2747210.0,2746910.0,300.0,0.0,0.0,0.0,0.0109,revision,anchor vintage newer than WEO cut-off
DEU,2025-10,2012,False,1260986.0,1260986.0,0.0,1262507.0,1262507.0,0.0,-1521.0,-1521.0,0.0,52413.0,51365.0,1048.0,2800680.0,2799280.0,1400.0,0.0,0.0,0.0,0.05,revision,anchor vintage newer than WEO cut-off
DEU,2025-10,2013,False,1298112.0,1298112.0,0.0,1294600.0,1294600.0,0.0,3512.0,3512.0,0.0,42034.0,41060.0,974.0,2869480.0,2866480.0,3000.0,0.0,0.0,0.0,0.1045,revision,anchor vintage newer than WEO cut-off
DEU,2025-10,2014,False,1350164.0,1350164.0,0.0,1328332.0,1328332.0,0.0,21832.0,21832.0,0.0,38178.0,36678.0,1500.0,2988470.0,2984470.0,4000.0,0.0,0.0,0.0,0.1338,revision,anchor vintage newer than WEO cut-off
DEU,2025-10,2015,False,1401532.0,1401532.0,0.0,1373293.0,1373293.0,0.0,28239.0,28239.0,0.0,34709.0,33386.0,1323.0,3094190.0,3087030.0,7160.0,0.0,0.0,0.0,0.2314,revision,anchor vintage newer than WEO cut-off
DEU,2025-10,2016,False,1465493.0,1465493.0,0.0,1429256.0,1429256.0,0.0,36237.0,36237.0,0.0,30823.0,29789.0,1034.0,3204870.0,3195210.0,9660.0,0.0,0.0,0.0,0.3014,revision,anchor vintage newer than WEO cut-off
DEU,2025-10,2017,False,1529123.0,1529123.0,0.0,1484552.0,1484552.0,0.0,44571.0,44571.0,0.0,28577.0,27763.0,814.0,3345860.0,3333110.0,12750.0,0.0,0.0,0.0,0.3811,revision,anchor vintage newer than WEO cut-off
DEU,2025-10,2018,False,1597995.0,1597995.0,0.0,1533328.0,1533328.0,0.0,64667.0,64667.0,0.0,25550.0,24845.0,705.0,3450580.0,3434030.0,16550.0,0.0,0.0,0.0,0.4796,revision,anchor vintage newer than WEO cut-off
DEU,2025-10,2019,False,1657564.0,1657564.0,0.0,1610615.0,1610615.0,0.0,46949.0,46949.0,0.0,21747.0,20899.0,848.0,3557630.0,3537280.0,20350.0,0.0,0.0,0.0,0.572,revision,anchor vintage newer than WEO cut-off
DEU,2025-10,2020,False,1612653.0,1612653.0,0.0,1763784.0,1763784.0,0.0,-151131.0,-151131.0,0.0,18120.0,15991.0,2129.0,3477670.0,3450720.0,26950.0,0.0,0.0,0.0,0.7749,revision,anchor vintage newer than WEO cut-off
DEU,2025-10,2021,False,1749189.0,1749189.0,0.0,1865819.0,1865819.0,0.0,-116630.0,-116630.0,0.0,17377.0,17089.0,288.0,3713090.0,3682340.0,30750.0,0.0,0.0,0.0,0.8282,revision,anchor vintage newer than WEO cut-off
DEU,2025-10,2022,False,1863070.0,1863070.0,0.0,1939208.0,1939208.0,0.0,-76138.0,-76138.0,0.0,22139.0,22343.0,-204.0,4010630.0,3989390.0,21240.0,0.0,0.0,0.0,0.5296,revision,anchor vintage newer than WEO cut-off
DEU,2025-10,2023,False,1926184.0,1926184.0,0.0,2031433.0,2031433.0,0.0,-105249.0,-105249.0,0.0,20661.0,27180.0,-6519.0,4254930.0,4219310.0,35620.0,0.0,0.0,0.0,0.8371,revision,anchor vintage newer than WEO cut-off
DEU,2025-10,2024,True,2024422.0,2024422.0,0.0,2139717.0,2139717.0,0.0,-115295.0,-115295.0,0.0,27732.0,37278.0,-9546.0,4386940.0,4328970.0,57970.0,0.0,0.0,0.0,1.3214,revision,anchor vintage newer than WEO cut-off
ITA,2025-10,1995,False,438289.0,438289.0,0.0,509592.0,509592.0,0.0,-71303.0,-71303.0,0.0,,101814.0,,990520.9,990520.0,0.9000000000232831,0.0,0.0,0.0,0.0001,revision,anchor vintage newer than WEO cut-off
ITA,2025-10,1996,False,468772.0,468772.0,0.0,538010.0,538010.0,0.0,-69238.0,-69238.0,0.0,,108352.0,,1047745.4,1047746.0,-0.5999999999767169,0.0,0.0,0.0,-0.0001,revision,anchor vintage newer than WEO cut-off
ITA,2025-10,1997,False,507513.0,507513.0,0.0,540150.0,540150.0,0.0,-32637.0,-32637.0,0.0,,94486.0,,1095091.6,1095091.0,0.6000000000931323,0.0,0.0,0.0,0.0001,revision,anchor vintage newer than WEO cut-off
ITA,2025-10,1998,False,513774.0,513774.0,0.0,547851.0,547851.0,0.0,-34077.0,-34077.0,0.0,,85254.0,,1141256.8,1141256.0,0.8000000000465661,0.0,0.0,0.0,0.0001,revision,anchor vintage newer than WEO cut-off
ITA,2025-10,1999,False,533453.0,533453.0,0.0,554351.0,554351.0,0.0,-20898.0,-20898.0,0.0,,71852.0,,1177549.7,1177550.0,-0.30000000004656613,0.0,0.0,0.0,-0.0,revision,anchor vintage newer than WEO cut-off
ITA,2025-10,2000,False,547045.0,547045.0,0.0,577169.0,577169.0,0.0,-30124.0,-30124.0,0.0,,72565.0,,1244744.2,1244744.0,0.19999999995343387,0.0,0.0,0.0,0.0,revision,anchor vintage newer than WEO cut-off
ITA,2025-10,2001,False,575153.0,575153.0,0.0,616778.0,616778.0,0.0,-41625.0,-41625.0,0.0,76259.0,75131.0,1128.0,1308623.1,1308623.0,0.10000000009313226,0.0,0.0,0.0,0.0,revision,anchor vintage newer than WEO cut-off
ITA,2025-10,2002,False,591190.0,591190.0,0.0,630226.0,630226.0,0.0,-39036.0,-39036.0,0.0,71390.0,70167.0,1223.0,1355522.3,1355523.0,-0.6999999999534339,0.0,0.0,0.0,-0.0001,revision,anchor vintage newer than WEO cut-off
ITA,2025-10,2003,False,612124.0,612124.0,0.0,657271.0,657271.0,0.0,-45147.0,-45147.0,0.0,67051.0,66064.0,987.0,1399386.0,1399386.0,0.0,0.0,0.0,0.0,0.0,revision,anchor vintage newer than WEO cut-off
ITA,2025-10,2004,False,629663.0,629663.0,0.0,680101.0,680101.0,0.0,-50438.0,-50438.0,0.0,67970.0,64462.0,3508.0,1457356.2,1457357.0,-0.8000000000465661,0.0,0.0,0.0,-0.0001,revision,anchor vintage newer than WEO cut-off
ITA,2025-10,2005,False,643925.0,643925.0,0.0,705365.0,705365.0,0.0,-61440.0,-61440.0,0.0,67956.0,64401.0,3555.0,1499073.1,1499073.0,0.10000000009313226,0.0,0.0,0.0,0.0,revision,anchor vintage newer than WEO cut-off
ITA,2025-10,2006,False,685630.0,685630.0,0.0,741870.0,741870.0,0.0,-56240.0,-56240.0,0.0,68296.0,65535.0,2761.0,1559864.2,1559864.0,0.19999999995343387,0.0,0.0,0.0,0.0,revision,anchor vintage newer than WEO cut-off
ITA,2025-10,2007,False,734222.0,734222.0,0.0,755725.0,755725.0,0.0,-21503.0,-21503.0,0.0,74713.0,72893.0,1820.0,1621714.5,1621714.0,0.5,0.0,0.0,0.0,0.0,revision,anchor vintage newer than WEO cut-off
ITA,2025-10,2008,False,742417.0,742417.0,0.0,784890.0,784890.0,0.0,-42473.0,-42473.0,0.0,78124.0,76588.0,1536.0,1643718.8,1643718.0,0.8000000000465661,0.0,0.0,0.0,0.0,revision,anchor vintage newer than WEO cut-off
ITA,2025-10,2009,False,728627.0,728627.0,0.0,808728.0,808728.0,0.0,-80101.0,-80101.0,0.0,69314.0,66268.0,3046.0,1584106.8,1584107.0,-0.19999999995343387,0.0,0.0,0.0,-0.0,revision,anchor vintage newer than WEO cut-off
ITA,2025-10,2010,False,738388.0,738388.0,0.0,805717.0,805717.0,0.0,-67329.0,-67329.0,0.0,69427.0,66193.0,3234.0,1615671.1,1617944.0,-2272.899999999907,0.0,0.0,0.0,-0.1407,revision,anchor vintage newer than WEO cut-off
ITA,2025-10,2011,False,754137.0,754137.0,0.0,812549.0,812549.0,0.0,-58412.0,-58412.0,0.0,75593.0,73166.0,2427.0,1655357.1,1657362.0,-2004.8999999999069,0.0,0.0,0.0,-0.1211,revision,anchor vintage newer than WEO cut-off
ITA,2025-10,2012,False,775551.0,775551.0,0.0,824301.0,824301.0,0.0,-48750.0,-48750.0,0.0,83635.0,80848.0,2787.0,1630709.8,1632899.0,-2189.1999999999534,0.0,0.0,0.0,-0.1342,revision,anchor vintage newer than WEO cut-off
ITA,2025-10,2013,False,778629.0,778629.0,0.0,825233.0,825233.0,0.0,-46604.0,-46604.0,0.0,77945.0,74905.0,3040.0,1618965.0,1621262.0,-2297.0,0.0,0.0,0.0,-0.1419,revision,anchor vintage newer than WEO cut-off
ITA,2025-10,2014,False,783525.0,783525.0,0.0,829632.0,829632.0,0.0,-46107.0,-46107.0,0.0,74683.0,71630.0,3053.0,1633104.1,1635870.0,-2765.899999999907,0.0,0.0,0.0,-0.1694,revision,anchor vintage newer than WEO cut-off
ITA,2025-10,2015,False,794792.0,794792.0,0.0,835694.0,835694.0,0.0,-40902.0,-40902.0,0.0,68702.0,65504.0,3198.0,1660512.5,1663278.0,-2765.5,0.0,0.0,0.0,-0.1665,revision,anchor vintage newer than WEO cut-off
ITA,2025-10,2016,False,794041.0,794041.0,0.0,835037.0,835037.0,0.0,-40996.0,-40996.0,0.0,67287.0,63815.0,3472.0,1701884.8,1704856.0,-2971.1999999999534,0.0,0.0,0.0,-0.1746,revision,anchor vintage newer than WEO cut-off
ITA,2025-10,2017,False,807248.0,807248.0,0.0,851015.0,851015.0,0.0,-43767.0,-43767.0,0.0,66340.0,62890.0,3450.0,1741307.4,1744494.0,-3186.600000000093,0.0,0.0,0.0,-0.183,revision,anchor vintage newer than WEO cut-off
ITA,2025-10,2018,False,820050.0,820050.0,0.0,859018.0,859018.0,0.0,-38968.0,-38968.0,0.0,65304.0,61892.0,3412.0,1774453.9,1777744.0,-3290.100000000093,0.0,0.0,0.0,-0.1854,revision,anchor vintage newer than WEO cut-off
ITA,2025-10,2019,False,847437.0,847437.0,0.0,873598.0,873598.0,0.0,-26161.0,-26161.0,0.0,61012.0,57514.0,3498.0,1800281.8,1804068.0,-3786.1999999999534,0.0,0.0,0.0,-0.2103,revision,anchor vintage newer than WEO cut-off
ITA,2025-10,2020,False,791669.0,791669.0,0.0,948296.0,948296.0,0.0,-156627.0,-156627.0,0.0,58150.0,54732.0,3418.0,1665979.4,1670013.0,-4033.600000000093,0.0,0.0,0.0,-0.2421,revision,anchor vintage newer than WEO cut-off
ITA,2025-10,2021,False,868994.0,868924.0,70.0,1032529.0,1032527.0,2.0,-163535.0,-163603.0,68.0,64175.0,60496.0,3679.0,1838674.8,1842508.0,-3833.1999999999534,0.0068,0.0002,0.0066,-0.2085,revision,anchor vintage newer than WEO cut-off
ITA,2025-10,2022,False,935758.0,935539.0,219.0,1097627.0,1097569.0,58.0,-161869.0,-162030.0,161.0,82302.0,78578.0,3724.0,1998269.1,1998073.0,196.10000000009313,0.02,0.0053,0.0147,0.0098,revision,anchor vintage newer than WEO cut-off
ITA,2025-10,2023,False,996217.0,995682.0,535.0,1149084.0,1149966.0,-882.0,-152867.0,-154284.0,1417.0,75167.0,74614.0,553.0,2141760.8,2131390.0,10370.799999999814,0.0466,-0.0768,0.1233,0.4842,revision,anchor vintage newer than WEO cut-off
ITA,2025-10,2024,True,1036025.0,1032867.0,3158.0,1109804.0,1108414.0,1390.0,-73779.0,-75547.0,1768.0,81845.0,81980.0,-135.0,2210594.7,2192181.0,18413.700000000186,0.2846,0.1252,0.1593,0.833,revision,anchor vintage newer than WEO cut-off
ESP,2025-10,1995,False,171795.0,171852.0,-57.0,203062.0,203119.0,-57.0,-31267.0,-31267.0,0.0,21049.0,20299.0,750.0,460259.0,460259.0,0.0,-0.0281,-0.0281,0.0,0.0,perimeter,perimeter gap expected (§14); country mean 0.03% of TE
ESP,2025-10,1996,False,180897.0,180938.0,-41.0,209578.0,209619.0,-41.0,-28681.0,-28681.0,0.0,22858.0,22069.0,789.0,488946.0,488946.0,0.0,-0.0196,-0.0196,0.0,0.0,perimeter,perimeter gap expected (§14); country mean 0.03% of TE
ESP,2025-10,1997,False,195271.0,195317.0,-46.0,215299.0,215345.0,-46.0,-20028.0,-20028.0,0.0,21721.0,21150.0,571.0,518971.0,518971.0,0.0,-0.0214,-0.0214,0.0,0.0,perimeter,perimeter gap expected (§14); country mean 0.03% of TE
ESP,2025-10,1998,False,213003.0,213065.0,-62.0,227597.0,227659.0,-62.0,-14594.0,-14594.0,0.0,20670.0,20204.0,466.0,555559.0,555559.0,0.0,-0.0272,-0.0272,0.0,0.0,perimeter,perimeter gap expected (§14); country mean 0.03% of TE
ESP,2025-10,1999,False,230397.0,230469.0,-72.0,237779.0,237851.0,-72.0,-7382.0,-7382.0,0.0,18840.0,18423.0,417.0,595242.0,595242.0,0.0,-0.0303,-0.0303,0.0,0.0,perimeter,perimeter gap expected (§14); country mean 0.03% of TE
ESP,2025-10,2000,False,245747.0,245833.0,-86.0,253267.0,253353.0,-86.0,-7520.0,-7520.0,0.0,18540.0,18182.0,358.0,647569.0,647569.0,0.0,-0.034,-0.034,0.0,0.0,perimeter,perimeter gap expected (§14); country mean 0.03% of TE
ESP,2025-10,2001,False,266006.0,266085.0,-79.0,269195.0,269274.0,-79.0,-3189.0,-3189.0,0.0,18142.0,17451.0,691.0,700958.0,700958.0,0.0,-0.0293,-0.0293,0.0,0.0,perimeter,perimeter gap expected (§14); country mean 0.03% of TE
ESP,2025-10,2002,False,287171.0,287233.0,-62.0,289527.0,289607.0,-80.0,-2356.0,-2374.0,18.0,17783.0,16964.0,819.0,749744.0,749744.0,0.0,-0.0214,-0.0276,0.0062,0.0,perimeter,perimeter gap expected (§14); country mean 0.03% of TE
ESP,2025-10,2003,False,304787.0,304862.0,-75.0,307796.0,307871.0,-75.0,-3009.0,-3009.0,0.0,16947.0,16154.0,793.0,802683.0,802683.0,0.0,-0.0244,-0.0244,0.0,0.0,perimeter,perimeter gap expected (§14); country mean 0.03% of TE
ESP,2025-10,2004,False,332725.0,332795.0,-70.0,333666.0,333613.0,53.0,-941.0,-818.0,-123.0,15808.0,15060.0,748.0,860059.0,860059.0,0.0,-0.021,0.0159,-0.0369,0.0,perimeter,perimeter gap expected (§14); country mean 0.03% of TE
ESP,2025-10,2005,False,368206.0,368278.0,-72.0,356785.0,356857.0,-72.0,11421.0,11421.0,0.0,14528.0,13783.0,745.0,928122.0,928122.0,0.0,-0.0202,-0.0202,0.0,0.0,perimeter,perimeter gap expected (§14); country mean 0.03% of TE
ESP,2025-10,2006,False,407079.0,407149.0,-70.0,385757.0,385827.0,-70.0,21322.0,21322.0,0.0,13403.0,12597.0,806.0,1004976.0,1004976.0,0.0,-0.0181,-0.0181,0.0,0.0,perimeter,perimeter gap expected (§14); country mean 0.03% of TE
ESP,2025-10,2007,False,442451.0,442491.0,-40.0,422164.0,422204.0,-40.0,20287.0,20287.0,0.0,12750.0,11540.0,1210.0,1077541.0,1077541.0,0.0,-0.0095,-0.0095,0.0,0.0,perimeter,perimeter gap expected (§14); country mean 0.03% of TE
ESP,2025-10,2008,False,409082.0,409092.0,-10.0,459813.0,459823.0,-10.0,-50731.0,-50731.0,0.0,12863.0,11511.0,1352.0,1112432.0,1112432.0,0.0,-0.0022,-0.0022,0.0,0.0,perimeter,perimeter gap expected (§14); country mean 0.03% of TE
ESP,2025-10,2009,False,373777.0,373779.0,-2.0,494353.0,494355.0,-2.0,-120576.0,-120576.0,0.0,15658.0,14100.0,1558.0,1072990.0,1072990.0,0.0,-0.0004,-0.0004,0.0,0.0,perimeter,perimeter gap expected (§14); country mean 0.03% of TE
ESP,2025-10,2010,False,391624.0,391622.0,2.0,493817.0,493815.0,2.0,-102193.0,-102193.0,0.0,17685.0,16374.0,1311.0,1077145.0,1077145.0,0.0,0.0004,0.0004,0.0,0.0,perimeter,perimeter gap expected (§14); country mean 0.03% of TE
ESP,2025-10,2011,False,387333.0,387370.0,-37.0,490908.0,490976.0,-68.0,-103575.0,-103606.0,31.0,22623.0,20915.0,1708.0,1068690.0,1068690.0,0.0,-0.0075,-0.0139,0.0063,0.0,perimeter,perimeter gap expected (§14); country mean 0.03% of TE
ESP,2025-10,2012,False,390842.0,390992.0,-150.0,509936.0,510092.0,-156.0,-119094.0,-119100.0,6.0,29177.0,26252.0,2925.0,1035964.0,1035964.0,0.0,-0.0294,-0.0306,0.0012,0.0,perimeter,perimeter gap expected (§14); country mean 0.03% of TE
ESP,2025-10,2013,False,396593.0,396627.0,-34.0,473398.0,473465.0,-67.0,-76805.0,-76838.0,33.0,32954.0,30425.0,2529.0,1025652.0,1025652.0,0.0,-0.0072,-0.0142,0.007,0.0,perimeter,perimeter gap expected (§14); country mean 0.03% of TE
ESP,2025-10,2014,False,405125.0,405016.0,109.0,467841.0,468113.0,-272.0,-62716.0,-63097.0,381.0,33646.0,30998.0,2648.0,1038949.0,1038949.0,0.0,0.0233,-0.0581,0.0814,0.0,perimeter,perimeter gap expected (§14); country mean 0.03% of TE
ESP,2025-10,2015,False,417645.0,417646.0,-1.0,474893.0,474881.0,12.0,-57248.0,-57235.0,-13.0,30936.0,28152.0,2784.0,1087112.0,1087112.0,0.0,-0.0002,0.0025,-0.0027,0.0,perimeter,perimeter gap expected (§14); country mean 0.03% of TE
ESP,2025-10,2016,False,425316.0,425315.0,1.0,472717.0,473208.0,-491.0,-47401.0,-47893.0,492.0,28873.0,26730.0,2143.0,1122967.0,1122967.0,0.0,0.0002,-0.1039,0.1041,0.0,perimeter,perimeter gap expected (§14); country mean 0.03% of TE
ESP,2025-10,2017,False,444005.0,444037.0,-32.0,479908.0,480265.0,-357.0,-35903.0,-36228.0,325.0,27833.0,26099.0,1734.0,1170024.0,1170024.0,0.0,-0.0067,-0.0744,0.0677,0.0,perimeter,perimeter gap expected (§14); country mean 0.03% of TE
ESP,2025-10,2018,False,472250.0,472140.0,110.0,503193.0,503364.0,-171.0,-30943.0,-31224.0,281.0,27967.0,26381.0,1586.0,1212276.0,1212276.0,0.0,0.0219,-0.034,0.0558,0.0,perimeter,perimeter gap expected (§14); country mean 0.03% of TE
ESP,2025-10,2019,False,488347.0,488536.0,-189.0,526769.0,526652.0,117.0,-38422.0,-38116.0,-306.0,26458.0,25566.0,892.0,1253710.0,1253710.0,0.0,-0.0359,0.0222,-0.0581,0.0,perimeter,perimeter gap expected (§14); country mean 0.03% of TE
ESP,2025-10,2020,False,468267.0,467572.0,695.0,580164.0,580771.0,-607.0,-111897.0,-113199.0,1302.0,23838.0,22874.0,964.0,1129214.0,1129214.0,0.0,0.1198,-0.1046,0.2244,0.0,perimeter,perimeter gap expected (§14); country mean 0.03% of TE
ESP,2025-10,2021,False,528950.0,529208.0,-258.0,611124.0,611470.0,-346.0,-82174.0,-82262.0,88.0,24726.0,23914.0,812.0,1235474.0,1235474.0,0.0,-0.0422,-0.0566,0.0144,0.0,perimeter,perimeter gap expected (§14); country mean 0.03% of TE
ESP,2025-10,2022,False,574012.0,574095.0,-83.0,637117.0,637831.0,-714.0,-63105.0,-63736.0,631.0,29691.0,28850.0,841.0,1375863.0,1375863.0,0.0,-0.013,-0.1121,0.099,0.0,perimeter,perimeter gap expected (§14); country mean 0.03% of TE
ESP,2025-10,2023,False,630198.0,628283.0,1915.0,680225.0,680952.0,-727.0,-50027.0,-52669.0,2642.0,28122.0,26740.0,1382.0,1496277.0,1497761.0,-1484.0,0.2815,-0.1069,0.3884,-0.0992,perimeter,perimeter gap expected (§14); country mean 0.03% of TE
ESP,2025-10,2024,True,673734.0,672659.0,1075.0,725001.0,722846.0,2155.0,-51267.0,-50187.0,-1080.0,29726.0,28899.0,827.0,1598588.0,1594330.0,4258.0,0.1483,0.2972,-0.149,0.2664,perimeter,perimeter gap expected (§14); country mean 0.03% of TE
BEL,2025-10,1995,False,101322.1,101322.0,0.10000000000582077,110811.6,110812.0,-0.39999999999417923,-9489.6,-9490.0,0.3999999999996362,,17581.0,,210489.1,210490.0,-0.8999999999941792,0.0001,-0.0004,0.0004,-0.0004,revision,anchor vintage newer than WEO cut-off
BEL,2025-10,1996,False,105107.0,105107.0,0.0,113683.9,113684.0,-0.10000000000582077,-8576.9,-8577.0,0.1000000000003638,,17109.0,,214287.1,214288.0,-0.8999999999941792,0.0,-0.0001,0.0001,-0.0004,revision,anchor vintage newer than WEO cut-off
BEL,2025-10,1997,False,110819.1,110819.0,0.10000000000582077,115640.2,115640.0,0.19999999999708962,-4821.0,-4821.0,0.0,,16379.0,,224101.5,224101.0,0.5,0.0001,0.0002,0.0,0.0002,revision,anchor vintage newer than WEO cut-off
BEL,2025-10,1998,False,116159.4,116159.0,0.39999999999417923,118543.5,118544.0,-0.5,-2384.1,-2385.0,0.900000000000091,,16270.0,,232623.8,232624.0,-0.20000000001164153,0.0003,-0.0004,0.0008,-0.0001,revision,anchor vintage newer than WEO cut-off
BEL,2025-10,1999,False,120786.4,120786.0,0.39999999999417923,122357.4,122357.0,0.39999999999417923,-1571.0,-1571.0,0.0,,15701.0,,242307.6,242308.0,-0.39999999999417923,0.0003,0.0003,0.0,-0.0002,revision,anchor vintage newer than WEO cut-off
BEL,2025-10,2000,False,126442.3,126442.0,0.3000000000029104,126645.6,126646.0,-0.39999999999417923,-203.3,-204.0,0.6999999999999886,,16044.0,,256376.4,256376.0,0.39999999999417923,0.0002,-0.0003,0.0006,0.0002,revision,anchor vintage newer than WEO cut-off
BEL,2025-10,2001,False,131142.4,131142.0,0.39999999999417923,130526.9,130527.0,-0.10000000000582077,615.5,615.0,0.5,16085.5,15877.0,208.5,264334.9,264335.0,-0.09999999997671694,0.0003,-0.0001,0.0004,-0.0,revision,anchor vintage newer than WEO cut-off
BEL,2025-10,2002,False,136245.0,136245.0,0.0,136364.4,136364.0,0.39999999999417923,-119.4,-119.0,-0.4000000000000057,15059.199999999999,14658.0,401.1999999999989,273255.9,273255.0,0.9000000000232831,0.0,0.0003,-0.0003,0.0003,revision,anchor vintage newer than WEO cut-off
BEL,2025-10,2003,False,138303.3,138303.0,0.29999999998835847,143545.3,143545.0,0.29999999998835847,-5242.0,-5242.0,0.0,14134.699999999999,13921.0,213.6999999999989,281200.2,281201.0,-0.7999999999883585,0.0002,0.0002,0.0,-0.0003,revision,anchor vintage newer than WEO cut-off
BEL,2025-10,2004,False,145679.7,145680.0,-0.29999999998835847,146388.2,146388.0,0.20000000001164153,-708.5,-708.0,-0.5,13466.400000000001,13279.0,187.40000000000146,296819.7,296820.0,-0.29999999998835847,-0.0002,0.0001,-0.0003,-0.0001,revision,anchor vintage newer than WEO cut-off
BEL,2025-10,2005,False,152374.1,152374.0,0.10000000000582077,160791.6,160792.0,-0.39999999999417923,-8417.5,-8418.0,0.5,12917.6,12525.0,392.60000000000036,310037.6,310037.0,0.5999999999767169,0.0001,-0.0002,0.0003,0.0002,revision,anchor vintage newer than WEO cut-off
BEL,2025-10,2006,False,159418.4,159418.0,0.39999999999417923,158639.4,158639.0,0.39999999999417923,779.0,779.0,0.0,12758.5,12213.0,545.5,325151.5,325151.0,0.5,0.0003,0.0003,0.0,0.0002,revision,anchor vintage newer than WEO cut-off
BEL,2025-10,2007,False,167099.7,167100.0,-0.29999999998835847,166871.4,166871.0,0.39999999999417923,228.3,229.0,-0.6999999999999886,12748.900000000001,12368.0,380.90000000000146,343618.9,343619.0,-0.09999999997671694,-0.0002,0.0002,-0.0004,-0.0,revision,anchor vintage newer than WEO cut-off
BEL,2025-10,2008,False,174745.9,174746.0,-0.10000000000582077,178598.7,178599.0,-0.29999999998835847,-3852.8,-3853.0,0.1999999999998181,12620.6,12404.0,216.60000000000036,351743.1,351743.0,0.09999999997671694,-0.0001,-0.0002,0.0001,0.0,revision,anchor vintage newer than WEO cut-off
BEL,2025-10,2009,False,170677.7,170678.0,-0.29999999998835847,189621.2,189621.0,0.20000000001164153,-18943.5,-18943.0,-0.5,12643.9,12194.0,449.89999999999964,347734.9,347735.0,-0.09999999997671694,-0.0002,0.0001,-0.0003,-0.0,revision,anchor vintage newer than WEO cut-off
BEL,2025-10,2010,False,180783.3,180783.0,0.29999999998835847,195796.5,195797.0,-0.5,-15013.3,-15014.0,0.7000000000007276,12458.400000000001,11902.0,556.4000000000015,363242.4,363242.0,0.40000000002328306,0.0002,-0.0003,0.0004,0.0001,revision,anchor vintage newer than WEO cut-off
BEL,2025-10,2011,False,191591.2,191591.0,0.20000000001164153,208413.2,208413.0,0.20000000001164153,-16822.0,-16822.0,0.0,12798.6,12106.0,692.6000000000004,378745.4,378747.0,-1.599999999976717,0.0001,0.0001,0.0,-0.0004,revision,anchor vintage newer than WEO cut-off
BEL,2025-10,2012,False,201324.9,201325.0,-0.10000000000582077,218194.4,218194.0,0.39999999999417923,-16869.4,-16869.0,-0.4000000000014552,13368.300000000001,12539.0,829.3000000000011,387934.9,387936.0,-1.099999999976717,-0.0,0.0002,-0.0002,-0.0003,revision,anchor vintage newer than WEO cut-off
BEL,2025-10,2013,False,208114.7,208115.0,-0.29999999998835847,220598.6,220599.0,-0.39999999999417923,-12483.8,-12484.0,0.2000000000007276,12693.3,11899.0,794.2999999999993,394616.3,394617.0,-0.7000000000116415,-0.0001,-0.0002,0.0001,-0.0002,revision,anchor vintage newer than WEO cut-off
BEL,2025-10,2014,False,211555.8,211556.0,-0.20000000001164153,224414.0,224414.0,0.0,-12858.1,-12858.0,-0.1000000000003638,12712.0,11991.0,721.0,404958.3,404959.0,-0.7000000000116415,-0.0001,0.0,-0.0,-0.0002,revision,anchor vintage newer than WEO cut-off
BEL,2025-10,2015,False,213609.7,213610.0,-0.29999999998835847,223895.8,223896.0,-0.20000000001164153,-10286.1,-10286.0,-0.1000000000003638,11867.199999999999,11103.0,764.1999999999989,415538.0,415538.0,0.0,-0.0001,-0.0001,-0.0,0.0,revision,anchor vintage newer than WEO cut-off
BEL,2025-10,2016,False,218293.2,218293.0,0.20000000001164153,228708.7,228709.0,-0.29999999998835847,-10415.3,-10416.0,0.7000000000007276,11388.8,10571.0,817.7999999999993,428467.1,428467.0,0.09999999997671694,0.0001,-0.0001,0.0003,0.0,revision,anchor vintage newer than WEO cut-off
BEL,2025-10,2017,False,228314.7,228315.0,-0.29999999998835847,231699.4,231699.0,0.39999999999417923,-3384.7,-3384.0,-0.6999999999998181,10290.0,9392.0,898.0,443407.2,443408.0,-0.7999999999883585,-0.0001,0.0002,-0.0003,-0.0002,revision,anchor vintage newer than WEO cut-off
BEL,2025-10,2018,False,236191.2,236191.0,0.20000000001164153,241008.2,241008.0,0.20000000001164153,-4817.0,-4817.0,0.0,9577.6,8681.0,896.6000000000004,459491.8,459492.0,-0.20000000001164153,0.0001,0.0001,0.0,-0.0,revision,anchor vintage newer than WEO cut-off
BEL,2025-10,2019,False,238300.2,238300.0,0.20000000001164153,248119.3,248119.0,0.29999999998835847,-9819.1,-9819.0,-0.1000000000003638,9264.3,8405.0,859.2999999999993,479444.9,479446.0,-1.099999999976717,0.0001,0.0001,-0.0,-0.0002,revision,anchor vintage newer than WEO cut-off
BEL,2025-10,2020,False,229177.7,229178.0,-0.29999999998835847,271076.2,271076.0,0.20000000001164153,-41898.5,-41898.0,-0.5,8843.4,7929.0,914.3999999999996,463750.9,463750.0,0.9000000000232831,-0.0001,0.0001,-0.0002,0.0002,revision,anchor vintage newer than WEO cut-off
BEL,2025-10,2021,False,250681.2,250681.0,0.20000000001164153,278017.6,278017.0,0.5999999999767169,-27336.5,-27336.0,-0.5,8210.1,7326.0,884.1000000000004,506047.2,506047.0,0.20000000001164153,0.0001,0.0002,-0.0002,0.0,revision,anchor vintage newer than WEO cut-off
BEL,2025-10,2022,False,274862.7,274166.0,696.7000000000116,294745.9,294571.0,174.90000000002328,-19883.0,-20405.0,522.0,7977.799999999999,7326.0,651.7999999999993,561678.2,563710.0,-2031.8000000000466,0.2364,0.0593,0.1771,-0.3617,revision,anchor vintage newer than WEO cut-off
BEL,2025-10,2023,False,293330.9,293340.0,-9.099999999976717,318050.9,317761.0,289.9000000000233,-24720.1,-24421.0,-299.09999999999854,9419.3,8964.0,455.2999999999993,601866.5,596202.0,5664.5,-0.0029,0.0911,-0.094,0.9412,revision,anchor vintage newer than WEO cut-off
BEL,2025-10,2024,True,308044.6,306796.0,1248.5999999999767,335100.1,334546.0,554.0999999999767,-27056.3,-27750.0,693.7000000000007,11057.1,10227.0,830.1000000000004,619914.3,613985.0,5929.300000000047,0.3726,0.1654,0.207,0.9565,revision,anchor vintage newer than WEO cut-off
USA,2025-10,2001,False,3572558.054,3413430.0,159128.054,3768842.739,3471021.0,297821.73900000006,-196284.685,-57591.0,-138693.685,348310.265,244704.0,103606.26500000001,10581929.0,10581925.0,4.0,4.2222,7.9022,-3.68,0.0,unexplained,perimeter gap expected (§14); country mean -2.33% of TE
USA,2025-10,2002,False,3435253.773,3265289.0,169964.77300000004,4015593.389,3682918.0,332675.38899999997,-580339.616,-417629.0,-162710.61600000004,353259.88899999997,229967.0,123292.88899999997,10929108.0,10929100.0,8.0,4.2326,8.2846,-4.052,0.0001,unexplained,perimeter gap expected (§14); country mean -2.33% of TE
USA,2025-10,2003,False,3532824.016,3352897.0,179927.01599999983,4268405.593,3899438.0,368967.59300000034,-735581.577,-546541.0,-189040.57700000005,384438.407,224422.0,160016.407,11456450.0,11456450.0,0.0,4.2153,8.6442,-4.4288,0.0,unexplained,perimeter gap expected (§14); country mean -2.33% of TE
USA,2025-10,2004,False,3796621.239,3601074.0,195547.23900000006,4503250.177,4119540.0,383710.17700000014,-706628.938,-518466.0,-188162.93799999997,388394.741,231281.0,157113.74099999998,12217196.0,12217175.0,21.0,4.3424,8.5207,-4.1784,0.0002,unexplained,perimeter gap expected (§14); country mean -2.33% of TE
USA,2025-10,2005,False,4235671.686,4022974.0,212697.68599999975,4817585.229,4423929.0,393656.2290000003,-581913.543,-400955.0,-180958.54299999995,418489.586,259616.0,158873.586,13039197.0,13039200.0,-3.0,4.415,8.1712,-3.7562,-0.0,unexplained,perimeter gap expected (§14); country mean -2.33% of TE
USA,2025-10,2006,False,4602790.633,4373418.0,229372.63300000038,5065366.17,4654711.0,410655.1699999999,-462575.536,-281293.0,-181282.53600000002,437910.171,271087.0,166823.17099999997,13815583.0,13815600.0,-17.0,4.5283,8.1071,-3.5789,-0.0001,unexplained,perimeter gap expected (§14); country mean -2.33% of TE
USA,2025-10,2007,False,4830215.236,4580913.0,249302.23599999957,5408532.177,5002549.0,405983.17700000014,-578316.94,-421636.0,-156680.93999999994,463101.641,299099.0,164002.641,14474228.0,14474250.0,-22.0,4.6094,7.5063,-2.8969,-0.0002,perimeter,perimeter gap expected (§14); country mean -2.33% of TE
USA,2025-10,2008,False,4773133.99,4509472.0,263661.9900000002,5860288.656,5486125.0,374163.6560000004,-1087154.666,-976653.0,-110501.66599999997,470151.502,298842.0,171309.50199999998,14769862.0,14769850.0,12.0,4.4991,6.3847,-1.8856,0.0001,perimeter,perimeter gap expected (§14); country mean -2.33% of TE
USA,2025-10,2009,False,4354776.492,4085971.0,268805.4919999996,6253856.833,5993718.0,260138.83299999963,-1899080.341,-1907747.0,8666.658999999985,511783.598,273466.0,238317.598,14478067.0,14478050.0,17.0,4.2982,4.1597,0.1386,0.0001,unexplained,perimeter gap expected (§14); country mean -2.33% of TE
USA,2025-10,2010,False,4606574.082,4329605.0,276969.0820000004,6472653.579,5983868.0,488785.5789999999,-1866079.497,-1654263.0,-211816.49699999997,540620.918,304973.0,235647.91799999995,15048971.0,15048975.0,-4.0,4.2791,7.5515,-3.2725,-0.0,perimeter,perimeter gap expected (§14); country mean -2.33% of TE
USA,2025-10,2011,False,4822437.856,4536464.0,285973.8559999997,6535058.593,6052056.0,483002.59300000034,-1712620.737,-1515592.0,-197028.73699999996,588388.604,358204.0,230184.60400000005,15599732.0,15599725.0,7.0,4.376,7.3909,-3.0149,0.0,perimeter,perimeter gap expected (§14); country mean -2.33% of TE
USA,2025-10,2012,False,5018346.565,4731356.0,286990.5650000004,6515363.741,6050164.0,465199.7410000004,-1497017.176,-1318808.0,-178209.17599999998,607859.679,359031.0,248828.679,16253970.0,16253950.0,20.0,4.4048,7.14,-2.7352,0.0001,perimeter,perimeter gap expected (§14); country mean -2.33% of TE
USA,2025-10,2013,False,5565372.32,5270418.0,294954.3200000003,6548911.724,6040297.0,508614.7240000004,-983539.404,-769879.0,-213660.40399999998,588068.581,333711.0,254357.581,16880683.0,16880675.0,8.0,4.5039,7.7664,-3.2625,0.0,perimeter,perimeter gap expected (§14); country mean -2.33% of TE
USA,2025-10,2014,False,5809932.5,5510979.0,298953.5,6721068.225,6219883.0,501185.2249999996,-911135.725,-708904.0,-202231.72499999998,599176.5499999999,346896.0,252280.54999999993,17608138.0,17608125.0,13.0,4.448,7.4569,-3.0089,0.0001,perimeter,perimeter gap expected (§14); country mean -2.33% of TE
USA,2025-10,2015,False,6068701.015,5763188.0,305513.01499999966,6910981.379,6408912.0,502069.3789999997,-842280.364,-645724.0,-196556.36399999994,592049.618,336086.0,255963.61800000002,18295019.0,18295000.0,19.0,4.4207,7.2648,-2.8441,0.0001,perimeter,perimeter gap expected (§14); country mean -2.33% of TE
USA,2025-10,2016,False,6142532.039,5825138.0,317394.0389999999,7156461.234,6644348.0,512113.2340000002,-1013929.196,-819210.0,-194719.196,626999.517,372760.0,254239.517,18804913.0,18804900.0,13.0,4.4351,7.156,-2.7209,0.0001,perimeter,perimeter gap expected (§14); country mean -2.33% of TE
USA,2025-10,2017,False,6538636.446,5962055.0,576581.4460000005,7407363.809,6902297.0,505066.80900000036,-868727.362,-940242.0,71514.63800000004,654310.435,394863.0,259447.43500000006,19612102.0,19612100.0,2.0,7.7839,6.8184,0.9655,0.0,unexplained,perimeter gap expected (§14); country mean -2.33% of TE
USA,2025-10,2018,False,6529088.811,6199948.0,329140.81099999975,7792497.79,7301946.0,490551.79000000004,-1263408.979,-1101998.0,-161410.97900000005,703168.234,461421.0,241747.23400000005,20656516.0,20656525.0,-9.0,4.2238,6.2952,-2.0714,-0.0,perimeter,perimeter gap expected (§14); country mean -2.33% of TE
USA,2025-10,2019,False,6795389.475,6464911.0,330478.4749999996,8237124.663,7715392.0,521732.6629999997,-1441735.188,-1250481.0,-191254.18800000008,753260.623,490644.0,262616.623,21539982.0,21539975.0,7.0,4.0121,6.3339,-2.3219,0.0,perimeter,perimeter gap expected (§14); country mean -2.33% of TE
USA,2025-10,2020,False,6897513.366,6541063.0,356450.3660000004,10100928.491,9559511.0,541417.4910000004,-3203415.125,-3018448.0,-184967.125,695185.99,438059.0,257126.99,21375281.0,21375275.0,6.0,3.5289,5.3601,-1.8312,0.0,perimeter,perimeter gap expected (§14); country mean -2.33% of TE
USA,2025-10,2021,False,7920120.488,7537009.0,383111.4879999999,10755588.525,10249785.0,505803.5250000004,-2835468.037,-2712776.0,-122692.03700000001,741270.9569999999,538673.0,202597.95699999994,23725645.0,23725650.0,-5.0,3.562,4.7027,-1.1407,-0.0,unexplained,perimeter gap expected (§14); country mean -2.33% of TE
USA,2025-10,2022,False,9040456.783,8616158.0,424298.7829999998,10009774.585,9585472.0,424302.5850000009,-969317.802,-969314.0,-3.8020000000251457,850159.029,712089.0,138070.02899999998,26054614.0,26054600.0,14.0,4.2388,4.2389,-0.0,0.0001,unexplained,perimeter gap expected (§14); country mean -2.33% of TE
USA,2025-10,2023,False,8694077.898,8302199.0,391878.89800000004,10905857.712,10471037.0,434820.71199999936,-2211779.815,-2168838.0,-42941.814999999944,1078589.905,870187.0,208402.90500000003,27811517.0,27811500.0,17.0,3.5933,3.987,-0.3938,0.0001,unexplained,perimeter gap expected (§14); country mean -2.33% of TE
USA,2025-10,2024,True,9236733.593,8756172.0,480561.59300000034,11592173.245,11109189.0,482984.2449999992,-2355439.653,-2353017.0,-2422.652999999933,1230563.333,1001079.0,229484.3330000001,29298013.0,29298025.0,-12.0,4.1456,4.1665,-0.0209,-0.0,unexplained,perimeter gap expected (§14); country mean -2.33% of TE
GBR,2025-04,1990,False,227587.0,224753.0,2834.0,237527.0,235050.0,2477.0,-9940.0,-10297.0,357.0,,11366.0,,670331.0,670797.0,-466.0,1.1931,1.0428,0.1503,-0.0695,perimeter,perimeter gap expected (§14); country mean -0.17% of TE
GBR,2025-04,1991,False,238031.0,233819.0,4212.0,257370.0,253342.0,4028.0,-19339.0,-19523.0,184.0,,9387.0,,705165.0,705884.0,-719.0,1.6366,1.5651,0.0715,-0.102,perimeter,perimeter gap expected (§14); country mean -0.17% of TE
GBR,2025-04,1992,False,241577.0,236919.0,4658.0,281615.0,276440.0,5175.0,-40038.0,-39521.0,-517.0,,10064.0,,730156.0,730874.0,-718.0,1.654,1.8376,-0.1836,-0.0983,perimeter,perimeter gap expected (§14); country mean -0.17% of TE
GBR,2025-04,1993,False,244677.0,239997.0,4680.0,298094.0,290989.0,7105.0,-53417.0,-50992.0,-2425.0,,11183.0,,769169.0,769855.0,-686.0,1.57,2.3835,-0.8135,-0.0892,perimeter,perimeter gap expected (§14); country mean -0.17% of TE
GBR,2025-04,1994,False,262194.0,257564.0,4630.0,311997.0,304114.0,7883.0,-49803.0,-46550.0,-3253.0,,13891.0,,810165.0,810794.0,-629.0,1.484,2.5266,-1.0426,-0.0776,perimeter,perimeter gap expected (§14); country mean -0.17% of TE
GBR,2025-04,1995,False,282664.0,278069.0,4595.0,328874.0,320559.0,8315.0,-46210.0,-42490.0,-3720.0,22906.0,17349.0,5557.0,851390.0,851845.0,-455.0,1.3972,2.5283,-1.1311,-0.0534,perimeter,perimeter gap expected (§14); country mean -0.17% of TE
GBR,2025-04,1996,False,300002.0,291828.0,8174.0,337467.0,325017.0,12450.0,-37465.0,-33189.0,-4276.0,24263.0,18413.0,5850.0,909894.0,909993.0,-99.0,2.4222,3.6892,-1.2671,-0.0109,unexplained,perimeter gap expected (§14); country mean -0.17% of TE
GBR,2025-04,1997,False,322933.0,313483.0,9450.0,341776.0,332649.0,9127.0,-18843.0,-19166.0,323.0,24571.0,20283.0,4288.0,954275.0,953405.0,870.0,2.765,2.6705,0.0945,0.0912,perimeter,perimeter gap expected (§14); country mean -0.17% of TE
GBR,2025-04,1998,False,351490.0,342015.0,9475.0,353573.0,344140.0,9433.0,-2083.0,-2125.0,42.0,25469.0,19730.0,5739.0,998676.0,998501.0,175.0,2.6798,2.6679,0.0119,0.0175,perimeter,perimeter gap expected (§14); country mean -0.17% of TE
GBR,2025-04,1999,False,372689.0,361630.0,11059.0,364712.0,353703.0,11009.0,7977.0,7927.0,50.0,22892.0,17756.0,5136.0,1042219.0,1043248.0,-1029.0,3.0323,3.0185,0.0137,-0.0987,perimeter,perimeter gap expected (§14); country mean -0.17% of TE
GBR,2025-04,2000,False,402079.0,388904.0,13175.0,386659.0,373546.0,13113.0,15420.0,15358.0,62.0,23486.0,18260.0,5226.0,1100367.0,1100752.0,-385.0,3.4074,3.3914,0.016,-0.035,perimeter,perimeter gap expected (§14); country mean -0.17% of TE
GBR,2025-04,2001,False,417942.0,401099.0,16843.0,414039.0,397252.0,16787.0,3903.0,3847.0,56.0,21385.0,17009.0,4376.0,1145871.0,1146135.0,-264.0,4.068,4.0544,0.0135,-0.023,perimeter,perimeter gap expected (§14); country mean -0.17% of TE
GBR,2025-04,2002,False,423991.0,404902.0,19089.0,447236.0,428220.0,19016.0,-23245.0,-23318.0,73.0,19557.0,16354.0,3203.0,1189667.0,1191439.0,-1772.0,4.2682,4.2519,0.0163,-0.1489,perimeter,perimeter gap expected (§14); country mean -0.17% of TE
GBR,2025-04,2003,False,447902.0,427809.0,20093.0,488220.0,468267.0,19953.0,-40318.0,-40458.0,140.0,20662.0,17737.0,2925.0,1257397.0,1258334.0,-937.0,4.1156,4.0869,0.0287,-0.0745,perimeter,perimeter gap expected (§14); country mean -0.17% of TE
GBR,2025-04,2004,False,488059.0,461247.0,26812.0,529773.0,503098.0,26675.0,-41714.0,-41851.0,137.0,22421.0,19405.0,3016.0,1321889.0,1322637.0,-748.0,5.061,5.0352,0.0259,-0.0566,perimeter,perimeter gap expected (§14); country mean -0.17% of TE
GBR,2025-04,2005,False,532688.0,493600.0,39088.0,576622.0,537664.0,38958.0,-43934.0,-44064.0,130.0,25562.0,22354.0,3208.0,1397632.0,1398749.0,-1117.0,6.7788,6.7562,0.0225,-0.0799,perimeter,perimeter gap expected (§14); country mean -0.17% of TE
GBR,2025-04,2006,False,561010.0,524867.0,36143.0,601477.0,565480.0,35997.0,-40467.0,-40613.0,146.0,26476.0,23729.0,2747.0,1472264.0,1472038.0,226.0,6.009,5.9848,0.0243,0.0154,perimeter,perimeter gap expected (§14); country mean -0.17% of TE
GBR,2025-04,2007,False,594042.0,556072.0,37970.0,634877.0,597060.0,37817.0,-40835.0,-40988.0,153.0,29330.0,26119.0,3211.0,1546393.0,1544637.0,1756.0,5.9807,5.9566,0.0241,0.1136,perimeter,perimeter gap expected (§14); country mean -0.17% of TE
GBR,2025-04,2008,False,625274.0,571635.0,53639.0,706148.0,652702.0,53446.0,-80874.0,-81067.0,193.0,28203.0,24723.0,3480.0,1597786.0,1593600.0,4186.0,7.596,7.5687,0.0273,0.262,perimeter,perimeter gap expected (§14); country mean -0.17% of TE
GBR,2025-04,2009,False,576520.0,535449.0,41071.0,732024.0,691209.0,40815.0,-155504.0,-155760.0,256.0,24825.0,22822.0,2003.0,1556801.0,1548802.0,7999.0,5.6106,5.5756,0.035,0.5138,perimeter,perimeter gap expected (§14); country mean -0.17% of TE
GBR,2025-04,2010,False,612140.0,570800.0,41340.0,761564.0,719097.0,42467.0,-149424.0,-148297.0,-1127.0,42323.0,40789.0,1534.0,1615304.0,1608553.0,6751.0,5.4283,5.5763,-0.148,0.4179,perimeter,perimeter gap expected (§14); country mean -0.17% of TE
GBR,2025-04,2011,False,637367.0,600617.0,36750.0,761359.0,723276.0,38083.0,-123992.0,-122659.0,-1333.0,48398.0,46566.0,1832.0,1670576.0,1662590.0,7986.0,4.8269,5.002,-0.1751,0.478,perimeter,perimeter gap expected (§14); country mean -0.17% of TE
GBR,2025-04,2012,False,643820.0,618712.0,25108.0,780852.0,746373.0,34479.0,-137032.0,-127661.0,-9371.0,44754.0,40447.0,4307.0,1723202.0,1713715.0,9487.0,3.2155,4.4156,-1.2001,0.5505,unexplained,perimeter gap expected (§14); country mean -0.17% of TE
GBR,2025-04,2013,False,685641.0,650127.0,35514.0,780359.0,745321.0,35038.0,-94718.0,-95194.0,476.0,45690.0,24945.0,20745.0,1792584.0,1781361.0,11223.0,4.551,4.49,0.061,0.6261,perimeter,perimeter gap expected (§14); country mean -0.17% of TE
GBR,2025-04,2014,False,700490.0,664086.0,36404.0,803006.0,767062.0,35944.0,-102516.0,-102976.0,460.0,44668.0,34163.0,10505.0,1877018.0,1862514.0,14504.0,4.5335,4.4762,0.0573,0.7727,perimeter,perimeter gap expected (§14); country mean -0.17% of TE
GBR,2025-04,2015,False,725144.0,686684.0,38460.0,812579.0,774726.0,37853.0,-87435.0,-88042.0,607.0,39434.0,28995.0,10439.0,1928920.0,1916451.0,12469.0,4.7331,4.6584,0.0747,0.6464,perimeter,perimeter gap expected (§14); country mean -0.17% of TE
GBR,2025-04,2016,False,763115.0,723363.0,39752.0,828878.0,789332.0,39546.0,-65763.0,-65969.0,206.0,44321.0,32373.0,11948.0,2005533.0,1991645.0,13888.0,4.7959,4.771,0.0249,0.6925,perimeter,perimeter gap expected (§14); country mean -0.17% of TE
GBR,2025-04,2017,False,805501.0,763516.0,41985.0,857578.0,815393.0,42185.0,-52077.0,-51877.0,-200.0,51080.0,37992.0,13088.0,2102410.0,2082482.0,19928.0,4.8958,4.9191,-0.0233,0.9479,perimeter,perimeter gap expected (§14); country mean -0.17% of TE
GBR,2025-04,2018,False,832110.0,787767.0,44343.0,880582.0,836626.0,43956.0,-48472.0,-48859.0,387.0,47713.0,36340.0,11373.0,2178105.0,2152304.0,25801.0,5.0356,4.9917,0.0439,1.1846,perimeter,perimeter gap expected (§14); country mean -0.17% of TE
GBR,2025-04,2019,False,859047.0,810711.0,48336.0,912674.0,865939.0,46735.0,-53627.0,-55228.0,1601.0,43024.0,32255.0,10769.0,2263433.0,2233921.0,29512.0,5.2961,5.1207,0.1754,1.3039,perimeter,perimeter gap expected (§14); country mean -0.17% of TE
GBR,2025-04,2020,False,825490.0,774372.0,51118.0,1099852.0,1051463.0,48389.0,-274362.0,-277091.0,2729.0,36298.0,23961.0,12337.0,2131729.0,2103486.0,28243.0,4.6477,4.3996,0.2481,1.3249,perimeter,perimeter gap expected (§14); country mean -0.17% of TE
GBR,2025-04,2021,False,926020.0,869105.0,56915.0,1101087.0,1045648.0,55439.0,-175067.0,-176543.0,1476.0,57676.0,49012.0,8664.0,2332847.0,2285400.0,47447.0,5.169,5.0349,0.134,2.0339,perimeter,perimeter gap expected (§14); country mean -0.17% of TE
GBR,2025-04,2022,False,1056873.0,999023.0,57850.0,1175592.0,1114117.0,61475.0,-118719.0,-115094.0,-3625.0,100283.0,92042.0,8241.0,2590757.0,2526428.0,64329.0,4.9209,5.2293,-0.3084,2.483,perimeter,perimeter gap expected (§14); country mean -0.17% of TE
GBR,2025-04,2023,False,1114183.0,1051265.0,62918.0,1280766.0,1215406.0,65360.0,-166583.0,-164141.0,-2442.0,70508.0,65178.0,5330.0,2766446.0,2711185.0,55261.0,4.9125,5.1032,-0.1907,1.9975,perimeter,perimeter gap expected (§14); country mean -0.17% of TE
GBR,2025-04,2024,True,1162812.0,1091675.0,71137.0,1337389.0,1255571.0,81818.0,-174577.0,-163896.0,-10681.0,64640.0,55959.0,8681.0,2904950.0,2850989.0,53961.0,5.3191,6.1177,-0.7986,1.8576,perimeter,perimeter gap expected (§14); country mean -0.17% of TE
FRA,2025-04,1995,False,618331.7,618332.0,-0.30000000004656613,680370.4,680300.0,70.40000000002328,-62038.7,-61968.0,-70.69999999999709,36951.6,35010.0,1941.5999999999985,1213802.4,1213802.0,0.39999999990686774,-0.0,0.0103,-0.0104,0.0,revision,anchor vintage newer than WEO cut-off
FRA,2025-04,1996,False,649939.5,649940.0,-0.5,698523.5,698500.0,23.5,-48584.0,-48561.0,-23.0,40888.1,38819.0,2069.0999999999985,1246973.7,1246974.0,-0.30000000004656613,-0.0001,0.0034,-0.0033,-0.0,revision,anchor vintage newer than WEO cut-off
FRA,2025-04,1997,False,668781.4,668781.0,0.40000000002328306,716646.7,716600.0,46.699999999953434,-47865.3,-47819.0,-46.30000000000291,40466.399999999994,38969.0,1497.3999999999942,1289669.2,1289669.0,0.19999999995343387,0.0001,0.0065,-0.0065,0.0,revision,anchor vintage newer than WEO cut-off
FRA,2025-04,1998,False,694521.4,694521.0,0.40000000002328306,726716.1,726700.0,16.099999999976717,-32194.7,-32179.0,-15.700000000000728,40620.600000000006,38909.0,1711.6000000000058,1346317.6,1346318.0,-0.39999999990686774,0.0001,0.0022,-0.0022,-0.0,revision,anchor vintage newer than WEO cut-off
FRA,2025-04,1999,False,727044.7,727045.0,-0.30000000004656613,748589.0,748600.0,-11.0,-21544.3,-21555.0,10.700000000000728,39721.8,37249.0,2472.800000000003,1395148.0,1395148.0,0.0,-0.0,-0.0015,0.0014,0.0,revision,anchor vintage newer than WEO cut-off
FRA,2025-04,2000,False,756006.5,756007.0,-0.5,775348.7,775400.0,-51.300000000046566,-19342.2,-19394.0,51.79999999999927,40662.9,38088.0,2574.9000000000015,1473517.3,1473517.0,0.30000000004656613,-0.0001,-0.0066,0.0067,0.0,revision,anchor vintage newer than WEO cut-off
FRA,2025-04,2001,False,786539.0,786539.0,0.0,808225.6,808200.0,25.599999999976717,-21686.6,-21661.0,-25.599999999998545,42443.6,40022.0,2421.5999999999985,1530070.9,1530071.0,-0.10000000009313226,0.0,0.0032,-0.0032,-0.0,revision,anchor vintage newer than WEO cut-off
FRA,2025-04,2002,False,800986.5,800987.0,-0.5,851107.4,851100.0,7.400000000023283,-50120.9,-50114.0,-6.900000000001455,43699.7,41649.0,2050.699999999997,1578330.4,1578330.0,0.39999999990686774,-0.0001,0.0009,-0.0008,0.0,revision,anchor vintage newer than WEO cut-off
FRA,2025-04,2003,False,815468.6,815469.0,-0.40000000002328306,881785.6,881900.0,-114.40000000002328,-66317.0,-66431.0,114.0,42494.0,41057.0,1437.0,1622312.8,1622313.0,-0.19999999995343387,-0.0,-0.013,0.0129,-0.0,revision,anchor vintage newer than WEO cut-off
FRA,2025-04,2004,False,855606.6,855607.0,-0.40000000002328306,915906.4,915900.0,6.400000000023283,-60299.8,-60293.0,-6.80000000000291,44509.7,42632.0,1877.699999999997,1696107.7,1696108.0,-0.30000000004656613,-0.0,0.0007,-0.0007,-0.0,revision,anchor vintage newer than WEO cut-off
FRA,2025-04,2005,False,894341.1,894341.0,0.09999999997671694,956142.5,956100.0,42.5,-61801.4,-61759.0,-42.400000000001455,45167.6,42974.0,2193.5999999999985,1762047.7,1762048.0,-0.30000000004656613,0.0,0.0044,-0.0044,-0.0,revision,anchor vintage newer than WEO cut-off
FRA,2025-04,2006,False,943178.2,943178.0,0.19999999995343387,992240.8,992200.0,40.800000000046566,-49062.6,-49022.0,-40.599999999998545,45518.799999999996,43816.0,1702.7999999999956,1846020.8,1846021.0,-0.19999999995343387,0.0,0.0041,-0.0041,-0.0,revision,anchor vintage newer than WEO cut-off
FRA,2025-04,2007,False,981351.9,981352.0,-0.09999999997671694,1039287.6,1039300.0,-12.400000000023283,-57935.7,-57948.0,12.30000000000291,48911.6,47844.0,1067.5999999999985,1937876.3,1937876.0,0.30000000004656613,-0.0,-0.0012,0.0012,0.0,revision,anchor vintage newer than WEO cut-off
FRA,2025-04,2008,False,1010530.4,1010530.0,0.40000000002328306,1080220.5,1080200.0,20.5,-69690.1,-69670.0,-20.10000000000582,53113.6,52428.0,685.5999999999985,1989999.7,1990000.0,-0.30000000004656613,0.0,0.0019,-0.0019,-0.0,revision,anchor vintage newer than WEO cut-off
FRA,2025-04,2009,False,979773.4,979773.0,0.40000000002328306,1122607.3,1122700.0,-92.69999999995343,-142833.9,-142927.0,93.10000000000582,45463.5,43393.0,2070.5,1935840.2,1935840.0,0.19999999995343387,0.0,-0.0083,0.0083,0.0,revision,anchor vintage newer than WEO cut-off
FRA,2025-04,2010,False,1009201.3,1009201.0,0.30000000004656613,1151961.8,1152100.0,-138.19999999995343,-142760.5,-142899.0,138.5,49455.100000000006,45771.0,3684.100000000006,1996075.1,1996075.0,0.10000000009313226,0.0,-0.012,0.012,0.0,revision,anchor vintage newer than WEO cut-off
FRA,2025-04,2011,False,1066319.2,1066319.0,0.19999999995343387,1175704.7,1175600.0,104.69999999995343,-109385.5,-109281.0,-104.5,54251.8,51246.0,3005.800000000003,2062141.4,2062141.0,0.39999999990686774,0.0,0.0089,-0.0089,0.0,revision,anchor vintage newer than WEO cut-off
FRA,2025-04,2012,False,1100965.9,1100966.0,-0.10000000009313226,1208953.1,1208900.0,53.10000000009313,-107987.2,-107934.0,-53.19999999999709,54340.2,51423.0,2917.199999999997,2088286.7,2088287.0,-0.30000000004656613,-0.0,0.0044,-0.0044,-0.0,revision,anchor vintage newer than WEO cut-off
FRA,2025-04,2013,False,1137646.2,1137646.0,0.19999999995343387,1242358.0,1242300.0,58.0,-104711.8,-104654.0,-57.80000000000291,50041.5,46697.0,3344.5,2120351.9,2120352.0,-0.10000000009313226,0.0,0.0047,-0.0047,-0.0,revision,anchor vintage newer than WEO cut-off
FRA,2025-04,2014,False,1159145.1,1159145.0,0.10000000009313226,1257649.1,1257600.0,49.10000000009313,-98504.0,-98455.0,-49.0,49398.6,45297.0,4101.5999999999985,2153733.1,2153733.0,0.10000000009313226,0.0,0.0039,-0.0039,0.0,revision,anchor vintage newer than WEO cut-off
FRA,2025-04,2015,False,1182326.8,1182327.0,-0.19999999995343387,1268007.8,1267900.0,107.80000000004657,-85681.0,-85573.0,-108.0,46695.2,42555.0,4140.199999999997,2201401.6,2201402.0,-0.39999999990686774,-0.0,0.0085,-0.0085,-0.0,revision,anchor vintage newer than WEO cut-off
FRA,2025-04,2016,False,1196622.9,1196623.0,-0.10000000009313226,1280648.1,1280600.0,48.10000000009313,-84025.2,-83977.0,-48.19999999999709,45238.9,40928.0,4310.9000000000015,2231819.2,2231819.0,0.20000000018626451,-0.0,0.0038,-0.0038,0.0,revision,anchor vintage newer than WEO cut-off
FRA,2025-04,2017,False,1244386.9,1244387.0,-0.10000000009313226,1321444.6,1321500.0,-55.39999999990687,-77057.7,-77113.0,55.30000000000291,43611.9,39652.0,3959.9000000000015,2291680.5,2291681.0,-0.5,-0.0,-0.0042,0.0042,-0.0,revision,anchor vintage newer than WEO cut-off
FRA,2025-04,2018,False,1273016.1,1273016.0,0.10000000009313226,1327632.3,1327700.0,-67.69999999995343,-54616.2,-54684.0,67.80000000000291,43910.200000000004,40349.0,3561.2000000000044,2355362.8,2355363.0,-0.20000000018626451,0.0,-0.0051,0.0051,-0.0,revision,anchor vintage newer than WEO cut-off
FRA,2025-04,2019,False,1287929.2,1287929.0,0.19999999995343387,1346154.7,1346100.0,54.699999999953434,-58225.5,-58171.0,-54.5,38997.4,35838.0,3159.4000000000015,2432206.8,2432207.0,-0.20000000018626451,0.0,0.0041,-0.004,-0.0,revision,anchor vintage newer than WEO cut-off
FRA,2025-04,2020,False,1223272.6,1223273.0,-0.39999999990686774,1430357.0,1430300.0,57.0,-207084.4,-207027.0,-57.39999999999418,32520.8,29332.0,3188.7999999999993,2318276.2,2318276.0,0.20000000018626451,-0.0,0.004,-0.004,0.0,revision,anchor vintage newer than WEO cut-off
FRA,2025-04,2021,False,1326231.8,1326275.0,-43.199999999953434,1491381.1,1491400.0,-18.899999999906868,-165149.3,-165125.0,-24.29999999998836,37212.8,34273.0,2939.800000000003,2508102.3,2508102.0,0.2999999998137355,-0.0029,-0.0013,-0.0016,0.0,revision,anchor vintage newer than WEO cut-off
FRA,2025-04,2022,False,1424435.6,1424970.0,-534.3999999999069,1550331.4,1550700.0,-368.60000000009313,-125895.8,-125731.0,-164.8000000000029,51873.6,49804.0,2069.5999999999985,2653997.2,2654056.0,-58.799999999813735,-0.0345,-0.0238,-0.0106,-0.0022,revision,anchor vintage newer than WEO cut-off
FRA,2025-04,2023,True,1456350.5,1454548.0,1802.5,1608270.8,1608500.0,-229.19999999995343,-151920.3,-153952.0,2031.7000000000116,46532.9,48785.0,-2252.0999999999985,2833826.4,2826308.0,7518.399999999907,0.1121,-0.0143,0.1263,0.2653,revision,anchor vintage newer than WEO cut-off
DEU,2025-04,1995,False,870238.0,870238.0,0.0,1049528.0,1049528.0,0.0,-179290.0,-179290.0,0.0,,58668.0,,1899930.0,1899930.0,0.0,0.0,0.0,0.0,0.0,revision,anchor vintage newer than WEO cut-off
DEU,2025-04,1996,False,885563.0,885563.0,0.0,955732.0,955732.0,0.0,-70169.0,-70169.0,0.0,,58888.0,,1928560.0,1928560.0,0.0,0.0,0.0,0.0,0.0,revision,anchor vintage newer than WEO cut-off
DEU,2025-04,1997,False,899509.0,899509.0,0.0,959060.0,959060.0,0.0,-59551.0,-59551.0,0.0,,59541.0,,1967180.0,1967180.0,0.0,0.0,0.0,0.0,0.0,revision,anchor vintage newer than WEO cut-off
DEU,2025-04,1998,False,923010.0,923010.0,0.0,976592.0,976592.0,0.0,-53582.0,-53582.0,0.0,,61377.0,,2022310.0,2022310.0,0.0,0.0,0.0,0.0,0.0,revision,anchor vintage newer than WEO cut-off
DEU,2025-04,1999,False,968416.0,968416.0,0.0,1007187.0,1007187.0,0.0,-38771.0,-38771.0,0.0,,57994.0,,2077240.0,2077240.0,0.0,0.0,0.0,0.0,0.0,revision,anchor vintage newer than WEO cut-off
DEU,2025-04,2000,False,986936.0,986936.0,0.0,1023445.0,1023445.0,0.0,-36509.0,-36509.0,0.0,61933.0,59091.0,2842.0,2129660.0,2129660.0,0.0,0.0,0.0,0.0,0.0,revision,anchor vintage newer than WEO cut-off
DEU,2025-04,2001,False,977627.0,977627.0,0.0,1046229.0,1046229.0,0.0,-68602.0,-68602.0,0.0,59975.0,57103.0,2872.0,2195530.0,2195530.0,0.0,0.0,0.0,0.0,0.0,revision,anchor vintage newer than WEO cut-off
DEU,2025-04,2002,False,981788.0,981788.0,0.0,1072638.0,1072638.0,0.0,-90850.0,-90850.0,0.0,61344.0,58454.0,2890.0,2223360.0,2223360.0,0.0,0.0,0.0,0.0,0.0,revision,anchor vintage newer than WEO cut-off
DEU,2025-04,2003,False,1001289.0,1001289.0,0.0,1087101.0,1087101.0,0.0,-85812.0,-85812.0,0.0,60854.0,58677.0,2177.0,2240810.0,2240810.0,0.0,0.0,0.0,0.0,0.0,revision,anchor vintage newer than WEO cut-off
DEU,2025-04,2004,False,998635.0,998635.0,0.0,1077080.0,1077080.0,0.0,-78445.0,-78445.0,0.0,60137.0,57805.0,2332.0,2293040.0,2293040.0,0.0,0.0,0.0,0.0,0.0,revision,anchor vintage newer than WEO cut-off
DEU,2025-04,2005,False,1011597.0,1011597.0,0.0,1089993.0,1089993.0,0.0,-78396.0,-78396.0,0.0,58951.0,56796.0,2155.0,2325710.0,2325710.0,0.0,0.0,0.0,0.0,0.0,revision,anchor vintage newer than WEO cut-off
DEU,2025-04,2006,False,1056690.0,1056690.0,0.0,1099274.0,1099274.0,0.0,-42584.0,-42584.0,0.0,58925.0,57809.0,1116.0,2426180.0,2426180.0,0.0,0.0,0.0,0.0,0.0,revision,anchor vintage newer than WEO cut-off
DEU,2025-04,2007,False,1110816.0,1110816.0,0.0,1106879.0,1106879.0,0.0,3937.0,3937.0,0.0,61450.0,60999.0,451.0,2542220.0,2542220.0,0.0,0.0,0.0,0.0,0.0,revision,anchor vintage newer than WEO cut-off
DEU,2025-04,2008,False,1143471.0,1143471.0,0.0,1150280.0,1150280.0,0.0,-6809.0,-6809.0,0.0,60972.0,60396.0,576.0,2589280.0,2589680.0,-400.0,0.0,0.0,0.0,-0.0154,revision,anchor vintage newer than WEO cut-off
DEU,2025-04,2009,False,1125612.0,1125612.0,0.0,1204819.0,1204819.0,0.0,-79207.0,-79207.0,0.0,59349.0,58481.0,868.0,2493970.0,2494870.0,-900.0,0.0,0.0,0.0,-0.0361,revision,anchor vintage newer than WEO cut-off
DEU,2025-04,2010,False,1143087.0,1143087.0,0.0,1258707.0,1258707.0,0.0,-115620.0,-115620.0,0.0,56345.0,55744.0,601.0,2615260.0,2616060.0,-800.0,0.0,0.0,0.0,-0.0306,revision,anchor vintage newer than WEO cut-off
DEU,2025-04,2011,False,1220989.0,1220989.0,0.0,1244063.0,1244063.0,0.0,-23074.0,-23074.0,0.0,55985.0,54815.0,1170.0,2747210.0,2747810.0,-600.0,0.0,0.0,0.0,-0.0218,revision,anchor vintage newer than WEO cut-off
DEU,2025-04,2012,False,1260986.0,1260986.0,0.0,1262507.0,1262507.0,0.0,-1521.0,-1521.0,0.0,52413.0,51365.0,1048.0,2800680.0,2800380.0,300.0,0.0,0.0,0.0,0.0107,revision,anchor vintage newer than WEO cut-off
DEU,2025-04,2013,False,1298112.0,1298112.0,0.0,1294600.0,1294600.0,0.0,3512.0,3512.0,0.0,42034.0,41060.0,974.0,2869480.0,2867280.0,2200.0,0.0,0.0,0.0,0.0767,revision,anchor vintage newer than WEO cut-off
DEU,2025-04,2014,False,1350164.0,1350164.0,0.0,1328332.0,1328332.0,0.0,21832.0,21832.0,0.0,38178.0,36678.0,1500.0,2988470.0,2985170.0,3300.0,0.0,0.0,0.0,0.1104,revision,anchor vintage newer than WEO cut-off
DEU,2025-04,2015,False,1401532.0,1401532.0,0.0,1373293.0,1373293.0,0.0,28239.0,28239.0,0.0,34709.0,33386.0,1323.0,3094190.0,3085650.0,8540.0,0.0,0.0,0.0,0.276,revision,anchor vintage newer than WEO cut-off
DEU,2025-04,2016,False,1465493.0,1465493.0,0.0,1429256.0,1429256.0,0.0,36237.0,36237.0,0.0,30823.0,29789.0,1034.0,3204870.0,3196110.0,8760.0,0.0,0.0,0.0,0.2733,revision,anchor vintage newer than WEO cut-off
DEU,2025-04,2017,False,1529123.0,1529123.0,0.0,1484552.0,1484552.0,0.0,44571.0,44571.0,0.0,28577.0,27763.0,814.0,3345860.0,3331110.0,14750.0,0.0,0.0,0.0,0.4408,revision,anchor vintage newer than WEO cut-off
DEU,2025-04,2018,False,1597995.0,1597996.0,-1.0,1533328.0,1533328.0,0.0,64667.0,64668.0,-1.0,25550.0,24845.0,705.0,3450580.0,3431130.0,19450.0,-0.0001,0.0,-0.0001,0.5637,revision,anchor vintage newer than WEO cut-off
DEU,2025-04,2019,False,1657564.0,1657565.0,-1.0,1610615.0,1610615.0,0.0,46949.0,46950.0,-1.0,21747.0,20899.0,848.0,3557630.0,3534880.0,22750.0,-0.0001,0.0,-0.0001,0.6395,revision,anchor vintage newer than WEO cut-off
DEU,2025-04,2020,False,1612653.0,1612652.0,1.0,1763784.0,1763784.0,0.0,-151131.0,-151132.0,1.0,18120.0,15991.0,2129.0,3477670.0,3449620.0,28050.0,0.0001,0.0,0.0001,0.8066,revision,anchor vintage newer than WEO cut-off
DEU,2025-04,2021,False,1749189.0,1747866.0,1323.0,1865819.0,1864302.0,1517.0,-116630.0,-116436.0,-194.0,17377.0,17067.0,310.0,3713090.0,3676460.0,36630.0,0.0709,0.0813,-0.0104,0.9865,revision,anchor vintage newer than WEO cut-off
DEU,2025-04,2022,False,1863070.0,1852590.0,10480.0,1939208.0,1937465.0,1743.0,-76138.0,-84875.0,8737.0,22139.0,22196.0,-57.0,4010630.0,3953850.0,56780.0,0.5404,0.0899,0.4505,1.4157,revision,anchor vintage newer than WEO cut-off
DEU,2025-04,2023,False,1926184.0,1921171.0,5013.0,2031433.0,2024970.0,6463.0,-105249.0,-103799.0,-1450.0,20661.0,26899.0,-6238.0,4254930.0,4185550.0,69380.0,0.2468,0.3181,-0.0714,1.6306,revision,anchor vintage newer than WEO cut-off
DEU,2025-04,2024,True,2024422.0,2012850.0,11572.0,2139717.0,2131627.0,8090.0,-115295.0,-118777.0,3482.0,27732.0,36866.0,-9134.0,4386940.0,4305260.0,81680.0,0.5408,0.3781,0.1627,1.8619,revision,anchor vintage newer than WEO cut-off
ITA,2025-04,1995,False,438289.0,438289.0,0.0,509592.0,509592.0,0.0,-71303.0,-71303.0,0.0,,101814.0,,990520.9,990520.0,0.9000000000232831,0.0,0.0,0.0,0.0001,revision,anchor vintage newer than WEO cut-off
ITA,2025-04,1996,False,468772.0,468772.0,0.0,538010.0,538010.0,0.0,-69238.0,-69238.0,0.0,,108352.0,,1047745.4,1047746.0,-0.5999999999767169,0.0,0.0,0.0,-0.0001,revision,anchor vintage newer than WEO cut-off
ITA,2025-04,1997,False,507513.0,507513.0,0.0,540150.0,540150.0,0.0,-32637.0,-32637.0,0.0,,94486.0,,1095091.6,1095091.0,0.6000000000931323,0.0,0.0,0.0,0.0001,revision,anchor vintage newer than WEO cut-off
ITA,2025-04,1998,False,513774.0,513774.0,0.0,547851.0,547851.0,0.0,-34077.0,-34077.0,0.0,,85254.0,,1141256.8,1141256.0,0.8000000000465661,0.0,0.0,0.0,0.0001,revision,anchor vintage newer than WEO cut-off
ITA,2025-04,1999,False,533453.0,533453.0,0.0,554351.0,554351.0,0.0,-20898.0,-20898.0,0.0,,71852.0,,1177549.7,1177550.0,-0.30000000004656613,0.0,0.0,0.0,-0.0,revision,anchor vintage newer than WEO cut-off
ITA,2025-04,2000,False,547045.0,547045.0,0.0,577169.0,577169.0,0.0,-30124.0,-30124.0,0.0,,72565.0,,1244744.2,1244744.0,0.19999999995343387,0.0,0.0,0.0,0.0,revision,anchor vintage newer than WEO cut-off
ITA,2025-04,2001,False,575153.0,575153.0,0.0,616778.0,616778.0,0.0,-41625.0,-41625.0,0.0,76259.0,75131.0,1128.0,1308623.1,1308623.0,0.10000000009313226,0.0,0.0,0.0,0.0,revision,anchor vintage newer than WEO cut-off
ITA,2025-04,2002,False,591190.0,591190.0,0.0,630226.0,630226.0,0.0,-39036.0,-39036.0,0.0,71390.0,70167.0,1223.0,1355522.3,1355523.0,-0.6999999999534339,0.0,0.0,0.0,-0.0001,revision,anchor vintage newer than WEO cut-off
ITA,2025-04,2003,False,612124.0,612124.0,0.0,657271.0,657271.0,0.0,-45147.0,-45147.0,0.0,67051.0,66064.0,987.0,1399386.0,1399386.0,0.0,0.0,0.0,0.0,0.0,revision,anchor vintage newer than WEO cut-off
ITA,2025-04,2004,False,629663.0,629663.0,0.0,680101.0,680101.0,0.0,-50438.0,-50438.0,0.0,67970.0,64462.0,3508.0,1457356.2,1457357.0,-0.8000000000465661,0.0,0.0,0.0,-0.0001,revision,anchor vintage newer than WEO cut-off
ITA,2025-04,2005,False,643925.0,643925.0,0.0,705365.0,705365.0,0.0,-61440.0,-61440.0,0.0,67956.0,64401.0,3555.0,1499073.1,1499073.0,0.10000000009313226,0.0,0.0,0.0,0.0,revision,anchor vintage newer than WEO cut-off
ITA,2025-04,2006,False,685630.0,685630.0,0.0,741870.0,741870.0,0.0,-56240.0,-56240.0,0.0,68296.0,65535.0,2761.0,1559864.2,1559864.0,0.19999999995343387,0.0,0.0,0.0,0.0,revision,anchor vintage newer than WEO cut-off
ITA,2025-04,2007,False,734222.0,734222.0,0.0,755725.0,755725.0,0.0,-21503.0,-21503.0,0.0,74713.0,72893.0,1820.0,1621714.5,1621714.0,0.5,0.0,0.0,0.0,0.0,revision,anchor vintage newer than WEO cut-off
ITA,2025-04,2008,False,742417.0,742417.0,0.0,784890.0,784890.0,0.0,-42473.0,-42473.0,0.0,78124.0,76588.0,1536.0,1643718.8,1643718.0,0.8000000000465661,0.0,0.0,0.0,0.0,revision,anchor vintage newer than WEO cut-off
ITA,2025-04,2009,False,728627.0,728627.0,0.0,808728.0,808728.0,0.0,-80101.0,-80101.0,0.0,69314.0,66268.0,3046.0,1584106.8,1584107.0,-0.19999999995343387,0.0,0.0,0.0,-0.0,revision,anchor vintage newer than WEO cut-off
ITA,2025-04,2010,False,738388.0,738388.0,0.0,805717.0,805717.0,0.0,-67329.0,-67329.0,0.0,69427.0,66193.0,3234.0,1615671.1,1617944.0,-2272.899999999907,0.0,0.0,0.0,-0.1407,revision,anchor vintage newer than WEO cut-off
ITA,2025-04,2011,False,754137.0,754137.0,0.0,812549.0,812549.0,0.0,-58412.0,-58412.0,0.0,75593.0,73166.0,2427.0,1655357.1,1657362.0,-2004.8999999999069,0.0,0.0,0.0,-0.1211,revision,anchor vintage newer than WEO cut-off
ITA,2025-04,2012,False,775551.0,775551.0,0.0,824301.0,824301.0,0.0,-48750.0,-48750.0,0.0,83635.0,80848.0,2787.0,1630709.8,1632899.0,-2189.1999999999534,0.0,0.0,0.0,-0.1342,revision,anchor vintage newer than WEO cut-off
ITA,2025-04,2013,False,778629.0,778629.0,0.0,825233.0,825233.0,0.0,-46604.0,-46604.0,0.0,77945.0,74905.0,3040.0,1618965.0,1621262.0,-2297.0,0.0,0.0,0.0,-0.1419,revision,anchor vintage newer than WEO cut-off
ITA,2025-04,2014,False,783525.0,783525.0,0.0,829632.0,829632.0,0.0,-46107.0,-46107.0,0.0,74683.0,71630.0,3053.0,1633104.1,1635870.0,-2765.899999999907,0.0,0.0,0.0,-0.1694,revision,anchor vintage newer than WEO cut-off
ITA,2025-04,2015,False,794792.0,794792.0,0.0,835694.0,835694.0,0.0,-40902.0,-40902.0,0.0,68702.0,65504.0,3198.0,1660512.5,1663278.0,-2765.5,0.0,0.0,0.0,-0.1665,revision,anchor vintage newer than WEO cut-off
ITA,2025-04,2016,False,794041.0,794041.0,0.0,835037.0,835037.0,0.0,-40996.0,-40996.0,0.0,67287.0,63815.0,3472.0,1701884.8,1704856.0,-2971.1999999999534,0.0,0.0,0.0,-0.1746,revision,anchor vintage newer than WEO cut-off
ITA,2025-04,2017,False,807248.0,807248.0,0.0,851015.0,851015.0,0.0,-43767.0,-43767.0,0.0,66340.0,62890.0,3450.0,1741307.4,1744494.0,-3186.600000000093,0.0,0.0,0.0,-0.183,revision,anchor vintage newer than WEO cut-off
ITA,2025-04,2018,False,820050.0,820050.0,0.0,859018.0,859018.0,0.0,-38968.0,-38968.0,0.0,65304.0,61892.0,3412.0,1774453.9,1777744.0,-3290.100000000093,0.0,0.0,0.0,-0.1854,revision,anchor vintage newer than WEO cut-off
ITA,2025-04,2019,False,847437.0,847437.0,0.0,873598.0,873598.0,0.0,-26161.0,-26161.0,0.0,61012.0,57514.0,3498.0,1800281.8,1804068.0,-3786.1999999999534,0.0,0.0,0.0,-0.2103,revision,anchor vintage newer than WEO cut-off
ITA,2025-04,2020,False,791669.0,791669.0,0.0,948296.0,948296.0,0.0,-156627.0,-156627.0,0.0,58150.0,54732.0,3418.0,1665979.4,1670013.0,-4033.600000000093,0.0,0.0,0.0,-0.2421,revision,anchor vintage newer than WEO cut-off
ITA,2025-04,2021,False,868994.0,868924.0,70.0,1032529.0,1032527.0,2.0,-163535.0,-163603.0,68.0,64175.0,60496.0,3679.0,1838674.8,1842507.0,-3832.1999999999534,0.0068,0.0002,0.0066,-0.2084,revision,anchor vintage newer than WEO cut-off
ITA,2025-04,2022,False,935758.0,935539.0,219.0,1097627.0,1097569.0,58.0,-161869.0,-162030.0,161.0,82302.0,78578.0,3724.0,1998269.1,1998072.0,197.10000000009313,0.02,0.0053,0.0147,0.0099,revision,anchor vintage newer than WEO cut-off
ITA,2025-04,2023,False,996217.0,995682.0,535.0,1149084.0,1149966.0,-882.0,-152867.0,-154284.0,1417.0,75167.0,74614.0,553.0,2141760.8,2131391.0,10369.799999999814,0.0466,-0.0768,0.1233,0.4842,revision,anchor vintage newer than WEO cut-off
ITA,2025-04,2024,True,1036025.0,1032867.0,3158.0,1109804.0,1108414.0,1390.0,-73779.0,-75547.0,1768.0,81845.0,81980.0,-135.0,2210594.7,2192181.0,18413.700000000186,0.2846,0.1252,0.1593,0.833,revision,anchor vintage newer than WEO cut-off
ESP,2025-04,1995,False,171795.0,171852.0,-57.0,203062.0,203119.0,-57.0,-31267.0,-31267.0,0.0,21049.0,20299.0,750.0,460259.0,460259.0,0.0,-0.0281,-0.0281,0.0,0.0,perimeter,perimeter gap expected (§14); country mean 0.03% of TE
ESP,2025-04,1996,False,180897.0,180938.0,-41.0,209578.0,209619.0,-41.0,-28681.0,-28681.0,0.0,22858.0,22069.0,789.0,488946.0,488946.0,0.0,-0.0196,-0.0196,0.0,0.0,perimeter,perimeter gap expected (§14); country mean 0.03% of TE
ESP,2025-04,1997,False,195271.0,195317.0,-46.0,215299.0,215345.0,-46.0,-20028.0,-20028.0,0.0,21721.0,21150.0,571.0,518971.0,518971.0,0.0,-0.0214,-0.0214,0.0,0.0,perimeter,perimeter gap expected (§14); country mean 0.03% of TE
ESP,2025-04,1998,False,213003.0,213065.0,-62.0,227597.0,227659.0,-62.0,-14594.0,-14594.0,0.0,20670.0,20204.0,466.0,555559.0,555559.0,0.0,-0.0272,-0.0272,0.0,0.0,perimeter,perimeter gap expected (§14); country mean 0.03% of TE
ESP,2025-04,1999,False,230397.0,230469.0,-72.0,237779.0,237851.0,-72.0,-7382.0,-7382.0,0.0,18840.0,18423.0,417.0,595242.0,595242.0,0.0,-0.0303,-0.0303,0.0,0.0,perimeter,perimeter gap expected (§14); country mean 0.03% of TE
ESP,2025-04,2000,False,245747.0,245833.0,-86.0,253267.0,253353.0,-86.0,-7520.0,-7520.0,0.0,18540.0,18182.0,358.0,647569.0,647569.0,0.0,-0.034,-0.034,0.0,0.0,perimeter,perimeter gap expected (§14); country mean 0.03% of TE
ESP,2025-04,2001,False,266006.0,266085.0,-79.0,269195.0,269274.0,-79.0,-3189.0,-3189.0,0.0,18142.0,17451.0,691.0,700958.0,700958.0,0.0,-0.0293,-0.0293,0.0,0.0,perimeter,perimeter gap expected (§14); country mean 0.03% of TE
ESP,2025-04,2002,False,287171.0,287233.0,-62.0,289527.0,289607.0,-80.0,-2356.0,-2374.0,18.0,17783.0,16964.0,819.0,749744.0,749744.0,0.0,-0.0214,-0.0276,0.0062,0.0,perimeter,perimeter gap expected (§14); country mean 0.03% of TE
ESP,2025-04,2003,False,304787.0,304862.0,-75.0,307796.0,307871.0,-75.0,-3009.0,-3009.0,0.0,16947.0,16154.0,793.0,802683.0,802683.0,0.0,-0.0244,-0.0244,0.0,0.0,perimeter,perimeter gap expected (§14); country mean 0.03% of TE
ESP,2025-04,2004,False,332725.0,332795.0,-70.0,333666.0,333613.0,53.0,-941.0,-818.0,-123.0,15808.0,15060.0,748.0,860059.0,860059.0,0.0,-0.021,0.0159,-0.0369,0.0,perimeter,perimeter gap expected (§14); country mean 0.03% of TE
ESP,2025-04,2005,False,368206.0,368278.0,-72.0,356785.0,356857.0,-72.0,11421.0,11421.0,0.0,14528.0,13783.0,745.0,928122.0,928122.0,0.0,-0.0202,-0.0202,0.0,0.0,perimeter,perimeter gap expected (§14); country mean 0.03% of TE
ESP,2025-04,2006,False,407079.0,407149.0,-70.0,385757.0,385827.0,-70.0,21322.0,21322.0,0.0,13403.0,12597.0,806.0,1004976.0,1004976.0,0.0,-0.0181,-0.0181,0.0,0.0,perimeter,perimeter gap expected (§14); country mean 0.03% of TE
ESP,2025-04,2007,False,442451.0,442491.0,-40.0,422164.0,422204.0,-40.0,20287.0,20287.0,0.0,12750.0,11540.0,1210.0,1077541.0,1077541.0,0.0,-0.0095,-0.0095,0.0,0.0,perimeter,perimeter gap expected (§14); country mean 0.03% of TE
ESP,2025-04,2008,False,409082.0,409092.0,-10.0,459813.0,459823.0,-10.0,-50731.0,-50731.0,0.0,12863.0,11511.0,1352.0,1112432.0,1112432.0,0.0,-0.0022,-0.0022,0.0,0.0,perimeter,perimeter gap expected (§14); country mean 0.03% of TE
ESP,2025-04,2009,False,373777.0,373779.0,-2.0,494353.0,494355.0,-2.0,-120576.0,-120576.0,0.0,15658.0,14100.0,1558.0,1072990.0,1072990.0,0.0,-0.0004,-0.0004,0.0,0.0,perimeter,perimeter gap expected (§14); country mean 0.03% of TE
ESP,2025-04,2010,False,391624.0,391622.0,2.0,493817.0,493815.0,2.0,-102193.0,-102193.0,0.0,17685.0,16374.0,1311.0,1077145.0,1077145.0,0.0,0.0004,0.0004,0.0,0.0,perimeter,perimeter gap expected (§14); country mean 0.03% of TE
ESP,2025-04,2011,False,387333.0,387370.0,-37.0,490908.0,490976.0,-68.0,-103575.0,-103606.0,31.0,22623.0,20915.0,1708.0,1068690.0,1068690.0,0.0,-0.0075,-0.0139,0.0063,0.0,perimeter,perimeter gap expected (§14); country mean 0.03% of TE
ESP,2025-04,2012,False,390842.0,390992.0,-150.0,509936.0,510092.0,-156.0,-119094.0,-119100.0,6.0,29177.0,26252.0,2925.0,1035964.0,1035964.0,0.0,-0.0294,-0.0306,0.0012,0.0,perimeter,perimeter gap expected (§14); country mean 0.03% of TE
ESP,2025-04,2013,False,396593.0,396627.0,-34.0,473398.0,473465.0,-67.0,-76805.0,-76838.0,33.0,32954.0,30425.0,2529.0,1025652.0,1025652.0,0.0,-0.0072,-0.0142,0.007,0.0,perimeter,perimeter gap expected (§14); country mean 0.03% of TE
ESP,2025-04,2014,False,405125.0,405016.0,109.0,467841.0,468113.0,-272.0,-62716.0,-63097.0,381.0,33646.0,30998.0,2648.0,1038949.0,1038949.0,0.0,0.0233,-0.0581,0.0814,0.0,perimeter,perimeter gap expected (§14); country mean 0.03% of TE
ESP,2025-04,2015,False,417645.0,417646.0,-1.0,474893.0,474881.0,12.0,-57248.0,-57235.0,-13.0,30936.0,28152.0,2784.0,1087112.0,1087112.0,0.0,-0.0002,0.0025,-0.0027,0.0,perimeter,perimeter gap expected (§14); country mean 0.03% of TE
ESP,2025-04,2016,False,425316.0,425315.0,1.0,472717.0,473208.0,-491.0,-47401.0,-47893.0,492.0,28873.0,26730.0,2143.0,1122967.0,1122967.0,0.0,0.0002,-0.1039,0.1041,0.0,perimeter,perimeter gap expected (§14); country mean 0.03% of TE
ESP,2025-04,2017,False,444005.0,444037.0,-32.0,479908.0,480265.0,-357.0,-35903.0,-36228.0,325.0,27833.0,26099.0,1734.0,1170024.0,1170024.0,0.0,-0.0067,-0.0744,0.0677,0.0,perimeter,perimeter gap expected (§14); country mean 0.03% of TE
ESP,2025-04,2018,False,472250.0,472140.0,110.0,503193.0,503364.0,-171.0,-30943.0,-31224.0,281.0,27967.0,26381.0,1586.0,1212276.0,1212276.0,0.0,0.0219,-0.034,0.0558,0.0,perimeter,perimeter gap expected (§14); country mean 0.03% of TE
ESP,2025-04,2019,False,488347.0,488536.0,-189.0,526769.0,526652.0,117.0,-38422.0,-38116.0,-306.0,26458.0,25566.0,892.0,1253710.0,1253710.0,0.0,-0.0359,0.0222,-0.0581,0.0,perimeter,perimeter gap expected (§14); country mean 0.03% of TE
ESP,2025-04,2020,False,468267.0,467572.0,695.0,580164.0,580771.0,-607.0,-111897.0,-113199.0,1302.0,23838.0,22874.0,964.0,1129214.0,1129214.0,0.0,0.1198,-0.1046,0.2244,0.0,perimeter,perimeter gap expected (§14); country mean 0.03% of TE
ESP,2025-04,2021,False,528950.0,529208.0,-258.0,611124.0,611470.0,-346.0,-82174.0,-82262.0,88.0,24726.0,23914.0,812.0,1235474.0,1235474.0,0.0,-0.0422,-0.0566,0.0144,0.0,perimeter,perimeter gap expected (§14); country mean 0.03% of TE
ESP,2025-04,2022,False,574012.0,574095.0,-83.0,637117.0,637831.0,-714.0,-63105.0,-63736.0,631.0,29691.0,28850.0,841.0,1375863.0,1373629.0,2234.0,-0.013,-0.1121,0.099,0.1624,perimeter,perimeter gap expected (§14); country mean 0.03% of TE
ESP,2025-04,2023,True,630198.0,628283.0,1915.0,680225.0,680952.0,-727.0,-50027.0,-52669.0,2642.0,28122.0,26740.0,1382.0,1496277.0,1498324.0,-2047.0,0.2815,-0.1069,0.3884,-0.1368,perimeter,perimeter gap expected (§14); country mean 0.03% of TE
BEL,2025-04,1995,False,101322.1,101322.0,0.10000000000582077,110811.6,110812.0,-0.39999999999417923,-9489.6,-9490.0,0.3999999999996362,,17581.0,,210489.1,210490.0,-0.8999999999941792,0.0001,-0.0004,0.0004,-0.0004,revision,anchor vintage newer than WEO cut-off
BEL,2025-04,1996,False,105107.0,105107.0,0.0,113683.9,113684.0,-0.10000000000582077,-8576.9,-8577.0,0.1000000000003638,,17109.0,,214287.1,214288.0,-0.8999999999941792,0.0,-0.0001,0.0001,-0.0004,revision,anchor vintage newer than WEO cut-off
BEL,2025-04,1997,False,110819.1,110819.0,0.10000000000582077,115640.2,115640.0,0.19999999999708962,-4821.0,-4821.0,0.0,,16379.0,,224101.5,224101.0,0.5,0.0001,0.0002,0.0,0.0002,revision,anchor vintage newer than WEO cut-off
BEL,2025-04,1998,False,116159.4,116159.0,0.39999999999417923,118543.5,118544.0,-0.5,-2384.1,-2385.0,0.900000000000091,,16270.0,,232623.8,232624.0,-0.20000000001164153,0.0003,-0.0004,0.0008,-0.0001,revision,anchor vintage newer than WEO cut-off
BEL,2025-04,1999,False,120786.4,120786.0,0.39999999999417923,122357.4,122357.0,0.39999999999417923,-1571.0,-1571.0,0.0,,15701.0,,242307.6,242308.0,-0.39999999999417923,0.0003,0.0003,0.0,-0.0002,revision,anchor vintage newer than WEO cut-off
BEL,2025-04,2000,False,126442.3,126442.0,0.3000000000029104,126645.6,126646.0,-0.39999999999417923,-203.3,-204.0,0.6999999999999886,,16044.0,,256376.4,256376.0,0.39999999999417923,0.0002,-0.0003,0.0006,0.0002,revision,anchor vintage newer than WEO cut-off
BEL,2025-04,2001,False,131142.4,131142.0,0.39999999999417923,130526.9,130527.0,-0.10000000000582077,615.5,615.0,0.5,16085.5,15877.0,208.5,264334.9,264335.0,-0.09999999997671694,0.0003,-0.0001,0.0004,-0.0,revision,anchor vintage newer than WEO cut-off
BEL,2025-04,2002,False,136245.0,136245.0,0.0,136364.4,136364.0,0.39999999999417923,-119.4,-119.0,-0.4000000000000057,15059.199999999999,14658.0,401.1999999999989,273255.9,273255.0,0.9000000000232831,0.0,0.0003,-0.0003,0.0003,revision,anchor vintage newer than WEO cut-off
BEL,2025-04,2003,False,138303.3,138303.0,0.29999999998835847,143545.3,143545.0,0.29999999998835847,-5242.0,-5242.0,0.0,14134.699999999999,13921.0,213.6999999999989,281200.2,281201.0,-0.7999999999883585,0.0002,0.0002,0.0,-0.0003,revision,anchor vintage newer than WEO cut-off
BEL,2025-04,2004,False,145679.7,145680.0,-0.29999999998835847,146388.2,146388.0,0.20000000001164153,-708.5,-708.0,-0.5,13466.400000000001,13279.0,187.40000000000146,296819.7,296820.0,-0.29999999998835847,-0.0002,0.0001,-0.0003,-0.0001,revision,anchor vintage newer than WEO cut-off
BEL,2025-04,2005,False,152374.1,152374.0,0.10000000000582077,160791.6,160792.0,-0.39999999999417923,-8417.5,-8418.0,0.5,12917.6,12525.0,392.60000000000036,310037.6,310037.0,0.5999999999767169,0.0001,-0.0002,0.0003,0.0002,revision,anchor vintage newer than WEO cut-off
BEL,2025-04,2006,False,159418.4,159418.0,0.39999999999417923,158639.4,158639.0,0.39999999999417923,779.0,779.0,0.0,12758.5,12213.0,545.5,325151.5,325151.0,0.5,0.0003,0.0003,0.0,0.0002,revision,anchor vintage newer than WEO cut-off
BEL,2025-04,2007,False,167099.7,167100.0,-0.29999999998835847,166871.4,166871.0,0.39999999999417923,228.3,229.0,-0.6999999999999886,12748.900000000001,12368.0,380.90000000000146,343618.9,343619.0,-0.09999999997671694,-0.0002,0.0002,-0.0004,-0.0,revision,anchor vintage newer than WEO cut-off
BEL,2025-04,2008,False,174745.9,174746.0,-0.10000000000582077,178598.7,178599.0,-0.29999999998835847,-3852.8,-3853.0,0.1999999999998181,12620.6,12404.0,216.60000000000036,351743.1,351743.0,0.09999999997671694,-0.0001,-0.0002,0.0001,0.0,revision,anchor vintage newer than WEO cut-off
BEL,2025-04,2009,False,170677.7,170678.0,-0.29999999998835847,189621.2,189621.0,0.20000000001164153,-18943.5,-18943.0,-0.5,12643.9,12194.0,449.89999999999964,347734.9,347735.0,-0.09999999997671694,-0.0002,0.0001,-0.0003,-0.0,revision,anchor vintage newer than WEO cut-off
BEL,2025-04,2010,False,180783.3,180783.0,0.29999999998835847,195796.5,195797.0,-0.5,-15013.3,-15014.0,0.7000000000007276,12458.400000000001,11902.0,556.4000000000015,363242.4,363242.0,0.40000000002328306,0.0002,-0.0003,0.0004,0.0001,revision,anchor vintage newer than WEO cut-off
BEL,2025-04,2011,False,191591.2,191591.0,0.20000000001164153,208413.2,208413.0,0.20000000001164153,-16822.0,-16822.0,0.0,12798.6,12106.0,692.6000000000004,378745.4,378747.0,-1.599999999976717,0.0001,0.0001,0.0,-0.0004,revision,anchor vintage newer than WEO cut-off
BEL,2025-04,2012,False,201324.9,201325.0,-0.10000000000582077,218194.4,218194.0,0.39999999999417923,-16869.4,-16869.0,-0.4000000000014552,13368.300000000001,12539.0,829.3000000000011,387934.9,387936.0,-1.099999999976717,-0.0,0.0002,-0.0002,-0.0003,revision,anchor vintage newer than WEO cut-off
BEL,2025-04,2013,False,208114.7,208115.0,-0.29999999998835847,220598.6,220599.0,-0.39999999999417923,-12483.8,-12484.0,0.2000000000007276,12693.3,11899.0,794.2999999999993,394616.3,394617.0,-0.7000000000116415,-0.0001,-0.0002,0.0001,-0.0002,revision,anchor vintage newer than WEO cut-off
BEL,2025-04,2014,False,211555.8,211556.0,-0.20000000001164153,224414.0,224414.0,0.0,-12858.1,-12858.0,-0.1000000000003638,12712.0,11991.0,721.0,404958.3,404959.0,-0.7000000000116415,-0.0001,0.0,-0.0,-0.0002,revision,anchor vintage newer than WEO cut-off
BEL,2025-04,2015,False,213609.7,213610.0,-0.29999999998835847,223895.8,223896.0,-0.20000000001164153,-10286.1,-10286.0,-0.1000000000003638,11867.199999999999,11103.0,764.1999999999989,415538.0,415538.0,0.0,-0.0001,-0.0001,-0.0,0.0,revision,anchor vintage newer than WEO cut-off
BEL,2025-04,2016,False,218293.2,218293.0,0.20000000001164153,228708.7,228709.0,-0.29999999998835847,-10415.3,-10416.0,0.7000000000007276,11388.8,10571.0,817.7999999999993,428467.1,428467.0,0.09999999997671694,0.0001,-0.0001,0.0003,0.0,revision,anchor vintage newer than WEO cut-off
BEL,2025-04,2017,False,228314.7,228315.0,-0.29999999998835847,231699.4,231699.0,0.39999999999417923,-3384.7,-3384.0,-0.6999999999998181,10290.0,9392.0,898.0,443407.2,443408.0,-0.7999999999883585,-0.0001,0.0002,-0.0003,-0.0002,revision,anchor vintage newer than WEO cut-off
BEL,2025-04,2018,False,236191.2,236191.0,0.20000000001164153,241008.2,241008.0,0.20000000001164153,-4817.0,-4817.0,0.0,9577.6,8681.0,896.6000000000004,459491.8,459492.0,-0.20000000001164153,0.0001,0.0001,0.0,-0.0,revision,anchor vintage newer than WEO cut-off
BEL,2025-04,2019,False,238300.2,238300.0,0.20000000001164153,248119.3,248119.0,0.29999999998835847,-9819.1,-9819.0,-0.1000000000003638,9264.3,8405.0,859.2999999999993,479444.9,479446.0,-1.099999999976717,0.0001,0.0001,-0.0,-0.0002,revision,anchor vintage newer than WEO cut-off
BEL,2025-04,2020,False,229177.7,229178.0,-0.29999999998835847,271076.2,271076.0,0.20000000001164153,-41898.5,-41898.0,-0.5,8843.4,7929.0,914.3999999999996,463750.9,463750.0,0.9000000000232831,-0.0001,0.0001,-0.0002,0.0002,revision,anchor vintage newer than WEO cut-off
BEL,2025-04,2021,False,250681.2,250657.0,24.20000000001164,278017.6,277962.0,55.59999999997672,-27336.5,-27305.0,-31.5,8210.1,7331.0,879.1000000000004,506047.2,506023.0,24.20000000001164,0.0087,0.02,-0.0113,0.0048,revision,anchor vintage newer than WEO cut-off
BEL,2025-04,2022,False,274862.7,274040.0,822.7000000000116,294745.9,294400.0,345.9000000000233,-19883.0,-20360.0,477.0,7977.799999999999,7325.0,652.7999999999993,561678.2,563544.0,-1865.8000000000466,0.2791,0.1174,0.1618,-0.3322,revision,anchor vintage newer than WEO cut-off
BEL,2025-04,2023,True,293330.9,292624.0,706.9000000000233,318050.9,317595.0,455.9000000000233,-24720.1,-24971.0,250.90000000000146,9419.3,8939.0,480.2999999999993,601866.5,596320.0,5546.5,0.2223,0.1433,0.0789,0.9215,revision,anchor vintage newer than WEO cut-off
USA,2025-04,2001,False,3572558.054,3413430.0,159128.054,3768842.739,3471021.0,297821.73900000006,-196284.685,-57591.0,-138693.685,348310.265,244704.0,103606.26500000001,10581929.0,10581925.0,4.0,4.2222,7.9022,-3.68,0.0,unexplained,perimeter gap expected (§14); country mean -2.49% of TE
USA,2025-04,2002,False,3435253.773,3265289.0,169964.77300000004,4015593.389,3682918.0,332675.38899999997,-580339.616,-417629.0,-162710.61600000004,353259.88899999997,229967.0,123292.88899999997,10929108.0,10929100.0,8.0,4.2326,8.2846,-4.052,0.0001,unexplained,perimeter gap expected (§14); country mean -2.49% of TE
USA,2025-04,2003,False,3532824.016,3352897.0,179927.01599999983,4268405.593,3899438.0,368967.59300000034,-735581.577,-546541.0,-189040.57700000005,384438.407,224422.0,160016.407,11456450.0,11456450.0,0.0,4.2153,8.6442,-4.4288,0.0,unexplained,perimeter gap expected (§14); country mean -2.49% of TE
USA,2025-04,2004,False,3796621.239,3601074.0,195547.23900000006,4503250.177,4119540.0,383710.17700000014,-706628.938,-518466.0,-188162.93799999997,388394.741,231281.0,157113.74099999998,12217196.0,12217175.0,21.0,4.3424,8.5207,-4.1784,0.0002,unexplained,perimeter gap expected (§14); country mean -2.49% of TE
USA,2025-04,2005,False,4235671.686,4022974.0,212697.68599999975,4817585.229,4423929.0,393656.2290000003,-581913.543,-400955.0,-180958.54299999995,418489.586,259616.0,158873.586,13039197.0,13039200.0,-3.0,4.415,8.1712,-3.7562,-0.0,unexplained,perimeter gap expected (§14); country mean -2.49% of TE
USA,2025-04,2006,False,4602790.633,4373418.0,229372.63300000038,5065366.17,4654711.0,410655.1699999999,-462575.536,-281293.0,-181282.53600000002,437910.171,271087.0,166823.17099999997,13815583.0,13815600.0,-17.0,4.5283,8.1071,-3.5789,-0.0001,unexplained,perimeter gap expected (§14); country mean -2.49% of TE
USA,2025-04,2007,False,4830215.236,4580913.0,249302.23599999957,5408532.177,5002549.0,405983.17700000014,-578316.94,-421636.0,-156680.93999999994,463101.641,299099.0,164002.641,14474228.0,14474250.0,-22.0,4.6094,7.5063,-2.8969,-0.0002,perimeter,perimeter gap expected (§14); country mean -2.49% of TE
USA,2025-04,2008,False,4773133.99,4509472.0,263661.9900000002,5860288.656,5486125.0,374163.6560000004,-1087154.666,-976653.0,-110501.66599999997,470151.502,298842.0,171309.50199999998,14769862.0,14769850.0,12.0,4.4991,6.3847,-1.8856,0.0001,perimeter,perimeter gap expected (§14); country mean -2.49% of TE
USA,2025-04,2009,False,4354776.492,4085971.0,268805.4919999996,6253856.833,5993718.0,260138.83299999963,-1899080.341,-1907747.0,8666.658999999985,511783.598,273466.0,238317.598,14478067.0,14478050.0,17.0,4.2982,4.1597,0.1386,0.0001,unexplained,perimeter gap expected (§14); country mean -2.49% of TE
USA,2025-04,2010,False,4606574.082,4329605.0,276969.0820000004,6472653.579,5983868.0,488785.5789999999,-1866079.497,-1654263.0,-211816.49699999997,540620.918,304973.0,235647.91799999995,15048971.0,15048975.0,-4.0,4.2791,7.5515,-3.2725,-0.0,perimeter,perimeter gap expected (§14); country mean -2.49% of TE
USA,2025-04,2011,False,4822437.856,4536464.0,285973.8559999997,6535058.593,6052056.0,483002.59300000034,-1712620.737,-1515592.0,-197028.73699999996,588388.604,358204.0,230184.60400000005,15599732.0,15599725.0,7.0,4.376,7.3909,-3.0149,0.0,perimeter,perimeter gap expected (§14); country mean -2.49% of TE
USA,2025-04,2012,False,5018346.565,4731356.0,286990.5650000004,6515363.741,6050164.0,465199.7410000004,-1497017.176,-1318808.0,-178209.17599999998,607859.679,359031.0,248828.679,16253970.0,16253950.0,20.0,4.4048,7.14,-2.7352,0.0001,perimeter,perimeter gap expected (§14); country mean -2.49% of TE
USA,2025-04,2013,False,5565372.32,5270418.0,294954.3200000003,6548911.724,6040297.0,508614.7240000004,-983539.404,-769879.0,-213660.40399999998,588068.581,333711.0,254357.581,16880683.0,16880675.0,8.0,4.5039,7.7664,-3.2625,0.0,perimeter,perimeter gap expected (§14); country mean -2.49% of TE
USA,2025-04,2014,False,5809932.5,5510979.0,298953.5,6721068.225,6219883.0,501185.2249999996,-911135.725,-708904.0,-202231.72499999998,599176.5499999999,346896.0,252280.54999999993,17608138.0,17608125.0,13.0,4.448,7.4569,-3.0089,0.0001,perimeter,perimeter gap expected (§14); country mean -2.49% of TE
USA,2025-04,2015,False,6068701.015,5763188.0,305513.01499999966,6910981.379,6408912.0,502069.3789999997,-842280.364,-645724.0,-196556.36399999994,592049.618,336086.0,255963.61800000002,18295019.0,18295000.0,19.0,4.4207,7.2648,-2.8441,0.0001,perimeter,perimeter gap expected (§14); country mean -2.49% of TE
USA,2025-04,2016,False,6142532.039,5825138.0,317394.0389999999,7156461.234,6644348.0,512113.2340000002,-1013929.196,-819210.0,-194719.196,626999.517,372760.0,254239.517,18804913.0,18804900.0,13.0,4.4351,7.156,-2.7209,0.0001,perimeter,perimeter gap expected (§14); country mean -2.49% of TE
USA,2025-04,2017,False,6538636.446,5962055.0,576581.4460000005,7407363.809,6902297.0,505066.80900000036,-868727.362,-940242.0,71514.63800000004,654310.435,394863.0,259447.43500000006,19612102.0,19612100.0,2.0,7.7839,6.8184,0.9655,0.0,unexplained,perimeter gap expected (§14); country mean -2.49% of TE
USA,2025-04,2018,False,6529088.811,6199948.0,329140.81099999975,7792497.79,7301946.0,490551.79000000004,-1263408.979,-1101998.0,-161410.97900000005,703168.234,461421.0,241747.23400000005,20656516.0,20656525.0,-9.0,4.2238,6.2952,-2.0714,-0.0,perimeter,perimeter gap expected (§14); country mean -2.49% of TE
USA,2025-04,2019,False,6795389.475,6464911.0,330478.4749999996,8237124.663,7715392.0,521732.6629999997,-1441735.188,-1250481.0,-191254.18800000008,753260.623,490644.0,262616.623,21539982.0,21539975.0,7.0,4.0121,6.3339,-2.3219,0.0,perimeter,perimeter gap expected (§14); country mean -2.49% of TE
USA,2025-04,2020,False,6897513.366,6541063.0,356450.3660000004,10100928.491,9562061.0,538867.4910000004,-3203415.125,-3020998.0,-182417.125,695185.99,437934.0,257251.99,21375281.0,21354125.0,21156.0,3.5289,5.3348,-1.8059,0.099,perimeter,perimeter gap expected (§14); country mean -2.49% of TE
USA,2025-04,2021,False,7920120.488,7537009.0,383111.4879999999,10755588.525,10234435.0,521153.5250000004,-2835468.037,-2697426.0,-138042.037,741270.9569999999,538748.0,202522.95699999994,23725645.0,23681175.0,44470.0,3.562,4.8454,-1.2834,0.1874,unexplained,perimeter gap expected (§14); country mean -2.49% of TE
USA,2025-04,2022,False,9040456.783,8616158.0,424298.7829999998,10009774.585,9578022.0,431752.5850000009,-969317.802,-961864.0,-7453.802000000025,850159.029,725339.0,124820.02899999998,26054614.0,26006900.0,47714.0,4.2388,4.3133,-0.0745,0.1831,unexplained,perimeter gap expected (§14); country mean -2.49% of TE
USA,2025-04,2023,False,8694077.898,8302199.0,391878.89800000004,10905857.712,10287941.0,617916.7119999994,-2211779.815,-1985742.0,-226037.81499999994,1078589.905,893537.0,185052.90500000003,27811517.0,27720725.0,90792.0,3.5933,5.6659,-2.0726,0.3265,perimeter,perimeter gap expected (§14); country mean -2.49% of TE
USA,2025-04,2024,True,9236733.593,8852110.0,384623.59300000034,11592173.245,10971430.0,620743.2449999992,-2355439.653,-2119319.0,-236120.65299999993,1230563.333,1079209.0,151354.3330000001,29298013.0,29184900.0,113113.0,3.318,5.3548,-2.0369,0.3861,perimeter,perimeter gap expected (§14); country mean -2.49% of TE
